Date,Open,High,Low,Close,Adj Close,Volume,SP500_Close
2005-09-27,21.049999237060547,21.399999618530277,19.100000381469727,19.299999237060547,18.19491195678711,961200,1215.6600341796875
2005-09-28,19.299999237060547,20.530000686645508,19.200000762939453,20.5,19.326202392578125,5747900,1216.8900146484375
2005-09-29,20.399999618530277,20.57999992370605,20.100000381469727,20.209999084472656,19.052806854248047,1078200,1227.6800537109375
2005-09-30,20.26000022888184,21.049999237060547,20.18000030517578,21.01000022888184,19.806997299194336,3123300,1228.81005859375
2005-10-03,20.899999618530277,21.75,20.899999618530277,21.5,20.268943786621094,1057900,1226.699951171875
2005-10-04,21.440000534057617,22.5,21.440000534057617,22.15999984741211,20.891149520874023,1768800,1214.469970703125
2005-10-05,22.100000381469727,22.309999465942383,21.75,22.200000762939453,20.92885971069336,904300,1196.3900146484375
2005-10-06,22.600000381469727,23.0,22.399999618530277,22.57999992370605,21.28710174560547,1614200,1191.489990234375
2005-10-07,22.25,22.600000381469727,21.799999237060547,22.149999618530277,20.881723403930664,753400,1195.9000244140625
2005-10-10,22.280000686645508,22.290000915527344,22.100000381469727,22.209999084472656,20.93828582763672,538700,1187.3299560546875
2005-10-11,22.26000022888184,22.299999237060547,21.799999237060547,21.979999542236328,20.72145652770996,764600,1184.8699951171875
2005-10-12,21.899999618530277,22.049999237060547,21.63999938964844,21.76000022888184,20.51405334472656,912900,1177.6800537109375
2005-10-13,21.700000762939453,21.799999237060547,21.399999618530277,21.709999084472656,20.466915130615234,531300,1176.8399658203125
2005-10-14,21.850000381469727,22.399999618530277,21.850000381469727,22.270000457763672,20.994853973388672,887800,1186.5699462890625
2005-10-17,22.149999618530277,22.21999931335449,21.850000381469727,22.07999992370605,20.81572914123535,464000,1190.0999755859375
2005-10-18,22.059999465942383,22.299999237060547,21.350000381469727,21.489999771118164,20.25951385498047,1815500,1178.1400146484375
2005-10-19,21.3700008392334,21.600000381469727,20.850000381469727,21.3799991607666,20.15581321716309,1466000,1195.760009765625
2005-10-20,21.350000381469727,21.479999542236328,20.850000381469727,21.020000457763672,19.81642723083496,640900,1177.800048828125
2005-10-21,21.020000457763672,22.420000076293945,21.01000022888184,21.959999084472656,20.70259666442871,917000,1179.5899658203125
2005-10-24,22.01000022888184,22.36000061035156,21.950000762939453,22.309999465942383,21.032564163208008,508800,1199.3800048828125
2005-10-25,22.25,22.540000915527344,21.700000762939453,22.0,20.740310668945312,437300,1196.5400390625
2005-10-26,22.0,22.450000762939453,21.989999771118164,22.31999969482422,21.0419921875,543200,1191.3800048828125
2005-10-27,22.26000022888184,22.559999465942383,22.200000762939453,22.559999465942383,21.26824760437012,351200,1178.9000244140625
2005-10-28,22.549999237060547,23.899999618530277,22.3700008392334,23.899999618530277,22.53152084350586,1614900,1198.4100341796875
2005-10-31,24.0,25.350000381469727,24.0,24.68000030517578,23.266860961914062,706400,1207.010009765625
2005-11-01,24.700000762939453,25.07999992370605,24.690000534057617,25.020000457763672,23.58739280700684,866800,1202.760009765625
2005-11-02,25.229999542236328,28.100000381469727,25.200000762939453,27.549999237060547,25.972530364990234,2870200,1214.760009765625
2005-11-03,27.600000381469727,28.100000381469727,27.600000381469727,27.8700008392334,26.27420234680176,906100,1219.93994140625
2005-11-04,27.799999237060547,29.0,27.770000457763672,28.799999237060547,27.150957107543945,912600,1220.1400146484375
2005-11-07,29.0,29.43000030517578,28.3799991607666,28.93000030517578,27.273509979248047,486900,1222.81005859375
2005-11-08,29.100000381469727,29.700000762939453,29.0,29.43000030517578,27.7448787689209,1395000,1218.5899658203125
2005-11-09,29.43000030517578,31.299999237060547,29.43000030517578,31.299999237060547,29.50780487060547,1312300,1220.6500244140625
2005-11-10,31.149999618530277,33.959999084472656,31.149999618530277,32.79999923706055,30.921920776367188,1948900,1230.9599609375
2005-11-11,33.04999923706055,33.95000076293945,33.0,33.349998474121094,31.440418243408203,1183900,1234.719970703125
2005-11-14,33.5,34.5,33.45000076293945,33.75,31.81753158569336,1059200,1233.760009765625
2005-11-15,33.75,33.880001068115234,32.84000015258789,33.880001068115234,31.94008445739746,759200,1229.010009765625
2005-11-16,33.5099983215332,33.849998474121094,33.400001525878906,33.599998474121094,31.67611122131348,542600,1231.2099609375
2005-11-17,33.400001525878906,34.54999923706055,33.22999954223633,34.31999969482422,32.354888916015625,1011900,1242.800048828125
2005-11-18,34.349998474121094,34.349998474121094,32.86000061035156,33.04999923706055,31.157604217529297,529800,1248.27001953125
2005-11-21,32.75,32.75,31.26000022888184,31.989999771118164,30.158300399780277,636300,1254.8499755859375
2005-11-22,31.989999771118164,32.7400016784668,31.600000381469727,32.5,30.63909912109375,421900,1261.22998046875
2005-11-23,32.20000076293945,33.68000030517578,32.15999984741211,33.040000915527344,31.148178100585938,671300,1265.6099853515625
2005-11-25,33.0099983215332,33.20000076293945,32.720001220703125,32.849998474121094,30.969053268432617,138500,1268.25
2005-11-28,33.04999923706055,33.849998474121094,33.0,33.40999984741211,31.496997833251957,630400,1257.4599609375
2005-11-29,33.29999923706055,33.5,32.630001068115234,32.900001525878906,31.01620101928711,428600,1257.47998046875
2005-11-30,32.900001525878906,33.79999923706055,32.900001525878906,33.59000015258789,31.666683197021484,690100,1249.47998046875
2005-12-01,34.0,34.939998626708984,34.0,34.279998779296875,32.317176818847656,371800,1264.6700439453125
2005-12-02,34.400001525878906,34.650001525878906,34.25,34.279998779296875,32.317176818847656,428600,1265.0799560546875
2005-12-05,32.08000183105469,32.63999938964844,31.3799991607666,32.349998474121094,30.49768829345703,1124400,1262.0899658203125
2005-12-06,32.040000915527344,33.75,32.040000915527344,33.619998931884766,31.694969177246094,790600,1263.699951171875
2005-12-07,33.400001525878906,34.18000030517578,33.29999923706055,33.95000076293945,32.006080627441406,783900,1257.3699951171875
2005-12-08,33.95000076293945,33.97999954223633,33.529998779296875,33.65999984741211,31.732675552368164,383700,1255.8399658203125
2005-12-09,33.40999984741211,34.06999969482422,33.349998474121094,33.880001068115234,31.94008445739746,409700,1259.3699951171875
2005-12-12,33.79999923706055,33.90999984741211,33.709999084472656,33.7599983215332,31.826953887939453,421500,1260.4300537109375
2005-12-13,33.7599983215332,33.79999923706055,33.04999923706055,33.25,31.346155166625977,226700,1267.4300537109375
2005-12-14,33.400001525878906,33.689998626708984,33.25,33.540000915527344,31.61955451965332,158400,1272.739990234375
2005-12-15,33.63999938964844,33.880001068115234,33.349998474121094,33.630001068115234,31.70438766479492,313900,1270.93994140625
2005-12-16,33.68000030517578,35.5,33.68000030517578,35.150001525878906,33.13737487792969,1646900,1267.3199462890625
2005-12-19,35.18000030517578,35.45000076293945,34.88999938964844,35.25,33.231632232666016,377400,1259.9200439453125
2005-12-20,35.25,35.459999084472656,34.02000045776367,35.31999969482422,33.29762649536133,564500,1259.6199951171875
2005-12-21,35.380001068115234,37.0,35.33000183105469,36.5099983215332,34.419490814208984,701200,1262.7900390625
2005-12-22,36.59999847412109,37.04999923706055,36.34999847412109,36.83000183105469,34.72117233276367,247800,1268.1199951171875
2005-12-23,36.72999954223633,38.0,36.72999954223633,37.72999954223633,35.56963348388672,493000,1268.6600341796875
2005-12-27,37.9900016784668,38.79999923706055,37.20000076293945,37.459999084472656,35.31510162353516,476400,1256.5400390625
2005-12-28,38.0,38.150001525878906,36.34999847412109,37.45000076293945,35.30567169189453,327800,1258.1700439453125
2005-12-29,37.45000076293945,37.95000076293945,37.18999862670898,37.380001068115234,35.23967361450195,189800,1254.4200439453125
2005-12-30,37.54999923706055,37.58000183105469,36.91999816894531,37.13999938964844,35.01341247558594,172800,1248.2900390625
2006-01-03,37.20000076293945,38.27999877929688,36.84999847412109,37.45000076293945,35.30567169189453,1013200,1268.800048828125
2006-01-04,37.70000076293945,40.59999847412109,37.70000076293945,39.20000076293945,36.95546722412109,1928400,1273.4599609375
2006-01-05,39.18000030517578,39.709999084472656,38.90999984741211,39.709999084472656,37.43626403808594,317900,1273.47998046875
2006-01-06,39.709999084472656,39.709999084472656,38.13999938964844,39.0,36.76691818237305,349200,1285.449951171875
2006-01-09,38.79999923706055,38.880001068115234,38.5,38.61000061035156,36.39924240112305,220800,1290.1500244140625
2006-01-10,38.61000061035156,38.709999084472656,37.400001525878906,37.79999923706055,35.63562774658203,191300,1289.68994140625
2006-01-11,37.79999923706055,37.79999923706055,34.650001525878906,34.79999923706055,32.80739974975586,974300,1294.1800537109375
2006-01-12,33.0,35.349998474121094,32.959999084472656,34.9900016784668,32.98652648925781,2008900,1286.06005859375
2006-01-13,35.0,35.41999816894531,33.310001373291016,34.04999923706055,32.100345611572266,734200,1287.6099853515625
2006-01-17,33.54999923706055,33.54999923706055,29.6200008392334,30.0,28.282245635986328,2351200,1282.9300537109375
2006-01-18,29.100000381469727,31.15999984741211,28.8799991607666,31.0,29.224987030029297,1773700,1277.9300537109375
2006-01-19,30.799999237060547,31.239999771118164,29.34000015258789,30.38999938964844,28.6499137878418,857200,1285.0400390625
2006-01-20,30.280000686645508,30.280000686645508,28.600000381469727,29.239999771118164,27.56576156616211,788700,1261.489990234375
2006-01-23,29.489999771118164,30.049999237060547,29.149999618530277,29.420000076293945,27.73545265197754,530800,1263.8199462890625
2006-01-24,29.899999618530277,31.46999931335449,29.75,31.020000457763672,29.243837356567383,648900,1266.8599853515625
2006-01-25,31.149999618530277,31.51000022888184,30.75,31.0,29.224987030029297,836300,1264.6800537109375
2006-01-26,31.049999237060547,31.25,30.0,30.25,28.51792526245117,313700,1273.8299560546875
2006-01-27,30.200000762939453,30.200000762939453,28.299999237060547,28.88999938964844,27.235795974731445,518600,1283.719970703125
2006-01-30,28.729999542236328,29.57999992370605,28.729999542236328,29.0,27.33949851989746,917300,1285.18994140625
2006-01-31,29.170000076293945,30.40999984741211,29.01000022888184,29.34000015258789,27.66003799438477,490600,1280.0799560546875
2006-02-01,29.100000381469727,29.6200008392334,28.350000381469727,29.3799991607666,27.6977481842041,816800,1282.4599609375
2006-02-02,29.3799991607666,30.200000762939453,29.0,30.01000022888184,28.291671752929688,767200,1270.8399658203125
2006-02-03,30.01000022888184,30.01000022888184,29.200000762939453,29.549999237060547,27.858007431030277,397600,1264.030029296875
2006-02-06,29.200000762939453,29.700000762939453,28.65999984741211,29.270000457763672,27.594043731689453,550900,1265.02001953125
2006-02-07,29.350000381469727,29.450000762939453,28.6200008392334,29.0,27.33949851989746,489800,1254.780029296875
2006-02-08,29.100000381469727,30.76000022888184,29.01000022888184,29.989999771118164,28.272817611694336,869700,1265.6500244140625
2006-02-09,29.950000762939453,30.479999542236328,29.549999237060547,30.350000381469727,28.612207412719727,443400,1263.780029296875
2006-02-10,30.5,30.5,29.739999771118164,30.0,28.282245635986328,403700,1266.989990234375
2006-02-13,31.049999237060547,32.099998474121094,30.549999237060547,31.170000076293945,29.38525390625,826000,1262.8599853515625
2006-02-14,31.5,32.900001525878906,31.40999984741211,32.79999923706055,30.921920776367188,668600,1275.530029296875
2006-02-15,32.54999923706055,34.20000076293945,32.349998474121094,33.75,31.81753158569336,807800,1280.0
2006-02-16,33.65999984741211,33.900001525878906,33.20000076293945,33.380001068115234,31.468711853027344,244400,1289.3800048828125
2006-02-17,32.79999923706055,33.38999938964844,32.33000183105469,33.150001525878906,31.25187873840332,316000,1287.239990234375
2006-02-21,32.5,33.650001525878906,31.299999237060547,32.5,30.63909912109375,772700,1283.030029296875
2006-02-22,33.529998779296875,34.29999923706055,33.29999923706055,33.63999938964844,31.713817596435547,637200,1292.6700439453125
2006-02-23,34.20000076293945,35.02000045776367,34.06999969482422,34.650001525878906,32.665992736816406,926300,1287.7900390625
2006-02-24,33.970001220703125,33.97999954223633,33.18000030517578,33.52000045776367,31.60069274902344,654000,1289.4300537109375
2006-02-27,33.900001525878906,34.06999969482422,33.099998474121094,33.349998474121094,31.440418243408203,538500,1294.1199951171875
2006-02-28,33.29999923706055,33.45000076293945,32.599998474121094,33.09000015258789,31.1953067779541,408200,1280.6600341796875
2006-03-01,33.09000015258789,34.060001373291016,32.599998474121094,32.79999923706055,30.921920776367188,1149500,1291.239990234375
2006-03-02,32.79999923706055,33.20000076293945,32.599998474121094,32.900001525878906,31.01620101928711,388600,1289.1400146484375
2006-03-03,32.650001525878906,32.66999816894531,31.31999969482422,31.8700008392334,30.04517364501953,895800,1287.22998046875
2006-03-06,31.899999618530277,32.0,31.3799991607666,31.809999465942383,29.988603591918945,681300,1278.260009765625
2006-03-07,32.099998474121094,32.79999923706055,32.0,32.40999984741211,30.55425071716309,816900,1275.8800048828125
2006-03-08,32.40999984741211,33.88999938964844,32.099998474121094,33.459999084472656,31.544124603271484,691900,1278.469970703125
2006-03-09,33.400001525878906,33.40999984741211,32.599998474121094,32.849998474121094,30.969053268432617,275900,1272.22998046875
2006-03-10,32.95000076293945,33.529998779296875,32.93000030517578,33.2599983215332,31.355579376220703,1123800,1281.4200439453125
2006-03-13,33.25,33.70000076293945,32.779998779296875,33.04999923706055,31.157604217529297,498300,1284.1300048828125
2006-03-14,33.099998474121094,34.54999923706055,33.099998474121094,34.099998474121094,32.14747619628906,538900,1297.47998046875
2006-03-15,34.279998779296875,35.5,34.20000076293945,35.06999969482422,33.06193923950195,1084100,1303.02001953125
2006-03-16,35.20000076293945,35.349998474121094,34.79999923706055,35.16999816894531,33.156211853027344,595300,1305.3299560546875
2006-03-17,35.150001525878906,35.43000030517578,34.849998474121094,35.43000030517578,33.401336669921875,426900,1307.25
2006-03-20,35.45000076293945,37.43000030517578,35.43000030517578,36.95000076293945,34.83429336547852,990300,1305.0799560546875
2006-03-21,37.95000076293945,39.06999969482422,36.630001068115234,36.97999954223633,34.862579345703125,1532000,1297.22998046875
2006-03-22,37.06999969482422,39.9900016784668,37.06999969482422,39.59999847412109,37.33256530761719,2143500,1305.0400390625
2006-03-23,39.61000061035156,39.900001525878906,38.52000045776367,39.11000061035156,36.8706283569336,2010800,1301.6700439453125
2006-03-24,39.20000076293945,39.5,38.560001373291016,38.709999084472656,36.49352264404297,848400,1302.949951171875
2006-03-27,39.09999847412109,39.77000045776367,39.06999969482422,39.16999816894531,36.92717742919922,1208300,1301.6099853515625
2006-03-28,39.18000030517578,39.20000076293945,37.43000030517578,37.56999969482422,35.4188117980957,1310200,1293.22998046875
2006-03-29,37.56999969482422,37.95000076293945,36.709999084472656,37.709999084472656,35.550777435302734,838400,1302.8900146484375
2006-03-30,37.95000076293945,38.220001220703125,37.20000076293945,37.4900016784668,35.343387603759766,647600,1300.25
2006-03-31,37.70000076293945,40.02000045776367,37.59999847412109,40.0,37.70965194702149,2145500,1294.8699951171875
2006-04-03,40.0,40.0,39.2400016784668,39.59999847412109,37.33256530761719,1034600,1297.81005859375
2006-04-04,40.0,40.59999847412109,39.29999923706055,39.47999954223633,37.21944046020508,891800,1305.9300537109375
2006-04-05,39.5,39.72999954223633,38.970001220703125,39.47999954223633,37.21944046020508,467300,1311.56005859375
2006-04-06,39.59999847412109,40.33000183105469,39.09999847412109,40.150001525878906,37.85106658935547,1680000,1309.0400390625
2006-04-07,40.29999923706055,40.75,39.45000076293945,39.650001525878906,37.37969970703125,1383600,1295.5
2006-04-10,39.650001525878906,39.650001525878906,37.34999847412109,37.91999816894531,35.74875259399414,1275800,1296.6199951171875
2006-04-11,37.95000076293945,38.29999923706055,37.0,37.5,35.352806091308594,1184400,1286.5699462890625
2006-04-12,37.5,37.970001220703125,36.7599983215332,37.5,35.352806091308594,1097200,1288.1199951171875
2006-04-13,37.43999862670898,39.130001068115234,37.380001068115234,38.630001068115234,36.41809844970703,1330900,1289.1199951171875
2006-04-17,38.400001525878906,38.59999847412109,36.52999877929688,36.900001525878906,34.78716278076172,2194600,1285.3299560546875
2006-04-18,37.09999847412109,37.59999847412109,36.84000015258789,37.04999923706055,34.928565979003906,1791500,1307.280029296875
2006-04-19,37.29999923706055,39.45000076293945,37.20000076293945,38.43999862670898,36.23898696899414,2086800,1309.9300537109375
2006-04-20,38.650001525878906,39.63999938964844,37.900001525878906,38.0,35.82417678833008,1155400,1311.4599609375
2006-04-21,38.27000045776367,38.27000045776367,36.18999862670898,37.72999954223633,35.56963348388672,1826900,1311.280029296875
2006-04-24,39.25,42.29999923706055,39.040000915527344,41.900001525878906,39.50086975097656,3134300,1308.1099853515625
2006-04-25,42.0,43.900001525878906,41.0,42.72999954223633,40.28334045410156,2257700,1301.739990234375
2006-04-26,42.400001525878906,43.2599983215332,41.56999969482422,42.9900016784668,40.528465270996094,1115700,1305.4100341796875
2006-04-27,42.9900016784668,44.70000076293945,42.560001373291016,44.29999923706055,41.76344680786133,1366700,1309.719970703125
2006-04-28,44.29999923706055,44.380001068115234,42.79999923706055,43.2599983215332,40.78300094604492,1167500,1310.6099853515625
2006-05-01,43.18999862670898,44.0,43.18999862670898,43.68000030517578,41.1789436340332,996100,1305.18994140625
2006-05-02,45.09999847412109,46.900001525878906,45.0,45.400001525878906,42.80046844482422,1990600,1313.2099609375
2006-05-03,46.20000076293945,48.380001068115234,45.77000045776367,47.79999923706055,45.06304168701172,2106000,1308.1199951171875
2006-05-04,48.400001525878906,49.20000076293945,47.75,48.04999923706055,45.29872512817383,2102800,1312.25
2006-05-05,48.04999923706055,48.84000015258789,47.93999862670898,48.59000015258789,45.80780792236328,654300,1325.760009765625
2006-05-08,49.09999847412109,49.79999923706055,46.47999954223633,47.29999923706055,44.5916748046875,1375200,1324.6600341796875
2006-05-09,48.25,52.130001068115234,48.04999923706055,51.630001068115234,48.673736572265625,3223200,1325.1400146484375
2006-05-10,51.72999954223633,52.18000030517578,49.34999847412109,50.09999847412109,47.23134231567383,1688700,1322.8499755859375
2006-05-11,49.25,49.88999938964844,48.0,49.119998931884766,46.30746078491211,1129900,1305.9200439453125
2006-05-12,48.75,49.970001220703125,47.79999923706055,48.02000045776367,45.27044296264648,648500,1291.239990234375
2006-05-15,48.84999847412109,49.95000076293945,48.7400016784668,49.75,46.9013786315918,1214000,1294.5
2006-05-16,49.5,49.59999847412109,47.52999877929688,47.84999847412109,45.11017227172852,755300,1292.0799560546875
2006-05-17,47.5,47.54999923706055,45.790000915527344,46.630001068115234,43.96003341674805,1055800,1270.3199462890625
2006-05-18,46.75,47.540000915527344,46.650001525878906,46.900001525878906,44.214576721191406,848500,1261.81005859375
2006-05-19,47.400001525878906,48.47999954223633,46.84999847412109,47.400001525878906,44.68594741821289,1612000,1267.030029296875
2006-05-22,47.400001525878906,47.5,45.7599983215332,47.0,44.308860778808594,1437800,1262.0699462890625
2006-05-23,47.060001373291016,47.25,45.09000015258789,45.18999862670898,42.60248947143555,1062500,1256.5799560546875
2006-05-24,45.29999923706055,45.36000061035156,42.7599983215332,43.81999969482422,41.31093597412109,1736000,1258.5699462890625
2006-05-25,44.25,44.77999877929688,43.400001525878906,43.900001525878906,41.386356353759766,656800,1272.8800048828125
2006-05-26,44.34999847412109,46.70000076293945,44.34999847412109,46.369998931884766,43.71491241455078,1798300,1280.1600341796875
2006-05-30,46.0,46.119998931884766,43.84999847412109,44.61000061035156,42.05569839477539,1009700,1259.8699951171875
2006-05-31,45.0,47.29999923706055,45.0,46.70000076293945,44.02602005004883,1833800,1270.0899658203125
2006-06-01,45.68000030517578,46.84999847412109,45.54999923706055,46.25,43.6017951965332,2097300,1285.7099609375
2006-06-02,46.2599983215332,46.810001373291016,45.25,45.84999847412109,43.22469711303711,1219200,1288.219970703125
2006-06-05,45.45000076293945,46.59000015258789,44.09999847412109,44.58000183105469,42.02741622924805,1258000,1265.2900390625
2006-06-06,45.02000045776367,46.290000915527344,44.54999923706055,46.27999877929688,43.63006210327149,1433400,1263.8499755859375
2006-06-07,46.5,47.630001068115234,46.040000915527344,46.88999938964844,44.20514297485352,1748100,1256.1500244140625
2006-06-08,47.0,47.29999923706055,45.59999847412109,47.18000030517578,44.4785385131836,2039800,1257.9300537109375
2006-06-09,47.18000030517578,49.09999847412109,47.18000030517578,47.81999969482422,45.0818977355957,832800,1252.300048828125
2006-06-12,47.59999847412109,47.59999847412109,43.5,44.25,41.71630859375,2493500,1237.43994140625
2006-06-13,44.150001525878906,44.52000045776367,41.0,41.54999923706055,39.17090225219727,4141900,1223.68994140625
2006-06-14,41.79999923706055,44.16999816894531,41.290000915527344,42.4900016784668,40.05708694458008,2547400,1230.0400390625
2006-06-15,42.900001525878906,45.959999084472656,42.900001525878906,45.47999954223633,42.87587738037109,1525900,1256.1600341796875
2006-06-16,45.4900016784668,47.70000076293945,45.09999847412109,45.20000076293945,42.61191177368164,1732000,1251.5400390625
2006-06-19,45.54999923706055,46.75,45.54999923706055,46.470001220703125,43.80919647216797,1206900,1240.1300048828125
2006-06-20,46.650001525878906,47.70000076293945,46.59999847412109,47.470001220703125,44.75193405151367,982700,1240.1199951171875
2006-06-21,47.45000076293945,49.20000076293945,47.0,48.93999862670898,46.13776779174805,1705900,1252.199951171875
2006-06-22,48.150001525878906,49.560001373291016,48.0,49.52999877929688,46.6939811706543,1293800,1245.5999755859375
2006-06-23,49.400001525878906,50.869998931884766,49.08000183105469,50.66999816894531,47.76870727539063,1683200,1244.5
2006-06-26,50.630001068115234,50.630001068115234,49.209999084472656,49.63999938964844,46.79768753051758,762000,1250.56005859375
2006-06-27,49.5,49.5,46.84000015258789,48.040000915527344,45.28929901123047,1111100,1239.199951171875
2006-06-28,48.34999847412109,48.83000183105469,46.7599983215332,47.29999923706055,44.5916748046875,779000,1246.0
2006-06-29,47.79999923706055,48.59999847412109,46.93000030517578,48.11000061035156,45.35529327392578,1349100,1272.8699951171875
2006-06-30,48.400001525878906,50.900001525878906,47.630001068115234,50.540000915527344,47.64615249633789,2847100,1270.199951171875
2006-07-03,50.630001068115234,52.2400016784668,50.34000015258789,52.09999847412109,49.11682891845703,994500,1280.18994140625
2006-07-05,51.900001525878906,54.0,51.5,53.5,50.436668395996094,2451400,1270.9100341796875
2006-07-06,53.5,55.650001525878906,53.209999084472656,55.63999938964844,52.45414352416992,3365900,1274.0799560546875
2006-07-07,55.0,56.09999847412109,54.11000061035156,54.810001373291016,51.671661376953125,1315500,1265.47998046875
2006-07-10,55.0,56.40999984741211,54.79999923706055,55.84999847412109,52.6521110534668,1408600,1267.3399658203125
2006-07-11,54.0,54.0099983215332,51.59999847412109,53.45000076293945,50.389530181884766,3545700,1272.4300537109375
2006-07-12,53.29999923706055,53.29999923706055,51.880001068115234,52.54999923706055,49.54106521606445,957900,1258.5999755859375
2006-07-13,51.0,51.04999923706055,48.220001220703125,48.52000045776367,45.7418212890625,2740000,1242.280029296875
2006-07-14,48.5,48.5,45.41999816894531,47.20000076293945,44.49739074707031,2253700,1236.199951171875
2006-07-17,47.25,48.79999923706055,46.36000061035156,47.56999969482422,44.8462028503418,1525800,1234.489990234375
2006-07-18,47.56999969482422,49.09999847412109,46.7599983215332,48.79999923706055,46.00577545166016,1231100,1236.8599853515625
2006-07-19,49.95000076293945,52.02999877929688,49.709999084472656,51.25,48.31550598144531,1285900,1259.81005859375
2006-07-20,51.20000076293945,51.72999954223633,49.70000076293945,50.20000076293945,47.32561492919922,963600,1249.1300048828125
2006-07-21,50.20000076293945,50.20000076293945,48.16999816894531,48.77000045776367,45.97749710083008,1389600,1240.2900390625
2006-07-24,49.900001525878906,51.16999816894531,49.65999984741211,50.04999923706055,47.184207916259766,1379400,1260.9100341796875
2006-07-25,50.0,51.52999877929688,49.2599983215332,50.93999862670898,48.02324676513672,855400,1268.8800048828125
2006-07-26,50.93999862670898,51.400001525878906,49.7400016784668,51.130001068115234,48.20237350463867,803500,1268.4000244140625
2006-07-27,51.130001068115234,51.4900016784668,47.5,47.9900016784668,45.242164611816406,2957800,1263.199951171875
2006-07-28,48.0,48.619998931884766,47.04999923706055,48.209999084472656,45.44955825805664,1970300,1278.550048828125
2006-07-31,47.79999923706055,47.81999969482422,44.75,45.68999862670898,43.0738525390625,3129300,1276.6600341796875
2006-08-01,45.59999847412109,45.959999084472656,43.38999938964844,43.540000915527344,41.046966552734375,2086000,1270.9200439453125
2006-08-02,43.150001525878906,44.40999984741211,42.7400016784668,43.880001068115234,41.36749649047852,1472000,1277.4100341796875
2006-08-03,43.79999923706055,46.95000076293945,43.630001068115234,46.560001373291016,43.89404296875,1530300,1280.27001953125
2006-08-04,46.75,47.02999877929688,44.060001373291016,44.95000076293945,42.37623596191406,1527600,1279.3599853515625
2006-08-07,43.08000183105469,44.11000061035156,42.88999938964844,43.06999969482422,40.60387802124024,1300700,1275.77001953125
2006-08-08,43.06999969482422,43.18000030517578,41.29999923706055,41.95000076293945,39.54800033569336,1378800,1271.47998046875
2006-08-09,41.900001525878906,41.900001525878906,39.540000915527344,40.77999877929688,38.44499206542969,3096000,1265.949951171875
2006-08-10,39.75,41.38999938964844,39.38999938964844,40.52000045776367,38.19987869262695,3345100,1271.81005859375
2006-08-11,40.20000076293945,40.20000076293945,36.79999923706055,37.18999862670898,35.06056213378906,4283800,1266.739990234375
2006-08-14,38.54999923706055,39.2400016784668,37.75,38.13999938964844,35.95616149902344,2206200,1268.2099609375
2006-08-15,39.70000076293945,40.61000061035156,39.0,40.59999847412109,38.275299072265625,2117300,1285.5799560546875
2006-08-16,40.650001525878906,43.290000915527344,40.619998931884766,43.0,40.53788757324219,2438100,1295.4300537109375
2006-08-17,43.41999816894531,44.27000045776367,42.040000915527344,42.790000915527344,40.33991622924805,1854800,1297.47998046875
2006-08-18,42.7400016784668,42.75,41.400001525878906,42.09999847412109,39.68941116333008,992900,1302.300048828125
2006-08-21,41.75,41.75,39.72999954223633,40.22999954223633,37.92648315429688,1153900,1297.52001953125
2006-08-22,39.810001373291016,41.93000030517578,39.790000915527344,41.5,39.1237678527832,1713900,1298.8199462890625
2006-08-23,41.900001525878906,41.93999862670898,40.34000015258789,40.88999938964844,38.5486946105957,834000,1292.989990234375
2006-08-24,40.95000076293945,41.0099983215332,39.59999847412109,40.220001220703125,37.91705703735352,1106800,1296.06005859375
2006-08-25,40.209999084472656,40.91999816894531,39.47999954223633,39.47999954223633,37.21944046020508,684000,1295.0899658203125
2006-08-28,40.09999847412109,42.150001525878906,40.09999847412109,41.810001373291016,39.416011810302734,870700,1301.780029296875
2006-08-29,42.5,43.209999084472656,41.4900016784668,42.29999923706055,39.87796401977539,1108600,1304.280029296875
2006-08-30,42.45000076293945,43.75,41.68999862670898,43.45000076293945,40.96211624145508,880700,1305.3699951171875
2006-08-31,43.34999847412109,43.38999938964844,42.09999847412109,42.25,39.83082962036133,1176300,1303.8199462890625
2006-09-01,42.400001525878906,42.5,41.5,41.75,39.35945892333984,1163700,1311.010009765625
2006-09-05,42.72999954223633,43.38999938964844,42.27999877929688,42.79999923706055,40.34933090209961,1676900,1313.25
2006-09-06,42.0,42.65999984741211,40.38999938964844,40.560001373291016,38.23759078979492,2719400,1300.260009765625
2006-09-07,40.0099983215332,41.27000045776367,38.79999923706055,40.93999862670898,38.595829010009766,2490700,1294.02001953125
2006-09-08,41.09999847412109,41.34000015258789,39.459999084472656,41.15999984741211,38.80324172973633,2217700,1298.9200439453125
2006-09-11,40.97999954223633,40.97999954223633,40.04999923706055,40.470001220703125,38.15274810791016,1081900,1299.5400390625
2006-09-12,40.470001220703125,44.59999847412109,40.470001220703125,44.59999847412109,42.04627227783203,2786700,1313.0
2006-09-13,45.0,46.63999938964844,44.36000061035156,44.900001525878906,42.3290901184082,2594400,1318.0699462890625
2006-09-14,44.900001525878906,46.77999877929688,44.650001525878906,46.52999877929688,43.86576461791992,1942200,1316.280029296875
2006-09-15,46.77000045776367,47.43999862670898,45.59999847412109,46.22999954223633,43.58294296264648,1712000,1319.6600341796875
2006-09-18,46.22999954223633,46.5,44.77000045776367,44.93999862670898,42.366798400878906,877800,1321.1800537109375
2006-09-19,44.650001525878906,46.880001068115234,44.20000076293945,46.54999923706055,43.88461685180664,1835100,1317.6400146484375
2006-09-20,47.400001525878906,47.47999954223633,46.540000915527344,47.31999969482422,44.61053466796875,1700000,1325.1800537109375
2006-09-21,47.20000076293945,47.29999923706055,45.5,45.97999954223633,43.34725570678711,1407100,1318.030029296875
2006-09-22,46.04999923706055,47.0,45.45000076293945,46.040000915527344,43.4038200378418,865500,1314.780029296875
2006-09-25,46.75,47.77999877929688,46.41999816894531,47.66999816894531,44.94048690795898,1321200,1326.3699951171875
2006-09-26,47.79999923706055,48.290000915527344,46.970001220703125,48.0,45.251590728759766,915900,1336.3499755859375
2006-09-27,47.25,47.47999954223633,44.40999984741211,45.02999877929688,42.45165252685547,2700900,1336.5899658203125
2006-09-28,45.380001068115234,45.380001068115234,43.54999923706055,44.18999862670898,41.65974426269531,2115700,1338.8800048828125
2006-09-29,44.560001373291016,44.93000030517578,44.09000015258789,44.33000183105469,41.79172897338867,1485100,1335.8499755859375
2006-10-02,45.0,46.54999923706055,44.84999847412109,46.11000061035156,43.46981048583984,1710900,1331.3199462890625
2006-10-03,46.59999847412109,48.02999877929688,45.91999816894531,47.65999984741211,44.931060791015625,2274000,1334.1099853515625
2006-10-04,47.65999984741211,48.560001373291016,46.959999084472656,47.459999084472656,44.74250030517578,2173100,1350.199951171875
2006-10-05,47.2599983215332,48.220001220703125,45.83000183105469,48.11000061035156,45.35529327392578,1391600,1353.219970703125
2006-10-06,47.900001525878906,48.709999084472656,47.18999862670898,47.75,45.01590347290039,1195700,1349.5899658203125
2006-10-09,47.02000045776367,47.29999923706055,46.5,47.02999877929688,44.33712768554688,907300,1350.6600341796875
2006-10-10,47.95000076293945,48.34999847412109,47.68999862670898,48.27999877929688,45.51555252075195,1317800,1353.4200439453125
2006-10-11,47.150001525878906,47.63999938964844,45.68999862670898,47.5099983215332,44.78964614868164,2048100,1349.949951171875
2006-10-12,47.709999084472656,48.22999954223633,47.04999923706055,47.560001373291016,44.83678436279297,1457000,1362.8299560546875
2006-10-13,47.400001525878906,47.400001525878906,45.58000183105469,45.91999816894531,43.29069137573242,2120400,1365.6199951171875
2006-10-16,45.75,46.400001525878906,45.0099983215332,45.06999969482422,42.48936080932617,1875800,1369.06005859375
2006-10-17,44.84999847412109,45.25,44.08000183105469,44.810001373291016,42.24424362182617,1495300,1364.050048828125
2006-10-18,45.810001373291016,46.5,43.810001373291016,46.38999938964844,43.73377990722656,2449500,1365.800048828125
2006-10-19,45.880001068115234,47.720001220703125,45.7599983215332,47.70000076293945,44.96876907348633,1914700,1366.9599609375
2006-10-20,47.709999084472656,50.220001220703125,47.70000076293945,49.7400016784668,46.891971588134766,3498500,1368.5999755859375
2006-10-23,49.900001525878906,51.45000076293945,49.68000030517578,50.25,47.37276077270508,2711100,1377.02001953125
2006-10-24,50.04999923706055,50.84999847412109,49.310001373291016,50.59000015258789,47.69329452514648,1410300,1377.3800048828125
2006-10-25,50.29999923706055,50.650001525878906,47.90999984741211,48.5099983215332,45.732383728027344,2598900,1382.219970703125
2006-10-26,49.86000061035156,50.79999923706055,48.72999954223633,49.43000030517578,46.59971618652344,2092200,1389.0799560546875
2006-10-27,48.95000076293945,50.47999954223633,48.86000061035156,49.36000061035156,46.533721923828125,1214000,1377.3399658203125
2006-10-30,49.400001525878906,51.4900016784668,49.400001525878906,51.27999877929688,48.343780517578125,1530500,1377.9300537109375
2006-10-31,51.290000915527344,51.650001525878906,49.150001525878906,49.86000061035156,47.00508499145508,1881000,1377.93994140625
2006-11-01,49.95000076293945,50.119998931884766,48.18000030517578,48.5099983215332,45.732383728027344,993500,1367.81005859375
2006-11-02,48.5099983215332,48.52000045776367,47.0,47.5,44.78022384643555,1344500,1367.3399658203125
2006-11-03,47.97999954223633,48.209999084472656,47.0,47.41999816894531,44.70479583740234,529500,1364.300048828125
2006-11-06,48.09999847412109,50.47999954223633,48.09999847412109,50.06999969482422,47.20306015014648,1280400,1379.780029296875
2006-11-07,50.15999984741211,51.25,49.93000030517578,50.61000061035156,47.71215057373047,934800,1382.8399658203125
2006-11-08,50.220001220703125,50.22999954223633,48.81999969482422,49.52999877929688,46.6939811706543,1098100,1385.719970703125
2006-11-09,49.29999923706055,49.38999938964844,48.709999084472656,48.90999984741211,46.10948944091797,850700,1378.3299560546875
2006-11-10,49.540000915527344,50.20000076293945,49.0,49.29999923706055,46.47715377807617,827700,1380.9000244140625
2006-11-13,49.65999984741211,51.880001068115234,49.459999084472656,51.52999877929688,48.57947540283203,1669100,1384.4200439453125
2006-11-14,51.20000076293945,51.40999984741211,49.34999847412109,50.93000030517578,48.01382064819336,1327300,1393.219970703125
2006-11-15,53.5,59.650001525878906,53.34999847412109,59.5,56.09312057495117,13781800,1396.5699462890625
2006-11-16,59.5099983215332,62.56999969482422,58.09999847412109,60.61000061035156,57.13957214355469,7005800,1399.760009765625
2006-11-17,60.61000061035156,60.61000061035156,58.59999847412109,59.45000076293945,56.04597473144531,4009400,1401.199951171875
2006-11-20,59.650001525878906,60.59000015258789,59.63999938964844,59.84999847412109,56.423072814941406,2628400,1400.5
2006-11-21,59.79999923706055,61.34000015258789,59.0,60.88999938964844,57.40352630615234,3351400,1402.81005859375
2006-11-22,61.400001525878906,63.09999847412109,60.810001373291016,62.95000076293945,59.34557342529297,2583800,1406.0899658203125
2006-11-24,62.04999923706055,63.27000045776367,62.0,62.95000076293945,59.34557342529297,664600,1400.949951171875
2006-11-27,62.70000076293945,62.79999923706055,58.77999877929688,59.15999984741211,55.7725830078125,1693400,1381.9599609375
2006-11-28,58.59999847412109,58.59999847412109,57.0,58.18000030517578,54.84870910644531,2274000,1386.719970703125
2006-11-29,59.400001525878906,60.02000045776367,56.5,56.7599983215332,53.51000213623047,2066200,1399.47998046875
2006-11-30,57.04999923706055,57.84999847412109,56.0,56.7599983215332,53.51000213623047,2564000,1400.6300048828125
2006-12-01,57.5099983215332,58.4900016784668,55.29999923706055,56.09999847412109,52.887786865234375,2118500,1396.7099609375
2006-12-04,56.619998931884766,58.209999084472656,55.95000076293945,58.16999816894531,54.83926773071289,1303300,1409.1199951171875
2006-12-05,58.0,58.34000015258789,56.810001373291016,57.68000030517578,54.3773307800293,1397200,1414.760009765625
2006-12-06,59.040000915527344,60.810001373291016,58.20000076293945,60.310001373291016,56.856746673583984,2495300,1412.9000244140625
2006-12-07,59.34000015258789,60.540000915527344,58.79999923706055,59.0099983215332,55.63117599487305,1140500,1407.2900390625
2006-12-08,59.0099983215332,59.97999954223633,58.06999969482422,59.25,55.85744094848633,1070200,1409.8399658203125
2006-12-11,60.720001220703125,62.70000076293945,60.02999877929688,61.560001373291016,58.0351676940918,2009400,1413.0400390625
2006-12-12,61.04999923706055,61.11000061035156,58.59999847412109,59.459999084472656,56.05541229248047,1940000,1411.56005859375
2006-12-13,61.33000183105469,62.45000076293945,58.630001068115234,59.25,55.85744094848633,3147200,1413.2099609375
2006-12-14,58.68999862670898,59.0,56.459999084472656,57.08000183105469,53.81167602539063,4266000,1425.489990234375
2006-12-15,57.61000061035156,58.400001525878906,56.380001068115234,56.5,53.264892578125,2287800,1427.0899658203125
2006-12-18,56.619998931884766,57.400001525878906,55.25,55.79999923706055,52.604976654052734,2037100,1422.47998046875
2006-12-19,54.560001373291016,58.09000015258789,54.0,57.5,54.207637786865234,2956300,1425.550048828125
2006-12-20,57.09999847412109,57.09999847412109,55.709999084472656,55.79999923706055,52.604976654052734,1452100,1423.530029296875
2006-12-21,55.900001525878906,56.790000915527344,54.59000015258789,55.7599983215332,52.567264556884766,1310800,1418.300048828125
2006-12-22,54.0,55.70000076293945,54.0,55.34000015258789,52.17131042480469,1057700,1410.760009765625
2006-12-26,55.95000076293945,56.18999862670898,54.790000915527344,55.810001373291016,52.6143913269043,1741600,1416.9000244140625
2006-12-27,55.93000030517578,57.29999923706055,55.5,57.040000915527344,53.77397537231445,1046900,1426.8399658203125
2006-12-28,57.040000915527344,57.040000915527344,54.77000045776367,55.7599983215332,52.567264556884766,1951400,1424.72998046875
2006-12-29,55.7599983215332,56.08000183105469,53.84999847412109,53.84999847412109,50.7666244506836,1593800,1418.300048828125
2007-01-03,53.88999938964844,56.91999816894531,53.88999938964844,56.29999923706055,53.07633972167969,2955600,1416.5999755859375
2007-01-04,56.29999923706055,59.150001525878906,53.650001525878906,58.84000015258789,55.47090530395508,2614500,1418.3399658203125
2007-01-05,58.83000183105469,59.150001525878906,57.900001525878906,58.290000915527344,54.95240020751953,1656300,1409.7099609375
2007-01-08,57.29999923706055,60.47999954223633,57.040000915527344,57.93000030517578,54.61301803588867,2163200,1412.8399658203125
2007-01-09,59.43999862670898,60.20000076293945,57.560001373291016,57.900001525878906,54.584739685058594,2098600,1412.1099853515625
2007-01-10,60.02999877929688,60.040000915527344,57.34000015258789,58.93000030517578,55.55575180053711,3892200,1414.8499755859375
2007-01-11,59.18000030517578,61.20000076293945,58.880001068115234,61.20000076293945,57.695777893066406,2561300,1423.8199462890625
2007-01-12,61.20000076293945,62.5,60.59999847412109,60.810001373291016,57.3281135559082,1759800,1430.72998046875
2007-01-16,60.810001373291016,62.09999847412109,60.810001373291016,61.959999084472656,58.41226577758789,1722600,1431.9000244140625
2007-01-17,60.959999084472656,61.88999938964844,58.38999938964844,58.650001525878906,55.29179382324219,2097900,1430.6199951171875
2007-01-18,58.650001525878906,59.650001525878906,57.400001525878906,57.83000183105469,54.518741607666016,3170100,1426.3699951171875
2007-01-19,57.72999954223633,58.33000183105469,56.84999847412109,58.290000915527344,54.95240020751953,2088000,1430.5
2007-01-22,58.29999923706055,58.36000061035156,56.18999862670898,57.02999877929688,53.76455307006836,2374500,1422.949951171875
2007-01-23,55.400001525878906,55.59999847412109,52.880001068115234,53.27000045776367,50.21982955932617,3485200,1427.989990234375
2007-01-24,53.20000076293945,54.18000030517578,52.04999923706055,53.34999847412109,50.29526138305664,3578000,1440.1300048828125
2007-01-25,53.79999923706055,54.09000015258789,52.25,53.86000061035156,50.77605056762695,2751700,1423.9000244140625
2007-01-26,53.150001525878906,53.400001525878906,51.52000045776367,52.130001068115234,49.145118713378906,3327000,1422.1800537109375
2007-01-29,52.22999954223633,55.900001525878906,52.150001525878906,54.43000030517578,51.31342315673828,4226300,1420.6199951171875
2007-01-30,55.310001373291016,55.310001373291016,52.04999923706055,53.09999847412109,50.0595703125,3339000,1428.8199462890625
2007-01-31,53.09999847412109,56.25,51.75,55.97999954223633,52.77467346191406,5100600,1438.239990234375
2007-02-01,56.5,58.040000915527344,55.5,57.9900016784668,54.66957473754883,2600900,1445.93994140625
2007-02-02,57.0,58.7599983215332,56.65999984741211,57.97999954223633,54.6601448059082,2171700,1448.3900146484375
2007-02-05,57.4900016784668,58.66999816894531,57.02000045776367,58.40999984741211,55.065521240234375,1513100,1446.989990234375
2007-02-06,57.63999938964844,58.70000076293945,57.31999969482422,58.310001373291016,54.97125625610352,1443600,1448.0
2007-02-07,58.400001525878906,58.43000030517578,57.709999084472656,58.08000183105469,54.754425048828125,1395600,1450.02001953125
2007-02-08,58.0,59.52000045776367,57.619998931884766,59.310001373291016,55.91399765014648,1984400,1448.31005859375
2007-02-09,59.36000061035156,59.84999847412109,57.130001068115234,58.13999938964844,54.81098937988281,1282600,1438.06005859375
2007-02-12,58.45000076293945,59.45000076293945,58.2400016784668,58.880001068115234,55.50861740112305,1058900,1433.3699951171875
2007-02-13,58.900001525878906,59.81999969482422,58.900001525878906,59.16999816894531,55.78200149536133,1014900,1444.260009765625
2007-02-14,57.59999847412109,58.18000030517578,57.4900016784668,57.790000915527344,54.48103332519531,3163600,1455.300048828125
2007-02-15,57.61000061035156,58.060001373291016,57.34999847412109,57.400001525878906,54.11335754394531,1329700,1456.81005859375
2007-02-16,57.720001220703125,57.880001068115234,56.13999938964844,56.70000076293945,53.45344543457031,1931100,1455.5400390625
2007-02-20,56.959999084472656,57.43000030517578,55.52000045776367,56.380001068115234,53.15175628662109,1783800,1459.6800537109375
2007-02-21,56.369998931884766,56.63999938964844,55.52999877929688,55.72999954223633,52.53897857666016,1102500,1457.6300048828125
2007-02-22,55.709999084472656,55.709999084472656,54.130001068115234,54.619998931884766,51.49253463745117,1586400,1456.3800048828125
2007-02-23,54.619998931884766,55.0,53.68000030517578,54.25,51.14373397827149,1249800,1451.18994140625
2007-02-26,54.380001068115234,54.77000045776367,53.27000045776367,53.34000015258789,50.28583526611328,1212300,1449.3699951171875
2007-02-27,53.02999877929688,53.40999984741211,50.619998931884766,51.790000915527344,48.82457733154297,2462800,1399.0400390625
2007-02-28,51.7599983215332,52.54999923706055,50.59999847412109,52.290000915527344,49.29594421386719,1359700,1406.8199462890625
2007-03-01,51.0,52.56999969482422,50.41999816894531,52.08000183105469,49.09797668457031,2447000,1403.1700439453125
2007-03-02,51.900001525878906,53.09000015258789,50.619998931884766,50.650001525878906,47.74985504150391,1700200,1387.1700439453125
2007-03-05,50.52000045776367,51.41999816894531,49.84000015258789,50.09000015258789,47.22191619873047,1223800,1374.1199951171875
2007-03-06,50.34999847412109,51.09000015258789,50.06999969482422,50.22999954223633,47.35390090942383,1602500,1395.4100341796875
2007-03-07,50.08000183105469,50.380001068115234,49.02000045776367,49.34999847412109,46.5242919921875,2277400,1391.969970703125
2007-03-08,49.880001068115234,50.93000030517578,49.11000061035156,49.310001373291016,46.48658752441406,2440400,1401.8900146484375
2007-03-09,49.75,49.900001525878906,48.68000030517578,48.93000030517578,46.12834167480469,1486300,1402.8399658203125
2007-03-12,49.20000076293945,51.0,49.13999938964844,49.45000076293945,46.618560791015625,1659300,1406.5999755859375
2007-03-13,49.060001373291016,49.18000030517578,46.97999954223633,47.43999862670898,44.7236557006836,1991700,1377.949951171875
2007-03-14,47.75,47.810001373291016,44.0099983215332,45.77999877929688,43.15869903564453,4670600,1387.1700439453125
2007-03-15,45.95000076293945,46.95000076293945,45.84000015258789,46.540000915527344,43.87519073486328,2551700,1392.280029296875
2007-03-16,46.209999084472656,46.97999954223633,45.86000061035156,46.38999938964844,43.73377990722656,1178200,1386.949951171875
2007-03-19,46.29999923706055,48.02000045776367,46.29999923706055,47.86000061035156,45.11960220336914,1838700,1402.06005859375
2007-03-20,47.880001068115234,49.400001525878906,47.84999847412109,48.52999877929688,45.75124740600586,1874500,1410.93994140625
2007-03-21,49.0,49.72999954223633,48.130001068115234,49.40999984741211,46.58085632324219,2076900,1435.0400390625
2007-03-22,50.470001220703125,50.470001220703125,47.75,47.900001525878906,45.15730667114258,1676900,1434.5400390625
2007-03-23,47.900001525878906,48.34000015258789,47.27000045776367,47.58000183105469,44.85563659667969,1186200,1436.1099853515625
2007-03-26,47.0,47.58000183105469,46.38999938964844,46.720001220703125,44.04489135742188,1828900,1437.5
2007-03-27,46.869998931884766,46.869998931884766,45.84999847412109,46.709999084472656,44.035457611083984,1398400,1428.6099853515625
2007-03-28,46.040000915527344,46.59999847412109,45.27999877929688,46.40999984741211,43.752628326416016,1364500,1417.22998046875
2007-03-29,46.650001525878906,46.9900016784668,44.619998931884766,45.52999877929688,42.92301177978516,1884200,1422.530029296875
2007-03-30,46.06999969482422,46.5,44.560001373291016,45.47999954223633,42.87587738037109,1496000,1420.8599853515625
2007-04-02,45.2599983215332,45.47999954223633,43.93000030517578,45.04999923706055,42.47049331665039,2087100,1424.550048828125
2007-04-03,46.31999969482422,48.0099983215332,46.290000915527344,47.869998931884766,45.129032135009766,3093800,1437.77001953125
2007-04-04,48.09999847412109,48.29999923706055,46.2400016784668,46.4900016784668,43.82805633544922,2637300,1439.3699951171875
2007-04-05,46.400001525878906,47.27999877929688,46.02999877929688,47.04999923706055,44.35598373413086,1304100,1443.760009765625
2007-04-09,46.29999923706055,47.970001220703125,45.959999084472656,47.810001373291016,45.07247161865234,2319100,1444.6099853515625
2007-04-10,47.150001525878906,47.290000915527344,45.75,45.84000015258789,43.21526718139648,2227100,1448.3900146484375
2007-04-11,45.75,45.810001373291016,44.75,45.0099983215332,42.43279647827149,2660800,1438.8699951171875
2007-04-12,44.900001525878906,45.02000045776367,43.93000030517578,44.119998931884766,41.59375762939453,2458800,1447.800048828125
2007-04-13,44.119998931884766,45.22999954223633,44.0099983215332,45.22999954223633,42.64019775390625,1447400,1452.8499755859375
2007-04-16,45.47999954223633,46.04999923706055,45.29999923706055,45.34000015258789,42.743896484375,1125900,1468.3299560546875
2007-04-17,45.31999969482422,46.459999084472656,45.0,45.95000076293945,43.318965911865234,1539100,1471.47998046875
2007-04-18,45.70000076293945,47.630001068115234,45.65999984741211,46.97999954223633,44.290000915527344,2366800,1472.5
2007-04-19,46.95000076293945,46.97999954223633,45.150001525878906,45.41999816894531,42.81932067871094,2326900,1470.72998046875
2007-04-20,45.61000061035156,45.90999984741211,44.619998931884766,45.310001373291016,42.71561050415039,3107100,1484.3499755859375
2007-04-23,45.5,45.650001525878906,43.040000915527344,43.209999084472656,40.7358512878418,3400000,1480.9300537109375
2007-04-24,43.400001525878906,43.83000183105469,41.709999084472656,42.77000045776367,40.32106018066406,4030700,1480.4100341796875
2007-04-25,42.45000076293945,43.20000076293945,41.29999923706055,42.650001525878906,40.20792388916016,3084500,1495.4200439453125
2007-04-26,44.09999847412109,44.310001373291016,39.18999862670898,39.33000183105469,37.07802581787109,6626800,1494.25
2007-04-27,38.810001373291016,38.84000015258789,37.11000061035156,37.18000030517578,35.0511360168457,5332000,1494.0699462890625
2007-04-30,38.0,38.27999877929688,36.68000030517578,36.93999862670898,34.82487106323242,3542700,1482.3699951171875
2007-05-01,36.70000076293945,37.40999984741211,35.61000061035156,37.060001373291016,34.937992095947266,4325100,1486.300048828125
2007-05-02,35.869998931884766,37.34999847412109,35.400001525878906,36.18000030517578,34.1083869934082,7141500,1495.9200439453125
2007-05-03,36.45000076293945,37.0,35.41999816894531,35.54999923706055,33.51445388793945,3444300,1502.3900146484375
2007-05-04,35.709999084472656,36.77999877929688,35.599998474121094,36.150001525878906,34.08010482788086,3860600,1505.6199951171875
2007-05-07,36.52000045776367,36.68999862670898,34.849998474121094,35.11000061035156,33.09965133666992,3268600,1509.47998046875
2007-05-08,35.119998931884766,35.5,34.11000061035156,34.400001525878906,32.43031311035156,3436900,1507.719970703125
2007-05-09,34.25,35.189998626708984,34.150001525878906,34.34000015258789,32.373741149902344,4238200,1512.5799560546875
2007-05-10,33.79999923706055,35.20000076293945,33.099998474121094,33.279998779296875,31.37443733215332,4383900,1491.469970703125
2007-05-11,33.11000061035156,33.75,32.790000915527344,33.36000061035156,31.44984436035156,2263700,1505.8499755859375
2007-05-14,32.810001373291016,34.150001525878906,32.56999969482422,33.529998779296875,31.610116958618164,2828400,1503.1500244140625
2007-05-15,33.20000076293945,34.20000076293945,32.25,32.45000076293945,30.591964721679688,4458600,1501.18994140625
2007-05-16,32.869998931884766,33.47999954223633,32.4900016784668,32.97999954223633,31.091611862182617,3223100,1514.1400146484375
2007-05-17,32.099998474121094,33.56999969482422,32.099998474121094,33.27000045776367,31.36501121520996,5053600,1512.75
2007-05-18,33.189998626708984,33.52000045776367,32.7599983215332,33.47999954223633,31.562990188598636,2795000,1522.75
2007-05-21,33.4900016784668,33.970001220703125,32.77000045776367,33.0099983215332,31.119897842407227,3057200,1525.0999755859375
2007-05-22,33.36000061035156,34.790000915527344,33.15999984741211,34.77000045776367,32.77911758422852,3764100,1524.1199951171875
2007-05-23,34.97999954223633,35.560001373291016,34.08000183105469,34.95000076293945,32.94880676269531,3260100,1522.280029296875
2007-05-24,34.79999923706055,35.40999984741211,34.45000076293945,35.130001068115234,33.118507385253906,2485400,1507.510009765625
2007-05-25,35.099998474121094,35.099998474121094,34.16999816894531,34.25,32.28890609741211,1036200,1515.72998046875
2007-05-29,34.84000015258789,35.72999954223633,34.599998474121094,35.599998474121094,33.56159973144531,1867100,1518.1099853515625
2007-05-30,35.369998931884766,35.84000015258789,35.04999923706055,35.65999984741211,33.618167877197266,1440300,1530.22998046875
2007-05-31,35.70000076293945,36.540000915527344,35.41999816894531,35.650001525878906,33.60873794555664,1465700,1530.6199951171875
2007-06-01,35.720001220703125,35.959999084472656,34.959999084472656,35.25,33.231632232666016,1488900,1536.3399658203125
2007-06-04,35.25,35.25,33.689998626708984,33.95000076293945,32.006080627441406,2544700,1539.1800537109375
2007-06-05,34.29999923706055,34.47999954223633,33.369998931884766,33.529998779296875,31.610116958618164,2120800,1530.949951171875
2007-06-06,33.400001525878906,33.400001525878906,32.439998626708984,32.630001068115234,30.76165580749512,2889000,1517.3800048828125
2007-06-07,34.400001525878906,34.400001525878906,30.049999237060547,30.200000762939453,28.470796585083008,5298300,1490.719970703125
2007-06-08,30.559999465942383,31.209999084472656,30.21999931335449,30.88999938964844,29.121278762817383,4139900,1507.6700439453125
2007-06-11,30.600000381469727,30.729999542236328,29.399999618530277,29.65999984741211,27.961713790893555,3730900,1509.1199951171875
2007-06-12,29.700000762939453,29.700000762939453,28.82999992370605,29.190000534057617,27.51862907409668,2792500,1493.0
2007-06-13,29.270000457763672,29.51000022888184,28.270000457763672,28.71999931335449,27.07553482055664,3493800,1515.6700439453125
2007-06-14,28.71999931335449,29.049999237060547,28.200000762939453,28.799999237060547,27.150957107543945,2898000,1522.969970703125
2007-06-15,28.81999969482422,28.959999084472656,27.489999771118164,27.61000061035156,26.02909469604492,3492000,1532.9100341796875
2007-06-18,27.899999618530277,28.229999542236328,26.780000686645508,27.290000915527344,25.727418899536133,3311700,1531.050048828125
2007-06-19,27.899999618530277,29.25,27.899999618530277,29.13999938964844,27.471485137939453,3902500,1533.699951171875
2007-06-20,29.1200008392334,30.170000076293945,29.1200008392334,29.709999084472656,28.00884437561035,3515000,1512.8399658203125
2007-06-21,29.5,29.86000061035156,29.01000022888184,29.5,27.81087303161621,1951100,1522.18994140625
2007-06-22,29.3799991607666,29.84000015258789,29.06999969482422,29.34000015258789,27.66003799438477,2796100,1502.56005859375
2007-06-25,29.780000686645508,29.950000762939453,29.1200008392334,29.239999771118164,27.56576156616211,1980100,1497.739990234375
2007-06-26,29.36000061035156,29.57999992370605,28.15999984741211,28.26000022888184,26.64187431335449,2452600,1492.8900146484375
2007-06-27,28.030000686645508,29.770000457763672,27.56999969482422,29.670000076293945,27.971139907836918,3700700,1506.3399658203125
2007-06-28,31.200000762939453,32.290000915527344,30.8799991607666,31.0,29.224987030029297,3706400,1505.7099609375
2007-06-29,30.950000762939453,30.950000762939453,30.0,30.270000457763672,28.53678321838379,2174100,1503.3499755859375
2007-07-02,30.68000030517578,31.0,30.3799991607666,30.700000762939453,28.94216537475586,1282900,1519.4300537109375
2007-07-03,31.030000686645508,32.959999084472656,30.950000762939453,32.86000061035156,30.97848129272461,2898700,1524.8699951171875
2007-07-05,33.0,33.970001220703125,32.25,33.81999969482422,31.883522033691406,4301400,1525.4000244140625
2007-07-06,33.54999923706055,34.70000076293945,33.40999984741211,34.619998931884766,32.63770294189453,3436500,1530.43994140625
2007-07-09,34.619998931884766,35.970001220703125,34.599998474121094,35.86000061035156,33.80671310424805,4851800,1531.8499755859375
2007-07-10,35.599998474121094,35.7599983215332,33.58000183105469,33.83000183105469,31.892946243286133,2980500,1510.1199951171875
2007-07-11,34.4900016784668,34.7400016784668,33.43000030517578,34.72999954223633,32.74140167236328,1794100,1518.760009765625
2007-07-12,34.810001373291016,36.810001373291016,34.31999969482422,34.93000030517578,32.929954528808594,1921300,1547.699951171875
2007-07-13,34.11000061035156,34.459999084472656,33.88999938964844,34.099998474121094,32.14747619628906,1242300,1552.5
2007-07-16,33.939998626708984,35.13999938964844,33.939998626708984,34.959999084472656,32.9582405090332,1965800,1549.52001953125
2007-07-17,35.11000061035156,35.779998779296875,34.849998474121094,35.29999923706055,33.278785705566406,2602000,1549.3699951171875
2007-07-18,35.04999923706055,35.709999084472656,34.5,34.90999984741211,32.91109848022461,2638900,1546.1700439453125
2007-07-19,35.11000061035156,36.20000076293945,34.959999084472656,36.0,33.938697814941406,3387900,1553.0799560546875
2007-07-20,35.630001068115234,35.900001525878906,34.689998626708984,34.709999084472656,32.72255325317383,2173300,1534.0999755859375
2007-07-23,35.099998474121094,35.099998474121094,34.08000183105469,34.5,32.52458190917969,2456200,1541.5699462890625
2007-07-24,34.52000045776367,36.119998931884766,34.36000061035156,35.279998779296875,33.259918212890625,2752400,1511.0400390625
2007-07-25,35.2599983215332,35.650001525878906,34.2400016784668,34.84000015258789,32.8451042175293,1992600,1518.0899658203125
2007-07-26,34.0,34.810001373291016,32.290000915527344,34.56999969482422,32.590572357177734,6107500,1482.6600341796875
2007-07-27,35.0,35.15999984741211,32.900001525878906,33.47999954223633,31.562990188598636,3271000,1458.949951171875
2007-07-30,33.900001525878906,34.0,32.52000045776367,32.68000030517578,30.808794021606445,3173900,1473.9100341796875
2007-07-31,32.95000076293945,33.209999084472656,30.8799991607666,31.01000022888184,29.234413146972656,2784000,1455.27001953125
2007-08-01,30.729999542236328,31.479999542236328,29.920000076293945,30.440000534057617,28.697052001953125,3184900,1465.81005859375
2007-08-02,31.5,32.20000076293945,30.25,30.700000762939453,28.94216537475586,2924400,1472.199951171875
2007-08-03,30.5,31.989999771118164,30.299999237060547,31.13999938964844,29.356969833374023,3586400,1433.06005859375
2007-08-06,31.3799991607666,31.57999992370605,29.209999084472656,30.0,28.282245635986328,2928000,1467.6700439453125
2007-08-07,29.649999618530277,31.75,29.649999618530277,31.270000457763672,29.47952651977539,3264000,1476.7099609375
2007-08-08,32.06999969482422,32.709999084472656,30.51000022888184,31.38999938964844,29.5926513671875,2073200,1497.489990234375
2007-08-09,30.61000061035156,31.0,28.959999084472656,29.149999618530277,27.48090934753418,2403000,1453.0899658203125
2007-08-10,29.0,29.350000381469727,28.1299991607666,28.979999542236328,27.320646286010746,2313300,1453.6400146484375
2007-08-13,29.440000534057617,30.190000534057617,29.1200008392334,29.459999084472656,27.773162841796875,2412100,1452.9200439453125
2007-08-14,29.75,31.649999618530277,28.700000762939453,28.71999931335449,27.07553482055664,1708800,1426.5400390625
2007-08-15,28.459999084472656,29.239999771118164,25.270000457763672,25.59000015258789,24.124753952026367,2558000,1406.699951171875
2007-08-16,25.989999771118164,26.989999771118164,24.26000022888184,26.90999984741211,25.36917495727539,3283900,1411.27001953125
2007-08-17,27.65999984741211,27.71999931335449,25.559999465942383,26.309999465942383,24.803524017333984,2885400,1445.93994140625
2007-08-20,26.549999237060547,27.38999938964844,26.149999618530277,26.65999984741211,25.133487701416016,2430400,1445.550048828125
2007-08-21,26.600000381469727,28.559999465942383,26.229999542236328,28.51000022888184,26.87755584716797,2575300,1447.1199951171875
2007-08-22,29.31999969482422,30.68000030517578,29.18000030517578,30.56999969482422,28.81960678100586,2275500,1464.0699462890625
2007-08-23,30.75,30.81999969482422,29.399999618530277,29.6200008392334,27.924001693725582,1777400,1462.5
2007-08-24,29.6200008392334,30.71999931335449,29.25,30.71999931335449,28.961017608642575,1075200,1479.3699951171875
2007-08-27,30.299999237060547,30.690000534057617,29.56999969482422,29.780000686645508,28.07484245300293,796400,1466.7900390625
2007-08-28,29.38999938964844,29.63999938964844,28.649999618530277,28.700000762939453,27.056678771972656,1274800,1432.3599853515625
2007-08-29,28.84000015258789,29.84000015258789,28.600000381469727,29.84000015258789,28.13140296936035,845400,1463.760009765625
2007-08-30,29.56999969482422,30.46999931335449,29.43000030517578,30.15999984741211,28.433076858520508,886200,1457.6400146484375
2007-08-31,30.600000381469727,31.200000762939453,29.899999618530277,30.950000762939453,29.1778507232666,1005200,1473.989990234375
2007-09-04,30.86000061035156,32.70000076293945,30.86000061035156,32.560001373291016,30.69565963745117,1676000,1489.4200439453125
2007-09-05,32.560001373291016,33.959999084472656,31.5,31.56999969482422,29.762348175048828,2897900,1472.2900390625
2007-09-06,31.309999465942383,31.68000030517578,30.07999992370605,31.13999938964844,29.356969833374023,1475500,1478.550048828125
2007-09-07,30.6299991607666,30.6299991607666,29.020000457763672,29.809999465942383,28.10312271118164,1243900,1453.550048828125
2007-09-10,30.32999992370605,30.6299991607666,29.15999984741211,29.51000022888184,27.82030296325684,939100,1451.699951171875
2007-09-11,29.739999771118164,31.459999084472656,29.299999237060547,31.149999618530277,29.36639404296875,1514000,1471.489990234375
2007-09-12,30.809999465942383,30.809999465942383,29.68000030517578,29.88999938964844,28.178544998168945,1647900,1471.56005859375
2007-09-13,29.88999938964844,30.3700008392334,29.46999931335449,29.899999618530277,28.187971115112305,898700,1483.949951171875
2007-09-14,29.440000534057617,30.31999969482422,29.31999969482422,30.07999992370605,28.35766220092773,1243800,1484.25
2007-09-17,30.200000762939453,30.399999618530277,29.07999992370605,29.15999984741211,27.490339279174805,1204300,1476.6500244140625
2007-09-18,29.739999771118164,29.950000762939453,28.649999618530277,29.790000915527344,28.084266662597656,3076300,1519.780029296875
2007-09-19,30.0,30.940000534057617,29.989999771118164,30.459999084472656,28.715904235839844,3340300,1529.030029296875
2007-09-20,30.76000022888184,30.780000686645508,29.549999237060547,29.76000022888184,28.055986404418945,2260100,1518.75
2007-09-21,30.36000061035156,30.3700008392334,29.11000061035156,29.38999938964844,27.70717430114746,1656900,1525.75
2007-09-24,29.32999992370605,29.3700008392334,25.700000762939453,25.979999542236328,24.492420196533203,4869000,1517.72998046875
2007-09-25,26.030000686645508,27.25,25.959999084472656,26.600000381469727,25.076927185058597,3778800,1517.2099609375
2007-09-26,26.649999618530277,27.239999771118164,26.3700008392334,26.899999618530277,25.35974502563477,2427100,1525.4200439453125
2007-09-27,26.979999542236328,27.36000061035156,26.239999771118164,26.5,24.982648849487305,1791200,1531.3800048828125
2007-09-28,26.479999542236328,26.530000686645508,25.75,26.25,24.74696350097656,2021000,1526.75
2007-10-01,26.6200008392334,27.670000076293945,26.350000381469727,27.459999084472656,25.887680053710938,2590500,1547.0400390625
2007-10-02,27.93000030517578,28.90999984741211,27.790000915527344,28.649999618530277,27.009544372558597,2725400,1546.6300048828125
2007-10-03,28.600000381469727,29.489999771118164,28.190000534057617,29.040000915527344,27.377212524414062,1858000,1539.5899658203125
2007-10-04,29.06999969482422,30.3799991607666,28.82999992370605,29.51000022888184,27.82030296325684,2598500,1542.8399658203125
2007-10-05,29.549999237060547,30.75,29.36000061035156,30.01000022888184,28.291671752929688,3431600,1557.5899658203125
2007-10-08,30.01000022888184,30.959999084472656,29.729999542236328,30.56999969482422,28.81960678100586,1834500,1552.5799560546875
2007-10-09,31.790000915527344,33.45000076293945,31.100000381469727,31.530000686645508,29.724634170532227,3869500,1565.1500244140625
2007-10-10,31.5,31.600000381469727,30.399999618530277,30.799999237060547,29.036434173583984,1965500,1562.469970703125
2007-10-11,30.799999237060547,31.18000030517578,29.01000022888184,29.149999618530277,27.48090934753418,3279300,1554.4100341796875
2007-10-12,29.149999618530277,30.15999984741211,28.8799991607666,30.149999618530277,28.42365455627441,1840700,1561.800048828125
2007-10-15,29.770000457763672,29.809999465942383,27.700000762939453,28.200000762939453,26.58530807495117,3470300,1548.7099609375
2007-10-16,28.0,28.90999984741211,27.530000686645508,28.790000915527344,27.14152336120605,2922000,1538.530029296875
2007-10-17,28.59000015258789,29.38999938964844,27.88999938964844,28.809999465942383,27.16037940979004,3023100,1541.239990234375
2007-10-18,28.81999969482422,28.81999969482422,27.709999084472656,27.71999931335449,26.132795333862305,1400300,1540.0799560546875
2007-10-19,27.700000762939453,28.049999237060547,26.200000762939453,26.3799991607666,24.869518280029297,2943300,1500.6300048828125
2007-10-22,26.21999931335449,27.100000381469727,26.0,26.5,24.982648849487305,2428100,1506.3299560546875
2007-10-23,26.649999618530277,28.8799991607666,26.450000762939453,28.670000076293945,27.028398513793945,3528000,1519.5899658203125
2007-10-24,28.57999992370605,29.049999237060547,27.450000762939453,28.739999771118164,27.094392776489254,3378800,1515.8800048828125
2007-10-25,29.700000762939453,29.700000762939453,27.040000915527344,27.38999938964844,25.821687698364254,2851400,1514.4000244140625
2007-10-26,27.709999084472656,27.799999237060547,26.399999618530277,27.350000381469727,25.783979415893555,2136200,1535.280029296875
2007-10-29,27.690000534057617,27.739999771118164,26.299999237060547,27.06999969482422,25.520008087158203,2095400,1540.97998046875
2007-10-30,27.26000022888184,28.56999969482422,27.1200008392334,28.46999931335449,26.839847564697266,2616600,1531.02001953125
2007-10-31,28.709999084472656,28.709999084472656,27.299999237060547,27.65999984741211,26.07622718811035,2844800,1549.3800048828125
2007-11-01,27.25,27.5,26.690000534057617,26.84000015258789,25.30318260192871,2117900,1508.43994140625
2007-11-02,26.959999084472656,27.1299991607666,25.25,25.8799991607666,24.39815139770508,2580900,1509.6500244140625
2007-11-05,25.8799991607666,26.270000457763672,24.899999618530277,25.149999618530277,23.709949493408203,2438400,1502.1700439453125
2007-11-06,24.40999984741211,25.0,22.68000030517578,23.07999992370605,21.75847625732422,4881900,1520.27001953125
2007-11-07,22.61000061035156,23.25,22.0,22.600000381469727,21.30595588684082,4501800,1475.6199951171875
2007-11-08,22.190000534057617,22.450000762939453,19.959999084472656,22.040000915527344,20.77802276611328,4929900,1474.77001953125
2007-11-09,21.649999618530277,21.649999618530277,20.1200008392334,21.030000686645508,19.82585334777832,3462000,1453.699951171875
2007-11-12,21.6299991607666,22.43000030517578,21.25,22.030000686645508,20.768592834472656,3109900,1439.1800537109375
2007-11-13,22.690000534057617,23.559999465942383,22.07999992370605,23.40999984741211,22.069578170776367,3448900,1481.050048828125
2007-11-14,23.100000381469727,25.51000022888184,22.100000381469727,23.479999542236328,22.13556671142578,7151100,1470.5799560546875
2007-11-15,22.81999969482422,24.270000457763672,22.75,23.229999542236328,21.899885177612305,2894800,1451.1500244140625
2007-11-16,23.65999984741211,23.65999984741211,22.0,22.40999984741211,21.1268367767334,2504800,1458.739990234375
2007-11-19,22.0,22.18000030517578,20.299999237060547,20.61000061035156,19.429901123046875,3012900,1433.27001953125
2007-11-20,20.940000534057617,20.940000534057617,18.5,19.21999931335449,18.11949348449707,5779900,1439.699951171875
2007-11-21,18.729999542236328,20.190000534057617,18.0,19.940000534057617,18.798267364501957,3173100,1416.77001953125
2007-11-23,20.1200008392334,20.670000076293945,20.100000381469727,20.350000381469727,19.18479347229004,1324300,1440.699951171875
2007-11-26,20.399999618530277,20.5,19.290000915527344,19.549999237060547,18.43059539794922,1807500,1407.219970703125
2007-11-27,19.809999465942383,20.1299991607666,18.75,19.51000022888184,18.39288711547852,4106600,1428.22998046875
2007-11-28,19.96999931335449,21.3799991607666,19.5,20.96999931335449,19.76929473876953,3740900,1469.02001953125
2007-11-29,20.600000381469727,20.600000381469727,19.82999992370605,20.059999465942383,18.91139411926269,3034100,1469.719970703125
2007-11-30,20.600000381469727,21.440000534057617,20.540000915527344,20.770000457763672,19.580739974975582,1968600,1481.1400146484375
2007-12-03,21.209999084472656,21.209999084472656,19.81999969482422,19.93000030517578,18.788841247558597,2127800,1472.4200439453125
2007-12-04,19.46999931335449,20.0,19.100000381469727,19.6200008392334,18.49658966064453,1668900,1462.7900390625
2007-12-05,19.479999542236328,19.479999542236328,17.860000610351562,18.040000915527344,17.007057189941406,4279900,1485.010009765625
2007-12-06,18.06999969482422,18.6299991607666,17.34000015258789,17.540000915527344,16.53568458557129,4347400,1507.3399658203125
2007-12-07,17.889999389648438,18.76000022888184,17.670000076293945,18.25,17.205028533935547,4408200,1504.6600341796875
2007-12-10,18.25,18.899999618530277,17.670000076293945,18.76000022888184,17.685834884643555,2132900,1515.9599609375
2007-12-11,18.559999465942383,18.559999465942383,17.489999771118164,17.59000015258789,16.58281898498535,3183000,1477.6500244140625
2007-12-12,18.200000762939453,18.200000762939453,15.06999969482422,15.3100004196167,14.433371543884276,7912000,1486.5899658203125
2007-12-13,15.479999542236328,16.149999618530273,14.619999885559082,15.739999771118164,14.838749885559082,5885800,1488.4100341796875
2007-12-14,15.789999961853027,16.719999313354492,15.329999923706056,15.65999984741211,14.763331413269045,3558300,1467.949951171875
2007-12-17,15.420000076293944,15.920000076293944,14.68000030517578,14.760000228881836,13.91486358642578,3381700,1445.9000244140625
2007-12-18,14.850000381469728,15.079999923706056,14.40999984741211,14.8100004196167,13.962000846862791,3525000,1454.97998046875
2007-12-19,14.850000381469728,15.460000038146973,14.529999732971191,15.4399995803833,14.555928230285645,2912800,1453.0
2007-12-20,15.220000267028809,15.75,15.149999618530272,15.5,14.612493515014648,3233800,1460.1199951171875
2007-12-21,15.5,15.619999885559082,14.6899995803833,15.399999618530272,14.518217086791992,2328800,1484.4599609375
2007-12-24,15.15999984741211,16.09000015258789,15.15999984741211,15.979999542236328,15.06501007080078,885000,1496.449951171875
2007-12-26,15.979999542236328,15.979999542236328,15.220000267028809,15.720000267028809,14.819894790649414,1435400,1497.6600341796875
2007-12-27,15.43000030517578,15.619999885559082,15.079999923706056,15.18000030517578,14.310813903808594,1473200,1476.27001953125
2007-12-28,15.270000457763672,15.380000114440918,14.630000114440918,14.710000038146973,13.86772632598877,1215000,1478.489990234375
2007-12-31,14.850000381469728,15.0,14.550000190734863,14.710000038146973,13.86772632598877,2687900,1468.3599853515625
2008-01-02,14.550000190734863,14.579999923706056,13.25,13.31999969482422,12.557317733764648,3908000,1447.1600341796875
2008-01-03,13.300000190734863,13.619999885559082,12.649999618530272,12.720000267028809,11.991671562194824,4739200,1447.1600341796875
2008-01-04,12.699999809265137,12.699999809265137,11.949999809265137,12.40999984741211,11.699421882629396,4828000,1411.6300048828125
2008-01-07,12.399999618530272,12.93000030517578,12.0600004196167,12.229999542236328,11.529726028442385,4456000,1416.1800537109375
2008-01-08,12.220000267028809,12.25,10.960000038146973,11.010000228881836,10.379584312438965,5240600,1390.18994140625
2008-01-09,11.210000038146973,11.56999969482422,10.18000030517578,10.890000343322754,10.266456604003906,8615200,1409.1300048828125
2008-01-10,11.239999771118164,12.979999542236328,10.949999809265137,12.550000190734863,11.831403732299805,8872300,1420.3299560546875
2008-01-11,12.609999656677246,12.760000228881836,11.789999961853027,11.890000343322754,11.209196090698242,4810000,1401.02001953125
2008-01-14,12.06999969482422,12.380000114440918,11.529999732971191,12.039999961853027,11.350605964660645,2773200,1416.25
2008-01-15,11.850000381469728,12.640000343322754,11.75,12.510000228881836,11.793696403503418,6321800,1380.949951171875
2008-01-16,12.25,12.829999923706056,11.329999923706056,12.539999961853027,11.821975708007812,5472700,1373.199951171875
2008-01-17,12.640000343322754,13.300000190734863,12.130000114440918,12.510000228881836,11.793696403503418,5455900,1333.25
2008-01-18,12.350000381469728,13.140000343322754,12.350000381469728,12.920000076293944,12.180217742919922,3806100,1325.18994140625
2008-01-22,12.260000228881836,12.920000076293944,11.609999656677246,12.020000457763672,11.331756591796877,4828200,1310.5
2008-01-23,12.039999961853027,13.420000076293944,11.75,13.140000343322754,12.387621879577637,4990600,1338.5999755859375
2008-01-24,12.630000114440918,13.359999656677246,12.449999809265137,12.65999984741211,11.935107231140137,4029700,1352.0699462890625
2008-01-25,12.65999984741211,13.079999923706056,11.989999771118164,12.289999961853027,11.586295127868652,3234600,1330.6099853515625
2008-01-28,12.390000343322754,13.420000076293944,12.199999809265137,13.329999923706056,12.566743850708008,3963200,1353.9599609375
2008-01-29,13.15999984741211,13.579999923706056,12.81999969482422,13.100000381469728,12.3499174118042,2689100,1362.300048828125
2008-01-30,12.979999542236328,13.6899995803833,12.90999984741211,13.380000114440918,12.61388111114502,3929000,1355.81005859375
2008-01-31,13.359999656677246,14.079999923706056,13.199999809265137,13.84000015258789,13.047539710998535,3266700,1378.550048828125
2008-02-01,13.979999542236328,15.550000190734863,13.399999618530272,15.390000343322754,14.50879192352295,6763300,1395.4200439453125
2008-02-04,15.59000015258789,16.0,14.369999885559082,14.460000038146973,13.632040977478027,3820700,1380.8199462890625
2008-02-05,14.3100004196167,14.989999771118164,13.600000381469728,14.550000190734863,13.71688747406006,3154400,1336.6400146484375
2008-02-06,14.760000228881836,15.649999618530272,14.0600004196167,15.34000015258789,14.46165657043457,5329200,1326.449951171875
2008-02-07,15.739999771118164,16.440000534057617,15.0600004196167,15.399999618530272,14.518217086791992,5062200,1336.9100341796875
2008-02-08,15.40999984741211,15.479999542236328,14.529999732971191,15.170000076293944,14.30138874053955,2820300,1331.2900390625
2008-02-11,15.170000076293944,15.449999809265137,14.619999885559082,15.109999656677246,14.24482250213623,2779500,1339.1300048828125
2008-02-12,15.289999961853027,15.489999771118164,14.720000267028809,14.899999618530272,14.046845436096191,1818100,1348.8599853515625
2008-02-13,15.140000343322754,15.399999618530272,14.9399995803833,15.31999969482422,14.44279956817627,1235700,1367.2099609375
2008-02-14,15.09000015258789,15.25,13.949999809265137,14.039999961853027,13.236091613769531,2378300,1348.8599853515625
2008-02-15,14.109999656677246,14.59000015258789,13.899999618530272,14.40999984741211,13.584904670715332,2926200,1349.989990234375
2008-02-19,14.420000076293944,14.420000076293944,13.789999961853027,13.90999984741211,13.11353588104248,2287200,1348.780029296875
2008-02-20,13.770000457763672,14.31999969482422,13.5,14.210000038146973,13.396356582641602,2139400,1360.030029296875
2008-02-21,14.079999923706056,14.779999732971191,13.75,13.93000030517578,13.1323881149292,1844300,1342.530029296875
2008-02-22,13.779999732971191,13.890000343322754,13.149999618530272,13.479999542236328,12.708154678344728,1406700,1353.1099853515625
2008-02-25,13.550000190734863,13.890000343322754,13.109999656677246,13.699999809265137,12.915557861328123,1677200,1371.800048828125
2008-02-26,13.600000381469728,14.100000381469728,13.539999961853027,13.890000343322754,13.094679832458496,1589000,1381.2900390625
2008-02-27,13.760000228881836,13.890000343322754,13.460000038146973,13.800000190734863,13.009832382202148,2170700,1380.02001953125
2008-02-28,13.5600004196167,13.699999809265137,13.029999732971191,13.149999618530272,12.397047996520996,1615500,1367.6800537109375
2008-02-29,12.8100004196167,13.020000457763672,12.399999618530272,12.399999618530272,11.689992904663086,1824900,1330.6300048828125
2008-03-03,12.1899995803833,12.260000228881836,11.6899995803833,11.989999771118164,11.303470611572266,1797200,1331.3399658203125
2008-03-04,12.0600004196167,12.609999656677246,11.529999732971191,12.609999656677246,11.887969017028809,2111500,1326.75
2008-03-05,12.40999984741211,12.960000038146973,11.6899995803833,12.760000228881836,12.02938175201416,2969400,1333.699951171875
2008-03-06,12.729999542236328,12.729999542236328,11.399999618530272,11.5600004196167,10.89809226989746,2435500,1304.3399658203125
2008-03-07,11.220000267028809,11.56999969482422,10.800000190734863,10.989999771118164,10.36072826385498,2649000,1293.3699951171875
2008-03-10,11.109999656677246,11.15999984741211,10.279999732971191,10.289999961853027,9.700810432434082,2273600,1273.3699951171875
2008-03-11,10.020000457763672,10.979999542236328,9.579999923706056,9.979999542236328,9.40855884552002,4335600,1320.6500244140625
2008-03-12,9.670000076293944,9.739999771118164,8.869999885559082,9.020000457763672,8.503528594970703,5762600,1308.77001953125
2008-03-13,8.949999809265137,9.109999656677246,8.199999809265137,8.760000228881836,8.258416175842285,4647800,1315.47998046875
2008-03-14,8.850000381469727,9.039999961853027,8.020000457763672,8.289999961853027,7.815326690673828,4406200,1288.1400146484375
2008-03-17,8.0,8.170000076293945,7.25,7.449999809265137,7.023422718048096,5400200,1276.5999755859375
2008-03-18,7.690000057220459,8.130000114440918,7.239999771118164,7.980000019073486,7.523077011108398,4755800,1330.739990234375
2008-03-19,8.130000114440918,8.859999656677246,8.069999694824219,8.430000305175781,7.9473114013671875,4468800,1298.4200439453125
2008-03-20,8.25,8.949999809265137,8.15999984741211,8.729999542236328,8.230130195617676,4305700,1329.510009765625
2008-03-24,8.90999984741211,9.279999732971191,8.609999656677246,9.100000381469728,8.578948020935059,2842500,1349.8800048828125
2008-03-25,9.199999809265137,9.329999923706056,8.729999542236328,9.119999885559082,8.597801208496094,2034100,1352.989990234375
2008-03-26,9.010000228881836,9.100000381469728,8.350000381469727,8.529999732971191,8.041583061218262,1912700,1341.1300048828125
2008-03-27,8.5,8.5,8.09000015258789,8.199999809265137,7.730480194091797,3931100,1325.760009765625
2008-03-28,8.5,8.920000076293945,8.0600004196167,8.569999694824219,8.079294204711914,4160300,1315.219970703125
2008-03-31,8.479999542236328,9.029999732971191,8.329999923706055,8.90999984741211,8.399827003479004,3180500,1322.699951171875
2008-04-01,9.199999809265137,9.8100004196167,9.199999809265137,9.630000114440918,9.078600883483888,2736300,1370.1800537109375
2008-04-02,9.739999771118164,9.739999771118164,9.09000015258789,9.170000076293944,8.644939422607422,2020100,1367.530029296875
2008-04-03,9.109999656677246,9.470000267028809,8.880000114440918,9.25,8.720357894897461,2304400,1369.31005859375
2008-04-04,9.25,9.75,8.989999771118164,9.43000030517578,8.890052795410156,2564600,1370.4000244140625
2008-04-07,9.56999969482422,9.720000267028809,9.270000457763672,9.619999885559082,9.069172859191896,2990600,1372.5400390625
2008-04-08,9.520000457763672,9.9399995803833,9.449999809265137,9.869999885559082,9.30486011505127,1568300,1365.5400390625
2008-04-09,9.68000030517578,9.90999984741211,8.729999542236328,8.84000015258789,8.333836555480957,3894800,1354.489990234375
2008-04-10,8.800000190734863,9.25,8.800000190734863,9.15999984741211,8.63551139831543,2832800,1360.550048828125
2008-04-11,9.119999885559082,9.449999809265137,8.600000381469727,8.8100004196167,8.305553436279297,3038600,1332.8299560546875
2008-04-14,8.890000343322754,9.029999732971191,8.579999923706055,8.739999771118164,8.2395601272583,1851500,1328.3199462890625
2008-04-15,8.970000267028809,9.130000114440918,8.039999961853027,8.149999618530273,7.683342456817627,3380300,1334.4300537109375
2008-04-16,8.180000305175781,8.460000038146973,7.71999979019165,8.050000190734863,7.58906888961792,3709500,1364.7099609375
2008-04-17,7.96999979019165,8.010000228881836,7.730000019073486,7.869999885559082,7.419374942779541,2118600,1365.56005859375
2008-04-18,8.09000015258789,8.239999771118164,7.940000057220459,8.029999732971191,7.570213794708252,1407800,1390.3299560546875
2008-04-21,8.109999656677246,8.109999656677246,7.690000057220459,7.829999923706055,7.3816657066345215,1386600,1388.1700439453125
2008-04-22,7.710000038146973,7.800000190734863,6.75,6.840000152587891,6.448352336883545,5169300,1375.93994140625
2008-04-23,7.010000228881836,7.010000228881836,6.099999904632568,6.25,5.892134666442871,5488400,1379.9300537109375
2008-04-24,6.340000152587891,7.349999904632568,6.309999942779541,7.059999942779541,6.655754566192627,4347900,1388.8199462890625
2008-04-25,7.159999847412109,8.399999618530273,6.579999923706055,7.159999847412109,6.750028133392334,4706300,1397.8399658203125
2008-04-28,7.320000171661377,8.710000038146973,7.059999942779541,8.619999885559082,8.126433372497559,10337300,1396.3699951171875
2008-04-29,8.579999923706055,9.1899995803833,8.100000381469727,8.960000038146973,8.446966171264648,6083500,1390.93994140625
2008-04-30,8.930000305175781,9.270000457763672,8.420000076293945,8.59000015258789,8.098151206970215,4075200,1385.5899658203125
2008-05-01,8.649999618530273,9.619999885559082,8.649999618530273,9.350000381469728,8.814630508422852,4227400,1409.3399658203125
2008-05-02,9.5,9.609999656677246,8.5,8.720000267028809,8.220705032348633,3663000,1413.9000244140625
2008-05-05,8.680000305175781,8.819999694824219,8.180000305175781,8.319999694824219,7.84360933303833,3155900,1407.489990234375
2008-05-06,8.199999809265137,8.199999809265137,7.610000133514404,8.029999732971191,7.570213794708252,3744400,1418.260009765625
2008-05-07,7.989999771118164,8.3100004196167,7.25,7.340000152587891,6.919722557067871,4856700,1392.5699462890625
2008-05-08,7.230000019073486,7.5,7.0,7.039999961853027,6.636899948120117,4577500,1397.6800537109375
2008-05-09,6.880000114440918,7.28000020980835,6.800000190734863,7.079999923706055,6.674609661102295,3231600,1388.280029296875
2008-05-12,7.320000171661377,7.5,6.989999771118164,6.989999771118164,6.5897626876831055,3271600,1403.5799560546875
2008-05-13,7.03000020980835,7.380000114440918,6.940000057220459,6.980000019073486,6.58033561706543,4164400,1403.0400390625
2008-05-14,7.119999885559082,7.429999828338623,7.119999885559082,7.25,6.834874629974365,2956900,1408.6600341796875
2008-05-15,7.079999923706055,7.699999809265137,7.0,7.619999885559082,7.183690071105957,3744800,1423.5699462890625
2008-05-16,7.5,8.010000228881836,7.309999942779541,7.800000190734863,7.353384017944336,5686300,1425.3499755859375
2008-05-19,7.800000190734863,7.949999809265137,7.170000076293945,7.309999942779541,6.891440391540527,2646700,1426.6300048828125
2008-05-20,7.079999923706055,7.150000095367432,6.800000190734863,6.869999885559082,6.476633071899414,2803500,1413.4000244140625
2008-05-21,6.760000228881836,6.809999942779541,5.28000020980835,5.349999904632568,5.043666362762451,9640900,1390.7099609375
2008-05-22,5.570000171661377,5.789999961853027,5.139999866485596,5.21999979019165,4.921109676361084,6755800,1394.3499755859375
2008-05-23,4.829999923706055,4.900000095367432,4.179999828338623,4.179999828338623,3.940659761428833,13380100,1375.9300537109375
2008-05-27,4.440000057220459,4.519999980926514,4.150000095367432,4.440000057220459,4.185770988464356,7037600,1385.3499755859375
2008-05-28,4.619999885559082,4.690000057220459,4.059999942779541,4.079999923706055,3.8463847637176514,6278600,1390.8399658203125
2008-05-29,4.21999979019165,4.480000019073486,4.099999904632568,4.320000171661377,4.072644233703613,8860800,1398.260009765625
2008-05-30,4.25,4.25,3.9600000381469727,3.9600000381469727,3.733255863189697,7895200,1400.3800048828125
2008-06-02,4.03000020980835,4.070000171661377,3.630000114440918,3.759999990463257,3.544707775115967,5539600,1385.6700439453125
2008-06-03,3.910000085830689,4.099999904632568,3.700000047683716,4.059999942779541,3.8275306224823,6130500,1377.6500244140625
2008-06-04,4.059999942779541,4.349999904632568,4.019999980926514,4.190000057220459,3.9500865936279297,10177000,1377.199951171875
2008-06-05,4.300000190734863,4.769999980926514,4.25,4.420000076293945,4.166918277740479,9515100,1404.050048828125
2008-06-06,4.139999866485596,4.21999979019165,3.900000095367432,4.119999885559082,3.8840949535369873,5737500,1360.6800537109375
2008-06-09,4.25,4.269999980926514,3.829999923706055,3.920000076293945,3.6955466270446777,4020100,1361.760009765625
2008-06-10,3.920000076293945,3.9600000381469727,3.7300000190734863,3.7799999713897705,3.563562393188477,4969100,1358.43994140625
2008-06-11,3.740000009536743,3.7699999809265137,3.109999895095825,3.200000047683716,3.016772985458374,8430900,1335.489990234375
2008-06-12,3.369999885559082,3.450000047683716,2.390000104904175,2.690000057220459,2.535974264144897,18284400,1339.8699951171875
2008-06-13,3.0899999141693115,3.240000009536743,2.859999895095825,2.859999895095825,2.6962406635284424,13690700,1360.030029296875
2008-06-16,2.8499999046325684,3.180000066757202,2.75,3.109999895095825,2.9319255352020264,12889700,1360.1400146484375
2008-06-17,3.240000009536743,3.380000114440918,3.1600000858306885,3.259999990463257,3.073337316513061,10125000,1350.9300537109375
2008-06-18,3.200000047683716,3.200000047683716,2.859999895095825,3.009999990463257,2.837651491165161,8059400,1337.81005859375
2008-06-19,3.0,3.549999952316284,2.930000066757202,3.539999961853028,3.3373048305511475,10168900,1342.8299560546875
2008-06-20,3.2699999809265137,3.369999885559082,2.900000095367432,3.150000095367432,2.969635486602783,10770700,1317.9300537109375
2008-06-23,3.240000009536743,3.25,2.5199999809265137,2.539999961853028,2.3945631980896,16097400,1318.0
2008-06-24,2.5899999141693115,2.640000104904175,2.319999933242798,2.440000057220459,2.300289392471313,17021900,1314.2900390625
2008-06-25,2.5,2.880000114440918,2.490000009536743,2.5799999237060547,2.4322726726531982,13819900,1321.969970703125
2008-06-26,2.490000009536743,2.5799999237060547,2.390000104904175,2.450000047683716,2.3097167015075684,8434900,1283.1500244140625
2008-06-27,2.450000047683716,2.5199999809265137,2.299999952316284,2.450000047683716,2.3097167015075684,11535900,1278.3800048828125
2008-06-30,2.430000066757202,2.650000095367432,2.3499999046325684,2.5,2.3568532466888428,6761300,1280.0
2008-07-01,2.4600000381469727,2.490000009536743,2.2699999809265137,2.4100000858306885,2.2720067501068115,6486300,1284.9100341796875
2008-07-02,2.450000047683716,2.569999933242798,2.3299999237060547,2.369999885559082,2.234297037124634,6159300,1261.52001953125
2008-07-03,2.4600000381469727,2.490000009536743,2.289999961853028,2.400000095367432,2.262579917907715,4208100,1262.9000244140625
2008-07-07,2.5899999141693115,2.690000057220459,2.369999885559082,2.470000028610229,2.328571081161499,7995800,1252.31005859375
2008-07-08,2.650000095367432,2.809999942779541,2.5799999237060547,2.700000047683716,2.5454022884368896,13952400,1273.699951171875
2008-07-09,2.700000047683716,2.799999952316284,2.509999990463257,2.609999895095825,2.460554838180542,8536000,1244.68994140625
2008-07-10,2.650000095367432,2.650000095367432,2.369999885559082,2.4200000762939453,2.281433582305908,6491200,1253.3900146484375
2008-07-11,2.309999942779541,2.3399999141693115,2.130000114440918,2.180000066757202,2.055176258087158,9700400,1239.489990234375
2008-07-14,2.289999961853028,2.289999961853028,1.8799999952316284,1.909999966621399,1.8006361722946167,7883800,1228.300048828125
2008-07-15,1.809999942779541,2.0299999713897705,1.4500000476837158,1.7599999904632568,1.6592249870300293,13186100,1214.9100341796875
2008-07-16,1.840000033378601,2.240000009536743,1.7599999904632568,2.240000009536743,2.111741542816162,13133900,1245.3599853515625
2008-07-17,2.3499999046325684,2.75,2.240000009536743,2.5299999713897705,2.3851358890533447,19928600,1260.3199462890625
2008-07-18,2.5999999046325684,2.900000095367432,2.430000066757202,2.869999885559082,2.7056682109832764,10944800,1260.6800537109375
2008-07-21,2.859999895095825,2.9600000381469727,2.630000114440918,2.690000057220459,2.535974264144897,7491500,1260.0
2008-07-22,2.940000057220459,4.539999961853027,2.799999952316284,4.269999980926514,4.025505542755127,31704400,1277.0
2008-07-23,4.75,5.239999771118164,4.179999828338623,5.059999942779541,4.7702717781066895,30803000,1282.18994140625
2008-07-24,4.639999866485596,5.050000190734863,4.349999904632568,4.519999980926514,4.261190414428711,17780600,1252.5400390625
2008-07-25,4.75,5.179999828338623,4.400000095367432,4.539999961853027,4.280045509338379,14067500,1257.760009765625
2008-07-28,4.28000020980835,4.78000020980835,4.099999904632568,4.170000076293945,3.931230545043945,7590100,1234.3699951171875
2008-07-29,4.369999885559082,5.079999923706055,4.199999809265137,4.849999904632568,4.572295665740967,14944400,1263.199951171875
2008-07-30,5.210000038146973,5.800000190734863,4.570000171661377,4.869999885559082,4.591149806976318,22297800,1284.260009765625
2008-07-31,5.0,5.380000114440918,4.900000095367432,5.059999942779541,4.7702717781066895,10848300,1267.3800048828125
2008-08-01,5.300000190734863,5.46999979019165,4.679999828338623,5.159999847412109,4.8645453453063965,10331000,1260.31005859375
2008-08-04,5.260000228881836,5.849999904632568,5.079999923706055,5.679999828338623,5.354772090911865,13192700,1249.010009765625
2008-08-05,6.059999942779541,6.849999904632568,5.880000114440918,6.699999809265137,6.316368103027344,19292600,1284.8800048828125
2008-08-06,6.559999942779541,7.179999828338623,6.199999809265137,6.659999847412109,6.278658866882324,17105000,1289.18994140625
2008-08-07,6.28000020980835,6.960000038146973,6.059999942779541,6.769999980926514,6.382359504699707,13831700,1266.0699462890625
2008-08-08,7.199999809265137,8.050000190734863,7.179999828338623,7.960000038146973,7.504222393035889,16751100,1296.3199462890625
2008-08-11,7.880000114440918,9.789999961853027,7.699999809265137,8.390000343322754,7.909602165222168,35327500,1305.3199462890625
2008-08-12,8.800000190734863,9.579999923706056,8.75,9.390000343322754,8.852341651916504,25685200,1289.5899658203125
2008-08-13,9.300000190734863,9.43000030517578,8.270000457763672,9.109999656677246,8.588374137878418,27745800,1285.8299560546875
2008-08-14,9.380000114440918,9.739999771118164,8.550000190734863,8.859999656677246,8.352688789367676,28734200,1292.9300537109375
2008-08-15,9.199999809265137,9.279999732971191,8.789999961853027,9.020000457763672,8.503528594970703,18547400,1298.199951171875
2008-08-18,8.850000381469727,9.34000015258789,8.369999885559082,8.989999771118164,8.47524642944336,10298500,1278.5999755859375
2008-08-19,8.930000305175781,9.199999809265137,7.460000038146973,7.639999866485596,7.202544689178467,16720700,1266.68994140625
2008-08-20,7.0,7.949999809265137,6.449999809265137,7.510000228881836,7.079989433288574,20459800,1274.5400390625
2008-08-21,6.480000019073486,6.980000019073486,6.199999809265137,6.800000190734863,6.410642147064209,11625400,1277.719970703125
2008-08-22,7.300000190734863,7.920000076293945,7.25,7.860000133514404,7.409947395324707,10860800,1292.199951171875
2008-08-25,7.760000228881836,8.420000076293945,7.480000019073486,7.78000020980835,7.33452844619751,13451500,1266.8399658203125
2008-08-26,7.78000020980835,7.920000076293945,7.170000076293945,7.340000152587891,6.919722557067871,8835600,1271.510009765625
2008-08-27,6.579999923706055,7.139999866485596,6.53000020980835,7.079999923706055,6.674609661102295,11562700,1281.6600341796875
2008-08-28,6.889999866485596,8.239999771118164,6.880000114440918,8.15999984741211,7.692769527435303,18062500,1300.6800537109375
2008-08-29,7.699999809265137,8.680000305175781,7.610000133514404,8.489999771118164,8.003873825073242,13337700,1282.8299560546875
2008-09-02,9.899999618530272,10.460000038146973,8.569999694824219,8.819999694824219,8.314979553222656,20645700,1277.5799560546875
2008-09-03,9.25,9.510000228881836,8.390000343322754,8.539999961853027,8.051011085510254,18207800,1274.97998046875
2008-09-04,8.3100004196167,8.699999809265137,7.510000228881836,7.650000095367432,7.211972236633301,19747300,1236.8299560546875
2008-09-05,7.550000190734863,8.079999923706055,7.28000020980835,7.909999847412109,7.457085609436035,15272500,1242.31005859375
2008-09-08,7.78000020980835,8.0,5.389999866485596,7.679999828338623,7.240254402160644,24437400,1267.7900390625
2008-09-09,8.119999885559082,8.25,6.760000228881836,7.130000114440918,6.721746921539307,13100600,1224.510009765625
2008-09-10,6.949999809265137,7.130000114440918,6.150000095367432,6.670000076293945,6.288084506988525,13332000,1232.0400390625
2008-09-11,6.440000057220459,7.53000020980835,6.230000019073486,7.519999980926514,7.089415550231934,10570300,1249.050048828125
2008-09-12,7.429999828338623,8.0600004196167,7.300000190734863,7.880000114440918,7.428802967071533,10709600,1251.699951171875
2008-09-15,8.3100004196167,8.609999656677246,7.800000190734863,7.840000152587891,7.3910932540893555,9908100,1192.699951171875
2008-09-16,8.149999618530273,9.220000267028809,8.149999618530273,9.100000381469728,8.578948020935059,12040500,1213.5999755859375
2008-09-17,8.609999656677246,8.609999656677246,7.269999980926514,7.739999771118164,7.29681921005249,8501400,1156.3900146484375
2008-09-18,7.260000228881836,7.949999809265137,6.860000133514404,7.949999809265137,7.494794368743896,11859700,1206.510009765625
2008-09-19,7.900000095367432,8.399999618530273,7.320000171661377,7.909999847412109,7.457085609436035,6668100,1255.0799560546875
2008-09-22,7.610000133514404,7.849999904632568,6.800000190734863,6.860000133514404,6.467206954956055,7086000,1207.0899658203125
2008-09-23,7.170000076293945,7.539999961853027,7.010000228881836,7.059999942779541,6.655754566192627,5491700,1188.219970703125
2008-09-24,6.900000095367432,7.03000020980835,6.260000228881836,6.269999980926514,5.910987854003906,6032500,1185.8699951171875
2008-09-25,6.510000228881836,6.590000152587891,5.840000152587891,6.21999979019165,5.863851070404053,4874700,1209.1800537109375
2008-09-26,6.010000228881836,6.289999961853027,5.900000095367432,6.119999885559082,5.769577503204346,4478800,1213.27001953125
2008-09-29,6.260000228881836,6.420000076293945,5.349999904632568,5.599999904632568,5.279352188110352,5886500,1106.4200439453125
2008-09-30,5.800000190734863,6.150000095367432,5.289999961853027,6.03000020980835,5.6847310066223145,4821800,1166.3599853515625
2008-10-01,6.010000228881836,7.25,5.880000114440918,7.0,6.599190711975098,13698200,1161.06005859375
2008-10-02,7.28000020980835,7.559999942779541,6.760000228881836,6.920000076293945,6.523769855499268,7310600,1114.280029296875
2008-10-03,7.260000228881836,7.460000038146973,6.360000133514404,6.489999771118164,6.118391513824463,8609800,1099.22998046875
2008-10-06,6.579999923706055,6.630000114440918,5.309999942779541,6.179999828338623,5.826141357421875,13572400,1056.8900146484375
2008-10-07,6.179999828338623,6.300000190734863,4.949999809265137,5.110000133514404,4.817409992218018,10827400,996.22998046875
2008-10-08,4.789999961853027,5.179999828338623,4.0,4.130000114440918,3.893522262573242,21520600,984.9400024414062
2008-10-09,4.400000095367432,4.739999771118164,3.559999942779541,3.630000114440918,3.422151565551758,8180200,909.9199829101562
2008-10-10,3.2699999809265137,4.760000228881836,3.1600000858306885,4.599999904632568,4.336610794067383,10384300,899.219970703125
2008-10-13,4.96999979019165,5.730000019073486,4.889999866485596,5.679999828338623,5.354772090911865,8494200,1003.3499755859375
2008-10-14,6.090000152587891,6.25,5.269999980926514,5.539999961853027,5.222787380218506,6145600,998.010009765625
2008-10-15,5.550000190734863,6.03000020980835,5.190000057220459,5.289999961853027,4.987103462219238,6725300,907.8400268554688
2008-10-16,5.610000133514404,6.989999771118164,5.019999980926514,6.78000020980835,6.391787528991699,12013300,946.4299926757812
2008-10-17,6.320000171661377,7.639999866485596,5.360000133514404,7.380000114440918,6.957431793212891,10794000,940.5499877929688
2008-10-20,7.179999828338623,7.46999979019165,6.699999809265137,7.389999866485596,6.966859817504883,5810600,985.4000244140625
2008-10-21,7.510000228881836,8.220000267028809,7.409999847412109,7.829999923706055,7.3816657066345215,9520200,955.0499877929688
2008-10-22,7.96999979019165,8.880000114440918,7.769999980926514,8.489999771118164,8.003873825073242,11851200,896.780029296875
2008-10-23,8.5,8.5,6.559999942779541,7.139999866485596,6.731175422668457,9693800,908.1099853515625
2008-10-24,6.300000190734863,8.489999771118164,6.019999980926514,7.96999979019165,7.513649940490723,12951600,876.77001953125
2008-10-27,8.289999961853027,8.770000457763672,7.050000190734863,7.150000095367432,6.740601539611816,7666600,848.9199829101562
2008-10-28,7.610000133514404,8.600000381469727,6.760000228881836,8.5600004196167,8.069868087768555,9635600,940.510009765625
2008-10-29,7.909999847412109,8.760000228881836,7.900000095367432,8.460000038146973,7.975591659545898,7707500,930.0900268554688
2008-10-30,8.670000076293945,9.43000030517578,8.569999694824219,9.329999923706056,8.795777320861816,9170600,954.0900268554688
2008-10-31,9.520000457763672,10.989999771118164,9.130000114440918,10.140000343322754,9.55939769744873,13762000,968.75
2008-11-03,10.539999961853027,11.239999771118164,10.5,10.859999656677246,10.238173484802246,7226300,966.2999877929688
2008-11-04,10.630000114440918,10.630000114440918,9.09000015258789,10.06999969482422,9.493404388427734,11697700,1005.75
2008-11-05,10.130000114440918,10.220000267028809,8.5600004196167,8.75,8.248988151550293,9481300,952.77001953125
2008-11-06,8.949999809265137,8.949999809265137,7.880000114440918,7.920000076293945,7.466511726379394,9080600,904.8800048828125
2008-11-07,8.289999961853027,8.460000038146973,7.519999980926514,7.869999885559082,7.419374942779541,6440700,930.989990234375
2008-11-10,7.639999866485596,8.0,7.309999942779541,7.5,7.070561408996582,4884900,919.2100219726562
2008-11-11,7.639999866485596,7.75,6.960000038146973,7.510000228881836,7.079989433288574,4923800,898.9500122070312
2008-11-12,7.5,7.5,5.119999885559082,5.230000019073486,4.93053674697876,18449600,852.2999877929688
2008-11-13,5.230000019073486,6.53000020980835,5.0,6.53000020980835,6.156101226806641,11958600,911.2899780273438
2008-11-14,6.179999828338623,6.53000020980835,5.679999828338623,5.730000019073486,5.4019083976745605,8039600,873.2899780273438
2008-11-17,5.690000057220459,6.429999828338623,5.510000228881836,6.179999828338623,5.826141357421875,6924500,850.75
2008-11-18,6.369999885559082,6.610000133514404,5.739999771118164,6.079999923706055,5.731868743896484,6678700,859.1199951171875
2008-11-19,6.03000020980835,6.190000057220459,4.78000020980835,4.900000095367432,4.619433403015137,8358000,806.5800170898438
2008-11-20,4.829999923706055,5.639999866485596,4.329999923706055,4.409999847412109,4.157489776611328,9374900,752.4400024414062
2008-11-21,4.949999809265137,4.949999809265137,4.0,4.480000019073486,4.223483085632324,9753900,800.030029296875
2008-11-24,4.610000133514404,5.150000095367432,4.349999904632568,5.110000133514404,4.817409992218018,5778000,851.8099975585938
2008-11-25,5.429999828338623,5.960000038146973,5.110000133514404,5.860000133514404,5.524464130401611,7560900,857.3900146484375
2008-11-26,5.480000019073486,5.96999979019165,5.400000095367432,5.900000095367432,5.562173843383789,6235000,887.6799926757812
2008-11-28,5.690000057220459,5.96999979019165,5.650000095367432,5.960000038146973,5.618739604949951,1936600,896.239990234375
2008-12-01,5.789999961853027,5.849999904632568,4.96999979019165,5.119999885559082,4.826836585998535,4465400,816.2100219726562
2008-12-02,5.300000190734863,6.03000020980835,4.880000114440918,6.0,5.656448841094971,7608400,848.8099975585938
2008-12-03,5.71999979019165,6.170000076293945,5.579999923706055,6.170000076293945,5.816715240478516,6471600,870.739990234375
2008-12-04,6.03000020980835,7.349999904632568,5.909999847412109,6.650000095367432,6.269231796264648,9251200,845.219970703125
2008-12-05,6.840000152587891,7.53000020980835,6.650000095367432,7.46999979019165,7.04227876663208,8035400,876.0700073242188
2008-12-08,7.809999942779541,8.050000190734863,6.769999980926514,7.889999866485596,7.438230037689209,7918300,909.7000122070312
2008-12-09,7.760000228881836,7.980000019073486,6.800000190734863,6.820000171661377,6.429497718811035,7362400,888.6699829101562
2008-12-10,6.829999923706055,7.380000114440918,6.619999885559082,7.300000190734863,6.882013320922852,5094600,899.239990234375
2008-12-11,7.139999866485596,7.139999866485596,6.199999809265137,6.519999980926514,6.146674633026123,6198000,873.5900268554688
2008-12-12,6.139999866485596,6.730000019073486,5.900000095367432,6.679999828338623,6.297511577606201,5446900,879.72998046875
2008-12-15,6.480000019073486,6.590000152587891,6.03000020980835,6.349999904632568,5.986408710479736,3755400,868.5700073242188
2008-12-16,6.269999980926514,7.150000095367432,6.269999980926514,7.150000095367432,6.740601539611816,4408200,913.1799926757812
2008-12-17,6.869999885559082,7.5,6.800000190734863,7.369999885559082,6.948004245758057,4951900,904.4199829101562
2008-12-18,7.71999979019165,7.889999866485596,7.050000190734863,7.369999885559082,6.948004245758057,5563800,885.280029296875
2008-12-19,7.590000152587891,7.820000171661377,7.099999904632568,7.440000057220459,7.013996601104736,4501900,887.8800048828125
2008-12-22,7.440000057220459,7.619999885559082,7.150000095367432,7.329999923706055,6.910294532775879,3500500,871.6300048828125
2008-12-23,7.440000057220459,7.440000057220459,7.099999904632568,7.239999771118164,6.8254475593566895,3629700,863.1599731445312
2008-12-24,7.260000228881836,7.730000019073486,7.260000228881836,7.650000095367432,7.211972236633301,2793300,868.1500244140625
2008-12-26,7.539999961853027,7.659999847412109,7.309999942779541,7.429999828338623,7.0045695304870605,1839000,872.7999877929688
2008-12-29,7.260000228881836,7.449999809265137,7.130000114440918,7.420000076293945,6.995141506195068,1865500,869.4199829101562
2008-12-30,7.480000019073486,7.760000228881836,7.329999923706055,7.53000020980835,7.098843574523926,2582400,890.6400146484375
2008-12-31,7.480000019073486,7.869999885559082,7.480000019073486,7.730000019073486,7.28739070892334,4194100,903.25
2009-01-02,7.730000019073486,8.479999542236328,7.670000076293945,8.390000343322754,7.909602165222168,5167000,931.7999877929688
2009-01-05,8.380000114440918,8.390000343322754,7.960000038146973,8.329999923706055,7.853034973144531,3457100,927.4500122070312
2009-01-06,8.149999618530273,9.210000038146973,8.130000114440918,9.0600004196167,8.541237831115723,5731000,934.7000122070312
2009-01-07,8.65999984741211,9.470000267028809,8.65999984741211,9.079999923706056,8.560091018676758,5468900,906.6500244140625
2009-01-08,8.949999809265137,9.670000076293944,8.619999885559082,9.56999969482422,9.022039413452148,5196400,909.72998046875
2009-01-09,9.34000015258789,9.380000114440918,8.880000114440918,9.0,8.484674453735352,5113200,890.3499755859375
2009-01-12,9.149999618530272,9.15999984741211,8.270000457763672,8.539999961853027,8.051011085510254,3306600,870.260009765625
2009-01-13,8.350000381469727,8.65999984741211,8.109999656677246,8.270000457763672,7.796473026275635,3743800,871.7899780273438
2009-01-14,8.119999885559082,8.15999984741211,7.25,7.389999866485596,6.966859817504883,6360700,842.6199951171875
2009-01-15,7.389999866485596,9.699999809265137,6.849999904632568,7.550000190734863,7.117699146270752,18008000,843.739990234375
2009-01-16,8.029999732971191,8.65999984741211,7.75,8.529999732971191,8.041583061218262,9593900,850.1199951171875
2009-01-20,8.350000381469727,8.470000267028809,7.559999942779541,7.630000114440918,7.193116664886475,6274600,805.219970703125
2009-01-21,7.860000133514404,7.860000133514404,6.550000190734863,7.539999961853027,7.108269214630127,10047600,840.239990234375
2009-01-22,7.320000171661377,7.75,7.090000152587891,7.650000095367432,7.211972236633301,5799600,827.5
2009-01-23,7.099999904632568,8.0,7.03000020980835,7.820000171661377,7.372239589691162,5693700,831.9500122070312
2009-01-26,7.789999961853027,8.020000457763672,7.519999980926514,7.699999809265137,7.259108543395996,3242800,836.5700073242188
2009-01-27,7.730000019073486,7.800000190734863,6.260000228881836,6.710000038146973,6.325795650482178,8829700,845.7100219726562
2009-01-28,7.039999961853027,7.460000038146973,6.920000076293945,7.300000190734863,6.882013320922852,6342100,874.0900268554688
2009-01-29,7.150000095367432,7.75,6.329999923706055,6.46999979019165,6.0995378494262695,9766200,845.1400146484375
2009-01-30,6.590000152587891,6.730000019073486,5.389999866485596,5.670000076293945,5.345344066619873,10869200,825.8800048828125
2009-02-02,5.619999885559082,5.800000190734863,5.190000057220459,5.71999979019165,5.392481327056885,6014800,825.4400024414062
2009-02-03,5.989999771118164,5.989999771118164,5.449999809265137,5.769999980926514,5.439619064331055,4753800,838.510009765625
2009-02-04,5.539999961853027,6.150000095367432,5.420000076293945,5.46999979019165,5.156795501708984,6526900,832.22998046875
2009-02-05,5.380000114440918,5.800000190734863,4.75,5.21999979019165,4.921109676361084,9811700,845.8499755859375
2009-02-06,5.429999828338623,5.670000076293945,5.199999809265137,5.46999979019165,5.156795501708984,7073500,868.5999755859375
2009-02-09,5.449999809265137,5.46999979019165,5.25,5.409999847412109,5.100230693817139,5124900,869.8900146484375
2009-02-10,5.25,5.5,5.010000228881836,5.059999942779541,4.7702717781066895,5725700,827.1599731445312
2009-02-11,5.139999866485596,5.199999809265137,4.400000095367432,4.579999923706055,4.317755699157715,9728700,833.739990234375
2009-02-12,4.650000095367432,4.900000095367432,4.420000076293945,4.730000019073486,4.459166526794434,6933000,835.1900024414062
2009-02-13,4.650000095367432,4.900000095367432,4.510000228881836,4.75,4.47802209854126,3616400,826.8400268554688
2009-02-17,4.409999847412109,4.559999942779541,4.320000171661377,4.420000076293945,4.166918277740479,4106100,789.1699829101562
2009-02-18,4.550000190734863,4.550000190734863,3.5999999046325684,3.7799999713897705,3.563562393188477,7542900,788.4199829101562
2009-02-19,3.869999885559082,4.03000020980835,3.569999933242798,3.5999999046325684,3.393869638442993,3978700,778.9400024414062
2009-02-20,3.5199999809265137,3.5199999809265137,2.720000028610229,3.119999885559082,2.9413535594940186,10471500,770.0499877929688
2009-02-23,3.299999952316284,3.609999895095825,3.200000047683716,3.549999952316284,3.3467321395874023,10497200,743.3300170898438
2009-02-24,3.559999942779541,3.740000009536743,3.3499999046325684,3.660000085830689,3.4504339694976807,5991200,773.1400146484375
2009-02-25,3.7300000190734863,3.759999990463257,3.0999999046325684,3.299999952316284,3.1110455989837646,6444100,764.9000244140625
2009-02-26,3.369999885559082,3.450000047683716,3.109999895095825,3.25,3.0639095306396484,5938200,752.8300170898438
2009-02-27,3.009999990463257,3.059999942779541,2.7799999713897705,2.8499999046325684,2.6868128776550293,7492400,735.0900268554688
2009-03-02,2.799999952316284,2.8299999237060547,2.450000047683716,2.470000028610229,2.328571081161499,6418400,700.8200073242188
2009-03-03,2.5899999141693115,2.5899999141693115,1.9700000286102293,2.299999952316284,2.1683053970336914,11443700,696.3300170898438
2009-03-04,2.509999990463257,2.880000114440918,2.220000028610229,2.369999885559082,2.234297037124634,6725200,712.8699951171875
2009-03-05,2.259999990463257,2.2799999713897705,1.8799999952316284,1.9700000286102293,1.8572007417678835,9082500,682.5499877929688
2009-03-06,2.0,2.1700000762939453,1.9299999475479128,2.1600000858306885,2.036322116851806,5711000,683.3800048828125
2009-03-09,2.0799999237060547,2.359999895095825,2.0,2.009999990463257,1.8949103355407717,5351400,676.530029296875
2009-03-10,2.109999895095825,2.400000095367432,2.109999895095825,2.390000104904175,2.25315260887146,6364800,719.5999755859375
2009-03-11,2.609999895095825,2.6600000858306885,2.3399999141693115,2.5899999141693115,2.441700220108032,6116100,721.3599853515625
2009-03-12,2.569999933242798,2.859999895095825,2.3299999237060547,2.799999952316284,2.639676094055176,6029800,750.739990234375
2009-03-13,2.8399999141693115,3.309999942779541,2.809999942779541,3.140000104904175,2.9602084159851074,9742200,756.5499877929688
2009-03-16,3.3499999046325684,3.4600000381469727,2.75,2.799999952316284,2.639676094055176,6334500,753.8900146484375
2009-03-17,2.869999885559082,3.0299999713897705,2.6600000858306885,3.0299999713897705,2.856506109237671,3539600,778.1199951171875
2009-03-18,2.869999885559082,3.299999952316284,2.809999942779541,3.220000028610229,3.0356273651123047,5084500,794.3499755859375
2009-03-19,3.130000114440918,3.180000066757202,2.6600000858306885,2.680000066757202,2.52654767036438,5719800,784.0399780273438
2009-03-20,2.7300000190734863,2.759999990463257,2.25,2.359999895095825,2.2248694896698,6593400,768.5399780273438
2009-03-23,2.4800000190734863,2.7100000381469727,2.3399999141693115,2.7100000381469727,2.5548295974731445,3905300,822.9199829101562
2009-03-24,2.6700000762939453,2.789999961853028,2.4600000381469727,2.5999999046325684,2.451127529144287,6378400,806.1199951171875
2009-03-25,2.720000028610229,2.970000028610229,2.470000028610229,2.619999885559082,2.469982385635376,7986900,813.8800048828125
2009-03-26,2.740000009536743,2.8499999046325684,2.5,2.799999952316284,2.639676094055176,8973900,832.8599853515625
2009-03-27,2.7100000381469727,2.930000066757202,2.609999895095825,2.6700000762939453,2.517119646072388,5729600,815.9400024414062
2009-03-30,2.5799999237060547,2.5799999237060547,2.400000095367432,2.440000057220459,2.300289392471313,3909100,787.530029296875
2009-03-31,2.559999942779541,2.5899999141693115,2.400000095367432,2.5299999713897705,2.3851358890533447,2835800,797.8699951171875
2009-04-01,2.4600000381469727,2.700000047683716,2.440000057220459,2.5999999046325684,2.451127529144287,4184300,811.0800170898438
2009-04-02,2.7100000381469727,2.950000047683716,2.690000057220459,2.8299999237060547,2.667958498001098,5839800,834.3800048828125
2009-04-03,2.819999933242798,3.059999942779541,2.7300000190734863,2.970000028610229,2.7999422550201416,4543600,842.5
2009-04-06,2.900000095367432,3.2699999809265137,2.8399999141693115,3.140000104904175,2.9602084159851074,6540800,835.47998046875
2009-04-07,3.0299999713897705,3.240000009536743,2.950000047683716,3.039999961853028,2.865934371948242,4773900,815.5499877929688
2009-04-08,3.190000057220459,3.200000047683716,3.009999990463257,3.0999999046325684,2.9224982261657715,3118600,825.1599731445312
2009-04-09,3.2799999713897705,3.5,3.2100000381469727,3.4600000381469727,3.261884927749634,7165500,856.5599975585938
2009-04-13,3.4100000858306885,3.7300000190734863,3.3499999046325684,3.619999885559082,3.4127237796783447,8382400,858.72998046875
2009-04-14,3.559999942779541,3.5999999046325684,3.3299999237060547,3.369999885559082,3.1770386695861816,5525100,841.5
2009-04-15,3.319999933242798,3.7799999713897705,3.200000047683716,3.700000047683716,3.4881432056427,8948300,852.0599975585938
2009-04-16,3.849999904632568,3.920000076293945,3.630000114440918,3.809999942779541,3.5918450355529785,5167200,865.2999877929688
2009-04-17,3.809999942779541,4.139999866485596,3.700000047683716,3.9700000286102295,3.7426834106445312,5676900,869.5999755859375
2009-04-20,3.759999990463257,3.910000085830689,3.5,3.5799999237060547,3.375014066696167,4834000,832.3900146484375
2009-04-21,3.490000009536743,4.179999828338623,3.490000009536743,4.179999828338623,3.940659761428833,6433800,850.0800170898438
2009-04-22,4.300000190734863,4.809999942779541,4.199999809265137,4.360000133514404,4.110352516174316,10026500,843.5499877929688
2009-04-23,4.650000095367432,4.840000152587891,4.400000095367432,4.800000190734863,4.52515983581543,9808700,851.9199829101562
2009-04-24,4.789999961853027,5.059999942779541,4.679999828338623,4.840000152587891,4.562867164611816,7750200,866.22998046875
2009-04-27,4.28000020980835,4.309999942779541,3.799999952316284,4.0,3.770965814590454,16653500,857.510009765625
2009-04-28,3.799999952316284,4.260000228881836,3.75,3.839999914169312,3.620127201080322,10034800,855.1599731445312
2009-04-29,4.0,4.070000171661377,3.900000095367432,3.990000009536743,3.761538505554199,8209000,873.6400146484375
2009-04-30,4.03000020980835,4.099999904632568,3.7899999618530273,3.7899999618530273,3.5729901790618896,6095400,872.8099975585938
2009-05-01,3.9600000381469727,4.070000171661377,3.849999904632568,4.010000228881836,3.780393600463867,3744900,877.52001953125
2009-05-04,4.150000095367432,4.590000152587891,4.150000095367432,4.579999923706055,4.317755699157715,7388800,907.239990234375
2009-05-05,4.699999809265137,5.050000190734863,4.650000095367432,4.949999809265137,4.666570663452148,6534000,903.7999877929688
2009-05-06,5.239999771118164,5.349999904632568,4.760000228881836,5.0,4.7137064933776855,6928400,919.530029296875
2009-05-07,4.75,4.880000114440918,3.9600000381469727,3.9700000286102295,3.7426834106445312,13538100,907.3900146484375
2009-05-08,3.759999990463257,3.799999952316284,3.4600000381469727,3.690000057220459,3.4787158966064453,32770500,929.22998046875
2009-05-11,3.75,3.900000095367432,3.5999999046325684,3.75,3.535280704498291,11896700,909.239990234375
2009-05-12,3.7799999713897705,3.7899999618530273,3.299999952316284,3.4100000858306885,3.2147488594055176,10981200,908.3499755859375
2009-05-13,3.380000114440918,3.380000114440918,2.9800000190734863,2.9800000190734863,2.809369802474976,11893200,883.9199829101562
2009-05-14,3.049999952316284,3.309999942779541,2.900000095367432,3.1600000858306885,2.9790635108947754,9316400,893.0700073242188
2009-05-15,3.2799999713897705,3.289999961853028,3.009999990463257,3.039999961853028,2.865934371948242,5222600,882.8800048828125
2009-05-18,3.140000104904175,3.1600000858306885,3.0199999809265137,3.1600000858306885,2.9790635108947754,6150000,909.7100219726562
2009-05-19,3.1600000858306885,3.25,3.0799999237060547,3.0999999046325684,2.9224982261657715,8333700,908.1300048828125
2009-05-20,3.150000095367432,3.220000028610229,3.0,3.0,2.8282244205474854,7348300,903.469970703125
2009-05-21,2.9600000381469727,3.0,2.900000095367432,2.990000009536743,2.8187971115112305,5915600,888.3300170898438
2009-05-22,3.069999933242798,3.0899999141693115,2.859999895095825,2.890000104904175,2.724523067474365,4063200,887.0
2009-05-26,2.900000095367432,2.9600000381469727,2.819999933242798,2.890000104904175,2.724523067474365,6940800,910.3300170898438
2009-05-27,2.869999885559082,2.900000095367432,2.539999961853028,2.5899999141693115,2.441700220108032,12038900,893.0599975585938
2009-05-28,2.640000104904175,2.7100000381469727,2.4100000858306885,2.559999942779541,2.413418292999268,13324300,906.8300170898438
2009-05-29,2.549999952316284,2.700000047683716,2.490000009536743,2.5799999237060547,2.4322726726531982,12434300,919.1400146484375
2009-06-01,2.609999895095825,3.0199999809265137,2.609999895095825,2.950000047683716,2.7810869216918945,15174800,942.8699951171875
2009-06-02,3.039999961853028,3.200000047683716,3.009999990463257,3.0799999237060547,2.90364408493042,10599600,944.739990234375
2009-06-03,3.069999933242798,3.069999933242798,2.809999942779541,2.950000047683716,2.7810869216918945,7582100,931.760009765625
2009-06-04,2.970000028610229,2.990000009536743,2.799999952316284,2.859999895095825,2.6962406635284424,4816400,942.4600219726562
2009-06-05,2.900000095367432,2.950000047683716,2.809999942779541,2.9100000858306885,2.743377685546875,7126600,940.0900268554688
2009-06-08,2.819999933242798,2.819999933242798,2.6700000762939453,2.7300000190734863,2.573683977127075,6144100,939.1400146484375
2009-06-09,2.759999990463257,2.799999952316284,2.6600000858306885,2.75,2.592538833618164,5414900,942.4299926757812
2009-06-10,2.7699999809265137,2.809999942779541,2.5799999237060547,2.630000114440918,2.479410171508789,6661700,939.1500244140625
2009-06-11,2.690000057220459,2.7300000190734863,2.5,2.6700000762939453,2.517119646072388,7024600,944.8900146484375
2009-06-12,2.690000057220459,2.809999942779541,2.6600000858306885,2.7100000381469727,2.5548295974731445,5462800,946.2100219726562
2009-06-15,2.619999885559082,2.650000095367432,2.5,2.609999895095825,2.460554838180542,5294000,923.719970703125
2009-06-16,2.640000104904175,2.740000009536743,2.569999933242798,2.650000095367432,2.49826455116272,6403100,911.969970703125
2009-06-17,2.650000095367432,2.799999952316284,2.549999952316284,2.700000047683716,2.5454022884368896,7877400,910.7100219726562
2009-06-18,2.7100000381469727,2.7300000190734863,2.539999961853028,2.630000114440918,2.479410171508789,5877500,918.3699951171875
2009-06-19,2.6600000858306885,2.7100000381469727,2.539999961853028,2.569999933242798,2.422844886779785,6983100,921.22998046875
2009-06-22,2.569999933242798,2.569999933242798,2.470000028610229,2.470000028610229,2.328571081161499,3949300,893.0399780273438
2009-06-23,2.470000028610229,2.5,2.1600000858306885,2.1700000762939453,2.045749425888061,13617800,895.0999755859375
2009-06-24,2.220000028610229,2.309999942779541,2.130000114440918,2.150000095367432,2.0268945693969727,9769200,900.9400024414062
2009-06-25,2.150000095367432,2.380000114440918,2.109999895095825,2.369999885559082,2.234297037124634,7092900,920.260009765625
2009-06-26,2.4100000858306885,2.470000028610229,2.2300000190734863,2.3499999046325684,2.215442180633545,8658400,918.9000244140625
2009-06-29,2.359999895095825,2.359999895095825,2.240000009536743,2.259999990463257,2.1305952072143555,4408700,927.22998046875
2009-06-30,2.289999961853028,2.4600000381469727,2.180000066757202,2.430000066757202,2.2908616065979004,6819500,919.3200073242188
2009-07-01,2.400000095367432,2.4800000190734863,2.369999885559082,2.4100000858306885,2.2720067501068115,3806800,923.3300170898438
2009-07-02,2.359999895095825,2.4600000381469727,2.289999961853028,2.4600000381469727,2.319143772125244,3808200,896.4199829101562
2009-07-06,2.390000104904175,2.549999952316284,2.3499999046325684,2.369999885559082,2.234297037124634,4981300,898.719970703125
2009-07-07,2.380000114440918,2.4200000762939453,2.2100000381469727,2.220000028610229,2.0928854942321777,4321400,881.030029296875
2009-07-08,2.240000009536743,2.2699999809265137,2.109999895095825,2.140000104904175,2.0174670219421387,5640900,879.5599975585938
2009-07-09,2.1600000858306885,2.2100000381469727,2.140000104904175,2.1600000858306885,2.036322116851806,4554700,882.6799926757812
2009-07-10,2.130000114440918,2.150000095367432,2.009999990463257,2.059999942779541,1.9420474767684937,11325400,879.1300048828125
2009-07-13,2.069999933242798,2.119999885559082,2.0,2.109999895095825,1.989184617996216,7045600,901.0499877929688
2009-07-14,2.0999999046325684,2.140000104904175,2.039999961853028,2.039999961853028,1.9231923818588257,4693500,905.8400268554688
2009-07-15,2.0999999046325684,2.220000028610229,2.039999961853028,2.0999999046325684,1.9797569513320925,15039900,932.6799926757812
2009-07-16,2.140000104904175,2.1600000858306885,2.0199999809265137,2.0799999237060547,1.9609023332595823,5860200,940.739990234375
2009-07-17,2.0999999046325684,2.0999999046325684,2.0199999809265137,2.039999961853028,1.9231923818588257,3432900,940.3800048828125
2009-07-20,2.059999942779541,2.150000095367432,2.039999961853028,2.130000114440918,2.0080394744873047,4397200,951.1300048828125
2009-07-21,2.2100000381469727,2.240000009536743,2.049999952316284,2.0799999237060547,1.9609023332595823,6957500,954.5800170898438
2009-07-22,2.0799999237060547,2.0899999141693115,2.039999961853028,2.049999952316284,1.9326200485229488,3700800,954.0700073242188
2009-07-23,2.0899999141693115,2.299999952316284,2.049999952316284,2.299999952316284,2.1683053970336914,13803000,976.2899780273438
2009-07-24,2.380000114440918,2.799999952316284,2.25,2.789999961853028,2.6302490234375,16810700,979.260009765625
2009-07-27,2.900000095367432,2.900000095367432,2.619999885559082,2.799999952316284,2.639676094055176,14226400,982.1799926757812
2009-07-28,2.7300000190734863,2.9600000381469727,2.700000047683716,2.900000095367432,2.733950614929199,10339800,979.6199951171875
2009-07-29,2.880000114440918,3.069999933242798,2.8399999141693115,3.0199999809265137,2.847079277038574,11701400,975.1500244140625
2009-07-30,3.0999999046325684,3.119999885559082,2.9800000190734863,3.039999961853028,2.865934371948242,9204900,986.75
2009-07-31,3.059999942779541,3.059999942779541,2.8399999141693115,2.930000066757202,2.7622320652008057,8959900,987.47998046875
2009-08-03,2.9800000190734863,2.9800000190734863,2.609999895095825,2.740000009536743,2.5831120014190674,11046100,1002.6300048828125
2009-08-04,2.759999990463257,3.119999885559082,2.6700000762939453,3.009999990463257,2.837651491165161,16037200,1005.6500244140625
2009-08-05,3.0799999237060547,3.3299999237060547,3.059999942779541,3.259999990463257,3.073337316513061,18590800,1002.719970703125
2009-08-06,3.359999895095825,3.359999895095825,3.0299999713897705,3.059999942779541,2.884788751602173,11381900,997.0800170898438
2009-08-07,3.140000104904175,3.319999933242798,3.069999933242798,3.2100000381469727,3.0261998176574707,11630700,1010.47998046875
2009-08-10,3.180000066757202,3.200000047683716,3.039999961853028,3.069999933242798,2.894216299057007,6957000,1007.0999755859375
2009-08-11,3.059999942779541,3.069999933242798,2.869999885559082,2.9100000858306885,2.743377685546875,8196500,994.3499755859375
2009-08-12,2.880000114440918,3.0999999046325684,2.8499999046325684,3.039999961853028,2.865934371948242,7711500,1005.8099975585938
2009-08-13,3.140000104904175,3.1600000858306885,2.970000028610229,3.130000114440918,2.9507803916931152,9734400,1012.72998046875
2009-08-14,3.140000104904175,3.140000104904175,3.0199999809265137,3.0799999237060547,2.90364408493042,6776000,1004.0900268554688
2009-08-17,2.950000047683716,3.0,2.819999933242798,2.9100000858306885,2.743377685546875,7702400,979.72998046875
2009-08-18,2.950000047683716,2.9800000190734863,2.9100000858306885,2.930000066757202,2.7622320652008057,5343700,989.6699829101562
2009-08-19,2.900000095367432,2.9600000381469727,2.8499999046325684,2.890000104904175,2.724523067474365,4868700,996.4600219726562
2009-08-20,2.940000057220459,3.0799999237060547,2.900000095367432,3.009999990463257,2.837651491165161,10527900,1007.3699951171875
2009-08-21,3.069999933242798,3.200000047683716,3.039999961853028,3.150000095367432,2.969635486602783,8376300,1026.1300048828125
2009-08-24,3.2100000381469727,3.430000066757202,3.150000095367432,3.190000057220459,3.00734543800354,10389400,1025.5699462890625
2009-08-25,3.220000028610229,3.450000047683716,3.220000028610229,3.450000047683716,3.252458095550537,8997400,1028.0
2009-08-26,3.4800000190734863,3.880000114440918,3.470000028610229,3.759999990463257,3.544707775115967,19195000,1028.1199951171875
2009-08-27,3.809999942779541,3.809999942779541,3.559999942779541,3.650000095367432,3.441006660461426,9681500,1030.97998046875
2009-08-28,3.660000085830689,3.7799999713897705,3.5299999713897705,3.569999933242798,3.3655877113342285,6184600,1028.9300537109375
2009-08-31,3.5,3.5,3.319999933242798,3.400000095367432,3.2053210735321045,8361400,1020.6199951171875
2009-09-01,3.400000095367432,3.5,2.950000047683716,3.0,2.8282244205474854,14345600,998.0399780273438
2009-09-02,2.9600000381469727,3.140000104904175,2.890000104904175,3.130000114440918,2.9507803916931152,8006800,994.75
2009-09-03,3.200000047683716,3.2699999809265137,3.0999999046325684,3.259999990463257,3.073337316513061,7420400,1003.239990234375
2009-09-04,3.2699999809265137,3.4100000858306885,3.25,3.380000114440918,3.1864655017852783,7426700,1016.4000244140625
2009-09-08,3.4600000381469727,3.490000009536743,3.3299999237060547,3.4200000762939453,3.2241761684417725,5194200,1025.3900146484375
2009-09-09,3.450000047683716,3.619999885559082,3.400000095367432,3.5799999237060547,3.375014066696167,9278200,1033.3699951171875
2009-09-10,3.849999904632568,4.199999809265137,3.809999942779541,4.019999980926514,3.789820671081543,27566200,1044.1400146484375
2009-09-11,4.090000152587891,4.179999828338623,4.0,4.03000020980835,3.799247980117798,10821500,1042.72998046875
2009-09-14,3.930000066757202,4.190000057220459,3.829999923706055,4.130000114440918,3.893522262573242,13232800,1049.3399658203125
2009-09-15,4.150000095367432,4.449999809265137,4.150000095367432,4.400000095367432,4.148062705993652,14360700,1052.6300048828125
2009-09-16,4.510000228881836,4.659999847412109,4.360000133514404,4.380000114440918,4.129208087921143,14622000,1068.760009765625
2009-09-17,4.699999809265137,5.349999904632568,4.630000114440918,5.130000114440918,4.836264610290527,42414100,1065.489990234375
2009-09-18,5.119999885559082,5.150000095367432,4.760000228881836,4.980000019073486,4.69485330581665,13899000,1068.300048828125
2009-09-21,4.880000114440918,5.5,4.769999980926514,5.429999828338623,5.119086742401123,22818400,1064.6600341796875
2009-09-22,5.360000133514404,5.599999904632568,5.199999809265137,5.230000019073486,4.93053674697876,14384000,1071.6600341796875
2009-09-23,4.739999771118164,4.789999961853027,4.400000095367432,4.519999980926514,4.261190414428711,47676200,1060.8699951171875
2009-09-24,4.690000057220459,4.909999847412109,4.599999904632568,4.909999847412109,4.628859519958496,36559900,1050.780029296875
2009-09-25,5.099999904632568,5.170000076293945,4.920000076293945,4.960000038146973,4.675998687744141,16261300,1044.3800048828125
2009-09-28,5.090000152587891,5.119999885559082,4.789999961853027,4.940000057220459,4.657142162322998,10769500,1062.97998046875
2009-09-29,5.0,5.039999961853027,4.849999904632568,4.869999885559082,4.591149806976318,9995100,1060.6099853515625
2009-09-30,4.920000076293945,4.949999809265137,4.650000095367432,4.699999809265137,4.43088436126709,14158300,1057.0799560546875
2009-10-01,4.619999885559082,4.650000095367432,4.150000095367432,4.260000228881836,4.016078948974609,14655800,1029.8499755859375
2009-10-02,4.150000095367432,4.349999904632568,3.9800000190734863,4.309999942779541,4.063216686248779,11708000,1025.2099609375
2009-10-05,4.460000038146973,4.480000019073486,4.309999942779541,4.349999904632568,4.100924968719482,10218200,1040.4599609375
2009-10-06,4.409999847412109,4.460000038146973,4.25,4.380000114440918,4.129208087921143,8815900,1054.719970703125
2009-10-07,4.340000152587891,4.389999866485596,4.210000038146973,4.25,4.006651878356934,4768700,1057.5799560546875
2009-10-08,4.349999904632568,4.539999961853027,4.269999980926514,4.369999885559082,4.11978006362915,7936300,1065.47998046875
2009-10-09,4.360000133514404,4.550000190734863,4.349999904632568,4.46999979019165,4.214054107666016,5731400,1071.489990234375
2009-10-12,4.510000228881836,4.639999866485596,4.389999866485596,4.510000228881836,4.251764297485352,6524900,1076.18994140625
2009-10-13,4.480000019073486,4.539999961853027,4.380000114440918,4.440000057220459,4.185770988464356,6567900,1073.18994140625
2009-10-14,4.550000190734863,4.550000190734863,4.440000057220459,4.480000019073486,4.223483085632324,6203300,1092.02001953125
2009-10-15,4.369999885559082,4.699999809265137,4.349999904632568,4.519999980926514,4.261190414428711,7596500,1096.56005859375
2009-10-16,4.449999809265137,4.489999771118164,4.289999961853027,4.289999961853027,4.044361114501953,6189000,1087.6800537109375
2009-10-19,4.340000152587891,4.340000152587891,4.150000095367432,4.179999828338623,3.940659761428833,5466000,1097.9100341796875
2009-10-20,4.309999942779541,4.46999979019165,4.28000020980835,4.349999904632568,4.100924968719482,6429000,1091.06005859375
2009-10-21,4.300000190734863,4.460000038146973,3.819999933242798,3.869999885559082,3.648409605026245,13610000,1081.4000244140625
2009-10-22,3.9800000190734863,4.079999923706055,3.5299999713897705,3.859999895095825,3.638982057571411,19270400,1092.9100341796875
2009-10-23,3.950000047683716,3.9800000190734863,3.670000076293945,3.690000057220459,3.4787158966064453,8925000,1079.5999755859375
2009-10-26,3.7200000286102295,3.7799999713897705,3.299999952316284,3.369999885559082,3.1770386695861816,13836300,1066.949951171875
2009-10-27,3.380000114440918,3.450000047683716,3.0999999046325684,3.140000104904175,2.9602084159851074,13157400,1063.4100341796875
2009-10-28,3.1600000858306885,3.2799999713897705,3.0799999237060547,3.130000114440918,2.9507803916931152,16060800,1042.6300048828125
2009-10-29,3.2100000381469727,3.289999961853028,3.190000057220459,3.2100000381469727,3.0261998176574707,6717100,1066.1099853515625
2009-10-30,3.220000028610229,3.25,2.950000047683716,3.059999942779541,2.884788751602173,14126900,1036.18994140625
2009-11-02,3.119999885559082,3.130000114440918,2.819999933242798,2.9100000858306885,2.743377685546875,10827400,1042.8800048828125
2009-11-03,2.880000114440918,3.0299999713897705,2.8399999141693115,2.930000066757202,2.7622320652008057,7070500,1045.4100341796875
2009-11-04,3.069999933242798,3.140000104904175,2.900000095367432,2.9200000762939453,2.752805709838867,8695800,1046.5
2009-11-05,2.950000047683716,2.990000009536743,2.859999895095825,2.950000047683716,2.7810869216918945,6511200,1066.6300048828125
2009-11-06,2.930000066757202,3.259999990463257,2.900000095367432,3.190000057220459,3.00734543800354,12495000,1069.300048828125
2009-11-09,3.2699999809265137,3.2799999713897705,3.130000114440918,3.200000047683716,3.016772985458374,6462000,1093.0799560546875
2009-11-10,3.200000047683716,3.220000028610229,3.0199999809265137,3.059999942779541,2.884788751602173,6738600,1093.010009765625
2009-11-11,3.150000095367432,3.240000009536743,3.059999942779541,3.2300000190734863,3.0450544357299805,7048700,1098.510009765625
2009-11-12,3.2100000381469727,3.369999885559082,3.140000104904175,3.150000095367432,2.969635486602783,8979500,1087.239990234375
2009-11-13,3.180000066757202,3.2799999713897705,3.180000066757202,3.220000028610229,3.0356273651123047,5040800,1093.47998046875
2009-11-16,3.2699999809265137,3.440000057220459,3.259999990463257,3.380000114440918,3.1864655017852783,8062400,1109.300048828125
2009-11-17,3.359999895095825,3.4200000762939453,3.299999952316284,3.3499999046325684,3.158184051513672,4825600,1110.3199462890625
2009-11-18,3.359999895095825,3.369999885559082,3.2100000381469727,3.2699999809265137,3.0827643871307373,5684100,1109.800048828125
2009-11-19,3.2300000190734863,3.2300000190734863,3.0799999237060547,3.119999885559082,2.9413535594940186,6206300,1094.9000244140625
2009-11-20,3.0999999046325684,3.180000066757202,3.039999961853028,3.0999999046325684,2.9224982261657715,5269200,1091.3800048828125
2009-11-23,3.1700000762939453,3.180000066757202,3.0799999237060547,3.0999999046325684,2.9224982261657715,5424600,1106.239990234375
2009-11-24,3.119999885559082,3.299999952316284,3.119999885559082,3.299999952316284,3.1110455989837646,10244000,1105.6500244140625
2009-11-25,3.3499999046325684,3.619999885559082,3.299999952316284,3.5299999713897705,3.327877283096313,9545500,1110.6300048828125
2009-11-27,3.359999895095825,3.5799999237060547,3.2699999809265137,3.470000028610229,3.271312952041626,3757900,1091.489990234375
2009-11-30,3.4800000190734863,3.7200000286102295,3.400000095367432,3.690000057220459,3.4787158966064453,8006200,1095.6300048828125
2009-12-01,3.7699999809265137,3.839999914169312,3.630000114440918,3.690000057220459,3.4787158966064453,11504000,1108.8599853515625
2009-12-02,3.7699999809265137,3.9800000190734863,3.7699999809265137,3.9700000286102295,3.7426834106445312,12197000,1109.239990234375
2009-12-03,4.010000228881836,4.110000133514404,3.880000114440918,4.059999942779541,3.8275306224823,12767400,1099.9200439453125
2009-12-04,4.170000076293945,4.460000038146973,4.159999847412109,4.429999828338623,4.176344394683838,20554200,1105.97998046875
2009-12-07,4.420000076293945,4.730000019073486,4.320000171661377,4.650000095367432,4.383747577667236,15081000,1103.25
2009-12-08,4.610000133514404,4.769999980926514,4.460000038146973,4.5,4.242337226867676,12369500,1091.93994140625
2009-12-09,4.590000152587891,4.590000152587891,4.349999904632568,4.429999828338623,4.176344394683838,9709800,1095.949951171875
2009-12-10,4.420000076293945,4.489999771118164,4.269999980926514,4.369999885559082,4.11978006362915,7942500,1102.3499755859375
2009-12-11,4.400000095367432,4.880000114440918,4.400000095367432,4.829999923706055,4.553441047668457,18680900,1106.4100341796875
2009-12-14,4.940000057220459,5.039999961853027,4.730000019073486,4.75,4.47802209854126,11833600,1114.1099853515625
2009-12-15,4.619999885559082,4.739999771118164,4.5,4.53000020980835,4.270618915557861,11087200,1107.9300537109375
2009-12-16,4.53000020980835,4.829999923706055,4.519999980926514,4.78000020980835,4.50630521774292,8103200,1109.1800537109375
2009-12-17,4.650000095367432,4.769999980926514,4.579999923706055,4.619999885559082,4.355465412139893,5044800,1096.0799560546875
2009-12-18,4.610000133514404,4.630000114440918,4.320000171661377,4.53000020980835,4.270618915557861,9340400,1102.469970703125
2009-12-21,4.519999980926514,4.630000114440918,4.460000038146973,4.599999904632568,4.336610794067383,5151800,1114.050048828125
2009-12-22,4.619999885559082,5.210000038146973,4.599999904632568,5.130000114440918,4.836264610290527,25127200,1118.02001953125
2009-12-23,5.130000114440918,5.199999809265137,4.880000114440918,5.170000076293945,4.873973369598389,11296000,1120.5899658203125
2009-12-24,5.199999809265137,5.400000095367432,5.170000076293945,5.380000114440918,5.071948528289795,7209600,1126.47998046875
2009-12-28,5.21999979019165,5.400000095367432,4.880000114440918,5.019999980926514,4.732562065124512,13233900,1127.780029296875
2009-12-29,5.039999961853027,5.110000133514404,4.789999961853027,4.849999904632568,4.572295665740967,10470400,1126.199951171875
2009-12-30,4.840000152587891,4.929999828338623,4.679999828338623,4.869999885559082,4.591149806976318,8461900,1126.4200439453125
2009-12-31,4.920000076293945,4.96999979019165,4.829999923706055,4.840000152587891,4.562867164611816,5268600,1115.0999755859375
2010-01-04,4.840000152587891,4.940000057220459,4.659999847412109,4.769999980926514,4.4968767166137695,9837300,1132.989990234375
2010-01-05,4.789999961853027,5.369999885559082,4.710000038146973,5.309999942779541,5.00595760345459,25212000,1136.52001953125
2010-01-06,5.190000057220459,5.380000114440918,5.0,5.090000152587891,4.798553943634033,16597900,1137.1400146484375
2010-01-07,5.059999942779541,5.429999828338623,5.050000190734863,5.239999771118164,4.939964771270752,14033400,1141.68994140625
2010-01-08,5.269999980926514,5.429999828338623,5.059999942779541,5.139999866485596,4.84568977355957,12760000,1144.97998046875
2010-01-11,5.130000114440918,5.230000019073486,4.940000057220459,5.039999961853027,4.75141716003418,10952900,1146.97998046875
2010-01-12,5.059999942779541,5.150000095367432,4.960000038146973,5.079999923706055,4.789126396179199,7870300,1136.219970703125
2010-01-13,5.119999885559082,5.5,5.019999980926514,5.480000019073486,5.166224002838135,16400500,1145.6800537109375
2010-01-14,5.460000038146973,5.710000038146973,5.409999847412109,5.590000152587891,5.269923686981201,12767100,1148.4599609375
2010-01-15,5.639999866485596,5.840000152587891,5.429999828338623,5.5,5.185077667236328,10985300,1136.030029296875
2010-01-19,5.5,5.730000019073486,5.5,5.639999866485596,5.317061901092529,7807700,1150.22998046875
2010-01-20,5.650000095367432,5.889999866485596,5.610000133514404,5.739999771118164,5.411336421966553,13289100,1138.0400390625
2010-01-21,5.880000114440918,5.960000038146973,5.420000076293945,5.460000038146973,5.14736795425415,15641000,1116.47998046875
2010-01-22,5.480000019073486,5.519999980926514,5.110000133514404,5.239999771118164,4.939964771270752,11463400,1091.760009765625
2010-01-25,5.340000152587891,5.5,5.150000095367432,5.21999979019165,4.921109676361084,8168200,1096.780029296875
2010-01-26,5.210000038146973,5.28000020980835,5.050000190734863,5.050000190734863,4.76084566116333,8787500,1092.1700439453125
2010-01-27,5.099999904632568,5.170000076293945,4.46999979019165,4.860000133514404,4.581723213195801,21655400,1097.5
2010-01-28,4.989999771118164,5.21999979019165,4.710000038146973,5.139999866485596,4.84568977355957,19157300,1084.530029296875
2010-01-29,5.230000019073486,5.610000133514404,5.170000076293945,5.309999942779541,5.00595760345459,19094600,1073.8699951171875
2010-02-01,5.429999828338623,5.630000114440918,5.349999904632568,5.599999904632568,5.279352188110352,10965100,1089.18994140625
2010-02-02,5.650000095367432,6.0,5.619999885559082,5.960000038146973,5.618739604949951,14363700,1103.3199462890625
2010-02-03,5.940000057220459,5.980000019073486,5.650000095367432,5.659999847412109,5.335916996002197,9137400,1097.280029296875
2010-02-04,5.820000171661377,5.820000171661377,5.46999979019165,5.489999771118164,5.175649166107178,11591200,1063.1099853515625
2010-02-05,5.5,6.03000020980835,5.429999828338623,5.889999866485596,5.552747249603272,18555800,1066.18994140625
2010-02-08,5.880000114440918,6.110000133514404,5.820000171661377,5.929999828338623,5.590456962585449,9765900,1056.739990234375
2010-02-09,6.150000095367432,6.489999771118164,6.150000095367432,6.440000057220459,6.071254730224609,20482500,1070.52001953125
2010-02-10,6.389999866485596,6.429999828338623,6.210000038146973,6.309999942779541,5.948699474334717,9782200,1068.1300048828125
2010-02-11,6.300000190734863,6.519999980926514,6.21999979019165,6.320000171661377,5.958127021789551,14084500,1078.469970703125
2010-02-12,6.269999980926514,6.909999847412109,6.190000057220459,6.809999942779541,6.420069217681885,17096200,1075.510009765625
2010-02-16,6.929999828338623,7.0,6.75,6.880000114440918,6.4860615730285645,21834000,1094.8699951171875
2010-02-17,6.889999866485596,6.96999979019165,6.760000228881836,6.800000190734863,6.410642147064209,9148800,1099.510009765625
2010-02-18,6.75,6.809999942779541,6.650000095367432,6.730000019073486,6.344649791717529,6967700,1106.75
2010-02-19,6.650000095367432,6.960000038146973,6.650000095367432,6.929999828338623,6.533198833465576,6210700,1109.1700439453125
2010-02-22,6.96999979019165,7.230000019073486,6.96999979019165,7.019999980926514,6.618045806884766,11828600,1108.010009765625
2010-02-23,7.090000152587891,7.230000019073486,6.920000076293945,7.090000152587891,6.684035778045654,13810400,1094.5999755859375
2010-02-24,7.139999866485596,7.210000038146973,7.059999942779541,7.170000076293945,6.75945520401001,8840200,1105.239990234375
2010-02-25,7.059999942779541,7.139999866485596,6.909999847412109,7.079999923706055,6.674609661102295,7673100,1102.93994140625
2010-02-26,7.059999942779541,7.400000095367432,7.059999942779541,7.329999923706055,6.910294532775879,8577100,1104.489990234375
2010-03-01,7.409999847412109,7.75,7.400000095367432,7.690000057220459,7.2496819496154785,15370200,1115.7099609375
2010-03-02,7.739999771118164,7.820000171661377,7.5,7.679999828338623,7.240254402160644,9444100,1118.31005859375
2010-03-03,7.510000228881836,7.630000114440918,7.170000076293945,7.46999979019165,7.04227876663208,17457100,1118.7900390625
2010-03-04,7.480000019073486,7.550000190734863,7.239999771118164,7.320000171661377,6.900867938995361,8061900,1122.969970703125
2010-03-05,7.429999828338623,7.480000019073486,7.309999942779541,7.429999828338623,7.0045695304870605,6454500,1138.699951171875
2010-03-08,7.449999809265137,7.570000171661377,7.300000190734863,7.320000171661377,6.900867938995361,6272800,1138.5
2010-03-09,7.380000114440918,7.929999828338623,7.369999885559082,7.710000038146973,7.268537521362305,13877600,1140.449951171875
2010-03-10,7.800000190734863,8.170000076293945,7.800000190734863,7.940000057220459,7.4853668212890625,9490400,1145.6099853515625
2010-03-11,7.920000076293945,7.940000057220459,7.650000095367432,7.840000152587891,7.3910932540893555,7152300,1150.239990234375
2010-03-12,7.96999979019165,8.0,7.710000038146973,7.949999809265137,7.494794368743896,11332300,1149.989990234375
2010-03-15,7.880000114440918,7.929999828338623,7.71999979019165,7.900000095367432,7.447657585144043,4790900,1150.510009765625
2010-03-16,7.929999828338623,7.960000038146973,7.730000019073486,7.769999980926514,7.325101852416992,5915400,1159.4599609375
2010-03-17,7.710000038146973,7.800000190734863,7.5,7.590000152587891,7.155406951904297,6795600,1166.2099609375
2010-03-18,7.550000190734863,7.730000019073486,7.5,7.5,7.070561408996582,4770400,1165.8299560546875
2010-03-19,7.099999904632568,7.539999961853027,7.070000171661377,7.099999904632568,6.693464279174805,8532000,1159.9000244140625
2010-03-22,7.079999923706055,7.380000114440918,6.809999942779541,7.269999980926514,6.853730201721191,8027200,1165.81005859375
2010-03-23,7.340000152587891,7.409999847412109,7.099999904632568,7.389999866485596,6.966859817504883,4717900,1174.1700439453125
2010-03-24,7.269999980926514,7.519999980926514,7.269999980926514,7.409999847412109,6.985713481903076,4582900,1167.719970703125
2010-03-25,7.460000038146973,7.699999809265137,7.340000152587891,7.369999885559082,6.948004245758057,5305800,1165.72998046875
2010-03-26,7.420000076293945,7.610000133514404,7.28000020980835,7.300000190734863,6.882013320922852,4264400,1166.5899658203125
2010-03-29,7.440000057220459,7.460000038146973,7.25,7.320000171661377,6.900867938995361,2837000,1173.219970703125
2010-03-30,7.309999942779541,7.400000095367432,7.190000057220459,7.21999979019165,6.806593418121338,3104800,1173.27001953125
2010-03-31,7.179999828338623,7.460000038146973,7.090000152587891,7.349999904632568,6.929150104522705,5262600,1169.4300537109375
2010-04-01,7.369999885559082,7.489999771118164,7.300000190734863,7.400000095367432,6.9762864112854,3534900,1178.0999755859375
2010-04-05,7.460000038146973,7.489999771118164,7.0,7.130000114440918,6.721746921539307,9860000,1187.43994140625
2010-04-06,7.119999885559082,7.28000020980835,7.010000228881836,7.079999923706055,6.674609661102295,6968700,1189.43994140625
2010-04-07,7.059999942779541,7.119999885559082,6.679999828338623,6.820000171661377,6.429497718811035,14103100,1182.449951171875
2010-04-08,7.840000152587891,7.869999885559082,7.440000057220459,7.550000190734863,7.117699146270752,52354500,1186.43994140625
2010-04-09,7.550000190734863,7.610000133514404,7.190000057220459,7.320000171661377,6.900867938995361,13561500,1194.3699951171875
2010-04-12,7.400000095367432,7.659999847412109,7.400000095367432,7.619999885559082,7.183690071105957,12738800,1196.47998046875
2010-04-13,7.659999847412109,7.699999809265137,7.309999942779541,7.489999771118164,7.061132907867432,9568600,1197.300048828125
2010-04-14,7.539999961853027,7.630000114440918,7.369999885559082,7.420000076293945,6.995141506195068,14569200,1210.6500244140625
2010-04-15,7.46999979019165,7.489999771118164,7.25,7.409999847412109,6.985713481903076,15963500,1211.6700439453125
2010-04-16,7.420000076293945,7.420000076293945,7.010000228881836,7.150000095367432,6.740601539611816,10615100,1192.1300048828125
2010-04-19,7.010000228881836,7.170000076293945,6.880000114440918,6.889999866485596,6.495488166809082,13149800,1197.52001953125
2010-04-20,6.989999771118164,7.139999866485596,6.900000095367432,7.139999866485596,6.731175422668457,9373100,1207.1700439453125
2010-04-21,7.130000114440918,7.179999828338623,6.610000133514404,6.760000228881836,6.372931003570557,14816600,1205.93994140625
2010-04-22,6.659999847412109,6.909999847412109,6.289999961853027,6.46999979019165,6.0995378494262695,24632000,1208.6700439453125
2010-04-23,6.449999809265137,6.670000076293945,6.28000020980835,6.630000114440918,6.250377178192139,13416700,1217.280029296875
2010-04-26,6.679999828338623,6.71999979019165,6.449999809265137,6.480000019073486,6.108965873718262,12412100,1212.050048828125
2010-04-27,6.679999828338623,6.849999904632568,6.269999980926514,6.329999923706055,5.967553615570068,19599100,1183.7099609375
2010-04-28,6.639999866485596,7.389999866485596,6.329999923706055,7.320000171661377,6.900867938995361,29025100,1191.3599853515625
2010-04-29,7.320000171661377,7.449999809265137,7.079999923706055,7.329999923706055,6.910294532775879,14635400,1206.780029296875
2010-04-30,7.309999942779541,7.570000171661377,7.03000020980835,7.070000171661377,6.665182113647461,11825800,1186.68994140625
2010-05-03,7.210000038146973,7.449999809265137,7.130000114440918,7.389999866485596,6.966859817504883,9169100,1202.260009765625
2010-05-04,7.289999961853027,7.289999961853027,6.760000228881836,6.860000133514404,6.467206954956055,10927700,1173.5999755859375
2010-05-05,6.75,7.170000076293945,6.409999847412109,6.929999828338623,6.533198833465576,10337200,1165.8699951171875
2010-05-06,6.849999904632568,7.090000152587891,5.699999809265137,6.389999866485596,6.024118423461914,21421000,1128.1500244140625
2010-05-07,6.460000038146973,6.78000020980835,6.099999904632568,6.380000114440918,6.01469087600708,16288300,1110.8800048828125
2010-05-10,6.880000114440918,6.960000038146973,6.659999847412109,6.949999809265137,6.552051544189453,8864600,1159.72998046875
2010-05-11,6.789999961853027,6.940000057220459,6.699999809265137,6.829999923706055,6.438924312591553,10397200,1155.7900390625
2010-05-12,6.889999866485596,7.309999942779541,6.869999885559082,7.300000190734863,6.882013320922852,9395100,1171.6700439453125
2010-05-13,7.340000152587891,7.570000171661377,7.199999809265137,7.239999771118164,6.8254475593566895,8830000,1157.43994140625
2010-05-14,7.099999904632568,7.199999809265137,6.900000095367432,7.090000152587891,6.684035778045654,10422900,1135.6800537109375
2010-05-17,7.059999942779541,7.300000190734863,6.829999923706055,7.179999828338623,6.76888370513916,10667000,1136.93994140625
2010-05-18,7.320000171661377,7.320000171661377,6.920000076293945,7.0,6.599190711975098,6706500,1120.800048828125
2010-05-19,6.949999809265137,7.429999828338623,6.860000133514404,7.400000095367432,6.9762864112854,20272600,1115.050048828125
2010-05-20,7.099999904632568,7.230000019073486,6.809999942779541,6.840000152587891,6.448352336883545,12820800,1071.5899658203125
2010-05-21,6.619999885559082,7.300000190734863,6.599999904632568,7.210000038146973,6.797166347503662,11074700,1087.68994140625
2010-05-24,7.190000057220459,7.480000019073486,7.03000020980835,7.039999961853027,6.636899948120117,8184300,1073.6500244140625
2010-05-25,7.079999923706055,7.889999866485596,6.96999979019165,7.809999942779541,7.362810611724853,21409100,1074.030029296875
2010-05-26,7.920000076293945,8.84000015258789,7.840000152587891,8.449999809265137,7.966165542602539,30351100,1067.949951171875
2010-05-27,8.729999542236328,8.819999694824219,8.430000305175781,8.739999771118164,8.2395601272583,13400800,1103.06005859375
2010-05-28,8.729999542236328,8.970000267028809,8.550000190734863,8.829999923706055,8.324406623840332,11068300,1089.4100341796875
2010-06-01,8.640000343322754,8.970000267028809,8.550000190734863,8.640000343322754,8.145288467407227,9995500,1070.7099609375
2010-06-02,8.819999694824219,9.550000190734863,8.819999694824219,9.4399995803833,8.8994779586792,19181700,1098.3800048828125
2010-06-03,9.550000190734863,9.640000343322754,8.989999771118164,9.210000038146973,8.682646751403809,11392800,1102.8299560546875
2010-06-04,8.84000015258789,9.029999732971191,8.5600004196167,8.59000015258789,8.098151206970215,10195600,1064.8800048828125
2010-06-07,8.829999923706055,8.829999923706055,8.180000305175781,8.350000381469727,7.87189245223999,15159600,1050.469970703125
2010-06-08,8.550000190734863,8.649999618530273,8.15999984741211,8.579999923706055,8.088722229003906,9899100,1062.0
2010-06-09,8.59000015258789,8.880000114440918,8.4399995803833,8.529999732971191,8.041583061218262,10296500,1055.68994140625
2010-06-10,8.930000305175781,9.239999771118164,8.819999694824219,9.15999984741211,8.63551139831543,10983900,1086.8399658203125
2010-06-11,9.010000228881836,9.93000030517578,8.930000305175781,9.93000030517578,9.36142349243164,14799100,1091.5999755859375
2010-06-14,10.149999618530272,10.270000457763672,9.649999618530272,9.65999984741211,9.106882095336914,12580500,1089.6300048828125
2010-06-15,9.829999923706056,10.510000228881836,9.829999923706056,10.460000038146973,9.86107349395752,15766900,1115.22998046875
2010-06-16,10.300000190734863,10.869999885559082,10.25,10.56999969482422,9.9647798538208,16053000,1114.6099853515625
2010-06-17,10.619999885559082,10.859999656677246,10.4399995803833,10.739999771118164,10.125041961669922,7690000,1116.0400390625
2010-06-18,10.630000114440918,10.800000190734863,10.239999771118164,10.4399995803833,9.842219352722168,8447400,1117.510009765625
2010-06-21,10.600000381469728,10.699999809265137,9.869999885559082,10.0,9.427412986755373,10743800,1113.199951171875
2010-06-22,9.920000076293944,10.149999618530272,9.329999923706056,9.470000267028809,8.92776107788086,13328000,1095.31005859375
2010-06-23,9.550000190734863,9.770000457763672,9.380000114440918,9.579999923706056,9.03146266937256,5844200,1092.0400390625
2010-06-24,9.5600004196167,9.93000030517578,9.4399995803833,9.56999969482422,9.022039413452148,7046400,1073.68994140625
2010-06-25,9.59000015258789,9.640000343322754,9.079999923706056,9.15999984741211,8.63551139831543,8991700,1076.760009765625
2010-06-28,9.1899995803833,9.420000076293944,9.079999923706056,9.079999923706056,8.560091018676758,5944900,1074.5699462890625
2010-06-29,8.9399995803833,8.9399995803833,8.479999542236328,8.539999961853027,8.051011085510254,7837100,1041.239990234375
2010-06-30,8.729999542236328,9.050000190734863,8.510000228881836,8.609999656677246,8.117002487182617,7687900,1030.7099609375
2010-07-01,8.619999885559082,8.970000267028809,8.220000267028809,8.649999618530273,8.15471363067627,9042500,1027.3699951171875
2010-07-02,8.710000038146973,8.789999961853027,8.0600004196167,8.1899995803833,7.721052646636963,7280100,1022.5800170898438
2010-07-06,8.5,8.630000114440918,8.020000457763672,8.079999923706055,7.617351055145264,7195200,1028.06005859375
2010-07-07,8.359999656677246,9.350000381469728,8.270000457763672,9.31999969482422,8.786352157592773,14156600,1060.27001953125
2010-07-08,9.390000343322754,9.609999656677246,9.119999885559082,9.539999961853027,8.993753433227539,8351200,1070.25
2010-07-09,9.489999771118164,9.649999618530272,9.270000457763672,9.539999961853027,8.993753433227539,6569400,1077.9599609375
2010-07-12,9.460000038146973,9.630000114440918,9.100000381469728,9.199999809265137,8.673221588134766,6380700,1078.75
2010-07-13,9.350000381469728,9.550000190734863,9.289999961853027,9.329999923706056,8.795777320861816,8415400,1095.3399658203125
2010-07-14,9.279999732971191,9.4399995803833,9.170000076293944,9.279999732971191,8.748641967773438,5781100,1095.1700439453125
2010-07-15,9.270000457763672,9.289999961853027,8.850000381469727,9.109999656677246,8.588374137878418,6418800,1096.47998046875
2010-07-16,8.989999771118164,9.100000381469728,8.850000381469727,8.949999809265137,8.43753719329834,8012900,1064.8800048828125
2010-07-19,9.0,9.0,8.050000190734863,8.619999885559082,8.126433372497559,15840800,1071.25
2010-07-20,8.5,8.949999809265137,8.5,8.920000076293945,8.40925407409668,6788300,1083.47998046875
2010-07-21,9.449999809265137,9.8100004196167,9.15999984741211,9.210000038146973,8.682646751403809,20595500,1069.5899658203125
2010-07-22,9.449999809265137,9.949999809265137,9.449999809265137,9.850000381469728,9.286005020141602,14386700,1093.6700439453125
2010-07-23,9.770000457763672,10.399999618530272,9.760000228881836,10.350000381469728,9.75737476348877,12390000,1102.6600341796875
2010-07-26,10.399999618530272,10.9399995803833,10.369999885559082,10.90999984741211,10.285311698913574,10034700,1115.010009765625
2010-07-27,11.100000381469728,11.149999618530272,10.40999984741211,10.539999961853027,9.936495780944824,10531300,1113.8399658203125
2010-07-28,10.420000076293944,10.859999656677246,10.399999618530272,10.619999885559082,10.01191520690918,6602800,1106.1300048828125
2010-07-29,10.739999771118164,10.84000015258789,10.3100004196167,10.65999984741211,10.0496244430542,7346000,1101.530029296875
2010-07-30,10.329999923706056,10.899999618530272,10.31999969482422,10.850000381469728,10.228744506835938,8362300,1101.5999755859375
2010-08-02,11.0,11.399999618530272,10.640000343322754,10.640000343322754,10.030769348144531,14833300,1125.8599853515625
2010-08-03,10.699999809265137,10.739999771118164,10.220000267028809,10.65999984741211,10.0496244430542,11759400,1120.4599609375
2010-08-04,10.770000457763672,10.90999984741211,9.75,10.029999732971191,9.455697059631348,16638900,1127.239990234375
2010-08-05,10.010000228881836,10.020000457763672,9.59000015258789,9.640000343322754,9.088027000427246,10034000,1125.81005859375
2010-08-06,9.529999732971191,9.710000038146973,9.31999969482422,9.489999771118164,8.946616172790527,7772100,1121.6400146484375
2010-08-09,9.630000114440918,9.800000190734863,9.40999984741211,9.729999542236328,9.172874450683594,6493700,1127.7900390625
2010-08-10,9.539999961853027,9.829999923706056,9.380000114440918,9.720000267028809,9.163446426391602,6078600,1121.06005859375
2010-08-11,9.359999656677246,9.489999771118164,9.020000457763672,9.130000114440918,8.607230186462402,9429600,1089.469970703125
2010-08-12,8.930000305175781,9.470000267028809,8.819999694824219,9.229999542236328,8.701504707336426,6786200,1083.6099853515625
2010-08-13,9.210000038146973,9.350000381469728,9.0600004196167,9.140000343322754,8.616657257080078,3661400,1079.25
2010-08-16,9.0600004196167,9.329999923706056,8.949999809265137,9.210000038146973,8.682646751403809,3448300,1079.3800048828125
2010-08-17,9.31999969482422,9.65999984741211,9.210000038146973,9.5,8.95604419708252,6308400,1092.5400390625
2010-08-18,9.489999771118164,9.710000038146973,9.420000076293944,9.609999656677246,9.059746742248535,3411600,1094.1600341796875
2010-08-19,9.59000015258789,9.829999923706056,9.1899995803833,9.1899995803833,8.66379165649414,8988500,1075.6300048828125
2010-08-20,9.109999656677246,9.18000030517578,8.789999961853027,9.100000381469728,8.578948020935059,6564900,1071.68994140625
2010-08-23,9.210000038146973,9.479999542236328,8.869999885559082,8.890000343322754,8.380971908569336,6120100,1067.3599853515625
2010-08-24,8.6899995803833,8.930000305175781,8.529999732971191,8.75,8.248988151550293,8075700,1051.8699951171875
2010-08-25,8.710000038146973,8.789999961853027,8.420000076293945,8.779999732971191,8.277271270751953,6686200,1055.3299560546875
2010-08-26,8.90999984741211,9.020000457763672,8.630000114440918,8.640000343322754,8.145288467407227,3823900,1047.219970703125
2010-08-27,8.829999923706055,9.220000267028809,8.399999618530273,9.149999618530272,8.626084327697754,7776600,1064.5899658203125
2010-08-30,9.229999542236328,9.529999732971191,8.859999656677246,8.869999885559082,8.362115859985352,7256700,1048.9200439453125
2010-08-31,8.75,9.199999809265137,8.65999984741211,9.039999961853027,8.522380828857422,7178900,1049.3299560546875
2010-09-01,9.329999923706056,9.59000015258789,9.170000076293944,9.5600004196167,9.01261043548584,7020000,1080.2900390625
2010-09-02,9.59000015258789,9.789999961853027,9.460000038146973,9.649999618530272,9.097455978393556,5675800,1090.0999755859375
2010-09-03,9.90999984741211,10.170000076293944,9.789999961853027,9.970000267028809,9.399133682250977,4815600,1104.510009765625
2010-09-07,9.880000114440918,9.899999618530272,9.520000457763672,9.539999961853027,8.993753433227539,4075800,1091.8399658203125
2010-09-08,9.56999969482422,9.699999809265137,9.399999618530272,9.489999771118164,8.946616172790527,3521100,1098.8699951171875
2010-09-09,9.720000267028809,9.720000267028809,9.039999961853027,9.109999656677246,8.588374137878418,7502600,1104.1800537109375
2010-09-10,9.18000030517578,9.210000038146973,8.760000228881836,8.789999961853027,8.286697387695312,8170600,1109.550048828125
2010-09-13,9.06999969482422,9.06999969482422,8.59000015258789,8.600000381469727,8.10757827758789,8151100,1121.9000244140625
2010-09-14,8.649999618530273,9.010000228881836,8.510000228881836,8.779999732971191,8.277271270751953,7715900,1121.0999755859375
2010-09-15,8.739999771118164,9.0,8.720000267028809,8.90999984741211,8.399827003479004,3523400,1125.0699462890625
2010-09-16,8.869999885559082,9.140000343322754,8.640000343322754,9.119999885559082,8.597801208496094,6586900,1124.6600341796875
2010-09-17,9.18000030517578,9.199999809265137,8.949999809265137,9.079999923706056,8.560091018676758,6530700,1125.5899658203125
2010-09-20,9.100000381469728,9.31999969482422,9.079999923706056,9.210000038146973,8.682646751403809,3991100,1142.7099609375
2010-09-21,9.3100004196167,9.59000015258789,9.229999542236328,9.539999961853027,8.993753433227539,7863100,1139.780029296875
2010-09-22,9.489999771118164,9.529999732971191,8.84000015258789,8.960000038146973,8.446966171264648,10195300,1134.280029296875
2010-09-23,8.84000015258789,9.0,8.760000228881836,8.829999923706055,8.324406623840332,6472100,1124.8299560546875
2010-09-24,8.970000267028809,9.029999732971191,8.90999984741211,8.989999771118164,8.47524642944336,4193600,1148.6700439453125
2010-09-27,9.279999732971191,9.550000190734863,9.25,9.289999961853027,8.758070945739746,8289300,1142.1600341796875
2010-09-28,9.31999969482422,9.369999885559082,9.130000114440918,9.239999771118164,8.710930824279785,5156800,1147.699951171875
2010-09-29,9.239999771118164,9.260000228881836,9.050000190734863,9.0600004196167,8.541237831115723,4853200,1144.72998046875
2010-09-30,9.140000343322754,9.270000457763672,9.050000190734863,9.25,8.720357894897461,5015900,1141.199951171875
2010-10-01,9.289999961853027,9.390000343322754,9.210000038146973,9.289999961853027,8.758070945739746,3603800,1146.239990234375
2010-10-04,9.239999771118164,9.479999542236328,9.050000190734863,9.119999885559082,8.597801208496094,3856800,1137.030029296875
2010-10-05,9.270000457763672,9.350000381469728,9.149999618530272,9.229999542236328,8.701504707336426,3896600,1160.75
2010-10-06,9.270000457763672,9.399999618530272,9.149999618530272,9.229999542236328,8.701504707336426,3230200,1159.969970703125
2010-10-07,9.300000190734863,9.3100004196167,9.06999969482422,9.239999771118164,8.710930824279785,3877700,1158.06005859375
2010-10-08,9.220000267028809,9.260000228881836,9.0,9.06999969482422,8.550663948059082,4455700,1165.1500244140625
2010-10-11,9.0600004196167,9.15999984741211,9.0,9.0,8.484674453735352,2231500,1165.3199462890625
2010-10-12,9.020000457763672,9.56999969482422,8.9399995803833,9.550000190734863,9.003181457519531,10884900,1169.77001953125
2010-10-13,9.670000076293944,9.899999618530272,9.649999618530272,9.800000190734863,9.238866806030272,7754800,1178.0999755859375
2010-10-14,9.760000228881836,9.8100004196167,9.619999885559082,9.779999732971191,9.220013618469238,3760500,1173.81005859375
2010-10-15,9.850000381469728,9.880000114440918,9.68000030517578,9.699999809265137,9.144591331481934,3410500,1176.18994140625
2010-10-18,9.789999961853027,10.140000343322754,9.699999809265137,10.119999885559082,9.54054355621338,6040200,1184.7099609375
2010-10-19,9.9399995803833,10.239999771118164,9.850000381469728,10.09000015258789,9.51226043701172,8197200,1165.9000244140625
2010-10-20,10.5,11.050000190734863,10.399999618530272,10.84000015258789,10.219318389892578,19890000,1178.1700439453125
2010-10-21,10.9399995803833,11.039999961853027,10.550000190734863,10.75,10.134471893310549,9956400,1180.260009765625
2010-10-22,10.770000457763672,10.850000381469728,10.579999923706056,10.8100004196167,10.191036224365234,3485500,1183.0799560546875
2010-10-25,10.970000267028809,11.710000038146973,10.90999984741211,11.579999923706056,10.916942596435549,12724300,1185.6199951171875
2010-10-26,11.470000267028809,11.829999923706056,11.350000381469728,11.729999542236328,11.058356285095217,9933800,1185.6400146484375
2010-10-27,11.65999984741211,12.0,11.529999732971191,12.0,11.31289768218994,6854000,1182.449951171875
2010-10-28,12.020000457763672,12.239999771118164,11.760000228881836,11.880000114440918,11.199769020080566,6836500,1183.780029296875
2010-10-29,11.8100004196167,11.970000267028809,11.470000267028809,11.789999961853027,11.114919662475586,5499700,1183.260009765625
2010-11-01,11.880000114440918,11.880000114440918,11.489999771118164,11.65999984741211,10.99236297607422,4875500,1184.3800048828125
2010-11-02,11.75,11.920000076293944,11.550000190734863,11.920000076293944,11.237479209899902,3393600,1193.5699462890625
2010-11-03,11.93000030517578,12.119999885559082,11.869999885559082,12.06999969482422,11.378888130187988,5059800,1197.9599609375
2010-11-04,12.239999771118164,12.260000228881836,11.550000190734863,11.5600004196167,10.89809226989746,10437800,1221.06005859375
2010-11-05,11.600000381469728,11.789999961853027,11.529999732971191,11.56999969482422,10.907515525817873,5840100,1225.8499755859375
2010-11-08,11.56999969482422,11.630000114440918,11.039999961853027,11.229999542236328,10.58698844909668,8714900,1223.25
2010-11-09,11.359999656677246,11.390000343322754,10.869999885559082,10.989999771118164,10.36072826385498,5591600,1213.4000244140625
2010-11-10,11.020000457763672,11.140000343322754,10.710000038146973,10.779999732971191,10.16275405883789,5518700,1218.7099609375
2010-11-11,10.68000030517578,10.9399995803833,10.550000190734863,10.81999969482422,10.200461387634276,3979000,1213.5400390625
2010-11-12,10.670000076293944,10.880000114440918,10.59000015258789,10.630000114440918,10.021340370178224,3097700,1199.2099609375
2010-11-15,10.649999618530272,10.789999961853027,10.510000228881836,10.710000038146973,10.096759796142578,3616900,1197.75
2010-11-16,10.619999885559082,11.0600004196167,10.600000381469728,10.6899995803833,10.077906608581545,6429600,1178.3399658203125
2010-11-17,10.75,10.829999923706056,10.619999885559082,10.699999809265137,10.087332725524902,3424300,1178.5899658203125
2010-11-18,10.81999969482422,11.210000038146973,10.779999732971191,11.020000457763672,10.38901138305664,5275000,1196.68994140625
2010-11-19,10.979999542236328,11.15999984741211,10.850000381469728,11.079999923706056,10.445574760437012,3227000,1199.72998046875
2010-11-22,10.989999771118164,11.210000038146973,10.899999618530272,11.18000030517578,10.539847373962402,3508200,1197.8399658203125
2010-11-23,11.039999961853027,11.109999656677246,10.899999618530272,11.100000381469728,10.46442985534668,3572000,1180.72998046875
2010-11-24,11.220000267028809,11.880000114440918,11.210000038146973,11.739999771118164,11.06778335571289,7712500,1198.3499755859375
2010-11-26,11.859999656677246,11.979999542236328,11.609999656677246,11.699999809265137,11.030076026916504,2492400,1189.4000244140625
2010-11-29,11.619999885559082,11.789999961853027,11.15999984741211,11.279999732971191,10.63412380218506,6213900,1187.760009765625
2010-11-30,11.18000030517578,11.34000015258789,11.010000228881836,11.15999984741211,10.52099609375,3925200,1180.550048828125
2010-12-01,11.34000015258789,11.43000030517578,11.0600004196167,11.260000228881836,10.615266799926758,3960400,1206.0699462890625
2010-12-02,11.25,11.369999885559082,11.029999732971191,11.109999656677246,10.473857879638672,4369900,1221.530029296875
2010-12-03,11.079999923706056,11.109999656677246,10.90999984741211,11.039999961853027,10.407864570617676,4250600,1224.7099609375
2010-12-06,11.0,11.18000030517578,10.9399995803833,11.149999618530272,10.511568069458008,4366200,1223.1199951171875
2010-12-07,11.3100004196167,11.31999969482422,10.550000190734863,10.550000190734863,9.945921897888184,8465700,1223.75
2010-12-08,10.619999885559082,11.0,10.390000343322754,10.970000267028809,10.341874122619627,6913200,1228.280029296875
2010-12-09,11.050000190734863,11.079999923706056,10.770000457763672,10.90999984741211,10.285311698913574,4127800,1233.0
2010-12-10,10.949999809265137,11.0,10.619999885559082,10.93000030517578,10.30416202545166,2984700,1240.4000244140625
2010-12-13,10.93000030517578,11.020000457763672,10.5,10.510000228881836,9.90821361541748,5254100,1240.4599609375
2010-12-14,10.5600004196167,10.859999656677246,10.510000228881836,10.529999732971191,9.927067756652832,4353300,1241.5899658203125
2010-12-15,10.630000114440918,10.630000114440918,10.130000114440918,10.140000343322754,9.55939769744873,5150200,1235.22998046875
2010-12-16,10.18000030517578,10.289999961853027,10.130000114440918,10.130000114440918,9.549969673156738,3652300,1242.8699951171875
2010-12-17,10.15999984741211,10.260000228881836,10.0,10.0600004196167,9.483980178833008,4170500,1243.9100341796875
2010-12-20,10.020000457763672,10.350000381469728,10.020000457763672,10.18000030517578,9.597107887268066,3808600,1247.0799560546875
2010-12-21,10.199999809265137,10.550000190734863,10.199999809265137,10.520000457763672,9.917640686035156,4933600,1254.5999755859375
2010-12-22,10.539999961853027,10.600000381469728,10.260000228881836,10.31999969482422,9.729090690612791,3112800,1258.8399658203125
2010-12-23,10.300000190734863,10.420000076293944,9.890000343322754,9.90999984741211,9.342567443847656,5246300,1256.77001953125
2010-12-27,9.93000030517578,9.93000030517578,9.800000190734863,9.869999885559082,9.30486011505127,2038000,1257.5400390625
2010-12-28,9.899999618530272,9.989999771118164,9.800000190734863,9.890000343322754,9.323713302612305,3389700,1258.510009765625
2010-12-29,9.949999809265137,10.15999984741211,9.850000381469728,10.140000343322754,9.55939769744873,2678200,1259.780029296875
2010-12-30,10.15999984741211,10.25,10.050000190734863,10.130000114440918,9.549969673156738,1899200,1257.8800048828125
2010-12-31,10.15999984741211,10.1899995803833,9.949999809265137,10.010000228881836,9.436841011047363,2191900,1257.6400146484375
2011-01-03,10.109999656677246,10.710000038146973,10.079999923706056,10.649999618530272,10.040194511413574,7465800,1271.8699951171875
2011-01-04,10.729999542236328,10.81999969482422,10.460000038146973,10.619999885559082,10.01191520690918,5374700,1270.199951171875
2011-01-05,10.739999771118164,11.350000381469728,10.729999542236328,11.100000381469728,10.46442985534668,8735800,1276.56005859375
2011-01-06,11.149999618530272,11.329999923706056,11.100000381469728,11.239999771118164,10.596412658691406,4464100,1273.8499755859375
2011-01-07,11.199999809265137,11.399999618530272,11.100000381469728,11.399999618530272,10.747251510620115,4367100,1271.5
2011-01-10,11.289999961853027,11.5600004196167,11.25,11.470000267028809,10.81324291229248,4006900,1269.75
2011-01-11,11.369999885559082,11.4399995803833,10.770000457763672,10.970000267028809,10.341874122619627,6168400,1274.47998046875
2011-01-12,10.869999885559082,10.970000267028809,10.75,10.880000114440918,10.25702667236328,5974600,1285.9599609375
2011-01-13,10.829999923706056,11.029999732971191,10.789999961853027,10.890000343322754,10.266456604003906,2383500,1283.760009765625
2011-01-14,10.84000015258789,10.90999984741211,10.75,10.789999961853027,10.172178268432615,2627800,1293.239990234375
2011-01-18,10.710000038146973,10.710000038146973,10.06999969482422,10.119999885559082,9.54054355621338,6080000,1295.02001953125
2011-01-19,10.210000038146973,10.609999656677246,9.9399995803833,10.029999732971191,9.455697059631348,7070600,1281.9200439453125
2011-01-20,9.979999542236328,10.300000190734863,9.670000076293944,10.25,9.663101196289062,7261600,1280.260009765625
2011-01-21,10.229999542236328,10.300000190734863,9.81999969482422,9.829999923706056,9.2671480178833,6149200,1283.3499755859375
2011-01-24,9.869999885559082,10.130000114440918,9.850000381469728,10.100000381469728,9.52169132232666,8032000,1290.8399658203125
2011-01-25,10.149999618530272,10.210000038146973,9.899999618530272,10.130000114440918,9.549969673156738,4904300,1291.1800537109375
2011-01-26,10.5600004196167,11.279999732971191,10.489999771118164,10.800000190734863,10.18160915374756,18712800,1296.6300048828125
2011-01-27,10.850000381469728,11.210000038146973,10.710000038146973,11.050000190734863,10.4172945022583,8105600,1299.5400390625
2011-01-28,11.010000228881836,11.09000015258789,10.010000228881836,10.15999984741211,9.578252792358398,12193100,1276.3399658203125
2011-01-31,10.1899995803833,10.529999732971191,9.890000343322754,9.920000076293944,9.35199737548828,7896200,1286.1199951171875
2011-02-01,9.970000267028809,10.130000114440918,9.90999984741211,9.90999984741211,9.342567443847656,7210700,1307.5899658203125
2011-02-02,9.899999618530272,9.899999618530272,9.510000228881836,9.520000457763672,8.974898338317871,11711100,1304.030029296875
2011-02-03,9.539999961853027,9.8100004196167,9.539999961853027,9.59000015258789,9.0408935546875,7497900,1307.0999755859375
2011-02-04,9.5,9.5,9.210000038146973,9.239999771118164,8.710930824279785,14741000,1310.8699951171875
2011-02-07,9.289999961853027,9.81999969482422,9.279999732971191,9.720000267028809,9.163446426391602,9401400,1319.050048828125
2011-02-08,9.850000381469728,10.100000381469728,9.8100004196167,9.880000114440918,9.314284324645996,7856100,1324.5699462890625
2011-02-09,9.949999809265137,9.960000038146973,9.760000228881836,9.880000114440918,9.314284324645996,5590900,1320.8800048828125
2011-02-10,9.829999923706056,9.9399995803833,9.649999618530272,9.850000381469728,9.286005020141602,11182000,1321.8699951171875
2011-02-11,9.779999732971191,10.199999809265137,9.770000457763672,10.130000114440918,9.549969673156738,5667600,1329.1500244140625
2011-02-14,10.18000030517578,10.199999809265137,9.90999984741211,9.970000267028809,9.399133682250977,4085900,1332.3199462890625
2011-02-15,10.06999969482422,10.140000343322754,9.970000267028809,10.079999923706056,9.50283432006836,3795500,1328.010009765625
2011-02-16,10.149999618530272,10.210000038146973,9.869999885559082,10.100000381469728,9.52169132232666,4834700,1336.3199462890625
2011-02-17,10.06999969482422,10.109999656677246,9.81999969482422,9.920000076293944,9.35199737548828,6105400,1340.4300537109375
2011-02-18,9.90999984741211,10.109999656677246,9.619999885559082,9.720000267028809,9.163446426391602,6368400,1343.010009765625
2011-02-22,9.279999732971191,9.5600004196167,9.0,9.170000076293944,8.644939422607422,18997000,1315.43994140625
2011-02-23,9.09000015258789,9.09000015258789,8.15999984741211,8.489999771118164,8.003873825073242,19813900,1307.4000244140625
2011-02-24,8.520000457763672,8.670000076293945,8.229999542236328,8.430000305175781,7.9473114013671875,19301800,1306.0999755859375
2011-02-25,8.539999961853027,8.6899995803833,8.40999984741211,8.569999694824219,8.079294204711914,9975300,1319.8800048828125
2011-02-28,8.670000076293945,8.720000267028809,8.449999809265137,8.609999656677246,8.117002487182617,6397300,1327.219970703125
2011-03-01,8.5600004196167,8.5600004196167,7.920000076293945,7.949999809265137,7.494794368743896,10971500,1306.3299560546875
2011-03-02,7.940000057220459,8.079999923706055,7.710000038146973,7.96999979019165,7.513649940490723,8529800,1308.43994140625
2011-03-03,8.390000343322754,8.649999618530273,8.220000267028809,8.359999656677246,7.881319522857666,10080800,1330.969970703125
2011-03-04,8.319999694824219,8.329999923706055,8.010000228881836,8.279999732971191,7.805899143218994,9106100,1321.1500244140625
2011-03-07,8.1899995803833,8.369999885559082,8.010000228881836,8.300000190734863,7.82475471496582,9013100,1310.1300048828125
2011-03-08,8.329999923706055,9.300000190734863,8.329999923706055,9.279999732971191,8.748641967773438,17391800,1321.8199462890625
2011-03-09,9.100000381469728,9.100000381469728,8.75,8.930000305175781,8.418681144714355,9208600,1320.02001953125
2011-03-10,8.859999656677246,9.34000015258789,8.8100004196167,9.09000015258789,8.569519996643066,12794400,1295.1099853515625
2011-03-11,9.3100004196167,9.380000114440918,9.170000076293944,9.18000030517578,8.654367446899414,7020900,1304.280029296875
2011-03-14,9.09000015258789,9.1899995803833,8.84000015258789,8.869999885559082,8.362115859985352,6065400,1296.3900146484375
2011-03-15,8.5,9.199999809265137,8.420000076293945,8.920000076293945,8.40925407409668,7721400,1281.8699951171875
2011-03-16,8.880000114440918,9.010000228881836,8.510000228881836,8.550000190734863,8.060439109802246,7057900,1256.8800048828125
2011-03-17,8.720000267028809,8.829999923706055,8.460000038146973,8.489999771118164,8.003873825073242,8125500,1273.719970703125
2011-03-18,8.770000457763672,9.170000076293944,8.729999542236328,8.960000038146973,8.446966171264648,12142300,1279.2099609375
2011-03-21,9.039999961853027,9.1899995803833,8.819999694824219,9.170000076293944,8.644939422607422,6282900,1298.3800048828125
2011-03-22,9.239999771118164,9.300000190734863,8.850000381469727,8.899999618530273,8.390399932861328,5166300,1293.77001953125
2011-03-23,8.819999694824219,8.930000305175781,8.649999618530273,8.729999542236328,8.230130195617676,4647900,1297.5400390625
2011-03-24,8.850000381469727,8.920000076293945,8.699999809265137,8.859999656677246,8.352688789367676,3518300,1309.6600341796875
2011-03-25,8.949999809265137,9.100000381469728,8.899999618530273,9.020000457763672,8.503528594970703,3734100,1313.800048828125
2011-03-28,9.109999656677246,9.239999771118164,8.979999542236328,9.020000457763672,8.503528594970703,4247300,1310.18994140625
2011-03-29,9.039999961853027,9.109999656677246,8.850000381469727,8.869999885559082,8.362115859985352,4795400,1319.43994140625
2011-03-30,8.899999618530273,9.09000015258789,8.859999656677246,8.970000267028809,8.456392288208008,4449500,1328.260009765625
2011-03-31,8.90999984741211,8.90999984741211,8.59000015258789,8.710000038146973,8.211276054382324,4789000,1325.8299560546875
2011-04-01,9.079999923706056,9.100000381469728,8.75,8.779999732971191,8.277271270751953,5409700,1332.4100341796875
2011-04-04,8.869999885559082,8.890000343322754,8.640000343322754,8.739999771118164,8.2395601272583,3532300,1332.8699951171875
2011-04-05,8.760000228881836,8.770000457763672,8.420000076293945,8.449999809265137,7.966165542602539,5060900,1332.6300048828125
2011-04-06,8.520000457763672,8.520000457763672,8.149999618530273,8.399999618530273,7.919027805328369,8932200,1335.5400390625
2011-04-07,8.350000381469727,8.4399995803833,8.199999809265137,8.239999771118164,7.768189907073975,4704900,1333.510009765625
2011-04-08,8.260000228881836,8.260000228881836,7.849999904632568,7.940000057220459,7.4853668212890625,7973400,1328.1700439453125
2011-04-11,7.869999885559082,8.239999771118164,7.760000228881836,8.239999771118164,7.768189907073975,9983600,1324.4599609375
2011-04-12,8.220000267028809,8.600000381469727,8.220000267028809,8.449999809265137,7.966165542602539,10324000,1314.1600341796875
2011-04-13,8.479999542236328,8.479999542236328,8.170000076293945,8.260000228881836,7.787044525146484,5443600,1314.4100341796875
2011-04-14,8.199999809265137,8.279999732971191,8.029999732971191,8.0600004196167,7.598495960235596,4264300,1314.52001953125
2011-04-15,8.050000190734863,8.15999984741211,8.010000228881836,8.09000015258789,7.626777648925781,3365500,1319.6800537109375
2011-04-18,8.039999961853027,8.359999656677246,8.029999732971191,8.329999923706055,7.853034973144531,6033500,1305.1400146484375
2011-04-19,8.329999923706055,8.529999732971191,8.229999542236328,8.25,7.777616024017334,4882900,1312.6199951171875
2011-04-20,8.350000381469727,8.449999809265137,8.09000015258789,8.140000343322754,7.673914909362793,5109400,1330.3599853515625
2011-04-21,8.199999809265137,8.229999542236328,8.050000190734863,8.130000114440918,7.664487838745117,2327600,1337.3800048828125
2011-04-25,8.069999694824219,8.350000381469727,8.0600004196167,8.279999732971191,7.805899143218994,4390200,1335.25
2011-04-26,8.380000114440918,8.800000190734863,8.380000114440918,8.800000190734863,8.296125411987305,9900000,1347.239990234375
2011-04-27,8.770000457763672,8.949999809265137,8.65999984741211,8.75,8.248988151550293,6254500,1355.6600341796875
2011-04-28,8.739999771118164,8.829999923706055,8.59000015258789,8.770000457763672,8.267842292785645,3816900,1360.47998046875
2011-04-29,8.770000457763672,9.15999984741211,8.680000305175781,9.09000015258789,8.569519996643066,6945900,1363.6099853515625
2011-05-02,9.239999771118164,9.350000381469728,8.979999542236328,9.0600004196167,8.541237831115723,6785000,1361.219970703125
2011-05-03,9.010000228881836,9.229999542236328,9.0,9.220000267028809,8.6920804977417,4669600,1356.6199951171875
2011-05-04,9.1899995803833,9.359999656677246,9.119999885559082,9.300000190734863,8.767495155334473,4755100,1347.3199462890625
2011-05-05,9.479999542236328,10.100000381469728,9.43000030517578,9.81999969482422,9.257719039916992,12607500,1335.0999755859375
2011-05-06,10.010000228881836,10.010000228881836,9.460000038146973,9.6899995803833,9.13516616821289,7512000,1340.199951171875
2011-05-09,9.529999732971191,9.68000030517578,9.3100004196167,9.31999969482422,8.786352157592773,4777800,1346.2900390625
2011-05-10,9.390000343322754,9.800000190734863,9.380000114440918,9.5,8.95604419708252,8498400,1357.1600341796875
2011-05-11,9.550000190734863,10.0,9.31999969482422,9.989999771118164,9.417985916137695,10792600,1342.0799560546875
2011-05-12,10.039999961853027,10.050000190734863,9.609999656677246,9.619999885559082,9.069172859191896,4700000,1348.6500244140625
2011-05-13,9.640000343322754,9.640000343322754,9.34000015258789,9.40999984741211,8.871196746826172,3481900,1337.77001953125
2011-05-16,9.550000190734863,9.979999542236328,9.529999732971191,9.9399995803833,9.37085247039795,6887400,1329.469970703125
2011-05-17,9.859999656677246,10.050000190734863,9.779999732971191,9.800000190734863,9.238866806030272,5156200,1328.97998046875
2011-05-18,9.760000228881836,9.770000457763672,9.40999984741211,9.670000076293944,9.116307258605955,5936200,1340.6800537109375
2011-05-19,9.779999732971191,10.350000381469728,9.640000343322754,10.31999969482422,9.729090690612791,13517000,1343.5999755859375
2011-05-20,10.25,10.31999969482422,10.109999656677246,10.170000076293944,9.587681770324709,6661100,1333.27001953125
2011-05-23,10.050000190734863,10.239999771118164,10.0,10.0,9.427412986755373,4894300,1317.3699951171875
2011-05-24,10.100000381469728,10.100000381469728,9.729999542236328,9.739999771118164,9.182299613952637,4525400,1316.280029296875
2011-05-25,9.68000030517578,9.949999809265137,9.15999984741211,9.270000457763672,8.739212989807129,11228500,1320.469970703125
2011-05-26,9.380000114440918,9.4399995803833,9.109999656677246,9.25,8.720357894897461,8251200,1325.68994140625
2011-05-27,9.1899995803833,9.329999923706056,9.050000190734863,9.119999885559082,8.597801208496094,5244600,1331.0999755859375
2011-05-31,9.130000114440918,9.220000267028809,9.050000190734863,9.100000381469728,8.578948020935059,4598200,1345.199951171875
2011-06-01,9.079999923706056,9.34000015258789,9.010000228881836,9.039999961853027,8.522380828857422,7612800,1314.550048828125
2011-06-02,9.039999961853027,9.279999732971191,8.9399995803833,9.109999656677246,8.588374137878418,6402600,1312.93994140625
2011-06-03,9.039999961853027,9.31999969482422,8.859999656677246,8.890000343322754,8.380971908569336,7699000,1300.1600341796875
2011-06-06,8.90999984741211,8.960000038146973,8.510000228881836,8.550000190734863,8.060439109802246,5980600,1286.1700439453125
2011-06-07,8.649999618530273,8.75,8.510000228881836,8.5600004196167,8.069868087768555,4748800,1284.93994140625
2011-06-08,8.510000228881836,8.6899995803833,8.210000038146973,8.260000228881836,7.787044525146484,7596500,1279.56005859375
2011-06-09,8.279999732971191,8.369999885559082,8.020000457763672,8.039999961853027,7.579641342163086,5903800,1289.0
2011-06-10,8.149999618530273,8.270000457763672,8.050000190734863,8.100000381469727,7.636205673217773,5913400,1270.97998046875
2011-06-13,8.180000305175781,8.390000343322754,8.170000076293945,8.210000038146973,7.739907741546631,4784300,1271.8299560546875
2011-06-14,8.300000190734863,8.399999618530273,8.149999618530273,8.170000076293945,7.702198505401611,3855200,1287.8699951171875
2011-06-15,8.100000381469727,8.329999923706055,7.940000057220459,8.229999542236328,7.758762836456299,7821300,1265.4200439453125
2011-06-16,8.229999542236328,8.420000076293945,8.149999618530273,8.229999542236328,7.758762836456299,6158700,1267.6400146484375
2011-06-17,8.390000343322754,8.539999961853027,8.329999923706055,8.399999618530273,7.919027805328369,7317800,1271.5
2011-06-20,8.479999542236328,8.680000305175781,8.4399995803833,8.600000381469727,8.10757827758789,6149300,1278.3599853515625
2011-06-21,8.640000343322754,8.739999771118164,8.489999771118164,8.649999618530273,8.15471363067627,6442300,1295.52001953125
2011-06-22,8.600000381469727,8.699999809265137,8.449999809265137,8.479999542236328,7.994447231292725,4035200,1287.1400146484375
2011-06-23,8.75,9.039999961853027,8.670000076293945,8.90999984741211,8.399827003479004,9175700,1283.5
2011-06-24,8.680000305175781,8.729999542236328,8.34000015258789,8.6899995803833,8.192424774169922,9727600,1268.449951171875
2011-06-27,8.729999542236328,9.260000228881836,8.699999809265137,9.149999618530272,8.626084327697754,9019900,1280.0999755859375
2011-06-28,9.149999618530272,9.210000038146973,8.90999984741211,9.130000114440918,8.607230186462402,5230600,1296.6700439453125
2011-06-29,9.140000343322754,9.170000076293944,8.84000015258789,8.850000381469727,8.34326171875,5097400,1307.4100341796875
2011-06-30,8.920000076293945,9.100000381469728,8.899999618530273,8.90999984741211,8.399827003479004,4527600,1320.6400146484375
2011-07-01,9.020000457763672,9.149999618530272,8.899999618530273,8.9399995803833,8.428108215332031,4370600,1339.6700439453125
2011-07-05,8.880000114440918,8.970000267028809,8.420000076293945,8.449999809265137,7.966165542602539,7291800,1337.8800048828125
2011-07-06,8.449999809265137,8.5,8.300000190734863,8.34000015258789,7.862461090087891,7352400,1339.219970703125
2011-07-07,8.420000076293945,8.449999809265137,8.25,8.390000343322754,7.909602165222168,5312200,1353.219970703125
2011-07-08,8.3100004196167,8.380000114440918,8.15999984741211,8.210000038146973,7.739907741546631,5908200,1343.800048828125
2011-07-11,8.1899995803833,8.199999809265137,8.050000190734863,8.0600004196167,7.598495960235596,3640700,1319.489990234375
2011-07-12,8.020000457763672,8.050000190734863,7.900000095367432,7.949999809265137,7.494794368743896,5632800,1313.6400146484375
2011-07-13,8.029999732971191,8.100000381469727,7.900000095367432,7.900000095367432,7.447657585144043,4197200,1317.719970703125
2011-07-14,7.889999866485596,7.909999847412109,7.619999885559082,7.639999866485596,7.202544689178467,6728300,1308.8699951171875
2011-07-15,7.650000095367432,7.659999847412109,7.349999904632568,7.440000057220459,7.013996601104736,5390000,1316.1400146484375
2011-07-18,7.159999847412109,7.340000152587891,6.96999979019165,7.03000020980835,6.627472877502441,9705600,1305.43994140625
2011-07-19,7.079999923706055,7.079999923706055,6.789999961853027,7.010000228881836,6.608618259429932,9755200,1326.72998046875
2011-07-20,7.119999885559082,7.139999866485596,6.860000133514404,6.900000095367432,6.504916191101074,5444800,1325.8399658203125
2011-07-21,6.869999885559082,7.010000228881836,6.650000095367432,6.900000095367432,6.504916191101074,7881300,1343.800048828125
2011-07-22,7.0,7.0,6.690000057220459,6.800000190734863,6.410642147064209,6769300,1345.02001953125
2011-07-25,6.710000038146973,6.760000228881836,6.429999828338623,6.5,6.127819061279297,6573000,1337.4300537109375
2011-07-26,6.480000019073486,6.559999942779541,6.349999904632568,6.389999866485596,6.024118423461914,8443700,1331.93994140625
2011-07-27,6.340000152587891,6.440000057220459,6.110000133514404,6.179999828338623,5.826141357421875,11153500,1304.8900146484375
2011-07-28,6.179999828338623,6.300000190734863,5.96999979019165,5.980000019073486,5.637594223022461,7087600,1300.6700439453125
2011-07-29,5.920000076293945,6.289999961853027,5.769999980926514,6.239999771118164,5.882707118988037,10494200,1292.280029296875
2011-08-01,6.400000095367432,6.429999828338623,5.900000095367432,5.960000038146973,5.618739604949951,7793200,1286.93994140625
2011-08-02,5.900000095367432,5.940000057220459,5.510000228881836,5.519999980926514,5.203932285308838,10722500,1254.050048828125
2011-08-03,5.630000114440918,6.099999904632568,5.269999980926514,5.900000095367432,5.562173843383789,19385900,1260.3399658203125
2011-08-04,5.820000171661377,5.929999828338623,5.550000190734863,5.630000114440918,5.307633399963379,11835800,1200.0699462890625
2011-08-05,5.739999771118164,5.809999942779541,5.25,5.519999980926514,5.203932285308838,8658300,1199.3800048828125
2011-08-08,5.130000114440918,5.440000057220459,4.949999809265137,4.96999979019165,4.685426235198975,14652400,1119.4599609375
2011-08-09,5.130000114440918,5.800000190734863,5.110000133514404,5.789999961853027,5.458471298217773,9635500,1172.530029296875
2011-08-10,5.690000057220459,5.78000020980835,5.300000190734863,5.320000171661377,5.015384674072266,9670700,1120.760009765625
2011-08-11,5.449999809265137,5.559999942779541,5.25,5.480000019073486,5.166224002838135,11562200,1172.6400146484375
2011-08-12,5.579999923706055,5.71999979019165,5.349999904632568,5.53000020980835,5.213360786437988,7072500,1178.81005859375
2011-08-15,5.570000171661377,6.139999866485596,5.550000190734863,5.880000114440918,5.5433197021484375,8864400,1204.489990234375
2011-08-16,5.75,6.099999904632568,5.730000019073486,5.96999979019165,5.628166675567627,6967400,1192.760009765625
2011-08-17,5.989999771118164,6.0,5.519999980926514,5.690000057220459,5.364199638366699,9433700,1193.8900146484375
2011-08-18,5.409999847412109,5.46999979019165,5.199999809265137,5.349999904632568,5.043666362762451,6220800,1140.6500244140625
2011-08-19,5.25,5.579999923706055,5.110000133514404,5.139999866485596,4.84568977355957,7474400,1123.530029296875
2011-08-22,5.360000133514404,5.420000076293945,5.099999904632568,5.110000133514404,4.817409992218018,5917600,1123.8199462890625
2011-08-23,5.28000020980835,5.360000133514404,5.159999847412109,5.329999923706055,5.0248122215271,6847100,1162.3499755859375
2011-08-24,5.329999923706055,5.429999828338623,5.159999847412109,5.300000190734863,4.99652910232544,4539100,1177.5999755859375
2011-08-25,5.329999923706055,5.389999866485596,5.050000190734863,5.079999923706055,4.789126396179199,6871100,1159.27001953125
2011-08-26,5.050000190734863,5.260000228881836,5.0,5.260000228881836,4.958820343017578,4819200,1176.800048828125
2011-08-29,5.329999923706055,5.630000114440918,5.329999923706055,5.550000190734863,5.23221492767334,5757000,1210.0799560546875
2011-08-30,5.489999771118164,5.630000114440918,5.400000095367432,5.519999980926514,5.203932285308838,6288400,1212.9200439453125
2011-08-31,5.590000152587891,5.730000019073486,5.539999961853027,5.590000152587891,5.269923686981201,5172500,1218.8900146484375
2011-09-01,5.539999961853027,5.630000114440918,5.28000020980835,5.289999961853027,4.987103462219238,6677100,1204.4200439453125
2011-09-02,5.139999866485596,5.340000152587891,5.119999885559082,5.21999979019165,4.921109676361084,5097500,1173.969970703125
2011-09-06,5.079999923706055,5.179999828338623,5.0,5.039999961853027,4.75141716003418,5262600,1165.239990234375
2011-09-07,5.179999828338623,5.230000019073486,5.130000114440918,5.210000038146973,4.911682605743408,4519100,1198.6199951171875
2011-09-08,5.170000076293945,5.300000190734863,5.110000133514404,5.139999866485596,4.84568977355957,4435900,1185.9000244140625
2011-09-09,5.090000152587891,5.230000019073486,4.960000038146973,5.019999980926514,4.732562065124512,6297900,1154.22998046875
2011-09-12,4.949999809265137,5.070000171661377,4.679999828338623,4.849999904632568,4.572295665740967,8533800,1162.27001953125
2011-09-13,4.900000095367432,5.880000114440918,4.730000019073486,5.639999866485596,5.317061901092529,24655700,1172.8699951171875
2011-09-14,5.699999809265137,5.920000076293945,5.519999980926514,5.739999771118164,5.411336421966553,11585200,1188.6800537109375
2011-09-15,5.849999904632568,5.960000038146973,5.659999847412109,5.860000133514404,5.524464130401611,7429900,1209.1099853515625
2011-09-16,5.909999847412109,5.949999809265137,5.760000228881836,5.909999847412109,5.571601867675781,4586600,1216.010009765625
2011-09-19,5.769999980926514,5.900000095367432,5.71999979019165,5.800000190734863,5.467901229858398,4149000,1204.0899658203125
2011-09-20,5.880000114440918,6.119999885559082,5.769999980926514,5.96999979019165,5.628166675567627,6913600,1202.0899658203125
2011-09-21,5.940000057220459,6.079999923706055,5.809999942779541,5.849999904632568,5.515038013458252,9122200,1166.760009765625
2011-09-22,5.71999979019165,5.889999866485596,5.639999866485596,5.730000019073486,5.4019083976745605,15729600,1129.56005859375
2011-09-23,5.679999828338623,6.190000057220459,5.670000076293945,6.130000114440918,5.77900505065918,8256000,1136.4300537109375
2011-09-26,6.260000228881836,6.449999809265137,6.110000133514404,6.429999828338623,6.061827659606934,7554200,1162.949951171875
2011-09-27,6.570000171661377,6.570000171661377,6.059999942779541,6.110000133514404,5.760149955749512,7917800,1175.3800048828125
2011-09-28,6.110000133514404,6.239999771118164,6.059999942779541,6.119999885559082,5.769577503204346,6625300,1151.06005859375
2011-09-29,6.28000020980835,6.28000020980835,5.989999771118164,6.099999904632568,5.75072193145752,5039900,1160.4000244140625
2011-09-30,5.960000038146973,5.980000019073486,5.46999979019165,5.5,5.185077667236328,8429500,1131.4200439453125
2011-10-03,5.440000057220459,5.590000152587891,4.53000020980835,4.630000114440918,4.364892482757568,13467600,1099.22998046875
2011-10-04,4.610000133514404,5.010000228881836,4.590000152587891,5.0,4.7137064933776855,8995900,1123.949951171875
2011-10-05,4.96999979019165,5.230000019073486,4.949999809265137,5.170000076293945,4.873973369598389,7358100,1144.030029296875
2011-10-06,5.179999828338623,5.380000114440918,5.059999942779541,5.349999904632568,5.043666362762451,5228300,1164.969970703125
2011-10-07,5.420000076293945,5.5,5.170000076293945,5.210000038146973,4.911682605743408,6088300,1155.4599609375
2011-10-10,5.389999866485596,5.400000095367432,5.21999979019165,5.329999923706055,5.0248122215271,4401200,1194.8900146484375
2011-10-11,5.289999961853027,5.929999828338623,5.28000020980835,5.840000152587891,5.505611419677734,7072000,1195.5400390625
2011-10-12,5.909999847412109,6.440000057220459,5.820000171661377,6.230000019073486,5.873279571533203,9014300,1207.25
2011-10-13,6.159999847412109,6.360000133514404,5.920000076293945,6.300000190734863,5.939270973205566,6077700,1203.6600341796875
2011-10-14,6.480000019073486,6.480000019073486,6.0,6.039999961853027,5.694158554077148,6443400,1224.5799560546875
2011-10-17,6.019999980926514,6.139999866485596,5.710000038146973,5.849999904632568,5.515038013458252,6601800,1200.8599853515625
2011-10-18,5.809999942779541,6.159999847412109,5.809999942779541,6.019999980926514,5.675302982330322,4921100,1225.3800048828125
2011-10-19,6.019999980926514,6.070000171661377,5.699999809265137,5.760000228881836,5.430191040039063,7317400,1209.8800048828125
2011-10-20,5.800000190734863,6.039999961853027,5.679999828338623,6.010000228881836,5.6658782958984375,4805100,1215.3900146484375
2011-10-21,6.099999904632568,6.099999904632568,5.739999771118164,5.869999885559082,5.533891677856445,4973100,1238.25
2011-10-24,5.800000190734863,6.130000114440918,5.78000020980835,5.949999809265137,5.609310626983643,5337800,1254.18994140625
2011-10-25,5.869999885559082,5.869999885559082,5.590000152587891,5.599999904632568,5.279352188110352,6475900,1229.050048828125
2011-10-26,5.739999771118164,5.78000020980835,5.590000152587891,5.659999847412109,5.335916996002197,4919000,1242.0
2011-10-27,5.929999828338623,6.050000190734863,5.650000095367432,5.829999923706055,5.496181488037109,9171500,1284.5899658203125
2011-10-28,5.800000190734863,6.079999923706055,5.800000190734863,5.940000057220459,5.599884510040283,4626200,1285.0899658203125
2011-10-31,5.869999885559082,5.900000095367432,5.739999771118164,5.769999980926514,5.439619064331055,4346100,1253.300048828125
2011-11-01,5.570000171661377,5.730000019073486,5.480000019073486,5.5,5.185077667236328,5666800,1218.280029296875
2011-11-02,5.619999885559082,5.659999847412109,5.230000019073486,5.28000020980835,4.977675437927246,7873300,1237.9000244140625
2011-11-03,5.400000095367432,5.619999885559082,5.090000152587891,5.610000133514404,5.288781642913818,8596300,1261.1500244140625
2011-11-04,5.489999771118164,5.570000171661377,5.360000133514404,5.5,5.185077667236328,6493300,1253.22998046875
2011-11-07,5.5,5.550000190734863,5.320000171661377,5.389999866485596,5.081377029418945,3927300,1261.1199951171875
2011-11-08,5.440000057220459,5.440000057220459,5.199999809265137,5.210000038146973,4.911682605743408,6410800,1275.9200439453125
2011-11-09,5.070000171661377,5.139999866485596,5.010000228881836,5.050000190734863,4.76084566116333,4424000,1229.0999755859375
2011-11-10,5.099999904632568,5.130000114440918,4.75,4.849999904632568,4.572295665740967,7302900,1239.699951171875
2011-11-11,4.909999847412109,5.099999904632568,4.869999885559082,5.010000228881836,4.723134517669678,5658900,1263.8499755859375
2011-11-14,5.03000020980835,5.199999809265137,4.940000057220459,4.980000019073486,4.69485330581665,4837900,1251.780029296875
2011-11-15,4.949999809265137,4.989999771118164,4.699999809265137,4.78000020980835,4.50630521774292,6474000,1257.81005859375
2011-11-16,4.75,4.75,4.5,4.5,4.242337226867676,6801000,1236.9100341796875
2011-11-17,4.53000020980835,4.590000152587891,4.369999885559082,4.400000095367432,4.148062705993652,7087200,1216.1300048828125
2011-11-18,4.409999847412109,4.46999979019165,4.320000171661377,4.420000076293945,4.166918277740479,4247700,1215.6500244140625
2011-11-21,4.329999923706055,4.369999885559082,4.019999980926514,4.25,4.006651878356934,5720800,1192.97998046875
2011-11-22,4.25,4.28000020980835,4.010000228881836,4.050000190734863,3.818102836608887,6135100,1188.0400390625
2011-11-23,4.019999980926514,4.059999942779541,3.9600000381469727,4.0,3.770965814590454,4176800,1161.7900390625
2011-11-25,3.990000009536743,4.190000057220459,3.9800000190734863,4.019999980926514,3.789820671081543,3683800,1158.6700439453125
2011-11-28,4.210000038146973,4.400000095367432,4.159999847412109,4.269999980926514,4.025505542755127,4311400,1192.550048828125
2011-11-29,4.360000133514404,4.880000114440918,4.329999923706055,4.460000038146973,4.20462703704834,13151600,1195.18994140625
2011-11-30,4.639999866485596,4.71999979019165,4.320000171661377,4.71999979019165,4.4497389793396,9312400,1246.9599609375
2011-12-01,4.900000095367432,5.25,4.820000171661377,4.940000057220459,4.657142162322998,11537400,1244.5799560546875
2011-12-02,5.0,5.099999904632568,4.829999923706055,4.840000152587891,4.562867164611816,6178600,1244.280029296875
2011-12-05,5.010000228881836,5.210000038146973,4.96999979019165,5.119999885559082,4.826836585998535,7086700,1257.0799560546875
2011-12-06,5.090000152587891,5.28000020980835,5.010000228881836,5.25,4.949392795562744,7783400,1258.469970703125
2011-12-07,5.25,5.659999847412109,5.190000057220459,5.590000152587891,5.269923686981201,10016700,1261.010009765625
2011-12-08,5.489999771118164,5.5,5.269999980926514,5.340000152587891,5.034239292144775,6581700,1234.3499755859375
2011-12-09,5.369999885559082,5.679999828338623,5.369999885559082,5.619999885559082,5.298206329345703,6149000,1255.18994140625
2011-12-12,5.460000038146973,5.809999942779541,5.429999828338623,5.630000114440918,5.307633399963379,6370200,1236.469970703125
2011-12-13,5.659999847412109,5.699999809265137,5.139999866485596,5.190000057220459,4.892829418182373,8482100,1225.72998046875
2011-12-14,5.309999942779541,5.639999866485596,5.25,5.590000152587891,5.269923686981201,8737700,1211.8199462890625
2011-12-15,5.639999866485596,5.769999980926514,5.590000152587891,5.710000038146973,5.383053302764893,4680400,1215.75
2011-12-16,5.769999980926514,6.210000038146973,5.739999771118164,6.179999828338623,5.826141357421875,16331800,1219.6600341796875
2011-12-19,6.179999828338623,6.230000019073486,5.760000228881836,5.829999923706055,5.496181488037109,5729600,1205.3499755859375
2011-12-20,5.980000019073486,6.0,5.889999866485596,5.940000057220459,5.599884510040283,7030900,1241.300048828125
2011-12-21,5.880000114440918,6.090000152587891,5.710000038146973,5.769999980926514,5.439619064331055,8144900,1243.719970703125
2011-12-22,5.829999923706055,5.860000133514404,5.619999885559082,5.699999809265137,5.373625755310059,5300600,1254.0
2011-12-23,5.699999809265137,5.71999979019165,5.420000076293945,5.619999885559082,5.298206329345703,4990700,1265.3299560546875
2011-12-27,5.559999942779541,5.690000057220459,5.380000114440918,5.400000095367432,5.090804576873779,3968800,1265.4300537109375
2011-12-28,5.46999979019165,5.46999979019165,5.110000133514404,5.190000057220459,4.892829418182373,6446000,1249.6400146484375
2011-12-29,5.21999979019165,5.28000020980835,5.170000076293945,5.230000019073486,4.93053674697876,3537100,1263.02001953125
2011-12-30,5.190000057220459,5.230000019073486,5.050000190734863,5.070000171661377,4.779698848724365,5496300,1257.5999755859375
2012-01-03,5.199999809265137,5.21999979019165,5.070000171661377,5.119999885559082,4.826836585998535,6105900,1277.06005859375
2012-01-04,5.090000152587891,5.179999828338623,4.96999979019165,5.03000020980835,4.741990089416504,5268700,1277.300048828125
2012-01-05,5.150000095367432,5.480000019073486,5.070000171661377,5.46999979019165,5.156795501708984,8216100,1281.06005859375
2012-01-06,5.440000057220459,5.670000076293945,5.400000095367432,5.599999904632568,5.279352188110352,8323000,1277.81005859375
2012-01-09,5.559999942779541,5.800000190734863,5.550000190734863,5.71999979019165,5.392481327056885,8029900,1280.699951171875
2012-01-10,5.809999942779541,5.809999942779541,5.610000133514404,5.71999979019165,5.392481327056885,6086500,1292.0799560546875
2012-01-11,5.690000057220459,5.940000057220459,5.670000076293945,5.909999847412109,5.571601867675781,6434400,1292.47998046875
2012-01-12,5.900000095367432,6.099999904632568,5.730000019073486,6.050000190734863,5.703587055206299,16413400,1295.5
2012-01-13,5.960000038146973,6.199999809265137,5.909999847412109,5.96999979019165,5.628166675567627,6242000,1289.0899658203125
2012-01-17,6.010000228881836,6.019999980926514,5.849999904632568,5.880000114440918,5.5433197021484375,3941400,1293.6700439453125
2012-01-18,5.860000133514404,6.21999979019165,5.809999942779541,6.039999961853027,5.694158554077148,4910900,1308.0400390625
2012-01-19,6.059999942779541,6.300000190734863,6.03000020980835,6.260000228881836,5.901560783386231,4455600,1314.5
2012-01-20,6.239999771118164,6.570000171661377,6.199999809265137,6.369999885559082,6.00526237487793,9818500,1315.3800048828125
2012-01-23,6.429999828338623,6.489999771118164,6.199999809265137,6.260000228881836,5.901560783386231,4500300,1316.0
2012-01-24,6.210000038146973,6.53000020980835,6.110000133514404,6.409999847412109,6.042972564697266,5945700,1314.6500244140625
2012-01-25,7.0,7.940000057220459,6.889999866485596,7.519999980926514,7.089415550231934,31771200,1326.06005859375
2012-01-26,7.78000020980835,8.270000457763672,7.650000095367432,7.849999904632568,7.400520324707031,17160200,1318.4300537109375
2012-01-27,7.800000190734863,8.270000457763672,7.760000228881836,8.180000305175781,7.711626052856445,10372800,1316.3299560546875
2012-01-30,8.520000457763672,8.789999961853027,8.3100004196167,8.520000457763672,8.032157897949219,12675100,1313.010009765625
2012-01-31,8.460000038146973,8.5,8.100000381469727,8.4399995803833,7.956738471984863,8566500,1312.4100341796875
2012-02-01,8.470000267028809,8.949999809265137,8.350000381469727,8.899999618530273,8.390399932861328,10240100,1324.0899658203125
2012-02-02,8.970000267028809,9.25,8.84000015258789,9.119999885559082,8.597801208496094,9256500,1325.5400390625
2012-02-03,9.350000381469728,9.90999984741211,9.31999969482422,9.640000343322754,9.088027000427246,14608000,1344.9000244140625
2012-02-06,9.609999656677246,9.619999885559082,9.050000190734863,9.149999618530272,8.626084327697754,8942800,1344.3299560546875
2012-02-07,9.15999984741211,9.369999885559082,8.9399995803833,9.239999771118164,8.710930824279785,5481200,1347.050048828125
2012-02-08,9.239999771118164,9.260000228881836,8.779999732971191,9.100000381469728,8.578948020935059,6540500,1349.9599609375
2012-02-09,9.149999618530272,9.149999618530272,8.600000381469727,8.960000038146973,8.446966171264648,11884400,1351.949951171875
2012-02-10,8.84000015258789,9.079999923706056,8.75,8.850000381469727,8.34326171875,8493600,1342.6400146484375
2012-02-13,8.979999542236328,9.229999542236328,8.979999542236328,9.18000030517578,8.654367446899414,7812300,1351.77001953125
2012-02-14,9.079999923706056,9.25,8.890000343322754,9.0,8.484674453735352,7077500,1350.5
2012-02-15,9.050000190734863,9.1899995803833,8.850000381469727,8.890000343322754,8.380971908569336,5205200,1343.22998046875
2012-02-16,8.850000381469727,9.15999984741211,8.680000305175781,9.100000381469728,8.578948020935059,6667600,1358.0400390625
2012-02-17,9.119999885559082,9.220000267028809,8.850000381469727,8.899999618530273,8.390399932861328,4650500,1361.22998046875
2012-02-21,8.869999885559082,8.890000343322754,7.769999980926514,7.889999866485596,7.438230037689209,15334800,1362.2099609375
2012-02-22,7.900000095367432,8.079999923706055,7.690000057220459,7.699999809265137,7.259108543395996,5383700,1357.6600341796875
2012-02-23,7.730000019073486,7.769999980926514,7.21999979019165,7.260000228881836,6.844303131103516,12913600,1363.4599609375
2012-02-24,7.21999979019165,7.400000095367432,6.96999979019165,6.989999771118164,6.5897626876831055,8365000,1365.739990234375
2012-02-27,7.070000171661377,7.139999866485596,6.900000095367432,7.0,6.599190711975098,8458200,1367.5899658203125
2012-02-28,7.03000020980835,7.460000038146973,7.0,7.409999847412109,6.985713481903076,12759000,1372.1800537109375
2012-02-29,7.309999942779541,7.619999885559082,7.269999980926514,7.409999847412109,6.985713481903076,10447500,1365.6800537109375
2012-03-01,7.449999809265137,7.599999904632568,7.28000020980835,7.409999847412109,6.985713481903076,7718600,1374.0899658203125
2012-03-02,7.449999809265137,7.829999923706055,7.389999866485596,7.630000114440918,7.193116664886475,7752700,1369.6300048828125
2012-03-05,7.389999866485596,7.389999866485596,6.960000038146973,6.989999771118164,6.5897626876831055,15562100,1364.3299560546875
2012-03-06,6.920000076293945,7.25,6.849999904632568,6.880000114440918,6.4860615730285645,7993300,1343.3599853515625
2012-03-07,6.960000038146973,7.079999923706055,6.849999904632568,6.909999847412109,6.514343738555908,5773500,1352.6300048828125
2012-03-08,6.880000114440918,7.059999942779541,6.829999923706055,6.960000038146973,6.561480045318604,5180700,1365.9100341796875
2012-03-09,6.949999809265137,7.039999961853027,6.889999866485596,7.03000020980835,6.627472877502441,4508100,1370.8699951171875
2012-03-12,7.0,7.119999885559082,6.869999885559082,6.889999866485596,6.495488166809082,5282400,1371.0899658203125
2012-03-13,7.0,7.099999904632568,6.849999904632568,6.960000038146973,6.561480045318604,5909600,1395.949951171875
2012-03-14,6.949999809265137,7.099999904632568,6.78000020980835,7.090000152587891,6.684035778045654,6384900,1394.280029296875
2012-03-15,7.070000171661377,7.739999771118164,7.059999942779541,7.579999923706055,7.145980358123779,13550500,1402.5999755859375
2012-03-16,7.639999866485596,7.670000076293945,7.099999904632568,7.150000095367432,6.740601539611816,6904300,1404.1700439453125
2012-03-19,7.110000133514404,7.289999961853027,7.050000190734863,7.190000057220459,6.778311252593994,4288800,1409.75
2012-03-20,7.21999979019165,7.769999980926514,7.190000057220459,7.679999828338623,7.240254402160644,9516200,1405.52001953125
2012-03-21,7.659999847412109,7.800000190734863,7.5,7.630000114440918,7.193116664886475,6737500,1402.8900146484375
2012-03-22,7.579999923706055,7.789999961853027,7.28000020980835,7.329999923706055,6.910294532775879,6687200,1392.780029296875
2012-03-23,7.400000095367432,7.579999923706055,7.230000019073486,7.550000190734863,7.117699146270752,4937700,1397.1099853515625
2012-03-26,7.630000114440918,7.75,7.420000076293945,7.730000019073486,7.28739070892334,6153700,1416.510009765625
2012-03-27,7.730000019073486,7.829999923706055,7.53000020980835,7.559999942779541,7.127124786376953,4731600,1412.52001953125
2012-03-28,7.619999885559082,7.96999979019165,7.619999885559082,7.789999961853027,7.343955993652344,8890700,1405.5400390625
2012-03-29,7.71999979019165,7.949999809265137,7.5,7.889999866485596,7.438230037689209,6150300,1403.280029296875
2012-03-30,7.909999847412109,7.909999847412109,7.559999942779541,7.590000152587891,7.155406951904297,6739200,1408.469970703125
2012-04-02,7.590000152587891,7.710000038146973,7.409999847412109,7.46999979019165,7.04227876663208,7355100,1419.0400390625
2012-04-03,7.489999771118164,7.78000020980835,7.480000019073486,7.739999771118164,7.29681921005249,6951000,1413.3800048828125
2012-04-04,7.880000114440918,7.96999979019165,7.809999942779541,7.860000133514404,7.409947395324707,8786400,1398.9599609375
2012-04-05,7.840000152587891,8.039999961853027,7.739999771118164,7.78000020980835,7.33452844619751,4947900,1398.0799560546875
2012-04-09,7.75,7.840000152587891,7.630000114440918,7.75,7.306246757507324,4174400,1382.199951171875
2012-04-10,7.75,7.889999866485596,7.449999809265137,7.46999979019165,7.04227876663208,7584100,1358.5899658203125
2012-04-11,7.579999923706055,7.78000020980835,7.539999961853027,7.619999885559082,7.183690071105957,5319100,1368.7099609375
2012-04-12,7.650000095367432,7.940000057220459,7.639999866485596,7.889999866485596,7.438230037689209,5342300,1387.5699462890625
2012-04-13,7.820000171661377,7.860000133514404,7.699999809265137,7.840000152587891,7.3910932540893555,4650000,1370.260009765625
2012-04-16,7.860000133514404,8.170000076293945,7.849999904632568,8.130000114440918,7.664487838745117,7014600,1369.5699462890625
2012-04-17,8.170000076293945,8.25,8.039999961853027,8.180000305175781,7.711626052856445,4940500,1390.780029296875
2012-04-18,8.119999885559082,8.350000381469727,8.100000381469727,8.199999809265137,7.730480194091797,4646400,1385.1400146484375
2012-04-19,8.170000076293945,9.739999771118164,8.170000076293945,9.510000228881836,8.965470314025879,31291800,1376.9200439453125
2012-04-20,9.770000457763672,9.770000457763672,9.09000015258789,9.34000015258789,8.805205345153809,16056100,1378.530029296875
2012-04-23,9.149999618530272,9.390000343322754,8.949999809265137,9.029999732971191,8.512954711914062,8484300,1366.93994140625
2012-04-24,9.0600004196167,9.520000457763672,9.0600004196167,9.3100004196167,8.776923179626465,9734800,1371.969970703125
2012-04-25,9.630000114440918,9.789999961853027,8.989999771118164,9.600000381469728,9.05031967163086,14248900,1390.68994140625
2012-04-26,9.529999732971191,10.050000190734863,9.420000076293944,9.800000190734863,9.238866806030272,10556800,1399.97998046875
2012-04-27,9.84000015258789,10.4399995803833,9.640000343322754,10.3100004196167,9.71966552734375,12075900,1403.3599853515625
2012-04-30,10.270000457763672,10.380000114440918,10.1899995803833,10.260000228881836,9.672529220581056,8214700,1397.9100341796875
2012-05-01,10.279999732971191,10.5,10.140000343322754,10.15999984741211,9.578252792358398,7059400,1405.8199462890625
2012-05-02,10.149999618530272,10.380000114440918,10.0600004196167,10.260000228881836,9.672529220581056,4192500,1402.31005859375
2012-05-03,10.350000381469728,10.75,10.210000038146973,10.710000038146973,10.096759796142578,11508500,1391.5699462890625
2012-05-04,10.729999542236328,10.9399995803833,10.649999618530272,10.699999809265137,10.087332725524902,8816800,1369.0999755859375
2012-05-07,10.649999618530272,11.130000114440918,10.649999618530272,11.100000381469728,10.46442985534668,6200000,1369.5799560546875
2012-05-08,11.0,11.210000038146973,10.949999809265137,11.020000457763672,10.38901138305664,7000900,1363.719970703125
2012-05-09,10.899999618530272,10.960000038146973,10.56999969482422,10.789999961853027,10.172178268432615,6549600,1354.5799560546875
2012-05-10,10.920000076293944,11.0,10.720000267028809,10.93000030517578,10.30416202545166,5759600,1357.989990234375
2012-05-11,10.81999969482422,11.470000267028809,10.8100004196167,11.31999969482422,10.671833992004396,8392100,1353.3900146484375
2012-05-14,11.4399995803833,11.729999542236328,11.239999771118164,11.239999771118164,10.596412658691406,7571500,1338.3499755859375
2012-05-15,11.229999542236328,11.300000190734863,10.899999618530272,11.130000114440918,10.492713928222656,7714900,1330.6600341796875
2012-05-16,11.119999885559082,11.59000015258789,11.119999885559082,11.130000114440918,10.492713928222656,7514900,1324.800048828125
2012-05-17,11.220000267028809,11.260000228881836,10.039999961853027,10.1899995803833,9.606536865234377,15646000,1304.8599853515625
2012-05-18,10.229999542236328,10.399999618530272,9.649999618530272,10.0600004196167,9.483980178833008,10813400,1295.219970703125
2012-05-21,10.06999969482422,10.75,10.06999969482422,10.710000038146973,10.096759796142578,8290100,1315.989990234375
2012-05-22,10.75,10.970000267028809,10.529999732971191,10.619999885559082,10.01191520690918,6227400,1316.6300048828125
2012-05-23,10.5,11.0,10.279999732971191,11.0,10.370155334472656,7233000,1318.8599853515625
2012-05-24,11.1899995803833,12.229999542236328,11.130000114440918,12.15999984741211,11.463737487792969,17085400,1320.6800537109375
2012-05-25,12.15999984741211,12.399999618530272,11.960000038146973,12.300000190734863,11.595720291137695,8341300,1317.8199462890625
2012-05-29,12.40999984741211,12.670000076293944,12.220000267028809,12.619999885559082,11.897398948669434,7147600,1332.4200439453125
2012-05-30,12.600000381469728,12.850000381469728,12.460000038146973,12.6899995803833,11.963390350341797,8895400,1313.3199462890625
2012-05-31,12.760000228881836,13.359999656677246,12.510000228881836,13.220000267028809,12.463043212890623,9914700,1310.3299560546875
2012-06-01,13.010000228881836,13.050000190734863,12.34000015258789,12.640000343322754,11.916254043579102,11998500,1278.0400390625
2012-06-04,12.630000114440918,12.630000114440918,11.119999885559082,11.18000030517578,10.539847373962402,13603800,1278.1800537109375
2012-06-05,11.279999732971191,11.739999771118164,11.18000030517578,11.619999885559082,10.954654693603516,5680300,1285.5
2012-06-06,11.81999969482422,11.890000343322754,11.579999923706056,11.779999732971191,11.105494499206545,5216300,1315.1300048828125
2012-06-07,11.81999969482422,12.170000076293944,11.279999732971191,11.279999732971191,10.63412380218506,8513300,1314.989990234375
2012-06-08,11.34000015258789,12.229999542236328,11.18000030517578,12.149999618530272,11.454306602478027,9863800,1325.6600341796875
2012-06-11,12.220000267028809,12.420000076293944,11.350000381469728,11.359999656677246,10.70954418182373,7708500,1308.9300537109375
2012-06-12,11.489999771118164,11.869999885559082,11.329999923706056,11.43000030517578,10.775534629821776,7488200,1324.1800537109375
2012-06-13,11.579999923706056,12.529999732971191,11.5,11.970000267028809,11.284616470336914,12150700,1314.8800048828125
2012-06-14,12.0600004196167,12.550000190734863,12.050000190734863,12.479999542236328,11.765414237976074,8775200,1329.0999755859375
2012-06-15,12.390000343322754,12.550000190734863,11.899999618530272,12.029999732971191,11.341179847717283,7497600,1342.8399658203125
2012-06-18,12.029999732971191,12.520000457763672,11.829999923706056,12.5,11.784269332885742,7784900,1344.780029296875
2012-06-19,12.5,12.779999732971191,12.239999771118164,12.699999809265137,11.972817420959473,11647400,1357.97998046875
2012-06-20,12.649999618530272,13.109999656677246,12.449999809265137,13.029999732971191,12.283923149108888,8589200,1355.68994140625
2012-06-21,13.199999809265137,13.779999732971191,13.199999809265137,13.470000267028809,12.69872760772705,13129800,1325.510009765625
2012-06-22,13.260000228881836,13.75,12.84000015258789,13.170000076293944,12.415905952453612,14666900,1335.02001953125
2012-06-25,13.0,13.050000190734863,12.56999969482422,12.649999618530272,11.925681114196776,5882000,1313.719970703125
2012-06-26,12.829999923706056,13.199999809265137,12.779999732971191,12.880000114440918,12.14250946044922,8187700,1319.989990234375
2012-06-27,12.789999961853027,13.329999923706056,12.619999885559082,13.3100004196167,12.547889709472656,7264900,1331.8499755859375
2012-06-28,13.130000114440918,13.4399995803833,12.779999732971191,13.399999618530272,12.632736206054688,9192300,1329.0400390625
2012-06-29,13.510000228881836,13.800000190734863,13.210000038146973,13.329999923706056,12.566743850708008,9455200,1362.1600341796875
2012-07-02,13.43000030517578,13.8100004196167,13.34000015258789,13.550000190734863,12.774144172668455,10702300,1365.510009765625
2012-07-03,13.489999771118164,13.539999961853027,13.020000457763672,13.210000038146973,12.453614234924316,8305000,1374.02001953125
2012-07-05,13.25,13.56999969482422,12.880000114440918,13.470000267028809,12.69872760772705,8573800,1367.5799560546875
2012-07-06,13.3100004196167,14.09000015258789,13.3100004196167,13.869999885559082,13.075822830200195,11326900,1354.6800537109375
2012-07-09,13.81999969482422,13.880000114440918,13.270000457763672,13.489999771118164,12.71758270263672,7933800,1352.4599609375
2012-07-10,13.550000190734863,13.960000038146973,13.359999656677246,13.90999984741211,13.11353588104248,11868900,1341.469970703125
2012-07-11,13.859999656677246,14.420000076293944,13.850000381469728,14.119999885559082,13.311509132385254,9101100,1341.449951171875
2012-07-12,13.979999542236328,14.25,13.699999809265137,13.970000267028809,13.17009735107422,8067800,1334.760009765625
2012-07-13,14.0600004196167,14.510000228881836,14.0600004196167,14.449999809265137,13.622612953186035,6694600,1356.780029296875
2012-07-16,14.399999618530272,14.5,13.989999771118164,14.09000015258789,13.283228874206545,9171500,1353.6400146484375
2012-07-17,14.199999809265137,14.25,13.84000015258789,14.06999969482422,13.26437282562256,7634500,1363.6700439453125
2012-07-18,14.010000228881836,14.199999809265137,13.199999809265137,13.420000076293944,12.651591300964355,11240100,1372.780029296875
2012-07-19,13.579999923706056,13.75,12.43000030517578,12.5,11.784269332885742,13748800,1376.510009765625
2012-07-20,12.420000076293944,12.6899995803833,11.869999885559082,12.010000228881836,11.322324752807615,10048400,1362.6600341796875
2012-07-23,11.880000114440918,12.369999885559082,11.539999961853027,12.079999923706056,11.388317108154297,9005300,1350.52001953125
2012-07-24,12.050000190734863,12.100000381469728,11.369999885559082,11.59000015258789,10.92637538909912,7879600,1338.31005859375
2012-07-25,12.170000076293944,12.489999771118164,10.960000038146973,11.149999618530272,10.511568069458008,17717800,1337.8900146484375
2012-07-26,11.3100004196167,11.3100004196167,10.59000015258789,11.1899995803833,10.549277305603027,10942700,1360.02001953125
2012-07-27,11.34000015258789,11.539999961853027,11.140000343322754,11.350000381469728,10.700117111206056,5844700,1385.969970703125
2012-07-30,11.300000190734863,11.40999984741211,11.06999969482422,11.289999961853027,10.643550872802734,4354100,1385.300048828125
2012-07-31,11.3100004196167,11.630000114440918,11.15999984741211,11.460000038146973,10.80381679534912,6818400,1379.3199462890625
2012-08-01,11.289999961853027,11.289999961853027,10.760000228881836,10.829999923706056,10.209888458251951,8123600,1375.3199462890625
2012-08-02,10.729999542236328,11.130000114440918,10.609999656677246,10.68000030517578,10.06847858428955,6665600,1365.0
2012-08-03,10.81999969482422,11.050000190734863,10.720000267028809,10.890000343322754,10.266456604003906,4475200,1390.989990234375
2012-08-06,10.9399995803833,11.119999885559082,10.800000190734863,10.8100004196167,10.191036224365234,5529000,1394.22998046875
2012-08-07,10.84000015258789,10.84000015258789,9.739999771118164,9.9399995803833,9.37085247039795,15827900,1401.3499755859375
2012-08-08,9.93000030517578,10.6899995803833,9.8100004196167,10.399999618530272,9.804510116577148,9183300,1402.219970703125
2012-08-09,10.359999656677246,10.5600004196167,10.010000228881836,10.050000190734863,9.4745512008667,5483200,1402.800048828125
2012-08-10,10.170000076293944,10.289999961853027,10.039999961853027,10.06999969482422,9.493404388427734,6333900,1405.8699951171875
2012-08-13,10.199999809265137,10.390000343322754,9.949999809265137,10.119999885559082,9.54054355621338,6249800,1404.1099853515625
2012-08-14,10.170000076293944,10.380000114440918,10.039999961853027,10.119999885559082,9.54054355621338,4193700,1403.9300537109375
2012-08-15,10.079999923706056,10.229999542236328,10.0600004196167,10.149999618530272,9.568824768066406,3696700,1405.530029296875
2012-08-16,10.260000228881836,10.399999618530272,9.899999618530272,9.90999984741211,9.342567443847656,7958300,1415.510009765625
2012-08-17,9.9399995803833,10.09000015258789,9.899999618530272,10.079999923706056,9.50283432006836,7573800,1418.1600341796875
2012-08-20,10.079999923706056,10.6899995803833,10.06999969482422,10.59000015258789,9.983635902404783,7545600,1418.1300048828125
2012-08-21,10.630000114440918,11.5,10.630000114440918,11.420000076293944,10.766106605529783,19958800,1413.1700439453125
2012-08-22,11.34000015258789,11.729999542236328,11.210000038146973,11.609999656677246,10.945225715637209,10711700,1413.489990234375
2012-08-23,11.649999618530272,11.75,11.0,11.039999961853027,10.407864570617676,6695000,1402.0799560546875
2012-08-24,11.0,11.229999542236328,10.899999618530272,11.109999656677246,10.473857879638672,4722300,1411.1300048828125
2012-08-27,11.15999984741211,11.359999656677246,10.93000030517578,11.039999961853027,10.407864570617676,5707100,1410.43994140625
2012-08-28,10.989999771118164,11.1899995803833,10.739999771118164,10.8100004196167,10.191036224365234,7974300,1409.300048828125
2012-08-29,10.800000190734863,11.0,10.40999984741211,10.449999809265137,9.85164737701416,5761100,1410.489990234375
2012-08-30,10.40999984741211,10.470000267028809,10.100000381469728,10.399999618530272,9.804510116577148,5385700,1399.47998046875
2012-08-31,10.890000343322754,11.0,10.529999732971191,10.65999984741211,10.0496244430542,6248300,1406.5799560546875
2012-09-04,10.609999656677246,10.670000076293944,10.220000267028809,10.449999809265137,9.85164737701416,4713400,1404.93994140625
2012-09-05,10.399999618530272,11.279999732971191,10.390000343322754,11.220000267028809,10.577563285827637,8286800,1403.43994140625
2012-09-06,10.949999809265137,11.550000190734863,10.949999809265137,11.420000076293944,10.766106605529783,9613800,1432.1199951171875
2012-09-07,11.390000343322754,12.199999809265137,11.329999923706056,12.140000343322754,11.444883346557615,8939100,1437.9200439453125
2012-09-10,12.100000381469728,12.479999542236328,11.890000343322754,12.0,11.31289768218994,9006400,1429.0799560546875
2012-09-11,11.960000038146973,12.039999961853027,11.529999732971191,11.619999885559082,10.954654693603516,8012700,1433.56005859375
2012-09-12,11.649999618530272,11.90999984741211,11.579999923706056,11.81999969482422,11.143203735351562,5036100,1436.56005859375
2012-09-13,11.8100004196167,11.8100004196167,11.199999809265137,11.25,10.60583782196045,8627500,1459.989990234375
2012-09-14,11.170000076293944,11.18000030517578,10.489999771118164,10.529999732971191,9.927067756652832,13641000,1465.77001953125
2012-09-17,10.630000114440918,10.779999732971191,10.1899995803833,10.5600004196167,9.955350875854492,10504800,1461.18994140625
2012-09-18,10.460000038146973,10.68000030517578,10.199999809265137,10.3100004196167,9.71966552734375,6980600,1459.3199462890625
2012-09-19,10.529999732971191,11.239999771118164,10.470000267028809,10.970000267028809,10.341874122619627,10926500,1461.050048828125
2012-09-20,10.869999885559082,10.920000076293944,10.65999984741211,10.68000030517578,10.06847858428955,4523100,1460.260009765625
2012-09-21,10.829999923706056,10.850000381469728,10.550000190734863,10.670000076293944,10.05905055999756,6524500,1460.1500244140625
2012-09-24,10.65999984741211,10.9399995803833,10.350000381469728,10.510000228881836,9.90821361541748,5220900,1456.8900146484375
2012-09-25,10.5600004196167,10.699999809265137,10.279999732971191,10.279999732971191,9.69137954711914,5187200,1441.5899658203125
2012-09-26,10.3100004196167,10.59000015258789,10.3100004196167,10.5,9.898785591125488,4038400,1433.3199462890625
2012-09-27,10.43000030517578,10.510000228881836,10.260000228881836,10.359999656677246,9.766800880432127,4036000,1447.1500244140625
2012-09-28,10.3100004196167,10.5,10.149999618530272,10.460000038146973,9.86107349395752,4404600,1440.6700439453125
2012-10-01,10.350000381469728,10.84000015258789,10.31999969482422,10.75,10.134471893310549,6120000,1444.489990234375
2012-10-02,10.770000457763672,11.130000114440918,10.640000343322754,10.880000114440918,10.25702667236328,4690000,1445.75
2012-10-03,11.119999885559082,11.880000114440918,11.06999969482422,11.779999732971191,11.105494499206545,13775400,1450.989990234375
2012-10-04,11.829999923706056,11.93000030517578,11.550000190734863,11.670000076293944,11.00179386138916,6893400,1461.4000244140625
2012-10-05,11.789999961853027,12.220000267028809,11.609999656677246,11.65999984741211,10.99236297607422,6819600,1460.9300537109375
2012-10-08,11.760000228881836,11.84000015258789,11.520000457763672,11.56999969482422,10.907515525817873,2946500,1455.8800048828125
2012-10-09,11.56999969482422,11.56999969482422,11.140000343322754,11.300000190734863,10.65297794342041,4592900,1441.47998046875
2012-10-10,11.300000190734863,11.43000030517578,11.06999969482422,11.34000015258789,10.690688133239746,3567500,1432.56005859375
2012-10-11,11.350000381469728,11.520000457763672,11.010000228881836,11.170000076293944,10.530424118041992,4540700,1432.8399658203125
2012-10-12,11.199999809265137,11.489999771118164,11.130000114440918,11.359999656677246,10.70954418182373,3540300,1428.5899658203125
2012-10-15,11.470000267028809,11.65999984741211,11.289999961853027,11.420000076293944,10.766106605529783,3734800,1440.1300048828125
2012-10-16,11.460000038146973,11.59000015258789,11.329999923706056,11.579999923706056,10.916942596435549,3401000,1454.9200439453125
2012-10-17,11.460000038146973,11.789999961853027,11.25,11.619999885559082,10.954654693603516,4610600,1460.9100341796875
2012-10-18,11.630000114440918,12.119999885559082,11.600000381469728,11.720000267028809,11.048928260803224,6363500,1457.3399658203125
2012-10-19,11.630000114440918,11.770000457763672,11.329999923706056,11.470000267028809,10.81324291229248,3807900,1433.18994140625
2012-10-22,11.489999771118164,11.970000267028809,11.449999809265137,11.920000076293944,11.237479209899902,4677500,1433.8199462890625
2012-10-23,11.869999885559082,12.170000076293944,11.609999656677246,12.09000015258789,11.397744178771973,7749700,1413.1099853515625
2012-10-24,12.369999885559082,12.630000114440918,12.09000015258789,12.369999885559082,11.661710739135742,11283300,1408.75
2012-10-25,12.229999542236328,12.369999885559082,11.890000343322754,11.970000267028809,11.284616470336914,5623700,1412.969970703125
2012-10-26,12.229999542236328,12.34000015258789,11.779999732971191,11.920000076293944,11.237479209899902,5664500,1411.93994140625
2012-10-31,11.800000190734863,12.229999542236328,11.550000190734863,12.18000030517578,11.482592582702637,5144500,1412.1600341796875
2012-11-01,12.170000076293944,12.59000015258789,12.0600004196167,12.550000190734863,11.831403732299805,5001800,1427.5899658203125
2012-11-02,12.600000381469728,12.6899995803833,12.380000114440918,12.529999732971191,11.812551498413086,4813500,1414.199951171875
2012-11-05,12.56999969482422,12.779999732971191,12.529999732971191,12.640000343322754,11.916254043579102,4571300,1417.260009765625
2012-11-06,12.609999656677246,12.6899995803833,12.5,12.670000076293944,11.944534301757812,3449100,1428.3900146484375
2012-11-07,12.550000190734863,12.68000030517578,12.18000030517578,12.59000015258789,11.869114875793455,7272000,1394.530029296875
2012-11-08,12.5,13.140000343322754,12.460000038146973,13.020000457763672,12.274494171142578,10188000,1377.510009765625
2012-11-09,12.9399995803833,13.1899995803833,12.529999732971191,12.609999656677246,11.887969017028809,6560000,1379.8499755859375
2012-11-12,12.720000267028809,12.8100004196167,12.279999732971191,12.289999961853027,11.586295127868652,6752100,1380.030029296875
2012-11-13,12.34000015258789,12.81999969482422,12.279999732971191,12.59000015258789,11.869114875793455,6257900,1374.530029296875
2012-11-14,12.649999618530272,12.899999618530272,11.989999771118164,12.010000228881836,11.322324752807615,8794800,1355.489990234375
2012-11-15,12.029999732971191,12.479999542236328,12.0,12.0600004196167,11.369462013244627,5942800,1353.3299560546875
2012-11-16,12.020000457763672,12.029999732971191,11.520000457763672,11.760000228881836,11.086639404296877,5440000,1359.8800048828125
2012-11-19,11.779999732971191,12.06999969482422,11.699999809265137,12.06999969482422,11.378888130187988,3719000,1386.8900146484375
2012-11-20,12.039999961853027,12.520000457763672,11.970000267028809,12.489999771118164,11.774842262268066,4975500,1387.81005859375
2012-11-21,12.470000267028809,12.520000457763672,12.279999732971191,12.470000267028809,11.755987167358398,3141200,1391.030029296875
2012-11-23,12.479999542236328,12.56999969482422,12.359999656677246,12.5,11.784269332885742,1464800,1409.1500244140625
2012-11-26,12.40999984741211,13.0,12.199999809265137,12.920000076293944,12.180217742919922,7475600,1406.2900390625
2012-11-27,12.539999961853027,12.920000076293944,12.399999618530272,12.720000267028809,11.991671562194824,4426600,1398.93994140625
2012-11-28,12.710000038146973,12.979999542236328,12.609999656677246,12.970000267028809,12.227356910705566,4663100,1409.9300537109375
2012-11-29,12.979999542236328,13.09000015258789,12.8100004196167,13.0,12.255638122558594,4453200,1415.949951171875
2012-11-30,12.979999542236328,13.029999732971191,12.75,12.890000343322754,12.151939392089844,4889700,1416.1800537109375
2012-12-03,12.920000076293944,12.920000076293944,12.619999885559082,12.65999984741211,11.935107231140137,3167000,1409.4599609375
2012-12-04,12.720000267028809,12.890000343322754,12.0600004196167,12.380000114440918,11.67113971710205,5775300,1407.050048828125
2012-12-05,12.460000038146973,12.520000457763672,11.970000267028809,12.109999656677246,11.416600227355955,6484300,1409.280029296875
2012-12-06,12.130000114440918,12.68000030517578,12.100000381469728,12.609999656677246,11.887969017028809,7057000,1413.93994140625
2012-12-07,12.65999984741211,13.050000190734863,12.449999809265137,12.770000457763672,12.038806915283203,9250800,1418.0699462890625
2012-12-10,12.789999961853027,13.050000190734863,12.600000381469728,12.779999732971191,12.048236846923828,4620200,1418.550048828125
2012-12-11,12.859999656677246,13.260000228881836,12.75,12.880000114440918,12.14250946044922,6704500,1427.8399658203125
2012-12-12,12.890000343322754,13.079999923706056,12.649999618530272,12.699999809265137,11.972817420959473,4651700,1428.47998046875
2012-12-13,12.760000228881836,13.06999969482422,12.670000076293944,12.970000267028809,12.227356910705566,6238500,1419.449951171875
2012-12-14,12.949999809265137,13.149999618530272,12.81999969482422,12.829999923706056,12.095373153686523,4226800,1413.5799560546875
2012-12-17,13.100000381469728,13.220000267028809,12.729999542236328,12.789999961853027,12.057663917541504,7924700,1430.3599853515625
2012-12-18,12.850000381469728,12.949999809265137,12.770000457763672,12.949999809265137,12.208502769470217,5615000,1446.7900390625
2012-12-19,12.970000267028809,13.670000076293944,12.949999809265137,13.479999542236328,12.708154678344728,9147700,1435.81005859375
2012-12-20,13.489999771118164,13.75,13.43000030517578,13.539999961853027,12.764719009399414,8658800,1443.68994140625
2012-12-21,13.25,13.520000457763672,13.239999771118164,13.4399995803833,12.67044734954834,6081200,1430.1500244140625
2012-12-24,13.34000015258789,13.550000190734863,13.25,13.329999923706056,12.566743850708008,1158400,1426.6600341796875
2012-12-26,13.25,13.489999771118164,13.15999984741211,13.229999542236328,12.472471237182615,1978800,1419.8299560546875
2012-12-27,13.239999771118164,13.359999656677246,12.869999885559082,13.100000381469728,12.3499174118042,3663200,1418.0999755859375
2012-12-28,13.0,13.039999961853027,12.649999618530272,12.789999961853027,12.057663917541504,4261800,1402.4300537109375
2012-12-31,12.850000381469728,13.68000030517578,12.84000015258789,13.5,12.727009773254396,7005600,1426.18994140625
2013-01-02,13.720000267028809,14.010000228881836,13.600000381469728,13.979999542236328,13.179525375366213,6662000,1462.4200439453125
2013-01-03,14.020000457763672,14.130000114440918,13.600000381469728,13.65999984741211,12.877848625183104,5398400,1459.3699951171875
2013-01-04,13.800000190734863,14.869999885559082,13.760000228881836,14.729999542236328,13.886581420898438,12048300,1466.469970703125
2013-01-07,14.789999961853027,14.979999542236328,14.529999732971191,14.84000015258789,13.990283012390137,5730600,1461.8900146484375
2013-01-08,14.890000343322754,15.25,14.779999732971191,15.15999984741211,14.29196071624756,8034400,1457.1500244140625
2013-01-09,15.119999885559082,15.5,15.039999961853027,15.130000114440918,14.263677597045898,8493100,1461.02001953125
2013-01-10,15.199999809265137,15.279999732971191,14.84000015258789,15.140000343322754,14.27310562133789,5248800,1472.1199951171875
2013-01-11,15.100000381469728,15.3100004196167,14.720000267028809,14.779999732971191,13.933719635009766,4829400,1472.050048828125
2013-01-14,14.8100004196167,14.8100004196167,14.40999984741211,14.670000076293944,13.830018997192385,5978000,1470.6800537109375
2013-01-15,14.239999771118164,14.529999732971191,14.109999656677246,14.3100004196167,13.490629196166992,7384900,1472.3399658203125
2013-01-16,14.390000343322754,14.699999809265137,14.220000267028809,14.630000114440918,13.792308807373049,4263600,1472.6300048828125
2013-01-17,14.829999923706056,14.869999885559082,14.279999732971191,14.479999542236328,13.65089511871338,4675000,1480.93994140625
2013-01-18,14.520000457763672,14.619999885559082,14.300000190734863,14.4399995803833,13.613186836242676,5297400,1485.97998046875
2013-01-22,14.470000267028809,14.920000076293944,14.4399995803833,14.850000381469728,13.999711036682127,6520700,1492.56005859375
2013-01-23,15.31999969482422,15.640000343322754,15.020000457763672,15.06999969482422,14.207115173339844,15854900,1494.81005859375
2013-01-24,15.039999961853027,15.390000343322754,14.4399995803833,14.670000076293944,13.830018997192385,7112300,1494.8199462890625
2013-01-25,14.699999809265137,15.199999809265137,14.489999771118164,14.970000267028809,14.112839698791504,8381900,1502.9599609375
2013-01-28,15.0,15.3100004196167,14.850000381469728,15.029999732971191,14.169404983520508,6544500,1500.1800537109375
2013-01-29,14.979999542236328,15.039999961853027,14.199999809265137,14.420000076293944,13.594332695007324,10258600,1507.8399658203125
2013-01-30,14.460000038146973,14.510000228881836,14.210000038146973,14.300000190734863,13.481203079223633,4873200,1501.9599609375
2013-01-31,14.279999732971191,14.550000190734863,14.220000267028809,14.279999732971191,13.462350845336914,4575800,1498.1099853515625
2013-02-01,14.43000030517578,14.56999969482422,14.020000457763672,14.119999885559082,13.311509132385254,5308600,1513.1700439453125
2013-02-04,14.079999923706056,14.420000076293944,13.949999809265137,13.989999771118164,13.188952445983888,4441000,1495.7099609375
2013-02-05,14.130000114440918,14.260000228881836,13.859999656677246,14.09000015258789,13.283228874206545,4175900,1511.2900390625
2013-02-06,14.0600004196167,14.579999923706056,14.0600004196167,14.5600004196167,13.726317405700684,5239800,1512.1199951171875
2013-02-07,14.90999984741211,15.399999618530272,14.630000114440918,15.109999656677246,14.24482250213623,16835700,1509.3900146484375
2013-02-08,15.06999969482422,15.119999885559082,14.630000114440918,14.75,13.905436515808104,8407500,1517.9300537109375
2013-02-11,14.890000343322754,15.010000228881836,14.260000228881836,14.460000038146973,13.632040977478027,8882000,1517.010009765625
2013-02-12,14.449999809265137,14.510000228881836,14.100000381469728,14.270000457763672,13.452919006347656,8126000,1519.4300537109375
2013-02-13,14.300000190734863,14.9399995803833,14.25,14.65999984741211,13.820589065551758,10259500,1520.3299560546875
2013-02-14,14.9399995803833,14.960000038146973,13.15999984741211,13.989999771118164,13.188952445983888,31879900,1521.3800048828125
2013-02-15,13.93000030517578,14.609999656677246,13.93000030517578,14.5,13.66974925994873,15628000,1519.7900390625
2013-02-19,14.329999923706056,14.5600004196167,14.079999923706056,14.260000228881836,13.443493843078612,11354400,1530.93994140625
2013-02-20,14.170000076293944,14.260000228881836,13.149999618530272,13.329999923706056,12.566743850708008,14725200,1511.949951171875
2013-02-21,13.619999885559082,13.949999809265137,12.899999618530272,13.369999885559082,12.604454040527344,11922100,1502.4200439453125
2013-02-22,13.56999969482422,13.600000381469728,13.210000038146973,13.56999969482422,12.79300022125244,6071400,1515.5999755859375
2013-02-25,13.600000381469728,13.760000228881836,13.0,13.020000457763672,12.274494171142578,7186400,1487.8499755859375
2013-02-26,13.140000343322754,13.420000076293944,12.699999809265137,13.260000228881836,12.500754356384276,9419000,1496.93994140625
2013-02-27,13.279999732971191,13.619999885559082,13.18000030517578,13.40999984741211,12.64216423034668,7390500,1515.989990234375
2013-02-28,13.489999771118164,13.630000114440918,13.390000343322754,13.43000030517578,12.661018371582031,6143600,1514.6800537109375
2013-03-01,13.369999885559082,13.949999809265137,13.31999969482422,13.609999656677246,12.830713272094728,7376800,1518.199951171875
2013-03-04,13.5,14.06999969482422,13.470000267028809,13.899999618530272,13.104103088378906,8174800,1525.199951171875
2013-03-05,14.010000228881836,14.050000190734863,13.710000038146973,14.050000190734863,13.245519638061523,7676100,1539.7900390625
2013-03-06,14.520000457763672,14.68000030517578,14.25,14.56999969482422,13.735742568969728,13243200,1541.4599609375
2013-03-07,14.699999809265137,14.93000030517578,14.5,14.81999969482422,13.971426963806152,9125300,1544.260009765625
2013-03-08,14.989999771118164,15.199999809265137,14.84000015258789,14.920000076293944,14.065701484680176,10593700,1551.1800537109375
2013-03-11,14.850000381469728,15.149999618530272,14.710000038146973,15.130000114440918,14.263677597045898,6961800,1556.219970703125
2013-03-12,15.140000343322754,15.600000381469728,14.949999809265137,15.5,14.612493515014648,8999100,1552.47998046875
2013-03-13,15.539999961853027,16.200000762939453,15.479999542236328,15.90999984741211,14.999016761779783,11380000,1554.52001953125
2013-03-14,15.979999542236328,16.360000610351562,15.93000030517578,16.25,15.319549560546877,8383300,1563.22998046875
2013-03-15,16.450000762939453,16.540000915527344,15.880000114440918,15.979999542236328,15.06501007080078,17667700,1560.699951171875
2013-03-18,15.800000190734863,16.329999923706055,15.710000038146973,16.290000915527344,15.357259750366213,6514100,1552.0999755859375
2013-03-19,16.479999542236328,16.850000381469727,16.40999984741211,16.780000686645508,15.819204330444336,11805300,1548.3399658203125
2013-03-20,17.1299991607666,17.329999923706055,16.8700008392334,17.229999542236328,16.243436813354492,10819800,1558.7099609375
2013-03-21,17.209999084472656,17.43000030517578,16.8700008392334,17.0,16.026607513427734,10740800,1545.800048828125
2013-03-22,17.100000381469727,17.290000915527344,16.770000457763672,16.860000610351562,15.894622802734377,8545200,1556.8900146484375
2013-03-25,16.920000076293945,17.0,16.350000381469727,16.600000381469727,15.64950942993164,8400000,1551.68994140625
2013-03-26,16.670000076293945,16.84000015258789,16.5,16.510000228881836,15.564661026000977,6898500,1563.77001953125
2013-03-27,16.479999542236328,16.770000457763672,16.329999923706055,16.649999618530273,15.696645736694336,5537100,1562.8499755859375
2013-03-28,17.0,17.09000015258789,16.81999969482422,16.969999313354492,15.99832248687744,8324100,1569.18994140625
2013-04-01,17.020000457763672,17.1299991607666,16.540000915527344,16.670000076293945,15.715500831604004,5222300,1562.1700439453125
2013-04-02,16.479999542236328,16.5,15.710000038146973,15.739999771118164,14.838749885559082,14595600,1570.25
2013-04-03,15.81999969482422,15.920000076293944,15.130000114440918,15.529999732971191,14.640772819519045,14658300,1553.68994140625
2013-04-04,15.119999885559082,15.710000038146973,15.119999885559082,15.6899995803833,14.791613578796388,5520300,1559.97998046875
2013-04-05,15.170000076293944,15.789999961853027,15.029999732971191,15.720000267028809,14.819894790649414,5252300,1553.280029296875
2013-04-08,15.81999969482422,15.970000267028809,15.529999732971191,15.84000015258789,14.933023452758787,3780700,1563.0699462890625
2013-04-09,16.06999969482422,16.100000381469727,15.670000076293944,15.699999809265137,14.801040649414062,4420200,1568.6099853515625
2013-04-10,15.739999771118164,15.979999542236328,15.699999809265137,15.779999732971191,14.876460075378418,3650600,1587.72998046875
2013-04-11,15.770000457763672,16.3799991607666,15.75,16.190000534057617,15.26298713684082,5062200,1593.3699951171875
2013-04-12,16.110000610351562,16.389999389648438,15.949999809265137,16.139999389648438,15.215846061706545,3751800,1588.8499755859375
2013-04-15,16.200000762939453,16.389999389648438,15.470000267028809,15.59000015258789,14.69734001159668,6243400,1552.3599853515625
2013-04-16,15.960000038146973,16.739999771118164,15.8100004196167,16.3700008392334,15.432677268981934,10458200,1574.5699462890625
2013-04-17,16.170000076293945,16.549999237060547,15.899999618530272,16.520000457763672,15.574089050292969,6581900,1552.010009765625
2013-04-18,16.540000915527344,16.540000915527344,15.949999809265137,16.100000381469727,15.17813777923584,7633300,1541.6099853515625
2013-04-19,16.100000381469727,16.239999771118164,15.850000381469728,16.020000457763672,15.1027193069458,5762600,1555.25
2013-04-22,15.989999771118164,16.0,15.5,15.520000457763672,14.631346702575684,9227100,1562.5
2013-04-23,15.329999923706056,16.489999771118164,15.329999923706056,16.299999237060547,15.366684913635254,12302300,1578.780029296875
2013-04-24,16.260000228881836,16.5,16.0,16.450000762939453,15.508100509643556,6114400,1578.7900390625
2013-04-25,16.549999237060547,16.729999542236328,16.190000534057617,16.219999313354492,15.291266441345217,5548800,1585.1600341796875
2013-04-26,16.3799991607666,16.729999542236328,16.15999984741211,16.59000015258789,15.640079498291016,7272100,1582.239990234375
2013-04-29,16.700000762939453,16.969999313354492,16.559999465942383,16.809999465942383,15.847484588623049,5436400,1593.6099853515625
2013-04-30,16.799999237060547,17.049999237060547,16.56999969482422,16.899999618530273,15.932331085205078,3640700,1597.5699462890625
2013-05-01,16.90999984741211,17.170000076293945,16.600000381469727,16.600000381469727,15.64950942993164,4943600,1582.699951171875
2013-05-02,16.719999313354492,16.979999542236328,16.600000381469727,16.940000534057617,15.97004222869873,4888900,1597.5899658203125
2013-05-03,17.020000457763672,17.190000534057617,16.889999389648438,17.020000457763672,16.045461654663086,6451900,1614.4200439453125
2013-05-06,17.049999237060547,17.110000610351562,16.90999984741211,17.0,16.026607513427734,3930700,1617.5
2013-05-07,17.149999618530273,17.149999618530273,16.950000762939453,16.979999542236328,16.007747650146484,3157000,1625.9599609375
2013-05-08,17.010000228881836,17.549999237060547,16.989999771118164,17.34000015258789,16.34713363647461,6706200,1632.68994140625
2013-05-09,17.530000686645508,17.860000610351562,17.34000015258789,17.3799991607666,16.384849548339844,6424000,1626.6700439453125
2013-05-10,17.610000610351562,17.809999465942383,17.40999984741211,17.760000228881836,16.743083953857422,4248200,1633.699951171875
2013-05-13,17.739999771118164,17.950000762939453,17.56999969482422,17.719999313354492,16.70537757873535,4250900,1633.77001953125
2013-05-14,17.81999969482422,18.299999237060547,17.799999237060547,18.100000381469727,17.06361961364746,5989700,1650.3399658203125
2013-05-15,18.3700008392334,18.989999771118164,18.309999465942383,18.809999465942383,17.732961654663086,8951500,1658.780029296875
2013-05-16,18.959999084472656,19.520000457763672,18.8799991607666,19.1200008392334,18.02522087097168,6679300,1650.469970703125
2013-05-17,19.3799991607666,19.700000762939453,18.75,19.01000022888184,17.921518325805664,7540000,1667.469970703125
2013-05-20,19.049999237060547,19.38999938964844,18.38999938964844,18.59000015258789,17.52556800842285,6055000,1666.2900390625
2013-05-21,18.549999237060547,18.700000762939453,17.649999618530273,17.950000762939453,16.922210693359375,10018700,1669.1600341796875
2013-05-22,18.059999465942383,18.43000030517578,17.709999084472656,17.93000030517578,16.903356552124023,8662000,1655.3499755859375
2013-05-23,17.479999542236328,18.450000762939453,17.440000534057617,18.190000534057617,17.148468017578125,7482400,1650.510009765625
2013-05-24,18.11000061035156,18.420000076293945,17.889999389648438,18.209999084472656,17.167322158813477,4277800,1649.5999755859375
2013-05-28,18.440000534057617,18.71999931335449,18.049999237060547,18.1200008392334,17.082475662231445,4561900,1660.06005859375
2013-05-29,18.059999465942383,18.149999618530277,17.649999618530273,17.829999923706055,16.809083938598633,4216200,1648.3599853515625
2013-05-30,17.920000076293945,18.21999931335449,17.65999984741211,17.670000076293945,16.658241271972656,4126600,1654.4100341796875
2013-05-31,17.65999984741211,17.899999618530273,17.549999237060547,17.56999969482422,16.563966751098633,3831500,1630.739990234375
2013-06-03,17.540000915527344,17.899999618530273,17.399999618530273,17.729999542236328,16.714805603027344,5776800,1640.4200439453125
2013-06-04,17.780000686645508,18.200000762939453,17.559999465942383,17.649999618530273,16.639392852783203,4543800,1631.3800048828125
2013-06-05,17.149999618530273,17.6200008392334,16.850000381469727,16.950000762939453,15.979464530944824,11852000,1608.9000244140625
2013-06-06,16.920000076293945,17.079999923706055,15.93000030517578,16.639999389648438,15.68721866607666,12738600,1622.56005859375
2013-06-07,16.889999389648438,17.100000381469727,16.649999618530273,17.020000457763672,16.045461654663086,4030900,1643.3800048828125
2013-06-10,17.09000015258789,17.350000381469727,17.049999237060547,17.260000228881836,16.2717227935791,4246400,1642.81005859375
2013-06-11,16.940000534057617,17.260000228881836,16.75,16.920000076293945,15.951183319091797,3788700,1626.1300048828125
2013-06-12,16.969999313354492,17.200000762939453,16.649999618530273,16.8799991607666,15.913476943969728,3602200,1612.52001953125
2013-06-13,16.850000381469727,17.06999969482422,16.639999389648438,17.010000228881836,16.036033630371094,5384700,1636.3599853515625
2013-06-14,16.959999084472656,17.25,16.809999465942383,16.93000030517578,15.960611343383787,2572500,1626.72998046875
2013-06-17,17.020000457763672,17.15999984741211,16.739999771118164,16.950000762939453,15.979464530944824,2845000,1639.0400390625
2013-06-18,16.940000534057617,17.31999969482422,16.81999969482422,17.219999313354492,16.234004974365234,4298600,1651.81005859375
2013-06-19,17.15999984741211,17.270000457763672,17.0,17.059999465942383,16.083166122436523,2382500,1628.9300537109375
2013-06-20,16.729999542236328,17.18000030517578,16.530000686645508,16.729999542236328,15.772062301635742,5234200,1588.18994140625
2013-06-21,16.799999237060547,16.940000534057617,16.049999237060547,16.34000015258789,15.404397010803224,6423700,1592.4300537109375
2013-06-24,16.059999465942383,16.139999389648438,15.59000015258789,16.1299991607666,15.206419944763184,6691000,1573.0899658203125
2013-06-25,16.219999313354492,16.5,16.15999984741211,16.459999084472656,15.517525672912598,3399500,1588.030029296875
2013-06-26,16.5,16.639999389648438,16.170000076293945,16.170000076293945,15.244132041931152,3604500,1603.260009765625
2013-06-27,16.290000915527344,16.34000015258789,16.0,16.309999465942383,15.37611198425293,3566000,1613.199951171875
2013-06-28,16.239999771118164,16.549999237060547,16.15999984741211,16.420000076293945,15.479815483093262,7063900,1606.280029296875
2013-07-01,16.5,17.040000915527344,16.479999542236328,16.799999237060547,15.838055610656738,4666900,1614.9599609375
2013-07-02,16.780000686645508,16.790000915527344,16.360000610351562,16.43000030517578,15.489240646362305,4009300,1614.0799560546875
2013-07-03,16.059999465942383,16.799999237060547,16.040000915527344,16.75,15.790923118591309,2625800,1615.4100341796875
2013-07-05,16.93000030517578,17.0,16.68000030517578,16.84000015258789,15.87576675415039,2397200,1631.8900146484375
2013-07-08,16.940000534057617,17.09000015258789,16.850000381469727,16.940000534057617,15.97004222869873,2671200,1640.4599609375
2013-07-09,17.010000228881836,17.3799991607666,16.969999313354492,17.360000610351562,16.365995407104492,4076600,1652.3199462890625
2013-07-10,17.31999969482422,17.479999542236328,17.010000228881836,17.170000076293945,16.186870574951172,4289700,1652.6199951171875
2013-07-11,17.399999618530273,17.5,17.270000457763672,17.3700008392334,16.37541961669922,3153800,1675.02001953125
2013-07-12,17.360000610351562,17.850000381469727,17.350000381469727,17.559999465942383,16.554542541503906,3947100,1680.18994140625
2013-07-15,17.65999984741211,17.829999923706055,17.559999465942383,17.760000228881836,16.743083953857422,3267000,1682.5
2013-07-16,17.860000610351562,18.0,17.75,17.950000762939453,16.922210693359375,3839100,1676.260009765625
2013-07-17,17.959999084472656,18.46999931335449,17.950000762939453,18.450000762939453,17.39358139038086,6291800,1680.9100341796875
2013-07-18,18.700000762939453,18.93000030517578,18.309999465942383,18.420000076293945,17.365293502807617,8434200,1689.3699951171875
2013-07-19,18.26000022888184,18.3700008392334,18.0,18.229999542236328,17.186172485351562,4122700,1692.0899658203125
2013-07-22,18.25,18.299999237060547,18.0,18.149999618530277,17.110754013061523,4705200,1695.530029296875
2013-07-23,18.32999992370605,18.34000015258789,17.850000381469727,18.049999237060547,17.0164852142334,4893700,1692.3900146484375
2013-07-24,18.43000030517578,18.709999084472656,18.21999931335449,18.5,17.440715789794922,10792800,1685.93994140625
2013-07-25,18.489999771118164,18.850000381469727,18.299999237060547,18.82999992370605,17.75181770324707,9851900,1690.25
2013-07-26,18.739999771118164,19.11000061035156,18.68000030517578,19.09000015258789,17.996936798095703,7797700,1691.6500244140625
2013-07-29,19.06999969482422,19.26000022888184,18.93000030517578,19.229999542236328,18.12891960144043,6462700,1685.3299560546875
2013-07-30,19.32999992370605,19.450000762939453,19.11000061035156,19.200000762939453,18.10063934326172,6091900,1685.9599609375
2013-07-31,19.25,19.489999771118164,19.190000534057617,19.350000381469727,18.24204635620117,9571100,1685.72998046875
2013-08-01,19.440000534057617,19.59000015258789,19.239999771118164,19.3799991607666,18.27033233642578,7989100,1706.8699951171875
2013-08-02,19.3799991607666,19.38999938964844,18.899999618530277,18.920000076293945,17.836666107177734,7382700,1709.6700439453125
2013-08-05,18.899999618530277,19.25,18.899999618530277,19.170000076293945,18.072355270385746,4365800,1707.1400146484375
2013-08-06,19.170000076293945,19.200000762939453,18.82999992370605,18.920000076293945,17.836666107177734,3350300,1697.3699951171875
2013-08-07,18.84000015258789,18.979999542236328,18.520000457763672,18.8700008392334,17.789531707763672,4318500,1690.9100341796875
2013-08-08,18.989999771118164,19.1299991607666,18.899999618530277,18.979999542236328,17.893232345581055,4269900,1697.47998046875
2013-08-09,18.90999984741211,19.07999992370605,18.559999465942383,18.600000381469727,17.534990310668945,4720600,1691.4200439453125
2013-08-12,18.489999771118164,18.8799991607666,18.06999969482422,18.81999969482422,17.742393493652344,4674800,1689.469970703125
2013-08-13,18.86000061035156,18.950000762939453,16.290000915527344,16.360000610351562,15.42325210571289,78591200,1694.1600341796875
2013-08-14,16.049999237060547,16.34000015258789,15.350000381469728,16.170000076293945,15.244132041931152,28026200,1685.3900146484375
2013-08-15,15.970000267028809,16.15999984741211,15.649999618530272,15.720000267028809,14.819894790649414,10372800,1661.3199462890625
2013-08-16,15.699999809265137,16.420000076293945,15.699999809265137,16.010000228881836,15.093291282653809,8824700,1655.8299560546875
2013-08-19,15.970000267028809,15.989999771118164,15.619999885559082,15.640000343322754,14.744479179382324,6141500,1646.06005859375
2013-08-20,15.640000343322754,16.209999084472656,15.600000381469728,15.800000190734863,14.895315170288086,6373900,1652.3499755859375
2013-08-21,15.800000190734863,15.989999771118164,15.75,15.8100004196167,14.904742240905762,4234300,1642.800048828125
2013-08-22,15.90999984741211,16.3700008392334,15.899999618530272,16.270000457763672,15.338403701782228,4770200,1656.9599609375
2013-08-23,16.299999237060547,16.399999618530273,16.100000381469727,16.15999984741211,15.234702110290527,2190400,1663.5
2013-08-26,16.15999984741211,16.40999984741211,16.030000686645508,16.209999084472656,15.281838417053224,2808200,1656.780029296875
2013-08-27,15.869999885559082,16.0,15.329999923706056,15.470000267028809,14.584208488464355,6422300,1630.47998046875
2013-08-28,15.380000114440918,15.529999732971191,15.279999732971191,15.34000015258789,14.46165657043457,3613100,1634.9599609375
2013-08-29,16.030000686645508,16.389999389648438,15.720000267028809,15.960000038146973,15.046154022216797,7645000,1638.1700439453125
2013-08-30,16.100000381469727,16.729999542236328,16.06999969482422,16.15999984741211,15.234702110290527,7569500,1632.969970703125
2013-09-03,16.3799991607666,16.639999389648438,16.110000610351562,16.389999389648438,15.451529502868652,4178200,1639.77001953125
2013-09-04,16.489999771118164,16.850000381469727,16.440000534057617,16.809999465942383,15.847484588623049,4839200,1653.0799560546875
2013-09-05,16.950000762939453,17.1299991607666,16.8799991607666,16.989999771118164,16.017175674438477,3528500,1655.0799560546875
2013-09-06,17.18000030517578,17.200000762939453,16.6200008392334,16.799999237060547,15.838055610656738,4512900,1655.1700439453125
2013-09-09,16.860000610351562,17.469999313354492,16.84000015258789,17.469999313354492,16.469690322875977,5276200,1671.7099609375
2013-09-10,17.690000534057617,18.18000030517578,17.639999389648438,18.1200008392334,17.082475662231445,5827000,1683.989990234375
2013-09-11,18.030000686645508,18.040000915527344,17.309999465942383,17.719999313354492,16.70537757873535,6391100,1689.1300048828125
2013-09-12,17.690000534057617,17.950000762939453,17.549999237060547,17.6299991607666,16.62053108215332,3475500,1683.4200439453125
2013-09-13,17.709999084472656,18.030000686645508,17.709999084472656,17.8700008392334,16.846786499023438,2590600,1687.989990234375
2013-09-16,18.15999984741211,18.40999984741211,17.969999313354492,18.06999969482422,17.03533935546875,5691300,1697.5999755859375
2013-09-17,18.56999969482422,18.81999969482422,18.5,18.71999931335449,17.648117065429688,5634500,1704.760009765625
2013-09-18,18.68000030517578,18.799999237060547,18.46999931335449,18.68000030517578,17.610410690307617,4482400,1725.52001953125
2013-09-19,18.670000076293945,19.1299991607666,18.61000061035156,18.96999931335449,17.883806228637695,5189900,1722.3399658203125
2013-09-20,18.940000534057617,19.209999084472656,18.82999992370605,18.88999938964844,17.808378219604492,4989100,1709.9100341796875
2013-09-23,18.88999938964844,19.0,18.540000915527344,18.86000061035156,17.780105590820312,3354400,1701.8399658203125
2013-09-24,18.790000915527344,19.280000686645508,18.68000030517578,18.989999771118164,17.902658462524414,5610900,1697.4200439453125
2013-09-25,19.1299991607666,19.38999938964844,18.799999237060547,19.18000030517578,18.081787109375,3519500,1692.77001953125
2013-09-26,19.170000076293945,19.479999542236328,19.100000381469727,19.46999931335449,18.35517692565918,3301300,1698.6700439453125
2013-09-27,19.09000015258789,19.350000381469727,18.770000457763672,19.07999992370605,17.987506866455078,4223100,1691.75
2013-09-30,18.34000015258789,19.21999931335449,18.040000915527344,18.959999084472656,17.87437629699707,4364300,1681.550048828125
2013-10-01,18.979999542236328,19.850000381469727,18.979999542236328,19.690000534057617,18.562580108642575,7630300,1695.0
2013-10-02,20.0,20.100000381469727,19.739999771118164,19.84000015258789,18.70399475097656,5555100,1693.8699951171875
2013-10-03,20.0,20.5,19.670000076293945,20.479999542236328,19.30734634399414,7886500,1678.6600341796875
2013-10-04,20.309999465942383,20.75,20.309999465942383,20.530000686645508,19.3544864654541,6492900,1690.5
2013-10-07,20.40999984741211,20.770000457763672,20.299999237060547,20.38999938964844,19.222496032714844,3837200,1676.1199951171875
2013-10-08,20.31999969482422,20.43000030517578,19.920000076293945,20.020000457763672,18.873682022094727,4188900,1655.449951171875
2013-10-09,20.07999992370605,20.270000457763672,19.770000457763672,20.059999465942383,18.91139411926269,3358000,1656.4000244140625
2013-10-10,20.350000381469727,20.649999618530277,20.270000457763672,20.5,19.326202392578125,3372000,1692.56005859375
2013-10-11,20.5,20.729999542236328,20.420000076293945,20.71999931335449,19.533601760864254,3503300,1703.199951171875
2013-10-14,20.520000457763672,20.670000076293945,20.26000022888184,20.57999992370605,19.401620864868164,3066400,1710.1400146484375
2013-10-15,20.63999938964844,20.82999992370605,20.31999969482422,20.5,19.326202392578125,3089000,1698.06005859375
2013-10-16,20.56999969482422,20.729999542236328,20.450000762939453,20.6200008392334,19.4393310546875,3478800,1721.5400390625
2013-10-17,20.71999931335449,21.059999465942383,20.63999938964844,21.0,19.797571182250977,4487000,1733.1500244140625
2013-10-18,21.229999542236328,21.350000381469727,20.81999969482422,21.13999938964844,19.9295597076416,3676600,1744.5
2013-10-21,21.229999542236328,21.34000015258789,21.06999969482422,21.21999931335449,20.00496482849121,2104100,1744.6600341796875
2013-10-22,21.530000686645508,21.989999771118164,21.34000015258789,21.950000762939453,20.693178176879883,5208400,1754.6700439453125
2013-10-23,21.81999969482422,22.09000015258789,21.309999465942383,21.399999618530277,20.174665451049805,5540000,1746.3800048828125
2013-10-24,22.07999992370605,23.15999984741211,21.81999969482422,22.670000076293945,21.3719482421875,9779400,1752.0699462890625
2013-10-25,22.76000022888184,23.07999992370605,21.649999618530277,22.149999618530277,20.881723403930664,9907100,1759.77001953125
2013-10-28,22.239999771118164,22.6299991607666,21.8799991607666,22.01000022888184,20.74973487854004,4642800,1762.1099853515625
2013-10-29,22.76000022888184,22.790000915527344,22.06999969482422,22.3700008392334,21.089126586914062,5769000,1771.949951171875
2013-10-30,22.3799991607666,22.989999771118164,21.81999969482422,22.57999992370605,21.28710174560547,13157000,1763.31005859375
2013-10-31,22.600000381469727,22.86000061035156,21.96999931335449,21.96999931335449,20.712032318115234,6029300,1756.5400390625
2013-11-01,22.040000915527344,22.46999931335449,21.600000381469727,22.440000534057617,21.155126571655277,7190700,1761.6400146484375
2013-11-04,22.600000381469727,23.899999618530277,22.56999969482422,22.709999084472656,21.40966033935547,19962000,1767.9300537109375
2013-11-05,22.75,22.8799991607666,22.32999992370605,22.68000030517578,21.38137626647949,7127300,1762.969970703125
2013-11-06,23.26000022888184,23.26000022888184,21.899999618530277,22.399999618530277,21.117408752441406,8827100,1770.489990234375
2013-11-07,22.530000686645508,22.790000915527344,21.950000762939453,22.07999992370605,20.81572914123535,6393200,1747.1500244140625
2013-11-08,22.15999984741211,23.229999542236328,22.1200008392334,23.209999084472656,21.88102912902832,8462000,1770.6099853515625
2013-11-11,23.25,23.450000762939453,23.059999465942383,23.270000457763672,21.93759536743164,3508100,1771.8900146484375
2013-11-12,23.26000022888184,25.489999771118164,22.5,23.520000457763672,22.17327880859375,40091800,1767.68994140625
2013-11-13,24.21999931335449,24.299999237060547,23.1299991607666,23.309999465942383,21.97529602050781,20087200,1782.0
2013-11-14,23.790000915527344,23.799999237060547,23.3799991607666,23.65999984741211,22.30526733398437,12641900,1790.6199951171875
2013-11-15,23.729999542236328,24.049999237060547,23.31999969482422,23.88999938964844,22.522092819213867,13660700,1798.1800537109375
2013-11-18,24.21999931335449,24.809999465942383,24.040000915527344,24.399999618530277,23.00288772583008,10080800,1791.530029296875
2013-11-19,24.549999237060547,24.799999237060547,24.07999992370605,24.229999542236328,22.84262466430664,14087400,1787.8699951171875
2013-11-20,24.290000915527344,24.420000076293945,23.90999984741211,24.059999465942383,22.68235969543457,11182500,1781.3699951171875
2013-11-21,24.06999969482422,24.239999771118164,23.780000686645508,23.989999771118164,22.61636734008789,9920500,1795.8499755859375
2013-11-22,24.200000762939453,24.559999465942383,23.899999618530277,24.270000457763672,22.88032913208008,12430500,1804.760009765625
2013-11-25,24.450000762939453,24.530000686645508,24.0,24.239999771118164,22.852048873901367,9436600,1802.47998046875
2013-11-26,24.170000076293945,24.239999771118164,23.700000762939453,23.809999465942383,22.446674346923828,10785200,1802.75
2013-11-27,23.920000076293945,24.18000030517578,23.6299991607666,23.979999542236328,22.60694122314453,14261600,1807.22998046875
2013-11-29,24.1200008392334,24.18000030517578,23.450000762939453,23.479999542236328,22.13556671142578,4922900,1805.81005859375
2013-12-02,23.549999237060547,23.6200008392334,23.01000022888184,23.040000915527344,21.72076416015625,9149800,1800.9000244140625
2013-12-03,22.989999771118164,22.989999771118164,22.01000022888184,22.38999938964844,21.10797882080078,17623800,1795.1500244140625
2013-12-04,22.3799991607666,22.43000030517578,21.690000534057617,21.8700008392334,20.617753982543945,16670300,1792.81005859375
2013-12-05,22.270000457763672,22.6200008392334,21.450000762939453,22.350000381469727,21.07027053833008,30725800,1785.030029296875
2013-12-06,22.71999931335449,22.8799991607666,22.1299991607666,22.549999237060547,21.25882148742676,28364700,1805.0899658203125
2013-12-09,23.950000762939453,25.440000534057617,23.450000762939453,24.600000381469727,23.19144058227539,43197300,1808.3699951171875
2013-12-10,24.540000915527344,25.170000076293945,24.40999984741211,24.8799991607666,23.45540428161621,18660600,1802.6199951171875
2013-12-11,25.440000534057617,27.200000762939453,25.3700008392334,25.989999771118164,24.501850128173828,38843400,1782.219970703125
2013-12-12,26.200000762939453,26.709999084472656,25.450000762939453,25.450000762939453,23.992769241333008,19981800,1775.5
2013-12-13,25.61000061035156,26.299999237060547,25.520000457763672,26.229999542236328,24.728107452392575,12189900,1775.3199462890625
2013-12-16,26.6299991607666,26.770000457763672,26.350000381469727,26.61000061035156,25.086349487304688,13181300,1786.5400390625
2013-12-17,26.46999931335449,26.59000015258789,25.950000762939453,26.100000381469727,24.60555076599121,11413200,1781.0
2013-12-18,25.989999771118164,26.229999542236328,25.549999237060547,26.229999542236328,24.728107452392575,9993900,1810.6500244140625
2013-12-19,26.09000015258789,26.489999771118164,25.81999969482422,26.1200008392334,24.62440490722656,6908800,1809.5999755859375
2013-12-20,26.15999984741211,26.489999771118164,26.13999938964844,26.32999992370605,24.82238006591797,8527700,1818.3199462890625
2013-12-23,26.290000915527344,26.489999771118164,26.049999237060547,26.18000030517578,24.68096923828125,5401100,1827.989990234375
2013-12-24,26.0,26.26000022888184,26.0,26.25,24.74696350097656,2653000,1833.3199462890625
2013-12-26,26.1200008392334,26.36000061035156,25.979999542236328,26.1299991607666,24.63383102416992,4216600,1842.02001953125
2013-12-27,25.950000762939453,26.100000381469727,24.90999984741211,24.940000534057617,23.5119743347168,13221000,1841.4000244140625
2013-12-30,24.8700008392334,25.25,24.649999618530277,24.780000686645508,23.36113166809082,8840800,1841.0699462890625
2013-12-31,24.739999771118164,25.25,24.6299991607666,25.25,23.80422019958496,7166600,1848.3599853515625
2014-01-02,25.06999969482422,25.81999969482422,25.059999465942383,25.36000061035156,23.90792465209961,8997900,1831.97998046875
2014-01-03,25.75,26.75,25.51000022888184,26.540000915527344,25.02035903930664,13829600,1831.3699951171875
2014-01-06,26.6200008392334,27.200000762939453,26.600000381469727,27.030000686645508,25.48230361938477,11271400,1826.77001953125
2014-01-07,27.200000762939453,27.399999618530277,26.670000076293945,26.90999984741211,25.36917495727539,11288700,1837.8800048828125
2014-01-08,26.3700008392334,27.68000030517578,26.350000381469727,27.6299991607666,26.04794692993164,15733900,1837.489990234375
2014-01-09,28.239999771118164,29.600000381469727,28.200000762939453,29.420000076293945,27.73545265197754,26049300,1838.1300048828125
2014-01-10,29.049999237060547,29.82999992370605,28.75,29.350000381469727,27.66946220397949,12807800,1842.3699951171875
2014-01-13,29.18000030517578,29.530000686645508,28.57999992370605,28.649999618530277,27.009544372558597,10587800,1819.199951171875
2014-01-14,28.75,29.040000915527344,28.709999084472656,28.8700008392334,27.216947555541992,10600500,1838.8800048828125
2014-01-15,28.899999618530277,29.440000534057617,28.700000762939453,28.84000015258789,27.18866539001465,11192500,1848.3800048828125
2014-01-16,28.940000534057617,29.38999938964844,28.700000762939453,29.34000015258789,27.66003799438477,7034200,1845.8900146484375
2014-01-17,29.299999237060547,30.020000457763672,29.170000076293945,30.020000457763672,28.301105499267575,18276700,1838.699951171875
2014-01-21,30.65999984741211,30.799999237060547,30.200000762939453,30.65999984741211,28.90445327758789,10612500,1843.800048828125
2014-01-22,30.709999084472656,31.239999771118164,30.649999618530277,31.200000762939453,29.413536071777344,7578800,1844.8599853515625
2014-01-23,30.649999618530277,31.459999084472656,30.6200008392334,31.350000381469727,29.55494499206543,11394600,1828.4599609375
2014-01-24,31.020000457763672,31.18000030517578,29.90999984741211,30.399999618530277,28.659337997436523,13686200,1790.2900390625
2014-01-27,30.399999618530277,30.8700008392334,28.670000076293945,30.18000030517578,28.451934814453125,16276300,1781.56005859375
2014-01-28,30.31999969482422,32.20000076293945,30.020000457763672,31.959999084472656,30.13002014160156,23937900,1792.5
2014-01-29,32.2400016784668,33.400001525878906,32.099998474121094,32.97999954223633,31.091611862182617,22683700,1774.199951171875
2014-01-30,33.36000061035156,34.20000076293945,33.20000076293945,33.79999923706055,31.86466217041016,13660500,1794.18994140625
2014-01-31,33.439998626708984,34.08000183105469,33.0,33.54999923706055,31.62897300720215,12791000,1782.5899658203125
2014-02-03,33.95000076293945,34.47999954223633,33.04999923706055,33.959999084472656,32.01549530029297,21739500,1741.8900146484375
2014-02-04,34.040000915527344,34.380001068115234,33.58000183105469,34.04999923706055,32.100345611572266,11178900,1755.199951171875
2014-02-05,33.81999969482422,33.970001220703125,33.400001525878906,33.79999923706055,31.86466217041016,15465100,1751.6400146484375
2014-02-06,33.709999084472656,34.91999816894531,33.70000076293945,34.65999984741211,32.675418853759766,13920500,1773.4300537109375
2014-02-07,34.810001373291016,35.70000076293945,34.650001525878906,35.66999816894531,33.62758255004883,15404700,1797.02001953125
2014-02-10,36.09999847412109,36.150001525878906,35.380001068115234,35.58000183105469,33.54274368286133,11107300,1799.8399658203125
2014-02-11,35.58000183105469,35.63999938964844,34.38999938964844,35.130001068115234,33.118507385253906,11988300,1819.75
2014-02-12,34.88999938964844,35.0,34.36000061035156,34.689998626708984,32.70370101928711,9383300,1819.260009765625
2014-02-13,34.06999969482422,35.040000915527344,34.060001373291016,35.029998779296875,33.02423477172852,8409200,1829.8299560546875
2014-02-14,34.849998474121094,35.18000030517578,34.220001220703125,34.40999984741211,32.439735412597656,7296900,1838.6300048828125
2014-02-18,34.72999954223633,34.95000076293945,34.20000076293945,34.310001373291016,32.345458984375,7087200,1840.760009765625
2014-02-19,34.25,35.09000015258789,34.11000061035156,34.59000015258789,32.609432220458984,7258100,1828.75
2014-02-20,34.43000030517578,35.66999816894531,34.43000030517578,35.65999984741211,33.618167877197266,9282100,1839.780029296875
2014-02-21,35.779998779296875,36.45000076293945,35.75,36.16999816894531,34.098960876464844,7820900,1836.25
2014-02-24,36.20000076293945,36.65999984741211,36.02000045776367,36.650001525878906,34.551475524902344,7018500,1847.6099853515625
2014-02-25,36.630001068115234,37.150001525878906,36.5099983215332,37.0,34.881431579589844,8990100,1845.1199951171875
2014-02-26,37.119998931884766,37.27999877929688,36.58000183105469,36.75,34.64574432373047,10514100,1845.1600341796875
2014-02-27,36.880001068115234,36.95000076293945,36.34000015258789,36.560001373291016,34.46662902832031,5657000,1854.2900390625
2014-02-28,36.11000061035156,36.97999954223633,36.06999969482422,36.93000030517578,34.81543731689453,7989800,1859.449951171875
2014-03-03,36.16999816894531,36.400001525878906,35.31999969482422,36.09999847412109,34.0329704284668,9495500,1845.72998046875
2014-03-04,36.56999969482422,37.459999084472656,36.56999969482422,37.34000015258789,35.201961517333984,11739700,1873.9100341796875
2014-03-05,37.59999847412109,38.02999877929688,37.5099983215332,37.86000061035156,35.692195892333984,8793500,1873.81005859375
2014-03-06,38.27999877929688,39.33000183105469,38.27999877929688,38.810001373291016,36.587799072265625,14006200,1877.030029296875
2014-03-07,39.220001220703125,39.290000915527344,38.11000061035156,39.02000045776367,36.78577423095703,10536100,1878.0400390625
2014-03-10,38.70000076293945,39.880001068115234,38.54999923706055,38.959999084472656,36.72919845581055,11413500,1877.1700439453125
2014-03-11,38.650001525878906,39.2599983215332,37.95000076293945,38.08000183105469,35.899593353271484,11302500,1867.6300048828125
2014-03-12,37.970001220703125,38.08000183105469,37.22999954223633,37.560001373291016,35.409366607666016,9412700,1868.199951171875
2014-03-13,37.900001525878906,37.9900016784668,35.75,36.7400016784668,34.63633346557617,11743600,1846.3399658203125
2014-03-14,36.0,37.18000030517578,35.66999816894531,36.34000015258789,34.25922393798828,7198600,1841.1300048828125
2014-03-17,36.619998931884766,37.77000045776367,36.52999877929688,37.70000076293945,35.541358947753906,9235100,1858.8299560546875
2014-03-18,37.75,38.040000915527344,37.09000015258789,37.34999847412109,35.211387634277344,5715900,1872.25
2014-03-19,37.27000045776367,37.630001068115234,36.68000030517578,37.08000183105469,34.95685195922852,3863100,1860.77001953125
2014-03-20,36.61000061035156,37.09000015258789,36.27999877929688,36.560001373291016,34.46662902832031,6952100,1872.010009765625
2014-03-21,36.7599983215332,36.81999969482422,35.90999984741211,36.11000061035156,34.04239654541016,14110700,1866.52001953125
2014-03-24,36.25,36.86000061035156,36.02999877929688,36.79999923706055,34.69288635253906,6514000,1857.43994140625
2014-03-25,36.880001068115234,38.20000076293945,36.86000061035156,37.900001525878906,35.72990417480469,10418400,1865.6199951171875
2014-03-26,38.150001525878906,38.2599983215332,36.63999938964844,36.70000076293945,34.59861755371094,7318200,1852.56005859375
2014-03-27,36.619998931884766,36.77000045776367,35.02000045776367,35.77000045776367,33.721858978271484,9542200,1849.0400390625
2014-03-28,35.77000045776367,36.5,35.349998474121094,35.38999938964844,33.363624572753906,6792700,1857.6199951171875
2014-03-31,35.84000015258789,36.869998931884766,35.75,36.59999847412109,34.504337310791016,8415300,1872.3399658203125
2014-04-01,36.95000076293945,38.18999862670898,36.84999847412109,37.93999862670898,35.76761245727539,11064900,1885.52001953125
2014-04-02,38.2400016784668,38.900001525878906,37.47999954223633,37.709999084472656,35.550777435302734,12511000,1890.9000244140625
2014-04-03,37.720001220703125,38.43999862670898,36.959999084472656,37.34000015258789,35.201961517333984,7937400,1888.77001953125
2014-04-04,37.40999984741211,37.720001220703125,36.29999923706055,36.560001373291016,34.46662902832031,8731000,1865.0899658203125
2014-04-07,36.77999877929688,37.47999954223633,35.459999084472656,35.779998779296875,33.73128890991211,10569800,1845.0400390625
2014-04-08,36.0,36.220001220703125,33.619998931884766,35.97999954223633,33.91984558105469,17409200,1851.9599609375
2014-04-09,36.08000183105469,37.0,35.15999984741211,36.900001525878906,34.78716278076172,11473300,1872.1800537109375
2014-04-10,36.70000076293945,37.380001068115234,34.599998474121094,35.290000915527344,33.26935195922852,16311400,1833.0799560546875
2014-04-11,34.099998474121094,35.459999084472656,33.59000015258789,33.68000030517578,31.75153350830078,15532400,1815.68994140625
2014-04-14,34.0,34.77000045776367,32.77000045776367,33.369998931884766,31.45928192138672,13465400,1830.6099853515625
2014-04-15,33.52000045776367,34.33000183105469,31.86000061035156,33.720001220703125,31.78924560546875,15979100,1842.97998046875
2014-04-16,34.16999816894531,35.59000015258789,33.939998626708984,35.5099983215332,33.47674560546875,15634200,1862.31005859375
2014-04-17,35.5,35.869998931884766,34.81999969482422,35.400001525878906,33.373046875,9225000,1864.8499755859375
2014-04-21,35.08000183105469,35.790000915527344,34.86000061035156,35.66999816894531,33.62758255004883,7189200,1871.8900146484375
2014-04-22,35.7599983215332,36.7400016784668,35.75,36.15999984741211,34.08952331542969,8941800,1879.550048828125
2014-04-23,37.13999938964844,37.59999847412109,36.400001525878906,37.09000015258789,34.966278076171875,14649500,1875.3900146484375
2014-04-24,37.84000015258789,38.2400016784668,35.79999923706055,37.2599983215332,35.126548767089844,21038700,1878.6099853515625
2014-04-25,37.0,37.11000061035156,35.90999984741211,36.0,33.938697814941406,9574100,1863.4000244140625
2014-04-28,36.40999984741211,36.720001220703125,34.34000015258789,35.15999984741211,33.14678955078125,13149300,1869.4300537109375
2014-04-29,35.20000076293945,35.650001525878906,34.970001220703125,35.5099983215332,33.47674560546875,8994200,1878.3299560546875
2014-04-30,35.68000030517578,35.880001068115234,34.88999938964844,35.06999969482422,33.06193923950195,6944600,1883.949951171875
2014-05-01,35.86000061035156,36.70000076293945,35.470001220703125,36.38999938964844,34.306358337402344,11497700,1883.6800537109375
2014-05-02,36.27000045776367,36.720001220703125,36.060001373291016,36.4900016784668,34.400638580322266,6986300,1881.1400146484375
2014-05-05,36.08000183105469,36.77999877929688,35.790000915527344,36.59999847412109,34.504337310791016,5818100,1884.6600341796875
2014-05-06,37.13999938964844,37.400001525878906,36.38999938964844,36.66999816894531,34.57033157348633,9492600,1867.719970703125
2014-05-07,36.52999877929688,37.310001373291016,36.310001373291016,37.220001220703125,35.088836669921875,7800000,1878.2099609375
2014-05-08,37.25,38.25,37.04999923706055,38.25,36.05986404418945,14450100,1875.6300048828125
2014-05-09,37.959999084472656,38.70000076293945,37.90999984741211,38.2599983215332,36.06928634643555,9704400,1878.47998046875
2014-05-12,38.34999847412109,39.4900016784668,38.34999847412109,39.38999938964844,37.13458251953125,12438300,1896.6500244140625
2014-05-13,38.95000076293945,39.7400016784668,38.84999847412109,39.310001373291016,37.05916595458984,8680100,1897.449951171875
2014-05-14,39.08000183105469,39.2400016784668,38.560001373291016,38.84000015258789,36.61608123779297,7987700,1888.530029296875
2014-05-15,38.54999923706055,38.72999954223633,37.47999954223633,38.18999862670898,36.00328826904297,10673900,1870.8499755859375
2014-05-16,38.0099983215332,38.68000030517578,37.7599983215332,38.52999877929688,36.323822021484375,7062500,1877.8599853515625
2014-05-19,38.4900016784668,39.15999984741211,38.09999847412109,38.56999969482422,36.36153793334961,7164500,1885.0799560546875
2014-05-20,38.540000915527344,38.880001068115234,38.02000045776367,38.2400016784668,36.05044174194336,6285400,1872.8299560546875
2014-05-21,38.27999877929688,38.84999847412109,38.04999923706055,38.31999969482422,36.12585067749024,6564100,1888.030029296875
2014-05-22,38.29999923706055,38.880001068115234,38.29999923706055,38.720001220703125,36.50293731689453,6414500,1892.489990234375
2014-05-23,38.52999877929688,39.5,38.52999877929688,39.11000061035156,36.8706283569336,9864400,1900.530029296875
2014-05-27,39.380001068115234,39.93000030517578,39.22999954223633,39.34999847412109,37.096866607666016,9586900,1911.9100341796875
2014-05-28,39.400001525878906,40.33000183105469,39.18999862670898,39.79999923706055,37.52111053466797,11132400,1909.780029296875
2014-05-29,39.88999938964844,40.27000045776367,39.36000061035156,39.81999969482422,37.53996658325195,9667100,1920.030029296875
2014-05-30,39.83000183105469,40.16999816894531,39.68000030517578,40.15999984741211,37.860496520996094,13888300,1923.5699462890625
2014-06-02,40.0,41.25,40.0,41.220001220703125,38.85980224609375,9902100,1924.969970703125
2014-06-03,41.130001068115234,42.09000015258789,41.11000061035156,41.43999862670898,39.06720352172852,9456200,1924.239990234375
2014-06-04,41.36000061035156,42.900001525878906,41.20000076293945,42.81999969482422,40.3681869506836,11931500,1927.8800048828125
2014-06-05,43.0,43.4900016784668,42.27000045776367,42.40999984741211,39.98165893554688,8539600,1940.4599609375
2014-06-06,42.45000076293945,43.91999816894531,42.41999816894531,43.880001068115234,41.36749649047852,13615400,1949.43994140625
2014-06-09,44.0,44.43000030517578,43.06999969482422,43.59000015258789,41.09410095214844,11689500,1951.27001953125
2014-06-10,43.5,43.86000061035156,42.93000030517578,43.65999984741211,41.160099029541016,8384400,1950.7900390625
2014-06-11,42.900001525878906,43.290000915527344,42.02999877929688,42.290000915527344,39.86853790283203,13184000,1943.8900146484375
2014-06-12,41.27000045776367,41.40999984741211,38.84999847412109,40.20000076293945,37.8982048034668,37320100,1930.1099853515625
2014-06-13,40.25,40.91999816894531,39.54999923706055,40.380001068115234,38.067901611328125,13586100,1936.1600341796875
2014-06-16,39.68000030517578,41.290000915527344,39.66999816894531,41.060001373291016,38.7089729309082,13633600,1937.780029296875
2014-06-17,41.08000183105469,42.18999862670898,40.7599983215332,41.869998931884766,39.47258377075195,12523400,1941.989990234375
2014-06-18,41.93000030517578,42.81999969482422,41.56999969482422,42.65999984741211,40.21735000610352,11249400,1956.97998046875
2014-06-19,42.81999969482422,43.4900016784668,42.65999984741211,43.060001373291016,40.59445571899414,14116000,1959.47998046875
2014-06-20,43.040000915527344,44.54999923706055,43.02999877929688,44.54999923706055,41.99912643432617,40641900,1962.8699951171875
2014-06-23,44.29999923706055,44.880001068115234,43.79999923706055,44.36000061035156,41.82000732421875,18454500,1962.6099853515625
2014-06-24,44.13999938964844,44.61000061035156,42.7599983215332,43.18000030517578,40.70757675170898,13248100,1949.97998046875
2014-06-25,42.900001525878906,44.0,42.29999923706055,43.90999984741211,41.395782470703125,10944400,1959.530029296875
2014-06-26,43.959999084472656,44.59999847412109,43.5,44.54999923706055,41.99912643432617,11174300,1957.219970703125
2014-06-27,44.29999923706055,44.75,43.90999984741211,44.0,41.48062133789063,41468300,1960.9599609375
2014-06-30,44.040000915527344,44.08000183105469,42.83000183105469,42.959999084472656,40.50016784667969,10439600,1960.22998046875
2014-07-01,43.43999862670898,43.900001525878906,43.04999923706055,43.86000061035156,41.34864807128906,9162600,1973.3199462890625
2014-07-02,42.88999938964844,42.95000076293945,41.41999816894531,41.95000076293945,39.54800033569336,19744600,1974.6199951171875
2014-07-03,42.61000061035156,42.93999862670898,41.400001525878906,41.619998931884766,39.23689270019531,8258000,1985.43994140625
2014-07-07,41.720001220703125,41.720001220703125,39.91999816894531,40.09999847412109,37.80392837524414,14223500,1977.6500244140625
2014-07-08,39.13999938964844,40.33000183105469,37.900001525878906,40.2599983215332,37.95476531982422,26399400,1963.7099609375
2014-07-09,42.08000183105469,42.34999847412109,40.5099983215332,41.9900016784668,39.58570861816406,20468300,1972.8299560546875
2014-07-10,41.0,42.97999954223633,40.77000045776367,42.81999969482422,40.3681869506836,11827200,1964.6800537109375
2014-07-11,42.90999984741211,43.22999954223633,42.52000045776367,42.880001068115234,40.42476272583008,8135500,1967.5699462890625
2014-07-14,43.2599983215332,43.59000015258789,42.72999954223633,42.97999954223633,40.51902770996094,7214700,1977.0999755859375
2014-07-15,43.33000183105469,43.72999954223633,42.77999877929688,43.70000076293945,41.19779968261719,8358400,1973.280029296875
2014-07-16,44.0,44.0,43.29999923706055,43.47999954223633,40.99040603637695,6371100,1981.5699462890625
2014-07-17,43.040000915527344,43.43999862670898,41.650001525878906,41.70000076293945,39.31232070922852,13919700,1958.1199951171875
2014-07-18,42.22999954223633,43.220001220703125,42.150001525878906,42.91999816894531,40.46247100830078,8869000,1978.219970703125
2014-07-21,42.90999984741211,42.95000076293945,42.25,42.47999954223633,40.04766082763672,5679500,1973.6300048828125
2014-07-22,42.70000076293945,42.88999938964844,42.150001525878906,42.380001068115234,39.95338439941406,6456900,1983.530029296875
2014-07-23,42.720001220703125,43.65999984741211,42.650001525878906,43.33000183105469,40.8489990234375,10166700,1987.010009765625
2014-07-24,42.5,43.95000076293945,41.70000076293945,42.15999984741211,39.7459831237793,18015200,1987.97998046875
2014-07-25,42.25,42.68000030517578,41.34000015258789,41.68000030517578,39.29346084594727,10986700,1978.3399658203125
2014-07-28,41.869998931884766,41.95000076293945,39.810001373291016,40.290000915527344,37.983055114746094,15941300,1978.9100341796875
2014-07-29,40.650001525878906,40.84999847412109,39.38999938964844,39.52999877929688,37.26657104492188,10713400,1969.949951171875
2014-07-30,39.900001525878906,40.2599983215332,39.29999923706055,39.54999923706055,37.28542709350586,10757600,1970.0699462890625
2014-07-31,38.900001525878906,39.400001525878906,38.04999923706055,38.84999847412109,36.71834564208984,13532100,1930.6700439453125
2014-08-01,38.75,39.52999877929688,38.43000030517578,39.43000030517578,37.26652145385742,8975900,1925.1500244140625
2014-08-04,39.4900016784668,39.84999847412109,37.630001068115234,38.13999938964844,36.04729843139648,11090100,1938.989990234375
2014-08-05,37.88999938964844,38.45000076293945,36.7400016784668,37.18000030517578,35.13998031616211,10423000,1920.2099609375
2014-08-06,36.560001373291016,38.0,36.13999938964844,37.459999084472656,35.40461730957031,9501300,1920.239990234375
2014-08-07,37.70000076293945,38.40999984741211,36.5,36.86000061035156,34.83753204345703,9886800,1909.5699462890625
2014-08-08,36.560001373291016,37.380001068115234,35.22999954223633,37.18000030517578,35.13998031616211,20753800,1931.5899658203125
2014-08-11,37.790000915527344,38.369998931884766,37.34999847412109,37.970001220703125,35.88663482666016,9015800,1936.9200439453125
2014-08-12,38.13999938964844,38.13999938964844,37.27000045776367,37.52000045776367,35.46132278442383,6223700,1933.75
2014-08-13,37.63999938964844,38.459999084472656,37.43999862670898,38.119998931884766,36.028419494628906,6177000,1946.719970703125
2014-08-14,38.5,39.61000061035156,38.459999084472656,39.56999969482422,37.39884567260742,10132500,1955.1800537109375
2014-08-15,39.97999954223633,40.08000183105469,38.790000915527344,39.18999862670898,37.039695739746094,9806500,1955.06005859375
2014-08-18,39.59999847412109,40.900001525878906,39.59999847412109,40.65999984741211,38.42903137207031,10900700,1971.739990234375
2014-08-19,40.959999084472656,41.0,40.2599983215332,40.43000030517578,38.21166229248047,5819600,1981.5999755859375
2014-08-20,40.400001525878906,40.79999923706055,40.02999877929688,40.59999847412109,38.372318267822266,6504500,1986.510009765625
2014-08-21,40.75,40.84999847412109,39.45000076293945,39.5099983215332,37.342132568359375,8152000,1992.3699951171875
2014-08-22,39.59999847412109,40.209999084472656,39.54999923706055,39.84999847412109,37.66347885131836,5771400,1988.4000244140625
2014-08-25,40.22999954223633,40.27999877929688,39.400001525878906,39.41999816894531,37.2570686340332,7071800,1997.9200439453125
2014-08-26,39.54999923706055,39.75,39.06999969482422,39.09000015258789,36.9451789855957,5732600,2000.02001953125
2014-08-27,39.36000061035156,39.400001525878906,38.68000030517578,38.9900016784668,36.85065841674805,6457300,2000.1199951171875
2014-08-28,38.709999084472656,39.400001525878906,38.70000076293945,39.16999816894531,37.02078628540039,3888100,1996.739990234375
2014-08-29,39.09999847412109,39.34999847412109,38.36000061035156,38.880001068115234,36.746700286865234,6644600,2003.3699951171875
2014-09-02,39.0,40.540000915527344,38.88999938964844,40.5,38.27781677246094,10932800,2002.280029296875
2014-09-03,39.72999954223633,39.900001525878906,38.66999816894531,39.13999938964844,36.992435455322266,9995100,2000.719970703125
2014-09-04,39.369998931884766,39.97999954223633,38.36000061035156,38.470001220703125,36.35919189453125,12004000,1997.6500244140625
2014-09-05,38.5099983215332,38.709999084472656,37.709999084472656,37.84999847412109,35.77322006225586,12067600,2007.7099609375
2014-09-08,37.959999084472656,38.400001525878906,37.959999084472656,38.22999954223633,36.13236618041992,7345800,2001.5400390625
2014-09-09,37.630001068115234,38.68000030517578,37.380001068115234,37.959999084472656,35.877174377441406,9101100,1988.43994140625
2014-09-10,37.93000030517578,38.869998931884766,37.90999984741211,38.58000183105469,36.463165283203125,8107500,1995.68994140625
2014-09-11,38.72999954223633,39.040000915527344,37.93000030517578,38.09000015258789,36.00004577636719,10066700,1997.449951171875
2014-09-12,38.09000015258789,38.5099983215332,37.630001068115234,37.650001525878906,35.58419418334961,8229200,1985.5400390625
2014-09-15,37.59999847412109,37.79999923706055,36.84000015258789,37.06999969482422,35.0360107421875,7954200,1984.1300048828125
2014-09-16,37.0,38.0099983215332,36.810001373291016,37.97999954223633,35.896087646484375,6723000,1998.97998046875
2014-09-17,37.91999816894531,38.2400016784668,37.040000915527344,37.459999084472656,35.40461730957031,6682700,2001.5699462890625
2014-09-18,37.70000076293945,38.11000061035156,37.59999847412109,38.04999923706055,35.96223831176758,4553800,2011.3599853515625
2014-09-19,38.060001373291016,38.25,36.630001068115234,36.630001068115234,34.620155334472656,17589900,2010.4000244140625
2014-09-22,37.0,37.0,35.439998626708984,35.58000183105469,33.62776565551758,10964300,1994.2900390625
2014-09-23,35.040000915527344,35.77000045776367,34.63999938964844,35.33000183105469,33.391483306884766,12146800,1982.77001953125
2014-09-24,35.470001220703125,36.34000015258789,35.18000030517578,36.119998931884766,34.13813400268555,8487700,1998.300048828125
2014-09-25,35.880001068115234,35.97999954223633,34.869998931884766,35.209999084472656,33.278072357177734,10931800,1965.989990234375
2014-09-26,35.25,36.119998931884766,35.02000045776367,35.93000030517578,33.95856475830078,8514800,1982.8499755859375
2014-09-29,35.349998474121094,35.75,34.939998626708984,35.029998779296875,33.107948303222656,7485000,1977.800048828125
2014-09-30,35.04999923706055,35.849998474121094,34.34000015258789,35.47999954223633,33.53325653076172,10657900,1972.2900390625
2014-10-01,34.720001220703125,34.939998626708984,33.849998474121094,34.38999938964844,32.5030632019043,19443300,1946.1600341796875
2014-10-02,34.470001220703125,35.380001068115234,33.5099983215332,33.93000030517578,32.06829833984375,21476300,1946.1700439453125
2014-10-03,34.65999984741211,36.31999969482422,34.61000061035156,36.22999954223633,34.24209976196289,15076600,1967.9000244140625
2014-10-06,36.310001373291016,36.5,34.86000061035156,34.93000030517578,33.013431549072266,12789300,1964.8199462890625
2014-10-07,34.75,35.02000045776367,34.060001373291016,34.09000015258789,32.21952438354492,10030100,1935.0999755859375
2014-10-08,34.529998779296875,34.54999923706055,32.599998474121094,33.0,31.189329147338867,22753600,1968.8900146484375
2014-10-09,33.5,33.70000076293945,31.940000534057617,31.979999542236328,30.22529411315918,22634100,1928.2099609375
2014-10-10,31.549999237060547,32.25,29.780000686645508,30.780000686645508,29.091140747070312,31018700,1906.1300048828125
2014-10-13,31.06999969482422,31.38999938964844,28.100000381469727,28.57999992370605,27.011850357055664,34532900,1874.739990234375
2014-10-14,29.290000915527344,32.18000030517578,29.280000686645508,31.51000022888184,29.781084060668945,28136800,1877.699951171875
2014-10-15,30.21999931335449,32.619998931884766,29.489999771118164,31.690000534057617,29.95120620727539,39941300,1862.489990234375
2014-10-16,30.6299991607666,33.400001525878906,30.0,32.970001220703125,31.16098022460937,24983100,1862.760009765625
2014-10-17,33.880001068115234,34.34000015258789,32.810001373291016,33.380001068115234,31.548473358154297,16001100,1886.760009765625
2014-10-20,34.189998626708984,35.38999938964844,34.0,35.220001220703125,33.28752136230469,13532700,1904.010009765625
2014-10-21,36.13999938964844,37.880001068115234,36.02000045776367,37.84999847412109,35.77322006225586,26347700,1941.280029296875
2014-10-22,38.04999923706055,38.220001220703125,36.93999862670898,37.040000915527344,35.007652282714844,18958400,1927.1099853515625
2014-10-23,37.43000030517578,40.18000030517578,36.79999923706055,38.47999954223633,36.36865234375,33292000,1950.8199462890625
2014-10-24,38.59999847412109,39.95000076293945,38.58000183105469,39.81999969482422,37.63512420654297,17834100,1964.5799560546875
2014-10-27,39.59999847412109,40.400001525878906,39.290000915527344,39.90999984741211,37.72018814086914,13353100,1961.6300048828125
2014-10-28,40.11000061035156,40.7599983215332,39.75,40.2400016784668,38.03207778930664,12185300,1985.050048828125
2014-10-29,40.06999969482422,40.400001525878906,39.2400016784668,39.93999862670898,37.74853515625,15782400,1982.300048828125
2014-10-30,39.90999984741211,40.68999862670898,39.619998931884766,40.29999923706055,38.18439483642578,10566600,1994.6500244140625
2014-10-31,41.09999847412109,41.75,40.79999923706055,41.34999847412109,39.17927169799805,13008200,2018.050048828125
2014-11-03,41.43999862670898,42.09999847412109,41.43000030517578,42.0,39.79514694213867,8441400,2017.81005859375
2014-11-04,42.83000183105469,43.70000076293945,42.5,42.70000076293945,40.45839691162109,17421200,2012.0999755859375
2014-11-05,43.31999969482422,43.34999847412109,42.09000015258789,42.25,40.03202438354492,11528800,2023.5699462890625
2014-11-06,42.59000015258789,44.130001068115234,42.59000015258789,43.13999938964844,40.87529373168945,14477200,2031.2099609375
2014-11-07,43.13999938964844,43.4900016784668,42.630001068115234,43.20000076293945,40.9321517944336,9022600,2031.9200439453125
2014-11-10,42.5,43.93999862670898,41.68000030517578,43.83000183105469,41.529075622558594,13171000,2038.260009765625
2014-11-11,44.0,44.470001220703125,43.31999969482422,43.43999862670898,41.1595573425293,11048700,2039.6800537109375
2014-11-12,43.25,43.630001068115234,42.84000015258789,43.43000030517578,41.15008163452149,7705300,2038.25
2014-11-13,43.540000915527344,44.459999084472656,43.4900016784668,44.119998931884766,41.80385208129883,11135000,2039.3299560546875
2014-11-14,44.0,44.540000915527344,43.66999816894531,44.0099983215332,41.69962310791016,8746200,2039.8199462890625
2014-11-17,43.970001220703125,44.58000183105469,43.630001068115234,43.68999862670898,41.39642333984375,8691700,2041.3199462890625
2014-11-18,43.7599983215332,45.459999084472656,43.7599983215332,45.04999923706055,42.68502807617188,14218900,2051.800048828125
2014-11-19,44.83000183105469,45.400001525878906,44.040000915527344,44.09999847412109,41.78490829467773,11291100,2048.719970703125
2014-11-20,43.650001525878906,44.720001220703125,43.20000076293945,44.15999984741211,41.84175109863281,9431400,2052.75
2014-11-21,44.380001068115234,44.4900016784668,43.25,43.310001373291016,41.036380767822266,10866500,2063.5
2014-11-24,43.720001220703125,43.959999084472656,42.77999877929688,43.209999084472656,40.94161987304688,9576600,2069.409912109375
2014-11-25,43.18000030517578,44.43999862670898,43.09999847412109,44.150001525878906,41.832275390625,11563800,2067.030029296875
2014-11-26,44.310001373291016,45.75,44.0,44.970001220703125,42.60923767089844,12798600,2072.830078125
2014-11-28,47.0,49.45000076293945,47.0,48.52999877929688,45.98235321044922,21638700,2067.56005859375
2014-12-01,49.0,49.470001220703125,47.36000061035156,47.880001068115234,45.36646270751953,15151400,2053.43994140625
2014-12-02,48.119998931884766,48.70000076293945,47.150001525878906,47.86000061035156,45.34751129150391,11853900,2066.550048828125
2014-12-03,47.7400016784668,48.470001220703125,46.93000030517578,48.2400016784668,45.70757293701172,8913700,2074.330078125
2014-12-04,49.59999847412109,50.27000045776367,49.31999969482422,49.650001525878906,47.04353713989258,15219000,2071.919921875
2014-12-05,50.09000015258789,51.75,50.0099983215332,51.0099983215332,48.332157135009766,15588200,2075.3701171875
2014-12-08,50.43999862670898,51.31999969482422,50.150001525878906,50.81999969482422,48.15211868286133,16167300,2060.31005859375
2014-12-09,49.09999847412109,49.20000076293945,47.38999938964844,48.310001373291016,45.77389144897461,20575400,2059.820068359375
2014-12-10,49.79999923706055,50.400001525878906,48.25,48.93999862670898,46.37081909179688,18500000,2026.1400146484375
2014-12-11,49.79999923706055,51.5,49.650001525878906,50.52999877929688,47.877349853515625,15054200,2035.3299560546875
2014-12-12,51.68000030517578,51.70000076293945,49.900001525878906,49.970001220703125,47.34674835205078,15364000,2002.3299560546875
2014-12-15,50.209999084472656,51.31999969482422,49.31999969482422,50.84000015258789,48.17107391357422,15368500,1989.6300048828125
2014-12-16,51.0099983215332,51.150001525878906,47.68000030517578,47.959999084472656,45.44226837158203,22053700,1972.739990234375
2014-12-17,48.2599983215332,49.4900016784668,46.04999923706055,48.79999923706055,46.23816680908203,24779800,2012.8900146484375
2014-12-18,48.560001373291016,50.93000030517578,47.5,50.13999938964844,47.5078239440918,16945300,2061.22998046875
2014-12-19,49.66999816894531,50.93999862670898,49.09999847412109,50.709999084472656,48.04789352416992,26787700,2070.64990234375
2014-12-22,51.09999847412109,51.880001068115234,50.720001220703125,50.84000015258789,48.17107391357422,8872400,2078.5400390625
2014-12-23,50.95000076293945,51.13999938964844,49.84000015258789,50.209999084472656,47.57414627075195,7166300,2082.169921875
2014-12-24,50.65999984741211,51.68999862670898,50.34999847412109,51.43000030517578,48.730106353759766,5955400,2081.8798828125
2014-12-26,51.459999084472656,52.25,51.060001373291016,51.959999084472656,49.23228454589844,6841800,2088.77001953125
2014-12-29,51.650001525878906,53.2400016784668,51.29999923706055,52.84999847412109,50.07555770874024,8788900,2090.570068359375
2014-12-30,53.0,53.70000076293945,52.83000183105469,53.41999816894531,50.61562728881836,8063100,2080.35009765625
2014-12-31,53.900001525878906,54.63999938964844,53.31999969482422,53.630001068115234,50.81460571289063,10626000,2058.89990234375
2015-01-02,54.27999877929688,54.59999847412109,53.06999969482422,53.90999984741211,51.07991027832031,10748600,2058.199951171875
2015-01-05,54.369998931884766,54.540000915527344,53.34000015258789,53.880001068115234,51.05149841308594,11565000,2020.5799560546875
2015-01-06,54.27000045776367,54.43000030517578,52.130001068115234,53.040000915527344,50.255592346191406,13772200,2002.6099853515625
2015-01-07,53.380001068115234,53.650001525878906,52.119998931884766,53.0099983215332,50.22716522216797,10069800,2025.9000244140625
2015-01-08,53.47999954223633,54.27999877929688,53.25,53.65999984741211,50.84303283691406,9672100,2062.139892578125
2015-01-09,53.66999816894531,53.90999984741211,51.81999969482422,52.02000045776367,49.28912734985352,12351600,2044.81005859375
2015-01-12,51.060001373291016,51.45000076293945,49.20000076293945,49.58000183105469,46.97722625732422,18261300,2028.260009765625
2015-01-13,50.119998931884766,51.43000030517578,49.459999084472656,50.400001525878906,47.75417709350586,12259300,2023.030029296875
2015-01-14,49.40999984741211,50.22999954223633,48.09999847412109,49.40999984741211,46.81614685058594,15684700,2011.27001953125
2015-01-15,49.13999938964844,50.400001525878906,48.58000183105469,49.40999984741211,46.81614685058594,10396900,1992.6700439453125
2015-01-16,49.380001068115234,49.970001220703125,48.27000045776367,49.810001373291016,47.19515228271485,12978000,2019.4200439453125
2015-01-20,51.0,52.83000183105469,49.93000030517578,52.75,49.98081207275391,15157300,2022.550048828125
2015-01-21,52.650001525878906,54.0,51.95000076293945,53.66999816894531,50.85250854492188,12882200,2032.1199951171875
2015-01-22,54.52000045776367,55.81999969482422,53.90999984741211,55.59000015258789,52.671722412109375,16201100,2063.14990234375
2015-01-23,55.400001525878906,55.97999954223633,54.79999923706055,55.68999862670898,52.76646423339844,9488800,2051.820068359375
2015-01-26,55.88999938964844,56.20000076293945,54.72999954223633,55.45000076293945,52.539058685302734,13353900,2057.090087890625
2015-01-27,53.9900016784668,54.52000045776367,52.540000915527344,52.70000076293945,49.93343734741211,19810700,2029.550048828125
2015-01-28,52.790000915527344,53.70000076293945,50.29999923706055,50.619998931884766,47.96263122558594,17064800,2002.1600341796875
2015-01-29,51.04999923706055,52.41999816894531,50.56999969482422,52.2400016784668,49.49758529663086,16618900,2021.25
2015-01-30,52.02000045776367,52.130001068115234,48.630001068115234,49.08000183105469,46.50347137451172,18473100,1994.989990234375
2015-02-02,48.58000183105469,48.93000030517578,46.209999084472656,48.720001220703125,46.16236114501953,22413100,2020.8499755859375
2015-02-03,47.29999923706055,48.15999984741211,46.54999923706055,47.5,45.00642013549805,16678900,2050.030029296875
2015-02-04,48.619998931884766,49.790000915527344,48.22999954223633,49.459999084472656,46.86351776123047,11836800,2041.510009765625
2015-02-05,49.459999084472656,49.459999084472656,47.59999847412109,48.810001373291016,46.34133529663086,9220900,2062.52001953125
2015-02-06,48.84000015258789,49.470001220703125,47.88999938964844,48.150001525878906,45.71472930908203,8650100,2055.469970703125
2015-02-09,46.40999984741211,47.2400016784668,45.95000076293945,46.52999877929688,44.17665481567383,12961900,2046.739990234375
2015-02-10,47.400001525878906,48.380001068115234,46.900001525878906,48.04999923706055,45.61978149414063,9085300,2068.590087890625
2015-02-11,48.790000915527344,48.95000076293945,47.34999847412109,47.59000015258789,45.18304061889648,10060200,2068.530029296875
2015-02-12,46.75,48.5,46.400001525878906,47.880001068115234,45.45836639404297,9542800,2088.47998046875
2015-02-13,47.52999877929688,48.400001525878906,46.650001525878906,48.38999938964844,45.94257736206055,9895700,2096.989990234375
2015-02-17,48.77000045776367,49.45000076293945,47.86000061035156,48.0099983215332,45.58180236816406,7260500,2100.340087890625
2015-02-18,48.59999847412109,49.45000076293945,48.18000030517578,49.310001373291016,46.81605529785156,8752700,2099.679931640625
2015-02-19,50.77999877929688,50.79999923706055,49.59000015258789,49.77999877929688,47.26227569580078,11462600,2097.449951171875
2015-02-20,49.810001373291016,51.119998931884766,49.130001068115234,51.02000045776367,48.439571380615234,10537900,2110.300048828125
2015-02-23,51.75,52.20000076293945,50.95000076293945,51.310001373291016,48.71490478515625,9508700,2109.659912109375
2015-02-24,50.290000915527344,51.560001373291016,49.36000061035156,51.52000045776367,48.91427612304688,13916700,2115.47998046875
2015-02-25,51.29999923706055,51.4900016784668,49.459999084472656,49.72999954223633,47.214805603027344,9577000,2113.860107421875
2015-02-26,50.380001068115234,50.380001068115234,49.02000045776367,49.34999847412109,46.85402297973633,7577300,2110.739990234375
2015-02-27,49.0,49.400001525878906,47.84999847412109,47.900001525878906,45.47736740112305,9396400,2104.5
2015-03-02,48.20000076293945,48.56999969482422,47.84999847412109,48.310001373291016,45.86662292480469,11482900,2117.389892578125
2015-03-03,47.900001525878906,49.02999877929688,47.75,48.77000045776367,46.303367614746094,9051200,2107.780029296875
2015-03-04,48.84999847412109,48.959999084472656,47.97999954223633,48.95000076293945,46.47426223754883,6711000,2098.530029296875
2015-03-05,49.18999862670898,49.20000076293945,47.77999877929688,48.400001525878906,45.95207977294922,7041000,2101.0400390625
2015-03-06,48.33000183105469,48.93999862670898,47.900001525878906,48.0,45.57232284545898,7002300,2071.260009765625
2015-03-09,48.04999923706055,48.58000183105469,47.58000183105469,47.91999816894531,45.49635696411133,7460200,2079.429931640625
2015-03-10,47.5,47.58000183105469,46.470001220703125,46.7400016784668,44.37603759765625,9337100,2044.1600341796875
2015-03-11,46.900001525878906,47.88999938964844,46.58000183105469,47.38999938964844,44.993160247802734,6630300,2040.239990234375
2015-03-12,47.56999969482422,48.720001220703125,47.560001373291016,48.68000030517578,46.21791458129883,7133500,2065.949951171875
2015-03-13,48.75,49.4900016784668,48.27999877929688,49.220001220703125,46.73060989379883,9188000,2053.39990234375
2015-03-16,49.77000045776367,50.45000076293945,49.45000076293945,50.220001220703125,47.68003082275391,10897800,2081.18994140625
2015-03-17,52.630001068115234,54.18000030517578,52.5,53.68999862670898,50.97452163696289,41837900,2074.280029296875
2015-03-18,53.68999862670898,54.59999847412109,53.34000015258789,54.130001068115234,51.39226913452149,21325000,2099.5
2015-03-19,54.56999969482422,55.2400016784668,54.45000076293945,55.18999862670898,52.39865112304688,18897700,2089.27001953125
2015-03-20,55.18999862670898,56.04999923706055,54.86000061035156,55.7599983215332,52.93982696533203,137767200,2108.10009765625
2015-03-23,55.470001220703125,55.93000030517578,54.369998931884766,54.400001525878906,51.64861679077149,19042000,2104.419921875
2015-03-24,54.040000915527344,54.40999984741211,53.65999984741211,53.93000030517578,51.2023811340332,11940800,2091.5
2015-03-25,53.619998931884766,53.77999877929688,51.93000030517578,52.0099983215332,49.37948989868164,14237900,2061.050048828125
2015-03-26,50.84000015258789,51.68999862670898,50.25,51.27000045776367,48.67692565917969,14242700,2056.14990234375
2015-03-27,51.380001068115234,52.84999847412109,51.380001068115234,52.65999984741211,49.99661636352539,9004000,2061.02001953125
2015-03-30,53.2400016784668,53.84000015258789,53.04999923706055,53.63999938964844,50.92705154418945,8167300,2086.239990234375
2015-03-31,53.65999984741211,53.72999954223633,52.68000030517578,52.77999877929688,50.11054992675781,8386400,2067.889892578125
2015-04-01,51.09999847412109,51.380001068115234,50.11000061035156,50.43999862670898,47.88890075683594,15191500,2059.68994140625
2015-04-02,50.47999954223633,50.84999847412109,49.150001525878906,49.18000030517578,46.692626953125,14109800,2066.9599609375
2015-04-06,48.34999847412109,48.68999862670898,47.66999816894531,48.08000183105469,45.64826202392578,13323400,2080.6201171875
2015-04-07,48.29999923706055,48.79999923706055,47.4900016784668,47.5,45.097599029541016,9393200,2076.330078125
2015-04-08,47.79999923706055,49.09000015258789,47.72999954223633,48.7400016784668,46.274879455566406,11180000,2081.89990234375
2015-04-09,48.86000061035156,49.47999954223633,47.720001220703125,47.84000015258789,45.4203987121582,11576200,2091.179931640625
2015-04-10,48.15999984741211,48.790000915527344,47.720001220703125,47.72999954223633,45.315956115722656,11713400,2102.06005859375
2015-04-13,47.470001220703125,48.59000015258789,47.470001220703125,47.790000915527344,45.3729248046875,9350300,2092.429931640625
2015-04-14,47.4900016784668,47.77999877929688,46.880001068115234,47.41999816894531,45.02163696289063,9878400,2095.840087890625
2015-04-15,48.0,48.720001220703125,47.66999816894531,47.75,45.33494567871094,9846700,2106.6298828125
2015-04-16,47.810001373291016,48.90999984741211,47.75,48.2400016784668,45.8001708984375,7155900,2104.989990234375
2015-04-17,47.959999084472656,48.650001525878906,47.95000076293945,48.18999862670898,45.7526969909668,8659800,2081.179931640625
2015-04-20,48.61000061035156,49.77999877929688,47.90999984741211,49.7599983215332,47.243289947509766,9523500,2100.39990234375
2015-04-21,50.0,51.41999816894531,49.459999084472656,51.36000061035156,48.76235961914063,10850300,2097.2900390625
2015-04-22,51.400001525878906,51.540000915527344,50.400001525878906,51.400001525878906,48.80034255981445,7333300,2107.9599609375
2015-04-23,51.06999969482422,51.720001220703125,50.70000076293945,51.45000076293945,48.84782028198242,9821800,2112.929931640625
2015-04-24,51.97999954223633,53.470001220703125,51.4900016784668,52.709999084472656,50.04408645629883,20248100,2117.68994140625
2015-04-27,52.68000030517578,52.68000030517578,51.70000076293945,51.869998931884766,49.246578216552734,9843400,2108.919921875
2015-04-28,51.70000076293945,51.81999969482422,50.0099983215332,51.18999862670898,48.6009635925293,9235700,2114.760009765625
2015-04-29,50.58000183105469,50.79999923706055,47.65999984741211,48.880001068115234,46.40780258178711,18050300,2106.85009765625
2015-04-30,48.5,49.459999084472656,48.0099983215332,48.290000915527344,45.94163131713867,9400400,2085.510009765625
2015-05-01,48.650001525878906,49.83000183105469,48.5099983215332,49.38999938964844,46.98813629150391,8084600,2108.2900390625
2015-05-04,49.40999984741211,50.08000183105469,48.79999923706055,48.95000076293945,46.56953430175781,5589800,2114.489990234375
2015-05-05,48.209999084472656,48.709999084472656,46.900001525878906,47.0099983215332,44.72386932373047,11385000,2089.4599609375
2015-05-06,46.77999877929688,47.63999938964844,46.150001525878906,47.04999923706055,44.76193237304688,10116400,2080.14990234375
2015-05-07,47.400001525878906,49.619998931884766,47.400001525878906,49.060001373291016,46.6741828918457,11428000,2088.0
2015-05-08,49.22999954223633,49.83000183105469,48.93000030517578,49.040000915527344,46.655155181884766,6478200,2116.10009765625
2015-05-11,49.0,50.29999923706055,48.79999923706055,49.650001525878906,47.23548126220703,8036700,2105.330078125
2015-05-12,49.11000061035156,49.400001525878906,48.630001068115234,48.84999847412109,46.47439193725586,6820500,2099.1201171875
2015-05-13,49.27000045776367,49.84999847412109,48.400001525878906,48.4900016784668,46.13190078735352,8553100,2098.47998046875
2015-05-14,48.93999862670898,49.09000015258789,48.5,48.81999969482422,46.44584655761719,7980100,2121.10009765625
2015-05-15,49.40999984741211,49.45000076293945,48.560001373291016,48.66999816894531,46.30313873291016,6650400,2122.72998046875
2015-05-18,48.560001373291016,49.16999816894531,48.380001068115234,49.0,46.61709976196289,6152300,2129.199951171875
2015-05-19,49.45000076293945,49.68000030517578,47.70000076293945,47.84999847412109,45.52302932739258,14984900,2127.830078125
2015-05-20,47.560001373291016,47.560001373291016,42.970001220703125,43.060001373291016,40.96597290039063,51460300,2125.85009765625
2015-05-21,43.18999862670898,43.38999938964844,42.400001525878906,42.470001220703125,40.4046630859375,23895800,2130.820068359375
2015-05-22,42.70000076293945,42.93000030517578,42.02000045776367,42.61000061035156,40.537845611572266,16113100,2126.06005859375
2015-05-26,43.04999923706055,43.09000015258789,41.36000061035156,41.560001373291016,39.53891372680664,17481100,2104.199951171875
2015-05-27,41.650001525878906,42.45000076293945,41.59999847412109,42.2400016784668,40.185848236083984,13017800,2123.47998046875
2015-05-28,42.25,42.5,41.77000045776367,41.970001220703125,39.92897033691406,9238800,2120.7900390625
2015-05-29,41.68000030517578,42.59999847412109,41.31999969482422,42.369998931884766,40.30951690673828,13236100,2107.389892578125
2015-06-01,42.61000061035156,44.380001068115234,42.09000015258789,44.18000030517578,42.03149032592773,21917100,2111.72998046875
2015-06-02,43.29999923706055,44.11000061035156,43.040000915527344,43.77999877929688,41.65095520019531,14832900,2109.60009765625
2015-06-03,43.34999847412109,43.90999984741211,43.0099983215332,43.130001068115234,41.03255844116211,13272600,2114.070068359375
2015-06-04,43.04999923706055,43.97999954223633,41.880001068115234,42.16999816894531,40.11924362182617,14128000,2095.840087890625
2015-06-05,42.130001068115234,42.58000183105469,41.709999084472656,41.720001220703125,39.69113159179688,9951100,2092.830078125
2015-06-08,41.06999969482422,41.2400016784668,39.27000045776367,39.86000061035156,37.92157745361328,25757800,2079.280029296875
2015-06-09,38.79999923706055,40.720001220703125,38.45000076293945,40.33000183105469,38.36872482299805,27024800,2080.14990234375
2015-06-10,40.209999084472656,41.209999084472656,39.70000076293945,40.43000030517578,38.463863372802734,15731900,2105.199951171875
2015-06-11,40.790000915527344,41.2599983215332,39.93999862670898,40.02000045776367,38.07381057739258,10116700,2108.860107421875
2015-06-12,39.84000015258789,41.0,39.7599983215332,40.709999084472656,38.730247497558594,10333800,2094.110107421875
2015-06-15,40.34999847412109,41.0,40.0099983215332,40.06999969482422,38.12137222290039,8830300,2084.429931640625
2015-06-16,40.130001068115234,40.31999969482422,39.31999969482422,39.47999954223633,37.56006240844727,9212100,2096.2900390625
2015-06-17,39.27000045776367,40.09000015258789,38.90999984741211,39.880001068115234,37.94061279296875,9567400,2100.43994140625
2015-06-18,39.79999923706055,40.220001220703125,39.61000061035156,39.97999954223633,38.03575134277344,10647000,2121.239990234375
2015-06-19,40.29999923706055,41.88999938964844,40.29999923706055,41.560001373291016,39.53891372680664,20198300,2109.989990234375
2015-06-22,42.91999816894531,43.25,42.2400016784668,43.02999877929688,40.93741989135742,15120200,2122.85009765625
2015-06-23,42.97999954223633,43.41999816894531,42.34999847412109,42.72999954223633,40.65201950073242,10702000,2124.199951171875
2015-06-24,42.70000076293945,42.91999816894531,42.06999969482422,42.2400016784668,40.185848236083984,6895900,2108.580078125
2015-06-25,42.650001525878906,43.41999816894531,42.20000076293945,42.2400016784668,40.185848236083984,8174200,2102.31005859375
2015-06-26,42.43999862670898,42.58000183105469,41.33000183105469,41.43999862670898,39.42473983764648,9819900,2101.489990234375
2015-06-29,40.77000045776367,41.31999969482422,39.59000015258789,39.75,37.81693649291992,17651700,2057.639892578125
2015-06-30,40.20000076293945,40.59999847412109,39.93000030517578,39.93999862670898,37.99768829345703,11184500,2063.110107421875
2015-07-01,40.650001525878906,40.900001525878906,37.79999923706055,38.79999923706055,36.91313934326172,24907100,2077.419921875
2015-07-02,39.02000045776367,39.810001373291016,38.400001525878906,39.02999877929688,37.13193893432617,11080000,2076.780029296875
2015-07-06,39.09000015258789,40.0,39.08000183105469,39.72999954223633,37.79790496826172,9157700,2068.760009765625
2015-07-07,39.93000030517578,40.7400016784668,39.2599983215332,40.66999816894531,38.69218826293945,10375900,2081.340087890625
2015-07-08,40.29999923706055,40.310001373291016,39.13999938964844,39.310001373291016,37.39833450317383,11193000,2046.6800537109375
2015-07-09,39.84000015258789,40.27999877929688,39.65999984741211,39.66999816894531,37.74081039428711,8490900,2051.31005859375
2015-07-10,40.5099983215332,41.63999938964844,40.5,41.209999084472656,39.2059326171875,16451700,2076.6201171875
2015-07-13,41.959999084472656,42.720001220703125,41.959999084472656,42.41999816894531,40.35708236694336,12077000,2099.60009765625
2015-07-14,42.040000915527344,42.459999084472656,41.290000915527344,42.060001373291016,40.01459884643555,12701500,2108.949951171875
2015-07-15,41.38999938964844,42.220001220703125,40.38999938964844,41.540000915527344,39.5198860168457,17922800,2107.39990234375
2015-07-16,41.810001373291016,42.220001220703125,41.29999923706055,41.38999938964844,39.37717056274414,12111300,2124.2900390625
2015-07-17,41.45000076293945,41.84000015258789,41.2400016784668,41.400001525878906,39.38669967651367,9736000,2126.639892578125
2015-07-20,41.54999923706055,41.709999084472656,40.43999862670898,40.54999923706055,38.578033447265625,7645900,2128.280029296875
2015-07-21,40.5,41.29999923706055,40.4900016784668,40.900001525878906,38.91100692749024,7300000,2119.2099609375
2015-07-22,40.959999084472656,41.61000061035156,40.959999084472656,41.43000030517578,39.41524505615234,8302900,2114.14990234375
2015-07-23,42.77999877929688,43.810001373291016,42.0,42.61000061035156,40.537845611572266,16579900,2102.14990234375
2015-07-24,43.0,43.11000061035156,39.619998931884766,39.630001068115234,37.702754974365234,20152600,2079.64990234375
2015-07-27,39.630001068115234,40.810001373291016,38.900001525878906,40.13999938964844,38.18796920776367,12071400,2067.639892578125
2015-07-28,40.18000030517578,41.380001068115234,40.18000030517578,41.16999816894531,39.16786956787109,8186000,2093.25
2015-07-29,41.09000015258789,41.33000183105469,40.43999862670898,40.72999954223633,38.749267578125,6801400,2108.570068359375
2015-07-30,40.58000183105469,40.93000030517578,39.91999816894531,40.27000045776367,38.3116455078125,5855800,2108.6298828125
2015-07-31,40.52999877929688,40.540000915527344,39.880001068115234,40.09999847412109,38.14990615844727,6955900,2103.840087890625
2015-08-03,40.2400016784668,41.84999847412109,40.209999084472656,41.709999084472656,39.68161392211914,9261900,2098.0400390625
2015-08-04,42.150001525878906,42.77000045776367,41.880001068115234,42.7400016784668,40.66153717041016,13354300,2093.320068359375
2015-08-05,42.84999847412109,43.29999923706055,42.59000015258789,42.959999084472656,40.87083053588867,7581000,2099.840087890625
2015-08-06,43.25,43.45000076293945,41.7599983215332,42.18000030517578,40.22239303588867,7395500,2083.56005859375
2015-08-07,42.209999084472656,42.47999954223633,41.400001525878906,41.4900016784668,39.56442260742188,5588600,2077.570068359375
2015-08-10,41.75,42.43000030517578,41.45000076293945,41.68000030517578,39.7455940246582,6860600,2104.179931640625
2015-08-11,41.7400016784668,43.41999816894531,41.650001525878906,42.70000076293945,40.71825408935547,10378600,2084.070068359375
2015-08-12,42.369998931884766,42.68000030517578,40.68000030517578,42.52000045776367,40.54661560058594,10391900,2086.050048828125
2015-08-13,42.7599983215332,43.27999877929688,42.27000045776367,42.66999816894531,40.689640045166016,6605800,2083.389892578125
2015-08-14,42.34999847412109,43.16999816894531,42.34999847412109,42.880001068115234,40.8899040222168,4857400,2091.5400390625
2015-08-17,42.959999084472656,44.02000045776367,42.81999969482422,43.95000076293945,41.91024017333984,8385400,2102.43994140625
2015-08-18,44.060001373291016,44.45000076293945,43.2400016784668,43.630001068115234,41.6050910949707,6317200,2096.919921875
2015-08-19,43.52999877929688,44.27000045776367,43.209999084472656,43.52999877929688,41.50973129272461,8374000,2079.610107421875
2015-08-20,42.84000015258789,43.52000045776367,41.77999877929688,41.97999954223633,40.03166961669922,8905700,2035.72998046875
2015-08-21,41.400001525878906,41.59999847412109,39.75,39.75,37.9051628112793,16241600,1970.8900146484375
2015-08-24,36.0,39.900001525878906,34.099998474121094,37.619998931884766,35.874027252197266,19612700,1893.2099609375
2015-08-25,39.38999938964844,39.4900016784668,37.4900016784668,37.5,35.75959014892578,12820300,1867.6099853515625
2015-08-26,38.77000045776367,39.0099983215332,36.970001220703125,38.84999847412109,37.04695129394531,15679800,1940.510009765625
2015-08-27,39.16999816894531,39.45000076293945,37.970001220703125,39.02999877929688,37.21857833862305,13793600,1987.6600341796875
2015-08-28,38.93000030517578,39.58000183105469,38.34999847412109,38.619998931884766,36.82760238647461,11825000,1988.8699951171875
2015-08-31,38.630001068115234,39.7599983215332,38.619998931884766,38.97999954223633,37.17090225219727,12409600,1972.1800537109375
2015-09-01,38.630001068115234,39.810001373291016,38.5,39.20000076293945,37.38069534301758,16042600,1913.8499755859375
2015-09-02,39.970001220703125,41.5099983215332,39.79999923706055,41.5099983215332,39.58348846435547,19316800,1948.8599853515625
2015-09-03,41.84000015258789,41.90999984741211,40.77999877929688,40.88999938964844,38.99226379394531,9905600,1951.1300048828125
2015-09-04,40.400001525878906,41.31999969482422,40.150001525878906,40.59999847412109,38.71571731567383,9738400,1921.219970703125
2015-09-08,41.27999877929688,41.58000183105469,40.68999862670898,40.79999923706055,38.90643310546875,10814800,1969.4100341796875
2015-09-09,41.150001525878906,42.18000030517578,40.630001068115234,41.0,39.09716033935547,12481200,1942.0400390625
2015-09-10,41.38999938964844,41.880001068115234,40.709999084472656,41.209999084472656,39.29740524291992,9181600,1952.2900390625
2015-09-11,41.220001220703125,42.150001525878906,41.04999923706055,42.150001525878906,40.19378662109375,8635200,1961.050048828125
2015-09-14,42.16999816894531,42.5,41.84000015258789,42.290000915527344,40.32728576660156,7362500,1953.030029296875
2015-09-15,42.36000061035156,42.84999847412109,41.88999938964844,42.63999938964844,40.66104507446289,7008300,1978.0899658203125
2015-09-16,42.400001525878906,43.25,42.2400016784668,43.060001373291016,41.06154251098633,7703100,1995.31005859375
2015-09-17,43.11000061035156,44.59000015258789,42.9900016784668,43.9900016784668,41.94837951660156,12835700,1990.199951171875
2015-09-18,43.43000030517578,44.02999877929688,43.27999877929688,43.4900016784668,41.47159576416016,12446900,1958.030029296875
2015-09-21,43.720001220703125,44.0099983215332,42.880001068115234,43.22999954223633,41.22365188598633,6687200,1966.969970703125
2015-09-22,42.77000045776367,43.08000183105469,40.91999816894531,41.18999862670898,39.2783317565918,12483700,1942.739990234375
2015-09-23,41.31999969482422,41.5,40.5,41.2400016784668,39.326019287109375,8248800,1938.760009765625
2015-09-24,41.150001525878906,41.150001525878906,39.91999816894531,40.25,38.38196563720703,10507300,1932.239990234375
2015-09-25,40.93000030517578,41.02999877929688,39.91999816894531,40.2400016784668,38.37242126464844,7524900,1931.3399658203125
2015-09-28,39.869998931884766,40.18000030517578,38.63999938964844,39.08000183105469,37.26626968383789,9635900,1881.77001953125
2015-09-29,39.04999923706055,39.77000045776367,38.790000915527344,39.18000030517578,37.36163330078125,7478800,1884.0899658203125
2015-09-30,39.18000030517578,39.68000030517578,37.720001220703125,38.83000183105469,37.02786636352539,15823700,1920.030029296875
2015-10-01,38.5,39.27000045776367,37.84000015258789,39.20000076293945,37.38069534301758,9175100,1923.8199462890625
2015-10-02,38.75,38.77000045776367,37.41999816894531,38.630001068115234,36.83714294433594,12276300,1951.3599853515625
2015-10-05,38.900001525878906,40.29999923706055,38.81999969482422,40.18999862670898,38.32474136352539,9421800,1987.050048828125
2015-10-06,39.95000076293945,40.369998931884766,38.08000183105469,38.130001068115234,36.360347747802734,12985800,1979.9200439453125
2015-10-07,38.40999984741211,39.40999984741211,37.7599983215332,39.310001373291016,37.48558807373047,10513700,1995.8299560546875
2015-10-08,39.209999084472656,40.02999877929688,38.70000076293945,39.7400016784668,37.89563751220703,8308100,2013.4300537109375
2015-10-09,40.27000045776367,42.4900016784668,40.25,42.41999816894531,40.45124435424805,16835500,2014.8900146484375
2015-10-12,42.59000015258789,43.880001068115234,42.54999923706055,43.84000015258789,41.80534362792969,11443300,2017.4599609375
2015-10-13,42.70000076293945,43.970001220703125,42.52000045776367,43.40999984741211,41.39530563354492,13250300,2003.68994140625
2015-10-14,44.0,44.5,43.22999954223633,43.79999923706055,41.7672004699707,11125800,1994.239990234375
2015-10-15,44.09999847412109,44.47999954223633,43.5,44.459999084472656,42.39656829833984,8185400,2023.8599853515625
2015-10-16,43.95000076293945,44.02000045776367,42.86000061035156,43.709999084472656,41.681373596191406,11572900,2033.1099853515625
2015-10-19,43.83000183105469,44.4900016784668,43.619998931884766,44.45000076293945,42.38703918457031,8934600,2033.6600341796875
2015-10-20,44.540000915527344,45.18000030517578,44.45000076293945,44.790000915527344,42.71125793457031,7610800,2030.77001953125
2015-10-21,44.4900016784668,45.18000030517578,44.09000015258789,44.310001373291016,42.25353240966797,6935700,2018.93994140625
2015-10-22,44.88999938964844,46.0099983215332,44.36000061035156,45.9900016784668,43.855567932128906,14444600,2052.510009765625
2015-10-23,46.369998931884766,46.41999816894531,43.810001373291016,45.66999816894531,43.550411224365234,20281400,2075.14990234375
2015-10-26,45.36000061035156,46.56999969482422,44.9900016784668,46.470001220703125,44.31328201293945,11026200,2071.179931640625
2015-10-27,46.40999984741211,46.68999862670898,45.650001525878906,46.459999084472656,44.303749084472656,6824100,2065.889892578125
2015-10-28,46.20000076293945,46.36000061035156,45.22999954223633,45.86000061035156,43.73159790039063,7629700,2090.35009765625
2015-10-29,45.630001068115234,46.09999847412109,45.209999084472656,45.86000061035156,43.73159790039063,5234400,2089.409912109375
2015-10-30,45.77000045776367,46.77000045776367,45.709999084472656,46.220001220703125,44.07489013671875,8589700,2079.360107421875
2015-11-02,46.20000076293945,46.81999969482422,46.20000076293945,46.470001220703125,44.31328201293945,6189300,2104.050048828125
2015-11-03,47.02000045776367,47.09000015258789,46.08000183105469,46.5,44.4375228881836,6983200,2109.7900390625
2015-11-04,46.41999816894531,46.45000076293945,45.150001525878906,45.630001068115234,43.60609817504883,8081400,2102.31005859375
2015-11-05,45.70000076293945,45.83000183105469,45.02999877929688,45.59999847412109,43.57743453979492,5864700,2099.929931640625
2015-11-06,45.5099983215332,45.970001220703125,45.04999923706055,45.34000015258789,43.32897186279297,11669600,2099.199951171875
2015-11-09,45.16999816894531,45.209999084472656,44.560001373291016,44.650001525878906,42.66957092285156,7214600,2078.580078125
2015-11-10,44.65999984741211,45.15999984741211,44.02000045776367,44.4900016784668,42.51667404174805,5935300,2081.719970703125
2015-11-11,44.7599983215332,44.95000076293945,44.369998931884766,44.38999938964844,42.42110824584961,4413000,2075.0
2015-11-12,44.290000915527344,44.52000045776367,43.81999969482422,43.900001525878906,41.95284271240234,5951100,2045.969970703125
2015-11-13,43.66999816894531,44.22999954223633,43.119998931884766,43.45000076293945,41.52280426025391,7486100,2023.0400390625
2015-11-16,42.40999984741211,42.84000015258789,41.84999847412109,42.83000183105469,40.93030548095703,10201100,2053.18994140625
2015-11-17,43.0,43.459999084472656,42.04999923706055,42.29999923706055,40.42380905151367,9596500,2050.43994140625
2015-11-18,42.31999969482422,42.31999969482422,41.0099983215332,41.75,39.89820098876953,11071100,2083.580078125
2015-11-19,41.93999862670898,42.72999954223633,41.88999938964844,42.29999923706055,40.42380905151367,6545500,2081.239990234375
2015-11-20,42.400001525878906,42.709999084472656,42.04999923706055,42.20000076293945,40.3282470703125,5656000,2089.169921875
2015-11-23,42.11000061035156,42.7400016784668,41.810001373291016,42.29999923706055,40.42380905151367,4166100,2086.590087890625
2015-11-24,41.02000045776367,41.63999938964844,40.45000076293945,41.22999954223633,39.40126800537109,7578000,2089.139892578125
2015-11-25,41.34999847412109,41.5,40.959999084472656,41.310001373291016,39.47771072387695,4276600,2088.8701171875
2015-11-27,41.380001068115234,42.25,41.16999816894531,41.68999862670898,39.84086608886719,3066600,2090.110107421875
2015-11-30,41.75,41.9900016784668,40.97999954223633,41.2599983215332,39.429935455322266,6450900,2080.409912109375
2015-12-01,41.470001220703125,43.29999923706055,41.29999923706055,43.2599983215332,41.34123229980469,8912900,2102.6298828125
2015-12-02,44.09000015258789,44.52999877929688,43.52999877929688,43.81999969482422,41.87638473510742,8010400,2079.510009765625
2015-12-03,43.650001525878906,44.59999847412109,42.91999816894531,43.27000045776367,41.35078811645508,7235300,2049.6201171875
2015-12-04,43.81999969482422,44.9900016784668,43.81999969482422,44.970001220703125,42.97539138793945,9460900,2091.68994140625
2015-12-07,45.34999847412109,46.4900016784668,45.220001220703125,45.77999877929688,43.749454498291016,8911700,2077.070068359375
2015-12-08,45.09999847412109,45.5099983215332,44.06999969482422,44.54999923706055,42.574005126953125,9043700,2063.590087890625
2015-12-09,44.29999923706055,45.18999862670898,43.18999862670898,43.650001525878906,41.71392440795898,8001000,2047.6199951171875
2015-12-10,43.790000915527344,44.47999954223633,43.540000915527344,44.09000015258789,42.13440704345703,7955600,2052.22998046875
2015-12-11,43.27999877929688,43.59000015258789,42.060001373291016,42.09000015258789,40.22311782836914,10235200,2012.3699951171875
2015-12-14,42.2599983215332,42.869998931884766,41.08000183105469,41.77000045776367,39.91731643676758,10750500,2021.93994140625
2015-12-15,41.970001220703125,42.81999969482422,41.91999816894531,42.59999847412109,40.71049880981445,7097300,2043.4100341796875
2015-12-16,42.9900016784668,43.4900016784668,42.119998931884766,43.20000076293945,41.28388595581055,7850900,2073.070068359375
2015-12-17,43.33000183105469,43.95000076293945,42.45000076293945,42.459999084472656,40.57670974731445,7225000,2041.8900146484375
2015-12-18,41.61000061035156,42.310001373291016,40.70000076293945,41.09000015258789,39.26747894287109,17810000,2005.550048828125
2015-12-21,41.34999847412109,42.43000030517578,41.34999847412109,42.400001525878906,40.51937484741211,6597500,2021.1500244140625
2015-12-22,42.560001373291016,43.08000183105469,42.36000061035156,42.900001525878906,40.9971923828125,5704700,2038.969970703125
2015-12-23,42.77999877929688,43.38999938964844,42.43000030517578,43.290000915527344,41.369903564453125,6093600,2064.2900390625
2015-12-24,43.27000045776367,44.18999862670898,43.11000061035156,43.810001373291016,41.8668327331543,3307000,2060.989990234375
2015-12-28,43.619998931884766,44.040000915527344,42.90999984741211,43.22999954223633,41.31256484985352,4148000,2056.5
2015-12-29,43.25,43.619998931884766,43.02999877929688,43.5,41.570587158203125,4006900,2078.360107421875
2015-12-30,43.63999938964844,43.63999938964844,42.459999084472656,42.79999923706055,40.90162658691406,5463600,2063.360107421875
2015-12-31,42.540000915527344,42.56999969482422,41.83000183105469,42.34999847412109,40.47158432006836,6813800,2043.93994140625
2016-01-04,41.290000915527344,41.34999847412109,40.29999923706055,40.90999984741211,39.095458984375,12037200,2012.6600341796875
2016-01-05,41.18000030517578,41.4900016784668,39.95000076293945,40.52000045776367,38.722755432128906,10514200,2016.7099609375
2016-01-06,40.04999923706055,41.70000076293945,40.0,41.22999954223633,39.40126800537109,12393800,1990.260009765625
2016-01-07,40.970001220703125,41.52000045776367,39.68000030517578,40.45000076293945,38.65586471557617,11312900,1943.0899658203125
2016-01-08,40.93999862670898,41.36000061035156,40.2599983215332,40.369998931884766,38.57940673828125,8853100,1922.030029296875
2016-01-11,40.560001373291016,41.20000076293945,39.900001525878906,41.08000183105469,39.25791931152344,15877500,1923.6700439453125
2016-01-12,41.150001525878906,42.36000061035156,40.47999954223633,42.0,40.13711166381836,12636000,1938.6800537109375
2016-01-13,42.16999816894531,42.7400016784668,39.65999984741211,40.09999847412109,38.321380615234375,12718600,1890.280029296875
2016-01-14,40.209999084472656,40.77999877929688,38.86000061035156,40.54999923706055,38.75143432617188,11756500,1921.8399658203125
2016-01-15,39.040000915527344,39.88999938964844,38.369998931884766,38.7599983215332,37.04082489013672,18924800,1880.3299560546875
2016-01-19,39.59000015258789,39.77999877929688,38.209999084472656,38.86000061035156,37.13638687133789,10505900,1881.3299560546875
2016-01-20,38.52999877929688,39.84999847412109,36.20000076293945,39.060001373291016,37.327518463134766,16089100,1859.3299560546875
2016-01-21,38.93000030517578,40.0,38.02000045776367,39.790000915527344,38.025146484375,9781700,1868.989990234375
2016-01-22,40.0,40.720001220703125,39.56999969482422,40.15999984741211,38.37872314453125,7247000,1906.9000244140625
2016-01-25,40.02000045776367,40.15999984741211,38.81999969482422,38.880001068115234,37.15550231933594,10113200,1877.0799560546875
2016-01-26,38.72999954223633,39.75,38.43999862670898,39.63999938964844,37.88178634643555,8099000,1903.6300048828125
2016-01-27,40.150001525878906,40.869998931884766,39.47999954223633,39.68999862670898,37.9295654296875,10186000,1882.949951171875
2016-01-28,39.61000061035156,39.790000915527344,37.65999984741211,38.13999938964844,36.44831848144531,17112300,1893.3599853515625
2016-01-29,37.52000045776367,39.09000015258789,36.59999847412109,38.9900016784668,37.2606201171875,20957500,1940.239990234375
2016-02-01,39.0,39.93999862670898,38.630001068115234,39.380001068115234,37.6333236694336,12023500,1939.3800048828125
2016-02-02,38.83000183105469,38.970001220703125,37.0,37.02999877929688,35.387542724609375,12401400,1903.030029296875
2016-02-03,37.380001068115234,37.61000061035156,35.7599983215332,37.5099983215332,35.84626007080078,12390500,1912.530029296875
2016-02-04,37.34000015258789,38.59999847412109,36.70000076293945,38.209999084472656,36.51522064208984,8599600,1915.449951171875
2016-02-05,37.709999084472656,38.4900016784668,36.52999877929688,36.75,35.11996841430664,10072700,1880.050048828125
2016-02-08,36.08000183105469,36.15999984741211,34.7599983215332,35.54999923706055,34.065895080566406,12821900,1853.43994140625
2016-02-09,34.93000030517578,36.75,34.90999984741211,36.18999862670898,34.679176330566406,11143300,1852.2099609375
2016-02-10,36.56999969482422,37.63999938964844,36.52999877929688,37.119998931884766,35.57035827636719,8114100,1851.8599853515625
2016-02-11,36.470001220703125,37.220001220703125,36.16999816894531,36.4900016784668,34.96665954589844,8096000,1829.0799560546875
2016-02-12,36.91999816894531,37.97999954223633,36.41999816894531,37.81999969482422,36.24112319946289,9412800,1864.780029296875
2016-02-16,38.130001068115234,38.77000045776367,37.52999877929688,38.61000061035156,36.99814224243164,7147500,1895.5799560546875
2016-02-17,38.95000076293945,39.83000183105469,38.869998931884766,39.34000015258789,37.69767761230469,8432500,1926.8199462890625
2016-02-18,39.36000061035156,39.68000030517578,38.959999084472656,39.540000915527344,37.88932418823242,9605800,1917.8299560546875
2016-02-19,39.15999984741211,40.06999969482422,39.040000915527344,39.7599983215332,38.10013961791992,11052400,1917.780029296875
2016-02-22,40.13999938964844,40.93000030517578,40.06999969482422,40.84000015258789,39.13505935668945,9997300,1945.5
2016-02-23,40.560001373291016,40.810001373291016,40.16999816894531,40.380001068115234,38.69425964355469,6432200,1921.27001953125
2016-02-24,40.02000045776367,40.83000183105469,39.38999938964844,40.65999984741211,38.96256256103516,6103700,1929.800048828125
2016-02-25,40.7599983215332,41.380001068115234,40.40999984741211,41.36000061035156,39.63335418701172,6936400,1951.699951171875
2016-02-26,41.5,41.59999847412109,40.380001068115234,40.869998931884766,39.1638069152832,7467200,1948.050048828125
2016-02-29,40.77000045776367,41.34000015258789,40.5,41.0,39.288368225097656,5791300,1932.22998046875
2016-03-01,41.43999862670898,42.02000045776367,41.060001373291016,41.83000183105469,40.08372497558594,7885800,1978.3499755859375
2016-03-02,41.470001220703125,41.79999923706055,41.290000915527344,41.59000015258789,39.85374450683594,7913700,1986.449951171875
2016-03-03,41.52000045776367,42.2400016784668,41.22999954223633,41.880001068115234,40.13164520263672,8812800,1993.4000244140625
2016-03-04,42.16999816894531,42.16999816894531,41.41999816894531,41.630001068115234,39.89207458496094,9474100,1999.989990234375
2016-03-07,41.310001373291016,42.22999954223633,40.900001525878906,42.130001068115234,40.37119674682617,6959700,2001.760009765625
2016-03-08,41.29999923706055,41.40999984741211,40.04999923706055,40.77000045776367,39.06797409057617,8418300,1979.260009765625
2016-03-09,40.7400016784668,41.720001220703125,40.52000045776367,41.650001525878906,39.91123962402344,8546300,1989.260009765625
2016-03-10,42.11000061035156,42.11000061035156,40.90999984741211,41.630001068115234,39.89207458496094,5814200,1989.5699462890625
2016-03-11,41.88999938964844,42.5,41.70000076293945,42.470001220703125,40.69700622558594,5701500,2022.18994140625
2016-03-14,42.310001373291016,42.70000076293945,42.119998931884766,42.59000015258789,40.81199645996094,4568000,2019.6400146484375
2016-03-15,42.29999923706055,42.4900016784668,41.97999954223633,42.11000061035156,40.35203552246094,4445400,2015.9300537109375
2016-03-16,41.810001373291016,42.43000030517578,41.59000015258789,42.310001373291016,40.54369354248047,4792900,2027.219970703125
2016-03-17,42.310001373291016,42.310001373291016,41.81999969482422,42.09999847412109,40.34245681762695,5960600,2040.5899658203125
2016-03-18,42.310001373291016,43.52999877929688,41.75,43.43999862670898,41.626502990722656,13746000,2049.580078125
2016-03-21,43.31999969482422,43.77999877929688,43.27999877929688,43.470001220703125,41.6552619934082,4756400,2051.60009765625
2016-03-22,42.0,43.02000045776367,41.84000015258789,42.7599983215332,40.97489547729492,6721600,2049.800048828125
2016-03-23,42.79999923706055,42.86000061035156,41.58000183105469,41.91999816894531,40.16996383666992,9583400,2036.7099609375
2016-03-24,41.880001068115234,41.95000076293945,40.18999862670898,40.5,38.80924224853516,12515100,2035.93994140625
2016-03-28,41.0,41.34000015258789,40.33000183105469,40.90999984741211,39.20213317871094,6402800,2037.050048828125
2016-03-29,40.900001525878906,41.43000030517578,40.77000045776367,41.34999847412109,39.62376403808594,6794000,2055.010009765625
2016-03-30,41.75,42.06999969482422,41.36000061035156,41.380001068115234,39.65250778198242,6076800,2063.949951171875
2016-03-31,41.5,41.68000030517578,40.97999954223633,41.0099983215332,39.297950744628906,8138000,2059.739990234375
2016-04-01,40.130001068115234,40.15999984741211,39.27000045776367,39.52000045776367,37.87016296386719,11244100,2072.780029296875
2016-04-04,39.810001373291016,40.2400016784668,39.150001525878906,39.369998931884766,37.72642517089844,7831200,2066.1298828125
2016-04-05,39.130001068115234,39.380001068115234,38.7400016784668,38.93000030517578,37.30479049682617,7648400,2045.1700439453125
2016-04-06,39.06999969482422,39.06999969482422,38.34000015258789,38.900001525878906,37.27604675292969,5650000,2066.659912109375
2016-04-07,38.65999984741211,39.04999923706055,37.90999984741211,38.36000061035156,36.758583068847656,8206700,2041.9100341796875
2016-04-08,38.70000076293945,38.720001220703125,38.119998931884766,38.5,36.89274215698242,6087400,2047.5999755859375
2016-04-11,38.790000915527344,39.54999923706055,38.66999816894531,38.72999954223633,37.11314010620117,7932300,2041.989990234375
2016-04-12,38.81999969482422,39.43000030517578,38.7599983215332,39.18999862670898,37.55393600463867,6426000,2061.719970703125
2016-04-13,39.29999923706055,40.0099983215332,38.88999938964844,39.93999862670898,38.27261734008789,12493500,2082.419921875
2016-04-14,40.34000015258789,41.65999984741211,40.25,41.16999816894531,39.45127487182617,10133400,2082.780029296875
2016-04-15,41.29999923706055,41.36000061035156,40.720001220703125,40.90999984741211,39.20213317871094,6982200,2080.72998046875
2016-04-18,41.18000030517578,41.2599983215332,40.43999862670898,40.91999816894531,39.21171188354492,5245700,2094.340087890625
2016-04-19,40.9900016784668,41.7599983215332,40.970001220703125,41.34000015258789,39.61418151855469,6650200,2100.800048828125
2016-04-20,41.36000061035156,41.709999084472656,41.11000061035156,41.2599983215332,39.53752517700195,5018200,2102.39990234375
2016-04-21,40.79999923706055,40.93000030517578,39.79999923706055,40.0099983215332,38.33969879150391,10782600,2091.47998046875
2016-04-22,37.68000030517578,38.4900016784668,37.0099983215332,38.209999084472656,36.61484909057617,20939500,2091.580078125
2016-04-25,38.15999984741211,38.400001525878906,36.91999816894531,37.0,35.45535659790039,12670100,2087.7900390625
2016-04-26,37.27000045776367,37.4900016784668,36.2599983215332,36.91999816894531,35.37869644165039,14692700,2091.699951171875
2016-04-27,36.790000915527344,37.290000915527344,36.52000045776367,36.709999084472656,35.17746353149414,12305000,2095.14990234375
2016-04-28,37.040000915527344,37.09000015258789,35.88999938964844,35.970001220703125,34.468360900878906,9836800,2075.81005859375
2016-04-29,35.810001373291016,35.83000183105469,34.099998474121094,34.689998626708984,33.24179458618164,17807200,2065.300048828125
2016-05-02,34.9900016784668,35.16999816894531,34.400001525878906,34.43000030517578,33.08803939819336,8829800,2081.429931640625
2016-05-03,34.7599983215332,34.77000045776367,33.849998474121094,34.58000183105469,33.23218536376953,10674200,2063.3701171875
2016-05-04,34.16999816894531,34.29999923706055,33.0,33.209999084472656,31.915576934814453,13412400,2051.1201171875
2016-05-05,33.279998779296875,33.52000045776367,32.72999954223633,32.810001373291016,31.531173706054688,11606100,2050.6298828125
2016-05-06,32.66999816894531,33.150001525878906,32.189998626708984,33.029998779296875,31.74260902404785,12749100,2057.139892578125
2016-05-09,33.029998779296875,33.79999923706055,32.939998626708984,32.939998626708984,31.65610885620117,9312500,2058.68994140625
2016-05-10,33.2400016784668,33.79999923706055,33.09000015258789,33.77000045776367,32.453758239746094,8124400,2084.389892578125
2016-05-11,33.68000030517578,34.040000915527344,32.849998474121094,32.86000061035156,31.57922744750977,8148600,2064.4599609375
2016-05-12,33.0099983215332,33.02000045776367,31.290000915527344,31.32999992370605,30.10886001586914,14228200,2064.110107421875
2016-05-13,31.09000015258789,32.0099983215332,31.07999992370605,31.51000022888184,30.28184509277344,10132500,2046.6099853515625
2016-05-16,31.809999465942383,32.29999923706055,30.989999771118164,32.119998931884766,30.86806869506836,12397800,2066.659912109375
2016-05-17,32.25,33.290000915527344,32.02000045776367,32.63999938964844,31.36780548095703,13303400,2047.2099609375
2016-05-18,32.61000061035156,33.36000061035156,32.34000015258789,32.61000061035156,31.338972091674805,9136300,2047.6300048828125
2016-05-19,32.279998779296875,32.59000015258789,31.690000534057617,32.150001525878906,30.896900177001957,8875400,2040.0400390625
2016-05-20,32.29999923706055,32.810001373291016,31.950000762939453,32.0099983215332,30.762357711791992,7278000,2052.320068359375
2016-05-23,32.029998779296875,32.290000915527344,31.700000762939453,31.729999542236328,30.49326705932617,6498400,2048.0400390625
2016-05-24,31.88999938964844,32.279998779296875,31.850000381469727,32.150001525878906,30.896900177001957,6962700,2076.06005859375
2016-05-25,32.38999938964844,32.900001525878906,32.099998474121094,32.16999816894531,30.91611862182617,7401800,2090.5400390625
2016-05-26,32.130001068115234,32.34000015258789,31.3700008392334,31.51000022888184,30.28184509277344,7222800,2090.10009765625
2016-05-27,31.600000381469727,31.84000015258789,31.40999984741211,31.649999618530277,30.41638565063477,8573700,2099.06005859375
2016-05-31,31.75,31.96999931335449,31.32999992370605,31.90999984741211,30.6662540435791,9618700,2096.949951171875
2016-06-01,31.940000534057617,32.2599983215332,31.729999542236328,31.950000762939453,30.70469665527344,6415500,2099.330078125
2016-06-02,31.670000076293945,32.06999969482422,31.57999992370605,31.670000076293945,30.43560791015625,6813300,2105.260009765625
2016-06-03,31.59000015258789,31.600000381469727,30.3700008392334,30.809999465942383,29.609128952026367,12424100,2099.1298828125
2016-06-06,30.770000457763672,31.299999237060547,30.3799991607666,31.26000022888184,30.04158973693848,8335400,2109.409912109375
2016-06-07,31.459999084472656,32.869998931884766,31.100000381469727,32.36000061035156,31.098711013793945,12424200,2112.1298828125
2016-06-08,32.630001068115234,32.970001220703125,32.220001220703125,32.5099983215332,31.24286651611328,8173100,2119.1201171875
2016-06-09,32.25,33.58000183105469,32.25,33.400001525878906,32.098175048828125,8188300,2115.47998046875
2016-06-10,32.79999923706055,33.47999954223633,32.63999938964844,33.13999938964844,31.848312377929688,8252300,2096.070068359375
2016-06-13,32.9900016784668,32.9900016784668,31.63999938964844,31.799999237060547,30.56053924560547,9225600,2079.06005859375
2016-06-14,31.809999465942383,31.96999931335449,30.020000457763672,30.36000061035156,29.17667007446289,13802900,2075.320068359375
2016-06-15,30.649999618530277,31.100000381469727,30.450000762939453,30.489999771118164,29.301603317260746,8152300,2071.5
2016-06-16,29.799999237060547,29.799999237060547,29.020000457763672,29.13999938964844,28.00422096252441,18236700,2077.989990234375
2016-06-17,29.100000381469727,29.549999237060547,28.850000381469727,29.34000015258789,28.19642448425293,15301900,2071.219970703125
2016-06-20,29.75,30.38999938964844,29.63999938964844,29.709999084472656,28.552000045776367,8359300,2083.25
2016-06-21,30.290000915527344,30.38999938964844,29.690000534057617,30.020000457763672,28.84992027282715,8922900,2088.89990234375
2016-06-22,30.049999237060547,30.32999992370605,29.81999969482422,29.88999938964844,28.72498893737793,6675900,2085.449951171875
2016-06-23,30.25,30.489999771118164,29.770000457763672,30.32999992370605,29.14783477783203,9139900,2113.320068359375
2016-06-24,28.200000762939453,28.5,27.040000915527344,27.049999237060547,25.99567985534668,36049900,2037.4100341796875
2016-06-27,26.850000381469727,26.850000381469727,24.850000381469727,25.270000457763672,24.28506088256836,23170100,2000.5400390625
2016-06-28,26.1200008392334,26.8799991607666,25.76000022888184,26.770000457763672,25.72659492492676,20026100,2036.0899658203125
2016-06-29,26.940000534057617,28.06999969482422,26.940000534057617,27.700000762939453,26.620349884033203,15008800,2070.77001953125
2016-06-30,27.86000061035156,28.309999465942383,27.489999771118164,28.309999465942383,27.206573486328125,11148300,2098.860107421875
2016-07-01,28.26000022888184,29.520000457763672,28.200000762939453,29.32999992370605,28.186817169189453,13250000,2102.949951171875
2016-07-05,29.09000015258789,29.15999984741211,28.190000534057617,28.93000030517578,27.80240249633789,9467000,2088.550048828125
2016-07-06,27.76000022888184,28.399999618530277,27.1200008392334,28.350000381469727,27.245014190673828,18757500,2099.72998046875
2016-07-07,28.38999938964844,29.46999931335449,28.309999465942383,29.399999618530277,28.25408744812012,11779800,2097.89990234375
2016-07-08,29.799999237060547,30.280000686645508,29.700000762939453,30.040000915527344,28.869144439697266,13659300,2129.89990234375
2016-07-11,30.229999542236328,31.440000534057617,30.21999931335449,31.15999984741211,29.94548797607422,12374400,2137.159912109375
2016-07-12,32.779998779296875,34.88999938964844,32.75,34.65999984741211,33.30906295776367,25515700,2152.139892578125
2016-07-13,35.0,35.290000915527344,34.119998931884766,34.45000076293945,33.10725784301758,15215100,2152.429931640625
2016-07-14,35.11000061035156,36.18999862670898,35.0,35.880001068115234,34.48152542114258,16884400,2163.75
2016-07-15,35.5099983215332,36.060001373291016,35.31999969482422,35.88999938964844,34.49112701416016,9817100,2161.739990234375
2016-07-18,36.02999877929688,36.34000015258789,35.7599983215332,36.02999877929688,34.62566375732422,8606800,2166.889892578125
2016-07-19,35.779998779296875,36.08000183105469,35.33000183105469,36.0099983215332,34.606449127197266,7956300,2163.780029296875
2016-07-20,36.06999969482422,36.72999954223633,35.38999938964844,35.91999816894531,34.51995086669922,13098400,2173.02001953125
2016-07-21,35.099998474121094,35.560001373291016,34.439998626708984,34.959999084472656,33.59737014770508,16429900,2165.169921875
2016-07-22,36.45000076293945,36.560001373291016,35.599998474121094,36.36000061035156,34.942806243896484,14704700,2175.030029296875
2016-07-25,36.34999847412109,36.400001525878906,35.52000045776367,35.79999923706055,34.404632568359375,9526700,2168.47998046875
2016-07-26,35.90999984741211,36.68000030517578,35.650001525878906,36.54999923706055,35.12540054321289,8871200,2169.179931640625
2016-07-27,36.5,36.59999847412109,35.900001525878906,36.20000076293945,34.7890510559082,6671200,2166.580078125
2016-07-28,36.06999969482422,36.52999877929688,35.75,36.34000015258789,34.923580169677734,6518800,2170.06005859375
2016-07-29,36.2599983215332,36.7400016784668,35.5,35.5,34.116329193115234,9138600,2173.60009765625
2016-08-01,35.540000915527344,35.75,35.099998474121094,35.599998474121094,34.21242904663086,7059000,2170.840087890625
2016-08-02,35.38999938964844,35.400001525878906,33.380001068115234,33.5099983215332,32.20389175415039,12100400,2157.030029296875
2016-08-03,33.470001220703125,33.959999084472656,33.16999816894531,33.47999954223633,32.27136993408203,8254200,2163.7900390625
2016-08-04,33.56999969482422,33.77000045776367,33.0,33.58000183105469,32.36775588989258,6384700,2164.25
2016-08-05,33.709999084472656,34.720001220703125,33.68000030517578,34.439998626708984,33.19670486450195,16437200,2182.8701171875
2016-08-08,34.220001220703125,34.880001068115234,34.119998931884766,34.349998474121094,33.109947204589844,7142400,2180.889892578125
2016-08-09,35.209999084472656,35.5,34.540000915527344,34.59000015258789,33.34129333496094,7307200,2181.739990234375
2016-08-10,34.59000015258789,34.75,33.7400016784668,34.18000030517578,32.94608688354492,5878400,2175.489990234375
2016-08-11,34.25,35.08000183105469,34.2400016784668,34.959999084472656,33.697933197021484,7665900,2185.7900390625
2016-08-12,34.7400016784668,35.16999816894531,34.65999984741211,34.91999816894531,33.65938186645508,6063900,2184.050048828125
2016-08-15,34.959999084472656,36.04999923706055,34.900001525878906,35.869998931884766,34.57508850097656,7137200,2190.14990234375
2016-08-16,35.66999816894531,36.790000915527344,35.630001068115234,36.75,35.423316955566406,9385000,2178.14990234375
2016-08-17,36.68000030517578,36.75,36.18999862670898,36.59999847412109,35.27872467041016,8002000,2182.219970703125
2016-08-18,36.43000030517578,36.70000076293945,36.04999923706055,36.66999816894531,35.34619903564453,5292900,2187.02001953125
2016-08-19,36.43999862670898,36.7400016784668,36.09999847412109,36.4900016784668,35.172706604003906,6675300,2183.8701171875
2016-08-22,36.33000183105469,36.47999954223633,35.86000061035156,36.0,34.70039367675781,5189400,2182.639892578125
2016-08-23,36.31999969482422,36.650001525878906,36.18000030517578,36.400001525878906,35.08595275878906,5401700,2186.89990234375
2016-08-24,36.27000045776367,36.9900016784668,36.18999862670898,36.650001525878906,35.32693099975586,5945800,2175.43994140625
2016-08-25,36.34000015258789,36.93999862670898,36.31999969482422,36.720001220703125,35.394405364990234,5446000,2172.469970703125
2016-08-26,36.68000030517578,36.84000015258789,36.02000045776367,36.22999954223633,34.922080993652344,6257700,2169.0400390625
2016-08-29,36.130001068115234,36.40999984741211,36.04999923706055,36.16999816894531,34.86425018310547,4760700,2180.3798828125
2016-08-30,35.45000076293945,37.34999847412109,35.349998474121094,37.04999923706055,35.712486267089844,14509300,2176.1201171875
2016-08-31,36.970001220703125,36.97999954223633,35.630001068115234,36.29999923706055,34.98956298828125,13111700,2170.949951171875
2016-09-01,36.52999877929688,36.709999084472656,35.880001068115234,36.2400016784668,34.93172836303711,6940600,2170.860107421875
2016-09-02,36.0,36.70000076293945,36.0,36.52999877929688,35.21126174926758,5429100,2179.97998046875
2016-09-06,36.45000076293945,36.970001220703125,36.36000061035156,36.959999084472656,35.625736236572266,5501700,2186.47998046875
2016-09-07,37.5,39.52000045776367,37.41999816894531,38.75,37.35111999511719,13775000,2186.159912109375
2016-09-08,38.68000030517578,39.40999984741211,38.43000030517578,39.34999847412109,37.9294548034668,7101500,2181.300048828125
2016-09-09,39.0,39.34000015258789,38.16999816894531,38.4900016784668,37.10050201416016,8623600,2127.81005859375
2016-09-12,37.220001220703125,38.380001068115234,36.619998931884766,38.34000015258789,36.95590972900391,11959800,2159.0400390625
2016-09-13,38.119998931884766,38.310001373291016,37.220001220703125,37.369998931884766,36.020938873291016,9330300,2127.02001953125
2016-09-14,37.0,37.20000076293945,36.25,36.38999938964844,35.07630920410156,8051800,2125.77001953125
2016-09-15,36.310001373291016,36.630001068115234,35.849998474121094,36.40999984741211,35.09559631347656,7793900,2147.260009765625
2016-09-16,36.2599983215332,36.36000061035156,35.470001220703125,35.4900016784668,34.20881271362305,10724800,2139.159912109375
2016-09-19,35.65999984741211,36.11000061035156,35.349998474121094,35.439998626708984,34.16060256958008,5422300,2139.1201171875
2016-09-20,35.75,35.86000061035156,35.130001068115234,35.150001525878906,33.881080627441406,6666500,2139.760009765625
2016-09-21,35.0,35.150001525878906,33.900001525878906,34.66999816894531,33.41840744018555,10408200,2163.1201171875
2016-09-22,34.959999084472656,36.02999877929688,34.849998474121094,35.25,33.977474212646484,7438700,2177.179931640625
2016-09-23,35.29999923706055,35.66999816894531,34.959999084472656,35.54999923706055,34.266639709472656,4603200,2164.68994140625
2016-09-26,35.189998626708984,35.54999923706055,34.86000061035156,34.93000030517578,33.66902542114258,7353500,2146.10009765625
2016-09-27,34.97999954223633,36.130001068115234,34.900001525878906,36.0,34.70039367675781,5068900,2159.929931640625
2016-09-28,36.09999847412109,36.86000061035156,35.779998779296875,35.84000015258789,34.546173095703125,6291600,2171.3701171875
2016-09-29,35.650001525878906,36.59999847412109,35.599998474121094,35.81999969482422,34.526885986328125,6182700,2151.1298828125
2016-09-30,35.97999954223633,36.9900016784668,35.86000061035156,36.61000061035156,35.28836441040039,7429300,2168.27001953125
2016-10-03,36.459999084472656,37.75,36.33000183105469,37.70000076293945,36.33902740478516,8878900,2161.199951171875
2016-10-04,38.38999938964844,38.77999877929688,37.54999923706055,37.630001068115234,36.27154541015625,9065600,2150.489990234375
2016-10-05,37.81999969482422,38.119998931884766,37.310001373291016,37.869998931884766,36.50288009643555,4713100,2159.72998046875
2016-10-06,37.83000183105469,38.220001220703125,37.56999969482422,38.16999816894531,36.79205322265625,5160200,2160.77001953125
2016-10-07,38.25,38.47999954223633,37.400001525878906,37.72999954223633,36.367942810058594,5133200,2153.739990234375
2016-10-10,37.95000076293945,38.95000076293945,37.470001220703125,38.88999938964844,37.486061096191406,6939900,2163.659912109375
2016-10-11,39.9900016784668,39.9900016784668,38.060001373291016,38.20000076293945,36.82097244262695,10034700,2136.72998046875
2016-10-12,38.119998931884766,38.380001068115234,37.36000061035156,37.380001068115234,36.03057098388672,7410000,2139.179931640625
2016-10-13,36.95000076293945,39.5,36.79999923706055,39.2400016784668,37.823429107666016,14773300,2132.550048828125
2016-10-14,39.45000076293945,39.91999816894531,38.59000015258789,38.650001525878906,37.25473403930664,8871200,2132.97998046875
2016-10-17,38.65999984741211,39.72999954223633,38.369998931884766,38.58000183105469,37.18725204467773,5602000,2126.5
2016-10-18,38.84000015258789,39.88999938964844,38.84000015258789,39.34999847412109,37.9294548034668,10538200,2139.60009765625
2016-10-19,39.47999954223633,40.810001373291016,39.400001525878906,40.630001068115234,39.16324615478516,12764200,2144.2900390625
2016-10-20,40.93000030517578,40.93000030517578,39.40999984741211,40.59000015258789,39.12469482421875,14695900,2141.340087890625
2016-10-21,39.970001220703125,40.2400016784668,39.650001525878906,39.900001525878906,38.4596061706543,9981500,2141.159912109375
2016-10-24,40.25,40.54999923706055,39.77000045776367,39.83000183105469,38.392127990722656,6466300,2151.330078125
2016-10-25,39.65999984741211,40.43000030517578,39.36000061035156,39.68999862670898,38.25718688964844,6019900,2143.159912109375
2016-10-26,38.56999969482422,40.2599983215332,38.209999084472656,39.31999969482422,37.90053939819336,10112300,2139.429931640625
2016-10-27,39.45000076293945,40.18000030517578,39.2599983215332,39.90999984741211,38.46924591064453,6542100,2133.0400390625
2016-10-28,39.84999847412109,40.56999969482422,39.79999923706055,40.060001373291016,38.61382293701172,6710700,2126.409912109375
2016-10-31,40.310001373291016,40.810001373291016,40.08000183105469,40.59999847412109,39.13433074951172,5961100,2126.14990234375
2016-11-01,40.5099983215332,40.84999847412109,39.56999969482422,39.79999923706055,38.36321258544922,9028700,2111.719970703125
2016-11-02,39.720001220703125,40.25,39.619998931884766,39.709999084472656,38.27646255493164,5274500,2097.93994140625
2016-11-03,39.77999877929688,40.2400016784668,39.29999923706055,39.380001068115234,38.05420303344727,6006500,2088.659912109375
2016-11-04,39.27000045776367,40.220001220703125,39.2400016784668,39.7400016784668,38.40208053588867,6717500,2085.179931640625
2016-11-07,40.38999938964844,41.650001525878906,40.310001373291016,41.4900016784668,40.09316253662109,8334200,2131.52001953125
2016-11-08,41.41999816894531,41.84999847412109,41.02000045776367,41.70000076293945,40.29609298706055,5725800,2139.56005859375
2016-11-09,40.7599983215332,42.75,40.43999862670898,42.40999984741211,40.9821891784668,8392100,2163.260009765625
2016-11-10,42.709999084472656,43.38999938964844,42.150001525878906,42.29999923706055,40.87589263916016,8665900,2167.47998046875
2016-11-11,42.06999969482422,42.95000076293945,41.68000030517578,42.93000030517578,41.48468780517578,6623500,2164.449951171875
2016-11-14,43.0099983215332,43.61000061035156,42.97999954223633,43.400001525878906,41.938873291015625,7773600,2164.199951171875
2016-11-15,45.0,45.27999877929688,43.59000015258789,44.7599983215332,43.25307846069336,13166600,2180.389892578125
2016-11-16,44.65999984741211,44.79999923706055,43.93000030517578,44.45000076293945,42.95350646972656,6167000,2176.93994140625
2016-11-17,44.38999938964844,45.84999847412109,44.04999923706055,45.83000183105469,44.28704833984375,8558700,2187.1201171875
2016-11-18,46.150001525878906,46.4900016784668,45.619998931884766,46.2599983215332,44.70257186889648,7795100,2181.89990234375
2016-11-21,46.459999084472656,46.75,45.95000076293945,46.08000183105469,44.52863693237305,6651400,2198.179931640625
2016-11-22,46.02999877929688,46.95000076293945,45.95000076293945,46.08000183105469,44.52863693237305,5780600,2202.93994140625
2016-11-23,46.04999923706055,46.38999938964844,45.70000076293945,46.34000015258789,44.779884338378906,5160200,2204.719970703125
2016-11-25,46.34000015258789,46.86000061035156,46.29999923706055,46.81999969482422,45.24372482299805,2426600,2213.35009765625
2016-11-28,46.63999938964844,46.88999938964844,45.65999984741211,46.5,44.93449020385742,7369600,2201.719970703125
2016-11-29,46.59000015258789,47.13999938964844,46.16999816894531,46.88999938964844,45.31135940551758,4885400,2204.659912109375
2016-11-30,46.13999938964844,46.86000061035156,45.41999816894531,46.43999862670898,44.87651443481445,7904200,2198.81005859375
2016-12-01,46.20000076293945,47.09000015258789,45.65999984741211,45.75,44.209747314453125,7435200,2191.080078125
2016-12-02,46.09000015258789,46.86000061035156,45.90999984741211,46.09999847412109,44.54795455932617,6505100,2191.949951171875
2016-12-05,46.45000076293945,46.540000915527344,45.58000183105469,45.720001220703125,44.180755615234375,5256400,2204.7099609375
2016-12-06,46.15999984741211,46.54999923706055,45.91999816894531,46.43000030517578,44.86685562133789,5334500,2212.22998046875
2016-12-07,46.61000061035156,48.93999862670898,46.52000045776367,48.650001525878906,47.01211166381836,10210300,2241.35009765625
2016-12-08,48.59999847412109,48.59999847412109,47.70000076293945,48.04999923706055,46.43230819702149,6240000,2246.18994140625
2016-12-09,49.27000045776367,50.63999938964844,48.7400016784668,49.63999938964844,47.96877670288086,9850800,2259.530029296875
2016-12-12,49.15999984741211,49.34000015258789,47.43999862670898,47.59000015258789,45.98780059814453,8643500,2256.9599609375
2016-12-13,47.93999862670898,48.4900016784668,47.709999084472656,47.84000015258789,46.2293815612793,6147700,2271.719970703125
2016-12-14,47.84000015258789,48.75,47.810001373291016,47.91999816894531,46.30669021606445,5293900,2253.280029296875
2016-12-15,48.09999847412109,49.95000076293945,48.09999847412109,48.29999923706055,46.67388916015625,7530800,2262.030029296875
2016-12-16,48.61000061035156,49.06999969482422,47.560001373291016,47.630001068115234,46.02644348144531,9299700,2258.070068359375
2016-12-19,47.88999938964844,48.59999847412109,47.7400016784668,48.58000183105469,46.9444694519043,4729900,2262.530029296875
2016-12-20,48.5,49.5,48.5,49.220001220703125,47.56291961669922,4814600,2270.760009765625
2016-12-21,49.34000015258789,49.900001525878906,49.22999954223633,49.470001220703125,47.80451202392578,3827900,2265.179931640625
2016-12-22,49.34999847412109,49.45000076293945,48.459999084472656,48.68999862670898,47.05076217651367,3618700,2260.9599609375
2016-12-23,48.61000061035156,48.84000015258789,48.290000915527344,48.47999954223633,46.84783172607422,2914800,2263.7900390625
2016-12-27,48.290000915527344,48.91999816894531,48.13999938964844,48.61000061035156,46.97346115112305,2797800,2268.8798828125
2016-12-28,48.72999954223633,48.83000183105469,47.61000061035156,47.66999816894531,46.06510543823242,4153600,2249.919921875
2016-12-29,47.79999923706055,48.0,46.959999084472656,47.25,45.65924835205078,3709300,2249.260009765625
2016-12-30,47.41999816894531,47.65999984741211,46.470001220703125,46.68999862670898,45.11809158325195,4495000,2238.830078125
2017-01-03,47.27999877929688,47.34000015258789,46.13999938964844,46.29999923706055,44.74123001098633,6737800,2257.830078125
2017-01-04,46.630001068115234,47.43999862670898,46.34999847412109,46.70000076293945,45.12776184082031,5859600,2270.75
2017-01-05,46.52000045776367,46.93000030517578,45.61000061035156,45.88999938964844,44.34503173828125,6825300,2269.0
2017-01-06,45.84999847412109,46.720001220703125,45.470001220703125,46.209999084472656,44.65425491333008,7260200,2276.97998046875
2017-01-09,46.0099983215332,47.34000015258789,45.77999877929688,47.08000183105469,45.49497604370117,4739100,2268.89990234375
2017-01-10,47.0,48.5099983215332,46.970001220703125,48.47999954223633,46.84783172607422,7483800,2268.89990234375
2017-01-11,49.290000915527344,49.900001525878906,48.09999847412109,48.63999938964844,47.00244903564453,6925800,2275.320068359375
2017-01-12,48.66999816894531,49.0,46.84000015258789,48.09999847412109,46.48063278198242,5447300,2270.43994140625
2017-01-13,48.15999984741211,48.43000030517578,47.540000915527344,47.650001525878906,46.0457763671875,3541700,2274.639892578125
2017-01-17,47.560001373291016,47.75,46.66999816894531,46.75,45.17607498168945,5350800,2267.889892578125
2017-01-18,47.400001525878906,47.79999923706055,46.650001525878906,47.63999938964844,46.03611373901367,5176500,2271.889892578125
2017-01-19,47.63999938964844,48.09000015258789,46.880001068115234,47.2599983215332,45.66890335083008,3729300,2263.68994140625
2017-01-20,47.540000915527344,48.15999984741211,47.2400016784668,48.0,46.38400268554688,5611800,2271.31005859375
2017-01-23,47.900001525878906,48.09000015258789,46.75,46.93999862670898,45.35968399047852,4284200,2265.199951171875
2017-01-24,47.04999923706055,47.79999923706055,46.79999923706055,47.540000915527344,45.9394760131836,4926700,2280.070068359375
2017-01-25,47.900001525878906,48.209999084472656,47.61000061035156,47.90999984741211,46.297019958496094,5075800,2298.3701171875
2017-01-26,48.43000030517578,49.709999084472656,48.33000183105469,49.59000015258789,47.92047119140625,10332800,2296.679931640625
2017-01-27,50.0,50.0,46.720001220703125,46.95000076293945,45.36934661865234,19411100,2294.68994140625
2017-01-30,45.619998931884766,45.91999816894531,43.86000061035156,44.900001525878906,43.38836288452149,16786100,2280.89990234375
2017-01-31,44.790000915527344,44.84000015258789,43.7400016784668,44.25,42.7602424621582,11719800,2278.8701171875
2017-02-01,44.75,45.0,43.90999984741211,44.04999923706055,42.56697845458984,7955500,2279.550048828125
2017-02-02,43.61000061035156,44.52000045776367,43.56999969482422,44.0099983215332,42.52832412719727,7607700,2280.85009765625
2017-02-03,44.310001373291016,44.54999923706055,43.7599983215332,44.20000076293945,42.71192932128906,6357900,2297.419921875
2017-02-06,44.79999923706055,45.59999847412109,44.7400016784668,45.29999923706055,43.774898529052734,6496100,2292.56005859375
2017-02-07,45.75,46.130001068115234,45.0099983215332,45.16999816894531,43.64927291870117,6120000,2293.080078125
2017-02-08,45.2599983215332,45.2599983215332,44.5099983215332,45.060001373291016,43.5429801940918,4329900,2294.669921875
2017-02-09,45.06999969482422,46.59999847412109,44.93999862670898,46.29999923706055,44.84074401855469,7089900,2307.8701171875
2017-02-10,46.619998931884766,46.70000076293945,46.16999816894531,46.45000076293945,44.98601531982422,4040600,2316.10009765625
2017-02-13,46.560001373291016,47.77999877929688,46.5,47.40999984741211,45.9157600402832,6158600,2328.25
2017-02-14,47.2599983215332,47.27999877929688,46.45000076293945,46.56999969482422,45.10223388671875,6271700,2337.580078125
2017-02-15,47.59000015258789,48.04999923706055,46.93000030517578,47.540000915527344,46.04165649414063,8394800,2349.25
2017-02-16,47.5,47.650001525878906,46.65999984741211,46.970001220703125,45.48963165283203,5681800,2347.219970703125
2017-02-17,46.83000183105469,47.09999847412109,46.43000030517578,46.90999984741211,45.431522369384766,4581600,2351.159912109375
2017-02-21,47.0099983215332,47.27000045776367,46.58000183105469,46.810001373291016,45.33467483520508,4672000,2365.3798828125
2017-02-22,46.5,46.70000076293945,45.869998931884766,46.31999969482422,44.860111236572266,5799600,2362.820068359375
2017-02-23,46.41999816894531,47.31999969482422,45.88999938964844,46.09999847412109,44.64704132080078,5247000,2363.81005859375
2017-02-24,46.0,46.29999923706055,45.58000183105469,46.27999877929688,44.82136535644531,4489600,2367.340087890625
2017-02-27,46.18000030517578,46.36000061035156,45.68000030517578,46.31999969482422,44.860111236572266,4130500,2369.75
2017-02-28,46.31999969482422,46.720001220703125,46.02999877929688,46.36000061035156,44.89884948730469,4935600,2363.639892578125
2017-03-01,46.790000915527344,48.13999938964844,46.70000076293945,47.09000015258789,45.605838775634766,8278900,2395.9599609375
2017-03-02,46.66999816894531,46.7400016784668,45.63999938964844,45.720001220703125,44.27901840209961,7590700,2381.919921875
2017-03-03,45.84999847412109,47.2599983215332,45.77000045776367,46.81999969482422,45.344356536865234,7256900,2383.1201171875
2017-03-06,46.40999984741211,46.68000030517578,44.380001068115234,45.310001373291016,43.8819465637207,11336600,2375.31005859375
2017-03-07,45.02000045776367,45.22999954223633,44.560001373291016,44.84000015258789,43.42676162719727,4565300,2368.389892578125
2017-03-08,44.790000915527344,45.29999923706055,44.59999847412109,44.88999938964844,43.47517776489258,5520400,2362.97998046875
2017-03-09,44.5,44.93000030517578,43.25,43.33000183105469,41.964351654052734,9330100,2364.8701171875
2017-03-10,43.459999084472656,43.95000076293945,42.970001220703125,43.900001525878906,42.516387939453125,6842300,2372.60009765625
2017-03-13,43.72999954223633,44.119998931884766,42.2599983215332,42.369998931884766,41.03460693359375,8882300,2373.469970703125
2017-03-14,42.060001373291016,42.09999847412109,40.84000015258789,41.209999084472656,39.91115951538086,10208500,2365.449951171875
2017-03-15,40.5,42.18999862670898,40.209999084472656,42.09000015258789,40.763427734375,13986200,2385.260009765625
2017-03-16,42.18000030517578,42.34999847412109,41.45000076293945,42.130001068115234,40.80216979980469,7058300,2381.3798828125
2017-03-17,42.0,42.209999084472656,41.59999847412109,41.720001220703125,40.40509414672852,10185800,2378.25
2017-03-20,42.18000030517578,42.41999816894531,41.45000076293945,41.70000076293945,40.38572311401367,6229800,2373.469970703125
2017-03-21,41.880001068115234,41.97999954223633,40.34000015258789,40.41999816894531,39.14606094360352,7938700,2344.02001953125
2017-03-22,39.77999877929688,40.54999923706055,39.209999084472656,40.34999847412109,39.07826614379883,9943000,2348.449951171875
2017-03-23,40.70000076293945,41.86000061035156,40.47999954223633,41.40999984741211,40.10486602783203,9516600,2345.9599609375
2017-03-24,41.68999862670898,42.06999969482422,41.41999816894531,41.72999954223633,40.414772033691406,6596600,2343.97998046875
2017-03-27,41.06999969482422,41.88999938964844,40.560001373291016,41.7400016784668,40.424461364746094,6050500,2341.590087890625
2017-03-28,41.83000183105469,42.93000030517578,41.54999923706055,42.59999847412109,41.257354736328125,6185800,2358.570068359375
2017-03-29,42.68999862670898,42.7599983215332,41.869998931884766,41.959999084472656,40.63751602172852,5331400,2361.1298828125
2017-03-30,41.84999847412109,42.63999938964844,41.790000915527344,42.540000915527344,41.19925308227539,3681400,2368.06005859375
2017-03-31,42.369998931884766,42.93999862670898,42.27000045776367,42.29999923706055,40.9668083190918,5427700,2362.719970703125
2017-04-03,42.33000183105469,42.56999969482422,41.630001068115234,42.45000076293945,41.11208724975586,5764700,2358.840087890625
2017-04-04,42.09000015258789,42.22999954223633,40.81999969482422,40.900001525878906,39.61094284057617,7254700,2360.159912109375
2017-04-05,41.150001525878906,42.130001068115234,41.060001373291016,41.310001373291016,40.00801849365234,7012700,2352.949951171875
2017-04-06,41.400001525878906,41.959999084472656,41.15999984741211,41.720001220703125,40.40509414672852,3627600,2357.489990234375
2017-04-07,41.52999877929688,42.09999847412109,41.27999877929688,41.810001373291016,40.49226379394531,4137000,2355.5400390625
2017-04-10,41.810001373291016,42.66999816894531,41.619998931884766,42.31999969482422,40.98618316650391,4650500,2357.159912109375
2017-04-11,42.77999877929688,43.95000076293945,42.40999984741211,43.93000030517578,42.54542922973633,10269600,2353.780029296875
2017-04-12,44.790000915527344,45.34999847412109,43.83000183105469,43.959999084472656,42.574493408203125,9991100,2344.929931640625
2017-04-13,43.95000076293945,44.02000045776367,43.34000015258789,43.34999847412109,41.98371505737305,5504900,2328.949951171875
2017-04-17,43.470001220703125,44.25,43.36000061035156,44.22999954223633,42.83599090576172,4563200,2349.010009765625
2017-04-18,44.02999877929688,44.52999877929688,43.400001525878906,43.810001373291016,42.42921829223633,5808900,2342.18994140625
2017-04-19,44.06999969482422,44.77999877929688,43.900001525878906,44.400001525878906,43.00062942504883,6573400,2338.169921875
2017-04-20,44.709999084472656,45.380001068115234,44.560001373291016,45.220001220703125,43.79478073120117,4956500,2355.840087890625
2017-04-21,45.5,45.5,44.9900016784668,45.150001525878906,43.72698593139648,5536000,2348.68994140625
2017-04-24,45.5,46.43999862670898,45.470001220703125,46.43999862670898,44.9763298034668,6335300,2374.14990234375
2017-04-25,46.79999923706055,47.38999938964844,46.380001068115234,46.61000061035156,45.14096832275391,5960600,2388.610107421875
2017-04-26,46.5099983215332,46.900001525878906,46.2400016784668,46.400001525878906,44.93758773803711,6027600,2387.449951171875
2017-04-27,43.90999984741211,44.209999084472656,42.40999984741211,43.97999954223633,42.5938606262207,18988600,2388.77001953125
2017-04-28,44.02000045776367,44.060001373291016,42.560001373291016,42.619998931884766,41.27672958374024,13358000,2384.199951171875
2017-05-01,42.7599983215332,42.959999084472656,42.0099983215332,42.08000183105469,40.75374603271485,8591400,2388.330078125
2017-05-02,42.060001373291016,43.90999984741211,42.04999923706055,43.869998931884766,42.48732376098633,9402500,2391.169921875
2017-05-03,43.66999816894531,44.16999816894531,43.41999816894531,43.91999816894531,42.53575134277344,5144300,2388.1298828125
2017-05-04,44.18000030517578,44.38999938964844,43.20000076293945,43.90999984741211,42.52606964111328,4476100,2389.52001953125
2017-05-05,44.0,44.52000045776367,43.77000045776367,44.5099983215332,43.10715103149414,5462800,2399.2900390625
2017-05-08,44.59999847412109,45.04999923706055,44.52000045776367,44.93999862670898,43.52360534667969,6190700,2399.3798828125
2017-05-09,45.400001525878906,47.29999923706055,45.25,47.08000183105469,45.59616470336914,11116800,2396.919921875
2017-05-10,47.02999877929688,47.77999877929688,46.66999816894531,47.29999923706055,45.809226989746094,7379800,2399.6298828125
2017-05-11,47.209999084472656,47.2400016784668,45.650001525878906,46.540000915527344,45.07317733764648,6086300,2394.43994140625
2017-05-12,46.2599983215332,46.43999862670898,45.72999954223633,45.83000183105469,44.48112869262695,3888700,2390.89990234375
2017-05-15,45.70000076293945,46.9900016784668,45.68999862670898,46.68000030517578,45.30610656738281,5534500,2402.320068359375
2017-05-16,46.790000915527344,47.130001068115234,44.7400016784668,46.93999862670898,45.55846405029297,4627800,2400.669921875
2017-05-17,46.25,46.560001373291016,44.880001068115234,44.91999816894531,43.59791564941406,6906700,2357.030029296875
2017-05-18,44.400001525878906,45.400001525878906,44.380001068115234,44.650001525878906,43.33586502075195,6626700,2365.719970703125
2017-05-19,44.79999923706055,45.380001068115234,44.7400016784668,45.220001220703125,43.88908386230469,6736700,2381.72998046875
2017-05-22,45.33000183105469,46.25,45.33000183105469,46.209999084472656,44.849945068359375,4428600,2394.02001953125
2017-05-23,46.27000045776367,46.68999862670898,45.93999862670898,46.65999984741211,45.28670120239258,3008500,2398.419921875
2017-05-24,46.7400016784668,47.43000030517578,46.650001525878906,46.77000045776367,45.39347076416016,3885100,2404.389892578125
2017-05-25,46.9900016784668,48.119998931884766,46.81999969482422,48.02000045776367,46.6066780090332,5441800,2415.070068359375
2017-05-26,47.790000915527344,48.81999969482422,47.72999954223633,48.7400016784668,47.30548858642578,5979300,2415.820068359375
2017-05-30,48.31999969482422,48.58000183105469,47.790000915527344,47.959999084472656,46.548439025878906,5512900,2412.909912109375
2017-05-31,48.20000076293945,48.47999954223633,47.52999877929688,48.40999984741211,46.985198974609375,4486100,2411.800048828125
2017-06-01,48.5,49.36000061035156,48.29999923706055,49.04999923706055,47.60636520385742,4421400,2430.06005859375
2017-06-02,49.560001373291016,50.470001220703125,49.369998931884766,49.52000045776367,48.06252670288086,7708600,2439.070068359375
2017-06-05,49.52999877929688,49.95000076293945,49.400001525878906,49.7400016784668,48.27605438232422,5466700,2436.10009765625
2017-06-06,49.470001220703125,50.09999847412109,49.31999969482422,49.7400016784668,48.27605438232422,4473500,2429.330078125
2017-06-07,49.43999862670898,50.90999984741211,48.79999923706055,50.86000061035156,49.36309051513672,7078400,2433.139892578125
2017-06-08,50.86000061035156,51.869998931884766,50.40999984741211,51.43000030517578,49.91630935668945,6544300,2433.7900390625
2017-06-09,51.61000061035156,51.95000076293945,50.25,50.27000045776367,48.79045486450195,7204300,2431.77001953125
2017-06-12,50.09999847412109,50.220001220703125,48.09999847412109,49.47999954223633,48.023704528808594,8597900,2429.389892578125
2017-06-13,49.560001373291016,49.90999984741211,48.84000015258789,49.45000076293945,47.994590759277344,5153300,2440.35009765625
2017-06-14,49.63999938964844,49.77999877929688,48.88999938964844,49.38999938964844,47.93635940551758,4027800,2437.919921875
2017-06-15,49.13999938964844,49.31999969482422,48.369998931884766,49.11000061035156,47.66459655761719,4579600,2432.4599609375
2017-06-16,48.900001525878906,49.45000076293945,48.619998931884766,48.790000915527344,47.3540153503418,6622100,2433.14990234375
2017-06-19,49.130001068115234,49.720001220703125,48.81999969482422,49.65999984741211,48.19840621948242,4104300,2453.4599609375
2017-06-20,49.220001220703125,49.36000061035156,48.0099983215332,48.02999877929688,46.61638641357422,6035100,2437.030029296875
2017-06-21,48.33000183105469,48.63999938964844,48.130001068115234,48.43000030517578,47.00460815429688,3469500,2435.610107421875
2017-06-22,50.5,50.560001373291016,48.790000915527344,48.970001220703125,47.52871322631836,9792100,2434.5
2017-06-23,49.0,49.09999847412109,48.470001220703125,48.630001068115234,47.19872283935547,12682000,2438.300048828125
2017-06-26,48.810001373291016,49.77999877929688,48.540000915527344,48.77999877929688,47.34431076049805,3992900,2439.070068359375
2017-06-27,48.59999847412109,49.560001373291016,48.5,48.5,47.072547912597656,4264400,2419.3798828125
2017-06-28,48.81999969482422,49.79999923706055,48.810001373291016,49.25,47.80047225952149,4259700,2440.68994140625
2017-06-29,49.27999877929688,49.68999862670898,48.81999969482422,49.619998931884766,48.15959167480469,6170100,2419.699951171875
2017-06-30,49.91999816894531,50.5099983215332,49.59999847412109,50.31999969482422,48.838985443115234,6618700,2423.409912109375
2017-07-03,50.77999877929688,51.27999877929688,50.369998931884766,50.38999938964844,48.90691757202149,2906500,2429.010009765625
2017-07-05,50.43999862670898,51.54999923706055,50.18000030517578,51.2599983215332,49.75131988525391,5157500,2432.5400390625
2017-07-06,50.970001220703125,52.58000183105469,50.86000061035156,52.04999923706055,50.518062591552734,7021400,2409.75
2017-07-07,52.29999923706055,53.380001068115234,52.18000030517578,53.02999877929688,51.46921920776367,6597000,2425.179931640625
2017-07-10,52.97999954223633,53.15999984741211,52.22999954223633,52.65999984741211,51.11011505126953,4600000,2427.429931640625
2017-07-11,52.58000183105469,52.65999984741211,51.470001220703125,51.61000061035156,50.09102249145508,4545700,2425.530029296875
2017-07-12,53.119998931884766,53.83000183105469,52.45000076293945,53.79999923706055,52.216556549072266,8348400,2443.25
2017-07-13,53.400001525878906,54.47999954223633,53.150001525878906,53.810001373291016,52.22626876831055,5346700,2447.830078125
2017-07-14,53.79999923706055,54.27999877929688,53.34000015258789,54.220001220703125,52.62419509887695,4537900,2459.27001953125
2017-07-17,54.209999084472656,54.27999877929688,53.84999847412109,53.869998931884766,52.28450012207031,3727400,2459.139892578125
2017-07-18,53.83000183105469,53.84000015258789,53.02000045776367,53.150001525878906,51.58568572998047,4101400,2460.610107421875
2017-07-19,52.2599983215332,53.18999862670898,51.77999877929688,52.61000061035156,51.06158447265625,5774700,2473.830078125
2017-07-20,52.720001220703125,52.77999877929688,52.09999847412109,52.34000015258789,50.79953384399414,4836200,2473.449951171875
2017-07-21,52.130001068115234,52.54999923706055,51.45000076293945,51.90999984741211,50.38218688964844,4544400,2472.5400390625
2017-07-24,51.790000915527344,52.02999877929688,51.2400016784668,51.27999877929688,49.77072525024414,4876400,2469.909912109375
2017-07-25,51.5,51.900001525878906,50.54999923706055,50.61000061035156,49.12044525146485,4484900,2477.1298828125
2017-07-26,50.630001068115234,51.16999816894531,50.0099983215332,51.0099983215332,49.5086784362793,4776100,2477.830078125
2017-07-27,50.34000015258789,50.34000015258789,48.75,50.0,48.52840042114258,10260300,2475.419921875
2017-07-28,49.02000045776367,50.66999816894531,48.72999954223633,50.4900016784668,49.00397872924805,9153400,2472.10009765625
2017-07-31,50.84999847412109,51.22999954223633,50.040000915527344,50.43999862670898,48.95545959472656,6062900,2470.300048828125
2017-08-01,51.130001068115234,52.0,50.31999969482422,51.060001373291016,49.55720520019531,5045300,2476.35009765625
2017-08-02,50.88999938964844,51.18000030517578,49.900001525878906,50.45000076293945,48.96516036987305,4679700,2477.570068359375
2017-08-03,50.560001373291016,51.20000076293945,50.36000061035156,50.54999923706055,49.06220626831055,3231400,2472.159912109375
2017-08-04,50.66999816894531,50.91999816894531,50.38999938964844,50.79999923706055,49.30485534667969,2993500,2476.830078125
2017-08-07,50.81999969482422,51.130001068115234,50.459999084472656,50.58000183105469,49.0913314819336,3016700,2480.909912109375
2017-08-08,50.68000030517578,50.77999877929688,49.88999938964844,50.0,48.52840042114258,4274400,2474.919921875
2017-08-09,49.7400016784668,49.91999816894531,49.22999954223633,49.400001525878906,47.94606399536133,5020800,2474.02001953125
2017-08-10,49.02999877929688,49.34000015258789,48.18999862670898,48.54999923706055,47.21665954589844,5441400,2438.2099609375
2017-08-11,48.5,48.790000915527344,47.43999862670898,48.34999847412109,47.02214813232422,5610700,2441.320068359375
2017-08-14,48.86000061035156,49.16999816894531,48.5,48.810001373291016,47.46952438354492,2996500,2465.840087890625
2017-08-15,48.7599983215332,49.0,48.34999847412109,48.52000045776367,47.18748092651367,3149600,2464.610107421875
2017-08-16,48.63999938964844,48.72999954223633,48.27000045776367,48.40999984741211,47.08050537109375,4187300,2468.110107421875
2017-08-17,48.25,48.34000015258789,45.79999923706055,46.02999877929688,44.76586532592773,10304200,2430.010009765625
2017-08-18,46.29999923706055,46.29999923706055,45.43999862670898,45.54999923706055,44.299049377441406,6242800,2425.550048828125
2017-08-21,45.72999954223633,46.09000015258789,45.40999984741211,45.709999084472656,44.45464706420898,4353900,2428.3701171875
2017-08-22,45.84999847412109,45.93000030517578,45.33000183105469,45.40999984741211,44.16288757324219,4019700,2452.510009765625
2017-08-23,45.16999816894531,45.2400016784668,43.52000045776367,43.970001220703125,42.7624397277832,8159200,2444.0400390625
2017-08-24,44.130001068115234,44.150001525878906,42.66999816894531,42.91999816894531,41.74127197265625,7057500,2438.969970703125
2017-08-25,43.09000015258789,45.43000030517578,43.0099983215332,45.25,44.007286071777344,11738400,2443.050048828125
2017-08-28,45.22999954223633,45.369998931884766,44.77999877929688,44.95000076293945,43.71552658081055,6969300,2444.239990234375
2017-08-29,44.52999877929688,44.84999847412109,44.380001068115234,44.560001373291016,43.336238861083984,5195100,2446.300048828125
2017-08-30,44.540000915527344,44.77000045776367,43.88999938964844,44.31999969482422,43.10282516479492,5472600,2457.590087890625
2017-08-31,44.540000915527344,44.93999862670898,44.43000030517578,44.7400016784668,43.51129531860352,3799600,2471.64990234375
2017-09-01,44.84999847412109,45.470001220703125,44.650001525878906,45.310001373291016,44.06563949584961,4569400,2476.550048828125
2017-09-05,44.790000915527344,45.27999877929688,43.84000015258789,43.91999816894531,42.713809967041016,8501600,2457.85009765625
2017-09-06,43.09000015258789,44.68000030517578,42.61000061035156,44.310001373291016,43.09309768676758,8796700,2465.5400390625
2017-09-07,44.18999862670898,44.630001068115234,43.52999877929688,43.84000015258789,42.63600540161133,5095000,2465.10009765625
2017-09-08,43.810001373291016,44.11000061035156,43.4900016784668,43.59999847412109,42.402591705322266,4684600,2461.429931640625
2017-09-11,44.0099983215332,46.09000015258789,44.0,45.86000061035156,44.60054016113281,7921600,2488.110107421875
2017-09-12,45.900001525878906,46.47999954223633,45.630001068115234,46.290000915527344,45.01872634887695,6325100,2496.47998046875
2017-09-13,46.34999847412109,47.58000183105469,46.09999847412109,47.0,45.70922088623047,7288200,2498.3701171875
2017-09-14,46.790000915527344,46.93999862670898,46.119998931884766,46.18999862670898,44.92147064208984,5360500,2495.6201171875
2017-09-15,45.29999923706055,46.040000915527344,45.18999862670898,46.0,44.73669052124024,14846200,2500.22998046875
2017-09-18,46.02000045776367,46.29999923706055,45.27000045776367,45.310001373291016,44.06563949584961,4601200,2503.8701171875
2017-09-19,45.27999877929688,45.65999984741211,44.02999877929688,44.380001068115234,43.16117858886719,6884600,2506.64990234375
2017-09-20,44.91999816894531,45.560001373291016,44.459999084472656,45.41999816894531,44.17261505126953,4708100,2508.239990234375
2017-09-21,45.470001220703125,46.56999969482422,44.9900016784668,46.290000915527344,45.01872634887695,5864400,2500.60009765625
2017-09-22,46.56999969482422,47.459999084472656,46.34999847412109,47.060001373291016,45.767574310302734,5342000,2502.219970703125
2017-09-25,46.97999954223633,47.959999084472656,46.88999938964844,47.70000076293945,46.38999557495117,6363200,2496.659912109375
2017-09-26,47.84000015258789,48.2599983215332,47.22999954223633,47.58000183105469,46.27330017089844,4706000,2496.840087890625
2017-09-27,47.09999847412109,48.09999847412109,46.630001068115234,46.84999847412109,45.56333923339844,6183200,2507.0400390625
2017-09-28,46.77999877929688,48.59999847412109,46.77999877929688,47.4900016784668,46.185768127441406,8367800,2510.06005859375
2017-09-29,47.4900016784668,47.84999847412109,47.22999954223633,47.4900016784668,46.185768127441406,4904300,2519.360107421875
2017-10-02,47.52000045776367,47.93000030517578,47.220001220703125,47.72999954223633,46.41917419433594,4911700,2529.1201171875
2017-10-03,47.65999984741211,50.59000015258789,47.630001068115234,50.5099983215332,49.122825622558594,10261800,2534.580078125
2017-10-04,50.5,51.66999816894531,50.4900016784668,50.72999954223633,49.33678817749024,7454500,2537.739990234375
2017-10-05,50.84999847412109,50.9900016784668,50.2599983215332,50.560001373291016,49.17145156860352,4212300,2552.070068359375
2017-10-06,50.70000076293945,51.59000015258789,50.650001525878906,51.29999923706055,49.89112854003906,4240500,2549.330078125
2017-10-09,51.22999954223633,51.47999954223633,50.400001525878906,50.59999847412109,49.210357666015625,3691500,2544.72998046875
2017-10-10,52.0,53.25,51.97999954223633,53.02999877929688,51.5736198425293,9387100,2550.639892578125
2017-10-11,53.09999847412109,53.7400016784668,52.33000183105469,52.83000183105469,51.37911224365234,5396800,2555.239990234375
2017-10-12,52.720001220703125,52.83000183105469,52.34000015258789,52.650001525878906,51.20406723022461,2942800,2550.929931640625
2017-10-13,52.66999816894531,52.86000061035156,52.2599983215332,52.70000076293945,51.25268173217773,2960300,2553.169921875
2017-10-16,52.52000045776367,52.68000030517578,51.93000030517578,52.27000045776367,50.8344955444336,3262300,2557.639892578125
2017-10-17,52.720001220703125,52.81999969482422,51.869998931884766,52.06999969482422,50.639984130859375,3651200,2559.360107421875
2017-10-18,52.11000061035156,52.43999862670898,51.86000061035156,52.02999877929688,50.6010856628418,2542400,2561.260009765625
2017-10-19,51.56999969482422,51.83000183105469,49.630001068115234,51.5099983215332,50.09535598754883,7568200,2562.10009765625
2017-10-20,51.560001373291016,52.2400016784668,51.52999877929688,51.93000030517578,50.50382995605469,3643400,2575.2099609375
2017-10-23,51.91999816894531,51.95000076293945,50.869998931884766,50.97999954223633,49.57991790771485,3456500,2564.97998046875
2017-10-24,51.02000045776367,52.09999847412109,50.54999923706055,51.95000076293945,50.52328109741211,3654900,2569.1298828125
2017-10-25,51.77999877929688,51.77999877929688,50.61000061035156,51.02000045776367,49.61882781982422,4658300,2557.14990234375
2017-10-26,52.0,53.18999862670898,48.31999969482422,48.61000061035156,47.27500915527344,12079000,2560.39990234375
2017-10-27,48.40999984741211,48.88999938964844,47.33000183105469,47.560001373291016,46.25384521484375,8591500,2581.070068359375
2017-10-30,47.650001525878906,47.66999816894531,46.83000183105469,47.25,45.95236206054688,5402500,2572.830078125
2017-10-31,47.220001220703125,47.59999847412109,46.790000915527344,46.81999969482422,45.53417205810547,4596600,2575.260009765625
2017-11-01,48.0,48.20000076293945,47.369998931884766,47.84000015258789,46.52615737915039,4354500,2579.360107421875
2017-11-02,47.790000915527344,47.93000030517578,47.09000015258789,47.36000061035156,46.0593376159668,2410700,2579.85009765625
2017-11-03,47.36000061035156,47.61000061035156,46.79999923706055,47.45000076293945,46.14686584472656,4037100,2587.840087890625
2017-11-06,47.459999084472656,48.09999847412109,47.27999877929688,47.5099983215332,46.20521926879883,4249500,2591.1298828125
2017-11-07,47.5099983215332,47.540000915527344,46.400001525878906,46.459999084472656,45.184059143066406,3756400,2590.639892578125
2017-11-08,46.41999816894531,46.97999954223633,45.84000015258789,46.369998931884766,45.09652328491211,3198800,2594.3798828125
2017-11-09,45.84999847412109,46.34999847412109,45.36000061035156,45.77000045776367,44.51300811767578,3561500,2584.6201171875
2017-11-10,45.63999938964844,46.119998931884766,45.560001373291016,45.81999969482422,44.65920639038086,2433000,2582.300048828125
2017-11-13,45.630001068115234,45.86000061035156,45.33000183105469,45.7400016784668,44.58123016357422,1772400,2584.840087890625
2017-11-14,45.29999923706055,45.970001220703125,45.27000045776367,45.810001373291016,44.64945983886719,1827100,2578.8701171875
2017-11-15,45.709999084472656,47.310001373291016,45.45000076293945,47.18999862670898,45.99449920654297,5223100,2564.6201171875
2017-11-16,47.2599983215332,48.060001373291016,47.2400016784668,47.68000030517578,46.47208023071289,4461400,2585.639892578125
2017-11-17,47.59999847412109,47.75,47.18999862670898,47.38999938964844,46.18942642211914,2324800,2578.85009765625
2017-11-20,47.33000183105469,47.880001068115234,47.119998931884766,47.68999862670898,46.48182678222656,2436000,2582.139892578125
2017-11-21,47.88999938964844,48.91999816894531,47.540000915527344,48.650001525878906,47.41750717163086,2796200,2599.030029296875
2017-11-22,48.58000183105469,48.970001220703125,48.27000045776367,48.65999984741211,47.42725372314453,2326900,2597.080078125
2017-11-24,48.65999984741211,48.7599983215332,48.34999847412109,48.560001373291016,47.32979202270508,1352400,2602.419921875
2017-11-27,48.61000061035156,48.83000183105469,48.29999923706055,48.41999816894531,47.19333267211914,2630800,2601.419921875
2017-11-28,48.43999862670898,49.41999816894531,48.20000076293945,49.220001220703125,47.97306823730469,3864100,2627.0400390625
2017-11-29,49.380001068115234,51.15999984741211,48.65999984741211,49.25,48.00230407714844,8154200,2626.070068359375
2017-11-30,49.7599983215332,51.11000061035156,49.29999923706055,50.4900016784668,49.210899353027344,6016200,2647.580078125
2017-12-01,49.66999816894531,50.380001068115234,48.68999862670898,49.0,47.75864791870117,6229600,2642.219970703125
2017-12-04,50.09999847412109,51.470001220703125,49.650001525878906,49.93000030517578,48.665077209472656,7113800,2639.43994140625
2017-12-05,49.84999847412109,50.0,49.209999084472656,49.470001220703125,48.21673202514648,3594000,2629.570068359375
2017-12-06,49.38999938964844,49.810001373291016,49.18999862670898,49.61000061035156,48.35319137573242,2835500,2629.27001953125
2017-12-07,49.52999877929688,50.91999816894531,49.29999923706055,50.880001068115234,49.59101104736328,3047000,2636.97998046875
2017-12-08,51.22999954223633,51.790000915527344,50.93000030517578,51.02000045776367,49.72746276855469,3817900,2651.5
2017-12-11,50.77999877929688,51.59000015258789,50.7599983215332,51.29999923706055,50.000370025634766,2835600,2659.989990234375
2017-12-12,51.27000045776367,51.52999877929688,50.380001068115234,50.470001220703125,49.19139862060547,2798200,2664.110107421875
2017-12-13,50.58000183105469,50.75,49.84999847412109,50.09000015258789,48.82102584838867,3035200,2662.85009765625
2017-12-14,50.59000015258789,51.36000061035156,50.08000183105469,50.209999084472656,48.93798828125,4503100,2652.010009765625
2017-12-15,50.66999816894531,51.5,50.400001525878906,51.060001373291016,49.76645660400391,9074200,2675.81005859375
2017-12-18,51.25,51.65999984741211,51.25,51.4900016784668,50.18556594848633,3235900,2690.159912109375
2017-12-19,51.59999847412109,51.810001373291016,51.27999877929688,51.43999862670898,50.13682556152344,3019800,2681.469970703125
2017-12-20,51.56999969482422,52.09999847412109,51.16999816894531,51.91999816894531,50.60467147827149,5172800,2679.25
2017-12-21,52.15999984741211,53.470001220703125,52.06999969482422,52.790000915527344,51.45262908935547,7125900,2684.570068359375
2017-12-22,52.720001220703125,52.880001068115234,52.41999816894531,52.59000015258789,51.2576904296875,2425100,2683.340087890625
2017-12-26,52.34999847412109,53.220001220703125,52.33000183105469,52.84999847412109,51.51110458374024,2774000,2680.5
2017-12-27,52.79999923706055,52.880001068115234,52.060001373291016,52.400001525878906,51.07250595092773,2831400,2682.6201171875
2017-12-28,52.45000076293945,52.630001068115234,52.220001220703125,52.459999084472656,51.13098907470703,1845300,2687.5400390625
2017-12-29,52.41999816894531,52.81999969482422,52.0099983215332,52.02999877929688,50.711875915527344,2696300,2673.610107421875
2018-01-02,52.33000183105469,53.09999847412109,51.900001525878906,52.9900016784668,51.647560119628906,4084700,2695.81005859375
2018-01-03,52.86000061035156,52.86000061035156,52.060001373291016,52.34000015258789,51.0140266418457,5074900,2713.06005859375
2018-01-04,52.47999954223633,54.400001525878906,52.27000045776367,52.66999816894531,51.33566665649414,3557100,2723.989990234375
2018-01-05,52.77999877929688,52.84000015258789,52.43000030517578,52.650001525878906,51.3161735534668,2967800,2743.14990234375
2018-01-08,52.59999847412109,52.63999938964844,51.93000030517578,52.130001068115234,50.80934524536133,3515800,2747.7099609375
2018-01-09,52.970001220703125,53.369998931884766,52.0099983215332,52.08000183105469,50.76061248779297,3426000,2751.2900390625
2018-01-10,53.22999954223633,54.02000045776367,52.880001068115234,53.77999877929688,52.41754531860352,7655800,2748.22998046875
2018-01-11,54.4900016784668,57.0,54.18000030517578,56.41999816894531,54.99066162109375,11339900,2767.56005859375
2018-01-12,56.560001373291016,58.72999954223633,56.560001373291016,58.470001220703125,56.988731384277344,7505800,2786.239990234375
2018-01-16,58.790000915527344,59.08000183105469,57.52999877929688,57.97999954223633,56.511138916015625,5283900,2776.419921875
2018-01-17,58.310001373291016,58.58000183105469,57.79999923706055,58.15999984741211,56.68658828735352,3148900,2802.56005859375
2018-01-18,58.0,58.709999084472656,57.560001373291016,58.34000015258789,56.86202621459961,3969100,2798.030029296875
2018-01-19,58.59000015258789,58.59000015258789,57.7599983215332,58.060001373291016,56.5891227722168,3151200,2810.300048828125
2018-01-22,57.9900016784668,58.34000015258789,57.52999877929688,58.09999847412109,56.62810516357422,3553900,2832.969970703125
2018-01-23,57.7400016784668,58.459999084472656,57.400001525878906,58.290000915527344,56.81329345703125,3337000,2839.1298828125
2018-01-24,54.34999847412109,55.459999084472656,53.45000076293945,54.790000915527344,53.40196228027344,16348500,2837.5400390625
2018-01-25,54.0,54.54999923706055,52.209999084472656,53.04999923706055,51.70603561401367,10223100,2839.25
2018-01-26,53.650001525878906,53.900001525878906,52.34000015258789,53.06999969482422,51.72553634643555,7066100,2872.8701171875
2018-01-29,52.790000915527344,53.15999984741211,52.59000015258789,52.68000030517578,51.34541320800781,5953700,2853.530029296875
2018-01-30,52.45000076293945,53.04999923706055,52.36000061035156,52.59000015258789,51.2576904296875,4741800,2822.429931640625
2018-01-31,53.08000183105469,54.709999084472656,53.0,54.31999969482422,52.94386291503906,5962900,2823.81005859375
2018-02-01,54.0,54.63999938964844,53.59000015258789,53.880001068115234,52.5150146484375,3623100,2821.97998046875
2018-02-02,53.4900016784668,53.9900016784668,52.02999877929688,52.09999847412109,50.78010559082031,5109400,2762.1298828125
2018-02-05,51.22999954223633,52.38999938964844,49.75,49.7599983215332,48.5926513671875,6878300,2648.93994140625
2018-02-06,49.31999969482422,51.5,48.790000915527344,51.18000030517578,49.97934341430664,6782500,2695.139892578125
2018-02-07,50.90999984741211,51.97999954223633,50.88999938964844,51.400001525878906,50.194183349609375,4845800,2681.659912109375
2018-02-08,51.43999862670898,51.459999084472656,48.5099983215332,48.59999847412109,47.459869384765625,5995100,2581.0
2018-02-09,49.70000076293945,49.72999954223633,46.33000183105469,48.36000061035156,47.22550201416016,6837800,2619.550048828125
2018-02-12,48.790000915527344,50.5099983215332,48.650001525878906,50.09000015258789,48.91490936279297,5437800,2656.0
2018-02-13,49.70000076293945,50.91999816894531,49.63999938964844,50.869998931884766,49.67661666870117,3758000,2662.93994140625
2018-02-14,50.2400016784668,51.560001373291016,50.11000061035156,51.06999969482422,49.87192153930664,4983200,2698.6298828125
2018-02-15,51.45000076293945,51.880001068115234,50.93999862670898,51.66999816894531,50.45784378051758,3140800,2731.199951171875
2018-02-16,51.79999923706055,52.209999084472656,51.52999877929688,51.58000183105469,50.369964599609375,3891300,2732.219970703125
2018-02-20,51.22999954223633,52.22999954223633,51.09999847412109,51.720001220703125,50.50667572021485,3379700,2716.260009765625
2018-02-21,51.959999084472656,53.86000061035156,51.83000183105469,52.77999877929688,51.54181289672852,5396700,2701.330078125
2018-02-22,53.2400016784668,53.40999984741211,52.70000076293945,52.97999954223633,51.737117767333984,4356700,2703.9599609375
2018-02-23,53.29999923706055,53.47999954223633,52.720001220703125,53.38999938964844,52.13750076293945,3394700,2747.300048828125
2018-02-26,53.9900016784668,55.130001068115234,53.91999816894531,55.0,53.70973205566406,4962100,2779.60009765625
2018-02-27,54.88999938964844,55.59999847412109,54.2400016784668,54.2599983215332,52.98709487915039,4878400,2744.280029296875
2018-02-28,54.40999984741211,54.59999847412109,53.63999938964844,54.25,52.977325439453125,4343800,2713.830078125
2018-03-01,54.13999938964844,55.310001373291016,53.29999923706055,53.47999954223633,52.22539138793945,5895600,2677.669921875
2018-03-02,52.900001525878906,53.41999816894531,51.869998931884766,53.18000030517578,51.93242263793945,4918200,2691.25
2018-03-05,52.900001525878906,53.68999862670898,52.68999862670898,53.18999862670898,51.94219207763672,3974800,2720.93994140625
2018-03-06,53.34000015258789,54.02000045776367,52.900001525878906,53.56999969482422,52.31327438354492,4273800,2728.1201171875
2018-03-07,53.119998931884766,54.16999816894531,53.040000915527344,54.11000061035156,52.84060287475586,3216900,2726.800048828125
2018-03-08,54.33000183105469,55.68999862670898,54.27999877929688,54.790000915527344,53.50465393066406,4189500,2738.969970703125
2018-03-09,55.04999923706055,56.08000183105469,54.650001525878906,56.06999969482422,54.75461959838867,3468900,2786.570068359375
2018-03-12,56.2599983215332,56.970001220703125,55.630001068115234,56.5,55.17453384399414,3256400,2783.02001953125
2018-03-13,56.86000061035156,57.43999862670898,56.02999877929688,56.22999954223633,54.91087341308594,4361800,2765.31005859375
2018-03-14,56.56999969482422,57.209999084472656,55.15999984741211,55.27999877929688,53.983158111572266,4267000,2749.47998046875
2018-03-15,55.34999847412109,55.560001373291016,54.93000030517578,55.16999816894531,53.875736236572266,2980500,2747.330078125
2018-03-16,55.310001373291016,56.40999984741211,55.27000045776367,55.400001525878906,54.100341796875,4574400,2752.010009765625
2018-03-19,55.33000183105469,55.68999862670898,54.18999862670898,54.619998931884766,53.33863830566406,3834300,2712.919921875
2018-03-20,54.93000030517578,55.70000076293945,54.66999816894531,55.31999969482422,54.022220611572266,2555600,2716.93994140625
2018-03-21,54.209999084472656,54.61000061035156,53.16999816894531,54.09000015258789,52.821075439453125,4811600,2711.929931640625
2018-03-22,53.58000183105469,54.18000030517578,52.290000915527344,52.310001373291016,51.08283233642578,4871300,2643.68994140625
2018-03-23,52.630001068115234,53.09999847412109,50.9900016784668,51.0099983215332,49.81332778930664,3966000,2588.260009765625
2018-03-26,51.93999862670898,52.040000915527344,50.63999938964844,51.86000061035156,50.64339065551758,3210500,2658.550048828125
2018-03-27,52.29999923706055,52.34999847412109,50.54999923706055,50.900001525878906,49.70591354370117,2940700,2612.6201171875
2018-03-28,50.900001525878906,51.2599983215332,50.04999923706055,50.84999847412109,49.65708541870117,4177500,2605.0
2018-03-29,51.29999923706055,52.43000030517578,51.02999877929688,51.959999084472656,50.74104309082031,3074100,2640.8701171875
2018-04-02,51.77000045776367,51.95000076293945,48.959999084472656,49.77999877929688,48.612186431884766,4185800,2581.8798828125
2018-04-03,50.22999954223633,51.54999923706055,49.56999969482422,51.470001220703125,50.262542724609375,3863300,2614.449951171875
2018-04-04,50.59999847412109,52.09999847412109,50.5099983215332,52.040000915527344,50.81916809082031,3955000,2644.68994140625
2018-04-05,52.5,53.08000183105469,51.83000183105469,52.13999938964844,50.91682434082031,3060900,2662.840087890625
2018-04-06,51.709999084472656,51.959999084472656,49.810001373291016,50.290000915527344,49.11022186279297,4302600,2604.469970703125
2018-04-09,50.5,50.86000061035156,49.7400016784668,49.81999969482422,48.651248931884766,4330100,2613.159912109375
2018-04-10,50.52000045776367,50.56999969482422,47.209999084472656,47.459999084472656,46.34661483764648,12805000,2656.8701171875
2018-04-11,47.150001525878906,47.459999084472656,45.369998931884766,45.400001525878906,44.33494186401367,10151100,2642.18994140625
2018-04-12,46.02999877929688,46.79999923706055,45.5099983215332,46.56999969482422,45.47748565673828,7040400,2663.989990234375
2018-04-13,46.75,47.04999923706055,45.75,45.869998931884766,44.79391479492188,5226300,2656.300048828125
2018-04-16,46.130001068115234,46.93999862670898,45.810001373291016,46.400001525878906,45.31148147583008,4516300,2677.840087890625
2018-04-17,46.75,47.02999877929688,45.619998931884766,45.75,44.67672729492188,6961100,2706.389892578125
2018-04-18,46.5,48.380001068115234,46.04999923706055,47.7599983215332,46.63957214355469,9170700,2708.639892578125
2018-04-19,47.52999877929688,47.77000045776367,46.40999984741211,46.880001068115234,45.78022384643555,5759300,2693.1298828125
2018-04-20,46.90999984741211,47.2400016784668,46.43999862670898,46.77999877929688,45.68256378173828,5344700,2670.139892578125
2018-04-23,46.84999847412109,47.18999862670898,46.119998931884766,46.68000030517578,45.58490753173828,4221700,2670.2900390625
2018-04-24,46.720001220703125,47.16999816894531,45.11000061035156,45.68999862670898,44.61813735961914,3954300,2634.56005859375
2018-04-25,45.66999816894531,45.93000030517578,43.88999938964844,45.25,44.188453674316406,7847600,2639.39990234375
2018-04-26,43.4900016784668,43.79999923706055,40.650001525878906,42.369998931884766,41.37602233886719,20517300,2666.93994140625
2018-04-27,42.54999923706055,43.47999954223633,42.33000183105469,43.400001525878906,42.3818588256836,6955200,2669.909912109375
2018-04-30,43.5,43.810001373291016,42.7599983215332,42.93000030517578,41.922882080078125,6472900,2648.050048828125
2018-05-01,42.86000061035156,43.459999084472656,42.560001373291016,43.36000061035156,42.3427963256836,5341200,2654.800048828125
2018-05-02,43.22999954223633,43.40999984741211,42.18999862670898,42.2400016784668,41.24907302856445,6314400,2635.669921875
2018-05-03,42.25,42.4900016784668,41.540000915527344,42.11000061035156,41.12211990356445,4700500,2629.72998046875
2018-05-04,41.75,43.45000076293945,41.75,42.86000061035156,41.85453414916992,5540900,2663.419921875
2018-05-07,42.91999816894531,43.22999954223633,42.119998931884766,42.43999862670898,41.54130554199219,5331000,2672.6298828125
2018-05-08,42.33000183105469,44.0099983215332,42.33000183105469,43.0,42.08944320678711,7766600,2671.919921875
2018-05-09,42.93000030517578,43.15999984741211,41.470001220703125,41.5,40.6212043762207,8273700,2697.7900390625
2018-05-10,41.5099983215332,42.459999084472656,41.5099983215332,42.040000915527344,41.14977264404297,7931600,2723.070068359375
2018-05-11,42.08000183105469,42.65999984741211,42.02000045776367,42.59999847412109,41.69791412353516,6066700,2727.719970703125
2018-05-14,42.75,43.09000015258789,42.20000076293945,42.459999084472656,41.56087875366211,4201600,2730.1298828125
2018-05-15,42.02000045776367,43.400001525878906,41.59999847412109,43.18999862670898,42.275421142578125,6909600,2711.449951171875
2018-05-16,43.130001068115234,44.90999984741211,43.040000915527344,44.060001373291016,43.12699890136719,7493600,2722.4599609375
2018-05-17,43.900001525878906,44.5099983215332,43.4900016784668,43.630001068115234,42.70610046386719,5334100,2720.1298828125
2018-05-18,43.560001373291016,43.7599983215332,43.040000915527344,43.380001068115234,42.46139907836914,4216100,2712.969970703125
2018-05-21,43.7400016784668,44.790000915527344,43.630001068115234,44.27999877929688,43.34234237670898,4930200,2733.010009765625
2018-05-22,44.5,45.040000915527344,42.83000183105469,42.880001068115234,41.97198486328125,6892400,2724.43994140625
2018-05-23,42.63999938964844,42.869998931884766,42.27000045776367,42.79999923706055,41.893672943115234,3915900,2733.2900390625
2018-05-24,42.93999862670898,43.88999938964844,42.7599983215332,43.560001373291016,42.63758850097656,3855300,2727.760009765625
2018-05-25,43.81999969482422,45.81999969482422,43.79999923706055,44.90999984741211,43.95900344848633,6517300,2721.330078125
2018-05-29,44.59999847412109,45.150001525878906,43.220001220703125,43.59000015258789,42.66695022583008,4531800,2689.860107421875
2018-05-30,43.68000030517578,43.83000183105469,42.65999984741211,43.29999923706055,42.383087158203125,5457900,2724.010009765625
2018-05-31,43.400001525878906,44.709999084472656,42.970001220703125,43.540000915527344,42.618011474609375,8540100,2705.27001953125
2018-06-01,44.04999923706055,44.09000015258789,43.34999847412109,44.0,43.06826400756836,5472300,2734.6201171875
2018-06-04,44.040000915527344,45.0099983215332,43.959999084472656,44.86000061035156,43.91005706787109,5685200,2746.8701171875
2018-06-05,44.77999877929688,45.02000045776367,43.810001373291016,44.18000030517578,43.24445724487305,4975300,2748.800048828125
2018-06-06,43.45000076293945,44.22999954223633,42.880001068115234,44.18999862670898,43.25423812866211,6502500,2772.35009765625
2018-06-07,44.27999877929688,44.47999954223633,43.45000076293945,43.84000015258789,42.91165542602539,3729000,2770.3701171875
2018-06-08,43.959999084472656,43.970001220703125,42.959999084472656,43.11000061035156,42.197113037109375,6273000,2779.030029296875
2018-06-11,43.25,44.93000030517578,43.25,44.15999984741211,43.224884033203125,6440700,2782.0
2018-06-12,44.22999954223633,44.29999923706055,43.09000015258789,43.40999984741211,42.490760803222656,5204600,2786.85009765625
2018-06-13,43.38999938964844,43.68999862670898,42.83000183105469,42.91999816894531,42.011138916015625,5989000,2775.6298828125
2018-06-14,43.060001373291016,43.4900016784668,42.79999923706055,43.08000183105469,42.167747497558594,4019300,2782.489990234375
2018-06-15,43.060001373291016,43.11000061035156,42.31999969482422,42.77000045776367,41.86431121826172,7032000,2779.659912109375
2018-06-18,42.630001068115234,42.68000030517578,41.93999862670898,42.43999862670898,41.54130554199219,5372100,2773.75
2018-06-19,42.02999877929688,42.209999084472656,41.09000015258789,41.5099983215332,40.6309928894043,5575300,2762.590087890625
2018-06-20,41.650001525878906,42.34000015258789,41.34999847412109,42.02999877929688,41.13998031616211,4930600,2767.320068359375
2018-06-21,42.02999877929688,42.5,41.369998931884766,41.4900016784668,40.61142349243164,5025300,2749.760009765625
2018-06-22,41.459999084472656,42.40999984741211,41.02000045776367,41.34999847412109,40.47438049316406,9115100,2754.8798828125
2018-06-25,41.09000015258789,41.27000045776367,39.290000915527344,39.68000030517578,38.83974838256836,7126400,2717.070068359375
2018-06-26,39.869998931884766,39.959999084472656,38.9900016784668,39.09000015258789,38.262237548828125,6037400,2723.06005859375
2018-06-27,39.09000015258789,39.18000030517578,38.25,38.2599983215332,37.44981384277344,7391600,2699.6298828125
2018-06-28,38.33000183105469,38.52999877929688,37.060001373291016,38.20000076293945,37.39108657836914,7909700,2716.31005859375
2018-06-29,38.25,38.75,37.81999969482422,37.959999084472656,37.15617370605469,6032100,2718.3701171875
2018-07-02,37.7400016784668,38.400001525878906,37.43999862670898,38.36000061035156,37.547698974609375,3363500,2726.7099609375
2018-07-03,37.63999938964844,38.33000183105469,36.7599983215332,37.75,36.95061492919922,5645300,2713.219970703125
2018-07-05,37.84999847412109,38.18000030517578,37.52000045776367,37.9900016784668,37.1855354309082,6181500,2736.610107421875
2018-07-06,38.18999862670898,38.38999938964844,37.7599983215332,38.09000015258789,37.28341674804688,3695000,2759.820068359375
2018-07-09,38.209999084472656,39.40999984741211,38.06999969482422,39.310001373291016,38.47758102416992,4530400,2784.169921875
2018-07-10,39.380001068115234,39.400001525878906,38.5,39.119998931884766,38.291603088378906,4910000,2793.840087890625
2018-07-11,38.310001373291016,38.34000015258789,35.900001525878906,35.959999084472656,35.198516845703125,24894200,2774.02001953125
2018-07-12,36.400001525878906,36.77000045776367,35.63999938964844,36.33000183105469,35.5606803894043,12226300,2798.2900390625
2018-07-13,36.310001373291016,37.2599983215332,36.13999938964844,37.119998931884766,36.33395385742188,10829800,2801.31005859375
2018-07-16,37.2599983215332,37.58000183105469,36.93000030517578,37.27999877929688,36.490570068359375,5358400,2798.429931640625
2018-07-17,37.09999847412109,38.04999923706055,37.08000183105469,37.380001068115234,36.58845520019531,6274400,2809.550048828125
2018-07-18,38.0,39.20000076293945,38.0,38.369998931884766,37.55747985839844,10297400,2815.6201171875
2018-07-19,38.31999969482422,38.380001068115234,37.54999923706055,38.130001068115234,37.32257080078125,4985200,2804.489990234375
2018-07-20,37.959999084472656,38.380001068115234,37.810001373291016,37.880001068115234,37.07786560058594,5302700,2801.830078125
2018-07-23,37.650001525878906,38.220001220703125,37.36000061035156,38.040000915527344,37.23447799682617,4697300,2806.97998046875
2018-07-24,38.18999862670898,38.38999938964844,37.040000915527344,37.45000076293945,36.65696334838867,6415100,2820.39990234375
2018-07-25,37.31999969482422,38.34000015258789,37.31999969482422,38.18999862670898,37.38130187988281,7336300,2846.070068359375
2018-07-26,37.84999847412109,40.45000076293945,37.59999847412109,40.02000045776367,39.172550201416016,12832300,2837.43994140625
2018-07-27,39.93000030517578,40.86000061035156,39.5099983215332,39.68999862670898,38.84952926635742,8445100,2818.820068359375
2018-07-30,39.880001068115234,40.290000915527344,38.93000030517578,38.970001220703125,38.144779205322266,5746200,2802.60009765625
2018-07-31,39.2599983215332,39.869998931884766,39.13999938964844,39.540000915527344,38.70271682739258,5761100,2816.2900390625
2018-08-01,39.380001068115234,39.470001220703125,37.68999862670898,38.13999938964844,37.33235549926758,7080700,2813.360107421875
2018-08-02,37.86000061035156,38.119998931884766,37.34999847412109,37.93000030517578,37.12680435180664,5920700,2827.219970703125
2018-08-03,38.060001373291016,38.619998931884766,38.04999923706055,38.41999816894531,37.60643005371094,3975100,2840.35009765625
2018-08-06,38.2599983215332,38.4900016784668,37.869998931884766,38.40999984741211,37.69474792480469,3339900,2850.39990234375
2018-08-07,38.650001525878906,38.7400016784668,38.18999862670898,38.2599983215332,37.547550201416016,6427100,2858.449951171875
2018-08-08,38.40999984741211,38.86000061035156,38.220001220703125,38.380001068115234,37.66531753540039,3886500,2857.699951171875
2018-08-09,38.54999923706055,38.7400016784668,37.88999938964844,37.91999816894531,37.21387100219727,3699400,2853.580078125
2018-08-10,37.75,37.790000915527344,36.45000076293945,37.2599983215332,36.56616973876953,7481700,2833.280029296875
2018-08-13,37.290000915527344,37.33000183105469,36.68000030517578,36.790000915527344,36.104923248291016,4051800,2821.929931640625
2018-08-14,36.84000015258789,37.560001373291016,36.83000183105469,37.09000015258789,36.39933013916016,3873000,2839.9599609375
2018-08-15,36.959999084472656,37.5099983215332,36.41999816894531,37.43999862670898,36.7428092956543,5599200,2818.3701171875
2018-08-16,37.75,38.459999084472656,37.43999862670898,38.15999984741211,37.44940948486328,5876500,2840.68994140625
2018-08-17,37.9900016784668,38.209999084472656,37.720001220703125,37.790000915527344,37.08629608154297,6364900,2850.1298828125
2018-08-20,38.040000915527344,40.09999847412109,37.9900016784668,39.9900016784668,39.24533081054688,9628900,2857.050048828125
2018-08-21,39.97999954223633,40.709999084472656,39.84000015258789,40.33000183105469,39.57900238037109,6491800,2862.9599609375
2018-08-22,40.08000183105469,40.18999862670898,39.13999938964844,39.18999862670898,38.460227966308594,5593100,2861.820068359375
2018-08-23,39.18999862670898,39.38999938964844,38.720001220703125,38.83000183105469,38.10693359375,3931900,2856.97998046875
2018-08-24,38.900001525878906,39.150001525878906,38.52999877929688,38.81999969482422,38.09711456298828,3561700,2874.68994140625
2018-08-27,39.02000045776367,39.81999969482422,39.02000045776367,39.52000045776367,38.78408432006836,11236000,2896.739990234375
2018-08-28,39.66999816894531,40.70000076293945,39.59999847412109,40.68999862670898,39.93229293823242,7373500,2897.52001953125
2018-08-29,40.65999984741211,41.040000915527344,40.25,40.5,39.74583435058594,4475100,2914.0400390625
2018-08-30,40.36000061035156,40.84000015258789,40.150001525878906,40.400001525878906,39.64769744873047,4330100,2901.1298828125
2018-08-31,40.25,40.54999923706055,40.18000030517578,40.47999954223633,39.72620391845703,3464000,2901.52001953125
2018-09-04,40.31999969482422,41.34000015258789,40.31999969482422,40.77000045776367,40.01080703735352,7123200,2896.719970703125
2018-09-05,40.810001373291016,41.369998931884766,38.880001068115234,39.66999816894531,38.9312858581543,9738800,2888.60009765625
2018-09-06,39.47999954223633,39.68999862670898,38.25,38.47999954223633,37.76344680786133,6917300,2878.050048828125
2018-09-07,38.310001373291016,39.27000045776367,38.150001525878906,38.43000030517578,37.71438217163086,4875700,2871.679931640625
2018-09-10,38.65999984741211,39.4900016784668,38.4900016784668,39.43000030517578,38.69575881958008,3901000,2877.1298828125
2018-09-11,39.33000183105469,40.310001373291016,39.06999969482422,40.18000030517578,39.43179321289063,5863600,2887.889892578125
2018-09-12,40.2599983215332,40.400001525878906,39.22999954223633,39.2599983215332,38.52892303466797,6103400,2888.919921875
2018-09-13,39.4900016784668,40.060001373291016,39.41999816894531,39.47999954223633,38.74483108520508,4268900,2904.179931640625
2018-09-14,39.540000915527344,39.970001220703125,39.31999969482422,39.7400016784668,38.99998474121094,2905100,2904.97998046875
2018-09-17,39.70000076293945,40.54999923706055,39.70000076293945,40.31999969482422,39.56918716430664,5072800,2888.800048828125
2018-09-18,40.36000061035156,40.86000061035156,39.650001525878906,40.790000915527344,40.03043365478516,5548300,2904.31005859375
2018-09-19,40.790000915527344,41.77000045776367,40.70000076293945,41.59999847412109,40.82534408569336,7413600,2907.949951171875
2018-09-20,41.81999969482422,42.16999816894531,41.18999862670898,41.88999938964844,41.109954833984375,6865600,2930.75
2018-09-21,42.040000915527344,43.88999938964844,41.9900016784668,43.59999847412109,42.78810501098633,10743100,2929.669921875
2018-09-24,43.27000045776367,43.29999923706055,41.84999847412109,41.97999954223633,41.198272705078125,7105100,2919.3701171875
2018-09-25,42.0,42.18999862670898,40.27000045776367,40.810001373291016,40.05006408691406,6744200,2915.56005859375
2018-09-26,40.84000015258789,41.47999954223633,40.77999877929688,41.040000915527344,40.27578353881836,4623700,2905.969970703125
2018-09-27,41.22999954223633,42.20000076293945,41.150001525878906,41.5,40.72721099853516,5654600,2914.0
2018-09-28,41.369998931884766,41.959999084472656,40.70000076293945,41.33000183105469,40.56037521362305,5030600,2913.97998046875
2018-10-01,41.40999984741211,41.75,39.59999847412109,39.61000061035156,38.87240982055664,7210700,2924.590087890625
2018-10-02,39.59999847412109,39.59999847412109,38.400001525878906,38.5,37.78307723999024,7625000,2923.429931640625
2018-10-03,38.70000076293945,39.2599983215332,38.41999816894531,38.79999923706055,38.07748794555664,6370300,2925.510009765625
2018-10-04,38.79999923706055,39.0099983215332,37.47999954223633,37.91999816894531,37.21387100219727,5916500,2901.610107421875
2018-10-05,37.93000030517578,38.130001068115234,36.209999084472656,36.43999862670898,35.76143264770508,9127000,2885.570068359375
2018-10-08,36.43999862670898,36.84999847412109,35.599998474121094,35.900001525878906,35.23149490356445,7879300,2884.429931640625
2018-10-09,36.29999923706055,36.38999938964844,33.40999984741211,33.54999923706055,32.92525100708008,19662600,2880.340087890625
2018-10-10,33.33000183105469,33.400001525878906,31.59000015258789,31.61000061035156,31.021381378173828,20539000,2785.679931640625
2018-10-11,32.29999923706055,32.75,30.75,31.270000457763672,30.68771171569824,17115800,2728.3701171875
2018-10-12,31.96999931335449,32.130001068115234,30.809999465942383,30.90999984741211,30.334413528442383,12905200,2767.1298828125
2018-10-15,31.0,32.2400016784668,30.81999969482422,31.780000686645508,31.188213348388672,11092500,2750.7900390625
2018-10-16,32.060001373291016,33.439998626708984,31.979999542236328,33.279998779296875,32.660274505615234,11339200,2809.919921875
2018-10-17,34.45000076293945,35.400001525878906,33.529998779296875,33.56999969482422,32.94487762451172,15068600,2809.2099609375
2018-10-18,33.58000183105469,33.7599983215332,31.8700008392334,32.060001373291016,31.46299934387207,12778300,2768.780029296875
2018-10-19,32.09000015258789,32.650001525878906,31.809999465942383,32.040000915527344,31.4433708190918,10445200,2767.780029296875
2018-10-22,32.27000045776367,32.52000045776367,31.81999969482422,32.15999984741211,31.56113624572754,7572100,2755.8798828125
2018-10-23,31.530000686645508,32.439998626708984,30.600000381469727,32.380001068115234,31.77704429626465,12468300,2740.68994140625
2018-10-24,32.47999954223633,32.75,30.239999771118164,30.34000015258789,29.7750301361084,15348200,2656.10009765625
2018-10-25,31.190000534057617,33.33000183105469,31.1200008392334,32.369998931884766,31.767223358154297,18375200,2705.570068359375
2018-10-26,31.399999618530277,33.0099983215332,31.299999237060547,32.459999084472656,31.85555076599121,11438600,2658.68994140625
2018-10-29,33.13999938964844,33.9900016784668,31.950000762939453,32.599998474121094,31.992944717407227,9405500,2641.25
2018-10-30,32.439998626708984,34.779998779296875,32.33000183105469,34.65999984741211,34.014583587646484,13067600,2682.6298828125
2018-10-31,35.15999984741211,35.900001525878906,34.810001373291016,35.08000183105469,34.426761627197266,11132800,2711.739990234375
2018-11-01,35.29999923706055,36.470001220703125,35.06999969482422,36.369998931884766,35.69274139404297,9643200,2740.3701171875
2018-11-02,36.59000015258789,37.459999084472656,35.63999938964844,36.33000183105469,35.65348815917969,10039100,2723.06005859375
2018-11-05,36.34999847412109,36.52000045776367,35.130001068115234,35.720001220703125,35.1515998840332,11305300,2738.31005859375
2018-11-06,35.599998474121094,35.959999084472656,34.84000015258789,35.16999816894531,34.6103515625,11376700,2755.449951171875
2018-11-07,35.56999969482422,37.38999938964844,35.47999954223633,36.970001220703125,36.38171005249024,10904000,2813.889892578125
2018-11-08,36.77000045776367,37.04999923706055,35.970001220703125,36.86000061035156,36.27345657348633,6884800,2806.830078125
2018-11-09,36.70000076293945,37.2599983215332,36.02999877929688,36.220001220703125,35.64364242553711,6794400,2781.010009765625
2018-11-12,36.310001373291016,37.29999923706055,35.779998779296875,36.86000061035156,36.27345657348633,9360800,2726.219970703125
2018-11-13,37.150001525878906,38.41999816894531,37.09999847412109,37.77999877929688,37.17881774902344,9694100,2722.179931640625
2018-11-14,38.0,38.59000015258789,37.45000076293945,38.11000061035156,37.50357055664063,7288400,2701.580078125
2018-11-15,37.869998931884766,38.15999984741211,36.310001373291016,37.81999969482422,37.21818542480469,8296700,2730.199951171875
2018-11-16,37.400001525878906,37.52999877929688,36.5,36.75,36.16521072387695,10645700,2736.27001953125
2018-11-19,36.7599983215332,37.08000183105469,35.310001373291016,35.81999969482422,35.25000762939453,9421000,2690.72998046875
2018-11-20,35.04999923706055,36.38999938964844,34.86000061035156,35.59000015258789,35.02366638183594,7059600,2641.889892578125
2018-11-21,36.09000015258789,37.5099983215332,35.970001220703125,36.310001373291016,35.732215881347656,8701500,2649.929931640625
2018-11-23,36.65999984741211,38.27000045776367,36.65999984741211,37.95000076293945,37.34611892700195,6121300,2632.56005859375
2018-11-26,38.29999923706055,38.619998931884766,37.70000076293945,38.09999847412109,37.49372863769531,9203100,2673.449951171875
2018-11-27,38.209999084472656,38.77000045776367,37.810001373291016,38.290000915527344,37.680702209472656,8143000,2682.169921875
2018-11-28,38.59000015258789,38.970001220703125,37.77999877929688,38.93999862670898,38.32036209106445,6673800,2743.7900390625
2018-11-29,38.79999923706055,39.34000015258789,38.400001525878906,38.41999816894531,37.80863571166992,5178100,2737.800048828125
2018-11-30,38.41999816894531,40.20000076293945,38.41999816894531,40.15999984741211,39.52094650268555,10015700,2760.169921875
2018-12-03,40.56999969482422,40.58000183105469,39.13999938964844,39.650001525878906,39.0190658569336,6578000,2790.3701171875
2018-12-04,38.81999969482422,39.209999084472656,36.66999816894531,36.68999862670898,36.10616302490234,12315100,2700.06005859375
2018-12-06,36.0,37.09999847412109,35.790000915527344,36.93999862670898,36.3521842956543,9378900,2695.949951171875
2018-12-07,36.58000183105469,36.59999847412109,33.380001068115234,33.56999969482422,33.03580856323242,14380100,2633.080078125
2018-12-10,33.66999816894531,34.16999816894531,32.61000061035156,33.84000015258789,33.301513671875,8569100,2637.719970703125
2018-12-11,34.36000061035156,34.810001373291016,33.61000061035156,34.099998474121094,33.557376861572266,8055400,2636.780029296875
2018-12-12,34.54999923706055,34.790000915527344,34.09000015258789,34.349998474121094,33.803401947021484,7630500,2651.070068359375
2018-12-13,34.29999923706055,34.689998626708984,32.380001068115234,32.459999084472656,31.943471908569336,10279700,2650.5400390625
2018-12-14,32.27000045776367,33.27000045776367,32.08000183105469,32.40999984741211,31.89426612854004,8558600,2599.949951171875
2018-12-17,32.29999923706055,32.86000061035156,31.700000762939453,32.040000915527344,31.53015899658203,7638100,2545.93994140625
2018-12-18,32.470001220703125,33.650001525878906,32.470001220703125,33.540000915527344,33.006290435791016,9117600,2546.159912109375
2018-12-19,33.459999084472656,33.97999954223633,32.22999954223633,32.41999816894531,31.904109954833984,8120500,2506.9599609375
2018-12-20,32.34000015258789,32.68000030517578,30.950000762939453,31.88999938964844,31.382545471191406,9439600,2467.419921875
2018-12-21,31.950000762939453,32.650001525878906,30.649999618530277,30.780000686645508,30.29020881652832,11800600,2416.6201171875
2018-12-24,30.51000022888184,30.920000076293945,29.670000076293945,29.71999931335449,29.2470760345459,5902000,2351.10009765625
2018-12-26,30.1200008392334,32.33000183105469,29.59000015258789,32.290000915527344,31.77618408203125,8621300,2467.699951171875
2018-12-27,31.709999084472656,32.04999923706055,30.8700008392334,32.040000915527344,31.53015899658203,7751300,2488.830078125
2018-12-28,32.16999816894531,32.599998474121094,31.51000022888184,31.82999992370605,31.3234977722168,6379400,2485.739990234375
2018-12-31,32.09000015258789,32.619998931884766,31.68000030517578,32.11000061035156,31.59904670715332,5334700,2506.85009765625
2019-01-02,31.459999084472656,32.650001525878906,31.049999237060547,32.47999954223633,31.963159561157227,5229500,2510.030029296875
2019-01-03,31.690000534057617,31.850000381469727,28.809999465942383,30.059999465942383,29.581663131713867,16822000,2447.889892578125
2019-01-04,30.440000534057617,32.09000015258789,30.399999618530277,32.040000915527344,31.53015899658203,9369600,2531.93994140625
2019-01-07,31.989999771118164,33.47999954223633,31.239999771118164,32.95000076293945,32.42567443847656,8010700,2549.68994140625
2019-01-08,33.36000061035156,33.650001525878906,32.20000076293945,32.41999816894531,31.904109954833984,7107700,2574.409912109375
2019-01-09,32.41999816894531,33.54999923706055,32.29999923706055,33.41999816894531,32.8881950378418,6179400,2584.9599609375
2019-01-10,30.6200008392334,32.209999084472656,29.780000686645508,32.040000915527344,31.53015899658203,19726300,2596.639892578125
2019-01-11,31.799999237060547,31.989999771118164,31.100000381469727,31.799999237060547,31.29397964477539,6900100,2596.260009765625
2019-01-14,31.399999618530277,31.93000030517578,30.700000762939453,31.709999084472656,31.20540809631348,5878500,2582.610107421875
2019-01-15,31.8799991607666,32.86000061035156,31.6299991607666,32.099998474121094,31.58920288085937,7643100,2610.300048828125
2019-01-16,32.81999969482422,33.66999816894531,32.7400016784668,32.84000015258789,32.31742477416992,9141600,2616.10009765625
2019-01-17,32.75,33.88999938964844,32.630001068115234,33.58000183105469,33.045654296875,5917500,2635.9599609375
2019-01-18,33.84000015258789,34.040000915527344,33.150001525878906,33.970001220703125,33.42945098876953,5817700,2670.7099609375
2019-01-22,33.7599983215332,33.880001068115234,32.45000076293945,32.7400016784668,32.21902084350586,14598200,2632.89990234375
2019-01-23,32.93000030517578,33.099998474121094,31.38999938964844,31.649999618530277,31.1463623046875,14317900,2638.699951171875
2019-01-24,34.2599983215332,34.349998474121094,32.83000183105469,33.65999984741211,33.12438201904297,15531100,2642.330078125
2019-01-25,33.939998626708984,35.5,33.7599983215332,34.97999954223633,34.423370361328125,15811300,2664.760009765625
2019-01-28,34.529998779296875,36.619998931884766,34.5,36.56999969482422,35.98807144165039,14843500,2643.85009765625
2019-01-29,36.7599983215332,37.08000183105469,36.06999969482422,36.290000915527344,35.71253204345703,8744300,2640.0
2019-01-30,36.43000030517578,36.68000030517578,36.16999816894531,36.34000015258789,35.76173400878906,7435600,2681.050048828125
2019-01-31,36.310001373291016,36.54999923706055,35.54999923706055,35.77000045776367,35.2008056640625,7706600,2704.10009765625
2019-02-01,35.77000045776367,36.59000015258789,35.77000045776367,36.11000061035156,35.535396575927734,6611900,2706.530029296875
2019-02-04,36.15999984741211,36.810001373291016,36.119998931884766,36.77999877929688,36.194732666015625,9089300,2724.8701171875
2019-02-05,36.810001373291016,37.22999954223633,36.70000076293945,36.93000030517578,36.44142532348633,6003200,2737.699951171875
2019-02-06,36.79999923706055,37.09000015258789,36.61000061035156,36.7599983215332,36.2736701965332,5802800,2731.610107421875
2019-02-07,36.459999084472656,36.70000076293945,35.939998626708984,36.16999816894531,35.69147872924805,5857300,2706.050048828125
2019-02-08,35.79999923706055,36.22999954223633,35.38999938964844,36.0,35.52373123168945,4973300,2707.8798828125
2019-02-11,36.08000183105469,36.720001220703125,36.08000183105469,36.59000015258789,36.10592269897461,4932600,2709.800048828125
2019-02-12,36.7599983215332,37.16999816894531,35.66999816894531,35.75,35.277034759521484,6883200,2744.72998046875
2019-02-13,35.83000183105469,36.459999084472656,35.810001373291016,36.209999084472656,35.73094940185547,5837900,2753.030029296875
2019-02-14,35.90999984741211,36.52999877929688,35.66999816894531,36.11000061035156,35.63227462768555,4070000,2745.72998046875
2019-02-15,36.2400016784668,36.34000015258789,34.959999084472656,35.04999923706055,34.58629608154297,11471900,2775.60009765625
2019-02-19,35.029998779296875,35.900001525878906,35.0,35.470001220703125,35.0007438659668,6436100,2779.760009765625
2019-02-20,35.0,35.2400016784668,34.77000045776367,35.060001373291016,34.59616470336914,6969900,2784.699951171875
2019-02-21,34.97999954223633,35.5099983215332,34.83000183105469,34.97999954223633,34.51721954345703,5900700,2774.8798828125
2019-02-22,35.0,35.54999923706055,35.0,35.4900016784668,35.020477294921875,5393300,2792.669921875
2019-02-25,35.75,36.380001068115234,35.66999816894531,35.900001525878906,35.42505645751953,10905900,2796.110107421875
2019-02-26,35.900001525878906,36.72999954223633,35.75,36.25,35.77042007446289,7565000,2793.89990234375
2019-02-27,36.11000061035156,36.33000183105469,35.27000045776367,35.689998626708984,35.217830657958984,5874900,2792.3798828125
2019-02-28,35.630001068115234,35.88999938964844,35.16999816894531,35.630001068115234,35.158626556396484,7873800,2784.489990234375
2019-03-01,35.58000183105469,35.959999084472656,34.369998931884766,34.63999938964844,34.18171691894531,8654000,2803.68994140625
2019-03-04,34.7599983215332,34.88999938964844,33.5,33.720001220703125,33.27389907836914,6998100,2792.81005859375
2019-03-05,34.029998779296875,34.380001068115234,33.16999816894531,33.22999954223633,32.790374755859375,7405700,2789.64990234375
2019-03-06,33.220001220703125,33.41999816894531,32.52000045776367,32.7599983215332,32.32659149169922,6420800,2771.449951171875
2019-03-07,32.70000076293945,32.70000076293945,31.6200008392334,32.220001220703125,31.793737411499023,7112400,2748.929931640625
2019-03-08,31.899999618530277,32.119998931884766,31.3700008392334,31.90999984741211,31.487838745117188,6200500,2743.070068359375
2019-03-11,31.63999938964844,32.27000045776367,31.56999969482422,32.04999923706055,31.62598419189453,8944000,2783.300048828125
2019-03-12,32.189998626708984,32.189998626708984,30.8799991607666,30.920000076293945,30.510936737060547,10887500,2791.52001953125
2019-03-13,31.21999931335449,31.93000030517578,31.0,31.84000015258789,31.41876602172852,11092900,2810.919921875
2019-03-14,31.959999084472656,32.470001220703125,31.8799991607666,32.130001068115234,31.704931259155277,6454500,2808.47998046875
2019-03-15,32.279998779296875,32.349998474121094,31.420000076293945,31.43000030517578,31.01418876647949,9645100,2822.47998046875
2019-03-18,31.5,31.57999992370605,31.030000686645508,31.3799991607666,30.964847564697266,6832700,2832.93994140625
2019-03-19,31.5,32.119998931884766,31.3799991607666,31.59000015258789,31.17207336425781,6824500,2832.570068359375
2019-03-20,31.5,31.549999237060547,30.770000457763672,30.959999084472656,30.550405502319336,6250200,2824.22998046875
2019-03-21,30.88999938964844,31.770000457763672,30.790000915527344,31.450000762939453,31.033924102783203,5725100,2854.8798828125
2019-03-22,31.31999969482422,31.440000534057617,30.530000686645508,30.56999969482422,30.165565490722656,7488900,2800.7099609375
2019-03-25,30.530000686645508,30.71999931335449,30.15999984741211,30.209999084472656,29.810325622558597,5172000,2798.360107421875
2019-03-26,30.51000022888184,30.6200008392334,29.96999931335449,30.209999084472656,29.810325622558597,4583400,2818.4599609375
2019-03-27,30.270000457763672,31.200000762939453,30.149999618530277,30.940000534057617,30.53067398071289,6406900,2805.3701171875
2019-03-28,31.01000022888184,31.3700008392334,30.440000534057617,30.899999618530277,30.491199493408203,6687200,2815.43994140625
2019-03-29,31.13999938964844,31.88999938964844,30.84000015258789,31.76000022888184,31.33982276916504,6980800,2834.39990234375
2019-04-01,31.979999542236328,32.72999954223633,31.700000762939453,32.349998474121094,31.92201805114746,7438200,2867.18994140625
2019-04-02,33.040000915527344,33.470001220703125,32.459999084472656,32.9900016784668,32.553550720214844,10406100,2867.239990234375
2019-04-03,33.220001220703125,33.9900016784668,33.209999084472656,33.709999084472656,33.26402282714844,10014300,2873.39990234375
2019-04-04,33.959999084472656,34.119998931884766,33.349998474121094,33.93000030517578,33.48111724853516,6192300,2879.389892578125
2019-04-05,33.970001220703125,34.400001525878906,33.880001068115234,34.060001373291016,33.609397888183594,5164700,2892.739990234375
2019-04-08,33.63999938964844,33.95000076293945,33.439998626708984,33.880001068115234,33.43177795410156,6219800,2895.77001953125
2019-04-09,33.369998931884766,33.52000045776367,32.599998474121094,33.310001373291016,32.869319915771484,8119100,2878.199951171875
2019-04-10,33.7599983215332,34.130001068115234,33.09000015258789,34.02000045776367,33.569923400878906,7159500,2888.2099609375
2019-04-11,33.9900016784668,34.970001220703125,33.90999984741211,34.810001373291016,34.34947204589844,7352400,2888.320068359375
2019-04-12,34.9900016784668,35.2400016784668,34.5,34.689998626708984,34.231056213378906,4610500,2907.409912109375
2019-04-15,34.650001525878906,35.2400016784668,33.68000030517578,33.75,33.30349349975586,6390600,2905.580078125
2019-04-16,33.959999084472656,34.09000015258789,33.59000015258789,34.029998779296875,33.57979202270508,4498400,2907.06005859375
2019-04-17,34.45000076293945,34.720001220703125,34.099998474121094,34.380001068115234,33.9251594543457,3772100,2900.449951171875
2019-04-18,34.43000030517578,34.619998931884766,33.900001525878906,34.369998931884766,33.91529083251953,3318200,2905.030029296875
2019-04-22,34.099998474121094,34.20000076293945,33.41999816894531,33.47999954223633,33.03706741333008,3884200,2907.969970703125
2019-04-23,33.43000030517578,34.18000030517578,33.41999816894531,33.970001220703125,33.52058792114258,3329800,2933.679931640625
2019-04-24,33.91999816894531,34.4900016784668,33.900001525878906,33.9900016784668,33.540321350097656,3739800,2927.25
2019-04-25,34.04999923706055,34.25,33.130001068115234,33.40999984741211,32.967994689941406,6156500,2926.169921875
2019-04-26,32.150001525878906,33.91999816894531,32.099998474121094,33.060001373291016,32.62262725830078,9623100,2939.8798828125
2019-04-29,33.5099983215332,33.9900016784668,33.310001373291016,33.77000045776367,33.32323455810547,5558200,2943.030029296875
2019-04-30,33.779998779296875,34.38999938964844,33.54999923706055,34.18000030517578,33.72780990600586,5719600,2945.830078125
2019-05-01,34.29999923706055,34.59000015258789,33.880001068115234,33.90999984741211,33.46138000488281,4466600,2923.72998046875
2019-05-02,33.959999084472656,34.849998474121094,33.84000015258789,33.95000076293945,33.500850677490234,5320300,2917.52001953125
2019-05-03,34.209999084472656,34.900001525878906,34.150001525878906,34.790000915527344,34.329734802246094,5181400,2945.639892578125
2019-05-06,34.25,34.77000045776367,33.720001220703125,34.75,34.29026412963867,4156800,2932.469970703125
2019-05-07,34.25,34.33000183105469,33.40999984741211,33.90999984741211,33.55794906616211,6957800,2884.050048828125
2019-05-08,33.70000076293945,34.380001068115234,33.560001373291016,33.75,33.39960861206055,4374100,2879.419921875
2019-05-09,33.38999938964844,34.02000045776367,33.060001373291016,33.95000076293945,33.5975341796875,4500100,2870.719970703125
2019-05-10,33.720001220703125,34.189998626708984,32.939998626708984,33.9900016784668,33.63711929321289,4949800,2881.39990234375
2019-05-13,33.15999984741211,33.20000076293945,31.979999542236328,32.13999938964844,31.806324005126957,7040900,2811.8701171875
2019-05-14,32.189998626708984,32.650001525878906,32.0099983215332,32.34000015258789,32.00425338745117,5503900,2834.409912109375
2019-05-15,32.029998779296875,32.41999816894531,31.549999237060547,32.15999984741211,31.82611846923828,4518600,2850.9599609375
2019-05-16,32.20000076293945,32.900001525878906,32.02000045776367,32.31999969482422,31.984455108642575,4739700,2876.320068359375
2019-05-17,32.029998779296875,32.36000061035156,31.690000534057617,31.739999771118164,31.410478591918945,4751600,2859.530029296875
2019-05-20,30.649999618530277,31.21999931335449,30.21999931335449,30.959999084472656,30.638574600219727,7576200,2840.22998046875
2019-05-21,31.209999084472656,31.63999938964844,31.1299991607666,31.299999237060547,30.975046157836918,4986900,2864.360107421875
2019-05-22,31.229999542236328,31.229999542236328,29.809999465942383,29.920000076293945,29.609373092651367,10258700,2856.27001953125
2019-05-23,29.729999542236328,29.979999542236328,29.309999465942383,29.5,29.19373321533203,11324600,2822.239990234375
2019-05-24,29.690000534057617,29.940000534057617,28.979999542236328,29.170000076293945,28.86716079711914,5764000,2826.06005859375
2019-05-28,29.26000022888184,29.31999969482422,28.5,28.729999542236328,28.43172645568848,8362800,2802.389892578125
2019-05-29,28.51000022888184,28.549999237060547,27.920000076293945,28.40999984741211,28.115049362182617,6248100,2783.02001953125
2019-05-30,28.5,28.75,27.989999771118164,28.170000076293945,27.877540588378903,4734100,2788.860107421875
2019-05-31,27.799999237060547,27.920000076293945,27.11000061035156,27.229999542236328,26.94729995727539,7441400,2752.06005859375
2019-06-03,27.1200008392334,27.809999465942383,27.020000457763672,27.200000762939453,26.917613983154297,6796300,2744.449951171875
2019-06-04,27.6299991607666,29.309999465942383,27.5,29.1200008392334,28.81768035888672,10218500,2803.27001953125
2019-06-05,29.76000022888184,30.450000762939453,29.459999084472656,30.36000061035156,30.0448055267334,8713700,2826.14990234375
2019-06-06,30.399999618530277,30.51000022888184,29.8799991607666,30.3799991607666,30.064598083496094,5507600,2843.489990234375
2019-06-07,30.59000015258789,31.149999618530277,30.43000030517578,30.920000076293945,30.59899139404297,4843600,2873.340087890625
2019-06-10,31.149999618530277,31.71999931335449,30.71999931335449,30.76000022888184,30.44065284729004,5449400,2886.72998046875
2019-06-11,31.100000381469727,31.290000915527344,30.51000022888184,30.57999992370605,30.26252174377441,3461800,2885.719970703125
2019-06-12,30.559999465942383,31.1299991607666,30.450000762939453,31.100000381469727,30.777122497558597,5185700,2879.840087890625
2019-06-13,31.690000534057617,33.31999969482422,31.40999984741211,33.09000015258789,32.746463775634766,10856500,2891.639892578125
2019-06-14,32.970001220703125,33.20000076293945,32.220001220703125,32.68000030517578,32.340721130371094,6128000,2886.97998046875
2019-06-17,32.099998474121094,32.91999816894531,32.099998474121094,32.560001373291016,32.22196578979492,3420700,2889.669921875
2019-06-18,32.779998779296875,33.29999923706055,32.41999816894531,32.52000045776367,32.18238067626953,3789300,2917.75
2019-06-19,32.720001220703125,33.29999923706055,32.5099983215332,33.209999084472656,32.86521530151367,5535500,2926.4599609375
2019-06-20,33.65999984741211,33.810001373291016,31.899999618530277,32.150001525878906,31.81622314453125,8969200,2954.179931640625
2019-06-21,32.029998779296875,32.38999938964844,31.51000022888184,31.56999969482422,31.24224281311035,7481800,2950.4599609375
2019-06-24,31.56999969482422,31.88999938964844,31.309999465942383,31.81999969482422,31.489648818969727,8425700,2945.35009765625
2019-06-25,31.82999992370605,32.11000061035156,31.239999771118164,31.26000022888184,30.935461044311523,6523600,2917.3798828125
2019-06-26,31.479999542236328,31.71999931335449,31.06999969482422,31.459999084472656,31.133384704589844,4089700,2913.780029296875
2019-06-27,31.559999465942383,32.54999923706055,31.420000076293945,32.150001525878906,31.81622314453125,4274500,2924.919921875
2019-06-28,32.22999954223633,32.72999954223633,32.15999984741211,32.61000061035156,32.27145004272461,5238500,2941.760009765625
2019-07-01,33.13999938964844,33.65999984741211,32.529998779296875,32.880001068115234,32.53864288330078,8985600,2964.330078125
2019-07-02,33.09000015258789,33.209999084472656,32.029998779296875,32.189998626708984,31.855802536010746,4765100,2973.010009765625
2019-07-03,32.400001525878906,32.849998474121094,32.349998474121094,32.720001220703125,32.38030242919922,2747700,2995.820068359375
2019-07-05,32.540000915527344,32.83000183105469,31.950000762939453,32.459999084472656,32.12300109863281,2583900,2990.409912109375
2019-07-08,31.989999771118164,32.91999816894531,31.979999542236328,32.790000915527344,32.44957733154297,5328800,2975.949951171875
2019-07-09,32.400001525878906,32.75,31.93000030517578,32.36000061035156,32.024044036865234,5450600,2979.6298828125
2019-07-10,32.93000030517578,33.689998626708984,32.59000015258789,32.939998626708984,32.598018646240234,8869700,2993.070068359375
2019-07-11,33.060001373291016,33.29999923706055,32.81999969482422,33.029998779296875,32.68708419799805,6842900,2999.909912109375
2019-07-12,33.119998931884766,33.900001525878906,33.0,33.779998779296875,33.42929458618164,5012200,3013.77001953125
2019-07-15,33.66999816894531,33.95000076293945,33.41999816894531,33.61000061035156,33.26106643676758,3483600,3014.300048828125
2019-07-16,33.70000076293945,34.66999816894531,33.70000076293945,34.220001220703125,33.86473083496094,6353600,3004.0400390625
2019-07-17,34.34000015258789,34.41999816894531,33.11000061035156,33.2599983215332,32.914695739746094,5881900,2984.419921875
2019-07-18,33.40999984741211,33.81999969482422,33.11000061035156,33.7400016784668,33.38971710205078,3049300,2995.110107421875
2019-07-19,33.81999969482422,34.02000045776367,33.060001373291016,33.08000183105469,32.736568450927734,4249000,2976.610107421875
2019-07-22,33.220001220703125,33.41999816894531,32.849998474121094,32.900001525878906,32.55843734741211,4005600,2985.030029296875
2019-07-23,33.02000045776367,33.790000915527344,32.56999969482422,33.72999954223633,33.37981414794922,4524100,3005.469970703125
2019-07-24,33.619998931884766,34.9900016784668,33.619998931884766,34.59000015258789,34.230892181396484,7315300,3019.56005859375
2019-07-25,34.54999923706055,34.81999969482422,31.57999992370605,31.670000076293945,31.341203689575195,13152300,3003.669921875
2019-07-26,32.0,32.25,31.15999984741211,31.239999771118164,30.91567039489746,7875200,3025.860107421875
2019-07-29,30.96999931335449,31.190000534057617,30.540000915527344,30.739999771118164,30.42085838317871,6963900,3020.969970703125
2019-07-30,30.450000762939453,30.809999465942383,30.209999084472656,30.709999084472656,30.391172409057617,5290200,3013.179931640625
2019-07-31,30.68000030517578,31.13999938964844,30.270000457763672,30.51000022888184,30.193246841430664,6269400,2980.3798828125
2019-08-01,30.43000030517578,30.56999969482422,29.43000030517578,29.84000015258789,29.530202865600582,8013000,2953.56005859375
2019-08-02,29.700000762939453,29.809999465942383,29.06999969482422,29.450000762939453,29.14425277709961,6475900,2932.050048828125
2019-08-05,28.96999931335449,28.96999931335449,28.0,28.530000686645508,28.23380470275879,8948900,2844.739990234375
2019-08-06,28.850000381469727,29.059999465942383,28.020000457763672,28.36000061035156,28.164287567138672,6010100,2881.77001953125
2019-08-07,28.0,28.76000022888184,27.81999969482422,28.6299991607666,28.43242454528809,6771500,2883.97998046875
2019-08-08,28.809999465942383,29.38999938964844,28.76000022888184,29.07999992370605,28.879318237304688,5028200,2938.090087890625
2019-08-09,28.850000381469727,29.06999969482422,28.559999465942383,28.780000686645508,28.58139038085937,4031300,2918.64990234375
2019-08-12,28.5,28.51000022888184,27.520000457763672,27.63999938964844,27.449256896972656,8015000,2882.699951171875
2019-08-13,27.6200008392334,28.3700008392334,27.32999992370605,27.51000022888184,27.32015419006348,12950000,2926.320068359375
2019-08-14,27.049999237060547,27.06999969482422,26.09000015258789,26.100000381469727,25.919883728027344,10104400,2840.60009765625
2019-08-15,26.200000762939453,26.309999465942383,25.13999938964844,25.40999984741211,25.23464584350586,10057900,2847.60009765625
2019-08-16,25.6200008392334,26.049999237060547,25.38999938964844,25.790000915527344,25.612024307250977,8826800,2888.679931640625
2019-08-19,26.200000762939453,26.690000534057617,26.07999992370605,26.100000381469727,25.919883728027344,9034800,2923.64990234375
2019-08-20,26.07999992370605,26.07999992370605,25.559999465942383,25.82999992370605,25.65174865722656,7658800,2900.510009765625
2019-08-21,26.059999465942383,26.600000381469727,26.01000022888184,26.420000076293945,26.23767471313477,6227500,2924.429931640625
2019-08-22,26.459999084472656,26.979999542236328,26.34000015258789,26.530000686645508,26.3469181060791,5957900,2922.949951171875
2019-08-23,26.270000457763672,26.51000022888184,25.350000381469727,25.420000076293945,25.24457550048828,8900100,2847.110107421875
2019-08-26,25.899999618530277,25.90999984741211,25.030000686645508,25.190000534057617,25.01616477966309,6722600,2878.3798828125
2019-08-27,25.270000457763672,25.34000015258789,24.31999969482422,24.450000762939453,24.28127098083496,7503700,2869.159912109375
2019-08-28,24.40999984741211,25.51000022888184,24.229999542236328,25.32999992370605,25.15519905090332,9079100,2887.93994140625
2019-08-29,25.790000915527344,26.61000061035156,25.700000762939453,26.31999969482422,26.13836669921875,7205600,2924.580078125
2019-08-30,26.399999618530277,26.82999992370605,26.15999984741211,26.309999465942383,26.12843513488769,5076200,2926.4599609375
2019-09-03,26.15999984741211,26.65999984741211,25.950000762939453,26.51000022888184,26.327054977416992,6730000,2906.27001953125
2019-09-04,26.65999984741211,27.21999931335449,26.520000457763672,27.0,26.81367301940918,5653300,2937.780029296875
2019-09-05,27.450000762939453,28.11000061035156,27.440000534057617,27.690000534057617,27.498912811279297,6254600,2976.0
2019-09-06,28.15999984741211,28.229999542236328,27.729999542236328,27.790000915527344,27.598222732543945,5791900,2978.7099609375
2019-09-09,27.790000915527344,28.75,27.709999084472656,28.440000534057617,28.24373817443848,8561600,2978.429931640625
2019-09-10,28.280000686645508,29.18000030517578,28.209999084472656,29.1200008392334,28.919044494628903,6377300,2979.389892578125
2019-09-11,29.15999984741211,29.93000030517578,28.729999542236328,29.76000022888184,29.55462646484375,10842600,3000.929931640625
2019-09-12,29.670000076293945,30.21999931335449,29.63999938964844,29.940000534057617,29.73338508605957,5808800,3009.570068359375
2019-09-13,30.200000762939453,30.34000015258789,29.8700008392334,29.950000762939453,29.743316650390625,7131900,3007.389892578125
2019-09-16,28.559999465942383,28.790000915527344,27.700000762939453,27.770000457763672,27.57835960388184,15507800,2997.9599609375
2019-09-17,28.020000457763672,29.25,27.920000076293945,28.63999938964844,28.44235610961914,12683400,3005.699951171875
2019-09-18,28.549999237060547,28.65999984741211,28.06999969482422,28.600000381469727,28.402631759643555,6129400,3006.72998046875
2019-09-19,28.6299991607666,28.739999771118164,28.15999984741211,28.299999237060547,28.10470199584961,5102700,3006.7900390625
2019-09-20,28.200000762939453,28.440000534057617,27.959999084472656,27.989999771118164,27.79684066772461,6885400,2992.070068359375
2019-09-23,27.709999084472656,27.8799991607666,27.36000061035156,27.5,27.310222625732425,5324400,2991.780029296875
2019-09-24,27.6200008392334,27.700000762939453,26.770000457763672,27.0,26.81367301940918,5558300,2966.60009765625
2019-09-25,27.1299991607666,27.82999992370605,27.020000457763672,27.440000534057617,27.25063705444336,6369400,2984.8701171875
2019-09-26,27.56999969482422,27.600000381469727,26.90999984741211,27.190000534057617,27.00236320495605,4831300,2977.6201171875
2019-09-27,27.01000022888184,27.809999465942383,26.90999984741211,27.01000022888184,26.823604583740234,5155100,2961.7900390625
2019-09-30,27.350000381469727,27.40999984741211,26.81999969482422,26.96999931335449,26.78388023376465,5109800,2976.739990234375
2019-10-01,27.07999992370605,27.65999984741211,26.59000015258789,26.799999237060547,26.615053176879883,6547000,2940.25
2019-10-02,26.5,26.51000022888184,25.020000457763672,25.3700008392334,25.194923400878903,14178200,2887.610107421875
2019-10-03,25.46999931335449,25.51000022888184,24.51000022888184,25.270000457763672,25.095611572265625,8586400,2910.6298828125
2019-10-04,25.32999992370605,25.850000381469727,25.06999969482422,25.82999992370605,25.65174865722656,6446100,2952.010009765625
2019-10-07,25.799999237060547,26.059999465942383,25.520000457763672,25.82999992370605,25.65174865722656,5725400,2938.7900390625
2019-10-08,25.559999465942383,26.799999237060547,25.450000762939453,26.26000022888184,26.07877922058105,9028100,2893.06005859375
2019-10-09,26.780000686645508,27.32999992370605,26.690000534057617,27.06999969482422,26.883190155029297,8095500,2919.39990234375
2019-10-10,26.68000030517578,27.25,26.5,27.18000030517578,26.992431640625,7057600,2938.1298828125
2019-10-11,27.6299991607666,28.020000457763672,27.34000015258789,27.36000061035156,27.17119026184082,7492400,2970.27001953125
2019-10-14,27.3700008392334,27.65999984741211,27.13999938964844,27.6200008392334,27.42939567565918,3167100,2966.14990234375
2019-10-15,27.6299991607666,28.3700008392334,27.280000686645508,28.270000457763672,28.07491111755371,7019200,2995.679931640625
2019-10-16,28.32999992370605,28.809999465942383,28.030000686645508,28.049999237060547,27.856426239013672,6353300,2989.68994140625
2019-10-17,28.309999465942383,28.440000534057617,27.850000381469727,27.93000030517578,27.737255096435547,6709600,2997.949951171875
2019-10-18,27.799999237060547,28.31999969482422,27.709999084472656,28.21999931335449,28.02525329589844,5689100,2986.199951171875
2019-10-21,28.51000022888184,28.90999984741211,28.43000030517578,28.6200008392334,28.422494888305664,6746400,3006.719970703125
2019-10-22,28.5,28.690000534057617,27.81999969482422,28.26000022888184,28.064977645874023,8022000,2995.989990234375
2019-10-23,28.25,28.399999618530277,27.8799991607666,28.290000915527344,28.094772338867188,8396900,3004.52001953125
2019-10-24,29.270000457763672,29.850000381469727,28.489999771118164,29.40999984741211,29.207040786743164,17890900,3010.2900390625
2019-10-25,29.399999618530277,30.88999938964844,29.299999237060547,30.86000061035156,30.647035598754883,13835700,3022.550048828125
2019-10-28,31.0,31.670000076293945,31.0,31.36000061035156,31.143585205078125,10298500,3039.419921875
2019-10-29,31.420000076293945,31.489999771118164,30.68000030517578,30.920000076293945,30.706621170043945,6843200,3036.889892578125
2019-10-30,30.770000457763672,30.940000534057617,29.93000030517578,30.290000915527344,30.08097076416016,10356100,3046.77001953125
2019-10-31,30.06999969482422,30.209999084472656,29.459999084472656,30.059999465942383,29.852554321289062,8779600,3037.56005859375
2019-11-01,30.299999237060547,30.61000061035156,30.020000457763672,30.559999465942383,30.349103927612305,8270900,3066.909912109375
2019-11-04,30.709999084472656,30.989999771118164,30.46999931335449,30.950000762939453,30.73641586303711,5888600,3078.27001953125
2019-11-05,31.0,31.57999992370605,30.90999984741211,31.18000030517578,31.06519889831543,5500200,3074.6201171875
2019-11-06,31.170000076293945,31.190000534057617,30.649999618530277,30.959999084472656,30.84600830078125,4270300,3076.780029296875
2019-11-07,31.209999084472656,31.440000534057617,30.75,30.88999938964844,30.77626609802246,6342400,3085.179931640625
2019-11-08,30.71999931335449,30.850000381469727,29.959999084472656,30.76000022888184,30.64674568176269,6352900,3093.080078125
2019-11-11,30.540000915527344,30.75,30.200000762939453,30.59000015258789,30.477371215820312,4109100,3087.010009765625
2019-11-12,30.57999992370605,30.670000076293945,29.399999618530277,29.520000457763672,29.41131019592285,8662900,3091.840087890625
2019-11-13,29.030000686645508,29.15999984741211,28.56999969482422,28.65999984741211,28.55447578430176,7152300,3094.0400390625
2019-11-14,28.75,28.899999618530277,28.459999084472656,28.770000457763672,28.664072036743164,4393200,3096.6298828125
2019-11-15,28.950000762939453,29.200000762939453,28.799999237060547,28.86000061035156,28.753740310668945,4552000,3120.4599609375
2019-11-18,28.63999938964844,28.88999938964844,28.280000686645508,28.600000381469727,28.49469757080078,5368800,3122.030029296875
2019-11-19,28.93000030517578,29.3799991607666,28.729999542236328,29.290000915527344,29.18215751647949,5965500,3120.179931640625
2019-11-20,29.13999938964844,29.239999771118164,28.049999237060547,28.229999542236328,28.126060485839844,9936100,3108.4599609375
2019-11-21,28.270000457763672,28.479999542236328,27.84000015258789,27.93000030517578,27.82716560363769,6071800,3103.5400390625
2019-11-22,28.200000762939453,28.71999931335449,28.1299991607666,28.68000030517578,28.574403762817383,4827100,3110.2900390625
2019-11-25,28.799999237060547,29.18000030517578,28.6200008392334,28.989999771118164,28.88326072692871,5171200,3133.639892578125
2019-11-26,28.950000762939453,29.06999969482422,28.56999969482422,29.049999237060547,28.94304084777832,5932800,3140.52001953125
2019-11-27,29.06999969482422,29.32999992370605,28.739999771118164,28.950000762939453,28.84341049194336,3381800,3153.6298828125
2019-11-29,28.920000076293945,29.270000457763672,28.65999984741211,28.739999771118164,28.63418197631836,2970800,3140.97998046875
2019-12-02,28.790000915527344,28.989999771118164,28.01000022888184,28.07999992370605,27.976612091064453,6850800,3113.8701171875
2019-12-03,27.729999542236328,27.770000457763672,26.959999084472656,27.290000915527344,27.18952178955078,7736600,3093.199951171875
2019-12-04,27.420000076293945,27.76000022888184,27.21999931335449,27.3799991607666,27.27918815612793,4805300,3112.760009765625
2019-12-05,27.459999084472656,27.56999969482422,27.049999237060547,27.239999771118164,27.139705657958984,4994500,3117.429931640625
2019-12-06,27.5,27.959999084472656,27.46999931335449,27.729999542236328,27.627901077270508,6093100,3145.909912109375
2019-12-09,27.6200008392334,27.82999992370605,27.459999084472656,27.489999771118164,27.388784408569336,4474400,3135.9599609375
2019-12-10,27.549999237060547,27.6299991607666,26.899999618530277,27.0,26.90058898925781,7538700,3132.52001953125
2019-12-11,27.07999992370605,27.100000381469727,26.68000030517578,26.86000061035156,26.761104583740234,5434600,3141.6298828125
2019-12-12,27.09000015258789,28.020000457763672,26.950000762939453,27.71999931335449,27.61793708801269,9645300,3168.570068359375
2019-12-13,27.93000030517578,28.1299991607666,27.3700008392334,27.479999542236328,27.378820419311523,5965200,3168.800048828125
2019-12-16,27.6200008392334,28.350000381469727,27.600000381469727,27.920000076293945,27.817201614379883,6997300,3191.449951171875
2019-12-17,27.96999931335449,28.479999542236328,27.86000061035156,28.280000686645508,28.17587661743164,5920300,3192.52001953125
2019-12-18,28.350000381469727,28.56999969482422,27.93000030517578,28.0,27.896907806396484,4633800,3191.139892578125
2019-12-19,28.0,28.56999969482422,27.93000030517578,28.549999237060547,28.444881439208984,6295100,3205.3701171875
2019-12-20,28.670000076293945,29.049999237060547,28.489999771118164,29.040000915527344,28.93307876586914,12277100,3221.219970703125
2019-12-23,29.25,29.71999931335449,29.200000762939453,29.299999237060547,29.192119598388672,9291100,3224.010009765625
2019-12-24,29.31999969482422,29.43000030517578,29.100000381469727,29.18000030517578,29.07256317138672,2373600,3223.3798828125
2019-12-26,29.31999969482422,29.709999084472656,29.26000022888184,29.670000076293945,29.56075859069824,4746500,3239.909912109375
2019-12-27,29.76000022888184,29.809999465942383,28.36000061035156,28.440000534057617,28.33528709411621,8416500,3240.02001953125
2019-12-30,28.5,28.530000686645508,28.06999969482422,28.299999237060547,28.19580078125,4940300,3221.2900390625
2019-12-31,28.200000762939453,28.790000915527344,28.190000534057617,28.68000030517578,28.574403762817383,4396800,3230.780029296875
2020-01-02,28.979999542236328,29.299999237060547,28.649999618530277,29.09000015258789,28.982892990112305,6451100,3257.85009765625
2020-01-03,28.270000457763672,28.290000915527344,27.34000015258789,27.649999618530277,27.548194885253903,14008900,3234.85009765625
2020-01-06,27.190000534057617,27.489999771118164,27.07999992370605,27.31999969482422,27.219409942626957,6105800,3246.280029296875
2020-01-07,27.559999465942383,27.68000030517578,27.059999465942383,27.21999931335449,27.11977767944336,6105900,3237.179931640625
2020-01-08,27.100000381469727,28.09000015258789,27.06999969482422,27.84000015258789,27.73749542236328,10496800,3253.050048828125
2020-01-09,28.09000015258789,28.229999542236328,27.709999084472656,27.950000762939453,27.847091674804688,6898900,3274.699951171875
2020-01-10,27.959999084472656,27.989999771118164,27.25,27.31999969482422,27.219409942626957,8106800,3265.35009765625
2020-01-13,27.31999969482422,27.530000686645508,27.15999984741211,27.38999938964844,27.289152145385746,5874400,3288.1298828125
2020-01-14,27.90999984741211,28.399999618530277,27.350000381469727,27.530000686645508,27.428638458251957,8888900,3283.14990234375
2020-01-15,27.450000762939453,28.059999465942383,27.31999969482422,27.57999992370605,27.47845268249512,5689900,3289.2900390625
2020-01-16,27.790000915527344,28.26000022888184,27.76000022888184,28.229999542236328,28.126060485839844,6442800,3316.81005859375
2020-01-17,28.299999237060547,28.71999931335449,28.059999465942383,28.399999618530277,28.295433044433597,7379400,3329.6201171875
2020-01-21,27.96999931335449,27.989999771118164,27.049999237060547,27.200000762939453,27.099853515625,16409400,3320.7900390625
2020-01-22,27.51000022888184,27.90999984741211,27.299999237060547,27.31999969482422,27.219409942626957,9852600,3321.75
2020-01-23,27.38999938964844,28.989999771118164,26.040000915527344,28.799999237060547,28.693960189819336,25611100,3325.5400390625
2020-01-24,28.850000381469727,28.86000061035156,27.01000022888184,27.63999938964844,27.538230895996094,18067800,3295.469970703125
2020-01-27,26.56999969482422,26.600000381469727,25.3700008392334,26.11000061035156,26.013866424560547,21573800,3243.6298828125
2020-01-28,26.36000061035156,27.1200008392334,26.26000022888184,26.899999618530277,26.80095672607422,11939200,3276.239990234375
2020-01-29,26.8799991607666,27.489999771118164,26.739999771118164,26.799999237060547,26.701324462890625,9088700,3273.39990234375
2020-01-30,26.299999237060547,27.790000915527344,26.26000022888184,27.71999931335449,27.61793708801269,10685500,3283.659912109375
2020-01-31,27.5,27.520000457763672,26.59000015258789,26.84000015258789,26.74117851257324,11027900,3225.52001953125
2020-02-03,26.93000030517578,27.670000076293945,26.739999771118164,27.15999984741211,27.059999465942383,7630400,3248.919921875
2020-02-04,27.68000030517578,28.61000061035156,27.549999237060547,28.43000030517578,28.43000030517578,10832900,3297.590087890625
2020-02-05,28.959999084472656,29.239999771118164,28.549999237060547,29.100000381469727,29.100000381469727,8959700,3334.68994140625
2020-02-06,29.26000022888184,29.450000762939453,28.13999938964844,28.299999237060547,28.299999237060547,8335800,3345.780029296875
2020-02-07,28.059999465942383,28.549999237060547,27.780000686645508,28.3799991607666,28.3799991607666,6231800,3327.7099609375
2020-02-10,28.190000534057617,28.809999465942383,27.979999542236328,28.790000915527344,28.790000915527344,15134300,3352.090087890625
2020-02-11,29.059999465942383,29.940000534057617,28.96999931335449,29.84000015258789,29.84000015258789,8977700,3357.75
2020-02-12,30.0,30.780000686645508,29.989999771118164,30.46999931335449,30.46999931335449,9315400,3379.449951171875
2020-02-13,30.030000686645508,30.399999618530277,29.729999542236328,30.09000015258789,30.09000015258789,9119400,3373.93994140625
2020-02-14,30.01000022888184,30.270000457763672,29.13999938964844,29.200000762939453,29.200000762939453,5524800,3380.159912109375
2020-02-18,29.040000915527344,29.350000381469727,28.489999771118164,28.6299991607666,28.6299991607666,10485100,3370.2900390625
2020-02-19,28.84000015258789,28.8799991607666,28.309999465942383,28.32999992370605,28.32999992370605,8400700,3386.14990234375
2020-02-20,28.239999771118164,28.899999618530277,28.200000762939453,28.51000022888184,28.51000022888184,10093400,3373.22998046875
2020-02-21,28.1200008392334,28.299999237060547,27.170000076293945,27.81999969482422,27.81999969482422,11253600,3337.75
2020-02-24,25.979999542236328,26.11000061035156,25.0,25.450000762939453,25.450000762939453,21713200,3225.889892578125
2020-02-25,25.6200008392334,25.75,23.049999237060547,23.1200008392334,23.1200008392334,22296900,3128.2099609375
2020-02-26,23.56999969482422,23.75,22.11000061035156,22.309999465942383,22.309999465942383,19610300,3116.389892578125
2020-02-27,20.850000381469727,22.479999542236328,19.770000457763672,20.600000381469727,20.600000381469727,31897300,2978.760009765625
2020-02-28,19.799999237060547,20.350000381469727,18.770000457763672,19.049999237060547,19.049999237060547,37093200,2954.219970703125
2020-03-02,19.049999237060547,19.059999465942383,17.510000228881836,18.86000061035156,18.86000061035156,38738000,3090.22998046875
2020-03-03,19.65999984741211,19.790000915527344,17.799999237060547,17.850000381469727,17.850000381469727,35402500,3003.3701171875
2020-03-04,18.36000061035156,18.549999237060547,17.299999237060547,18.530000686645508,18.530000686645508,44362100,3130.1201171875
2020-03-05,17.540000915527344,17.649999618530273,15.979999542236328,16.040000915527344,16.040000915527344,44656800,3023.93994140625
2020-03-06,15.020000457763672,17.1200008392334,14.800000190734863,15.970000267028809,15.970000267028809,54505000,2972.3701171875
2020-03-09,14.869999885559082,15.789999961853027,14.460000038146973,14.75,14.75,42558000,2746.56005859375
2020-03-10,15.81999969482422,17.670000076293945,14.609999656677246,17.0,17.0,56972700,2882.22998046875
2020-03-11,16.309999465942383,16.489999771118164,15.520000457763672,16.260000228881836,16.260000228881836,43705800,2741.3798828125
2020-03-12,14.050000190734863,15.75,13.329999923706056,13.449999809265137,13.449999809265137,53968500,2480.639892578125
2020-03-13,15.300000190734863,15.600000381469728,13.119999885559082,14.3100004196167,14.3100004196167,58376100,2711.02001953125
2020-03-16,12.40999984741211,16.200000762939453,12.0,15.920000076293944,15.920000076293944,84916800,2386.1298828125
2020-03-17,15.789999961853027,18.489999771118164,14.789999961853027,15.579999923706056,15.579999923706056,58055800,2529.18994140625
2020-03-18,14.239999771118164,14.279999732971191,10.170000076293944,11.649999618530272,11.649999618530272,78458800,2398.10009765625
2020-03-19,11.600000381469728,12.15999984741211,10.010000228881836,10.289999961853027,10.289999961853027,71584500,2409.389892578125
2020-03-20,10.649999618530272,12.0,10.300000190734863,10.380000114440918,10.380000114440918,62681800,2304.919921875
2020-03-23,10.899999618530272,11.359999656677246,10.010000228881836,10.25,10.25,56427300,2237.39990234375
2020-03-24,11.960000038146973,14.8100004196167,11.539999961853027,13.920000076293944,13.920000076293944,101553100,2447.330078125
2020-03-25,16.690000534057617,16.989999771118164,14.3100004196167,15.390000343322754,15.390000343322754,93795100,2475.56005859375
2020-03-26,16.059999465942383,17.239999771118164,15.15999984741211,15.65999984741211,15.65999984741211,77530600,2630.070068359375
2020-03-27,14.979999542236328,15.220000267028809,13.90999984741211,14.039999961853027,14.039999961853027,50783500,2541.469970703125
2020-03-30,13.199999809265137,13.220000267028809,11.8100004196167,12.25,12.25,50516800,2626.64990234375
2020-03-31,12.899999618530272,12.960000038146973,12.100000381469728,12.1899995803833,12.1899995803833,44851400,2584.590087890625
2020-04-01,11.449999809265137,11.479999542236328,10.5,10.6899995803833,10.6899995803833,56854400,2470.5
2020-04-02,10.609999656677246,11.029999732971191,10.0,10.0600004196167,10.0600004196167,65534600,2526.89990234375
2020-04-03,10.34000015258789,10.489999771118164,9.09000015258789,9.390000343322754,9.390000343322754,87018900,2488.64990234375
2020-04-06,9.720000267028809,9.9399995803833,9.109999656677246,9.5,9.5,94272300,2663.679931640625
2020-04-07,11.06999969482422,12.199999809265137,10.050000190734863,10.220000267028809,10.220000267028809,138061000,2659.409912109375
2020-04-08,10.90999984741211,11.399999618530272,10.5,11.329999923706056,11.329999923706056,82718700,2749.97998046875
2020-04-09,12.640000343322754,13.399999618530272,11.81999969482422,12.510000228881836,12.510000228881836,117592800,2789.820068359375
2020-04-13,12.899999618530272,12.949999809265137,11.25,11.5600004196167,11.5600004196167,73385500,2761.6298828125
2020-04-14,12.220000267028809,12.600000381469728,11.75,11.949999809265137,11.949999809265137,68039500,2846.06005859375
2020-04-15,12.520000457763672,12.6899995803833,11.390000343322754,12.289999961853027,12.289999961853027,124719900,2783.360107421875
2020-04-16,11.90999984741211,12.029999732971191,11.050000190734863,11.06999969482422,11.06999969482422,83627000,2799.550048828125
2020-04-17,11.869999885559082,11.949999809265137,11.5,11.56999969482422,11.56999969482422,61279500,2874.56005859375
2020-04-20,11.149999618530272,11.350000381469728,10.720000267028809,11.0600004196167,11.0600004196167,58984900,2823.159912109375
2020-04-21,10.800000190734863,11.220000267028809,10.699999809265137,11.0,11.0,49882300,2736.56005859375
2020-04-22,11.09000015258789,11.130000114440918,10.020000457763672,10.270000457763672,10.270000457763672,76140100,2799.31005859375
2020-04-23,10.359999656677246,10.670000076293944,10.239999771118164,10.25,10.25,54598500,2797.800048828125
2020-04-24,10.399999618530272,10.5,9.899999618530272,10.3100004196167,10.3100004196167,67118200,2836.739990234375
2020-04-27,10.529999732971191,10.529999732971191,10.0,10.020000457763672,10.020000457763672,67378800,2878.47998046875
2020-04-28,10.289999961853027,11.630000114440918,10.210000038146973,11.260000228881836,11.260000228881836,114643000,2863.389892578125
2020-04-29,12.100000381469728,12.890000343322754,12.020000457763672,12.630000114440918,12.630000114440918,113669400,2939.510009765625
2020-04-30,11.920000076293944,12.59000015258789,11.260000228881836,12.010000228881836,12.010000228881836,94921400,2912.429931640625
2020-05-01,11.40999984741211,11.65999984741211,10.579999923706056,10.640000343322754,10.640000343322754,99441400,2830.7099609375
2020-05-04,9.40999984741211,10.170000076293944,9.149999618530272,9.81999969482422,9.81999969482422,125580000,2842.739990234375
2020-05-05,10.260000228881836,10.380000114440918,9.5,9.510000228881836,9.510000228881836,86943900,2868.43994140625
2020-05-06,9.579999923706056,9.729999542236328,9.09000015258789,9.25,9.25,68991000,2848.419921875
2020-05-07,9.300000190734863,9.800000190734863,9.289999961853027,9.539999961853027,9.539999961853027,61817000,2881.18994140625
2020-05-08,9.779999732971191,10.149999618530272,9.68000030517578,10.140000343322754,10.140000343322754,59186200,2929.800048828125
2020-05-11,9.920000076293944,10.25,9.59000015258789,10.100000381469728,10.100000381469728,48705900,2930.18994140625
2020-05-12,10.010000228881836,10.199999809265137,9.600000381469728,9.649999618530272,9.649999618530272,46833100,2870.1201171875
2020-05-13,9.520000457763672,9.529999732971191,8.829999923706055,9.109999656677246,9.109999656677246,68704600,2820.0
2020-05-14,8.770000457763672,9.1899995803833,8.25,9.149999618530272,9.149999618530272,72320500,2852.5
2020-05-15,8.850000381469727,9.359999656677246,8.760000228881836,9.039999961853027,9.039999961853027,39560500,2863.699951171875
2020-05-18,9.619999885559082,9.9399995803833,9.359999656677246,9.869999885559082,9.869999885559082,76109300,2953.909912109375
2020-05-19,10.140000343322754,10.1899995803833,9.59000015258789,9.640000343322754,9.640000343322754,62242500,2922.93994140625
2020-05-20,9.90999984741211,10.140000343322754,9.770000457763672,9.869999885559082,9.869999885559082,44006700,2971.610107421875
2020-05-21,9.869999885559082,10.149999618530272,9.829999923706056,9.890000343322754,9.890000343322754,45785700,2948.510009765625
2020-05-22,10.020000457763672,10.119999885559082,9.630000114440918,9.699999809265137,9.699999809265137,37596800,2955.449951171875
2020-05-26,10.270000457763672,11.279999732971191,10.25,11.140000343322754,11.140000343322754,101717000,2991.77001953125
2020-05-27,12.43000030517578,12.550000190734863,11.06999969482422,11.979999542236328,11.979999542236328,99314800,3036.1298828125
2020-05-28,11.779999732971191,11.829999923706056,10.899999618530272,10.979999542236328,10.979999542236328,70488800,3029.72998046875
2020-05-29,10.479999542236328,10.869999885559082,10.31999969482422,10.5,10.5,58920300,3044.31005859375
2020-06-01,10.789999961853027,11.329999923706056,10.619999885559082,11.109999656677246,11.109999656677246,50313500,3055.72998046875
2020-06-02,11.399999618530272,11.640000343322754,10.970000267028809,11.220000267028809,11.220000267028809,49148600,3080.820068359375
2020-06-03,11.5600004196167,12.199999809265137,11.4399995803833,11.850000381469728,11.850000381469728,86685300,3122.8701171875
2020-06-04,12.850000381469728,18.18000030517578,12.630000114440918,16.719999313354492,16.719999313354492,399432600,3112.35009765625
2020-06-05,21.25,22.799999237060547,17.799999237060547,18.59000015258789,18.59000015258789,428617100,3193.929931640625
2020-06-08,19.86000061035156,20.36000061035156,19.1299991607666,20.309999465942383,20.309999465942383,175418900,3232.389892578125
2020-06-09,18.450000762939453,18.96999931335449,17.610000610351562,18.549999237060547,18.549999237060547,111234400,3207.179931640625
2020-06-10,17.690000534057617,18.15999984741211,15.920000076293944,17.020000457763672,17.020000457763672,163952500,3190.139892578125
2020-06-11,14.609999656677246,15.68000030517578,14.06999969482422,14.380000114440918,14.380000114440918,124220800,3002.10009765625
2020-06-12,16.81999969482422,17.309999465942383,15.670000076293944,16.739999771118164,16.739999771118164,161101800,3041.31005859375
2020-06-15,15.270000457763672,17.170000076293945,15.079999923706056,16.700000762939453,16.700000762939453,122904100,3066.590087890625
2020-06-16,18.36000061035156,18.440000534057617,16.549999237060547,17.030000686645508,17.030000686645508,127369700,3124.739990234375
2020-06-17,16.760000228881836,17.049999237060547,16.15999984741211,16.979999542236328,16.979999542236328,71706700,3113.489990234375
2020-06-18,16.3700008392334,17.06999969482422,16.280000686645508,16.489999771118164,16.489999771118164,64265300,3115.340087890625
2020-06-19,16.889999389648438,16.940000534057617,15.420000076293944,16.0,16.0,92320200,3097.739990234375
2020-06-22,14.899999618530272,15.520000457763672,14.720000267028809,14.920000076293944,14.920000076293944,118994500,3117.860107421875
2020-06-23,13.760000228881836,14.289999961853027,13.710000038146973,14.0,14.0,204022300,3131.2900390625
2020-06-24,13.59000015258789,13.899999618530272,12.829999923706056,13.039999961853027,13.039999961853027,140975500,3050.330078125
2020-06-25,12.529999732971191,13.239999771118164,12.18000030517578,13.170000076293944,13.170000076293944,117383400,3083.760009765625
2020-06-26,13.199999809265137,13.289999961853027,12.130000114440918,12.380000114440918,12.380000114440918,108813000,3009.050048828125
2020-06-29,12.56999969482422,13.510000228881836,12.020000457763672,13.31999969482422,13.31999969482422,115051100,3053.239990234375
2020-06-30,13.100000381469728,13.479999542236328,12.880000114440918,13.06999969482422,13.06999969482422,69607700,3100.2900390625
2020-07-01,13.479999542236328,14.289999961853027,12.630000114440918,12.8100004196167,12.8100004196167,116661700,3115.860107421875
2020-07-02,13.350000381469728,13.420000076293944,12.420000076293944,12.5,12.5,86439500,3130.010009765625
2020-07-06,12.800000190734863,12.920000076293944,12.210000038146973,12.800000190734863,12.800000190734863,79312900,3179.719970703125
2020-07-07,12.510000228881836,12.539999961853027,11.90999984741211,11.90999984741211,11.90999984741211,77998100,3145.320068359375
2020-07-08,11.600000381469728,12.079999923706056,11.43000030517578,11.989999771118164,11.989999771118164,85034500,3169.93994140625
2020-07-09,11.9399995803833,11.9399995803833,11.149999618530272,11.18000030517578,11.18000030517578,77131200,3152.050048828125
2020-07-10,11.0,11.949999809265137,10.979999542236328,11.9399995803833,11.9399995803833,90450800,3185.0400390625
2020-07-13,12.130000114440918,12.270000457763672,11.449999809265137,11.630000114440918,11.630000114440918,67580300,3155.219970703125
2020-07-14,11.31999969482422,11.84000015258789,11.220000267028809,11.56999969482422,11.56999969482422,49888200,3197.52001953125
2020-07-15,12.449999809265137,13.479999542236328,12.210000038146973,13.4399995803833,13.4399995803833,135444400,3226.56005859375
2020-07-16,12.800000190734863,13.06999969482422,12.289999961853027,12.449999809265137,12.449999809265137,81514000,3215.570068359375
2020-07-17,12.479999542236328,12.600000381469728,11.890000343322754,11.90999984741211,11.90999984741211,67934100,3224.72998046875
2020-07-20,11.93000030517578,12.510000228881836,11.350000381469728,11.470000267028809,11.470000267028809,64109600,3251.840087890625
2020-07-21,11.56999969482422,11.789999961853027,11.279999732971191,11.470000267028809,11.470000267028809,64509800,3257.300048828125
2020-07-22,11.380000114440918,11.670000076293944,11.300000190734863,11.359999656677246,11.359999656677246,42461300,3276.02001953125
2020-07-23,11.270000457763672,12.40999984741211,11.010000228881836,11.770000457763672,11.770000457763672,115574800,3235.659912109375
2020-07-24,11.670000076293944,11.81999969482422,11.34000015258789,11.390000343322754,11.390000343322754,53761400,3215.6298828125
2020-07-27,11.479999542236328,11.789999961853027,11.18000030517578,11.390000343322754,11.390000343322754,69451700,3239.409912109375
2020-07-28,11.369999885559082,12.0,11.359999656677246,11.770000457763672,11.770000457763672,62356600,3218.43994140625
2020-07-29,11.800000190734863,11.920000076293944,11.300000190734863,11.399999618530272,11.399999618530272,52214600,3258.43994140625
2020-07-30,11.220000267028809,11.390000343322754,11.119999885559082,11.18000030517578,11.18000030517578,40525100,3246.219970703125
2020-07-31,11.15999984741211,11.25,10.800000190734863,11.119999885559082,11.119999885559082,51691400,3271.1201171875
2020-08-03,11.06999969482422,11.239999771118164,10.710000038146973,11.079999923706056,11.079999923706056,48264000,3294.610107421875
2020-08-04,11.210000038146973,11.880000114440918,11.15999984741211,11.470000267028809,11.470000267028809,54824400,3306.510009765625
2020-08-05,11.84000015258789,12.850000381469728,11.550000190734863,12.5600004196167,12.5600004196167,113130600,3327.77001953125
2020-08-06,13.039999961853027,13.289999961853027,12.470000267028809,13.039999961853027,13.039999961853027,131280100,3349.159912109375
2020-08-07,12.859999656677246,13.15999984741211,12.579999923706056,13.029999732971191,13.029999732971191,61700700,3351.280029296875
2020-08-10,13.289999961853027,14.3100004196167,13.210000038146973,14.0,14.0,121073900,3360.469970703125
2020-08-11,15.020000457763672,15.100000381469728,13.550000190734863,13.729999542236328,13.729999542236328,127879300,3333.68994140625
2020-08-12,14.029999732971191,14.0600004196167,13.100000381469728,13.539999961853027,13.539999961853027,77379800,3380.35009765625
2020-08-13,13.1899995803833,13.899999618530272,13.109999656677246,13.300000190734863,13.300000190734863,47772800,3373.429931640625
2020-08-14,13.109999656677246,13.5600004196167,13.010000228881836,13.329999923706056,13.329999923706056,45670200,3372.85009765625
2020-08-17,13.31999969482422,13.380000114440918,12.609999656677246,12.619999885559082,12.619999885559082,56206600,3381.989990234375
2020-08-18,12.600000381469728,12.880000114440918,12.510000228881836,12.600000381469728,12.600000381469728,33322300,3389.780029296875
2020-08-19,12.649999618530272,13.4399995803833,12.579999923706056,12.68000030517578,12.68000030517578,59266500,3374.85009765625
2020-08-20,12.380000114440918,12.670000076293944,12.260000228881836,12.5,12.5,41956600,3385.510009765625
2020-08-21,12.4399995803833,12.630000114440918,12.09000015258789,12.15999984741211,12.15999984741211,35822900,3397.159912109375
2020-08-24,12.4399995803833,13.479999542236328,12.270000457763672,13.4399995803833,13.4399995803833,102685700,3431.280029296875
2020-08-25,13.6899995803833,14.020000457763672,12.770000457763672,13.140000343322754,13.140000343322754,79053400,3443.6201171875
2020-08-26,13.109999656677246,13.149999618530272,12.699999809265137,12.789999961853027,12.789999961853027,44056800,3478.72998046875
2020-08-27,13.43000030517578,14.260000228881836,13.119999885559082,13.279999732971191,13.279999732971191,108835700,3484.550048828125
2020-08-28,13.59000015258789,13.630000114440918,13.229999542236328,13.59000015258789,13.59000015258789,54516400,3508.010009765625
2020-08-31,13.600000381469728,13.739999771118164,13.050000190734863,13.050000190734863,13.050000190734863,45917200,3500.31005859375
2020-09-01,12.859999656677246,13.84000015258789,12.65999984741211,13.100000381469728,13.100000381469728,72849700,3526.64990234375
2020-09-02,12.9399995803833,13.34000015258789,12.670000076293944,13.229999542236328,13.229999542236328,58889600,3580.840087890625
2020-09-03,13.399999618530272,14.06999969482422,13.029999732971191,13.359999656677246,13.359999656677246,86390800,3455.06005859375
2020-09-04,13.649999618530272,13.81999969482422,12.960000038146973,13.609999656677246,13.609999656677246,64937000,3426.9599609375
2020-09-08,13.359999656677246,14.15999984741211,13.149999618530272,13.630000114440918,13.630000114440918,72746000,3331.840087890625
2020-09-09,13.479999542236328,13.579999923706056,12.800000190734863,13.050000190734863,13.050000190734863,79030200,3398.9599609375
2020-09-10,13.210000038146973,13.489999771118164,12.970000267028809,13.010000228881836,13.010000228881836,52318600,3339.18994140625
2020-09-11,13.079999923706056,13.079999923706056,12.68000030517578,12.949999809265137,12.949999809265137,43916700,3340.969970703125
2020-09-14,13.020000457763672,13.289999961853027,12.899999618530272,13.260000228881836,13.260000228881836,39859100,3383.5400390625
2020-09-15,13.270000457763672,13.65999984741211,13.079999923706056,13.140000343322754,13.140000343322754,38958800,3401.199951171875
2020-09-16,13.210000038146973,13.960000038146973,12.979999542236328,13.800000190734863,13.800000190734863,75200100,3385.489990234375
2020-09-17,13.5,14.079999923706056,13.359999656677246,13.630000114440918,13.630000114440918,50194400,3357.010009765625
2020-09-18,13.510000228881836,13.59000015258789,13.029999732971191,13.1899995803833,13.1899995803833,56403600,3319.469970703125
2020-09-21,12.81999969482422,12.979999542236328,12.079999923706056,12.210000038146973,12.210000038146973,60604500,3281.06005859375
2020-09-22,12.300000190734863,12.5,12.18000030517578,12.34000015258789,12.34000015258789,33013400,3315.570068359375
2020-09-23,12.529999732971191,12.739999771118164,11.90999984741211,11.93000030517578,11.93000030517578,45292600,3236.919921875
2020-09-24,11.739999771118164,12.0,11.220000267028809,11.770000457763672,11.770000457763672,49163200,3246.590087890625
2020-09-25,11.760000228881836,12.3100004196167,11.710000038146973,12.289999961853027,12.289999961853027,43764000,3298.4599609375
2020-09-28,12.739999771118164,13.149999618530272,12.489999771118164,12.760000228881836,12.760000228881836,63558200,3351.60009765625
2020-09-29,12.59000015258789,12.65999984741211,12.109999656677246,12.25,12.25,46994300,3335.469970703125
2020-09-30,12.31999969482422,12.920000076293944,12.220000267028809,12.289999961853027,12.289999961853027,65428100,3363.0
2020-10-01,12.449999809265137,12.770000457763672,12.350000381469728,12.579999923706056,12.579999923706056,48842000,3380.800048828125
2020-10-02,12.050000190734863,13.350000381469728,12.0,13.0,13.0,111883300,3348.419921875
2020-10-05,13.09000015258789,13.199999809265137,12.75,13.119999885559082,13.119999885559082,53465500,3408.60009765625
2020-10-06,13.279999732971191,13.4399995803833,12.460000038146973,12.529999732971191,12.529999732971191,85252400,3360.969970703125
2020-10-07,12.979999542236328,13.18000030517578,12.8100004196167,13.06999969482422,13.06999969482422,61274200,3419.43994140625
2020-10-08,13.329999923706056,13.68000030517578,12.729999542236328,13.15999984741211,13.15999984741211,88851700,3446.830078125
2020-10-09,13.25,13.489999771118164,12.949999809265137,13.199999809265137,13.199999809265137,65281000,3477.139892578125
2020-10-12,13.140000343322754,13.170000076293944,12.899999618530272,12.920000076293944,12.920000076293944,39852500,3534.219970703125
2020-10-13,12.59000015258789,12.640000343322754,12.199999809265137,12.220000267028809,12.220000267028809,63372200,3511.929931640625
2020-10-14,12.350000381469728,12.56999969482422,12.289999961853027,12.359999656677246,12.359999656677246,37500000,3488.669921875
2020-10-15,12.220000267028809,12.300000190734863,11.970000267028809,12.229999542236328,12.229999542236328,33776100,3483.340087890625
2020-10-16,12.3100004196167,12.5600004196167,12.199999809265137,12.460000038146973,12.460000038146973,32717300,3483.81005859375
2020-10-19,12.640000343322754,12.869999885559082,12.449999809265137,12.5600004196167,12.5600004196167,50560700,3426.919921875
2020-10-20,12.75,13.0,12.59000015258789,12.800000190734863,12.800000190734863,46748800,3443.1201171875
2020-10-21,12.6899995803833,12.869999885559082,12.550000190734863,12.75,12.75,37503600,3435.56005859375
2020-10-22,12.600000381469728,13.289999961853027,12.420000076293944,13.149999618530272,13.149999618530272,90788900,3453.489990234375
2020-10-23,13.06999969482422,13.079999923706056,12.420000076293944,12.600000381469728,12.600000381469728,90787900,3465.389892578125
2020-10-26,12.390000343322754,12.449999809265137,11.670000076293944,11.800000190734863,11.800000190734863,85349600,3400.969970703125
2020-10-27,11.770000457763672,11.789999961853027,11.199999809265137,11.229999542236328,11.229999542236328,65803400,3390.679931640625
2020-10-28,10.890000343322754,11.15999984741211,10.630000114440918,10.949999809265137,10.949999809265137,64399800,3271.030029296875
2020-10-29,10.960000038146973,11.289999961853027,10.890000343322754,11.15999984741211,11.15999984741211,44070600,3310.110107421875
2020-10-30,11.0600004196167,11.420000076293944,10.979999542236328,11.279999732971191,11.279999732971191,51284700,3269.9599609375
2020-11-02,11.31999969482422,11.34000015258789,10.869999885559082,11.1899995803833,11.1899995803833,41094500,3310.239990234375
2020-11-03,11.34000015258789,11.449999809265137,11.149999618530272,11.25,11.25,43775200,3369.159912109375
2020-11-04,11.210000038146973,11.3100004196167,10.93000030517578,11.010000228881836,11.010000228881836,45281300,3443.43994140625
2020-11-05,11.119999885559082,11.670000076293944,11.09000015258789,11.600000381469728,11.600000381469728,54890800,3510.449951171875
2020-11-06,11.4399995803833,11.510000228881836,11.279999732971191,11.460000038146973,11.460000038146973,36703700,3509.43994140625
2020-11-09,14.329999923706056,14.40999984741211,12.75,13.199999809265137,13.199999809265137,231326200,3550.5
2020-11-10,12.850000381469728,13.020000457763672,12.34000015258789,12.380000114440918,12.380000114440918,127529300,3545.530029296875
2020-11-11,12.399999618530272,12.460000038146973,11.93000030517578,12.039999961853027,12.039999961853027,81359600,3572.659912109375
2020-11-12,11.970000267028809,12.229999542236328,11.649999618530272,11.739999771118164,11.739999771118164,75511700,3537.010009765625
2020-11-13,11.90999984741211,12.25,11.850000381469728,12.239999771118164,12.239999771118164,56421500,3585.14990234375
2020-11-16,12.869999885559082,12.960000038146973,12.40999984741211,12.789999961853027,12.789999961853027,104867800,3626.909912109375
2020-11-17,12.479999542236328,12.8100004196167,12.229999542236328,12.699999809265137,12.699999809265137,61956500,3609.530029296875
2020-11-18,12.90999984741211,13.359999656677246,12.729999542236328,12.739999771118164,12.739999771118164,99888500,3567.7900390625
2020-11-19,12.729999542236328,13.039999961853027,12.630000114440918,12.789999961853027,12.789999961853027,58809400,3581.8701171875
2020-11-20,12.800000190734863,12.90999984741211,12.460000038146973,12.529999732971191,12.529999732971191,58685500,3557.5400390625
2020-11-23,12.75,13.579999923706056,12.6899995803833,13.5600004196167,13.5600004196167,100764000,3577.590087890625
2020-11-24,14.31999969482422,14.970000267028809,14.079999923706056,14.81999969482422,14.81999969482422,156501000,3635.409912109375
2020-11-25,14.770000457763672,15.079999923706056,14.369999885559082,14.9399995803833,14.9399995803833,101052500,3629.64990234375
2020-11-27,15.119999885559082,15.5600004196167,14.949999809265137,14.979999542236328,14.979999542236328,66066400,3638.35009765625
2020-11-30,14.920000076293944,14.960000038146973,13.93000030517578,14.130000114440918,14.130000114440918,97536300,3621.6298828125
2020-12-01,14.420000076293944,14.779999732971191,14.239999771118164,14.270000457763672,14.270000457763672,76061200,3662.449951171875
2020-12-02,14.15999984741211,14.859999656677246,13.850000381469728,14.859999656677246,14.859999656677246,76032800,3669.010009765625
2020-12-03,15.1899995803833,16.5,15.15999984741211,16.09000015258789,16.09000015258789,169287200,3666.719970703125
2020-12-04,16.399999618530273,16.93000030517578,16.1200008392334,16.399999618530273,16.399999618530273,117387600,3699.1201171875
2020-12-07,16.540000915527344,18.06999969482422,16.469999313354492,17.209999084472656,17.209999084472656,157231900,3691.9599609375
2020-12-08,17.469999313354492,17.920000076293945,17.15999984741211,17.6299991607666,17.6299991607666,95855400,3702.25
2020-12-09,18.3700008392334,18.6299991607666,16.6299991607666,17.15999984741211,17.15999984741211,138508300,3672.820068359375
2020-12-10,16.75,18.040000915527344,16.670000076293945,17.989999771118164,17.989999771118164,86395200,3668.10009765625
2020-12-11,17.81999969482422,17.90999984741211,16.809999465942383,17.049999237060547,17.049999237060547,106957300,3663.4599609375
2020-12-14,17.520000457763672,17.809999465942383,16.68000030517578,16.700000762939453,16.700000762939453,88139900,3647.489990234375
2020-12-15,16.989999771118164,17.059999465942383,16.15999984741211,17.010000228881836,17.010000228881836,88795200,3694.6201171875
2020-12-16,16.8799991607666,17.040000915527344,16.579999923706055,16.860000610351562,16.860000610351562,59232600,3701.169921875
2020-12-17,16.950000762939453,16.989999771118164,16.649999618530273,16.799999237060547,16.799999237060547,49386300,3722.47998046875
2020-12-18,16.739999771118164,16.739999771118164,16.290000915527344,16.510000228881836,16.510000228881836,74782800,3709.409912109375
2020-12-21,15.770000457763672,16.239999771118164,15.5600004196167,16.100000381469727,16.100000381469727,87243800,3694.919921875
2020-12-22,16.34000015258789,16.3799991607666,15.449999809265137,15.479999542236328,15.479999542236328,74627300,3687.260009765625
2020-12-23,15.510000228881836,16.170000076293945,15.5,15.890000343322754,15.890000343322754,62603800,3690.010009765625
2020-12-24,16.040000915527344,16.040000915527344,15.529999732971191,15.65999984741211,15.65999984741211,31048900,3703.06005859375
2020-12-28,15.970000267028809,16.459999084472656,15.90999984741211,16.059999465942383,16.059999465942383,61099000,3735.360107421875
2020-12-29,16.31999969482422,16.40999984741211,15.75,15.859999656677246,15.859999656677246,51559500,3727.0400390625
2020-12-30,15.850000381469728,16.200000762939453,15.720000267028809,16.149999618530273,16.149999618530273,49520200,3732.0400390625
2020-12-31,16.079999923706055,16.09000015258789,15.630000114440918,15.770000457763672,15.770000457763672,57891100,3756.070068359375
2021-01-04,15.850000381469728,15.880000114440918,15.029999732971191,15.130000114440918,15.130000114440918,69732500,3700.64990234375
2021-01-05,14.920000076293944,15.630000114440918,14.869999885559082,15.43000030517578,15.43000030517578,53368200,3726.860107421875
2021-01-06,15.449999809265137,15.800000190734863,15.170000076293944,15.520000457763672,15.520000457763672,63708000,3748.139892578125
2021-01-07,15.670000076293944,15.869999885559082,15.380000114440918,15.380000114440918,15.380000114440918,48187900,3803.7900390625
2021-01-08,15.43000030517578,15.529999732971191,15.0,15.130000114440918,15.130000114440918,55656400,3824.679931640625
2021-01-11,14.81999969482422,15.039999961853027,14.710000038146973,15.0,15.0,40545300,3799.610107421875
2021-01-12,15.079999923706056,15.43000030517578,14.880000114440918,15.380000114440918,15.380000114440918,45742400,3801.18994140625
2021-01-13,15.289999961853027,15.630000114440918,15.109999656677246,15.529999732971191,15.529999732971191,42629300,3809.840087890625
2021-01-14,15.829999923706056,16.600000381469727,15.81999969482422,16.440000534057617,16.440000534057617,79900900,3795.5400390625
2021-01-15,16.170000076293945,16.280000686645508,15.739999771118164,15.760000228881836,15.760000228881836,55175800,3768.25
2021-01-19,15.989999771118164,16.270000457763672,15.890000343322754,15.970000267028809,15.970000267028809,39740200,3798.909912109375
2021-01-20,16.170000076293945,16.389999389648438,15.84000015258789,16.170000076293945,16.170000076293945,42354500,3851.85009765625
2021-01-21,15.989999771118164,16.219999313354492,15.5600004196167,15.829999923706056,15.829999923706056,50639200,3853.070068359375
2021-01-22,15.56999969482422,15.84000015258789,15.460000038146973,15.81999969482422,15.81999969482422,39126600,3841.469970703125
2021-01-25,15.520000457763672,15.5600004196167,15.020000457763672,15.43000030517578,15.43000030517578,61954500,3855.360107421875
2021-01-26,15.520000457763672,15.770000457763672,15.329999923706056,15.529999732971191,15.529999732971191,44571100,3849.6201171875
2021-01-27,15.420000076293944,17.809999465942383,15.380000114440918,16.559999465942383,16.559999465942383,178529000,3750.77001953125
2021-01-28,20.32999992370605,21.770000457763672,16.81999969482422,18.100000381469727,18.100000381469727,319607600,3787.3798828125
2021-01-29,18.690000534057617,18.729999542236328,16.75,17.170000076293945,17.170000076293945,113054800,3714.239990234375
2021-02-01,17.25,17.329999923706055,16.329999923706055,16.84000015258789,16.84000015258789,49436000,3773.860107421875
2021-02-02,17.030000686645508,17.260000228881836,16.549999237060547,16.59000015258789,16.59000015258789,39287800,3826.31005859375
2021-02-03,16.610000610351562,17.719999313354492,16.489999771118164,17.600000381469727,17.600000381469727,61414800,3830.169921875
2021-02-04,17.479999542236328,17.59000015258789,17.309999465942383,17.399999618530273,17.399999618530273,37606800,3871.739990234375
2021-02-05,17.600000381469727,17.670000076293945,17.06999969482422,17.190000534057617,17.190000534057617,30910200,3886.830078125
2021-02-08,17.31999969482422,18.09000015258789,17.239999771118164,17.770000457763672,17.770000457763672,44177500,3915.590087890625
2021-02-09,17.739999771118164,17.760000228881836,17.34000015258789,17.440000534057617,17.440000534057617,29972900,3911.22998046875
2021-02-10,17.549999237060547,17.68000030517578,17.270000457763672,17.40999984741211,17.40999984741211,28503000,3909.8798828125
2021-02-11,17.299999237060547,17.399999618530273,16.790000915527344,16.989999771118164,16.989999771118164,38746400,3916.3798828125
2021-02-12,17.010000228881836,17.489999771118164,16.920000076293945,17.270000457763672,17.270000457763672,27522500,3934.830078125
2021-02-16,17.6299991607666,17.899999618530273,17.510000228881836,17.81999969482422,17.81999969482422,33615500,3932.590087890625
2021-02-17,17.690000534057617,18.34000015258789,17.479999542236328,17.989999771118164,17.989999771118164,35475700,3931.330078125
2021-02-18,17.829999923706055,17.979999542236328,17.450000762939453,17.709999084472656,17.709999084472656,26328200,3913.969970703125
2021-02-19,17.899999618530273,18.82999992370605,17.780000686645508,18.68000030517578,18.68000030517578,48663800,3906.7099609375
2021-02-22,19.84000015258789,21.11000061035156,19.309999465942383,20.440000534057617,20.440000534057617,99937700,3876.5
2021-02-23,20.68000030517578,21.049999237060547,18.739999771118164,20.65999984741211,20.65999984741211,78817600,3881.3701171875
2021-02-24,20.8700008392334,22.1200008392334,20.75,21.81999969482422,21.81999969482422,74610200,3925.429931640625
2021-02-25,22.1299991607666,22.440000534057617,20.3799991607666,20.86000061035156,20.86000061035156,65571000,3829.340087890625
2021-02-26,20.61000061035156,21.43000030517578,20.34000015258789,20.940000534057617,20.940000534057617,42397300,3811.14990234375
2021-03-01,21.75,22.290000915527344,21.049999237060547,21.18000030517578,21.18000030517578,45406100,3901.820068359375
2021-03-02,21.280000686645508,21.6299991607666,21.1200008392334,21.440000534057617,21.440000534057617,27558200,3870.2900390625
2021-03-03,21.8700008392334,22.59000015258789,21.729999542236328,22.170000076293945,22.170000076293945,49301300,3819.719970703125
2021-03-04,22.280000686645508,22.420000076293945,20.40999984741211,21.239999771118164,21.239999771118164,61124200,3768.469970703125
2021-03-05,21.399999618530277,21.5,18.940000534057617,20.450000762939453,20.450000762939453,63183900,3841.93994140625
2021-03-08,20.780000686645508,21.709999084472656,20.649999618530277,21.46999931335449,21.46999931335449,39776900,3821.35009765625
2021-03-09,21.59000015258789,21.809999465942383,20.65999984741211,21.600000381469727,21.600000381469727,39820400,3875.43994140625
2021-03-10,21.670000076293945,22.479999542236328,21.3700008392334,21.75,21.75,44224900,3898.81005859375
2021-03-11,22.0,22.5,21.770000457763672,22.149999618530277,22.149999618530277,39002400,3939.340087890625
2021-03-12,22.18000030517578,23.540000915527344,22.1299991607666,23.3700008392334,23.3700008392334,55260300,3943.340087890625
2021-03-15,24.549999237060547,25.940000534057617,24.209999084472656,25.170000076293945,25.170000076293945,93746800,3968.93994140625
2021-03-16,25.11000061035156,25.25,24.309999465942383,24.46999931335449,24.46999931335449,47923600,3962.7099609375
2021-03-17,24.1200008392334,25.21999931335449,23.899999618530277,25.15999984741211,25.15999984741211,38540100,3974.1201171875
2021-03-18,25.1200008392334,26.09000015258789,24.549999237060547,24.700000762939453,24.700000762939453,53228500,3915.4599609375
2021-03-19,24.68000030517578,25.11000061035156,23.8799991607666,24.96999931335449,24.96999931335449,49461200,3913.10009765625
2021-03-22,24.6200008392334,24.700000762939453,23.76000022888184,23.82999992370605,23.82999992370605,42676000,3940.590087890625
2021-03-23,23.350000381469727,23.65999984741211,22.07999992370605,22.270000457763672,22.270000457763672,55290700,3910.52001953125
2021-03-24,22.790000915527344,23.18000030517578,21.76000022888184,21.809999465942383,21.809999465942383,44703900,3889.139892578125
2021-03-25,21.25,22.920000076293945,21.020000457763672,22.770000457763672,22.770000457763672,49746900,3909.52001953125
2021-03-26,23.13999938964844,23.290000915527344,22.280000686645508,22.93000030517578,22.93000030517578,36972400,3974.5400390625
2021-03-29,23.15999984741211,23.190000534057617,22.399999618530277,22.90999984741211,22.90999984741211,30700100,3971.090087890625
2021-03-30,23.100000381469727,24.200000762939453,23.020000457763672,24.1200008392334,24.1200008392334,39747900,3958.550048828125
2021-03-31,24.030000686645508,24.1200008392334,23.61000061035156,23.899999618530277,23.899999618530277,29800300,3972.889892578125
2021-04-01,24.020000457763672,24.229999542236328,23.649999618530277,23.86000061035156,23.86000061035156,25956200,4019.8701171875
2021-04-05,24.459999084472656,24.850000381469727,24.15999984741211,24.229999542236328,24.229999542236328,33657000,4077.909912109375
2021-04-06,24.200000762939453,24.5,23.90999984741211,24.059999465942383,24.059999465942383,31099400,4073.93994140625
2021-04-07,24.190000534057617,24.59000015258789,23.81999969482422,23.93000030517578,23.93000030517578,27792500,4079.949951171875
2021-04-08,23.8799991607666,23.8799991607666,22.6299991607666,23.649999618530277,23.649999618530277,28606600,4097.169921875
2021-04-09,23.450000762939453,23.670000076293945,23.25,23.540000915527344,23.540000915527344,21307700,4128.7998046875
2021-04-12,23.229999542236328,23.31999969482422,22.71999931335449,22.90999984741211,22.90999984741211,27165700,4127.990234375
2021-04-13,22.18000030517578,22.649999618530277,21.65999984741211,22.559999465942383,22.559999465942383,44741600,4141.58984375
2021-04-14,22.950000762939453,23.350000381469727,22.200000762939453,22.3700008392334,22.3700008392334,33969600,4124.66015625
2021-04-15,22.649999618530277,22.670000076293945,21.700000762939453,22.1299991607666,22.1299991607666,34424100,4170.419921875
2021-04-16,22.059999465942383,22.36000061035156,21.8700008392334,22.030000686645508,22.030000686645508,25958000,4185.47021484375
2021-04-19,21.96999931335449,21.989999771118164,21.3700008392334,21.549999237060547,21.549999237060547,27424900,4163.259765625
2021-04-20,21.020000457763672,21.020000457763672,19.959999084472656,20.3700008392334,20.3700008392334,48820800,4134.93994140625
2021-04-21,20.01000022888184,21.030000686645508,19.63999938964844,21.01000022888184,21.01000022888184,49376400,4173.419921875
2021-04-22,21.57999992370605,21.61000061035156,20.040000915527344,20.06999969482422,20.06999969482422,72635100,4134.97998046875
2021-04-23,20.270000457763672,21.200000762939453,20.18000030517578,21.11000061035156,21.11000061035156,47995300,4180.169921875
2021-04-26,21.520000457763672,22.049999237060547,21.479999542236328,22.040000915527344,22.040000915527344,44349200,4187.6201171875
2021-04-27,22.01000022888184,22.06999969482422,21.600000381469727,21.76000022888184,21.76000022888184,26767100,4186.72021484375
2021-04-28,21.63999938964844,21.88999938964844,21.479999542236328,21.700000762939453,21.700000762939453,22572100,4183.18017578125
2021-04-29,21.940000534057617,22.149999618530277,21.209999084472656,21.299999237060547,21.299999237060547,34430900,4211.47021484375
2021-04-30,21.170000076293945,21.8799991607666,21.07999992370605,21.71999931335449,21.71999931335449,31608800,4181.169921875
2021-05-03,21.8700008392334,22.01000022888184,21.399999618530277,21.950000762939453,21.950000762939453,27606100,4192.66015625
2021-05-04,21.780000686645508,21.989999771118164,20.940000534057617,21.420000076293945,21.420000076293945,36050800,4164.66015625
2021-05-05,21.350000381469727,21.8700008392334,21.190000534057617,21.56999969482422,21.56999969482422,27984800,4167.58984375
2021-05-06,21.51000022888184,21.75,21.15999984741211,21.489999771118164,21.489999771118164,25632600,4201.6201171875
2021-05-07,21.399999618530277,22.190000534057617,21.270000457763672,22.0,22.0,32022900,4232.60009765625
2021-05-10,22.229999542236328,22.540000915527344,21.959999084472656,22.0,22.0,32570000,4188.43017578125
2021-05-11,21.06999969482422,21.700000762939453,20.90999984741211,21.56999969482422,21.56999969482422,37417800,4152.10009765625
2021-05-12,21.36000061035156,21.690000534057617,20.690000534057617,20.76000022888184,20.76000022888184,34605300,4063.0400390625
2021-05-13,20.8799991607666,21.420000076293945,20.6200008392334,21.209999084472656,21.209999084472656,35238700,4112.5
2021-05-14,21.43000030517578,22.479999542236328,21.43000030517578,22.399999618530277,22.399999618530277,39182500,4173.85009765625
2021-05-17,22.31999969482422,23.399999618530277,22.100000381469727,23.350000381469727,23.350000381469727,40716100,4163.2900390625
2021-05-18,23.540000915527344,23.940000534057617,23.07999992370605,23.559999465942383,23.559999465942383,38662400,4127.830078125
2021-05-19,22.96999931335449,23.270000457763672,22.6200008392334,22.96999931335449,22.96999931335449,34558200,4115.68017578125
2021-05-20,23.18000030517578,23.18000030517578,22.290000915527344,22.600000381469727,22.600000381469727,33606500,4159.1201171875
2021-05-21,22.709999084472656,23.040000915527344,22.51000022888184,22.56999969482422,22.56999969482422,26246500,4155.85986328125
2021-05-24,22.850000381469727,23.049999237060547,22.350000381469727,22.989999771118164,22.989999771118164,26159300,4197.0498046875
2021-05-25,23.450000762939453,24.170000076293945,23.11000061035156,23.209999084472656,23.209999084472656,50630500,4188.1298828125
2021-05-26,23.530000686645508,23.950000762939453,23.200000762939453,23.899999618530277,23.899999618530277,29812700,4195.990234375
2021-05-27,24.030000686645508,24.489999771118164,23.68000030517578,24.43000030517578,24.43000030517578,36389500,4200.8798828125
2021-05-28,24.38999938964844,24.81999969482422,24.1299991607666,24.239999771118164,24.239999771118164,30594400,4204.10986328125
2021-06-01,24.68000030517578,25.09000015258789,24.51000022888184,24.670000076293945,24.670000076293945,36502400,4202.0400390625
2021-06-02,24.76000022888184,26.040000915527344,24.649999618530277,25.81999969482422,25.81999969482422,57686200,4208.1201171875
2021-06-03,25.420000076293945,25.57999992370605,24.899999618530277,24.93000030517578,24.93000030517578,38254900,4192.85009765625
2021-06-04,25.1299991607666,25.18000030517578,24.26000022888184,24.299999237060547,24.299999237060547,28977300,4229.89013671875
2021-06-07,24.489999771118164,24.770000457763672,24.18000030517578,24.25,24.25,21173200,4226.52001953125
2021-06-08,24.420000076293945,24.489999771118164,23.86000061035156,24.21999931335449,24.21999931335449,26105600,4227.259765625
2021-06-09,24.3700008392334,24.40999984741211,23.84000015258789,23.850000381469727,23.850000381469727,20289000,4219.5498046875
2021-06-10,24.13999938964844,24.239999771118164,23.26000022888184,23.459999084472656,23.459999084472656,28988300,4239.18017578125
2021-06-11,23.43000030517578,23.739999771118164,23.399999618530277,23.530000686645508,23.530000686645508,24368000,4247.43994140625
2021-06-14,23.489999771118164,23.739999771118164,22.93000030517578,22.989999771118164,22.989999771118164,22613100,4255.14990234375
2021-06-15,22.96999931335449,23.1299991607666,22.549999237060547,22.790000915527344,22.790000915527344,19062200,4246.58984375
2021-06-16,22.739999771118164,23.0,22.520000457763672,22.82999992370605,22.82999992370605,20296900,4223.7001953125
2021-06-17,22.82999992370605,23.1299991607666,21.82999992370605,22.229999542236328,22.229999542236328,32879100,4221.85986328125
2021-06-18,22.06999969482422,22.530000686645508,21.90999984741211,22.290000915527344,22.290000915527344,28009900,4166.4501953125
2021-06-21,22.31999969482422,22.549999237060547,21.90999984741211,22.450000762939453,22.450000762939453,26666200,4224.7900390625
2021-06-22,22.350000381469727,22.3799991607666,21.850000381469727,22.11000061035156,22.11000061035156,22745000,4246.43994140625
2021-06-23,22.170000076293945,22.34000015258789,22.07999992370605,22.200000762939453,22.200000762939453,17394700,4241.83984375
2021-06-24,22.209999084472656,22.5,21.950000762939453,22.350000381469727,22.350000381469727,22667500,4266.490234375
2021-06-25,22.32999992370605,22.479999542236328,22.06999969482422,22.21999931335449,22.21999931335449,18738600,4280.7001953125
2021-06-28,22.09000015258789,22.09000015258789,21.13999938964844,21.38999938964844,21.38999938964844,48437800,4290.60986328125
2021-06-29,21.31999969482422,21.399999618530277,21.020000457763672,21.07999992370605,21.07999992370605,29157400,4291.7998046875
2021-06-30,21.09000015258789,21.479999542236328,20.940000534057617,21.209999084472656,21.209999084472656,26231800,4297.5
2021-07-01,21.46999931335449,21.790000915527344,21.32999992370605,21.51000022888184,21.51000022888184,22082700,4319.93994140625
2021-07-02,21.6200008392334,21.649999618530277,21.11000061035156,21.479999542236328,21.479999542236328,20814100,4352.33984375
2021-07-06,21.5,21.790000915527344,20.86000061035156,21.01000022888184,21.01000022888184,24176500,4343.5400390625
2021-07-07,20.790000915527344,21.049999237060547,20.170000076293945,20.309999465942383,20.309999465942383,30857000,4358.1298828125
2021-07-08,19.8799991607666,20.63999938964844,19.65999984741211,20.350000381469727,20.350000381469727,28539300,4320.81982421875
2021-07-09,20.790000915527344,21.0,20.5,20.88999938964844,20.88999938964844,21730900,4369.5498046875
2021-07-12,20.71999931335449,20.979999542236328,20.350000381469727,20.84000015258789,20.84000015258789,20782200,4384.6298828125
2021-07-13,20.690000534057617,20.700000762939453,19.989999771118164,20.020000457763672,20.020000457763672,30951500,4369.2099609375
2021-07-14,20.8700008392334,21.56999969482422,20.43000030517578,20.6200008392334,20.6200008392334,55139500,4374.2998046875
2021-07-15,20.559999465942383,21.059999465942383,20.149999618530277,20.459999084472656,20.459999084472656,34187500,4360.02978515625
2021-07-16,20.68000030517578,20.729999542236328,19.71999931335449,19.790000915527344,19.790000915527344,34523500,4327.16015625
2021-07-19,18.82999992370605,19.209999084472656,18.280000686645508,18.96999931335449,18.96999931335449,63985800,4258.490234375
2021-07-20,19.049999237060547,20.59000015258789,18.86000061035156,20.559999465942383,20.559999465942383,46295400,4323.06005859375
2021-07-21,20.790000915527344,21.549999237060547,20.75,21.399999618530277,21.399999618530277,52282600,4358.68994140625
2021-07-22,21.059999465942383,21.6200008392334,20.59000015258789,21.15999984741211,21.15999984741211,39028300,4367.47998046875
2021-07-23,21.350000381469727,21.690000534057617,21.020000457763672,21.200000762939453,21.200000762939453,29379200,4411.7900390625
2021-07-26,21.030000686645508,22.11000061035156,20.940000534057617,22.07999992370605,22.07999992370605,31508800,4422.2998046875
2021-07-27,21.959999084472656,22.15999984741211,21.11000061035156,21.459999084472656,21.459999084472656,30301300,4401.4599609375
2021-07-28,21.61000061035156,21.790000915527344,21.229999542236328,21.6299991607666,21.6299991607666,20077400,4400.64013671875
2021-07-29,21.780000686645508,21.780000686645508,21.170000076293945,21.170000076293945,21.170000076293945,19391300,4419.14990234375
2021-07-30,20.84000015258789,21.149999618530277,20.239999771118164,20.3799991607666,20.3799991607666,31284000,4395.259765625
2021-08-02,20.489999771118164,20.850000381469727,19.989999771118164,20.059999465942383,20.059999465942383,27151300,4387.16015625
2021-08-03,20.07999992370605,20.07999992370605,19.309999465942383,19.950000762939453,19.950000762939453,36572600,4423.14990234375
2021-08-04,19.520000457763672,19.950000762939453,19.350000381469727,19.450000762939453,19.450000762939453,30815400,4402.66015625
2021-08-05,19.46999931335449,20.96999931335449,19.450000762939453,20.90999984741211,20.90999984741211,42900900,4429.10009765625
2021-08-06,21.1299991607666,21.21999931335449,20.520000457763672,21.020000457763672,21.020000457763672,28281000,4436.52001953125
2021-08-09,20.770000457763672,20.790000915527344,20.059999465942383,20.559999465942383,20.559999465942383,32047600,4432.35009765625
2021-08-10,20.5,21.399999618530277,20.3799991607666,20.940000534057617,20.940000534057617,31320900,4436.75
2021-08-11,20.6299991607666,21.489999771118164,20.479999542236328,21.229999542236328,21.229999542236328,39902300,4442.41015625
2021-08-12,21.030000686645508,21.11000061035156,20.309999465942383,20.43000030517578,20.43000030517578,30369400,4460.830078125
2021-08-13,20.3700008392334,20.549999237060547,19.75,19.84000015258789,19.84000015258789,30877500,4468.0
2021-08-16,19.6299991607666,20.020000457763672,19.34000015258789,19.76000022888184,19.76000022888184,25610400,4479.7099609375
2021-08-17,19.36000061035156,19.61000061035156,19.09000015258789,19.34000015258789,19.34000015258789,23686100,4448.080078125
2021-08-18,19.34000015258789,19.65999984741211,19.040000915527344,19.13999938964844,19.13999938964844,24479500,4400.27001953125
2021-08-19,19.0,19.200000762939453,18.3799991607666,18.729999542236328,18.729999542236328,37097100,4405.7998046875
2021-08-20,18.63999938964844,18.86000061035156,18.290000915527344,18.5,18.5,28979400,4441.669921875
2021-08-23,18.8799991607666,19.31999969482422,18.809999465942383,19.11000061035156,19.11000061035156,23637500,4479.52978515625
2021-08-24,19.399999618530277,20.020000457763672,19.38999938964844,19.82999992370605,19.82999992370605,31550400,4486.22998046875
2021-08-25,19.770000457763672,20.239999771118164,19.420000076293945,20.149999618530277,20.149999618530277,26913300,4496.18994140625
2021-08-26,20.0,20.440000534057617,19.57999992370605,19.899999618530277,19.899999618530277,22809500,4470.0
2021-08-27,19.989999771118164,20.43000030517578,19.8799991607666,20.21999931335449,20.21999931335449,21615100,4509.3701171875
2021-08-30,20.290000915527344,20.299999237060547,19.46999931335449,19.51000022888184,19.51000022888184,24094300,4528.7900390625
2021-08-31,19.46999931335449,20.020000457763672,19.36000061035156,19.940000534057617,19.940000534057617,24993200,4522.68017578125
2021-09-01,20.01000022888184,20.100000381469727,19.530000686645508,19.63999938964844,19.63999938964844,20843200,4524.08984375
2021-09-02,19.729999542236328,19.979999542236328,19.479999542236328,19.76000022888184,19.76000022888184,20179400,4536.9501953125
2021-09-03,19.68000030517578,19.93000030517578,19.31999969482422,19.3700008392334,19.3700008392334,20311900,4535.43017578125
2021-09-07,19.36000061035156,19.649999618530277,19.209999084472656,19.530000686645508,19.530000686645508,18291000,4520.02978515625
2021-09-08,19.530000686645508,19.799999237060547,19.049999237060547,19.1299991607666,19.1299991607666,21836100,4514.06982421875
2021-09-09,19.100000381469727,20.61000061035156,19.01000022888184,20.200000762939453,20.200000762939453,60077200,4493.27978515625
2021-09-10,20.280000686645508,20.290000915527344,18.93000030517578,18.950000762939453,18.950000762939453,54951400,4458.580078125
2021-09-13,19.15999984741211,19.520000457763672,18.63999938964844,19.309999465942383,19.309999465942383,42886000,4468.72998046875
2021-09-14,19.350000381469727,19.520000457763672,19.040000915527344,19.209999084472656,19.209999084472656,23820100,4443.0498046875
2021-09-15,19.190000534057617,19.40999984741211,18.86000061035156,19.3799991607666,19.3799991607666,22989100,4480.7001953125
2021-09-16,19.350000381469727,20.21999931335449,19.31999969482422,19.88999938964844,19.88999938964844,33586200,4473.75
2021-09-17,19.940000534057617,20.31999969482422,19.540000915527344,19.729999542236328,19.729999542236328,32602600,4432.990234375
2021-09-20,19.71999931335449,20.3700008392334,19.34000015258789,20.32999992370605,20.32999992370605,43601300,4357.72998046875
2021-09-21,20.420000076293945,20.75,19.670000076293945,19.76000022888184,19.76000022888184,34050100,4354.18994140625
2021-09-22,19.93000030517578,20.75,19.93000030517578,20.520000457763672,20.520000457763672,39344300,4395.64013671875
2021-09-23,20.76000022888184,21.299999237060547,20.649999618530277,20.899999618530277,20.899999618530277,51636300,4448.97998046875
2021-09-24,20.88999938964844,21.6200008392334,20.809999465942383,21.38999938964844,21.38999938964844,39971700,4455.47998046875
2021-09-27,21.770000457763672,22.190000534057617,21.459999084472656,21.46999931335449,21.46999931335449,33190500,4443.10986328125
2021-09-28,21.350000381469727,21.809999465942383,21.290000915527344,21.43000030517578,21.43000030517578,26170200,4352.6298828125
2021-09-29,21.51000022888184,21.57999992370605,21.0,21.01000022888184,21.01000022888184,20467900,4359.4599609375
2021-09-30,20.8700008392334,20.8700008392334,20.3700008392334,20.520000457763672,20.520000457763672,24079400,4307.5400390625
2021-10-01,21.0,21.780000686645508,20.899999618530277,21.649999618530277,21.649999618530277,36430900,4357.0400390625
2021-10-04,21.920000076293945,22.07999992370605,21.290000915527344,21.38999938964844,21.38999938964844,28623400,4300.4599609375
2021-10-05,21.5,21.850000381469727,21.25,21.46999931335449,21.46999931335449,22580100,4345.72021484375
2021-10-06,20.700000762939453,21.01000022888184,20.309999465942383,20.540000915527344,20.540000915527344,37908500,4363.5498046875
2021-10-07,20.84000015258789,20.899999618530277,20.07999992370605,20.170000076293945,20.170000076293945,29167200,4399.759765625
2021-10-08,20.239999771118164,20.290000915527344,19.8799991607666,20.06999969482422,20.06999969482422,21691000,4391.33984375
2021-10-11,19.979999542236328,20.51000022888184,19.850000381469727,20.1299991607666,20.1299991607666,23646800,4361.18994140625
2021-10-12,20.200000762939453,20.399999618530277,20.030000686645508,20.290000915527344,20.290000915527344,18448400,4350.64990234375
2021-10-13,20.25,20.25,19.530000686645508,19.61000061035156,19.61000061035156,33328000,4363.7998046875
2021-10-14,19.770000457763672,19.940000534057617,19.59000015258789,19.63999938964844,19.63999938964844,21544600,4438.259765625
2021-10-15,20.020000457763672,20.32999992370605,19.920000076293945,19.979999542236328,19.979999542236328,27259900,4471.3701171875
2021-10-18,19.920000076293945,20.149999618530277,19.739999771118164,19.84000015258789,19.84000015258789,20604400,4486.4599609375
2021-10-19,19.93000030517578,19.940000534057617,19.5,19.530000686645508,19.530000686645508,25758300,4519.6298828125
2021-10-20,19.59000015258789,19.84000015258789,19.21999931335449,19.520000457763672,19.520000457763672,31618100,4536.18994140625
2021-10-21,19.6200008392334,20.01000022888184,19.5,19.88999938964844,19.88999938964844,29224700,4549.77978515625
2021-10-22,19.71999931335449,19.76000022888184,19.030000686645508,19.149999618530277,19.149999618530277,36948200,4544.89990234375
2021-10-25,19.15999984741211,19.299999237060547,18.899999618530277,19.229999542236328,19.229999542236328,27977600,4566.47998046875
2021-10-26,19.34000015258789,19.81999969482422,19.239999771118164,19.38999938964844,19.38999938964844,31007900,4574.7900390625
2021-10-27,19.450000762939453,19.56999969482422,18.96999931335449,19.030000686645508,19.030000686645508,22215000,4551.68017578125
2021-10-28,19.11000061035156,19.239999771118164,18.850000381469727,19.190000534057617,19.190000534057617,26506900,4596.419921875
2021-10-29,19.18000030517578,19.450000762939453,19.01000022888184,19.200000762939453,19.200000762939453,21679000,4605.3798828125
2021-11-01,19.09000015258789,19.780000686645508,18.8700008392334,19.770000457763672,19.770000457763672,32308500,4613.669921875
2021-11-02,19.670000076293945,19.88999938964844,19.56999969482422,19.82999992370605,19.82999992370605,19979100,4630.64990234375
2021-11-03,19.81999969482422,20.670000076293945,19.729999542236328,20.6299991607666,20.6299991607666,35014100,4660.56982421875
2021-11-04,20.729999542236328,20.84000015258789,20.350000381469727,20.6299991607666,20.6299991607666,23940500,4680.06005859375
2021-11-05,21.90999984741211,22.059999465942383,21.26000022888184,21.81999969482422,21.81999969482422,58082500,4697.52978515625
2021-11-08,22.190000534057617,22.350000381469727,21.84000015258789,22.25,22.25,35774400,4701.7001953125
2021-11-09,22.1200008392334,22.32999992370605,21.700000762939453,22.26000022888184,22.26000022888184,22013200,4685.25
2021-11-10,21.82999992370605,22.030000686645508,21.450000762939453,21.56999969482422,21.56999969482422,22330900,4646.7099609375
2021-11-11,21.600000381469727,21.790000915527344,21.299999237060547,21.32999992370605,21.32999992370605,18499300,4649.27001953125
2021-11-12,21.34000015258789,21.36000061035156,20.059999465942383,20.290000915527344,20.290000915527344,48375400,4682.85009765625
2021-11-15,20.399999618530277,20.56999969482422,20.200000762939453,20.31999969482422,20.31999969482422,20874000,4682.7998046875
2021-11-16,20.229999542236328,20.25,19.540000915527344,19.84000015258789,19.84000015258789,36075200,4700.89990234375
2021-11-17,19.709999084472656,20.059999465942383,19.57999992370605,19.86000061035156,19.86000061035156,17862800,4688.669921875
2021-11-18,19.8700008392334,19.93000030517578,19.13999938964844,19.38999938964844,19.38999938964844,31051900,4704.5400390625
2021-11-19,19.13999938964844,19.440000534057617,18.940000534057617,19.280000686645508,19.280000686645508,31259800,4697.9599609375
2021-11-22,19.559999465942383,19.76000022888184,19.049999237060547,19.6299991607666,19.6299991607666,33220600,4682.93994140625
2021-11-23,19.75,20.13999938964844,19.31999969482422,19.46999931335449,19.46999931335449,30427300,4690.7001953125
2021-11-24,19.32999992370605,19.549999237060547,19.06999969482422,19.459999084472656,19.459999084472656,21323300,4701.4599609375
2021-11-26,18.270000457763672,18.270000457763672,16.899999618530273,17.75,17.75,84177500,4594.6201171875
2021-11-29,18.149999618530277,18.26000022888184,17.420000076293945,17.739999771118164,17.739999771118164,42940300,4655.27001953125
2021-11-30,17.440000534057617,17.739999771118164,16.920000076293945,17.690000534057617,17.690000534057617,49870100,4567.0
2021-12-01,17.940000534057617,18.239999771118164,16.260000228881836,16.280000686645508,16.280000686645508,82030100,4513.0400390625
2021-12-02,16.489999771118164,17.440000534057617,16.149999618530273,17.420000076293945,17.420000076293945,58808900,4577.10009765625
2021-12-03,17.270000457763672,17.290000915527344,16.34000015258789,16.6200008392334,16.6200008392334,57884000,4538.43017578125
2021-12-06,16.950000762939453,18.540000915527344,16.90999984741211,17.93000030517578,17.93000030517578,74005500,4591.669921875
2021-12-07,18.31999969482422,18.709999084472656,17.719999313354492,17.889999389648438,17.889999389648438,50249900,4686.75
2021-12-08,17.959999084472656,18.8700008392334,17.8799991607666,18.229999542236328,18.229999542236328,46340600,4701.2099609375
2021-12-09,18.040000915527344,18.290000915527344,17.850000381469727,18.13999938964844,18.13999938964844,36027700,4667.4501953125
2021-12-10,18.06999969482422,18.1299991607666,17.6299991607666,18.010000228881836,18.010000228881836,28696100,4712.02001953125
2021-12-13,17.549999237060547,17.649999618530273,16.850000381469727,17.1200008392334,17.1200008392334,40783900,4668.97021484375
2021-12-14,16.81999969482422,17.469999313354492,16.809999465942383,16.90999984741211,16.90999984741211,30171300,4634.08984375
2021-12-15,16.950000762939453,17.09000015258789,16.270000457763672,16.989999771118164,16.989999771118164,39939400,4709.85009765625
2021-12-16,17.25,17.389999389648438,16.43000030517578,16.520000457763672,16.520000457763672,31751200,4668.669921875
2021-12-17,16.65999984741211,17.299999237060547,16.399999618530273,16.950000762939453,16.950000762939453,41330600,4620.64013671875
2021-12-20,16.5,17.780000686645508,16.450000762939453,17.299999237060547,17.299999237060547,44479100,4568.02001953125
2021-12-21,17.450000762939453,18.459999084472656,17.399999618530273,18.1200008392334,18.1200008392334,47592000,4649.22998046875
2021-12-22,18.18000030517578,18.5,17.90999984741211,18.26000022888184,18.26000022888184,29523000,4696.56005859375
2021-12-23,18.59000015258789,18.71999931335449,18.149999618530277,18.26000022888184,18.26000022888184,32321000,4725.7900390625
2021-12-27,17.65999984741211,18.239999771118164,17.549999237060547,18.170000076293945,18.170000076293945,28059300,4791.18994140625
2021-12-28,18.030000686645508,18.63999938964844,17.920000076293945,18.540000915527344,18.540000915527344,28263600,4786.35009765625
2021-12-29,18.399999618530277,18.43000030517578,17.989999771118164,18.049999237060547,18.049999237060547,22627000,4793.06005859375
2021-12-30,17.979999542236328,18.3799991607666,17.959999084472656,18.06999969482422,18.06999969482422,28158200,4778.72998046875
2021-12-31,18.06999969482422,18.36000061035156,17.93000030517578,17.959999084472656,17.959999084472656,20657000,4766.18017578125
2022-01-03,18.229999542236328,19.18000030517578,18.200000762939453,18.75,18.75,42781000,4796.56005859375
2022-01-04,19.21999931335449,19.459999084472656,18.850000381469727,19.020000457763672,19.020000457763672,29266600,4793.5400390625
2022-01-05,19.1299991607666,19.38999938964844,18.51000022888184,18.68000030517578,18.68000030517578,34447900,4700.580078125
2022-01-06,18.88999938964844,19.059999465942383,18.350000381469727,18.56999969482422,18.56999969482422,19097700,4696.0498046875
2022-01-07,18.75,19.59000015258789,18.57999992370605,19.280000686645508,19.280000686645508,42399500,4677.02978515625
2022-01-10,19.239999771118164,19.38999938964844,18.68000030517578,18.790000915527344,18.790000915527344,25707700,4670.2900390625
2022-01-11,18.8799991607666,19.200000762939453,18.709999084472656,19.020000457763672,19.020000457763672,22531500,4713.06982421875
2022-01-12,19.15999984741211,19.26000022888184,18.350000381469727,18.5,18.5,41140900,4726.35009765625
2022-01-13,18.729999542236328,19.76000022888184,18.6299991607666,19.34000015258789,19.34000015258789,55911800,4659.02978515625
2022-01-14,19.11000061035156,19.15999984741211,18.399999618530277,18.489999771118164,18.489999771118164,44983100,4662.85009765625
2022-01-18,18.229999542236328,18.61000061035156,17.770000457763672,17.899999618530273,17.899999618530273,39736900,4577.10986328125
2022-01-19,17.899999618530273,17.90999984741211,17.290000915527344,17.309999465942383,17.309999465942383,36133100,4532.759765625
2022-01-20,17.6299991607666,17.729999542236328,16.68000030517578,16.760000228881836,16.760000228881836,54892800,4482.72998046875
2022-01-21,16.770000457763672,16.780000686645508,16.09000015258789,16.299999237060547,16.299999237060547,52547500,4397.93994140625
2022-01-24,15.850000381469728,16.440000534057617,15.380000114440918,16.40999984741211,16.40999984741211,59941000,4410.1298828125
2022-01-25,16.049999237060547,16.540000915527344,15.890000343322754,16.459999084472656,16.459999084472656,42471600,4356.4501953125
2022-01-26,16.700000762939453,16.969999313354492,16.139999389648438,16.239999771118164,16.239999771118164,39331800,4349.93017578125
2022-01-27,16.43000030517578,16.84000015258789,15.619999885559082,15.779999732971191,15.779999732971191,43507400,4326.509765625
2022-01-28,15.670000076293944,15.779999732971191,14.90999984741211,15.640000343322754,15.640000343322754,51662600,4431.85009765625
2022-01-31,15.550000190734863,16.469999313354492,15.399999618530272,16.469999313354492,16.469999313354492,35533500,4515.5498046875
2022-02-01,16.559999465942383,16.969999313354492,16.40999984741211,16.829999923706055,16.829999923706055,30798800,4546.5400390625
2022-02-02,16.8799991607666,17.149999618530273,16.489999771118164,16.959999084472656,16.959999084472656,37904200,4589.3798828125
2022-02-03,16.649999618530273,17.18000030517578,16.549999237060547,16.56999969482422,16.56999969482422,30642800,4477.43994140625
2022-02-04,16.540000915527344,16.56999969482422,16.040000915527344,16.450000762939453,16.450000762939453,38585200,4500.52978515625
2022-02-07,16.690000534057617,17.510000228881836,16.639999389648438,17.280000686645508,17.280000686645508,52927500,4483.8701171875
2022-02-08,17.399999618530273,18.280000686645508,17.209999084472656,18.26000022888184,18.26000022888184,46702500,4521.5400390625
2022-02-09,18.450000762939453,18.96999931335449,18.350000381469727,18.76000022888184,18.76000022888184,42407300,4587.18017578125
2022-02-10,18.420000076293945,19.07999992370605,18.350000381469727,18.709999084472656,18.709999084472656,36411800,4504.080078125
2022-02-11,18.59000015258789,18.979999542236328,17.440000534057617,17.610000610351562,17.610000610351562,50338900,4418.64013671875
2022-02-14,17.850000381469727,18.309999465942383,17.350000381469727,17.43000030517578,17.43000030517578,37446600,4401.669921875
2022-02-15,18.31999969482422,18.90999984741211,18.1200008392334,18.84000015258789,18.84000015258789,46447100,4471.06982421875
2022-02-16,18.56999969482422,19.11000061035156,18.5,18.81999969482422,18.81999969482422,30557500,4475.009765625
2022-02-17,18.540000915527344,18.670000076293945,18.030000686645508,18.21999931335449,18.21999931335449,29950300,4380.259765625
2022-02-18,18.21999931335449,18.40999984741211,17.75,17.8700008392334,17.8700008392334,30507500,4348.8701171875
2022-02-22,17.440000534057617,17.950000762939453,17.290000915527344,17.43000030517578,17.43000030517578,32432700,4304.759765625
2022-02-23,17.6200008392334,17.760000228881836,16.610000610351562,16.639999389648438,16.639999389648438,35359100,4225.5
2022-02-24,15.65999984741211,17.0,15.479999542236328,16.959999084472656,16.959999084472656,56881500,4288.7001953125
2022-02-25,17.15999984741211,17.729999542236328,16.989999771118164,17.459999084472656,17.459999084472656,43874100,4384.64990234375
2022-02-28,17.040000915527344,17.43000030517578,16.549999237060547,17.25,17.25,51465700,4373.93994140625
2022-03-01,16.969999313354492,17.06999969482422,16.079999923706055,16.290000915527344,16.290000915527344,50513700,4306.259765625
2022-03-02,16.5,16.920000076293945,16.290000915527344,16.3700008392334,16.3700008392334,43654300,4386.5400390625
2022-03-03,16.6299991607666,16.75,15.609999656677246,15.710000038146973,15.710000038146973,47575100,4363.490234375
2022-03-04,15.270000457763672,15.479999542236328,14.420000076293944,14.59000015258789,14.59000015258789,76212200,4328.8701171875
2022-03-07,14.31999969482422,14.619999885559082,12.770000457763672,12.84000015258789,12.84000015258789,89360300,4201.08984375
2022-03-08,13.039999961853027,14.270000457763672,12.4399995803833,13.510000228881836,13.510000228881836,88067100,4170.7001953125
2022-03-09,14.4399995803833,14.75,14.050000190734863,14.300000190734863,14.300000190734863,88884200,4277.8798828125
2022-03-10,13.81999969482422,14.4399995803833,13.460000038146973,14.199999809265137,14.199999809265137,56571700,4259.52001953125
2022-03-11,14.399999618530272,14.5600004196167,13.899999618530272,14.020000457763672,14.020000457763672,48409500,4204.31005859375
2022-03-14,14.039999961853027,14.829999923706056,13.699999809265137,14.25,14.25,53284300,4173.10986328125
2022-03-15,14.90999984741211,15.800000190734863,14.899999618530272,15.56999969482422,15.56999969482422,76398400,4262.4501953125
2022-03-16,15.850000381469728,16.489999771118164,15.529999732971191,16.469999313354492,16.469999313354492,66907400,4357.85986328125
2022-03-17,16.059999465942383,16.56999969482422,15.890000343322754,16.549999237060547,16.549999237060547,41996300,4411.669921875
2022-03-18,16.350000381469727,16.84000015258789,16.15999984741211,16.75,16.75,39040200,4463.1201171875
2022-03-21,16.5,16.540000915527344,15.899999618530272,16.09000015258789,16.09000015258789,45852600,4461.18017578125
2022-03-22,16.200000762939453,16.760000228881836,16.09000015258789,16.559999465942383,16.559999465942383,40143400,4511.60986328125
2022-03-23,16.309999465942383,16.459999084472656,16.170000076293945,16.209999084472656,16.209999084472656,31336000,4456.240234375
2022-03-24,16.309999465942383,16.760000228881836,16.100000381469727,16.719999313354492,16.719999313354492,33894000,4520.16015625
2022-03-25,16.75,17.440000534057617,16.739999771118164,17.010000228881836,17.010000228881836,39510300,4543.06005859375
2022-03-28,17.270000457763672,17.3799991607666,16.81999969482422,17.299999237060547,17.299999237060547,29985300,4575.52001953125
2022-03-29,17.889999389648438,18.43000030517578,17.860000610351562,18.15999984741211,18.15999984741211,58105500,4631.60009765625
2022-03-30,17.920000076293945,18.25,17.770000457763672,18.049999237060547,18.049999237060547,28866400,4602.4501953125
2022-03-31,18.15999984741211,18.450000762939453,17.979999542236328,18.25,18.25,33338200,4530.41015625
2022-04-01,18.299999237060547,18.399999618530277,18.06999969482422,18.239999771118164,18.239999771118164,25182700,4545.85986328125
2022-04-04,18.15999984741211,18.3700008392334,17.719999313354492,18.229999542236328,18.229999542236328,23037400,4582.64013671875
2022-04-05,18.350000381469727,18.56999969482422,17.579999923706055,17.84000015258789,17.84000015258789,35187300,4525.1201171875
2022-04-06,17.260000228881836,17.670000076293945,16.829999923706055,17.3799991607666,17.3799991607666,40217800,4481.14990234375
2022-04-07,17.139999389648438,17.25,16.3700008392334,16.950000762939453,16.950000762939453,42285200,4500.2099609375
2022-04-08,16.8700008392334,17.020000457763672,16.56999969482422,16.59000015258789,16.59000015258789,22627700,4488.27978515625
2022-04-11,16.5,17.229999542236328,16.40999984741211,16.969999313354492,16.969999313354492,24886200,4412.52978515625
2022-04-12,17.1299991607666,17.15999984741211,16.690000534057617,17.1299991607666,17.1299991607666,31461600,4397.4501953125
2022-04-13,17.8799991607666,18.989999771118164,17.860000610351562,18.950000762939453,18.950000762939453,90231900,4446.58984375
2022-04-14,18.989999771118164,19.489999771118164,18.8799991607666,19.0,19.0,43180700,4392.58984375
2022-04-18,18.86000061035156,19.09000015258789,18.46999931335449,18.540000915527344,18.540000915527344,27478900,4391.68994140625
2022-04-19,18.86000061035156,19.799999237060547,18.86000061035156,19.59000015258789,19.59000015258789,41228000,4462.2099609375
2022-04-20,19.65999984741211,20.06999969482422,19.46999931335449,19.479999542236328,19.479999542236328,43515000,4459.4501953125
2022-04-21,21.26000022888184,21.420000076293945,20.11000061035156,20.21999931335449,20.21999931335449,84042900,4393.66015625
2022-04-22,20.600000381469727,21.149999618530277,20.06999969482422,20.18000030517578,20.18000030517578,42141900,4271.77978515625
2022-04-25,19.979999542236328,20.149999618530277,19.479999542236328,19.979999542236328,19.979999542236328,37047800,4296.1201171875
2022-04-26,19.84000015258789,19.979999542236328,18.76000022888184,18.770000457763672,18.770000457763672,33555800,4175.2001953125
2022-04-27,18.68000030517578,19.18000030517578,18.46999931335449,18.96999931335449,18.96999931335449,31101300,4183.9599609375
2022-04-28,19.1299991607666,19.559999465942383,18.63999938964844,19.43000030517578,19.43000030517578,27601000,4287.5
2022-04-29,19.149999618530277,19.51000022888184,18.71999931335449,18.770000457763672,18.770000457763672,24044900,4131.93017578125
2022-05-02,18.75,18.950000762939453,18.030000686645508,18.559999465942383,18.559999465942383,32639400,4155.3798828125
2022-05-03,18.68000030517578,19.34000015258789,18.34000015258789,19.1299991607666,19.1299991607666,30334200,4175.47998046875
2022-05-04,18.82999992370605,19.63999938964844,18.75,19.6200008392334,19.6200008392334,30759700,4300.169921875
2022-05-05,19.25,19.520000457763672,18.3799991607666,18.540000915527344,18.540000915527344,32054500,4146.8701171875
2022-05-06,18.450000762939453,18.46999931335449,17.610000610351562,17.84000015258789,17.84000015258789,34360000,4123.33984375
2022-05-09,17.360000610351562,17.579999923706055,16.209999084472656,16.31999969482422,16.31999969482422,37938900,3991.239990234375
2022-05-10,16.809999465942383,16.889999389648438,16.18000030517578,16.56999969482422,16.56999969482422,35775600,4001.050048828125
2022-05-11,16.549999237060547,17.09000015258789,15.90999984741211,15.970000267028809,15.970000267028809,34913300,3935.179931640625
2022-05-12,15.710000038146973,16.1299991607666,15.09000015258789,15.489999771118164,15.489999771118164,40155400,3930.080078125
2022-05-13,15.84000015258789,16.649999618530273,15.81999969482422,16.579999923706055,16.579999923706055,31753100,4023.889892578125
2022-05-16,16.5,17.030000686645508,16.420000076293945,16.549999237060547,16.549999237060547,25223400,4008.010009765625
2022-05-17,17.15999984741211,17.829999923706055,17.06999969482422,17.81999969482422,17.81999969482422,28978500,4088.85009765625
2022-05-18,17.450000762939453,17.84000015258789,16.780000686645508,16.889999389648438,16.889999389648438,29441900,3923.679931640625
2022-05-19,16.6299991607666,17.139999389648438,16.56999969482422,16.75,16.75,28299800,3900.7900390625
2022-05-20,17.059999465942383,17.15999984741211,15.829999923706056,16.260000228881836,16.260000228881836,34090600,3901.360107421875
2022-05-23,16.43000030517578,16.860000610351562,16.139999389648438,16.75,16.75,24684500,3973.75
2022-05-24,16.530000686645508,16.530000686645508,15.31999969482422,15.5,15.5,38817400,3941.47998046875
2022-05-25,15.4399995803833,16.18000030517578,15.40999984741211,16.1299991607666,16.1299991607666,31846900,3978.72998046875
2022-05-26,16.3700008392334,17.420000076293945,16.309999465942383,17.239999771118164,17.239999771118164,33955200,4057.840087890625
2022-05-27,17.450000762939453,18.209999084472656,17.34000015258789,18.1299991607666,18.1299991607666,27615600,4158.240234375
2022-05-31,17.700000762939453,18.21999931335449,17.510000228881836,17.8700008392334,17.8700008392334,31158300,4132.14990234375
2022-06-01,18.06999969482422,18.100000381469727,16.979999542236328,17.290000915527344,17.290000915527344,32637900,4101.22998046875
2022-06-02,17.270000457763672,17.510000228881836,17.18000030517578,17.459999084472656,17.459999084472656,23337700,4176.81982421875
2022-06-03,17.0,17.049999237060547,16.09000015258789,16.219999313354492,16.219999313354492,46267600,4108.5400390625
2022-06-06,16.530000686645508,16.56999969482422,16.020000457763672,16.299999237060547,16.299999237060547,29567800,4121.43017578125
2022-06-07,16.100000381469727,16.729999542236328,15.960000038146973,16.690000534057617,16.690000534057617,29278100,4160.68017578125
2022-06-08,16.389999389648438,16.690000534057617,16.110000610351562,16.149999618530273,16.149999618530273,22558800,4115.77001953125
2022-06-09,16.079999923706055,16.219999313354492,15.460000038146973,15.470000267028809,15.470000267028809,31530200,4017.820068359375
2022-06-10,15.09000015258789,15.829999923706056,14.710000038146973,14.710000038146973,14.710000038146973,46180100,3900.860107421875
2022-06-13,14.119999885559082,14.15999984741211,13.130000114440918,13.31999969482422,13.31999969482422,55496100,3749.6298828125
2022-06-14,13.600000381469728,13.65999984741211,12.760000228881836,12.949999809265137,12.949999809265137,43628700,3735.47998046875
2022-06-15,13.06999969482422,13.68000030517578,13.020000457763672,13.3100004196167,13.3100004196167,49703400,3789.989990234375
2022-06-16,12.899999618530272,12.899999618530272,11.960000038146973,12.15999984741211,12.15999984741211,56545200,3666.77001953125
2022-06-17,12.199999809265137,13.06999969482422,11.93000030517578,12.9399995803833,12.9399995803833,52537800,3674.840087890625
2022-06-21,13.220000267028809,13.239999771118164,12.619999885559082,13.039999961853027,13.039999961853027,39780800,3764.7900390625
2022-06-22,12.81999969482422,13.43000030517578,12.760000228881836,13.100000381469728,13.100000381469728,34193500,3759.889892578125
2022-06-23,13.020000457763672,13.18000030517578,12.579999923706056,12.979999542236328,12.979999542236328,31067800,3795.72998046875
2022-06-24,12.970000267028809,13.960000038146973,12.890000343322754,13.899999618530272,13.899999618530272,41326600,3911.739990234375
2022-06-27,13.960000038146973,13.960000038146973,13.380000114440918,13.5600004196167,13.5600004196167,26086200,3900.110107421875
2022-06-28,13.800000190734863,14.479999542236328,13.470000267028809,13.5,13.5,36500500,3821.550048828125
2022-06-29,13.229999542236328,13.239999771118164,12.770000457763672,13.029999732971191,13.029999732971191,34351000,3818.830078125
2022-06-30,12.600000381469728,12.880000114440918,12.25,12.68000030517578,12.68000030517578,37521400,3785.3798828125
2022-07-01,12.779999732971191,13.18000030517578,12.520000457763672,13.130000114440918,13.130000114440918,34110400,3825.330078125
2022-07-05,12.8100004196167,13.880000114440918,12.550000190734863,13.880000114440918,13.880000114440918,43922100,3831.389892578125
2022-07-06,13.75,14.09000015258789,13.640000343322754,13.890000343322754,13.890000343322754,30792600,3845.080078125
2022-07-07,13.9399995803833,14.199999809265137,13.640000343322754,14.100000381469728,14.100000381469728,33327700,3902.6201171875
2022-07-08,13.960000038146973,14.270000457763672,13.720000267028809,13.970000267028809,13.970000267028809,28114100,3899.3798828125
2022-07-11,13.81999969482422,13.970000267028809,13.3100004196167,13.43000030517578,13.43000030517578,25163100,3854.429931640625
2022-07-12,13.630000114440918,15.039999961853027,13.5600004196167,14.770000457763672,14.770000457763672,74980100,3818.800048828125
2022-07-13,14.039999961853027,14.4399995803833,13.699999809265137,14.3100004196167,14.3100004196167,45289800,3801.780029296875
2022-07-14,14.18000030517578,14.869999885559082,14.050000190734863,14.25,14.25,39441400,3790.3798828125
2022-07-15,14.489999771118164,14.5600004196167,14.050000190734863,14.470000267028809,14.470000267028809,30182000,3863.159912109375
2022-07-18,14.829999923706056,15.15999984741211,14.520000457763672,14.539999961853027,14.539999961853027,31995000,3830.85009765625
2022-07-19,14.899999618530272,15.270000457763672,14.869999885559082,15.15999984741211,15.15999984741211,30099600,3936.68994140625
2022-07-20,15.140000343322754,15.420000076293944,14.899999618530272,15.210000038146973,15.210000038146973,39746400,3959.89990234375
2022-07-21,14.670000076293944,14.6899995803833,13.8100004196167,14.079999923706056,14.079999923706056,64624900,3998.949951171875
2022-07-22,14.109999656677246,14.279999732971191,13.630000114440918,13.68000030517578,13.68000030517578,38345400,3961.6298828125
2022-07-25,13.619999885559082,13.800000190734863,13.300000190734863,13.75,13.75,28368500,3966.840087890625
2022-07-26,13.520000457763672,13.649999618530272,13.350000381469728,13.43000030517578,13.43000030517578,23978100,3921.050048828125
2022-07-27,13.710000038146973,14.029999732971191,13.350000381469728,13.970000267028809,13.970000267028809,36408900,4023.610107421875
2022-07-28,13.6899995803833,14.039999961853027,13.289999961853027,13.760000228881836,13.760000228881836,35834400,4072.429931640625
2022-07-29,13.59000015258789,13.920000076293944,13.489999771118164,13.710000038146973,13.710000038146973,26238200,4130.2900390625
2022-08-01,13.670000076293944,14.31999969482422,13.520000457763672,14.279999732971191,14.279999732971191,32730800,4118.6298828125
2022-08-02,14.050000190734863,14.399999618530272,13.899999618530272,14.0600004196167,14.0600004196167,27440000,4091.18994140625
2022-08-03,14.199999809265137,14.699999809265137,14.149999618530272,14.630000114440918,14.630000114440918,28366500,4155.169921875
2022-08-04,14.529999732971191,14.970000267028809,14.510000228881836,14.859999656677246,14.859999656677246,27102900,4151.93994140625
2022-08-05,14.619999885559082,14.979999542236328,14.609999656677246,14.739999771118164,14.739999771118164,19503800,4145.18994140625
2022-08-08,14.869999885559082,15.279999732971191,14.81999969482422,15.020000457763672,15.020000457763672,23643500,4140.06005859375
2022-08-09,14.869999885559082,14.880000114440918,14.380000114440918,14.619999885559082,14.619999885559082,23706400,4122.47021484375
2022-08-10,15.109999656677246,15.390000343322754,14.949999809265137,15.06999969482422,15.06999969482422,32383200,4210.240234375
2022-08-11,15.399999618530272,15.460000038146973,14.899999618530272,14.989999771118164,14.989999771118164,32357500,4207.27001953125
2022-08-12,15.15999984741211,15.289999961853027,15.029999732971191,15.25,15.25,21151000,4280.14990234375
2022-08-15,15.270000457763672,15.550000190734863,15.25,15.329999923706056,15.329999923706056,18364000,4297.14013671875
2022-08-16,15.300000190734863,15.710000038146973,15.109999656677246,15.5,15.5,23668500,4305.2001953125
2022-08-17,15.229999542236328,15.289999961853027,14.779999732971191,14.960000038146973,14.960000038146973,28352800,4274.0400390625
2022-08-18,14.979999542236328,15.020000457763672,14.729999542236328,14.84000015258789,14.84000015258789,19271200,4283.740234375
2022-08-19,14.5,14.56999969482422,13.960000038146973,14.170000076293944,14.170000076293944,31593300,4228.47998046875
2022-08-22,13.779999732971191,13.920000076293944,13.609999656677246,13.710000038146973,13.710000038146973,25120700,4137.990234375
2022-08-23,13.779999732971191,13.93000030517578,13.59000015258789,13.81999969482422,13.81999969482422,25500100,4128.72998046875
2022-08-24,13.84000015258789,14.050000190734863,13.770000457763672,13.989999771118164,13.989999771118164,17825100,4140.77001953125
2022-08-25,14.170000076293944,14.460000038146973,14.09000015258789,14.420000076293944,14.420000076293944,22167800,4199.1201171875
2022-08-26,14.40999984741211,14.539999961853027,13.710000038146973,13.739999771118164,13.739999771118164,23177500,4057.659912109375
2022-08-29,13.510000228881836,13.710000038146973,13.449999809265137,13.510000228881836,13.510000228881836,21391200,4030.610107421875
2022-08-30,13.609999656677246,13.68000030517578,13.199999809265137,13.329999923706056,13.329999923706056,25076800,3986.159912109375
2022-08-31,13.489999771118164,13.529999732971191,12.960000038146973,12.989999771118164,12.989999771118164,27923800,3955.0
2022-09-01,12.869999885559082,12.949999809265137,12.5,12.93000030517578,12.93000030517578,29871200,3966.85009765625
2022-09-02,13.149999618530272,13.350000381469728,12.869999885559082,12.989999771118164,12.989999771118164,26922500,3924.260009765625
2022-09-06,13.1899995803833,13.260000228881836,12.739999771118164,13.220000267028809,13.220000267028809,27966400,3908.18994140625
2022-09-07,13.270000457763672,13.93000030517578,13.220000267028809,13.890000343322754,13.890000343322754,32867600,3979.8701171875
2022-09-08,13.670000076293944,14.119999885559082,13.5600004196167,13.960000038146973,13.960000038146973,26437600,4006.179931640625
2022-09-09,14.100000381469728,14.25,14.010000228881836,14.1899995803833,14.1899995803833,23927900,4067.360107421875
2022-09-12,14.350000381469728,14.670000076293944,14.31999969482422,14.470000267028809,14.470000267028809,27655300,4110.41015625
2022-09-13,13.93000030517578,14.109999656677246,13.630000114440918,13.68000030517578,13.68000030517578,31432900,3932.68994140625
2022-09-14,13.619999885559082,14.039999961853027,13.270000457763672,14.029999732971191,14.029999732971191,30564000,3946.010009765625
2022-09-15,13.90999984741211,14.5600004196167,13.899999618530272,14.270000457763672,14.270000457763672,28334700,3901.35009765625
2022-09-16,13.9399995803833,14.020000457763672,13.619999885559082,13.75,13.75,27319000,3873.330078125
2022-09-19,13.600000381469728,14.300000190734863,13.600000381469728,14.210000038146973,14.210000038146973,25403200,3899.889892578125
2022-09-20,14.199999809265137,14.329999923706056,13.6899995803833,13.970000267028809,13.970000267028809,31083400,3855.929931640625
2022-09-21,13.850000381469728,13.850000381469728,13.229999542236328,13.229999542236328,13.229999542236328,40988700,3789.929931640625
2022-09-22,13.300000190734863,13.329999923706056,12.520000457763672,12.710000038146973,12.710000038146973,44037600,3757.989990234375
2022-09-23,12.479999542236328,12.56999969482422,11.859999656677246,12.210000038146973,12.210000038146973,53874900,3693.22998046875
2022-09-26,12.18000030517578,12.43000030517578,11.850000381469728,11.859999656677246,11.859999656677246,38155600,3655.0400390625
2022-09-27,12.1899995803833,12.510000228881836,11.90999984741211,12.270000457763672,12.270000457763672,44010500,3647.2900390625
2022-09-28,12.239999771118164,12.800000190734863,12.079999923706056,12.75,12.75,34069300,3719.0400390625
2022-09-29,12.529999732971191,12.550000190734863,12.09000015258789,12.25,12.25,34402800,3640.469970703125
2022-09-30,12.130000114440918,12.399999618530272,12.010000228881836,12.039999961853027,12.039999961853027,30111400,3585.6201171875
2022-10-03,12.020000457763672,12.229999542236328,11.649999618530272,11.920000076293944,11.920000076293944,41156700,3678.429931640625
2022-10-04,12.3100004196167,13.050000190734863,12.300000190734863,12.949999809265137,12.949999809265137,47616000,3790.929931640625
2022-10-05,12.630000114440918,12.960000038146973,12.43000030517578,12.869999885559082,12.869999885559082,28172500,3783.280029296875
2022-10-06,12.770000457763672,13.0,12.399999618530272,12.729999542236328,12.729999542236328,31569300,3744.52001953125
2022-10-07,12.5,12.539999961853027,11.949999809265137,12.18000030517578,12.18000030517578,37297700,3639.659912109375
2022-10-10,12.199999809265137,12.31999969482422,11.859999656677246,12.050000190734863,12.050000190734863,29602600,3612.389892578125
2022-10-11,12.739999771118164,12.859999656677246,11.789999961853027,12.260000228881836,12.260000228881836,64438100,3588.840087890625
2022-10-12,12.210000038146973,12.829999923706056,11.979999542236328,12.699999809265137,12.699999809265137,40359200,3577.030029296875
2022-10-13,12.5,13.199999809265137,12.18000030517578,13.050000190734863,13.050000190734863,53206100,3669.909912109375
2022-10-14,13.350000381469728,13.579999923706056,12.960000038146973,13.109999656677246,13.109999656677246,34831700,3583.070068359375
2022-10-17,13.529999732971191,13.59000015258789,12.920000076293944,13.199999809265137,13.199999809265137,39973800,3677.949951171875
2022-10-18,13.56999969482422,13.880000114440918,13.460000038146973,13.699999809265137,13.699999809265137,38762400,3719.97998046875
2022-10-19,13.979999542236328,14.279999732971191,13.720000267028809,13.989999771118164,13.989999771118164,55466400,3695.159912109375
2022-10-20,13.949999809265137,14.270000457763672,13.43000030517578,13.460000038146973,13.460000038146973,58239700,3665.780029296875
2022-10-21,13.359999656677246,13.869999885559082,13.210000038146973,13.710000038146973,13.710000038146973,36760000,3752.75
2022-10-24,13.75,14.119999885559082,13.59000015258789,14.100000381469728,14.100000381469728,32811000,3797.340087890625
2022-10-25,14.050000190734863,14.369999885559082,13.93000030517578,14.289999961853027,14.289999961853027,27677200,3859.110107421875
2022-10-26,14.140000343322754,14.4399995803833,13.989999771118164,14.0,14.0,28273700,3830.60009765625
2022-10-27,14.18000030517578,14.479999542236328,13.960000038146973,13.970000267028809,13.970000267028809,25575200,3807.300048828125
2022-10-28,14.0,14.100000381469728,13.789999961853027,14.0,14.0,26410600,3901.06005859375
2022-10-31,14.029999732971191,14.31999969482422,13.890000343322754,14.18000030517578,14.18000030517578,26486700,3871.97998046875
2022-11-01,14.4399995803833,14.539999961853027,14.100000381469728,14.109999656677246,14.109999656677246,25606900,3856.10009765625
2022-11-02,14.0,14.270000457763672,13.550000190734863,13.579999923706056,13.579999923706056,34816100,3759.68994140625
2022-11-03,13.359999656677246,13.869999885559082,13.199999809265137,13.729999542236328,13.729999542236328,25312300,3719.889892578125
2022-11-04,14.0600004196167,14.399999618530272,13.859999656677246,14.109999656677246,14.109999656677246,28238500,3770.550048828125
2022-11-07,14.31999969482422,14.390000343322754,13.859999656677246,14.31999969482422,14.31999969482422,23797300,3806.800048828125
2022-11-08,14.289999961853027,14.449999809265137,14.079999923706056,14.25,14.25,25415700,3828.110107421875
2022-11-09,14.119999885559082,14.34000015258789,13.970000267028809,13.979999542236328,13.979999542236328,21047200,3748.570068359375
2022-11-10,14.460000038146973,14.989999771118164,14.359999656677246,14.93000030517578,14.93000030517578,35599100,3956.3701171875
2022-11-11,15.0,15.079999923706056,14.720000267028809,14.880000114440918,14.880000114440918,24134000,3992.929931640625
2022-11-14,14.789999961853027,15.029999732971191,14.550000190734863,14.68000030517578,14.68000030517578,26266600,3957.25
2022-11-15,15.020000457763672,15.18000030517578,14.529999732971191,14.609999656677246,14.609999656677246,29423100,3991.72998046875
2022-11-16,14.449999809265137,14.470000267028809,14.010000228881836,14.09000015258789,14.09000015258789,28858000,3958.7900390625
2022-11-17,13.81999969482422,14.020000457763672,13.68000030517578,13.949999809265137,13.949999809265137,24041700,3946.56005859375
2022-11-18,14.260000228881836,14.579999923706056,13.920000076293944,14.050000190734863,14.050000190734863,25968300,3965.340087890625
2022-11-21,14.020000457763672,14.270000457763672,13.800000190734863,13.850000381469728,13.850000381469728,25708400,3949.93994140625
2022-11-22,13.850000381469728,14.029999732971191,13.359999656677246,13.979999542236328,13.979999542236328,26387000,4003.580078125
2022-11-23,13.979999542236328,14.43000030517578,13.880000114440918,14.420000076293944,14.420000076293944,23686400,4027.260009765625
2022-11-25,14.399999618530272,14.699999809265137,14.350000381469728,14.5,14.5,9903900,4026.1201171875
2022-11-28,14.34000015258789,14.4399995803833,13.81999969482422,13.829999923706056,13.829999923706056,21313800,3963.93994140625
2022-11-29,13.890000343322754,14.15999984741211,13.829999923706056,14.140000343322754,14.140000343322754,17335300,3957.6298828125
2022-11-30,14.119999885559082,14.449999809265137,13.93000030517578,14.43000030517578,14.43000030517578,21241800,4080.110107421875
2022-12-01,14.460000038146973,14.56999969482422,13.93000030517578,13.979999542236328,13.979999542236328,26519600,4076.570068359375
2022-12-02,13.81999969482422,13.979999542236328,13.670000076293944,13.970000267028809,13.970000267028809,24124300,4071.699951171875
2022-12-05,13.84000015258789,14.34000015258789,13.81999969482422,14.109999656677246,14.109999656677246,27029000,3998.840087890625
2022-12-06,14.140000343322754,14.34000015258789,14.0,14.329999923706056,14.329999923706056,20781500,3941.260009765625
2022-12-07,14.239999771118164,14.239999771118164,13.529999732971191,13.550000190734863,13.550000190734863,28161400,3933.919921875
2022-12-08,13.649999618530272,13.800000190734863,13.380000114440918,13.600000381469728,13.600000381469728,25300900,3963.510009765625
2022-12-09,13.520000457763672,13.65999984741211,13.420000076293944,13.529999732971191,13.529999732971191,18535400,3934.3798828125
2022-12-12,13.489999771118164,14.210000038146973,13.449999809265137,14.199999809265137,14.199999809265137,23344600,3990.56005859375
2022-12-13,14.600000381469728,14.739999771118164,13.289999961853027,13.460000038146973,13.460000038146973,51620100,4019.64990234375
2022-12-14,13.579999923706056,13.6899995803833,13.239999771118164,13.350000381469728,13.350000381469728,33728900,3995.320068359375
2022-12-15,13.15999984741211,13.3100004196167,12.800000190734863,12.93000030517578,12.93000030517578,26158300,3895.75
2022-12-16,12.970000267028809,13.100000381469728,12.59000015258789,12.8100004196167,12.8100004196167,26395000,3852.360107421875
2022-12-19,12.850000381469728,12.890000343322754,12.460000038146973,12.479999542236328,12.479999542236328,21884000,3817.659912109375
2022-12-20,12.420000076293944,12.619999885559082,12.380000114440918,12.529999732971191,12.529999732971191,20354200,3821.6201171875
2022-12-21,12.6899995803833,13.220000267028809,12.649999618530272,13.029999732971191,13.029999732971191,29778900,3878.43994140625
2022-12-22,12.979999542236328,13.0,12.229999542236328,12.5600004196167,12.5600004196167,25372900,3822.389892578125
2022-12-23,12.510000228881836,12.710000038146973,12.329999923706056,12.710000038146973,12.710000038146973,17181200,3844.820068359375
2022-12-27,12.619999885559082,12.789999961853027,12.399999618530272,12.529999732971191,12.529999732971191,18878200,3829.25
2022-12-28,12.520000457763672,12.68000030517578,12.25,12.31999969482422,12.31999969482422,20470400,3783.219970703125
2022-12-29,12.390000343322754,12.710000038146973,12.300000190734863,12.699999809265137,12.699999809265137,19706300,3849.280029296875
2022-12-30,12.550000190734863,12.829999923706056,12.529999732971191,12.720000267028809,12.720000267028809,19002800,3839.5
2023-01-03,12.90999984741211,13.0,12.529999732971191,12.739999771118164,12.739999771118164,21865100,3824.139892578125
2023-01-04,12.859999656677246,13.609999656677246,12.859999656677246,13.59000015258789,13.59000015258789,34359100,3852.969970703125
2023-01-05,13.5,14.010000228881836,13.420000076293944,13.989999771118164,13.989999771118164,27378000,3808.10009765625
2023-01-06,14.010000228881836,14.25,13.920000076293944,14.18000030517578,14.18000030517578,29546400,3895.080078125
2023-01-09,14.25,14.789999961853027,14.229999542236328,14.609999656677246,14.609999656677246,31496900,3892.090087890625
2023-01-10,14.5600004196167,15.199999809265137,14.5600004196167,15.1899995803833,15.1899995803833,31109900,3919.25
2023-01-11,15.09000015258789,15.5,15.050000190734863,15.34000015258789,15.34000015258789,28664300,3969.610107421875
2023-01-12,16.030000686645508,16.899999618530273,15.880000114440918,16.829999923706055,16.829999923706055,96441800,3983.169921875
2023-01-13,16.219999313354492,17.06999969482422,16.010000228881836,17.020000457763672,17.020000457763672,50828000,3999.090087890625
2023-01-17,16.899999618530273,17.1200008392334,16.739999771118164,17.079999923706055,17.079999923706055,32875700,3990.969970703125
2023-01-18,17.530000686645508,17.639999389648438,16.600000381469727,16.639999389648438,16.639999389648438,42352600,3928.860107421875
2023-01-19,16.40999984741211,16.489999771118164,16.010000228881836,16.280000686645508,16.280000686645508,32630200,3898.85009765625
2023-01-20,16.3700008392334,16.540000915527344,16.139999389648438,16.34000015258789,16.34000015258789,22487700,3972.610107421875
2023-01-23,16.389999389648438,16.440000534057617,16.15999984741211,16.170000076293945,16.170000076293945,23408500,4019.81005859375
2023-01-24,16.010000228881836,16.43000030517578,15.960000038146973,16.020000457763672,16.020000457763672,21641500,4016.949951171875
2023-01-25,15.970000267028809,16.479999542236328,15.899999618530272,16.260000228881836,16.260000228881836,34131000,4016.219970703125
2023-01-26,16.540000915527344,16.739999771118164,15.729999542236328,16.610000610351562,16.610000610351562,47488900,4060.429931640625
2023-01-27,16.540000915527344,16.809999465942383,16.3700008392334,16.43000030517578,16.43000030517578,26257000,4070.56005859375
2023-01-30,16.290000915527344,16.600000381469727,15.90999984741211,15.960000038146973,15.960000038146973,23586000,4017.77001953125
2023-01-31,16.010000228881836,16.239999771118164,15.90999984741211,16.139999389648438,16.139999389648438,19866900,4076.60009765625
2023-02-01,16.040000915527344,16.719999313354492,15.920000076293944,16.690000534057617,16.690000534057617,26925300,4119.2099609375
2023-02-02,16.729999542236328,17.31999969482422,16.719999313354492,17.059999465942383,17.059999465942383,31552200,4179.759765625
2023-02-03,16.850000381469727,17.219999313354492,16.850000381469727,17.020000457763672,17.020000457763672,22108200,4136.47998046875
2023-02-06,16.8799991607666,17.09000015258789,16.790000915527344,16.920000076293945,16.920000076293945,19340800,4111.080078125
2023-02-07,16.920000076293945,17.030000686645508,16.540000915527344,16.959999084472656,16.959999084472656,19053400,4164.0
2023-02-08,17.260000228881836,17.440000534057617,16.799999237060547,16.969999313354492,16.969999313354492,20774200,4117.85986328125
2023-02-09,17.110000610351562,17.15999984741211,16.59000015258789,16.65999984741211,16.65999984741211,17558700,4081.5
2023-02-10,16.40999984741211,16.43000030517578,16.139999389648438,16.280000686645508,16.280000686645508,14210100,4090.4599609375
2023-02-13,16.25,16.600000381469727,16.209999084472656,16.510000228881836,16.510000228881836,15649900,4137.2900390625
2023-02-14,16.489999771118164,16.850000381469727,16.329999923706055,16.790000915527344,16.790000915527344,17467900,4136.1298828125
2023-02-15,16.639999389648438,16.84000015258789,16.579999923706055,16.799999237060547,16.799999237060547,12457100,4147.60009765625
2023-02-16,16.59000015258789,16.670000076293945,16.360000610351562,16.389999389648438,16.389999389648438,15054700,4090.409912109375
2023-02-17,16.3799991607666,16.559999465942383,16.149999618530273,16.360000610351562,16.360000610351562,21921300,4079.090087890625
2023-02-21,16.059999465942383,16.200000762939453,15.520000457763672,15.6899995803833,15.6899995803833,24449000,3997.340087890625
2023-02-22,15.640000343322754,15.81999969482422,15.420000076293944,15.5600004196167,15.5600004196167,22273800,3991.050048828125
2023-02-23,15.65999984741211,16.170000076293945,15.5,15.869999885559082,15.869999885559082,25607100,4012.320068359375
2023-02-24,15.510000228881836,15.670000076293944,15.359999656677246,15.5600004196167,15.5600004196167,20471800,3970.0400390625
2023-02-27,15.739999771118164,15.829999923706056,15.550000190734863,15.630000114440918,15.630000114440918,15494300,3982.239990234375
2023-02-28,15.550000190734863,16.049999237060547,15.529999732971191,15.979999542236328,15.979999542236328,15597800,3970.14990234375
2023-03-01,15.93000030517578,16.049999237060547,15.75,16.030000686645508,16.030000686645508,11730500,3951.389892578125
2023-03-02,15.880000114440918,16.149999618530273,15.729999542236328,16.1200008392334,16.1200008392334,11728300,3981.35009765625
2023-03-03,16.3700008392334,16.549999237060547,16.139999389648438,16.360000610351562,16.360000610351562,14389500,4045.639892578125
2023-03-06,16.469999313354492,16.549999237060547,16.100000381469727,16.1200008392334,16.1200008392334,13504800,4048.419921875
2023-03-07,16.239999771118164,16.65999984741211,16.139999389648438,16.360000610351562,16.360000610351562,17951300,3986.3701171875
2023-03-08,16.40999984741211,16.600000381469727,16.270000457763672,16.59000015258789,16.59000015258789,11399600,3992.010009765625
2023-03-09,16.549999237060547,16.799999237060547,15.850000381469728,15.880000114440918,15.880000114440918,18505000,3918.320068359375
2023-03-10,15.979999542236328,16.0,15.109999656677246,15.460000038146973,15.460000038146973,27280200,3861.590087890625
2023-03-13,15.020000457763672,15.260000228881836,14.6899995803833,14.850000381469728,14.850000381469728,32541700,3855.760009765625
2023-03-14,15.050000190734863,15.31999969482422,14.489999771118164,14.65999984741211,14.65999984741211,35258900,3919.2900390625
2023-03-15,14.239999771118164,14.420000076293944,13.510000228881836,13.859999656677246,13.859999656677246,41843700,3891.929931640625
2023-03-16,13.699999809265137,14.229999542236328,13.630000114440918,14.119999885559082,14.119999885559082,24557900,3960.280029296875
2023-03-17,13.949999809265137,14.170000076293944,13.670000076293944,13.979999542236328,13.979999542236328,31268800,3916.639892578125
2023-03-20,14.020000457763672,14.210000038146973,13.869999885559082,13.960000038146973,13.960000038146973,28076200,3951.570068359375
2023-03-21,14.289999961853027,14.539999961853027,14.25,14.369999885559082,14.369999885559082,17788600,4002.8701171875
2023-03-22,14.359999656677246,14.43000030517578,13.789999961853027,13.81999969482422,13.81999969482422,21378100,3936.969970703125
2023-03-23,14.0,14.18000030517578,13.470000267028809,13.630000114440918,13.630000114440918,25033400,3948.719970703125
2023-03-24,13.5,13.739999771118164,13.359999656677246,13.720000267028809,13.720000267028809,19871300,3970.989990234375
2023-03-27,13.960000038146973,14.0600004196167,13.710000038146973,13.9399995803833,13.9399995803833,17126700,3977.530029296875
2023-03-28,13.90999984741211,14.079999923706056,13.850000381469728,13.979999542236328,13.979999542236328,11553000,3971.27001953125
2023-03-29,14.18000030517578,14.390000343322754,14.0600004196167,14.350000381469728,14.350000381469728,15907000,4027.81005859375
2023-03-30,14.5600004196167,14.699999809265137,14.460000038146973,14.470000267028809,14.470000267028809,13673500,4050.830078125
2023-03-31,14.609999656677246,14.760000228881836,14.5600004196167,14.75,14.75,12348700,4109.31005859375
2023-04-03,14.520000457763672,14.619999885559082,14.279999732971191,14.420000076293944,14.420000076293944,14317400,4124.509765625
2023-04-04,14.550000190734863,14.550000190734863,14.020000457763672,14.15999984741211,14.15999984741211,16124100,4100.60009765625
2023-04-05,14.0600004196167,14.140000343322754,13.699999809265137,13.890000343322754,13.890000343322754,19213300,4090.3798828125
2023-04-06,13.949999809265137,14.18000030517578,13.869999885559082,14.010000228881836,14.010000228881836,14067000,4105.02001953125
2023-04-10,13.979999542236328,14.170000076293944,13.90999984741211,14.149999618530272,14.149999618530272,18832300,4109.10986328125
2023-04-11,14.220000267028809,14.510000228881836,14.079999923706056,14.31999969482422,14.31999969482422,17518200,4108.93994140625
2023-04-12,13.850000381469728,13.850000381469728,12.90999984741211,13.0,13.0,96958800,4091.949951171875
2023-04-13,13.149999618530272,13.18000030517578,12.770000457763672,12.949999809265137,12.949999809265137,47388900,4146.22021484375
2023-04-14,12.979999542236328,13.0600004196167,12.729999542236328,12.789999961853027,12.789999961853027,27538600,4137.64013671875
2023-04-17,12.859999656677246,13.170000076293944,12.800000190734863,13.100000381469728,13.100000381469728,26307900,4151.31982421875
2023-04-18,13.199999809265137,13.300000190734863,12.970000267028809,13.289999961853027,13.289999961853027,24684700,4154.8701171875
2023-04-19,13.130000114440918,13.68000030517578,13.130000114440918,13.630000114440918,13.630000114440918,31596500,4154.52001953125
2023-04-20,13.470000267028809,13.699999809265137,13.3100004196167,13.31999969482422,13.31999969482422,24240100,4129.7900390625
2023-04-21,13.3100004196167,13.420000076293944,13.15999984741211,13.399999618530272,13.399999618530272,16548000,4133.52001953125
2023-04-24,13.420000076293944,13.5600004196167,13.050000190734863,13.31999969482422,13.31999969482422,25019800,4137.0400390625
2023-04-25,13.15999984741211,13.170000076293944,12.8100004196167,12.84000015258789,12.84000015258789,33615600,4071.6298828125
2023-04-26,12.899999618530272,13.079999923706056,12.649999618530272,12.739999771118164,12.739999771118164,33435200,4055.989990234375
2023-04-27,12.970000267028809,13.399999618530272,12.75,12.880000114440918,12.880000114440918,48368000,4135.35009765625
2023-04-28,12.9399995803833,13.699999809265137,12.850000381469728,13.640000343322754,13.640000343322754,45057400,4169.47998046875
2023-05-01,13.600000381469728,14.029999732971191,13.520000457763672,13.890000343322754,13.890000343322754,29101800,4167.8701171875
2023-05-02,13.829999923706056,13.869999885559082,13.520000457763672,13.770000457763672,13.770000457763672,22469800,4119.580078125
2023-05-03,13.789999961853027,14.039999961853027,13.68000030517578,13.789999961853027,13.789999961853027,20844800,4090.75
2023-05-04,13.789999961853027,13.890000343322754,13.350000381469728,13.510000228881836,13.510000228881836,22983700,4061.219970703125
2023-05-05,13.729999542236328,13.949999809265137,13.630000114440918,13.869999885559082,13.869999885559082,20608900,4136.25
2023-05-08,14.34000015258789,14.65999984741211,14.229999542236328,14.359999656677246,14.359999656677246,34586900,4138.1201171875
2023-05-09,14.380000114440918,14.5600004196167,14.210000038146973,14.470000267028809,14.470000267028809,19682700,4119.169921875
2023-05-10,14.670000076293944,14.699999809265137,14.050000190734863,14.34000015258789,14.34000015258789,21469100,4137.64013671875
2023-05-11,14.260000228881836,14.289999961853027,14.020000457763672,14.06999969482422,14.06999969482422,17049600,4130.6201171875
2023-05-12,14.1899995803833,14.199999809265137,13.869999885559082,14.020000457763672,14.020000457763672,16707500,4124.080078125
2023-05-15,14.039999961853027,14.31999969482422,13.920000076293944,14.279999732971191,14.279999732971191,14994100,4136.27978515625
2023-05-16,14.210000038146973,14.449999809265137,13.970000267028809,14.199999809265137,14.199999809265137,20303200,4109.89990234375
2023-05-17,14.399999618530272,15.010000228881836,14.369999885559082,14.90999984741211,14.90999984741211,34905500,4158.77001953125
2023-05-18,14.90999984741211,15.079999923706056,14.800000190734863,15.050000190734863,15.050000190734863,21604500,4198.0498046875
2023-05-19,15.06999969482422,15.09000015258789,14.630000114440918,14.81999969482422,14.81999969482422,17870900,4191.97998046875
2023-05-22,14.920000076293944,14.979999542236328,14.100000381469728,14.380000114440918,14.380000114440918,28517200,4192.6298828125
2023-05-23,14.350000381469728,14.640000343322754,14.06999969482422,14.06999969482422,14.06999969482422,28899400,4145.580078125
2023-05-24,13.979999542236328,13.979999542236328,13.550000190734863,13.800000190734863,13.800000190734863,30501800,4115.240234375
2023-05-25,13.880000114440918,14.390000343322754,13.800000190734863,14.380000114440918,14.380000114440918,29719900,4151.27978515625
2023-05-26,14.40999984741211,14.539999961853027,14.279999732971191,14.350000381469728,14.350000381469728,17083800,4205.4501953125
2023-05-30,14.4399995803833,14.75,14.420000076293944,14.619999885559082,14.619999885559082,20424600,4205.52001953125
2023-05-31,15.09000015258789,15.109999656677246,14.489999771118164,14.779999732971191,14.779999732971191,31783200,4179.830078125
2023-06-01,14.869999885559082,14.880000114440918,14.609999656677246,14.699999809265137,14.699999809265137,21239100,4221.02001953125
2023-06-02,14.899999618530272,15.06999969482422,14.640000343322754,14.869999885559082,14.869999885559082,31041300,4282.3701171875
2023-06-05,14.869999885559082,14.90999984741211,14.68000030517578,14.8100004196167,14.8100004196167,15399300,4273.7900390625
2023-06-06,14.8100004196167,15.020000457763672,14.699999809265137,14.93000030517578,14.93000030517578,15840000,4283.85009765625
2023-06-07,15.0,15.270000457763672,14.899999618530272,15.15999984741211,15.15999984741211,19871400,4267.52001953125
2023-06-08,15.15999984741211,15.600000381469728,15.09000015258789,15.300000190734863,15.300000190734863,21698100,4293.93017578125
2023-06-09,15.3100004196167,15.670000076293944,15.3100004196167,15.56999969482422,15.56999969482422,21126900,4298.85986328125
2023-06-12,15.739999771118164,16.3700008392334,15.729999542236328,16.020000457763672,16.020000457763672,28381900,4338.93017578125
2023-06-13,16.25,16.350000381469727,16.100000381469727,16.309999465942383,16.309999465942383,21911600,4369.009765625
2023-06-14,16.399999618530273,16.700000762939453,16.31999969482422,16.59000015258789,16.59000015258789,22866000,4372.58984375
2023-06-15,16.450000762939453,16.649999618530273,16.399999618530273,16.649999618530273,16.649999618530273,17235100,4425.83984375
2023-06-16,16.670000076293945,16.719999313354492,16.43000030517578,16.479999542236328,16.479999542236328,22635600,4409.58984375
2023-06-20,16.3799991607666,16.43000030517578,16.15999984741211,16.31999969482422,16.31999969482422,17926100,4388.7099609375
2023-06-21,16.25,16.350000381469727,16.0,16.299999237060547,16.299999237060547,18543400,4365.68994140625
2023-06-22,16.229999542236328,16.389999389648438,16.06999969482422,16.360000610351562,16.360000610351562,12694200,4381.89013671875
2023-06-23,15.9399995803833,16.329999923706055,15.920000076293944,16.260000228881836,16.260000228881836,24406900,4348.330078125
2023-06-26,16.149999618530273,16.489999771118164,16.110000610351562,16.440000534057617,16.440000534057617,19715400,4328.81982421875
2023-06-27,16.530000686645508,17.479999542236328,16.520000457763672,17.350000381469727,17.350000381469727,42031500,4378.41015625
2023-06-28,17.350000381469727,17.579999923706055,17.280000686645508,17.549999237060547,17.549999237060547,26466300,4376.85986328125
2023-06-29,17.639999389648438,17.979999542236328,17.530000686645508,17.600000381469727,17.600000381469727,20315700,4396.43994140625
2023-06-30,17.719999313354492,17.989999771118164,17.670000076293945,17.940000534057617,17.940000534057617,18597900,4450.3798828125
2023-07-03,17.860000610351562,18.18000030517578,17.81999969482422,18.100000381469727,18.100000381469727,12883700,4455.58984375
2023-07-05,17.979999542236328,18.420000076293945,17.889999389648438,18.31999969482422,18.31999969482422,19351500,4446.81982421875
2023-07-06,18.020000457763672,18.13999938964844,17.670000076293945,17.8799991607666,17.8799991607666,25768000,4411.58984375
2023-07-07,17.93000030517578,18.549999237060547,17.93000030517578,18.350000381469727,18.350000381469727,21936300,4398.9501953125
2023-07-10,18.31999969482422,18.71999931335449,18.290000915527344,18.56999969482422,18.56999969482422,21371900,4409.52978515625
2023-07-11,18.63999938964844,18.8700008392334,18.440000534057617,18.799999237060547,18.799999237060547,23613200,4439.259765625
2023-07-12,18.93000030517578,19.06999969482422,18.489999771118164,18.56999969482422,18.56999969482422,23388600,4472.16015625
2023-07-13,19.049999237060547,19.07999992370605,18.239999771118164,18.450000762939453,18.450000762939453,30683600,4510.0400390625
2023-07-14,18.440000534057617,18.559999465942383,17.959999084472656,18.13999938964844,18.13999938964844,23241100,4505.419921875
2023-07-17,18.040000915527344,18.3799991607666,18.0,18.18000030517578,18.18000030517578,14825400,4522.7900390625
2023-07-18,18.200000762939453,18.71999931335449,18.200000762939453,18.68000030517578,18.68000030517578,16839500,4554.97998046875
2023-07-19,18.700000762939453,18.799999237060547,18.440000534057617,18.600000381469727,18.600000381469727,20416100,4565.72021484375
2023-07-20,18.149999618530277,18.170000076293945,17.280000686645508,17.440000534057617,17.440000534057617,54010900,4534.8701171875
2023-07-21,17.5,17.670000076293945,17.100000381469727,17.420000076293945,17.420000076293945,28594500,4536.33984375
2023-07-24,17.290000915527344,17.31999969482422,16.860000610351562,16.8799991607666,16.8799991607666,28457900,4554.64013671875
2023-07-25,16.549999237060547,16.829999923706055,16.190000534057617,16.649999618530273,16.649999618530273,40053800,4567.4599609375
2023-07-26,16.719999313354492,16.899999618530273,16.510000228881836,16.760000228881836,16.760000228881836,21833000,4566.75
2023-07-27,16.549999237060547,16.690000534057617,16.34000015258789,16.56999969482422,16.56999969482422,24395800,4537.41015625
2023-07-28,16.790000915527344,16.860000610351562,16.59000015258789,16.790000915527344,16.790000915527344,18588400,4582.22998046875
2023-07-31,16.850000381469727,16.8700008392334,16.59000015258789,16.75,16.75,21646200,4588.9599609375
2023-08-01,16.540000915527344,16.540000915527344,15.9399995803833,16.229999542236328,16.229999542236328,31342400,4576.72998046875
2023-08-02,16.010000228881836,16.110000610351562,15.779999732971191,15.949999809265137,15.949999809265137,29884600,4513.39013671875
2023-08-03,15.770000457763672,16.020000457763672,15.699999809265137,15.979999542236328,15.979999542236328,40463900,4501.89013671875
2023-08-04,16.100000381469727,16.18000030517578,15.779999732971191,15.84000015258789,15.84000015258789,23503400,4478.02978515625
2023-08-07,15.729999542236328,16.010000228881836,15.6899995803833,15.989999771118164,15.989999771118164,22485700,4518.43994140625
2023-08-08,15.800000190734863,16.219999313354492,15.770000457763672,16.18000030517578,16.18000030517578,25107600,4499.3798828125
2023-08-09,16.190000534057617,16.239999771118164,15.720000267028809,15.760000228881836,15.760000228881836,18744600,4467.7099609375
2023-08-10,15.93000030517578,16.020000457763672,15.649999618530272,15.760000228881836,15.760000228881836,19104200,4468.830078125
2023-08-11,15.65999984741211,15.75,15.5600004196167,15.649999618530272,15.649999618530272,16049800,4464.0498046875
2023-08-14,15.56999969482422,15.880000114440918,15.460000038146973,15.880000114440918,15.880000114440918,23646600,4489.72021484375
2023-08-15,15.710000038146973,15.779999732971191,15.510000228881836,15.550000190734863,15.550000190734863,20041500,4437.85986328125
2023-08-16,15.579999923706056,15.84000015258789,15.390000343322754,15.4399995803833,15.4399995803833,20012000,4404.330078125
2023-08-17,15.4399995803833,15.460000038146973,15.010000228881836,15.050000190734863,15.050000190734863,22240800,4370.35986328125
2023-08-18,14.829999923706056,15.149999618530272,14.800000190734863,15.039999961853027,15.039999961853027,20774600,4369.7099609375
2023-08-21,15.0600004196167,15.199999809265137,14.949999809265137,15.15999984741211,15.15999984741211,23656300,4399.77001953125
2023-08-22,15.300000190734863,15.329999923706056,14.81999969482422,14.829999923706056,14.829999923706056,25084500,4387.5498046875
2023-08-23,14.779999732971191,14.920000076293944,14.56999969482422,14.779999732971191,14.779999732971191,18599700,4436.009765625
2023-08-24,14.65999984741211,14.760000228881836,14.460000038146973,14.56999969482422,14.56999969482422,23360500,4376.31005859375
2023-08-25,14.649999618530272,14.710000038146973,14.420000076293944,14.579999923706056,14.579999923706056,15560800,4405.7099609375
2023-08-28,14.65999984741211,14.829999923706056,14.56999969482422,14.729999542236328,14.729999542236328,19455200,4433.31005859375
2023-08-29,14.739999771118164,14.989999771118164,14.6899995803833,14.899999618530272,14.899999618530272,22186400,4497.6298828125
2023-08-30,14.93000030517578,14.949999809265137,14.760000228881836,14.770000457763672,14.770000457763672,19981100,4514.8701171875
2023-08-31,14.890000343322754,14.920000076293944,14.68000030517578,14.729999542236328,14.729999542236328,13994500,4507.66015625
2023-09-01,14.800000190734863,14.84000015258789,14.59000015258789,14.68000030517578,14.68000030517578,14713500,4515.77001953125
2023-09-05,14.529999732971191,14.529999732971191,14.119999885559082,14.300000190734863,14.300000190734863,25690400,4496.830078125
2023-09-06,14.270000457763672,14.75,14.239999771118164,14.329999923706056,14.329999923706056,25490000,4465.47998046875
2023-09-07,14.25,14.260000228881836,13.920000076293944,14.0,14.0,24678300,4451.14013671875
2023-09-08,14.0,14.130000114440918,13.90999984741211,13.979999542236328,13.979999542236328,17141500,4457.490234375
2023-09-11,14.020000457763672,14.1899995803833,13.9399995803833,14.09000015258789,14.09000015258789,20957900,4487.4599609375
2023-09-12,14.1899995803833,14.289999961853027,14.079999923706056,14.109999656677246,14.109999656677246,20755000,4461.89990234375
2023-09-13,13.5,13.729999542236328,13.199999809265137,13.3100004196167,13.3100004196167,58836000,4467.43994140625
2023-09-14,13.4399995803833,13.470000267028809,13.149999618530272,13.260000228881836,13.260000228881836,31461300,4505.10009765625
2023-09-15,13.220000267028809,13.449999809265137,13.210000038146973,13.3100004196167,13.3100004196167,24956700,4450.31982421875
2023-09-18,13.239999771118164,13.270000457763672,13.079999923706056,13.109999656677246,13.109999656677246,21613900,4453.52978515625
2023-09-19,13.079999923706056,13.350000381469728,13.050000190734863,13.1899995803833,13.1899995803833,25325000,4443.9501953125
2023-09-20,13.31999969482422,13.470000267028809,13.050000190734863,13.0600004196167,13.0600004196167,27822800,4402.2001953125
2023-09-21,12.949999809265137,13.270000457763672,12.93000030517578,13.0600004196167,13.0600004196167,24911700,4330.0
2023-09-22,13.09000015258789,13.15999984741211,12.859999656677246,12.899999618530272,12.899999618530272,24670900,4320.06005859375
2023-09-25,12.8100004196167,12.979999542236328,12.710000038146973,12.90999984741211,12.90999984741211,24618800,4337.43994140625
2023-09-26,12.829999923706056,13.039999961853027,12.6899995803833,12.699999809265137,12.699999809265137,25467700,4273.52978515625
2023-09-27,12.739999771118164,12.829999923706056,12.5,12.609999656677246,12.609999656677246,29983300,4274.509765625
2023-09-28,12.600000381469728,13.09000015258789,12.5600004196167,12.920000076293944,12.920000076293944,35234200,4299.7001953125
2023-09-29,13.020000457763672,13.06999969482422,12.649999618530272,12.8100004196167,12.8100004196167,33956200,4288.0498046875
2023-10-02,12.84000015258789,13.100000381469728,12.68000030517578,12.75,12.75,38342700,4288.39013671875
2023-10-03,12.649999618530272,12.710000038146973,12.25,12.289999961853027,12.289999961853027,40692300,4229.4501953125
2023-10-04,12.399999618530272,12.81999969482422,12.34000015258789,12.729999542236328,12.729999542236328,49738100,4263.75
2023-10-05,12.90999984741211,13.010000228881836,12.720000267028809,12.850000381469728,12.850000381469728,36272900,4258.18994140625
2023-10-06,12.800000190734863,13.0,12.670000076293944,12.760000228881836,12.760000228881836,31822200,4308.5
2023-10-09,12.369999885559082,12.369999885559082,11.9399995803833,12.239999771118164,12.239999771118164,51462700,4335.66015625
2023-10-10,12.399999618530272,12.649999618530272,12.239999771118164,12.260000228881836,12.260000228881836,37144200,4358.240234375
2023-10-11,12.31999969482422,12.68000030517578,12.279999732971191,12.479999542236328,12.479999542236328,35569100,4376.9501953125
2023-10-12,12.600000381469728,12.619999885559082,11.93000030517578,12.0600004196167,12.0600004196167,50281200,4349.60986328125
2023-10-13,11.869999885559082,12.039999961853027,11.68000030517578,11.720000267028809,11.720000267028809,48056300,4327.77978515625
2023-10-16,11.81999969482422,12.050000190734863,11.720000267028809,11.9399995803833,11.9399995803833,35242600,4373.6298828125
2023-10-17,11.880000114440918,12.100000381469728,11.880000114440918,11.9399995803833,11.9399995803833,35207300,4373.2001953125
2023-10-18,11.739999771118164,11.739999771118164,11.220000267028809,11.359999656677246,11.359999656677246,67141500,4314.60009765625
2023-10-19,11.350000381469728,12.010000228881836,11.350000381469728,11.449999809265137,11.449999809265137,63900500,4278.0
2023-10-20,11.399999618530272,11.43000030517578,11.039999961853027,11.079999923706056,11.079999923706056,49956600,4224.16015625
2023-10-23,11.020000457763672,11.40999984741211,10.9399995803833,11.289999961853027,11.289999961853027,45680300,4217.0400390625
2023-10-24,11.359999656677246,11.43000030517578,11.09000015258789,11.210000038146973,11.210000038146973,39302800,4247.68017578125
2023-10-25,11.119999885559082,11.239999771118164,11.039999961853027,11.039999961853027,11.039999961853027,40461800,4186.77001953125
2023-10-26,11.050000190734863,11.25,10.970000267028809,11.149999618530272,11.149999618530272,40009500,4137.22998046875
2023-10-27,11.18000030517578,11.229999542236328,10.880000114440918,10.920000076293944,10.920000076293944,39890700,4117.3701171875
2023-10-30,11.010000228881836,11.239999771118164,11.0,11.18000030517578,11.18000030517578,38208500,4166.81982421875
2023-10-31,11.109999656677246,11.15999984741211,10.859999656677246,11.149999618530272,11.149999618530272,42086200,4193.7998046875
2023-11-01,11.109999656677246,11.220000267028809,10.979999542236328,11.140000343322754,11.140000343322754,30449500,4237.85986328125
2023-11-02,11.350000381469728,11.470000267028809,11.279999732971191,11.399999618530272,11.399999618530272,29763600,4317.77978515625
2023-11-03,11.630000114440918,12.079999923706056,11.619999885559082,11.979999542236328,11.979999542236328,52897300,4358.33984375
2023-11-06,12.0600004196167,12.100000381469728,11.539999961853027,11.65999984741211,11.65999984741211,33159500,4365.97998046875
2023-11-07,11.720000267028809,11.84000015258789,11.609999656677246,11.75,11.75,27819600,4378.3798828125
2023-11-08,11.859999656677246,12.270000457763672,11.850000381469728,12.010000228881836,12.010000228881836,40867800,4382.77978515625
2023-11-09,12.15999984741211,12.239999771118164,11.670000076293944,11.75,11.75,37774500,4347.35009765625
2023-11-10,11.670000076293944,11.850000381469728,11.510000228881836,11.800000190734863,11.800000190734863,31056200,4415.240234375
2023-11-13,11.699999809265137,11.890000343322754,11.619999885559082,11.779999732971191,11.779999732971191,20147700,4411.5498046875
2023-11-14,12.149999618530272,12.300000190734863,12.039999961853027,12.25,12.25,35529800,4495.7001953125
2023-11-15,12.350000381469728,12.720000267028809,12.350000381469728,12.420000076293944,12.420000076293944,37557800,4502.8798828125
2023-11-16,12.420000076293944,12.600000381469728,12.15999984741211,12.1899995803833,12.1899995803833,34506600,4508.240234375
2023-11-17,12.270000457763672,12.3100004196167,12.140000343322754,12.289999961853027,12.289999961853027,25699200,4514.02001953125
2023-11-20,12.229999542236328,12.449999809265137,12.170000076293944,12.399999618530272,12.399999618530272,23878800,4547.3798828125
2023-11-21,12.300000190734863,12.329999923706056,12.050000190734863,12.130000114440918,12.130000114440918,24497700,4538.18994140625
2023-11-22,12.369999885559082,12.770000457763672,12.170000076293944,12.3100004196167,12.3100004196167,40937600,4556.6201171875
2023-11-24,12.390000343322754,12.479999542236328,12.25,12.3100004196167,12.3100004196167,14803800,4559.33984375
2023-11-27,12.25,12.3100004196167,12.079999923706056,12.18000030517578,12.18000030517578,27427600,4550.43017578125
2023-11-28,12.1899995803833,12.260000228881836,11.949999809265137,12.170000076293944,12.170000076293944,33964600,4554.89013671875
2023-11-29,12.270000457763672,12.5600004196167,12.229999542236328,12.229999542236328,12.229999542236328,31763200,4550.580078125
2023-11-30,12.329999923706056,12.470000267028809,12.079999923706056,12.43000030517578,12.43000030517578,34595600,4567.7998046875
2023-12-01,12.460000038146973,13.0600004196167,12.4399995803833,13.020000457763672,13.020000457763672,48841500,4594.6298828125
2023-12-04,13.029999732971191,13.489999771118164,12.93000030517578,13.350000381469728,13.350000381469728,50756400,4569.77978515625
2023-12-05,13.220000267028809,13.289999961853027,13.010000228881836,13.130000114440918,13.130000114440918,40142400,4567.18017578125
2023-12-06,13.359999656677246,13.739999771118164,13.34000015258789,13.479999542236328,13.479999542236328,51354300,4549.33984375
2023-12-07,13.6899995803833,14.149999618530272,13.68000030517578,13.90999984741211,13.90999984741211,49511700,4585.58984375
2023-12-08,13.869999885559082,13.979999542236328,13.710000038146973,13.760000228881836,13.760000228881836,30175300,4604.3701171875
2023-12-11,13.760000228881836,13.789999961853027,13.609999656677246,13.720000267028809,13.720000267028809,28383700,4622.43994140625
2023-12-12,13.8100004196167,14.18000030517578,13.800000190734863,14.039999961853027,14.039999961853027,34298800,4643.7001953125
2023-12-13,13.880000114440918,14.149999618530272,13.640000343322754,14.09000015258789,14.09000015258789,39046300,4707.08984375
2023-12-14,14.300000190734863,14.649999618530272,14.270000457763672,14.59000015258789,14.59000015258789,42803900,4719.5498046875
2023-12-15,14.630000114440918,14.670000076293944,14.40999984741211,14.489999771118164,14.489999771118164,34725700,4719.18994140625
2023-12-18,14.43000030517578,14.43000030517578,14.0600004196167,14.239999771118164,14.239999771118164,28471700,4740.56005859375
2023-12-19,14.380000114440918,14.449999809265137,14.279999732971191,14.300000190734863,14.300000190734863,22574300,4768.3701171875
2023-12-20,14.199999809265137,14.390000343322754,13.949999809265137,13.979999542236328,13.979999542236328,26557500,4698.35009765625
2023-12-21,14.210000038146973,14.43000030517578,14.199999809265137,14.350000381469728,14.350000381469728,30372600,4746.75
2023-12-22,14.380000114440918,14.399999618530272,14.210000038146973,14.3100004196167,14.3100004196167,25169900,4754.6298828125
2023-12-26,14.25,14.260000228881836,14.039999961853027,14.109999656677246,14.109999656677246,22157900,4774.75
2023-12-27,14.100000381469728,14.18000030517578,13.90999984741211,13.989999771118164,13.989999771118164,23428500,4781.580078125
2023-12-28,13.920000076293944,14.039999961853027,13.81999969482422,13.979999542236328,13.979999542236328,17093400,4783.35009765625
2023-12-29,13.949999809265137,13.970000267028809,13.6899995803833,13.739999771118164,13.739999771118164,24242000,4769.830078125
2024-01-02,13.649999618530272,13.720000267028809,13.390000343322754,13.4399995803833,13.4399995803833,34607500,4742.830078125
2024-01-03,13.149999618530272,13.170000076293944,12.890000343322754,12.949999809265137,12.949999809265137,41757700,4704.81005859375
2024-01-04,13.010000228881836,13.25,12.949999809265137,13.09000015258789,13.09000015258789,29105800,4688.68017578125
2024-01-05,13.050000190734863,13.670000076293944,13.010000228881836,13.600000381469728,13.600000381469728,37511200,4697.240234375
2024-01-08,14.029999732971191,14.670000076293944,14.020000457763672,14.579999923706056,14.579999923706056,61134100,4763.5400390625
2024-01-09,14.510000228881836,14.630000114440918,14.359999656677246,14.380000114440918,14.380000114440918,35790700,4756.5
2024-01-10,14.34000015258789,14.40999984741211,14.199999809265137,14.350000381469728,14.350000381469728,29831200,4783.4501953125
2024-01-11,14.479999542236328,14.630000114440918,14.239999771118164,14.59000015258789,14.59000015258789,33047700,4780.240234375
2024-01-12,13.93000030517578,13.979999542236328,13.1899995803833,13.210000038146973,13.210000038146973,80445800,4783.830078125
2024-01-16,13.079999923706056,13.199999809265137,12.779999732971191,13.1899995803833,13.1899995803833,55891500,4765.97998046875
2024-01-17,12.960000038146973,13.210000038146973,12.869999885559082,12.93000030517578,12.93000030517578,36991500,4739.2099609375
2024-01-18,13.0600004196167,13.869999885559082,13.010000228881836,13.81999969482422,13.81999969482422,58528200,4780.93994140625
2024-01-19,13.829999923706056,13.829999923706056,13.40999984741211,13.65999984741211,13.65999984741211,38757300,4839.81005859375
2024-01-22,13.960000038146973,14.079999923706056,13.539999961853027,13.619999885559082,13.619999885559082,38029500,4850.43017578125
2024-01-23,14.140000343322754,14.470000267028809,13.93000030517578,14.0,14.0,49961900,4864.60009765625
2024-01-24,14.15999984741211,14.18000030517578,13.850000381469728,13.93000030517578,13.93000030517578,42219600,4868.5498046875
2024-01-25,14.59000015258789,15.460000038146973,14.520000457763672,15.359999656677246,15.359999656677246,96168300,4894.16015625
2024-01-26,15.550000190734863,15.84000015258789,15.0,15.130000114440918,15.130000114440918,45618600,4890.97021484375
2024-01-29,15.369999885559082,15.390000343322754,14.859999656677246,14.9399995803833,14.9399995803833,36835300,4927.93017578125
2024-01-30,14.789999961853027,14.880000114440918,14.529999732971191,14.529999732971191,14.529999732971191,24943100,4924.97021484375
2024-01-31,14.489999771118164,14.609999656677246,14.210000038146973,14.229999542236328,14.229999542236328,31538800,4845.64990234375
2024-02-01,14.350000381469728,14.399999618530272,13.869999885559082,14.34000015258789,14.34000015258789,39247200,4906.18994140625
2024-02-02,14.18000030517578,14.670000076293944,14.140000343322754,14.5600004196167,14.5600004196167,33128600,4958.60986328125
2024-02-05,14.359999656677246,14.390000343322754,14.109999656677246,14.260000228881836,14.260000228881836,25289600,4942.81005859375
2024-02-06,14.239999771118164,14.949999809265137,14.199999809265137,14.899999618530272,14.899999618530272,33592500,4954.22998046875
2024-02-07,14.920000076293944,15.029999732971191,14.710000038146973,14.90999984741211,14.90999984741211,31178200,4995.06005859375
2024-02-08,14.979999542236328,14.989999771118164,14.609999656677246,14.949999809265137,14.949999809265137,28024300,4997.91015625
2024-02-09,15.029999732971191,15.18000030517578,14.710000038146973,14.880000114440918,14.880000114440918,26960700,5026.60986328125
2024-02-12,14.800000190734863,15.100000381469728,14.779999732971191,14.93000030517578,14.93000030517578,27722300,5021.83984375
2024-02-13,14.6899995803833,14.869999885559082,14.40999984741211,14.609999656677246,14.609999656677246,35285700,4953.169921875
2024-02-14,14.739999771118164,14.970000267028809,14.68000030517578,14.859999656677246,14.859999656677246,28226900,5000.6201171875
2024-02-15,15.020000457763672,15.149999618530272,14.84000015258789,14.899999618530272,14.899999618530272,25314600,5029.72998046875
2024-02-16,14.729999542236328,14.890000343322754,14.520000457763672,14.640000343322754,14.640000343322754,21535200,5005.56982421875
2024-02-20,14.5,14.949999809265137,14.489999771118164,14.699999809265137,14.699999809265137,30253100,4975.509765625
2024-02-21,14.59000015258789,14.859999656677246,14.56999969482422,14.789999961853027,14.789999961853027,23032400,4981.7998046875
2024-02-22,14.9399995803833,15.279999732971191,14.890000343322754,15.239999771118164,15.239999771118164,35702500,5087.02978515625
2024-02-23,15.149999618530272,15.289999961853027,14.949999809265137,15.130000114440918,15.130000114440918,22914900,5088.7998046875
2024-02-26,15.130000114440918,15.479999542236328,15.130000114440918,15.279999732971191,15.279999732971191,23675800,5069.52978515625
2024-02-27,15.550000190734863,15.670000076293944,15.380000114440918,15.539999961853027,15.539999961853027,25223400,5078.18017578125
2024-02-28,15.359999656677246,15.579999923706056,15.3100004196167,15.460000038146973,15.460000038146973,18194600,5069.759765625
2024-02-29,15.550000190734863,15.789999961853027,15.449999809265137,15.68000030517578,15.68000030517578,33255900,5096.27001953125
2024-03-01,15.699999809265137,15.699999809265137,15.369999885559082,15.65999984741211,15.65999984741211,25740800,5137.080078125
2024-03-04,15.699999809265137,16.149999618530273,14.8100004196167,14.8100004196167,14.8100004196167,65053000,5130.9501953125
2024-03-05,14.75,14.770000457763672,14.289999961853027,14.670000076293944,14.670000076293944,43648000,5078.64990234375
2024-03-06,14.800000190734863,14.979999542236328,14.619999885559082,14.880000114440918,14.880000114440918,31408700,5104.759765625
2024-03-07,14.850000381469728,15.0,14.8100004196167,14.899999618530272,14.899999618530272,23657300,5157.35986328125
2024-03-08,14.9399995803833,15.149999618530272,14.65999984741211,14.68000030517578,14.68000030517578,28441000,5123.68994140625
2024-03-11,14.600000381469728,14.670000076293944,14.420000076293944,14.649999618530272,14.649999618530272,23617200,5117.93994140625
2024-03-12,14.1899995803833,14.380000114440918,13.800000190734863,13.960000038146973,13.960000038146973,48594900,5175.27001953125
2024-03-13,13.920000076293944,14.18000030517578,13.859999656677246,14.0,14.0,26375200,5165.31005859375
2024-03-14,13.960000038146973,14.029999732971191,13.779999732971191,13.989999771118164,13.989999771118164,24683800,5150.47998046875
2024-03-15,13.960000038146973,14.15999984741211,13.880000114440918,13.960000038146973,13.960000038146973,21095400,5117.08984375
2024-03-18,13.979999542236328,14.170000076293944,13.859999656677246,14.109999656677246,14.109999656677246,23693800,5149.419921875
2024-03-19,14.079999923706056,14.109999656677246,13.899999618530272,13.93000030517578,13.93000030517578,19305800,5178.509765625
2024-03-20,13.960000038146973,14.579999923706056,13.920000076293944,14.56999969482422,14.56999969482422,33974600,5224.6201171875
2024-03-21,14.619999885559082,14.81999969482422,14.600000381469728,14.779999732971191,14.779999732971191,25527600,5241.52978515625
2024-03-22,14.710000038146973,14.880000114440918,14.649999618530272,14.81999969482422,14.81999969482422,16146800,5234.18017578125
2024-03-25,14.6899995803833,14.93000030517578,14.630000114440918,14.920000076293944,14.920000076293944,21392400,5218.18994140625
2024-03-26,14.989999771118164,15.119999885559082,14.899999618530272,14.920000076293944,14.920000076293944,20898500,5203.580078125
2024-03-27,15.0,15.300000190734863,14.899999618530272,15.300000190734863,15.300000190734863,24789300,5248.490234375
2024-03-28,15.279999732971191,15.5,15.130000114440918,15.350000381469728,15.350000381469728,36396000,5254.35009765625
2024-04-01,15.420000076293944,15.609999656677246,15.31999969482422,15.40999984741211,15.40999984741211,23249600,5243.77001953125
2024-04-02,15.0600004196167,15.109999656677246,14.359999656677246,14.399999618530272,14.399999618530272,34155400,5205.81005859375
2024-04-03,14.300000190734863,14.479999542236328,14.050000190734863,14.15999984741211,14.15999984741211,33357700,5211.490234375
2024-04-04,14.239999771118164,14.350000381469728,13.760000228881836,13.829999923706056,13.829999923706056,47483600,5147.2099609375
2024-04-05,13.829999923706056,13.9399995803833,13.699999809265137,13.760000228881836,13.760000228881836,30612400,5204.33984375
2024-04-08,13.81999969482422,14.079999923706056,13.739999771118164,13.899999618530272,13.899999618530272,28521000,5202.39013671875
2024-04-09,13.960000038146973,14.06999969482422,13.880000114440918,13.949999809265137,13.949999809265137,27841900,5209.91015625
2024-04-10,14.010000228881836,14.149999618530272,13.300000190734863,13.40999984741211,13.40999984741211,49024100,5160.64013671875
2024-04-11,13.4399995803833,13.720000267028809,13.300000190734863,13.619999885559082,13.619999885559082,27814200,5199.06005859375
2024-04-12,13.239999771118164,13.300000190734863,13.020000457763672,13.149999618530272,13.149999618530272,35529200,5123.41015625
2024-04-15,13.279999732971191,13.470000267028809,12.899999618530272,12.9399995803833,12.9399995803833,27451700,5061.81982421875
2024-04-16,12.949999809265137,13.140000343322754,12.720000267028809,13.029999732971191,13.029999732971191,26477200,5051.41015625
2024-04-17,13.449999809265137,13.970000267028809,13.380000114440918,13.890000343322754,13.890000343322754,52414800,5022.2099609375
2024-04-18,14.039999961853027,14.34000015258789,13.960000038146973,14.020000457763672,14.020000457763672,34966400,5011.1201171875
2024-04-19,13.880000114440918,14.279999732971191,13.859999656677246,14.109999656677246,14.109999656677246,27421700,4967.22998046875
2024-04-22,14.279999732971191,14.68000030517578,14.18000030517578,14.529999732971191,14.529999732971191,27763800,5010.60009765625
2024-04-23,13.960000038146973,14.4399995803833,13.880000114440918,14.229999542236328,14.229999542236328,40237300,5070.5498046875
2024-04-24,14.220000267028809,14.329999923706056,13.81999969482422,13.920000076293944,13.920000076293944,41035100,5071.6298828125
2024-04-25,14.210000038146973,14.279999732971191,13.449999809265137,14.130000114440918,14.130000114440918,58363000,5048.419921875
2024-04-26,14.06999969482422,14.09000015258789,13.640000343322754,13.880000114440918,13.880000114440918,36527800,5099.9599609375
2024-04-29,13.850000381469728,14.020000457763672,13.729999542236328,13.979999542236328,13.979999542236328,28817400,5116.169921875
2024-04-30,13.850000381469728,13.93000030517578,13.5,13.510000228881836,13.510000228881836,25788900,5035.68994140625
2024-05-01,13.5,13.8100004196167,13.329999923706056,13.579999923706056,13.579999923706056,28428300,5018.39013671875
2024-05-02,13.779999732971191,13.899999618530272,13.6899995803833,13.859999656677246,13.859999656677246,24191500,5064.2001953125
2024-05-03,14.0,14.06999969482422,13.720000267028809,13.850000381469728,13.850000381469728,22056600,5127.7900390625
2024-05-06,13.920000076293944,14.75,13.920000076293944,14.649999618530272,14.649999618530272,46744300,5180.740234375
2024-05-07,14.539999961853027,14.630000114440918,14.140000343322754,14.25,14.25,25770500,5187.7001953125
2024-05-08,14.260000228881836,14.520000457763672,14.18000030517578,14.420000076293944,14.420000076293944,22832400,5187.669921875
2024-05-09,14.359999656677246,14.630000114440918,14.31999969482422,14.479999542236328,14.479999542236328,23590200,5214.080078125
2024-05-10,14.539999961853027,14.609999656677246,14.31999969482422,14.399999618530272,14.399999618530272,16180700,5222.68017578125
2024-05-13,14.539999961853027,15.06999969482422,14.520000457763672,14.93000030517578,14.93000030517578,33380100,5221.419921875
2024-05-14,15.09000015258789,15.359999656677246,15.06999969482422,15.1899995803833,15.1899995803833,27970400,5246.68017578125
2024-05-15,15.199999809265137,15.25,14.90999984741211,14.9399995803833,14.9399995803833,25983600,5308.14990234375
2024-05-16,15.0,15.079999923706056,14.65999984741211,14.789999961853027,14.789999961853027,22652500,5297.10009765625
2024-05-17,14.850000381469728,14.989999771118164,14.720000267028809,14.729999542236328,14.729999542236328,18472100,5303.27001953125
2024-05-20,14.770000457763672,14.779999732971191,14.420000076293944,14.520000457763672,14.520000457763672,26818800,5308.1298828125
2024-05-21,14.43000030517578,14.489999771118164,14.010000228881836,14.029999732971191,14.029999732971191,22692900,5321.41015625
2024-05-22,14.06999969482422,14.25,14.010000228881836,14.100000381469728,14.100000381469728,19136400,5307.009765625
2024-05-23,14.130000114440918,14.140000343322754,13.720000267028809,13.81999969482422,13.81999969482422,29089800,5267.83984375
2024-05-24,13.869999885559082,14.029999732971191,13.65999984741211,13.84000015258789,13.84000015258789,19589300,5304.72021484375
2024-05-28,13.850000381469728,13.90999984741211,13.420000076293944,13.4399995803833,13.4399995803833,32710300,5306.0400390625
2024-05-29,12.15999984741211,12.170000076293944,11.3100004196167,11.619999885559082,11.619999885559082,158980400,5266.9501953125
2024-05-30,11.760000228881836,11.779999732971191,11.390000343322754,11.4399995803833,11.4399995803833,57004600,5235.47998046875
2024-05-31,11.510000228881836,11.56999969482422,11.25,11.5,11.5,60868400,5277.509765625
2024-06-03,11.600000381469728,11.949999809265137,11.5,11.529999732971191,11.529999732971191,52899000,5283.39990234375
2024-06-04,11.539999961853027,11.789999961853027,11.479999542236328,11.5,11.5,39161500,5291.33984375
2024-06-05,11.510000228881836,11.770000457763672,11.449999809265137,11.619999885559082,11.619999885559082,34340900,5354.02978515625
2024-06-06,11.579999923706056,11.729999542236328,11.31999969482422,11.43000030517578,11.43000030517578,35840600,5352.9599609375
2024-06-07,11.359999656677246,11.56999969482422,11.350000381469728,11.5,11.5,29411400,5346.990234375
2024-06-10,11.43000030517578,11.56999969482422,11.369999885559082,11.489999771118164,11.489999771118164,23421000,5360.7900390625
2024-06-11,11.40999984741211,11.449999809265137,11.260000228881836,11.279999732971191,11.279999732971191,25439700,5375.31982421875
2024-06-12,11.399999618530272,11.6899995803833,11.390000343322754,11.5,11.5,40769700,5421.02978515625
2024-06-13,11.449999809265137,11.470000267028809,11.220000267028809,11.4399995803833,11.4399995803833,33290000,5433.740234375
2024-06-14,11.31999969482422,11.359999656677246,11.09000015258789,11.279999732971191,11.279999732971191,42272500,5431.60009765625
2024-06-17,11.220000267028809,11.489999771118164,11.210000038146973,11.4399995803833,11.4399995803833,30074100,5473.22998046875
2024-06-18,11.40999984741211,11.5,11.270000457763672,11.279999732971191,11.279999732971191,18841500,5487.02978515625
2024-06-20,11.300000190734863,11.3100004196167,11.1899995803833,11.239999771118164,11.239999771118164,21364400,5473.169921875
2024-06-21,11.220000267028809,11.34000015258789,11.109999656677246,11.199999809265137,11.199999809265137,28098100,5464.6201171875
2024-06-24,11.220000267028809,11.34000015258789,11.149999618530272,11.15999984741211,11.15999984741211,25666400,5447.8701171875
2024-06-25,11.18000030517578,11.369999885559082,11.119999885559082,11.130000114440918,11.130000114440918,28547300,5469.2998046875
2024-06-26,11.050000190734863,11.329999923706056,10.960000038146973,11.119999885559082,11.119999885559082,39848700,5477.89990234375
2024-06-27,11.119999885559082,11.31999969482422,11.020000457763672,11.279999732971191,11.279999732971191,23780800,5482.8701171875
2024-06-28,11.239999771118164,11.359999656677246,11.199999809265137,11.329999923706056,11.329999923706056,28121100,5460.47998046875
2024-07-01,11.329999923706056,11.40999984741211,11.0,11.039999961853027,11.039999961853027,28624300,5475.08984375
2024-07-02,11.0600004196167,11.109999656677246,10.949999809265137,11.050000190734863,11.050000190734863,22487900,5509.009765625
2024-07-03,11.15999984741211,11.220000267028809,11.06999969482422,11.119999885559082,11.119999885559082,16150100,5537.02001953125
2024-07-05,11.130000114440918,11.1899995803833,10.979999542236328,11.039999961853027,11.039999961853027,24396000,5567.18994140625
2024-07-08,11.079999923706056,11.130000114440918,10.90999984741211,10.93000030517578,10.93000030517578,32261700,5572.85009765625
2024-07-09,10.960000038146973,11.09000015258789,10.869999885559082,10.979999542236328,10.979999542236328,26579300,5576.97998046875
2024-07-10,11.039999961853027,11.220000267028809,10.989999771118164,11.149999618530272,11.149999618530272,28502000,5633.91015625
2024-07-11,10.68000030517578,10.760000228881836,10.34000015258789,10.729999542236328,10.729999542236328,80291500,5584.5400390625
2024-07-12,10.710000038146973,10.800000190734863,10.56999969482422,10.68000030517578,10.68000030517578,33133100,5615.35009765625
2024-07-15,10.670000076293944,10.770000457763672,10.5600004196167,10.630000114440918,10.630000114440918,28634200,5631.22021484375
2024-07-16,10.649999618530272,11.239999771118164,10.649999618530272,11.1899995803833,11.1899995803833,48708700,5667.2001953125
2024-07-17,10.989999771118164,11.109999656677246,10.84000015258789,11.010000228881836,11.010000228881836,32356200,5588.27001953125
2024-07-18,10.960000038146973,11.09000015258789,10.609999656677246,10.619999885559082,10.619999885559082,46855200,5544.58984375
2024-07-19,10.630000114440918,10.649999618530272,10.43000030517578,10.579999923706056,10.579999923706056,25697300,5505.0
2024-07-22,10.489999771118164,10.739999771118164,10.350000381469728,10.6899995803833,10.6899995803833,38897200,5564.41015625
2024-07-23,10.630000114440918,10.739999771118164,10.470000267028809,10.479999542236328,10.479999542236328,30548000,5555.740234375
2024-07-24,10.449999809265137,10.539999961853027,10.119999885559082,10.170000076293944,10.170000076293944,47312000,5427.1298828125
2024-07-25,9.920000076293944,10.899999618530272,9.760000228881836,10.600000381469728,10.600000381469728,96280800,5399.22021484375
2024-07-26,10.699999809265137,10.760000228881836,10.210000038146973,10.619999885559082,10.619999885559082,45684500,5459.10009765625
2024-07-29,10.5600004196167,10.720000267028809,10.369999885559082,10.43000030517578,10.43000030517578,30164500,5463.5400390625
2024-07-30,10.460000038146973,10.93000030517578,10.460000038146973,10.760000228881836,10.760000228881836,52969500,5436.43994140625
2024-07-31,10.649999618530272,11.029999732971191,10.579999923706056,10.640000343322754,10.640000343322754,39205400,5522.2998046875
2024-08-01,10.649999618530272,10.68000030517578,10.09000015258789,10.140000343322754,10.140000343322754,47149600,5446.68017578125
2024-08-02,9.93000030517578,9.93000030517578,9.59000015258789,9.630000114440918,9.630000114440918,48427200,5346.56005859375
2024-08-05,9.100000381469728,9.59000015258789,9.06999969482422,9.279999732971191,9.279999732971191,44554500,5186.330078125
2024-08-06,9.460000038146973,9.529999732971191,9.220000267028809,9.3100004196167,9.3100004196167,28905900,5240.02978515625
2024-08-07,9.399999618530272,9.520000457763672,9.210000038146973,9.260000228881836,9.260000228881836,29020900,5199.5
2024-08-08,9.350000381469728,9.90999984741211,9.350000381469728,9.890000343322754,9.890000343322754,34701800,5319.31005859375
2024-08-09,9.890000343322754,9.960000038146973,9.720000267028809,9.859999656677246,9.859999656677246,22614800,5344.16015625
2024-08-12,9.789999961853027,9.800000190734863,9.59000015258789,9.609999656677246,9.609999656677246,29791200,5344.39013671875
2024-08-13,9.640000343322754,9.81999969482422,9.5600004196167,9.8100004196167,9.8100004196167,29921900,5434.43017578125
2024-08-14,9.880000114440918,9.970000267028809,9.699999809265137,9.739999771118164,9.739999771118164,29574700,5455.2099609375
2024-08-15,9.960000038146973,10.15999984741211,9.949999809265137,10.09000015258789,10.09000015258789,32307300,5543.22021484375
2024-08-16,10.020000457763672,10.140000343322754,9.970000267028809,10.050000190734863,10.050000190734863,35389700,5554.25
2024-08-19,10.149999618530272,10.380000114440918,10.119999885559082,10.3100004196167,10.3100004196167,30380100,5608.25
2024-08-20,10.3100004196167,10.449999809265137,10.210000038146973,10.289999961853027,10.289999961853027,23537400,5597.1201171875
2024-08-21,10.369999885559082,10.449999809265137,10.300000190734863,10.399999618530272,10.399999618530272,20233700,5620.85009765625
2024-08-22,10.40999984741211,10.539999961853027,10.130000114440918,10.140000343322754,10.140000343322754,25624700,5570.64013671875
2024-08-23,10.229999542236328,10.5,10.170000076293944,10.390000343322754,10.390000343322754,24640000,5634.60986328125
2024-08-26,10.43000030517578,10.449999809265137,10.199999809265137,10.210000038146973,10.210000038146973,21028300,5616.83984375
2024-08-27,10.260000228881836,10.270000457763672,9.979999542236328,10.170000076293944,10.170000076293944,23303100,5625.7998046875
2024-08-28,10.170000076293944,10.210000038146973,10.039999961853027,10.149999618530272,10.149999618530272,20533800,5592.18017578125
2024-08-29,10.239999771118164,10.510000228881836,10.210000038146973,10.390000343322754,10.390000343322754,22240100,5591.9599609375
2024-08-30,10.489999771118164,10.890000343322754,10.479999542236328,10.619999885559082,10.619999885559082,26521400,5648.39990234375
2024-09-03,10.520000457763672,10.739999771118164,10.5,10.600000381469728,10.600000381469728,23374800,5528.93017578125
2024-09-04,10.529999732971191,10.779999732971191,10.5,10.630000114440918,10.630000114440918,22113000,5520.06982421875
2024-09-05,10.84000015258789,11.15999984741211,10.75,10.800000190734863,10.800000190734863,38467300,5503.41015625
2024-09-06,10.779999732971191,11.100000381469728,10.699999809265137,10.800000190734863,10.800000190734863,27842800,5408.419921875
2024-09-09,10.850000381469728,11.229999542236328,10.850000381469728,11.220000267028809,11.220000267028809,44496200,5471.0498046875
2024-09-10,11.210000038146973,11.25,10.869999885559082,10.989999771118164,10.989999771118164,31767700,5495.52001953125
2024-09-11,10.949999809265137,11.010000228881836,10.489999771118164,10.770000457763672,10.770000457763672,40526800,5554.1298828125
2024-09-12,11.029999732971191,11.140000343322754,10.43000030517578,10.880000114440918,10.880000114440918,37878400,5595.759765625
2024-09-13,10.979999542236328,11.18000030517578,10.609999656677246,10.6899995803833,10.6899995803833,36956000,5626.02001953125
2024-09-16,10.649999618530272,10.869999885559082,10.619999885559082,10.8100004196167,10.8100004196167,31026800,5633.08984375
2024-09-17,10.989999771118164,11.260000228881836,10.949999809265137,11.170000076293944,11.170000076293944,38180000,5634.580078125
2024-09-18,11.239999771118164,11.289999961853027,10.920000076293944,11.029999732971191,11.029999732971191,37396500,5618.259765625
2024-09-19,11.31999969482422,11.390000343322754,11.0600004196167,11.109999656677246,11.109999656677246,34544400,5713.64013671875
2024-09-20,11.06999969482422,11.119999885559082,10.880000114440918,11.010000228881836,11.010000228881836,165832100,5702.5498046875
2024-09-23,11.0,11.029999732971191,10.760000228881836,10.979999542236328,10.979999542236328,30785100,5718.56982421875
2024-09-24,11.020000457763672,11.1899995803833,10.920000076293944,11.039999961853027,11.039999961853027,29446500,5732.93017578125
2024-09-25,11.0600004196167,11.18000030517578,10.970000267028809,11.0,11.0,29157100,5722.259765625
2024-09-26,11.359999656677246,11.979999542236328,11.350000381469728,11.789999961853027,11.789999961853027,62353500,5745.3701171875
2024-09-27,11.81999969482422,11.859999656677246,11.5600004196167,11.5600004196167,11.5600004196167,30783800,5738.169921875
2024-09-30,11.470000267028809,11.579999923706056,11.199999809265137,11.239999771118164,11.239999771118164,26661600,5762.47998046875
2024-10-01,11.270000457763672,11.329999923706056,10.81999969482422,10.899999618530272,10.899999618530272,42847400,5708.75
2024-10-02,10.729999542236328,10.859999656677246,10.609999656677246,10.739999771118164,10.739999771118164,28779600,5709.5400390625
2024-10-03,10.6899995803833,10.9399995803833,10.56999969482422,10.81999969482422,10.81999969482422,32925600,5699.93994140625
2024-10-04,11.359999656677246,11.970000267028809,11.289999961853027,11.510000228881836,11.510000228881836,53708000,5751.06982421875
