Date,Open,High,Low,Close,Adj Close,Volume,SP500_Close
2013-01-02,34.91999816894531,35.400001525878906,34.099998474121094,35.119998931884766,21.80190086364746,13767900,1462.4200439453125
2013-01-03,35.0,35.0,34.15999984741211,34.83000183105469,21.62187385559082,16739300,1459.3699951171875
2013-01-04,34.619998931884766,34.88999938964844,34.25,34.38999938964844,21.348726272583008,21372100,1466.469970703125
2013-01-07,34.150001525878906,35.45000076293945,34.150001525878906,34.459999084472656,21.392183303833008,17897100,1461.8900146484375
2013-01-08,34.290000915527344,34.63999938964844,33.36000061035156,33.709999084472656,20.92659568786621,17863300,1457.1500244140625
2013-01-09,33.61000061035156,33.95000076293945,33.61000061035156,33.900001525878906,21.044546127319336,18800400,1461.02001953125
2013-01-10,33.65999984741211,34.0,33.33000183105469,34.0,21.10662078857422,15658100,1472.1199951171875
2013-01-11,33.59000015258789,33.900001525878906,33.349998474121094,33.849998474121094,21.26366424560547,11191500,1472.050048828125
2013-01-14,34.0099983215332,34.25,33.79999923706055,34.09000015258789,21.4144287109375,11584900,1470.6800537109375
2013-01-15,33.709999084472656,34.720001220703125,33.709999084472656,34.599998474121094,21.73479461669922,13040200,1472.3399658203125
2013-01-16,34.470001220703125,35.540000915527344,34.45000076293945,35.540000915527344,22.32528114318848,16512700,1472.6300048828125
2013-01-17,35.75,36.70000076293945,35.75,36.41999816894531,22.878068923950195,14424800,1480.93994140625
2013-01-18,36.43000030517578,37.31999969482422,36.040000915527344,37.31999969482422,23.44342994689941,17842200,1485.97998046875
2013-01-22,36.97999954223633,37.25,35.93000030517578,36.41999816894531,22.878068923950195,15809700,1492.56005859375
2013-01-23,36.90999984741211,37.84000015258789,36.5,37.79999923706055,23.744945526123047,10981600,1494.81005859375
2013-01-24,37.790000915527344,38.52000045776367,37.22999954223633,37.459999084472656,23.5313663482666,11327100,1494.8199462890625
2013-01-25,37.52000045776367,37.84000015258789,36.63999938964844,37.59999847412109,23.61931800842285,8934600,1502.9599609375
2013-01-28,37.650001525878906,37.869998931884766,36.709999084472656,36.88999938964844,23.17331314086914,7140100,1500.1800537109375
2013-01-29,36.709999084472656,37.459999084472656,36.25,37.310001373291016,23.4371395111084,8838500,1507.8399658203125
2013-01-30,36.810001373291016,37.52999877929688,36.810001373291016,36.93000030517578,23.19844055175781,10841800,1501.9599609375
2013-01-31,36.84000015258789,36.93000030517578,36.27000045776367,36.68999862670898,23.04767799377441,10720700,1498.1099853515625
2013-02-01,36.84000015258789,37.20000076293945,36.52000045776367,37.18000030517578,23.355484008789062,9527500,1513.1700439453125
2013-02-04,36.63999938964844,37.29999923706055,36.54999923706055,37.27999877929688,23.41830444335937,6348000,1495.7099609375
2013-02-05,37.41999816894531,37.72999954223633,37.18000030517578,37.20000076293945,23.368043899536133,7284400,1511.2900390625
2013-02-06,36.959999084472656,37.27999877929688,36.86000061035156,37.13999938964844,23.330352783203125,5738900,1512.1199951171875
2013-02-07,37.56999969482422,37.56999969482422,35.79999923706055,36.41999816894531,22.878068923950195,9872500,1509.3900146484375
2013-02-08,36.369998931884766,36.41999816894531,35.83000183105469,36.25,22.771284103393555,13858700,1517.9300537109375
2013-02-11,36.130001068115234,36.18000030517578,35.75,35.849998474121094,22.52001571655273,6032100,1517.010009765625
2013-02-12,35.77000045776367,35.900001525878906,35.20000076293945,35.41999816894531,22.249900817871094,7473800,1519.4300537109375
2013-02-13,35.41999816894531,35.56999969482422,35.150001525878906,35.27000045776367,22.155670166015625,4859800,1520.3299560546875
2013-02-14,35.04999923706055,36.72999954223633,35.0099983215332,36.56999969482422,22.97229766845703,7570100,1521.3800048828125
2013-02-15,36.93000030517578,37.810001373291016,36.93000030517578,37.58000183105469,23.60675430297852,13296300,1519.7900390625
2013-02-19,37.540000915527344,38.33000183105469,37.11000061035156,38.18999862670898,23.989940643310547,8292700,1530.93994140625
2013-02-20,38.15999984741211,39.130001068115234,37.61000061035156,38.61000061035156,24.25377082824707,8096400,1511.949951171875
2013-02-21,38.4900016784668,39.02999877929688,38.18999862670898,38.77999877929688,24.36056137084961,7260900,1502.4200439453125
2013-02-22,38.790000915527344,38.84999847412109,38.13999938964844,38.459999084472656,24.159543991088867,4490400,1515.5999755859375
2013-02-25,38.540000915527344,38.61000061035156,37.369998931884766,37.369998931884766,23.47484016418457,4665600,1487.8499755859375
2013-02-26,37.59999847412109,37.59999847412109,36.959999084472656,37.09000015258789,23.298948287963867,4463000,1496.93994140625
2013-02-27,36.970001220703125,36.97999954223633,36.400001525878906,36.72999954223633,23.072799682617188,12238400,1515.989990234375
2013-02-28,36.65999984741211,37.13999938964844,36.5,36.91999816894531,23.1921501159668,10321000,1514.6800537109375
2013-03-01,36.79999923706055,38.06999969482422,36.54999923706055,37.810001373291016,23.75122833251953,8929400,1518.199951171875
2013-03-04,37.52999877929688,38.25,37.52999877929688,38.2400016784668,24.02134323120117,5420800,1525.199951171875
2013-03-05,38.45000076293945,38.56999969482422,37.290000915527344,37.5099983215332,23.56277847290039,6650400,1539.7900390625
2013-03-06,37.560001373291016,37.86000061035156,37.369998931884766,37.7400016784668,23.70726203918457,5489500,1541.4599609375
2013-03-07,37.650001525878906,38.0099983215332,37.43999862670898,37.4900016784668,23.55021095275879,4442500,1544.260009765625
2013-03-08,37.63999938964844,37.650001525878906,37.15999984741211,37.34000015258789,23.45598602294922,4114500,1551.1800537109375
2013-03-11,37.25,38.150001525878906,37.08000183105469,37.66999816894531,23.66328430175781,4614400,1556.219970703125
2013-03-12,37.70000076293945,38.29999923706055,37.04999923706055,37.16999816894531,23.34919548034668,6523900,1552.47998046875
2013-03-13,37.20000076293945,37.59000015258789,37.040000915527344,37.16999816894531,23.34919548034668,3710600,1554.52001953125
2013-03-14,37.43000030517578,37.59000015258789,36.86000061035156,37.560001373291016,23.59419250488281,9859700,1563.22998046875
2013-03-15,37.43999862670898,38.540000915527344,37.27999877929688,38.5,24.18466567993164,12208300,1560.699951171875
2013-03-18,38.04999923706055,38.4900016784668,37.9900016784668,38.15999984741211,23.971092224121094,5178700,1552.0999755859375
2013-03-19,38.25,38.400001525878906,37.84000015258789,38.36000061035156,24.09672737121582,5108400,1548.3399658203125
2013-03-20,38.5,39.18999862670898,38.40999984741211,39.060001373291016,24.53644561767578,7072900,1558.7099609375
2013-03-21,38.81999969482422,38.970001220703125,38.47999954223633,38.4900016784668,24.178390502929688,4736100,1545.800048828125
2013-03-22,38.56999969482422,38.970001220703125,38.29999923706055,38.970001220703125,24.47991180419922,3323400,1556.8900146484375
2013-03-25,39.119998931884766,39.52000045776367,38.93000030517578,39.31999969482422,24.69977569580078,6065000,1551.68994140625
2013-03-26,39.56999969482422,40.52000045776367,39.56999969482422,40.209999084472656,25.25885009765625,7249500,1563.77001953125
2013-03-27,40.220001220703125,40.290000915527344,39.65999984741211,40.150001525878906,25.22115707397461,4274800,1562.8499755859375
2013-03-28,40.2599983215332,40.79999923706055,39.77999877929688,40.77999877929688,25.616899490356445,7263400,1569.18994140625
2013-04-01,39.959999084472656,41.13999938964844,39.959999084472656,41.119998931884766,25.830486297607425,5740000,1562.1700439453125
2013-04-02,41.220001220703125,41.220001220703125,40.52000045776367,40.709999084472656,25.57292366027832,5510700,1570.25
2013-04-03,40.75,41.45000076293945,40.34999847412109,40.56999969482422,25.4849910736084,4122100,1553.68994140625
2013-04-04,40.77000045776367,41.77999877929688,40.619998931884766,41.59999847412109,26.132007598876957,20687600,1559.97998046875
2013-04-05,41.310001373291016,41.5,41.09000015258789,41.310001373291016,25.94983291625977,14089800,1553.280029296875
2013-04-08,41.27000045776367,41.869998931884766,41.06999969482422,41.77000045776367,26.23879623413086,16449200,1563.0699462890625
2013-04-09,41.959999084472656,43.560001373291016,41.79999923706055,42.54999923706055,26.72877311706543,8673900,1568.6099853515625
2013-04-10,42.650001525878906,43.77000045776367,42.5,43.619998931884766,27.400915145874023,7809200,1587.72998046875
2013-04-11,43.41999816894531,43.709999084472656,43.11000061035156,43.20000076293945,27.388246536254883,6494100,1593.3699951171875
2013-04-12,42.970001220703125,43.290000915527344,42.619998931884766,43.09000015258789,27.31849479675293,4199800,1588.8499755859375
2013-04-15,42.869998931884766,43.02999877929688,41.40999984741211,41.43999862670898,26.27242660522461,7152500,1552.3599853515625
2013-04-16,41.66999816894531,42.52999877929688,41.130001068115234,42.45000076293945,26.912736892700195,6998000,1574.5699462890625
2013-04-17,42.13999938964844,42.43000030517578,41.41999816894531,42.2400016784668,26.77960586547852,5046200,1552.010009765625
2013-04-18,42.369998931884766,42.63999938964844,41.88999938964844,42.31999969482422,26.830326080322266,5009000,1541.6099853515625
2013-04-19,42.5099983215332,42.58000183105469,42.20000076293945,42.38999938964844,26.874698638916016,6493200,1555.25
2013-04-22,43.0,44.83000183105469,42.880001068115234,44.20000076293945,28.0222225189209,8531300,1562.5
2013-04-23,44.61000061035156,46.31999969482422,44.400001525878906,45.13999938964844,28.61817741394043,9378100,1578.780029296875
2013-04-24,45.13999938964844,45.34000015258789,43.93999862670898,44.31999969482422,28.09830093383789,5541300,1578.7900390625
2013-04-25,44.75,44.790000915527344,43.7599983215332,44.2400016784668,28.04758644104004,5236900,1585.1600341796875
2013-04-26,44.95000076293945,46.310001373291016,44.75,45.84000015258789,29.061962127685547,10096800,1582.239990234375
2013-04-29,45.83000183105469,45.93000030517578,45.04999923706055,45.22999954223633,28.67523002624512,6024700,1593.6099853515625
2013-04-30,45.04999923706055,46.22999954223633,45.0099983215332,46.04999923706055,29.195106506347656,6798600,1597.5699462890625
2013-05-01,45.7400016784668,46.09000015258789,45.54999923706055,45.54999923706055,28.878101348876957,6398100,1582.699951171875
2013-05-02,45.68000030517578,45.68000030517578,43.86000061035156,43.9900016784668,27.889087677001957,9649400,1597.5899658203125
2013-05-03,44.310001373291016,44.77000045776367,43.83000183105469,44.68000030517578,28.3265438079834,4641200,1614.4200439453125
2013-05-06,44.95000076293945,44.95000076293945,44.150001525878906,44.59000015258789,28.269479751586918,4085700,1617.5
2013-05-07,44.5,45.0,44.41999816894531,44.90999984741211,28.47235870361328,3745600,1625.9599609375
2013-05-08,45.0099983215332,45.04999923706055,43.38999938964844,43.4900016784668,27.572101593017575,6973200,1632.68994140625
2013-05-09,43.34000015258789,44.45000076293945,43.25,44.2400016784668,28.04758644104004,5046900,1626.6700439453125
2013-05-10,44.209999084472656,45.0099983215332,44.20000076293945,45.0099983215332,28.53575134277344,4455800,1633.699951171875
2013-05-13,44.790000915527344,44.790000915527344,44.16999816894531,44.540000915527344,28.23778343200684,3738400,1633.77001953125
2013-05-14,44.09000015258789,45.52000045776367,44.09000015258789,45.34999847412109,28.751300811767575,5760300,1650.3399658203125
2013-05-15,45.720001220703125,46.93000030517578,45.47999954223633,46.02999877929688,29.182416915893555,6702500,1658.780029296875
2013-05-16,46.060001373291016,46.900001525878906,46.0099983215332,46.209999084472656,29.296531677246094,4605300,1650.469970703125
2013-05-17,46.02999877929688,47.34000015258789,45.84999847412109,47.16999816894531,29.90515899658203,5244800,1667.469970703125
2013-05-20,47.119998931884766,47.13999938964844,46.06999969482422,46.2599983215332,29.328243255615234,3537800,1666.2900390625
2013-05-21,46.18999862670898,46.959999084472656,46.16999816894531,46.540000915527344,29.505765914916992,4708800,1669.1600341796875
2013-05-22,46.459999084472656,48.0,45.84999847412109,46.7599983215332,29.645233154296875,5203500,1655.3499755859375
2013-05-23,46.119998931884766,46.95000076293945,46.02000045776367,46.59000015258789,29.537458419799805,3306200,1650.510009765625
2013-05-24,46.25,46.47999954223633,45.310001373291016,45.43999862670898,28.80836296081543,4511700,1649.5999755859375
2013-05-28,45.88999938964844,46.040000915527344,44.70000076293945,45.38999938964844,28.776670455932617,6181800,1660.06005859375
2013-05-29,44.88999938964844,45.18000030517578,43.790000915527344,43.880001068115234,27.81935691833496,6908400,1648.3599853515625
2013-05-30,44.06999969482422,45.119998931884766,44.06999969482422,44.54999923706055,28.244125366210938,4852200,1654.4100341796875
2013-05-31,44.27000045776367,44.68999862670898,42.68000030517578,42.68999862670898,27.06489562988281,9308800,1630.739990234375
2013-06-03,42.880001068115234,43.58000183105469,42.75,43.36000061035156,27.489675521850582,7176800,1640.4200439453125
2013-06-04,43.41999816894531,44.470001220703125,43.380001068115234,43.630001068115234,27.66085624694824,4528400,1631.3800048828125
2013-06-05,43.4900016784668,43.900001525878906,42.68999862670898,43.040000915527344,27.28680229187012,4801300,1608.9000244140625
2013-06-06,43.220001220703125,43.56999969482422,42.650001525878906,43.5,27.57843589782715,4261300,1622.56005859375
2013-06-07,43.720001220703125,44.27000045776367,43.5,44.0,27.895431518554688,5463200,1643.3800048828125
2013-06-10,44.33000183105469,44.33000183105469,43.220001220703125,43.91999816894531,27.844711303710938,4702700,1642.81005859375
2013-06-11,43.310001373291016,44.04999923706055,43.04999923706055,43.59000015258789,27.635498046875,3574800,1626.1300048828125
2013-06-12,43.90999984741211,44.0,42.720001220703125,42.77000045776367,27.115623474121094,3742600,1612.52001953125
2013-06-13,42.41999816894531,43.20000076293945,40.09999847412109,43.150001525878906,27.35654067993164,6096500,1636.3599853515625
2013-06-14,42.97999954223633,43.5,42.5,43.209999084472656,27.394577026367188,4078500,1626.72998046875
2013-06-17,43.400001525878906,43.5,42.68000030517578,43.0099983215332,27.26777458190918,3457700,1639.0400390625
2013-06-18,42.970001220703125,43.560001373291016,42.630001068115234,43.540000915527344,27.60379981994629,3644900,1651.81005859375
2013-06-19,43.560001373291016,43.83000183105469,43.0099983215332,43.040000915527344,27.28680229187012,3663300,1628.9300537109375
2013-06-20,42.650001525878906,42.77999877929688,40.90999984741211,41.060001373291016,26.03150177001953,7474900,1588.18994140625
2013-06-21,41.65999984741211,42.709999084472656,41.20000076293945,42.619998931884766,27.02052879333496,9825700,1592.4300537109375
2013-06-24,42.06999969482422,42.400001525878906,41.31999969482422,41.88999938964844,26.557716369628903,6042400,1573.0899658203125
2013-06-25,42.150001525878906,42.77000045776367,41.61000061035156,42.630001068115234,27.0268669128418,4686900,1588.030029296875
2013-06-26,43.09999847412109,43.61000061035156,43.02999877929688,43.380001068115234,27.50235939025879,4733700,1603.260009765625
2013-06-27,43.560001373291016,43.97999954223633,42.7400016784668,43.130001068115234,27.343860626220703,5163900,1613.199951171875
2013-06-28,42.52999877929688,42.970001220703125,41.31999969482422,41.34000015258789,26.209028244018555,10753100,1606.280029296875
2013-07-01,41.400001525878906,41.93000030517578,41.06999969482422,41.61000061035156,26.38020133972168,4588200,1614.9599609375
2013-07-02,41.58000183105469,42.56999969482422,41.58000183105469,42.209999084472656,26.760587692260746,4365900,1614.0799560546875
2013-07-03,41.880001068115234,42.310001373291016,41.61000061035156,42.22999954223633,26.773271560668945,2417500,1615.4100341796875
2013-07-05,42.45000076293945,42.83000183105469,42.310001373291016,42.720001220703125,27.08392333984375,2743700,1631.8900146484375
2013-07-08,42.900001525878906,43.68999862670898,42.81999969482422,43.68000030517578,27.692550659179688,3978300,1640.4599609375
2013-07-09,44.0,44.22999954223633,43.25,43.31999969482422,27.46430969238281,3805700,1652.3199462890625
2013-07-10,43.36000061035156,44.119998931884766,43.36000061035156,43.90999984741211,27.8383731842041,3080100,1652.6199951171875
2013-07-11,43.93999862670898,44.11000061035156,43.33000183105469,43.77999877929688,28.011117935180664,4061400,1675.02001953125
2013-07-12,43.93000030517578,45.11000061035156,43.79999923706055,45.04999923706055,28.82368469238281,5693900,1680.18994140625
2013-07-15,44.95000076293945,44.970001220703125,44.540000915527344,44.619998931884766,28.548559188842773,3265800,1682.5
2013-07-16,44.540000915527344,44.77000045776367,43.70000076293945,43.810001373291016,28.030311584472656,3714500,1676.260009765625
2013-07-17,43.970001220703125,44.150001525878906,43.7400016784668,43.959999084472656,28.126283645629883,3645400,1680.9100341796875
2013-07-18,43.959999084472656,44.560001373291016,43.810001373291016,44.31999969482422,28.356616973876957,3043700,1689.3699951171875
2013-07-19,44.4900016784668,44.90999984741211,44.119998931884766,44.52000045776367,28.48458480834961,4317900,1692.0899658203125
2013-07-22,44.29999923706055,45.09999847412109,43.79999923706055,44.970001220703125,28.77250862121582,3810500,1695.530029296875
2013-07-23,44.91999816894531,45.09000015258789,44.22999954223633,44.310001373291016,28.350221633911133,3535100,1692.3900146484375
2013-07-24,44.27999877929688,44.369998931884766,43.38999938964844,43.63999938964844,27.92154693603516,3088100,1685.93994140625
2013-07-25,43.40999984741211,44.43000030517578,43.34999847412109,44.2400016784668,28.305435180664062,4088500,1690.25
2013-07-26,45.0099983215332,45.119998931884766,44.16999816894531,44.790000915527344,28.65732765197754,4491100,1691.6500244140625
2013-07-29,44.720001220703125,45.45000076293945,44.470001220703125,45.060001373291016,28.8300838470459,4326200,1685.3299560546875
2013-07-30,45.08000183105469,45.22999954223633,44.20000076293945,44.70000076293945,28.59974479675293,3619700,1685.9599609375
2013-07-31,44.84000015258789,45.90999984741211,44.810001373291016,45.47999954223633,29.09881019592285,6020600,1685.72998046875
2013-08-01,45.13999938964844,45.900001525878906,45.040000915527344,45.25,28.95163917541504,3652400,1706.8699951171875
2013-08-02,45.11000061035156,45.41999816894531,44.810001373291016,45.31999969482422,28.99643325805664,3190700,1709.6700439453125
2013-08-05,45.04999923706055,45.369998931884766,44.47999954223633,44.709999084472656,28.606151580810547,2953500,1707.1400146484375
2013-08-06,44.41999816894531,44.9900016784668,44.41999816894531,44.880001068115234,28.71491813659668,4980600,1697.3699951171875
2013-08-07,44.70000076293945,44.86000061035156,44.220001220703125,44.56999969482422,28.51656723022461,3299400,1690.9100341796875
2013-08-08,44.86000061035156,45.18000030517578,44.61000061035156,45.060001373291016,28.8300838470459,2892400,1697.47998046875
2013-08-09,44.900001525878906,45.0,44.470001220703125,44.709999084472656,28.606151580810547,3290800,1691.4200439453125
2013-08-12,44.709999084472656,45.20000076293945,44.38999938964844,45.040000915527344,28.817285537719727,3826400,1689.469970703125
2013-08-13,45.119998931884766,45.18000030517578,44.68000030517578,44.93000030517578,28.74690055847168,2791800,1694.1600341796875
2013-08-14,44.84999847412109,45.22999954223633,44.45000076293945,44.58000183105469,28.522974014282227,2990500,1685.3900146484375
2013-08-15,44.59999847412109,44.619998931884766,43.130001068115234,43.209999084472656,27.64642906188965,4363100,1661.3199462890625
2013-08-16,42.93999862670898,43.13999938964844,42.41999816894531,43.0,27.51206588745117,6093300,1655.8299560546875
2013-08-19,43.0099983215332,43.810001373291016,42.95000076293945,43.369998931884766,27.748802185058597,3326900,1646.06005859375
2013-08-20,43.290000915527344,43.47999954223633,42.84999847412109,42.970001220703125,27.492876052856445,2803000,1652.3499755859375
2013-08-21,42.81999969482422,42.880001068115234,42.25,42.310001373291016,27.070594787597656,4118800,1642.800048828125
2013-08-22,42.400001525878906,43.09999847412109,42.290000915527344,42.91999816894531,27.46088409423828,4077700,1656.9599609375
2013-08-23,43.0099983215332,43.5,42.84999847412109,43.43000030517578,27.787193298339844,2738100,1663.5
2013-08-26,43.43000030517578,43.7400016784668,43.18999862670898,43.45000076293945,27.79997062683105,3493400,1656.780029296875
2013-08-27,43.02000045776367,43.09000015258789,42.59999847412109,42.630001068115234,27.275339126586918,4473000,1630.47998046875
2013-08-28,42.52999877929688,42.810001373291016,42.34999847412109,42.560001373291016,27.230548858642575,3009700,1634.9599609375
2013-08-29,42.31999969482422,43.09000015258789,42.2599983215332,42.619998931884766,27.268938064575195,2788900,1638.1700439453125
2013-08-30,42.7599983215332,43.02999877929688,42.29999923706055,42.61000061035156,27.262531280517575,3170700,1632.969970703125
2013-09-03,43.0,43.27999877929688,42.310001373291016,42.59000015258789,27.249740600585938,2925600,1639.77001953125
2013-09-04,42.59999847412109,43.13999938964844,42.59000015258789,43.130001068115234,27.59524154663086,3190700,1653.0799560546875
2013-09-05,43.02999877929688,43.65999984741211,43.0,43.5099983215332,27.838367462158203,3355500,1655.0799560546875
2013-09-06,43.52999877929688,44.34999847412109,42.88999938964844,43.88999938964844,28.08150100708008,3992200,1655.1700439453125
2013-09-09,43.880001068115234,44.43999862670898,43.5,44.43000030517578,28.427003860473636,3287500,1671.7099609375
2013-09-10,44.58000183105469,44.810001373291016,44.09999847412109,44.77999877929688,28.650936126708984,4282300,1683.989990234375
2013-09-11,44.810001373291016,44.970001220703125,44.38999938964844,44.95000076293945,28.75969886779785,3441700,1689.1300048828125
2013-09-12,44.84000015258789,44.95000076293945,44.5,44.70000076293945,28.59974479675293,2597900,1683.4200439453125
2013-09-13,44.709999084472656,44.88999938964844,44.43000030517578,44.88999938964844,28.721309661865234,2273500,1687.989990234375
2013-09-16,45.31999969482422,45.95000076293945,45.18999862670898,45.81999969482422,29.31634330749512,3531700,1697.5999755859375
2013-09-17,45.91999816894531,47.70000076293945,45.86000061035156,47.59999847412109,30.45521545410156,7293800,1704.760009765625
2013-09-18,47.18999862670898,48.41999816894531,46.880001068115234,47.91999816894531,30.65995216369629,6689400,1725.52001953125
2013-09-19,48.209999084472656,48.22999954223633,47.310001373291016,47.400001525878906,30.327260971069336,5326500,1722.3399658203125
2013-09-20,47.43999862670898,48.0,47.33000183105469,47.84000015258789,30.60876846313477,10495300,1709.9100341796875
2013-09-23,47.560001373291016,47.560001373291016,46.93000030517578,47.09999847412109,30.13530540466309,3179500,1701.8399658203125
2013-09-24,46.95000076293945,46.95000076293945,45.93999862670898,45.97999954223633,29.41871833801269,7162700,1697.4200439453125
2013-09-25,46.09000015258789,46.15999984741211,45.02000045776367,45.33000183105469,29.00284194946289,4571900,1692.77001953125
2013-09-26,45.33000183105469,45.619998931884766,44.810001373291016,45.0,28.791690826416016,5033900,1698.6700439453125
2013-09-27,44.869998931884766,44.900001525878906,44.02000045776367,44.33000183105469,28.36301612854004,6617300,1691.75
2013-09-30,44.52000045776367,44.95000076293945,44.02999877929688,44.72999954223633,28.618940353393555,5818400,1681.550048828125
2013-10-01,44.810001373291016,45.900001525878906,44.810001373291016,45.79999923706055,29.303543090820312,4159700,1695.0
2013-10-02,45.34000015258789,45.970001220703125,45.119998931884766,45.95000076293945,29.39951705932617,4056800,1693.8699951171875
2013-10-03,45.59999847412109,46.34000015258789,45.09999847412109,46.0099983215332,29.43790435791016,7020800,1678.6600341796875
2013-10-04,46.18000030517578,46.880001068115234,46.0,46.79999923706055,29.943368911743164,4141400,1690.5
2013-10-07,46.119998931884766,46.97999954223633,46.09000015258789,46.09000015258789,29.489091873168945,4703700,1676.1199951171875
2013-10-08,46.290000915527344,46.31999969482422,44.38999938964844,44.52000045776367,28.48458480834961,7091500,1655.449951171875
2013-10-09,44.720001220703125,45.310001373291016,44.31999969482422,44.810001373291016,28.670137405395508,5113000,1656.4000244140625
2013-10-10,45.09999847412109,45.68000030517578,44.5099983215332,45.68000030517578,29.49001121520996,3967500,1692.56005859375
2013-10-11,45.70000076293945,45.70000076293945,44.959999084472656,45.650001525878906,29.47064208984375,2985700,1703.199951171875
2013-10-14,45.209999084472656,46.45000076293945,45.06999969482422,46.33000183105469,29.909643173217773,3377300,1710.1400146484375
2013-10-15,46.04999923706055,46.380001068115234,45.75,46.08000183105469,29.74824333190918,3533300,1698.06005859375
2013-10-16,46.310001373291016,47.27000045776367,46.20000076293945,47.060001373291016,30.380908966064453,4399900,1721.5400390625
2013-10-17,46.95000076293945,48.31999969482422,46.95000076293945,48.16999816894531,31.09750366210937,7242400,1733.1500244140625
2013-10-18,48.380001068115234,48.95000076293945,47.77000045776367,48.33000183105469,31.200796127319336,9212900,1744.5
2013-10-21,48.08000183105469,48.54999923706055,47.7599983215332,48.34999847412109,31.21370506286621,4713200,1744.6600341796875
2013-10-22,48.38999938964844,49.310001373291016,48.11000061035156,49.0,31.63333511352539,6937500,1754.6700439453125
2013-10-23,48.7599983215332,48.86000061035156,48.27999877929688,48.33000183105469,31.200796127319336,4130300,1746.3800048828125
2013-10-24,48.630001068115234,48.97999954223633,47.7400016784668,47.93000030517578,30.94256019592285,5077900,1752.0699462890625
2013-10-25,49.09999847412109,49.83000183105469,48.560001373291016,49.29999923706055,31.827003479003903,6956800,1759.77001953125
2013-10-28,49.130001068115234,49.970001220703125,48.970001220703125,49.41999816894531,31.904481887817383,5555000,1762.1099853515625
2013-10-29,49.47999954223633,50.20000076293945,49.47999954223633,49.790000915527344,32.143341064453125,5022900,1771.949951171875
2013-10-30,49.56999969482422,49.56999969482422,48.720001220703125,48.79999923706055,31.50421142578125,4011600,1763.31005859375
2013-10-31,48.68000030517578,49.0,48.43999862670898,48.45000076293945,31.278261184692383,4563700,1756.5400390625
2013-11-01,48.63999938964844,49.33000183105469,48.5,48.959999084472656,31.607511520385746,3866900,1761.6400146484375
2013-11-04,49.18999862670898,49.18999862670898,48.0,48.7599983215332,31.478395462036133,4095600,1767.9300537109375
2013-11-05,48.59000015258789,48.7599983215332,48.02999877929688,48.16999816894531,31.09750366210937,4095400,1762.969970703125
2013-11-06,48.5,48.7400016784668,48.0,48.04999923706055,31.020042419433597,4308100,1770.489990234375
2013-11-07,48.16999816894531,48.36000061035156,47.18000030517578,47.2400016784668,30.497116088867188,4444900,1747.1500244140625
2013-11-08,47.130001068115234,48.09999847412109,46.83000183105469,48.02999877929688,31.007123947143555,5190900,1770.6099853515625
2013-11-11,48.22999954223633,48.66999816894531,48.18999862670898,48.56999969482422,31.35574150085449,2282900,1771.8900146484375
2013-11-12,48.45000076293945,48.47999954223633,47.27999877929688,47.47999954223633,30.65205955505371,5351100,1767.68994140625
2013-11-13,47.36000061035156,47.93000030517578,47.290000915527344,47.84999847412109,30.89092063903809,3745100,1782.0
2013-11-14,47.9900016784668,48.470001220703125,47.68999862670898,48.040000915527344,31.013580322265625,3411800,1790.6199951171875
2013-11-15,48.02999877929688,48.75,48.0,48.43999862670898,31.271812438964844,6257100,1798.1800537109375
2013-11-18,48.88999938964844,49.959999084472656,48.72999954223633,48.869998931884766,31.54941749572754,8585700,1791.530029296875
2013-11-19,48.72999954223633,49.0,48.369998931884766,48.459999084472656,31.284711837768555,4050700,1787.8699951171875
2013-11-20,48.41999816894531,48.540000915527344,47.83000183105469,47.95000076293945,30.955472946166992,3120300,1781.3699951171875
2013-11-21,48.27999877929688,48.66999816894531,47.9900016784668,48.56999969482422,31.35574150085449,4459800,1795.8499755859375
2013-11-22,48.650001525878906,49.13999938964844,48.56999969482422,48.93999862670898,31.59459686279297,5810100,1804.760009765625
2013-11-25,49.0,49.27999877929688,48.31999969482422,48.40999984741211,31.25243186950684,3343200,1802.47998046875
2013-11-26,48.380001068115234,49.18000030517578,48.310001373291016,48.59999847412109,31.37510681152344,4732300,1802.75
2013-11-27,48.83000183105469,48.95000076293945,48.2400016784668,48.25,31.149150848388672,3414900,1807.22998046875
2013-11-29,48.43000030517578,48.93000030517578,48.06999969482422,48.45000076293945,31.278261184692383,4044300,1805.81005859375
2013-12-02,48.4900016784668,48.68000030517578,48.02000045776367,48.38999938964844,31.23952865600586,4321900,1800.9000244140625
2013-12-03,49.130001068115234,50.2599983215332,48.970001220703125,49.970001220703125,32.259552001953125,9480100,1795.1500244140625
2013-12-04,49.75,50.290000915527344,49.29999923706055,49.66999816894531,32.06586456298828,5309200,1792.81005859375
2013-12-05,49.41999816894531,50.06999969482422,49.04999923706055,49.7599983215332,32.123966217041016,5449100,1785.030029296875
2013-12-06,50.16999816894531,51.5,50.04999923706055,51.34999847412109,33.150428771972656,7285800,1805.0899658203125
2013-12-09,51.45000076293945,51.810001373291016,50.77000045776367,51.209999084472656,33.0600700378418,5470800,1808.3699951171875
2013-12-10,51.25,54.130001068115234,50.720001220703125,52.13999938964844,33.66045379638672,14906900,1802.6199951171875
2013-12-11,52.66999816894531,53.25,52.02000045776367,52.66999816894531,34.00260543823242,10775500,1782.219970703125
2013-12-12,52.560001373291016,52.619998931884766,51.79999923706055,52.38999938964844,33.821834564208984,7766400,1775.5
2013-12-13,52.29999923706055,52.59999847412109,51.84000015258789,52.369998931884766,33.80893325805664,6465300,1775.3199462890625
2013-12-16,53.41999816894531,54.77999877929688,52.97999954223633,53.369998931884766,34.45450592041016,9846300,1786.5400390625
2013-12-17,53.43000030517578,53.91999816894531,53.0,53.630001068115234,34.62235641479492,7987300,1781.0
2013-12-18,52.77999877929688,54.43000030517578,52.220001220703125,54.31999969482422,35.067813873291016,9635600,1810.6500244140625
2013-12-19,53.209999084472656,53.209999084472656,52.02000045776367,52.630001068115234,33.97679138183594,8383400,1809.5999755859375
2013-12-20,52.77000045776367,53.0099983215332,52.290000915527344,52.59000015258789,33.950965881347656,12471800,1818.3199462890625
2013-12-23,52.72999954223633,52.93999862670898,52.2400016784668,52.58000183105469,33.944515228271484,4957700,1827.989990234375
2013-12-24,52.77999877929688,52.790000915527344,52.27999877929688,52.36000061035156,33.802467346191406,1747000,1833.3199462890625
2013-12-26,52.59000015258789,53.060001373291016,52.34000015258789,52.9900016784668,34.20919418334961,2401500,1842.02001953125
2013-12-27,52.91999816894531,53.04999923706055,52.380001068115234,52.54999923706055,33.92514419555664,2354100,1841.4000244140625
2013-12-30,52.72999954223633,53.02999877929688,52.59999847412109,53.0099983215332,34.22209930419922,2898800,1841.0699462890625
2013-12-31,52.9900016784668,53.060001373291016,52.36000061035156,52.810001373291016,34.092987060546875,3019700,1848.3599853515625
2014-01-02,52.119998931884766,52.33000183105469,51.52000045776367,51.97999954223633,33.557151794433594,4569100,1831.97998046875
2014-01-03,52.25,52.66999816894531,51.970001220703125,52.29999923706055,33.76374816894531,4794300,1831.3699951171875
2014-01-06,52.70000076293945,52.70000076293945,50.02999877929688,50.38999938964844,32.53068923950195,11871100,1826.77001953125
2014-01-07,50.84000015258789,51.209999084472656,50.29999923706055,50.4900016784668,32.59524154663086,9719900,1837.8800048828125
2014-01-08,50.630001068115234,51.11000061035156,50.2400016784668,50.36000061035156,32.51131820678711,6811100,1837.489990234375
2014-01-09,50.59000015258789,51.650001525878906,49.869998931884766,51.220001220703125,33.0665168762207,6960300,1838.1300048828125
2014-01-10,51.27000045776367,51.4900016784668,50.7599983215332,50.900001525878906,32.85993576049805,5517700,1842.3699951171875
2014-01-13,50.65999984741211,50.7400016784668,49.63999938964844,49.83000183105469,32.423973083496094,7055200,1819.199951171875
2014-01-14,49.93999862670898,50.880001068115234,49.630001068115234,50.59999847412109,32.92500305175781,6610800,1838.8800048828125
2014-01-15,50.650001525878906,50.66999816894531,50.06999969482422,50.11000061035156,32.60615539550781,4728400,1848.3800048828125
2014-01-16,50.09999847412109,50.619998931884766,50.02000045776367,50.5,32.85993194580078,4972300,1845.8900146484375
2014-01-17,50.63999938964844,50.65999984741211,50.0099983215332,50.060001373291016,32.5736198425293,8606800,1838.699951171875
2014-01-21,50.2599983215332,50.91999816894531,49.90999984741211,50.0,32.534576416015625,5823000,1843.800048828125
2014-01-22,49.97999954223633,50.0,48.619998931884766,49.08000183105469,31.935955047607425,8181700,1844.8599853515625
2014-01-23,48.7400016784668,49.060001373291016,48.38999938964844,48.869998931884766,31.79930877685547,7270500,1828.4599609375
2014-01-24,48.41999816894531,49.09999847412109,47.77000045776367,47.790000915527344,31.096555709838867,9197900,1790.2900390625
2014-01-27,47.790000915527344,47.83000183105469,46.41999816894531,46.83000183105469,30.471895217895508,10749800,1781.56005859375
2014-01-28,47.08000183105469,48.470001220703125,47.08000183105469,47.68999862670898,31.031482696533203,12298600,1792.5
2014-01-29,47.150001525878906,47.84000015258789,46.97999954223633,47.61000061035156,30.979440689086918,7608500,1774.199951171875
2014-01-30,47.970001220703125,48.880001068115234,47.900001525878906,48.310001373291016,31.434907913208008,7669500,1794.18994140625
2014-01-31,49.93999862670898,50.54999923706055,49.06999969482422,49.22999954223633,32.033565521240234,12863500,1782.5899658203125
2014-02-03,49.400001525878906,49.4900016784668,47.060001373291016,47.34999847412109,30.81024932861328,10314600,1741.8900146484375
2014-02-04,47.18000030517578,47.970001220703125,46.95000076293945,47.95000076293945,31.200664520263672,9606100,1755.199951171875
2014-02-05,47.7599983215332,48.06999969482422,47.15999984741211,47.72999954223633,31.057512283325195,6987100,1751.6400146484375
2014-02-06,47.88999938964844,48.18000030517578,47.45000076293945,47.93000030517578,31.187646865844727,4957800,1773.4300537109375
2014-02-07,48.0,49.02999877929688,47.65999984741211,48.88999938964844,31.81232070922852,6979500,1797.02001953125
2014-02-10,48.75,50.18999862670898,48.720001220703125,49.54999923706055,32.24177169799805,7907500,1799.8399658203125
2014-02-11,49.40999984741211,49.970001220703125,49.040000915527344,49.65999984741211,32.3133544921875,7217600,1819.75
2014-02-12,49.630001068115234,50.93000030517578,49.59000015258789,50.560001373291016,32.89896774291992,6534500,1819.260009765625
2014-02-13,50.29999923706055,50.52000045776367,49.880001068115234,50.34999847412109,32.7623291015625,4946000,1829.8299560546875
2014-02-14,50.560001373291016,50.90999984741211,50.16999816894531,50.72999954223633,33.00959014892578,4118700,1838.6300048828125
2014-02-18,50.63999938964844,51.560001373291016,50.560001373291016,51.459999084472656,33.484596252441406,4984900,1840.760009765625
2014-02-19,51.16999816894531,51.86000061035156,50.63999938964844,51.18999862670898,33.30890274047852,5242800,1828.75
2014-02-20,51.18999862670898,52.11000061035156,50.72999954223633,51.86000061035156,33.744873046875,6078900,1839.780029296875
2014-02-21,51.81999969482422,51.970001220703125,51.0099983215332,51.040000915527344,33.21129608154297,5842700,1836.25
2014-02-24,51.0099983215332,51.560001373291016,50.83000183105469,50.84999847412109,33.087669372558594,5693000,1847.6099853515625
2014-02-25,50.93000030517578,51.130001068115234,50.5,50.720001220703125,33.00309371948242,5425000,1845.1199951171875
2014-02-26,49.95000076293945,50.970001220703125,49.93000030517578,50.7400016784668,33.01609420776367,5710700,1845.1600341796875
2014-02-27,50.59999847412109,50.91999816894531,50.470001220703125,50.90999984741211,33.126712799072266,5052900,1854.2900390625
2014-02-28,50.84000015258789,51.959999084472656,50.5099983215332,50.90999984741211,33.126712799072266,7095600,1859.449951171875
2014-03-03,50.34000015258789,50.86000061035156,49.790000915527344,50.09000015258789,32.59315872192383,6817700,1845.72998046875
2014-03-04,50.72999954223633,51.72999954223633,50.52999877929688,51.59000015258789,33.569190979003906,6198000,1873.9100341796875
2014-03-05,51.68000030517578,52.119998931884766,51.29999923706055,51.70000076293945,33.64076232910156,5251100,1873.81005859375
2014-03-06,52.040000915527344,52.77000045776367,51.970001220703125,52.040000915527344,33.86199951171875,6529000,1877.030029296875
2014-03-07,52.25,52.5,51.0099983215332,51.459999084472656,33.484596252441406,5860700,1878.0400390625
2014-03-10,51.900001525878906,51.900001525878906,50.86000061035156,51.65999984741211,33.61473083496094,3086000,1877.1700439453125
2014-03-11,51.68000030517578,52.13999938964844,51.5,51.75,33.67330551147461,3629800,1867.6300048828125
2014-03-12,51.459999084472656,51.7400016784668,51.06999969482422,51.63999938964844,33.601715087890625,3924800,1868.199951171875
2014-03-13,51.88999938964844,52.09999847412109,51.13999938964844,51.31999969482422,33.39349365234375,4839400,1846.3399658203125
2014-03-14,51.25,51.41999816894531,50.79999923706055,51.209999084472656,33.321929931640625,5466700,1841.1300048828125
2014-03-17,51.470001220703125,52.18999862670898,51.2599983215332,51.97999954223633,33.82295608520508,3875500,1858.8299560546875
2014-03-18,52.08000183105469,53.220001220703125,51.970001220703125,53.09999847412109,34.55173110961914,4712300,1872.25
2014-03-19,53.09000015258789,53.52999877929688,52.43999862670898,53.11000061035156,34.558231353759766,6408600,1860.77001953125
2014-03-20,52.86000061035156,53.79999923706055,52.52000045776367,53.68000030517578,34.92913055419922,6922700,1872.010009765625
2014-03-21,54.220001220703125,54.72999954223633,53.09000015258789,53.459999084472656,34.785972595214844,12930500,1866.52001953125
2014-03-24,53.52999877929688,53.619998931884766,51.34999847412109,51.36000061035156,33.419532775878906,10161400,1857.43994140625
2014-03-25,51.68000030517578,52.09999847412109,51.5,51.68999862670898,33.634254455566406,6127200,1865.6199951171875
2014-03-26,52.0,52.34000015258789,51.459999084472656,51.5,33.5106315612793,5684900,1852.56005859375
2014-03-27,51.52999877929688,51.84000015258789,51.43000030517578,51.65999984741211,33.61473083496094,4778000,1849.0400390625
2014-03-28,51.83000183105469,52.130001068115234,50.88999938964844,50.97999954223633,33.17227554321289,4208300,1857.6199951171875
2014-03-31,51.34000015258789,51.70000076293945,50.95000076293945,51.400001525878906,33.445560455322266,4813100,1872.3399658203125
2014-04-01,51.619998931884766,52.380001068115234,51.540000915527344,52.09999847412109,33.90104293823242,4250800,1885.52001953125
2014-04-02,52.09999847412109,53.40999984741211,51.9900016784668,53.34000015258789,34.70790100097656,6007200,1890.9000244140625
2014-04-03,53.34999847412109,53.83000183105469,53.209999084472656,53.5,34.812007904052734,6841400,1888.77001953125
2014-04-04,53.77999877929688,54.43999862670898,52.04999923706055,52.20000076293945,33.96611404418945,7013200,1865.0899658203125
2014-04-07,51.68000030517578,52.310001373291016,49.650001525878906,50.619998931884766,32.938018798828125,9146600,1845.0400390625
2014-04-08,50.34999847412109,50.869998931884766,48.93000030517578,49.09999847412109,31.948963165283203,8246900,1851.9599609375
2014-04-09,49.4900016784668,50.7599983215332,49.2599983215332,50.630001068115234,32.94451904296875,6018200,1872.1800537109375
2014-04-10,50.08000183105469,50.27000045776367,47.290000915527344,47.34999847412109,30.81024932861328,13177200,1833.0799560546875
2014-04-11,46.58000183105469,47.209999084472656,45.5,46.459999084472656,30.501689910888672,11465800,1815.68994140625
2014-04-14,47.09999847412109,47.5,46.209999084472656,46.83000183105469,30.74460220336914,7290800,1830.6099853515625
2014-04-15,47.41999816894531,48.09000015258789,46.7599983215332,47.86000061035156,31.42081069946289,9531100,1842.97998046875
2014-04-16,48.58000183105469,48.84000015258789,47.619998931884766,48.119998931884766,31.59149932861328,7151000,1862.31005859375
2014-04-17,47.91999816894531,48.77999877929688,47.720001220703125,48.54999923706055,31.87382125854492,6196800,1864.8499755859375
2014-04-21,48.5,49.45000076293945,48.400001525878906,49.43000030517578,32.451541900634766,4445000,1871.8900146484375
2014-04-22,49.4900016784668,50.41999816894531,49.34999847412109,50.0099983215332,32.832313537597656,6613200,1879.550048828125
2014-04-23,50.13999938964844,50.2599983215332,49.38999938964844,50.13999938964844,32.917667388916016,6578300,1875.3900146484375
2014-04-24,50.130001068115234,50.130001068115234,49.0,49.31999969482422,32.37931823730469,6628800,1878.6099853515625
2014-04-25,50.209999084472656,50.97999954223633,48.95000076293945,49.13999938964844,32.26116180419922,7289100,1863.4000244140625
2014-04-28,49.54999923706055,50.91999816894531,49.5,50.869998931884766,33.39692306518555,7932200,1869.4300537109375
2014-04-29,50.93999862670898,51.52999877929688,50.7599983215332,51.369998931884766,33.725181579589844,5601300,1878.3299560546875
2014-04-30,51.380001068115234,52.16999816894531,51.0,52.08000183105469,34.1912956237793,7430600,1883.949951171875
2014-05-01,51.88999938964844,52.09999847412109,51.40999984741211,51.61000061035156,33.88274002075195,4279800,1883.6800537109375
2014-05-02,51.40999984741211,51.720001220703125,51.0,51.18000030517578,33.60044860839844,3341300,1881.1400146484375
2014-05-05,50.9900016784668,51.369998931884766,50.310001373291016,51.36000061035156,33.718605041503906,2580300,1884.6600341796875
2014-05-06,51.20000076293945,51.29999923706055,50.83000183105469,50.90999984741211,33.42318344116211,3353200,1867.719970703125
2014-05-07,52.380001068115234,52.869998931884766,51.27000045776367,52.790000915527344,34.657440185546875,7022600,1878.2099609375
2014-05-08,52.68999862670898,53.09000015258789,51.959999084472656,52.150001525878906,34.23726272583008,4092100,1875.6300048828125
2014-05-09,52.06999969482422,52.34999847412109,51.08000183105469,52.2599983215332,34.30949020385742,5012500,1878.47998046875
2014-05-12,52.36000061035156,52.560001373291016,52.220001220703125,52.369998931884766,34.38170623779297,3626400,1896.6500244140625
2014-05-13,52.45000076293945,52.5,51.91999816894531,52.20000076293945,34.27008819580078,4145200,1897.449951171875
2014-05-14,52.22999954223633,53.0,52.08000183105469,52.869998931884766,34.70994567871094,4878400,1888.530029296875
2014-05-15,52.959999084472656,53.06999969482422,52.41999816894531,52.68999862670898,34.5917854309082,6963800,1870.8499755859375
2014-05-16,52.650001525878906,52.970001220703125,52.40999984741211,52.93000030517578,34.74933624267578,5826200,1877.8599853515625
2014-05-19,52.84000015258789,54.209999084472656,52.709999084472656,54.11000061035156,35.52402877807617,6010500,1885.0799560546875
2014-05-20,53.86000061035156,53.93000030517578,53.310001373291016,53.540000915527344,35.149810791015625,5021200,1872.8299560546875
2014-05-21,53.5,53.84000015258789,53.09999847412109,53.27000045776367,34.97256088256836,4088000,1888.030029296875
2014-05-22,53.290000915527344,54.34000015258789,52.93999862670898,53.630001068115234,35.20889663696289,4486400,1892.489990234375
2014-05-23,53.93999862670898,54.380001068115234,53.84000015258789,53.95000076293945,35.41899108886719,3023500,1900.530029296875
2014-05-27,54.20000076293945,54.20000076293945,53.77999877929688,53.9900016784668,35.445247650146484,3816300,1911.9100341796875
2014-05-28,53.959999084472656,54.61000061035156,53.81999969482422,54.06999969482422,35.49776840209961,4108300,1909.780029296875
2014-05-29,54.09999847412109,54.45000076293945,53.75,54.02999877929688,35.47151184082031,2768600,1920.030029296875
2014-05-30,53.97999954223633,54.43000030517578,53.88999938964844,54.33000183105469,35.66847229003906,4025600,1923.5699462890625
2014-06-02,54.43000030517578,54.95000076293945,53.90999984741211,54.150001525878906,35.55029296875,3635000,1924.969970703125
2014-06-03,54.060001373291016,54.470001220703125,53.869998931884766,54.369998931884766,35.69473648071289,3078000,1924.239990234375
2014-06-04,53.91999816894531,54.63999938964844,53.66999816894531,54.58000183105469,35.83259201049805,3388200,1927.8800048828125
2014-06-05,54.54999923706055,55.31999969482422,54.36000061035156,55.29999923706055,36.30527114868164,4847300,1940.4599609375
2014-06-06,55.31999969482422,55.400001525878906,54.88999938964844,55.09999847412109,36.173973083496094,3449800,1949.43994140625
2014-06-09,54.41999816894531,54.880001068115234,53.720001220703125,53.84000015258789,35.346771240234375,6297500,1951.27001953125
2014-06-10,53.13999938964844,54.08000183105469,52.290000915527344,53.970001220703125,35.4321174621582,8414700,1950.7900390625
2014-06-11,53.84999847412109,54.70000076293945,53.75,54.22999954223633,35.60280990600586,5386800,1943.8900146484375
2014-06-12,54.220001220703125,54.25,53.459999084472656,53.65999984741211,35.228599548339844,3941600,1930.1099853515625
2014-06-13,53.66999816894531,54.310001373291016,53.43999862670898,54.15999984741211,35.556861877441406,4413000,1936.1600341796875
2014-06-16,54.18000030517578,54.310001373291016,53.45000076293945,54.0,35.45181655883789,4410400,1937.780029296875
2014-06-17,54.4900016784668,54.540000915527344,53.84999847412109,54.29999923706055,35.64876937866211,3385000,1941.989990234375
2014-06-18,54.27000045776367,54.61000061035156,54.0,54.56999969482422,35.8260383605957,3337300,1956.97998046875
2014-06-19,54.13999938964844,54.810001373291016,53.91999816894531,54.18999862670898,35.576541900634766,3952800,1959.47998046875
2014-06-20,55.619998931884766,55.619998931884766,53.15999984741211,53.29999923706055,34.99226379394531,13457700,1962.8699951171875
2014-06-23,53.7599983215332,54.400001525878906,53.540000915527344,53.75,35.28769302368164,6235600,1962.6099853515625
2014-06-24,53.7400016784668,53.95000076293945,53.43000030517578,53.59000015258789,35.182647705078125,5483500,1949.97998046875
2014-06-25,53.52000045776367,55.790000915527344,53.400001525878906,55.0,36.108341217041016,11085100,1959.530029296875
2014-06-26,55.06999969482422,56.540000915527344,54.970001220703125,56.5099983215332,37.09966278076172,10716400,1957.219970703125
2014-06-27,56.58000183105469,56.900001525878906,56.27999877929688,56.790000915527344,37.28349685668945,7490800,1960.9599609375
2014-06-30,56.5099983215332,56.88999938964844,56.09999847412109,56.43999862670898,37.05371856689453,6229700,1960.22998046875
2014-07-01,56.41999816894531,57.20000076293945,56.16999816894531,56.88999938964844,37.3491439819336,6869800,1973.3199462890625
2014-07-02,57.459999084472656,58.11000061035156,56.91999816894531,58.11000061035156,38.15009689331055,6198500,1974.6199951171875
2014-07-03,57.900001525878906,58.27000045776367,57.650001525878906,58.220001220703125,38.22230911254883,3828900,1985.43994140625
2014-07-07,57.90999984741211,58.150001525878906,57.38999938964844,57.400001525878906,37.6839599609375,4736300,1977.6500244140625
2014-07-08,56.68000030517578,56.970001220703125,55.47999954223633,55.68999862670898,36.56133270263672,9297300,1963.7099609375
2014-07-09,55.560001373291016,55.63999938964844,54.81999969482422,55.0099983215332,36.11489868164063,11516300,1972.8299560546875
2014-07-10,54.5,55.880001068115234,54.27999877929688,55.790000915527344,36.62697982788086,7553100,1964.6800537109375
2014-07-11,55.34000015258789,56.59999847412109,54.47999954223633,54.959999084472656,36.35576629638672,13586800,1967.5699462890625
2014-07-14,53.88999938964844,55.04999923706055,53.720001220703125,54.84999847412109,36.28300094604492,30823300,1977.0999755859375
2014-07-15,54.52000045776367,54.68999862670898,53.38999938964844,53.43999862670898,35.350303649902344,16796400,1973.280029296875
2014-07-16,53.25,53.66999816894531,51.81999969482422,53.650001525878906,35.48920440673828,23291200,1981.5699462890625
2014-07-17,53.209999084472656,55.0,52.880001068115234,53.52000045776367,35.4032096862793,18699000,1958.1199951171875
2014-07-18,53.0,55.119998931884766,53.0,54.90999984741211,36.322696685791016,42456000,1978.219970703125
2014-07-21,54.13999938964844,54.45000076293945,53.90999984741211,54.0,35.72073745727539,22334900,1973.6300048828125
2014-07-22,53.81999969482422,54.380001068115234,53.75,54.04999923706055,35.753807067871094,14724300,1983.530029296875
2014-07-23,54.47999954223633,54.810001373291016,54.06999969482422,54.47999954223633,36.03824996948242,15011300,1987.010009765625
2014-07-24,54.220001220703125,54.560001373291016,53.970001220703125,54.08000183105469,35.77363967895508,11712800,1987.97998046875
2014-07-25,54.400001525878906,54.4900016784668,53.02999877929688,53.18000030517578,35.178306579589844,11680900,1978.3399658203125
2014-07-28,53.41999816894531,54.0,53.16999816894531,53.7400016784668,35.54874420166016,10466000,1978.9100341796875
2014-07-29,53.54999923706055,53.65999984741211,53.2400016784668,53.43000030517578,35.34366989135742,16171500,1969.949951171875
2014-07-30,53.27999877929688,53.88999938964844,53.02999877929688,53.75,35.55536651611328,12680100,1970.0699462890625
2014-07-31,53.130001068115234,53.400001525878906,52.29999923706055,52.34000015258789,34.62265396118164,15479900,1930.6700439453125
2014-08-01,52.02999877929688,52.63999938964844,51.75,52.47999954223633,34.71525192260742,11593200,1925.1500244140625
2014-08-04,52.58000183105469,53.400001525878906,52.369998931884766,53.290000915527344,35.25107192993164,10456300,1938.989990234375
2014-08-05,52.77000045776367,53.18999862670898,52.45000076293945,52.790000915527344,34.92033004760742,12783800,1920.2099609375
2014-08-06,51.47999954223633,52.65999984741211,51.369998931884766,52.04999923706055,34.43081283569336,18126200,1920.239990234375
2014-08-07,51.59000015258789,52.709999084472656,51.41999816894531,52.43000030517578,34.68217849731445,17171700,1909.5699462890625
2014-08-08,52.720001220703125,52.88999938964844,52.290000915527344,52.81999969482422,34.940162658691406,13117700,1931.5899658203125
2014-08-11,53.0,53.650001525878906,52.77000045776367,53.310001373291016,35.26430892944336,10074600,1936.9200439453125
2014-08-12,53.220001220703125,53.29999923706055,52.56999969482422,52.84000015258789,34.953392028808594,8524600,1933.75
2014-08-13,52.970001220703125,53.63999938964844,52.75,53.59999847412109,35.45612716674805,9029400,1946.719970703125
2014-08-14,53.619998931884766,54.22999954223633,53.52999877929688,54.18999862670898,35.846397399902344,7959800,1955.1800537109375
2014-08-15,54.34000015258789,54.59000015258789,53.58000183105469,53.900001525878906,35.654579162597656,10109300,1955.06005859375
2014-08-18,54.38999938964844,54.52000045776367,53.84000015258789,54.310001373291016,35.92580032348633,7370500,1971.739990234375
2014-08-19,54.47999954223633,55.310001373291016,54.18000030517578,55.290000915527344,36.57406234741211,9159300,1981.5999755859375
2014-08-20,54.81999969482422,55.18000030517578,54.68999862670898,55.060001373291016,36.42192077636719,7612200,1986.510009765625
2014-08-21,54.790000915527344,55.119998931884766,54.68000030517578,54.959999084472656,36.35576629638672,8063200,1992.3699951171875
2014-08-22,54.869998931884766,55.27000045776367,54.36000061035156,55.20000076293945,36.51452255249024,9314600,1988.4000244140625
2014-08-25,55.380001068115234,55.91999816894531,55.18000030517578,55.869998931884766,36.95773315429688,7553500,1997.9200439453125
2014-08-26,55.68000030517578,55.93999862670898,55.63999938964844,55.75,36.87834930419922,9309800,2000.02001953125
2014-08-27,55.84999847412109,55.84999847412109,55.400001525878906,55.70000076293945,36.84526824951172,11022600,2000.1199951171875
2014-08-28,55.52000045776367,55.68000030517578,55.25,55.59999847412109,36.77912521362305,7277900,1996.739990234375
2014-08-29,55.75,55.79999923706055,55.2400016784668,55.27999877929688,36.56744384765625,7524400,2003.3699951171875
2014-09-02,55.43000030517578,55.52999877929688,54.959999084472656,55.06999969482422,36.42853164672852,7354900,2002.280029296875
2014-09-03,55.15999984741211,55.52999877929688,54.83000183105469,55.5099983215332,36.71958541870117,7562100,2000.719970703125
2014-09-04,55.36000061035156,55.59999847412109,55.09000015258789,55.540000915527344,36.73943328857422,10019400,1997.6500244140625
2014-09-05,55.4900016784668,55.93999862670898,54.869998931884766,55.93999862670898,37.004032135009766,9914300,2007.7099609375
2014-09-08,55.77999877929688,55.95000076293945,55.369998931884766,55.56999969482422,36.75927734375,6568800,2001.5400390625
2014-09-09,55.52999877929688,57.18000030517578,55.43000030517578,56.95000076293945,37.67213439941406,17558900,1988.43994140625
2014-09-10,56.900001525878906,57.31999969482422,56.5099983215332,57.18999862670898,37.83089828491211,8740300,1995.68994140625
2014-09-11,57.0,57.880001068115234,56.84999847412109,57.84999847412109,38.26747894287109,9943900,1997.449951171875
2014-09-12,57.84999847412109,58.77000045776367,57.7400016784668,57.880001068115234,38.287330627441406,15556200,1985.5400390625
2014-09-15,57.75,58.150001525878906,57.470001220703125,57.93000030517578,38.320411682128906,8632700,1984.1300048828125
2014-09-16,57.630001068115234,58.70000076293945,57.459999084472656,58.59999847412109,38.76360702514648,9112400,1998.97998046875
2014-09-17,58.88999938964844,60.02000045776367,58.75,59.619998931884766,39.43832778930664,14389400,2001.5699462890625
2014-09-18,59.59999847412109,59.650001525878906,59.09999847412109,59.45000076293945,39.32587814331055,10980500,2011.3599853515625
2014-09-19,59.84000015258789,59.93000030517578,59.0099983215332,59.060001373291016,39.06789779663086,13986900,2010.4000244140625
2014-09-22,59.22999954223633,59.29999923706055,58.40999984741211,58.709999084472656,38.83637619018555,9045900,1994.2900390625
2014-09-23,56.79999923706055,58.27000045776367,56.59999847412109,57.560001373291016,38.07564163208008,24204400,1982.77001953125
2014-09-24,57.65999984741211,59.34999847412109,57.61000061035156,59.04999923706055,39.06127166748047,15763800,1998.300048828125
2014-09-25,58.470001220703125,59.5,57.970001220703125,58.0,38.3667106628418,10079400,1965.989990234375
2014-09-26,58.540000915527344,59.2400016784668,58.09999847412109,59.18999862670898,39.15388107299805,15866000,1982.8499755859375
2014-09-29,58.13999938964844,58.83000183105469,57.93999862670898,58.52000045776367,38.71068572998047,7640400,1977.800048828125
2014-09-30,58.2599983215332,58.810001373291016,57.72999954223633,57.7599983215332,38.20795822143555,8599000,1972.2900390625
2014-10-01,57.93000030517578,57.93999862670898,56.959999084472656,57.22999954223633,37.85735702514648,8431900,1946.1600341796875
2014-10-02,57.540000915527344,57.70000076293945,56.13999938964844,56.66999816894531,37.486915588378906,8371500,1946.1700439453125
2014-10-03,57.41999816894531,58.77999877929688,57.34000015258789,58.68999862670898,38.82314300537109,11675600,1967.9000244140625
2014-10-06,58.59000015258789,58.9900016784668,57.65999984741211,57.810001373291016,38.24102783203125,7359900,1964.8199462890625
2014-10-07,57.59999847412109,57.59999847412109,56.5099983215332,56.650001525878906,37.47369766235352,8923500,1935.0999755859375
2014-10-08,56.540000915527344,58.45000076293945,56.18000030517578,58.34000015258789,38.59162521362305,10917200,1968.8900146484375
2014-10-09,58.52000045776367,58.54999923706055,56.709999084472656,56.720001220703125,37.5200080871582,11911600,1928.2099609375
2014-10-10,55.9900016784668,56.66999816894531,54.95000076293945,54.970001220703125,36.63364791870117,12108700,1906.1300048828125
2014-10-13,54.880001068115234,55.150001525878906,53.58000183105469,53.619998931884766,35.73397445678711,16908200,1874.739990234375
2014-10-14,53.59000015258789,54.84000015258789,53.02000045776367,54.130001068115234,36.0738410949707,14293600,1877.699951171875
2014-10-15,52.33000183105469,55.720001220703125,52.060001373291016,54.630001068115234,36.40706253051758,122740200,1862.489990234375
2014-10-16,55.79999923706055,55.900001525878906,52.84000015258789,52.900001525878906,35.25413513183594,61236700,1862.760009765625
2014-10-17,53.77999877929688,53.900001525878906,52.900001525878906,53.369998931884766,35.567359924316406,31891900,1886.760009765625
2014-10-20,52.560001373291016,54.59000015258789,52.25,54.40999984741211,36.26043701171875,17954600,1904.010009765625
2014-10-21,55.29999923706055,56.45000076293945,55.02000045776367,56.290000915527344,37.51333236694336,17522100,1941.280029296875
2014-10-22,56.959999084472656,57.45000076293945,56.2599983215332,56.900001525878906,37.919864654541016,16048100,1927.1099853515625
2014-10-23,58.09999847412109,59.70000076293945,57.880001068115234,59.52000045776367,39.665897369384766,14729300,1950.8199462890625
2014-10-24,59.34000015258789,60.40999984741211,59.34000015258789,60.290000915527344,40.17905807495117,10391600,1964.5799560546875
2014-10-27,60.34999847412109,60.97999954223633,60.209999084472656,60.4900016784668,40.312347412109375,10010900,1961.6300048828125
2014-10-28,60.7599983215332,61.130001068115234,60.43999862670898,60.93000030517578,40.60556411743164,9412500,1985.050048828125
2014-10-29,60.9900016784668,60.9900016784668,59.36000061035156,59.97999954223633,39.97245788574219,16547900,1982.300048828125
2014-10-30,60.0,61.43000030517578,59.90999984741211,61.18000030517578,40.77217483520508,11635300,1994.6500244140625
2014-10-31,63.060001373291016,63.9900016784668,62.369998931884766,63.459999084472656,42.2916374206543,15009900,2018.050048828125
2014-11-03,63.65999984741211,63.900001525878906,62.93999862670898,63.25,42.15167999267578,8250800,2017.81005859375
2014-11-04,63.209999084472656,63.61000061035156,62.31999969482422,62.65999984741211,41.75848007202149,9741700,2012.0999755859375
2014-11-05,63.4900016784668,63.66999816894531,62.20000076293945,62.540000915527344,41.67851257324219,6465000,2023.5699462890625
2014-11-06,62.75,63.38999938964844,62.41999816894531,62.709999084472656,41.79181671142578,5152400,2031.2099609375
2014-11-07,62.310001373291016,62.33000183105469,61.310001373291016,61.5,40.985443115234375,7002600,2031.9200439453125
2014-11-10,61.9900016784668,64.05999755859375,61.869998931884766,63.790000915527344,42.51156234741211,9513000,2038.260009765625
2014-11-11,63.68999862670898,64.19999694824219,63.5,63.84999847412109,42.55154037475586,5041200,2039.6800537109375
2014-11-12,63.560001373291016,64.0199966430664,63.560001373291016,63.7599983215332,42.49155807495117,5366700,2038.25
2014-11-13,64.25,64.79000091552734,63.400001525878906,63.630001068115234,42.404930114746094,4510200,2039.3299560546875
2014-11-14,63.97999954223633,64.0,63.130001068115234,64.0,42.65150833129883,4684900,2039.8199462890625
2014-11-17,64.08000183105469,65.41000366210938,64.02999877929688,65.04000091552734,43.34458923339844,7117100,2041.3199462890625
2014-11-18,64.77999877929688,66.23999786376953,64.77999877929688,66.05000305175781,44.01768493652344,6432200,2051.800048828125
2014-11-19,65.87999725341797,66.1500015258789,65.22000122070312,65.5,43.65114974975586,5710900,2048.719970703125
2014-11-20,65.04000091552734,65.68000030517578,64.93000030517578,65.19000244140625,43.44456481933594,4975500,2052.75
2014-11-21,66.41000366210938,67.36000061035156,65.75,67.36000061035156,44.89070129394531,9165900,2063.5
2014-11-24,67.4000015258789,68.05999755859375,67.4000015258789,67.77999877929688,45.17060089111328,7730400,2069.409912109375
2014-11-25,67.63999938964844,68.20999908447266,67.1500015258789,68.05999755859375,45.35720443725586,7550800,2067.030029296875
2014-11-26,68.33999633789062,68.86000061035156,67.87999725341797,68.69999694824219,45.783729553222656,4046000,2072.830078125
2014-11-28,69.0,69.4800033569336,68.88999938964844,69.19999694824219,46.11693572998047,2953700,2067.56005859375
2014-12-01,69.08000183105469,69.5,68.83000183105469,69.11000061035156,46.05696487426758,4885100,2053.43994140625
2014-12-02,68.87999725341797,69.48999786376953,68.6500015258789,69.2699966430664,46.1635856628418,6491500,2066.550048828125
2014-12-03,69.16999816894531,69.4800033569336,68.41000366210938,68.5,45.65044021606445,5817700,2074.330078125
2014-12-04,68.3499984741211,69.86000061035156,68.29000091552734,69.56999969482422,46.36352157592773,7665300,2071.919921875
2014-12-05,69.5199966430664,70.16999816894531,69.33999633789062,69.70999908447266,46.456825256347656,4360100,2075.3701171875
2014-12-08,69.80999755859375,70.76000213623047,69.3499984741211,69.41999816894531,46.2635383605957,5452100,2060.31005859375
2014-12-09,68.20999908447266,69.19000244140625,67.61000061035156,69.13999938964844,46.07695770263672,6833800,2059.820068359375
2014-12-10,69.44000244140625,69.44000244140625,67.52999877929688,67.58000183105469,45.03731536865234,8575700,2026.1400146484375
2014-12-11,66.4800033569336,67.95999908447266,66.23999786376953,67.02999877929688,44.67079544067383,9518000,2035.3299560546875
2014-12-12,66.52999877929688,67.16999816894531,65.01000213623047,65.2699966430664,43.49786758422852,9215500,2002.3299560546875
2014-12-15,65.75,66.47000122070312,64.80999755859375,65.62000274658203,43.73112106323242,7226000,1989.6300048828125
2014-12-16,65.11000061035156,66.94000244140625,64.80000305175781,65.25,43.48455810546875,8545100,1972.739990234375
2014-12-17,65.5,66.73999786376953,65.08999633789062,66.56999969482422,44.36422348022461,5934900,2012.8900146484375
2014-12-18,67.86000061035156,68.01000213623047,67.19999694824219,67.91999816894531,45.26391220092773,7184700,2061.22998046875
2014-12-19,67.69000244140625,68.62000274658203,66.83999633789062,67.70999908447266,45.12395477294922,12631000,2070.64990234375
2014-12-22,68.04000091552734,68.25,66.83000183105469,66.97000122070312,44.63079833984375,12876600,2078.5400390625
2014-12-23,67.2300033569336,67.31999969482422,64.0199966430664,64.3499984741211,42.8847541809082,12123000,2082.169921875
2014-12-24,64.75,66.94999694824219,64.75,66.20999908447266,44.12431335449219,4705500,2081.8798828125
2014-12-26,66.51000213623047,67.23999786376953,66.51000213623047,66.9800033569336,44.63747787475586,4158200,2088.77001953125
2014-12-29,66.58000183105469,67.37000274658203,66.41999816894531,67.13999938964844,44.744083404541016,3872800,2090.570068359375
2014-12-30,66.7699966430664,67.16000366210938,66.0199966430664,66.30000305175781,44.18430709838867,5568800,2080.35009765625
2014-12-31,66.72000122070312,67.0999984741211,65.3499984741211,65.44000244140625,43.61116409301758,3917300,2058.89990234375
2015-01-02,65.44000244140625,66.4000015258789,65.44000244140625,65.88999938964844,43.91105270385742,5086100,2058.199951171875
2015-01-05,65.5,66.0999984741211,63.880001068115234,64.6500015258789,43.08468627929688,8007400,2020.5799560546875
2015-01-06,65.62000274658203,65.75,63.70000076293945,64.33000183105469,42.87142181396485,5483700,2002.6099853515625
2015-01-07,64.56999969482422,67.05000305175781,64.4800033569336,66.93000030517578,44.60414123535156,8283300,2025.9000244140625
2015-01-08,68.16000366210938,68.29000091552734,67.41999816894531,67.62999725341797,45.07065200805664,7949000,2062.139892578125
2015-01-09,66.69000244140625,67.19999694824219,65.11000061035156,65.77999877929688,43.83775329589844,8779900,2044.81005859375
2015-01-12,66.33999633789062,66.93000030517578,65.30999755859375,65.76000213623047,43.82442092895508,6159800,2028.260009765625
2015-01-13,65.72000122070312,66.06999969482422,62.90999984741211,63.38999938964844,42.5621223449707,13908400,2023.030029296875
2015-01-14,62.619998931884766,64.06999969482422,61.86000061035156,63.70000076293945,42.77027893066406,9448300,2011.27001953125
2015-01-15,64.0,64.11000061035156,62.869998931884766,62.88999938964844,42.22641372680664,6149100,1992.6700439453125
2015-01-16,62.95000076293945,64.62000274658203,62.63999938964844,64.54000091552734,43.33427810668945,8106000,2019.4200439453125
2015-01-20,65.05999755859375,65.29000091552734,62.75,63.45000076293945,42.6024284362793,9065300,2022.550048828125
2015-01-21,63.09999847412109,63.45000076293945,62.27999877929688,62.70000076293945,42.09884262084961,7979500,2032.1199951171875
2015-01-22,63.20000076293945,63.45000076293945,61.880001068115234,62.97999954223633,42.28683853149414,8941700,2063.14990234375
2015-01-23,63.65999984741211,63.65999984741211,62.34999847412109,62.43000030517578,41.91755676269531,6881100,2051.820068359375
2015-01-26,62.2599983215332,63.040000915527344,61.68000030517578,62.83000183105469,42.18611526489258,8181100,2057.090087890625
2015-01-27,62.33000183105469,63.5,62.20000076293945,63.09999847412109,42.36741638183594,6532300,2029.550048828125
2015-01-28,63.43999862670898,63.560001373291016,61.68999862670898,61.84999847412109,41.52812576293945,6910100,2002.1600341796875
2015-01-29,62.119998931884766,63.380001068115234,61.59000015258789,63.119998931884766,42.38083267211914,8485600,2021.25
2015-01-30,62.09000015258789,62.68000030517578,60.119998931884766,60.34999847412109,40.52097702026367,17582500,1994.989990234375
2015-02-02,61.4900016784668,61.4900016784668,58.650001525878906,60.70000076293945,40.7559700012207,11491100,2020.8499755859375
2015-02-03,61.59999847412109,61.7599983215332,59.97999954223633,61.650001525878906,41.39384078979492,10721800,2050.030029296875
2015-02-04,58.95000076293945,58.95000076293945,56.650001525878906,56.90999984741211,38.211238861083984,31250600,2041.510009765625
2015-02-05,57.54999923706055,58.2599983215332,56.150001525878906,57.9900016784668,38.93637847900391,18964700,2062.52001953125
2015-02-06,57.709999084472656,57.83000183105469,56.68999862670898,56.900001525878906,38.20453643798828,13890900,2055.469970703125
2015-02-09,55.66999816894531,56.34999847412109,55.18000030517578,55.47999954223633,37.251102447509766,22522000,2046.739990234375
2015-02-10,55.93000030517578,57.0099983215332,55.59999847412109,56.88999938964844,38.19781494140625,18917000,2068.590087890625
2015-02-11,57.36000061035156,57.83000183105469,56.2599983215332,56.68999862670898,38.06352233886719,14681600,2068.530029296875
2015-02-12,57.400001525878906,57.58000183105469,56.15999984741211,57.04999923706055,38.30524826049805,11940900,2088.47998046875
2015-02-13,57.34999847412109,58.09999847412109,56.900001525878906,58.04999923706055,38.97667694091797,11303200,2096.989990234375
2015-02-17,58.95000076293945,59.0,57.900001525878906,58.720001220703125,39.42654037475586,12789700,2100.340087890625
2015-02-18,59.150001525878906,59.47999954223633,58.310001373291016,59.2400016784668,39.77568817138672,10781700,2099.679931640625
2015-02-19,58.91999816894531,59.08000183105469,58.650001525878906,59.0,39.61454391479492,8665500,2097.449951171875
2015-02-20,59.61000061035156,61.34000015258789,59.220001220703125,61.29999923706055,41.15883255004883,15534000,2110.300048828125
2015-02-23,61.540000915527344,61.900001525878906,60.2400016784668,60.56999969482422,40.66868591308594,11582700,2109.659912109375
2015-02-24,60.84999847412109,61.29999923706055,60.52000045776367,60.869998931884766,40.87012100219727,7900700,2115.47998046875
2015-02-25,61.09999847412109,61.09999847412109,60.209999084472656,60.619998931884766,40.70226287841797,9983900,2113.860107421875
2015-02-26,60.34999847412109,60.810001373291016,60.27000045776367,60.52000045776367,40.63511657714844,7328200,2110.739990234375
2015-02-27,60.52999877929688,60.9900016784668,60.369998931884766,60.5,40.62168884277344,8649100,2104.5
2015-03-02,60.5,60.75,60.060001373291016,60.459999084472656,40.594818115234375,6150900,2117.389892578125
2015-03-03,60.34999847412109,60.45000076293945,59.43999862670898,59.619998931884766,40.03082656860352,7421000,2107.780029296875
2015-03-04,59.31999969482422,60.41999816894531,59.02999877929688,60.27000045776367,40.46725845336914,8536000,2098.530029296875
2015-03-05,57.209999084472656,59.47999954223633,56.650001525878906,56.86000061035156,38.17766952514648,47051800,2101.0400390625
2015-03-06,56.95000076293945,57.400001525878906,55.43999862670898,55.63999938964844,37.3585319519043,22853000,2071.260009765625
2015-03-09,55.93000030517578,56.02999877929688,55.2599983215332,55.540000915527344,37.291385650634766,14779900,2079.429931640625
2015-03-10,55.220001220703125,56.29999923706055,54.77999877929688,55.84000015258789,37.49280548095703,17907700,2044.1600341796875
2015-03-11,56.18999862670898,56.880001068115234,55.65999984741211,56.619998931884766,38.01653289794922,14629000,2040.239990234375
2015-03-12,56.77999877929688,58.90999984741211,56.650001525878906,58.0,38.94310760498047,18227800,2065.949951171875
2015-03-13,58.119998931884766,58.869998931884766,57.34999847412109,58.0,38.94310760498047,10114500,2053.39990234375
2015-03-16,58.459999084472656,59.70000076293945,58.33000183105469,59.119998931884766,39.69512176513672,12098700,2081.18994140625
2015-03-17,58.720001220703125,60.18000030517578,58.70000076293945,59.72999954223633,40.10468292236328,10983600,2074.280029296875
2015-03-18,59.7599983215332,60.41999816894531,59.25,59.88999938964844,40.21211242675781,11889200,2099.5
2015-03-19,60.09000015258789,61.47999954223633,59.9900016784668,61.18999862670898,41.08498001098633,14110500,2089.27001953125
2015-03-20,61.5,61.72999954223633,60.31999969482422,60.400001525878906,40.55454635620117,13313100,2108.10009765625
2015-03-23,60.04999923706055,61.18999862670898,59.619998931884766,60.47999954223633,40.60825347900391,7926400,2104.419921875
2015-03-24,60.650001525878906,60.81999969482422,59.45000076293945,59.630001068115234,40.037540435791016,7970000,2091.5
2015-03-25,60.08000183105469,60.09000015258789,58.209999084472656,58.220001220703125,39.09082412719727,11619200,2061.050048828125
2015-03-26,57.97999954223633,58.09000015258789,57.220001220703125,57.27000045776367,38.45295333862305,10853900,2056.14990234375
2015-03-27,57.630001068115234,58.04999923706055,57.310001373291016,57.650001525878906,38.70809555053711,6830100,2061.02001953125
2015-03-30,57.93000030517578,58.34000015258789,57.790000915527344,58.2400016784668,39.104248046875,5781900,2086.239990234375
2015-03-31,58.0099983215332,58.810001373291016,57.709999084472656,58.540000915527344,39.30568313598633,12313600,2067.889892578125
2015-04-01,58.47999954223633,58.4900016784668,56.33000183105469,57.09999847412109,38.33881378173828,14903300,2059.68994140625
2015-04-02,57.43999862670898,57.810001373291016,56.900001525878906,57.0099983215332,38.27838134765625,8787000,2066.9599609375
2015-04-06,56.810001373291016,57.88999938964844,56.68000030517578,57.61000061035156,38.68124008178711,10280100,2080.6201171875
2015-04-07,58.25,58.75,57.790000915527344,58.41999816894531,39.22510528564453,10171500,2076.330078125
2015-04-08,58.5,58.97999954223633,57.95000076293945,58.810001373291016,39.48697662353516,11075800,2081.89990234375
2015-04-09,59.20000076293945,60.43000030517578,59.04999923706055,60.31999969482422,40.500823974609375,12698000,2091.179931640625
2015-04-10,60.5,62.33000183105469,60.31999969482422,62.0,41.62882995605469,17894700,2102.06005859375
2015-04-13,61.810001373291016,62.15999984741211,61.060001373291016,61.20000076293945,41.432498931884766,11400900,2092.429931640625
2015-04-14,61.400001525878906,61.810001373291016,60.5099983215332,61.720001220703125,41.78454208374024,13071400,2095.840087890625
2015-04-15,62.09999847412109,62.70000076293945,61.970001220703125,62.02999877929688,41.994407653808594,11534200,2106.6298828125
2015-04-16,61.79999923706055,62.90999984741211,61.650001525878906,62.59000015258789,42.37354278564453,9815600,2104.989990234375
2015-04-17,62.119998931884766,62.790000915527344,61.869998931884766,62.290000915527344,42.17044448852539,9905600,2081.179931640625
2015-04-20,62.90999984741211,64.0,62.79999923706055,63.540000915527344,43.016700744628906,12779200,2100.39990234375
2015-04-21,63.88999938964844,64.23999786376953,63.27000045776367,63.61000061035156,43.064083099365234,8457300,2097.2900390625
2015-04-22,63.59999847412109,64.7300033569336,63.560001373291016,64.5199966430664,43.68014526367188,13874300,2107.9599609375
2015-04-23,65.26000213623047,65.30999755859375,62.72999954223633,64.25,43.49736404418945,18405300,2112.929931640625
2015-04-24,64.30999755859375,66.37000274658203,64.13999938964844,66.06999969482422,44.72949981689453,14859500,2117.68994140625
2015-04-27,66.0199966430664,66.66000366210938,64.86000061035156,65.0199966430664,44.018646240234375,18141700,2108.919921875
2015-04-28,64.5999984741211,66.48999786376953,64.19999694824219,66.48999786376953,45.01383972167969,13084900,2114.760009765625
2015-04-29,65.69999694824219,66.18000030517578,65.51000213623047,65.62999725341797,44.431617736816406,9864300,2106.85009765625
2015-04-30,65.38999938964844,65.91999816894531,64.31999969482422,64.66000366210938,43.7749252319336,10298600,2085.510009765625
2015-05-01,65.08999633789062,65.5,63.880001068115234,64.31999969482422,43.54474639892578,9870800,2108.2900390625
2015-05-04,64.31999969482422,65.44000244140625,64.01000213623047,64.68000030517578,43.78847503662109,8493500,2114.489990234375
2015-05-05,64.19999694824219,64.9000015258789,63.77999877929688,63.86000061035156,43.23333740234375,7635900,2089.4599609375
2015-05-06,64.11000061035156,64.52999877929688,63.400001525878906,63.93999862670898,43.28750228881836,8476300,2080.14990234375
2015-05-07,63.59000015258789,64.80999755859375,63.59000015258789,64.69999694824219,43.8020133972168,8638200,2088.0
2015-05-08,65.0999984741211,65.80000305175781,64.9000015258789,65.23999786376953,44.1675910949707,7541100,2116.10009765625
2015-05-11,65.19000244140625,65.80000305175781,65.08000183105469,65.19999694824219,44.140506744384766,7978700,2105.330078125
2015-05-12,64.75,65.2699966430664,64.58999633789062,64.80999755859375,43.8764877319336,5927000,2099.1201171875
2015-05-13,64.9800033569336,65.31999969482422,64.62999725341797,65.30000305175781,44.20821762084961,8519200,2098.47998046875
2015-05-14,65.86000061035156,66.2699966430664,64.94000244140625,65.97000122070312,44.66181182861328,5868900,2121.10009765625
2015-05-15,65.93000030517578,66.5199966430664,65.91000366210938,65.98999786376953,44.67533874511719,6786400,2122.72998046875
2015-05-18,65.79000091552734,65.91000366210938,65.13999938964844,65.61000061035156,44.4180793762207,7858100,2129.199951171875
2015-05-19,65.70999908447266,66.12000274658203,65.4000015258789,65.7300033569336,44.49932098388672,7674600,2127.830078125
2015-05-20,65.91999816894531,66.19999694824219,65.38999938964844,65.88999938964844,44.60764694213867,9956000,2125.85009765625
2015-05-21,65.44999694824219,65.80999755859375,64.87000274658203,65.6500015258789,44.44516372680664,10553400,2130.820068359375
2015-05-22,65.4800033569336,65.87000274658203,65.30999755859375,65.4800033569336,44.33007049560547,14041500,2126.06005859375
2015-05-26,65.72000122070312,67.0,65.66000366210938,66.0999984741211,44.749813079833984,21034300,2104.199951171875
2015-05-27,66.75,67.98999786376953,66.56999969482422,67.37999725341797,45.61637496948242,40778800,2123.47998046875
2015-05-28,67.41999816894531,67.52999877929688,66.62999725341797,67.47000122070312,45.67731094360352,12891500,2120.7900390625
2015-05-29,67.22000122070312,67.5199966430664,66.38999938964844,66.58999633789062,45.08154296875,9451000,2107.389892578125
2015-06-01,66.80000305175781,67.26000213623047,66.26000213623047,66.93000030517578,45.31171798706055,12426700,2111.72998046875
2015-06-02,66.69999694824219,67.2300033569336,66.33000183105469,66.62000274658203,45.10186767578125,11133200,2109.60009765625
2015-06-03,66.9000015258789,67.30000305175781,66.62000274658203,67.01000213623047,45.36589431762695,20804000,2114.070068359375
2015-06-04,66.55000305175781,67.87000274658203,66.5199966430664,67.41999816894531,45.64345169067383,10539000,2095.840087890625
2015-06-05,66.9800033569336,67.76000213623047,66.62000274658203,67.4000015258789,45.62992477416992,8908900,2092.830078125
2015-06-08,67.86000061035156,68.19999694824219,67.52999877929688,67.79000091552734,45.89395904541016,10276700,2079.280029296875
2015-06-09,67.5199966430664,68.08000183105469,67.51000213623047,67.66999816894531,45.81270599365234,8132800,2080.14990234375
2015-06-10,67.66000366210938,68.44000244140625,67.54000091552734,68.23999786376953,46.19860076904297,7349300,2105.199951171875
2015-06-11,68.66999816894531,68.66999816894531,67.6500015258789,68.04000091552734,46.063209533691406,7552200,2108.860107421875
2015-06-12,67.88999938964844,67.93000030517578,66.58999633789062,67.05000305175781,45.39296722412109,8249900,2094.110107421875
2015-06-15,66.66000366210938,67.05000305175781,66.0999984741211,66.91000366210938,45.29818344116211,7028400,2084.429931640625
2015-06-16,66.72000122070312,67.4000015258789,66.62000274658203,66.7699966430664,45.203399658203125,5200700,2096.2900390625
2015-06-17,66.97000122070312,67.98999786376953,66.87999725341797,67.7699966430664,45.88040542602539,7377100,2100.43994140625
2015-06-18,67.79000091552734,69.06999969482422,67.79000091552734,68.9800033569336,46.69960021972656,9079000,2121.239990234375
2015-06-19,68.5,69.75,68.5,69.4800033569336,47.03808975219727,9979500,2109.989990234375
2015-06-22,69.8499984741211,70.5999984741211,69.7300033569336,70.12000274658203,47.47136688232422,10124900,2122.85009765625
2015-06-23,70.01000213623047,70.48999786376953,69.56999969482422,70.0199966430664,47.40366744995117,8720000,2124.199951171875
2015-06-24,70.5199966430664,70.75,69.02999877929688,69.22000122070312,46.8620719909668,9308200,2108.580078125
2015-06-25,69.66999816894531,70.37999725341797,69.29000091552734,69.81999969482422,47.26827239990234,6191200,2102.31005859375
2015-06-26,69.94999694824219,70.5999984741211,69.68000030517578,70.45999908447266,47.70154571533203,9669500,2101.489990234375
2015-06-29,69.2699966430664,70.0199966430664,67.08000183105469,67.18000030517578,45.48098373413086,12057200,2057.639892578125
2015-06-30,68.0,68.22000122070312,66.66000366210938,67.19000244140625,45.48774337768555,11459600,2063.110107421875
2015-07-01,67.9000015258789,68.5999984741211,67.68000030517578,68.51000213623047,46.38138198852539,7694900,2077.419921875
2015-07-02,68.68000030517578,68.9000015258789,67.79000091552734,68.20999908447266,46.17828369140625,6245700,2076.780029296875
2015-07-06,67.52999877929688,69.0,67.48999786376953,68.22000122070312,46.18505859375,17029100,2068.760009765625
2015-07-07,68.41999816894531,68.79000091552734,67.31999969482422,68.55999755859375,46.41524124145508,7821600,2081.340087890625
2015-07-08,67.79000091552734,68.44000244140625,67.58000183105469,67.66000366210938,45.80595016479492,5027200,2046.6800537109375
2015-07-09,68.4800033569336,68.91999816894531,67.80000305175781,67.97000122070312,46.01581954956055,6516800,2051.31005859375
2015-07-10,68.94000244140625,69.5,68.52999877929688,69.2300033569336,46.86883163452149,6891400,2076.6201171875
2015-07-13,69.41999816894531,69.69999694824219,69.16999816894531,69.56999969482422,47.44855117797852,5507000,2099.60009765625
2015-07-14,69.70999908447266,70.5199966430664,69.4000015258789,69.80000305175781,47.60543441772461,6628300,2108.949951171875
2015-07-15,69.80999755859375,70.04000091552734,69.30999755859375,69.75,47.57131576538086,16761400,2107.39990234375
2015-07-16,70.13999938964844,70.30000305175781,69.83000183105469,69.98999786376953,47.7349967956543,6843800,2124.2900390625
2015-07-17,69.98999786376953,70.12999725341797,69.69999694824219,69.98999786376953,47.7349967956543,6141200,2126.639892578125
2015-07-20,70.0,71.11000061035156,69.86000061035156,70.80000305175781,48.28744888305664,9633000,2128.280029296875
2015-07-21,70.80999755859375,71.5999984741211,70.22000122070312,70.54000091552734,48.11012649536133,5028500,2119.2099609375
2015-07-22,70.26000213623047,70.6500015258789,70.02999877929688,70.55999755859375,48.12377166748047,5701700,2114.14990234375
2015-07-23,70.25,70.93000030517578,70.13999938964844,70.5199966430664,48.096473693847656,5636600,2102.14990234375
2015-07-24,67.52999877929688,69.0199966430664,67.3499984741211,68.08000183105469,46.43234252929688,13495200,2079.64990234375
2015-07-27,68.45999908447266,70.95999908447266,68.45999908447266,69.33999633789062,47.29167938232422,12841500,2067.639892578125
2015-07-28,69.5,71.44000244140625,69.08000183105469,71.2300033569336,48.58070755004883,10098300,2093.25
2015-07-29,71.29000091552734,71.51000213623047,70.73999786376953,70.7699966430664,48.266971588134766,6793300,2108.570068359375
2015-07-30,70.86000061035156,70.87999725341797,69.2699966430664,70.16000366210938,47.85094833374024,6820400,2108.6298828125
2015-07-31,70.37999725341797,70.37999725341797,69.7300033569336,70.01000213623047,47.748653411865234,6181300,2103.840087890625
2015-08-03,70.19000244140625,70.79000091552734,69.27999877929688,69.7300033569336,47.55767059326172,9872300,2098.0400390625
2015-08-04,70.04000091552734,70.38999938964844,69.66999816894531,69.94999694824219,47.70772933959961,5410900,2093.320068359375
2015-08-05,70.0999984741211,70.63999938964844,70.05000305175781,70.30000305175781,47.94642639160156,10090200,2099.840087890625
2015-08-06,70.37000274658203,70.77999877929688,68.80000305175781,69.23999786376953,47.22348403930664,6172200,2083.56005859375
2015-08-07,69.08000183105469,69.30000305175781,67.7699966430664,68.62000274658203,46.800628662109375,6214500,2077.570068359375
2015-08-10,68.91999816894531,69.43000030517578,68.5,69.20999908447266,47.20301818847656,8189400,2104.179931640625
2015-08-11,68.5,69.29000091552734,67.94000244140625,68.25,46.54827880859375,7473200,2084.070068359375
2015-08-12,67.83000183105469,68.91999816894531,67.23999786376953,68.75,46.8892822265625,8337600,2086.050048828125
2015-08-13,68.68000030517578,69.08999633789062,68.20999908447266,68.54000091552734,46.74606704711914,7184900,2083.389892578125
2015-08-14,68.55999755859375,69.44000244140625,68.41000366210938,68.6500015258789,46.82109069824219,5864800,2091.5400390625
2015-08-17,68.70999908447266,69.81999969482422,68.30000305175781,69.37000274658203,47.3121452331543,17669900,2102.43994140625
2015-08-18,69.41999816894531,69.73999786376953,68.66999816894531,68.86000061035156,46.96432495117188,6376500,2096.919921875
2015-08-19,68.75,69.08000183105469,68.20999908447266,68.58999633789062,46.7801628112793,6270300,2079.610107421875
2015-08-20,68.0,68.43000030517578,67.4800033569336,67.4800033569336,46.02313995361328,9600900,2035.72998046875
2015-08-21,66.73999786376953,67.16000366210938,65.83000183105469,65.9000015258789,44.94551086425781,16277100,1970.8900146484375
2015-08-24,61.16999816894531,64.8499984741211,53.869998931884766,63.45000076293945,43.27456665039063,24292600,1893.2099609375
2015-08-25,65.11000061035156,65.12000274658203,60.650001525878906,60.709999084472656,41.40580749511719,15267000,1867.6099853515625
2015-08-26,62.470001220703125,63.220001220703125,60.880001068115234,63.13999938964844,43.06312561035156,15289600,1940.510009765625
2015-08-27,64.02999877929688,64.5999984741211,63.0,64.51000213623047,43.997520446777344,12592100,1987.6600341796875
2015-08-28,63.90999984741211,64.77999877929688,63.43999862670898,63.97999954223633,43.63602828979492,7316400,1988.8699951171875
2015-08-31,64.13999938964844,64.30999755859375,62.25,62.40999984741211,42.56525039672852,15581100,1972.1800537109375
2015-09-01,61.0,61.630001068115234,60.15999984741211,60.5,41.262577056884766,12703200,1913.8499755859375
2015-09-02,61.560001373291016,61.59999847412109,60.27999877929688,60.97999954223633,41.5899543762207,12044500,1948.8599853515625
2015-09-03,61.45000076293945,62.27999877929688,61.34999847412109,61.58000183105469,41.999168395996094,11777400,1951.1300048828125
2015-09-04,60.650001525878906,60.79999923706055,58.959999084472656,59.77000045776367,40.76469039916992,9281400,1921.219970703125
2015-09-08,60.220001220703125,60.93999862670898,59.90999984741211,60.56999969482422,41.31032180786133,9263200,1969.4100341796875
2015-09-09,61.52000045776367,61.52000045776367,59.11000061035156,59.2599983215332,40.4168701171875,8436900,1942.0400390625
2015-09-10,59.36000061035156,60.130001068115234,58.88999938964844,59.58000183105469,40.63511657714844,9306600,1952.2900390625
2015-09-11,59.619998931884766,59.7599983215332,58.970001220703125,59.34999847412109,40.478248596191406,9365400,1961.050048828125
2015-09-14,59.43000030517578,59.619998931884766,57.540000915527344,58.93999862670898,40.1986083984375,9095600,1953.030029296875
2015-09-15,58.97999954223633,59.43999862670898,58.369998931884766,59.20000076293945,40.375938415527344,10474700,1978.0899658203125
2015-09-16,59.5,59.63999938964844,58.630001068115234,59.5099983215332,40.58737182617188,8044200,1995.31005859375
2015-09-17,59.560001373291016,60.91999816894531,59.38999938964844,59.86000061035156,40.82608795166016,10281700,1990.199951171875
2015-09-18,59.41999816894531,61.83000183105469,58.970001220703125,61.220001220703125,41.753639221191406,28957000,1958.030029296875
2015-09-21,61.2400016784668,61.7400016784668,59.290000915527344,59.38999938964844,40.50552368164063,11038100,1966.969970703125
2015-09-22,58.16999816894531,58.2599983215332,56.90999984741211,57.7400016784668,39.38018798828125,14192000,1942.739990234375
2015-09-23,57.900001525878906,58.400001525878906,57.150001525878906,57.43000030517578,39.16877365112305,9827000,1938.760009765625
2015-09-24,56.93000030517578,57.47999954223633,55.91999816894531,56.56999969482422,38.58221435546875,8625500,1932.239990234375
2015-09-25,57.84000015258789,57.880001068115234,55.08000183105469,55.7400016784668,38.0161361694336,8673500,1931.3399658203125
2015-09-28,55.38999938964844,55.43000030517578,52.34000015258789,52.5,35.806365966796875,15123000,1881.77001953125
2015-09-29,53.09999847412109,54.18999862670898,51.880001068115234,52.790000915527344,36.0041618347168,12842800,1884.0899658203125
2015-09-30,53.540000915527344,54.5,53.36000061035156,54.40999984741211,37.10905075073242,11895500,1920.030029296875
2015-10-01,54.68000030517578,55.22999954223633,53.93000030517578,55.130001068115234,37.60010528564453,9255800,1923.8199462890625
2015-10-02,53.869998931884766,55.84999847412109,53.720001220703125,55.81999969482422,38.07070541381836,6942600,1951.3599853515625
2015-10-05,56.38999938964844,56.95000076293945,55.43999862670898,56.68000030517578,38.65724563598633,9332800,1987.050048828125
2015-10-06,56.2599983215332,56.66999816894531,53.959999084472656,55.08000183105469,37.56600570678711,9008300,1979.9200439453125
2015-10-07,54.84999847412109,56.54999923706055,53.90999984741211,55.630001068115234,37.94112014770508,11056100,1995.8299560546875
2015-10-08,55.130001068115234,56.15999984741211,54.79999923706055,56.040000915527344,38.220741271972656,6737300,2013.4300537109375
2015-10-09,56.18000030517578,56.5,55.470001220703125,55.63999938964844,37.94793701171875,7178500,2014.8900146484375
2015-10-12,55.79999923706055,56.27000045776367,55.52000045776367,55.77000045776367,38.036598205566406,6515000,2017.4599609375
2015-10-13,55.16999816894531,55.36000061035156,53.709999084472656,53.79999923706055,37.03165435791016,9467900,2003.68994140625
2015-10-14,54.09000015258789,54.619998931884766,53.56999969482422,53.93999862670898,37.12801361083984,8727400,1994.239990234375
2015-10-15,54.31999969482422,56.20000076293945,53.84999847412109,56.13999938964844,38.64231872558594,7781600,2023.8599853515625
2015-10-16,56.290000915527344,56.970001220703125,55.790000915527344,56.52999877929688,38.910762786865234,7342800,2033.1099853515625
2015-10-19,56.290000915527344,56.70000076293945,55.68999862670898,56.15999984741211,38.65608596801758,6463000,2033.6600341796875
2015-10-20,56.150001525878906,56.380001068115234,54.630001068115234,54.83000183105469,37.74061584472656,6494600,2030.77001953125
2015-10-21,55.27999877929688,55.61000061035156,53.06999969482422,53.83000183105469,37.05229949951172,11638800,2018.93994140625
2015-10-22,53.880001068115234,54.43999862670898,45.45000076293945,48.27000045776367,33.22523880004883,46517700,2052.510009765625
2015-10-23,49.40999984741211,51.72999954223633,48.63999938964844,50.34000015258789,34.65006256103516,26214800,2075.14990234375
2015-10-26,50.16999816894531,52.47999954223633,49.34999847412109,51.869998931884766,35.70319366455078,13890400,2071.179931640625
2015-10-27,52.0099983215332,53.4900016784668,52.0099983215332,52.58000183105469,36.19189834594727,11710800,2065.889892578125
2015-10-28,52.81999969482422,53.84000015258789,52.08000183105469,53.2599983215332,36.65994644165039,7869000,2090.35009765625
2015-10-29,53.20000076293945,55.18000030517578,53.02000045776367,54.09999847412109,37.23814010620117,9304400,2089.409912109375
2015-10-30,57.869998931884766,60.72999954223633,57.65999984741211,59.54999923706055,40.9894905090332,27465600,2079.360107421875
2015-11-02,61.59999847412109,64.19999694824219,61.43999862670898,63.380001068115234,43.625762939453125,17008700,2104.050048828125
2015-11-03,63.119998931884766,63.720001220703125,61.91999816894531,62.43000030517578,42.97186279296875,8754700,2109.7900390625
2015-11-04,62.43000030517578,64.1500015258789,62.29999923706055,63.79999923706055,43.914852142333984,10342600,2102.31005859375
2015-11-05,63.70000076293945,64.18000030517578,61.68999862670898,62.77000045776367,43.20589447021485,10237200,2099.929931640625
2015-11-06,62.25,64.30000305175781,62.130001068115234,64.12999725341797,44.14200210571289,7261100,2099.199951171875
2015-11-09,63.619998931884766,64.12999725341797,63.11000061035156,63.22999954223633,43.52250289916992,8239400,2078.580078125
2015-11-10,63.33000183105469,63.619998931884766,62.27999877929688,62.29999923706055,42.88236999511719,6897600,2081.719970703125
2015-11-11,62.20000076293945,62.27000045776367,60.56999969482422,60.86000061035156,41.89119338989258,8212500,2075.0
2015-11-12,60.790000915527344,61.72999954223633,60.150001525878906,60.22999954223633,41.45755386352539,7765500,2045.969970703125
2015-11-13,60.0099983215332,60.970001220703125,58.88999938964844,59.86000061035156,41.20287322998047,7834400,2023.0400390625
2015-11-16,59.7400016784668,60.810001373291016,59.560001373291016,60.0099983215332,41.306114196777344,6965100,2053.18994140625
2015-11-17,60.09999847412109,61.72999954223633,59.72999954223633,60.380001068115234,41.560794830322266,8405400,2050.43994140625
2015-11-18,60.2599983215332,61.060001373291016,59.84999847412109,60.9900016784668,41.98067855834961,5470200,2083.580078125
2015-11-19,61.220001220703125,61.72999954223633,60.13999938964844,60.54999923706055,41.67781448364258,5571200,2081.239990234375
2015-11-20,60.93999862670898,61.36000061035156,60.56999969482422,61.11000061035156,42.06328201293945,7490200,2089.169921875
2015-11-23,61.310001373291016,61.52999877929688,60.84000015258789,61.150001525878906,42.0908088684082,6405000,2086.590087890625
2015-11-24,60.560001373291016,61.650001525878906,60.52999877929688,61.130001068115234,42.07704162597656,5213500,2089.139892578125
2015-11-25,61.09999847412109,61.130001068115234,60.209999084472656,60.290000915527344,41.49885177612305,4879800,2088.8701171875
2015-11-27,60.16999816894531,60.45000076293945,59.61000061035156,60.0,41.29922866821289,2404100,2090.110107421875
2015-11-30,59.959999084472656,60.209999084472656,57.959999084472656,58.150001525878906,40.025840759277344,12660200,2080.409912109375
2015-12-01,58.22999954223633,59.09999847412109,57.15999984741211,59.02000045776367,40.62468338012695,11290500,2102.6298828125
2015-12-02,59.16999816894531,59.38999938964844,57.369998931884766,57.720001220703125,39.72986602783203,7663000,2079.510009765625
2015-12-03,57.709999084472656,57.75,55.52999877929688,56.119998931884766,38.628536224365234,9701500,2049.6201171875
2015-12-04,56.5,57.47999954223633,56.20000076293945,57.18000030517578,39.35816955566406,6748100,2091.68994140625
2015-12-07,57.900001525878906,57.9900016784668,55.7599983215332,56.27000045776367,38.73180389404297,7890900,2077.070068359375
2015-12-08,55.560001373291016,56.869998931884766,55.5099983215332,56.66999816894531,39.00712585449219,6896200,2063.590087890625
2015-12-09,56.27999877929688,57.43999862670898,55.720001220703125,56.02999877929688,38.566593170166016,6207900,2047.6199951171875
2015-12-10,56.0,56.650001525878906,55.650001525878906,55.77999877929688,38.3945198059082,6736900,2052.22998046875
2015-12-11,55.77999877929688,55.77999877929688,53.84999847412109,54.040000915527344,37.19684982299805,9388600,2012.3699951171875
2015-12-14,53.709999084472656,55.47999954223633,53.2400016784668,55.43999862670898,38.16049957275391,9419500,2021.93994140625
2015-12-15,56.150001525878906,57.0,55.90999984741211,56.38999938964844,38.81439208984375,6990000,2043.4100341796875
2015-12-16,56.66999816894531,57.68999862670898,56.20000076293945,57.630001068115234,39.667911529541016,6282500,2073.070068359375
2015-12-17,57.65999984741211,57.93000030517578,56.34999847412109,56.380001068115234,38.8075065612793,7848900,2041.8900146484375
2015-12-18,55.900001525878906,56.09999847412109,55.36000061035156,55.7400016784668,38.36698532104492,13807000,2005.550048828125
2015-12-21,56.0,56.2599983215332,55.70000076293945,56.20000076293945,38.683624267578125,4572100,2021.1500244140625
2015-12-22,56.540000915527344,57.9900016784668,56.41999816894531,57.59000015258789,39.640380859375,8390800,2038.969970703125
2015-12-23,57.880001068115234,58.61000061035156,57.61000061035156,58.58000183105469,40.32182312011719,6634400,2064.2900390625
2015-12-24,58.380001068115234,58.72999954223633,58.0,58.459999084472656,40.23922729492188,2152900,2060.989990234375
2015-12-28,58.27000045776367,58.970001220703125,57.7599983215332,58.75,40.43883514404297,5585800,2056.5
2015-12-29,59.02000045776367,59.70000076293945,59.02000045776367,59.45000076293945,40.92065048217773,5073900,2078.360107421875
2015-12-30,59.400001525878906,60.119998931884766,59.310001373291016,59.79999923706055,41.16157531738281,5220300,2063.360107421875
2015-12-31,59.5,59.93000030517578,59.20000076293945,59.2400016784668,40.77611541748047,6104800,2043.93994140625
2016-01-04,58.060001373291016,58.31999969482422,56.400001525878906,57.61000061035156,39.654144287109375,10308400,2012.6600341796875
2016-01-05,57.9900016784668,58.25,56.81999969482422,57.369998931884766,39.48895263671875,7179600,2016.7099609375
2016-01-06,56.369998931884766,57.560001373291016,56.18000030517578,57.380001068115234,39.4958381652832,8952700,1990.260009765625
2016-01-07,56.52000045776367,57.84000015258789,56.34000015258789,57.209999084472656,39.37882232666016,9292600,1943.0899658203125
2016-01-08,57.54999923706055,57.810001373291016,55.47999954223633,55.650001525878906,38.30503845214844,7985200,1922.030029296875
2016-01-11,55.86000061035156,55.97999954223633,52.83000183105469,53.880001068115234,37.08671569824219,10483300,1923.6700439453125
2016-01-12,54.470001220703125,54.970001220703125,53.56999969482422,54.84000015258789,37.74749374389648,6799600,1938.6800537109375
2016-01-13,54.54999923706055,54.619998931884766,50.97999954223633,51.18000030517578,35.59825134277344,10432200,1890.280029296875
2016-01-14,51.31999969482422,56.83000183105469,50.709999084472656,54.560001373291016,37.949214935302734,16704900,1921.8399658203125
2016-01-15,53.0099983215332,57.40999984741211,53.0099983215332,57.34000015258789,39.88284683227539,27008800,1880.3299560546875
2016-01-19,57.52999877929688,57.72999954223633,54.22999954223633,54.9900016784668,38.2483024597168,13644500,1881.3299560546875
2016-01-20,54.209999084472656,57.93000030517578,53.70000076293945,57.150001525878906,39.75069046020508,11993100,1859.3299560546875
2016-01-21,57.290000915527344,58.77000045776367,56.91999816894531,58.36000061035156,40.59229278564453,12097000,1868.989990234375
2016-01-22,59.09999847412109,59.43000030517578,57.81999969482422,58.83000183105469,40.919212341308594,10383800,1906.9000244140625
2016-01-25,59.02999877929688,59.810001373291016,58.18000030517578,58.650001525878906,40.79400253295898,9681900,1877.0799560546875
2016-01-26,59.0099983215332,59.27000045776367,57.209999084472656,58.2599983215332,40.522727966308594,7421100,1903.6300048828125
2016-01-27,58.36000061035156,58.93000030517578,56.45000076293945,57.11000061035156,39.72286987304688,9077700,1882.949951171875
2016-01-28,57.22999954223633,57.72999954223633,54.77999877929688,55.84999847412109,38.846466064453125,10521100,1893.3599853515625
2016-01-29,53.41999816894531,55.310001373291016,53.41999816894531,54.900001525878906,38.18569564819336,17768700,1940.239990234375
2016-02-01,54.15999984741211,54.880001068115234,52.5099983215332,54.38999938964844,37.83097076416016,11693300,1939.3800048828125
2016-02-02,53.63999938964844,54.77999877929688,53.31999969482422,53.95000076293945,37.52492141723633,7918300,1903.030029296875
2016-02-03,54.52999877929688,57.18000030517578,54.04999923706055,56.84000015258789,39.53505325317383,16435700,1912.530029296875
2016-02-04,56.7400016784668,57.310001373291016,55.36000061035156,56.7599983215332,39.47941589355469,10351200,1915.449951171875
2016-02-05,56.25,56.34000015258789,52.619998931884766,53.119998931884766,36.94760894775391,13263200,1880.050048828125
2016-02-08,52.58000183105469,54.09999847412109,51.93999862670898,52.88999938964844,36.78763961791992,9369400,1853.43994140625
2016-02-09,52.310001373291016,53.93999862670898,52.060001373291016,53.47999954223633,37.19801712036133,7655800,1852.2099609375
2016-02-10,54.11000061035156,54.68999862670898,52.54999923706055,52.720001220703125,36.66939926147461,9302800,1851.8599853515625
2016-02-11,52.29999923706055,53.119998931884766,51.81999969482422,52.18000030517578,36.29380035400391,8551100,1829.0799560546875
2016-02-12,52.52999877929688,52.970001220703125,51.59999847412109,52.58000183105469,36.5720329284668,9976200,1864.780029296875
2016-02-16,53.43999862670898,53.869998931884766,52.72999954223633,53.5099983215332,37.2188720703125,8313000,1895.5799560546875
2016-02-17,54.34000015258789,55.150001525878906,53.34999847412109,55.0099983215332,38.26220703125,10005600,1926.8199462890625
2016-02-18,55.52999877929688,55.52999877929688,54.16999816894531,54.54999923706055,37.9422607421875,6555000,1917.8299560546875
2016-02-19,54.5,55.0,53.97999954223633,54.290000915527344,37.761417388916016,8532500,1917.780029296875
2016-02-22,54.290000915527344,55.31999969482422,53.7400016784668,55.27999877929688,38.45000457763672,9381800,1945.5
2016-02-23,55.70000076293945,56.310001373291016,55.0,55.06999969482422,38.30393981933594,8629700,1921.27001953125
2016-02-24,54.65999984741211,55.06999969482422,54.0099983215332,54.88999938964844,38.178749084472656,6633800,1929.800048828125
2016-02-25,55.16999816894531,56.22999954223633,54.43000030517578,56.20000076293945,39.08992767333984,7076300,1951.699951171875
2016-02-26,56.2599983215332,56.790000915527344,55.79999923706055,56.0,38.950809478759766,5298000,1948.050048828125
2016-02-29,55.869998931884766,56.0,54.470001220703125,54.61000061035156,37.98398208618164,8395100,1932.22998046875
2016-03-01,54.77999877929688,56.34000015258789,54.2400016784668,56.34000015258789,39.187294006347656,7106000,1978.3499755859375
2016-03-02,56.16999816894531,56.43000030517578,55.400001525878906,55.70000076293945,38.74213409423828,7054800,1986.449951171875
2016-03-03,55.68999862670898,56.09000015258789,55.150001525878906,55.93000030517578,38.90210723876953,9283900,1993.4000244140625
2016-03-04,56.0,56.70000076293945,55.29999923706055,56.150001525878906,39.055137634277344,6439700,1999.989990234375
2016-03-07,55.70000076293945,56.5,54.83000183105469,56.400001525878906,39.22902297973633,7741800,2001.760009765625
2016-03-08,56.18000030517578,56.470001220703125,55.22999954223633,55.31999969482422,38.47782897949219,5303700,1979.260009765625
2016-03-09,55.5099983215332,56.650001525878906,55.040000915527344,56.38999938964844,39.2220573425293,8402500,1989.260009765625
2016-03-10,56.560001373291016,57.369998931884766,55.31999969482422,56.22999954223633,39.11078643798828,5627900,1989.5699462890625
2016-03-11,56.400001525878906,57.869998931884766,56.34999847412109,57.72999954223633,40.154109954833984,6537400,2022.18994140625
2016-03-14,57.66999816894531,57.72999954223633,56.970001220703125,57.209999084472656,39.79241943359375,4650800,2019.6400146484375
2016-03-15,56.650001525878906,56.93000030517578,55.130001068115234,55.619998931884766,38.68649673461914,5779600,2015.9300537109375
2016-03-16,55.58000183105469,56.540000915527344,55.25,56.310001373291016,39.16641998291016,6245400,2027.219970703125
2016-03-17,56.459999084472656,56.459999084472656,54.40999984741211,55.31999969482422,38.47782897949219,8308800,2040.5899658203125
2016-03-18,55.59000015258789,56.59999847412109,54.79999923706055,56.56999969482422,39.34727096557617,11029800,2049.580078125
2016-03-21,56.52000045776367,56.77999877929688,55.72999954223633,56.0099983215332,38.9577522277832,6632900,2051.60009765625
2016-03-22,55.75,57.540000915527344,55.75,57.5,39.994136810302734,7661600,2049.800048828125
2016-03-23,57.15999984741211,57.5,56.220001220703125,56.36000061035156,39.20120620727539,5116400,2036.7099609375
2016-03-24,56.13999938964844,56.25,55.66999816894531,56.119998931884766,39.03426361083984,5278900,2035.93994140625
2016-03-28,56.34999847412109,56.70000076293945,55.79999923706055,56.11000061035156,39.02731704711914,3803100,2037.050048828125
2016-03-29,56.09999847412109,57.09999847412109,55.220001220703125,57.04999923706055,39.681129455566406,4567900,2055.010009765625
2016-03-30,57.43000030517578,57.52999877929688,56.720001220703125,57.0,39.6463508605957,3650300,2063.949951171875
2016-03-31,57.02000045776367,57.459999084472656,56.81999969482422,57.119998931884766,39.72981643676758,4930300,2059.739990234375
2016-04-01,56.58000183105469,57.56999969482422,56.36000061035156,57.41999816894531,39.93848037719727,4525700,2072.780029296875
2016-04-04,57.63999938964844,59.400001525878906,57.4900016784668,59.209999084472656,41.18352508544922,8108100,2066.1298828125
2016-04-05,58.540000915527344,59.560001373291016,58.09000015258789,58.540000915527344,40.71750259399414,6779400,2045.1700439453125
2016-04-06,58.52000045776367,59.900001525878906,58.52000045776367,59.88999938964844,41.65648651123047,6322800,2066.659912109375
2016-04-07,59.41999816894531,59.900001525878906,58.7599983215332,59.29999923706055,41.24611282348633,7827600,2041.9100341796875
2016-04-08,59.4900016784668,59.79999923706055,58.16999816894531,58.470001220703125,40.66881561279297,5750000,2047.5999755859375
2016-04-11,58.59000015258789,59.25,58.25,58.5,40.6896858215332,4894000,2041.989990234375
2016-04-12,58.97999954223633,60.04999923706055,58.68999862670898,59.88999938964844,41.65648651123047,7243700,2061.719970703125
2016-04-13,59.869998931884766,60.0,58.70000076293945,59.060001373291016,41.47392272949219,7023000,2082.419921875
2016-04-14,59.150001525878906,59.4900016784668,59.0,59.27999877929688,41.62840270996094,5185600,2082.780029296875
2016-04-15,59.54999923706055,59.7400016784668,58.77999877929688,59.5099983215332,41.7899169921875,4660800,2080.72998046875
2016-04-18,59.5,60.31999969482422,59.29999923706055,59.880001068115234,42.04973602294922,6089400,2094.340087890625
2016-04-19,60.09000015258789,61.22999954223633,59.66999816894531,60.16999816894531,42.25338745117188,6149300,2100.800048828125
2016-04-20,60.16999816894531,61.11000061035156,59.959999084472656,60.47999954223633,42.47107696533203,4443600,2102.39990234375
2016-04-21,60.56999969482422,61.43000030517578,60.540000915527344,61.369998931884766,43.0960578918457,5702400,2091.47998046875
2016-04-22,61.29999923706055,61.9900016784668,60.959999084472656,61.41999816894531,43.13117218017578,5103000,2091.580078125
2016-04-25,61.130001068115234,61.29999923706055,60.75,60.970001220703125,42.81517791748047,4320500,2087.7900390625
2016-04-26,60.959999084472656,61.290000915527344,60.52999877929688,60.93000030517578,42.78709030151367,4281700,2091.699951171875
2016-04-27,60.93000030517578,61.47999954223633,60.25,60.70000076293945,42.62558364868164,6679200,2095.14990234375
2016-04-28,58.560001373291016,62.09999847412109,57.52999877929688,61.20000076293945,42.976688385009766,16235400,2075.81005859375
2016-04-29,61.02999877929688,61.45000076293945,60.47999954223633,61.0,42.836238861083984,13052700,2065.300048828125
2016-05-02,60.790000915527344,62.0,60.70000076293945,61.43999862670898,43.14522171020508,9512000,2081.429931640625
2016-05-03,60.9900016784668,62.09000015258789,60.720001220703125,61.77000045776367,43.3769645690918,9316600,2063.3701171875
2016-05-04,61.29999923706055,61.650001525878906,61.0099983215332,61.459999084472656,43.15927505493164,8691400,2051.1201171875
2016-05-05,61.40999984741211,62.400001525878906,61.09000015258789,62.34000015258789,43.77723693847656,8646200,2050.6298828125
2016-05-06,62.0,62.75,61.650001525878906,62.5099983215332,43.8966178894043,10880700,2057.139892578125
2016-05-09,62.36000061035156,63.869998931884766,62.27999877929688,63.70000076293945,44.73228073120117,9917400,2058.68994140625
2016-05-10,63.5099983215332,63.7599983215332,63.31999969482422,63.7400016784668,44.76036834716797,12103400,2084.389892578125
2016-05-11,63.77000045776367,63.83000183105469,62.63999938964844,62.70000076293945,44.03004455566406,9375200,2064.4599609375
2016-05-12,62.86000061035156,63.06999969482422,62.38999938964844,62.4900016784668,43.882568359375,9589500,2064.110107421875
2016-05-13,62.150001525878906,62.86000061035156,61.81999969482422,62.0,43.53847885131836,7339600,2046.6099853515625
2016-05-16,61.90999984741211,62.619998931884766,61.5,62.45000076293945,43.85448455810547,6707400,2066.659912109375
2016-05-17,62.43999862670898,62.790000915527344,58.5,60.25,42.309566497802734,31528900,2047.2099609375
2016-05-18,59.869998931884766,60.79999923706055,59.560001373291016,60.459999084472656,42.45703125,10622000,2047.6300048828125
2016-05-19,60.060001373291016,60.34999847412109,58.900001525878906,59.27999877929688,41.62840270996094,9917900,2040.0400390625
2016-05-20,59.630001068115234,60.04999923706055,59.02999877929688,59.68999862670898,41.916316986083984,11259400,2052.320068359375
2016-05-23,59.75,59.84000015258789,59.130001068115234,59.29999923706055,41.6424446105957,6468900,2048.0400390625
2016-05-24,59.72999954223633,60.90999984741211,59.52000045776367,60.70000076293945,42.62558364868164,8888100,2076.06005859375
2016-05-25,61.08000183105469,61.470001220703125,60.790000915527344,61.220001220703125,42.99073791503906,5857600,2090.5400390625
2016-05-26,61.0,62.16999816894531,60.900001525878906,61.900001525878906,43.46826171875,6537100,2090.10009765625
2016-05-27,61.9900016784668,63.20000076293945,61.900001525878906,62.709999084472656,44.037052154541016,5768000,2099.06005859375
2016-05-31,62.709999084472656,63.4900016784668,62.63999938964844,62.93000030517578,44.191551208496094,7147900,2096.949951171875
2016-06-01,62.93000030517578,63.16999816894531,62.630001068115234,62.83000183105469,44.12133026123047,5284400,2099.330078125
2016-06-02,62.869998931884766,65.1500015258789,62.83000183105469,65.08999633789062,45.7083740234375,11628000,2105.260009765625
2016-06-03,64.76000213623047,65.37000274658203,63.75,65.0,45.64517211914063,10621600,2099.1298828125
2016-06-06,62.130001068115234,62.9900016784668,61.869998931884766,62.81999969482422,44.11431121826172,16403400,2109.409912109375
2016-06-07,62.59000015258789,63.59000015258789,62.29999923706055,63.09999847412109,44.31093215942383,10980100,2112.1298828125
2016-06-08,62.209999084472656,62.29999923706055,61.369998931884766,61.72999954223633,43.34887313842773,13173000,2119.1201171875
2016-06-09,61.5,62.16999816894531,60.52000045776367,60.75,42.66068649291992,11503700,2115.47998046875
2016-06-10,59.9900016784668,61.0099983215332,59.720001220703125,61.0,42.836238861083984,11052300,2096.070068359375
2016-06-13,60.459999084472656,61.38999938964844,59.84999847412109,59.93000030517578,42.08485412597656,11673600,2079.06005859375
2016-06-14,59.459999084472656,60.380001068115234,59.15999984741211,59.900001525878906,42.06378173828125,11560200,2075.320068359375
2016-06-15,60.290000915527344,61.27000045776367,60.0099983215332,60.400001525878906,42.41490173339844,7739300,2071.5
2016-06-16,59.93000030517578,60.93999862670898,59.90999984741211,60.900001525878906,42.76602554321289,7011200,2077.989990234375
2016-06-17,60.880001068115234,60.970001220703125,59.56999969482422,60.0099983215332,42.14102935791016,12574700,2071.219970703125
2016-06-20,60.63999938964844,61.18000030517578,60.060001373291016,60.11000061035156,42.21125411987305,7076500,2083.25
2016-06-21,60.20000076293945,60.400001525878906,59.75,59.97999954223633,42.11996078491211,6366500,2088.89990234375
2016-06-22,60.0,61.18000030517578,59.91999816894531,60.38999938964844,42.40788650512695,6718600,2085.449951171875
2016-06-23,60.86000061035156,61.31999969482422,60.619998931884766,61.310001373291016,43.05393600463867,5328200,2113.320068359375
2016-06-24,59.2599983215332,60.59999847412109,59.18000030517578,59.86000061035156,42.03570175170898,9878500,2037.4100341796875
2016-06-27,59.380001068115234,59.68000030517578,58.33000183105469,58.68000030517578,41.207061767578125,7945500,2000.5400390625
2016-06-28,59.27999877929688,60.130001068115234,59.150001525878906,59.9900016784668,42.126991271972656,9897600,2036.0899658203125
2016-06-29,60.58000183105469,62.02999877929688,60.22999954223633,61.810001373291016,43.40504455566406,9308000,2070.77001953125
2016-06-30,61.790000915527344,62.02000045776367,61.13999938964844,61.90999984741211,43.47526931762695,7920600,2098.860107421875
2016-07-01,61.97999954223633,63.220001220703125,61.83000183105469,62.709999084472656,44.037052154541016,6533700,2102.949951171875
2016-07-05,62.5,62.709999084472656,61.77000045776367,61.91999816894531,43.482303619384766,6293600,2088.550048828125
2016-07-06,61.84000015258789,63.7599983215332,61.79999923706055,63.369998931884766,44.50053787231445,9202200,2099.72998046875
2016-07-07,63.59999847412109,63.75,63.209999084472656,63.43000030517578,44.54267120361328,7081900,2097.89990234375
2016-07-08,63.47999954223633,64.4800033569336,62.7400016784668,64.16000366210938,45.0552978515625,7921700,2129.89990234375
2016-07-11,64.25,64.98999786376953,64.06999969482422,64.3499984741211,45.18871688842773,9641500,2137.159912109375
2016-07-12,64.66999816894531,65.80999755859375,64.31999969482422,65.5,45.99628829956055,11870500,2152.139892578125
2016-07-13,64.80999755859375,65.04000091552734,64.25,64.7699966430664,45.8829460144043,7684200,2152.429931640625
2016-07-14,63.70000076293945,64.13999938964844,62.93999862670898,63.619998931884766,45.06829833984375,12090100,2163.75
2016-07-15,63.81999969482422,64.16999816894531,63.130001068115234,63.31999969482422,44.85577392578125,8827500,2161.739990234375
2016-07-18,63.22999954223633,63.77000045776367,63.18000030517578,63.560001373291016,45.02578353881836,6384800,2166.889892578125
2016-07-19,63.40999984741211,63.970001220703125,63.09000015258789,63.31999969482422,44.85577392578125,5794500,2163.780029296875
2016-07-20,63.56999969482422,63.900001525878906,63.33000183105469,63.40999984741211,44.91952133178711,7502800,2173.02001953125
2016-07-21,63.22999954223633,64.0,63.16999816894531,63.88999938964844,45.25954818725586,6145500,2165.169921875
2016-07-22,64.0,64.08999633789062,63.58000183105469,63.810001373291016,45.202880859375,4972900,2175.030029296875
2016-07-25,63.90999984741211,64.5,63.709999084472656,64.31999969482422,45.56416320800781,7241200,2168.47998046875
2016-07-26,64.41000366210938,64.7300033569336,63.959999084472656,64.44999694824219,45.65625,4885200,2169.179931640625
2016-07-27,64.41999816894531,65.11000061035156,64.31999969482422,64.9000015258789,45.97504806518555,6220400,2166.580078125
2016-07-28,64.79000091552734,65.05999755859375,63.93000030517578,64.72000122070312,45.84753036499024,6556100,2170.06005859375
2016-07-29,65.2699966430664,66.4000015258789,65.1500015258789,66.2300033569336,46.91720962524414,10525000,2173.60009765625
2016-08-01,66.2300033569336,67.08000183105469,66.2300033569336,66.94000244140625,47.4201774597168,7599000,2170.840087890625
2016-08-02,66.93000030517578,67.05999755859375,66.05000305175781,66.77999877929688,47.30683517456055,8763200,2157.030029296875
2016-08-03,66.80999755859375,67.0,66.22000122070312,66.56999969482422,47.15806198120117,6355100,2163.7900390625
2016-08-04,66.58000183105469,66.9800033569336,66.08000183105469,66.0999984741211,46.82512664794922,4901900,2164.25
2016-08-05,66.1500015258789,66.5999984741211,66.12000274658203,66.54000091552734,47.13681411743164,5045600,2182.8701171875
2016-08-08,66.37999725341797,66.66999816894531,65.75,66.33999633789062,46.99513626098633,5309300,2180.889892578125
2016-08-09,66.33999633789062,67.25,66.25,66.76000213623047,47.292667388916016,5717300,2181.739990234375
2016-08-10,66.69999694824219,66.95999908447266,66.19000244140625,66.43000030517578,47.05888748168945,4506100,2175.489990234375
2016-08-11,66.86000061035156,67.11000061035156,66.69999694824219,66.94999694824219,47.42725372314453,4246600,2185.7900390625
2016-08-12,66.86000061035156,67.38999938964844,66.55000305175781,67.19000244140625,47.5972785949707,5215400,2184.050048828125
2016-08-15,67.47000122070312,68.12000274658203,67.31999969482422,67.38999938964844,47.73895263671875,5215400,2190.14990234375
2016-08-16,67.12999725341797,67.61000061035156,66.5,66.73999786376953,47.27849578857422,7147600,2178.14990234375
2016-08-17,66.69000244140625,67.3499984741211,66.3499984741211,66.83000183105469,47.34225082397461,7945400,2182.219970703125
2016-08-18,66.56999969482422,67.43000030517578,66.55000305175781,66.7699966430664,47.29973602294922,8205800,2187.02001953125
2016-08-19,66.56999969482422,67.18000030517578,66.51000213623047,67.0999984741211,47.53351211547852,6709400,2183.8701171875
2016-08-22,67.30999755859375,67.79000091552734,66.91999816894531,67.01000213623047,47.46976852416992,7884800,2182.639892578125
2016-08-23,67.26000213623047,67.48999786376953,65.98999786376953,66.16999816894531,46.87471008300781,10227800,2186.89990234375
2016-08-24,66.30999755859375,66.52999877929688,64.83999633789062,65.05999755859375,46.08838272094727,8551100,2175.43994140625
2016-08-25,65.04000091552734,65.43000030517578,64.2699966430664,64.72000122070312,45.84753036499024,6379000,2172.469970703125
2016-08-26,64.68000030517578,65.0199966430664,64.20999908447266,64.61000061035156,45.76960372924805,7041600,2169.0400390625
2016-08-29,64.83999633789062,65.08999633789062,64.19000244140625,64.51000213623047,45.69877243041992,5099200,2180.3798828125
2016-08-30,64.54000091552734,64.70999908447266,64.11000061035156,64.16000366210938,45.45083236694336,5531800,2176.1201171875
2016-08-31,64.20999908447266,64.44999694824219,63.5,64.0999984741211,45.40830993652344,6750000,2170.949951171875
2016-09-01,64.0999984741211,64.13999938964844,63.61000061035156,64.02999877929688,45.358734130859375,5126700,2170.860107421875
2016-09-02,64.37000274658203,64.4800033569336,63.869998931884766,64.12000274658203,45.4224967956543,4100800,2179.97998046875
2016-09-06,64.69999694824219,64.9000015258789,64.05000305175781,64.61000061035156,45.76960372924805,6286300,2186.47998046875
2016-09-07,64.37000274658203,65.13999938964844,64.29000091552734,64.97000122070312,46.02462387084961,5714300,2186.159912109375
2016-09-08,63.959999084472656,64.1500015258789,63.43999862670898,64.05999755859375,45.3799934387207,8238800,2181.300048828125
2016-09-09,63.220001220703125,64.0,63.060001373291016,63.36000061035156,44.88410568237305,8848500,2127.81005859375
2016-09-12,62.97999954223633,64.2300033569336,62.65999984741211,64.08000183105469,45.394161224365234,6653000,2159.0400390625
2016-09-13,63.65999984741211,64.1500015258789,63.0099983215332,63.34000015258789,44.86993789672852,7640400,2127.02001953125
2016-09-14,63.40999984741211,63.959999084472656,63.060001373291016,63.34000015258789,44.86993789672852,5890000,2125.77001953125
2016-09-15,63.16999816894531,63.81999969482422,62.91999816894531,63.34999847412109,44.87702178955078,7806800,2147.260009765625
2016-09-16,63.52999877929688,63.790000915527344,63.16999816894531,63.27000045776367,44.820343017578125,11165300,2139.159912109375
2016-09-19,63.619998931884766,63.709999084472656,62.83000183105469,62.90999984741211,44.56533050537109,7903500,2139.1201171875
2016-09-20,63.36000061035156,63.54999923706055,62.7599983215332,63.27999877929688,44.82743453979492,4826500,2139.760009765625
2016-09-21,63.4900016784668,64.25,63.20000076293945,64.0999984741211,45.40830993652344,7587400,2163.1201171875
2016-09-22,64.12000274658203,65.19999694824219,64.08000183105469,65.08000183105469,46.1025505065918,5416100,2177.179931640625
2016-09-23,65.05000305175781,65.33000183105469,64.75,64.9800033569336,46.031700134277344,5154200,2164.68994140625
2016-09-26,64.5199966430664,64.87999725341797,64.0199966430664,64.06999969482422,45.38707733154297,5567700,2146.10009765625
2016-09-27,63.95000076293945,64.75,63.68999862670898,64.56999969482422,45.74126434326172,4358300,2159.929931640625
2016-09-28,64.94000244140625,64.94000244140625,63.88999938964844,64.22000122070312,45.49333190917969,5645600,2171.3701171875
2016-09-29,64.30000305175781,64.30999755859375,62.79999923706055,62.81999969482422,44.50156784057617,6431200,2151.1298828125
2016-09-30,62.66999816894531,63.2599983215332,62.45000076293945,63.06999969482422,44.678672790527344,7325400,2168.27001953125
2016-10-03,63.02000045776367,63.290000915527344,62.25,63.22999954223633,44.7920150756836,4239600,2161.199951171875
2016-10-04,63.310001373291016,63.52999877929688,62.54999923706055,63.0,44.62908172607422,4719400,2150.489990234375
2016-10-05,63.08000183105469,63.75,63.0,63.38999938964844,44.90535736083984,4442500,2159.72998046875
2016-10-06,63.15999984741211,63.209999084472656,62.560001373291016,62.83000183105469,44.50865173339844,4446100,2160.77001953125
2016-10-07,63.09999847412109,63.58000183105469,62.5,62.93000030517578,44.579498291015625,3812700,2153.739990234375
2016-10-10,63.06999969482422,63.65999984741211,62.91999816894531,63.310001373291016,44.84868621826172,3135300,2163.659912109375
2016-10-11,63.08000183105469,63.2599983215332,62.04999923706055,62.38999938964844,44.19695663452149,5308400,2136.72998046875
2016-10-12,62.0,62.22999954223633,61.02000045776367,61.209999084472656,43.7608528137207,4563800,2139.179931640625
2016-10-13,60.959999084472656,61.61000061035156,60.68000030517578,61.150001525878906,43.71797180175781,5988600,2132.550048828125
2016-10-14,61.45000076293945,61.52000045776367,60.150001525878906,60.16999816894531,43.01732635498047,5606500,2132.97998046875
2016-10-17,60.09999847412109,60.709999084472656,59.86000061035156,60.13999938964844,42.99588394165039,6138700,2126.5
2016-10-18,60.619998931884766,61.619998931884766,60.400001525878906,61.54999923706055,44.0039291381836,6655100,2139.60009765625
2016-10-19,62.040000915527344,62.15999984741211,61.16999816894531,61.43000030517578,43.91814422607422,5588900,2144.2900390625
2016-10-20,61.45000076293945,61.97999954223633,61.33000183105469,61.7599983215332,44.15406799316406,4391300,2141.340087890625
2016-10-21,61.380001068115234,61.43999862670898,60.650001525878906,60.97999954223633,43.59642791748047,4341700,2141.159912109375
2016-10-24,61.130001068115234,61.68000030517578,61.02000045776367,61.119998931884766,43.69651794433594,3934800,2151.330078125
2016-10-25,61.060001373291016,61.65999984741211,60.95000076293945,61.54999923706055,44.0039291381836,6432800,2143.159912109375
2016-10-26,61.5099983215332,61.709999084472656,60.709999084472656,61.02000045776367,43.6250228881836,4560800,2139.429931640625
2016-10-27,61.45000076293945,61.720001220703125,60.59999847412109,61.459999084472656,43.93959045410156,6612500,2133.0400390625
2016-10-28,57.54999923706055,58.38999938964844,55.060001373291016,57.59999847412109,41.17995834350586,24865300,2126.409912109375
2016-10-31,57.060001373291016,57.29999923706055,55.720001220703125,55.77999877929688,39.878787994384766,14185800,2126.14990234375
2016-11-01,56.0,56.61000061035156,55.68000030517578,56.45000076293945,40.3577880859375,9799400,2111.719970703125
2016-11-02,56.459999084472656,57.18999862670898,56.400001525878906,56.790000915527344,40.600868225097656,9746200,2097.93994140625
2016-11-03,57.119998931884766,57.290000915527344,55.84999847412109,55.88999938964844,39.957427978515625,9842600,2088.659912109375
2016-11-04,56.06999969482422,56.869998931884766,55.869998931884766,56.040000915527344,40.06466293334961,11187000,2085.179931640625
2016-11-07,56.810001373291016,61.15999984741211,56.63999938964844,58.90999984741211,42.116512298583984,17763100,2131.52001953125
2016-11-08,58.79999923706055,59.61000061035156,58.02999877929688,58.810001373291016,42.04502868652344,9353200,2139.56005859375
2016-11-09,64.0999984741211,64.69000244140625,60.40999984741211,62.63999938964844,44.78320693969727,18694000,2163.260009765625
2016-11-10,63.060001373291016,65.05000305175781,62.790000915527344,64.0,45.75550842285156,15948700,2167.47998046875
2016-11-11,63.540000915527344,63.84999847412109,62.790000915527344,63.09999847412109,45.112064361572266,10201600,2164.449951171875
2016-11-14,63.400001525878906,63.63999938964844,62.25,62.970001220703125,45.01913833618164,8315700,2164.199951171875
2016-11-15,63.38999938964844,63.38999938964844,61.97999954223633,62.869998931884766,44.9476432800293,5610300,2180.389892578125
2016-11-16,62.66999816894531,62.970001220703125,61.41999816894531,61.540000915527344,43.99678039550781,6571200,2176.93994140625
2016-11-17,61.75,61.9900016784668,61.130001068115234,61.70000076293945,44.11116790771485,4879500,2187.1201171875
2016-11-18,61.650001525878906,62.13999938964844,60.38999938964844,60.52000045776367,43.26754379272461,7023200,2181.89990234375
2016-11-21,60.70000076293945,60.79999923706055,60.20000076293945,60.41999816894531,43.19606018066406,6328300,2198.179931640625
2016-11-22,60.4900016784668,60.560001373291016,58.61000061035156,58.93000030517578,42.13081359863281,8518600,2202.93994140625
2016-11-23,58.810001373291016,60.380001068115234,58.59999847412109,60.18000030517578,43.02447128295898,5546600,2204.719970703125
2016-11-25,60.040000915527344,60.66999816894531,59.66999816894531,60.5099983215332,43.26039505004883,2941600,2213.35009765625
2016-11-28,59.130001068115234,59.93999862670898,59.0099983215332,59.459999084472656,42.50972366333008,6274600,2201.719970703125
2016-11-29,59.70000076293945,62.09999847412109,59.52000045776367,61.59000015258789,44.03252410888672,11858800,2204.659912109375
2016-11-30,61.630001068115234,61.84000015258789,60.630001068115234,60.79999923706055,43.467735290527344,9025200,2198.81005859375
2016-12-01,60.83000183105469,60.83000183105469,58.75,59.15999984741211,42.29524230957031,8266200,2191.080078125
2016-12-02,59.18999862670898,60.0,58.95000076293945,59.43000030517578,42.48828506469727,8020700,2191.949951171875
2016-12-05,59.59999847412109,61.220001220703125,59.56999969482422,60.86000061035156,43.51062774658203,10227700,2204.7099609375
2016-12-06,60.7599983215332,61.720001220703125,60.33000183105469,61.619998931884766,44.05397415161133,7610400,2212.22998046875
2016-12-07,60.2599983215332,60.650001525878906,58.79999923706055,59.9900016784668,42.88864135742188,13095600,2241.35009765625
2016-12-08,60.02000045776367,60.97999954223633,59.09000015258789,60.900001525878906,43.53921890258789,9192300,2246.18994140625
2016-12-09,61.18999862670898,61.93000030517578,60.91999816894531,61.540000915527344,43.99678039550781,7102900,2259.530029296875
2016-12-12,61.52999877929688,62.45000076293945,61.5099983215332,62.040000915527344,44.35424041748047,5984500,2256.9599609375
2016-12-13,62.33000183105469,62.43999862670898,61.36000061035156,61.9900016784668,44.31849670410156,8599600,2271.719970703125
2016-12-14,61.54999923706055,62.29999923706055,61.5099983215332,61.66999816894531,44.08971405029297,5115700,2253.280029296875
2016-12-15,61.79999923706055,62.11000061035156,61.54999923706055,62.02000045776367,44.33993911743164,6416900,2262.030029296875
2016-12-16,62.119998931884766,62.4900016784668,61.83000183105469,62.220001220703125,44.4829330444336,10555800,2258.070068359375
2016-12-19,62.369998931884766,63.33000183105469,62.119998931884766,62.220001220703125,44.4829330444336,5976800,2262.530029296875
2016-12-20,62.34000015258789,62.709999084472656,61.75,62.15999984741211,44.440040588378906,5751800,2270.760009765625
2016-12-21,62.22999954223633,62.40999984741211,61.43000030517578,61.45000076293945,43.932430267333984,5498700,2265.179931640625
2016-12-22,61.58000183105469,61.91999816894531,61.34999847412109,61.65999984741211,44.08257675170898,5626000,2260.9599609375
2016-12-23,61.77999877929688,62.400001525878906,61.470001220703125,62.34000015258789,44.56872177124024,4795900,2263.7900390625
2016-12-27,62.52000045776367,63.02000045776367,62.40999984741211,62.5,44.6831169128418,5396200,2268.8798828125
2016-12-28,62.5099983215332,62.75,62.25,62.27000045776367,44.5186767578125,5190400,2249.919921875
2016-12-29,62.38999938964844,63.060001373291016,62.38999938964844,62.72999954223633,44.8475456237793,4990000,2249.260009765625
2016-12-30,62.72999954223633,62.93000030517578,62.40999984741211,62.619998931884766,44.76890563964844,5999200,2238.830078125
2017-01-03,62.91999816894531,63.02999877929688,61.93999862670898,62.40999984741211,44.6187744140625,9328200,2257.830078125
2017-01-04,62.63999938964844,63.79999923706055,62.63999938964844,63.290000915527344,45.24790573120117,8674800,2270.75
2017-01-05,63.380001068115234,63.95000076293945,63.02999877929688,63.77000045776367,45.59107971191406,5359400,2269.0
2017-01-06,63.880001068115234,64.0,63.52000045776367,63.790000915527344,45.60537338256836,4722300,2276.97998046875
2017-01-09,63.79999923706055,64.37999725341797,63.75,64.20999908447266,45.90564727783203,8794500,2268.89990234375
2017-01-10,64.05000305175781,64.5,63.77000045776367,64.06999969482422,45.8055534362793,6523500,2268.89990234375
2017-01-11,63.380001068115234,63.650001525878906,60.59000015258789,61.13999938964844,44.15184020996094,13565200,2275.320068359375
2017-01-12,60.77000045776367,61.43000030517578,60.41999816894531,61.27999877929688,44.25294494628906,8194400,2270.43994140625
2017-01-13,61.34999847412109,62.40999984741211,61.04999923706055,61.9900016784668,44.76567459106445,7295100,2274.639892578125
2017-01-17,61.75,62.040000915527344,61.09999847412109,61.86000061035156,44.67179107666016,8446700,2267.889892578125
2017-01-18,61.7599983215332,62.13999938964844,61.31999969482422,61.65999984741211,44.5273666381836,5519400,2271.889892578125
2017-01-19,61.45000076293945,61.880001068115234,61.119998931884766,61.380001068115234,44.32515335083008,5384200,2263.68994140625
2017-01-20,61.40999984741211,61.77000045776367,61.08000183105469,61.150001525878906,44.15907669067383,6730000,2271.31005859375
2017-01-23,61.02000045776367,61.2599983215332,60.68000030517578,60.959999084472656,44.021854400634766,5244700,2265.199951171875
2017-01-24,60.90999984741211,60.93000030517578,59.66999816894531,60.58000183105469,43.74745178222656,6642000,2280.070068359375
2017-01-25,60.59999847412109,61.630001068115234,60.34000015258789,61.380001068115234,44.32515335083008,8052800,2298.3701171875
2017-01-26,61.15999984741211,61.900001525878906,61.06999969482422,61.27000045776367,44.2457275390625,7765300,2296.679931640625
2017-01-27,60.0,61.25,59.52000045776367,60.0,43.32859802246094,14151200,2294.68994140625
2017-01-30,59.90999984741211,60.470001220703125,59.27000045776367,60.43000030517578,43.63912582397461,7792700,2280.89990234375
2017-01-31,60.0099983215332,61.31999969482422,59.75,61.11000061035156,44.13017272949219,8149800,2278.8701171875
2017-02-01,61.06999969482422,61.09999847412109,60.27000045776367,60.88999938964844,43.9713134765625,5888700,2279.550048828125
2017-02-02,60.650001525878906,61.119998931884766,60.47999954223633,60.88999938964844,43.9713134765625,5365300,2280.85009765625
2017-02-03,60.900001525878906,61.060001373291016,60.43999862670898,60.66999816894531,43.81243133544922,6470300,2297.419921875
2017-02-06,60.5099983215332,60.970001220703125,60.34999847412109,60.650001525878906,43.797996520996094,5358100,2292.56005859375
2017-02-07,60.650001525878906,60.869998931884766,60.400001525878906,60.560001373291016,43.73301315307617,4210300,2293.080078125
2017-02-08,60.13999938964844,61.02000045776367,60.04999923706055,60.52000045776367,43.70410919189453,5357800,2294.669921875
2017-02-09,60.52000045776367,61.0,60.41999816894531,60.84000015258789,43.93521499633789,4324600,2307.8701171875
2017-02-10,60.84999847412109,61.0,60.27000045776367,60.41999816894531,43.63191223144531,5749200,2316.10009765625
2017-02-13,60.58000183105469,60.86000061035156,60.43000030517578,60.5099983215332,43.6968879699707,6396000,2328.25
2017-02-14,60.43999862670898,60.97999954223633,60.150001525878906,60.81999969482422,43.9207649230957,13562200,2337.580078125
2017-02-15,60.91999816894531,61.84000015258789,60.400001525878906,61.650001525878906,44.5201416015625,8927600,2349.25
2017-02-16,61.66999816894531,61.90999984741211,60.810001373291016,61.47999954223633,44.397369384765625,5662000,2347.219970703125
2017-02-17,61.540000915527344,62.08000183105469,61.16999816894531,61.77000045776367,44.60679626464844,8124400,2351.159912109375
2017-02-21,61.84000015258789,62.11000061035156,61.5,61.83000183105469,44.65012741088867,8503500,2365.3798828125
2017-02-22,61.720001220703125,61.95000076293945,61.29999923706055,61.36000061035156,44.31071472167969,6422200,2362.820068359375
2017-02-23,61.68000030517578,62.2400016784668,61.45000076293945,61.93999862670898,44.72956085205078,8057700,2363.81005859375
2017-02-24,61.91999816894531,62.22999954223633,61.4900016784668,62.09000015258789,44.837867736816406,6536400,2367.340087890625
2017-02-27,62.02000045776367,62.369998931884766,61.68000030517578,62.220001220703125,44.931758880615234,5214100,2369.75
2017-02-28,62.11000061035156,62.400001525878906,61.68999862670898,61.84000015258789,44.6573486328125,6756100,2363.639892578125
2017-03-01,62.15999984741211,62.93000030517578,61.95000076293945,62.83000183105469,45.37227249145508,7737400,2395.9599609375
2017-03-02,62.77999877929688,63.59999847412109,62.59999847412109,63.25,45.67557144165039,8190000,2381.919921875
2017-03-03,63.11000061035156,63.52999877929688,62.83000183105469,63.34000015258789,45.74056625366211,6125800,2383.1201171875
2017-03-06,63.0,63.84999847412109,62.880001068115234,63.54999923706055,45.8922119140625,6837000,2375.31005859375
2017-03-07,63.13999938964844,64.13999938964844,62.970001220703125,63.68999862670898,45.99331283569336,9638000,2368.389892578125
2017-03-08,63.75,64.68000030517578,63.5,64.13999938964844,46.31827926635742,7049700,2362.97998046875
2017-03-09,64.13999938964844,64.72000122070312,64.05000305175781,64.5,46.5782470703125,6957000,2364.8701171875
2017-03-10,65.30000305175781,66.44999694824219,65.11000061035156,65.87999725341797,47.57481002807617,12788100,2372.60009765625
2017-03-13,65.87000274658203,65.94000244140625,65.30000305175781,65.8499984741211,47.55313873291016,7577400,2373.469970703125
2017-03-14,65.87999725341797,66.05000305175781,65.5999984741211,65.66999816894531,47.42314910888672,3727200,2365.449951171875
2017-03-15,65.69999694824219,66.79000091552734,65.68000030517578,66.55000305175781,48.05863571166992,5241200,2385.260009765625
2017-03-16,66.4000015258789,66.44999694824219,65.55000305175781,65.9000015258789,47.58924102783203,5162800,2381.3798828125
2017-03-17,66.04000091552734,66.08999633789062,65.5,65.69000244140625,47.43759536743164,11288000,2378.25
2017-03-20,65.77999877929688,66.01000213623047,65.55999755859375,65.80000305175781,47.517032623291016,4252100,2373.469970703125
2017-03-21,65.95999908447266,66.0,65.04000091552734,65.3499984741211,47.19206619262695,5187400,2344.02001953125
2017-03-22,65.37999725341797,65.7300033569336,65.0999984741211,65.5199966430664,47.31483459472656,5662600,2348.449951171875
2017-03-23,65.5199966430664,66.06999969482422,65.36000061035156,65.6500015258789,47.40871047973633,4099500,2345.9599609375
2017-03-24,65.51000213623047,66.11000061035156,65.31999969482422,65.62000274658203,47.387054443359375,4056300,2343.97998046875
2017-03-27,65.37000274658203,66.27999877929688,65.23999786376953,66.0999984741211,47.733673095703125,4962300,2341.590087890625
2017-03-28,65.95999908447266,66.20999908447266,65.63999938964844,65.9800033569336,47.64701461791992,5067400,2358.570068359375
2017-03-29,65.94999694824219,66.2699966430664,65.68000030517578,65.7699966430664,47.495365142822266,3649900,2361.1298828125
2017-03-30,65.76000213623047,65.81999969482422,65.25,65.45999908447266,47.2714958190918,3749600,2368.06005859375
2017-03-31,65.45999908447266,65.5199966430664,65.1500015258789,65.16000366210938,47.05487823486328,4057800,2362.719970703125
2017-04-03,65.23999786376953,65.58999633789062,64.87999725341797,65.02999877929688,46.96098709106445,5229600,2358.840087890625
2017-04-04,65.12000274658203,65.30000305175781,64.83000183105469,65.11000061035156,47.01875686645508,3457900,2360.159912109375
2017-04-05,65.2300033569336,65.76000213623047,64.86000061035156,64.95999908447266,46.91042709350586,4396300,2352.949951171875
2017-04-06,65.02999877929688,65.19000244140625,64.6500015258789,65.08000183105469,46.99708938598633,4628400,2357.489990234375
2017-04-07,65.05999755859375,65.93000030517578,64.83000183105469,65.54000091552734,47.32928085327149,6089300,2355.5400390625
2017-04-10,65.5,65.77999877929688,64.91000366210938,64.97000122070312,46.91765975952149,7136200,2357.159912109375
2017-04-11,64.43000030517578,64.43000030517578,63.31999969482422,64.18000030517578,46.80825424194336,5404500,2353.780029296875
2017-04-12,64.16999816894531,64.41000366210938,63.66999816894531,64.37000274658203,46.94682693481445,6122000,2344.929931640625
2017-04-13,64.23999786376953,64.72000122070312,64.08000183105469,64.12999725341797,46.77178192138672,3896700,2328.949951171875
2017-04-17,64.79000091552734,64.97000122070312,64.05999755859375,64.30999755859375,46.9030647277832,4189500,2349.010009765625
2017-04-18,64.02999877929688,64.08000183105469,63.119998931884766,63.650001525878906,46.42171096801758,4755800,2342.18994140625
2017-04-19,63.900001525878906,63.93000030517578,63.310001373291016,63.45000076293945,46.27583694458008,4057100,2338.169921875
2017-04-20,63.720001220703125,64.0,63.290000915527344,63.77999877929688,46.51652145385742,5708600,2355.840087890625
2017-04-21,63.7599983215332,64.29000091552734,63.54999923706055,63.81999969482422,46.545692443847656,4154900,2348.68994140625
2017-04-24,64.4000015258789,65.16000366210938,64.26000213623047,64.66000366210938,47.1583366394043,7121000,2374.14990234375
2017-04-25,64.94000244140625,65.62999725341797,64.81999969482422,65.0999984741211,47.47924423217773,5352900,2388.610107421875
2017-04-26,65.19000244140625,65.91999816894531,65.0199966430664,65.04000091552734,47.435489654541016,5008900,2387.449951171875
2017-04-27,65.44999694824219,67.5,65.12000274658203,66.06999969482422,48.18669891357422,11692900,2388.77001953125
2017-04-28,66.05999755859375,66.31999969482422,65.44000244140625,65.94000244140625,48.09187316894531,5521100,2384.199951171875
2017-05-01,66.0,66.66999816894531,65.94000244140625,66.4800033569336,48.48571395874024,4575800,2388.330078125
2017-05-02,66.51000213623047,66.68000030517578,66.18000030517578,66.62999725341797,48.59510803222656,4342800,2391.169921875
2017-05-03,66.44999694824219,66.87999725341797,66.20999908447266,66.73999786376953,48.675331115722656,4993400,2388.1298828125
2017-05-04,66.73999786376953,67.4000015258789,66.62000274658203,67.2300033569336,49.03271484375,4287400,2389.52001953125
2017-05-05,67.19000244140625,67.22000122070312,66.31999969482422,66.98999786376953,48.85766220092773,4587800,2399.2900390625
2017-05-08,66.94000244140625,66.94999694824219,66.13999938964844,66.20999908447266,48.28879165649414,4497400,2399.3798828125
2017-05-09,66.19999694824219,66.94999694824219,65.86000061035156,66.16999816894531,48.25962066650391,4395200,2396.919921875
2017-05-10,66.16000366210938,66.2300033569336,65.36000061035156,65.9800033569336,48.121055603027344,5140200,2399.6298828125
2017-05-11,65.9000015258789,65.95999908447266,64.66000366210938,65.30000305175781,47.62510299682617,7853800,2394.43994140625
2017-05-12,65.2699966430664,66.19000244140625,65.20999908447266,66.05999755859375,48.179386138916016,6093500,2390.89990234375
2017-05-15,66.06999969482422,66.8499984741211,65.94999694824219,66.66999816894531,48.6242790222168,8527900,2402.320068359375
2017-05-16,66.7300033569336,66.91999816894531,66.33000183105469,66.8499984741211,48.75556182861328,6313500,2400.669921875
2017-05-17,66.8499984741211,66.8499984741211,64.61000061035156,65.37000274658203,47.6761589050293,12771400,2357.030029296875
2017-05-18,65.37000274658203,66.0999984741211,65.19999694824219,65.62999725341797,47.86578750610352,6001000,2365.719970703125
2017-05-19,65.73999786376953,66.01000213623047,65.30999755859375,65.58000183105469,47.82931518554688,6731800,2381.72998046875
2017-05-22,65.55000305175781,65.62000274658203,64.80000305175781,65.44000244140625,47.72719955444336,5541700,2394.02001953125
2017-05-23,65.44000244140625,66.26000213623047,65.43000030517578,65.83999633789062,48.01892852783203,4676500,2398.419921875
2017-05-24,65.79000091552734,66.12000274658203,65.56999969482422,65.93000030517578,48.08457946777344,3174600,2404.389892578125
2017-05-25,66.05999755859375,66.56999969482422,65.80000305175781,66.31999969482422,48.36901473999024,4058300,2415.070068359375
2017-05-26,66.13999938964844,66.41000366210938,65.8499984741211,66.05999755859375,48.179386138916016,4083000,2415.820068359375
2017-05-30,65.88999938964844,66.19999694824219,65.80999755859375,66.0199966430664,48.15021514892578,4803900,2412.909912109375
2017-05-31,66.23999786376953,66.41000366210938,65.61000061035156,66.0199966430664,48.15021514892578,6935800,2411.800048828125
2017-06-01,66.26000213623047,66.72000122070312,66.12000274658203,66.70999908447266,48.65345001220703,4554700,2430.06005859375
2017-06-02,66.80999755859375,67.30999755859375,66.62000274658203,67.25,49.04729843139648,5646000,2439.070068359375
2017-06-05,67.25,67.86000061035156,66.87999725341797,67.51000213623047,49.23692321777344,4918100,2436.10009765625
2017-06-06,67.4800033569336,68.0999984741211,67.37000274658203,67.87000274658203,49.49948120117188,5494500,2429.330078125
2017-06-07,68.01000213623047,69.31999969482422,68.01000213623047,68.75,50.14129257202149,8406300,2433.139892578125
2017-06-08,68.75,69.05000305175781,68.33000183105469,68.76000213623047,50.14857864379883,6082500,2433.7900390625
2017-06-09,68.80000305175781,69.83000183105469,68.72000122070312,69.66999816894531,50.8122673034668,6159800,2431.77001953125
2017-06-12,69.79000091552734,69.9000015258789,69.25,69.52999877929688,50.71015548706055,6084300,2429.389892578125
2017-06-13,69.62000274658203,70.02999877929688,69.41999816894531,69.66999816894531,50.8122673034668,5269000,2440.35009765625
2017-06-14,69.4800033569336,70.79000091552734,69.37000274658203,70.5199966430664,51.43219375610352,6639100,2437.919921875
2017-06-15,70.33999633789062,70.6500015258789,69.87999725341797,70.5999984741211,51.490535736083984,4682700,2432.4599609375
2017-06-16,70.80000305175781,71.12000274658203,70.48999786376953,71.05000305175781,51.81873321533203,9342300,2433.14990234375
2017-06-19,71.11000061035156,71.58999633789062,70.94000244140625,71.33999633789062,52.03024291992188,6396300,2453.4599609375
2017-06-20,71.44000244140625,71.80999755859375,71.16000366210938,71.22000122070312,51.94272613525391,6542800,2437.030029296875
2017-06-21,71.11000061035156,71.69999694824219,71.05000305175781,71.33999633789062,52.03024291992188,6096800,2435.610107421875
2017-06-22,71.48999786376953,73.66999816894531,71.41000366210938,73.18000030517578,53.3722038269043,9998900,2434.5
2017-06-23,73.19999694824219,73.48999786376953,72.26000213623047,72.63999938964844,52.978363037109375,7064500,2438.300048828125
2017-06-26,72.79000091552734,72.94000244140625,72.41000366210938,72.73999786376953,53.05131149291992,4019500,2439.070068359375
2017-06-27,72.69999694824219,73.05999755859375,72.25,72.38999938964844,52.7960205078125,4490600,2419.3798828125
2017-06-28,72.72000122070312,73.54000091552734,72.58000183105469,72.91999816894531,53.18257141113281,4196200,2440.68994140625
2017-06-29,73.1500015258789,73.16999816894531,71.91000366210938,72.4800033569336,52.86167144775391,4444700,2419.699951171875
2017-06-30,72.56999969482422,72.81999969482422,72.20999908447266,72.51000213623047,52.883544921875,4729100,2423.409912109375
2017-07-03,72.76000213623047,72.98999786376953,72.37000274658203,72.41999816894531,52.81791687011719,2570700,2429.010009765625
2017-07-05,72.4800033569336,72.73999786376953,71.98999786376953,72.4800033569336,52.86167144775391,4751900,2432.5400390625
2017-07-06,72.23999786376953,72.44999694824219,71.41000366210938,71.7300033569336,52.31467056274414,4372100,2409.75
2017-07-07,72.11000061035156,72.11000061035156,71.62999725341797,72.02999877929688,52.53347396850586,4333700,2425.179931640625
2017-07-10,71.80000305175781,72.22000122070312,71.58000183105469,71.83000183105469,52.38761520385742,3158300,2427.429931640625
2017-07-11,71.88999938964844,72.16999816894531,71.33000183105469,71.83999633789062,52.394901275634766,3535100,2425.530029296875
2017-07-12,71.51000213623047,72.12999725341797,71.30000305175781,71.87999725341797,52.89531707763672,4860200,2443.25
2017-07-13,71.94000244140625,72.9000015258789,71.66999816894531,72.62999725341797,53.447208404541016,5189800,2447.830078125
2017-07-14,72.62000274658203,73.2300033569336,72.51000213623047,73.11000061035156,53.80043029785156,4335700,2459.27001953125
2017-07-17,73.0999984741211,73.47000122070312,72.69000244140625,72.69999694824219,53.49872970581055,3461600,2459.139892578125
2017-07-18,72.62999725341797,72.86000061035156,71.75,72.2300033569336,53.15287399291992,5269100,2460.610107421875
2017-07-19,72.4800033569336,72.7699966430664,72.0199966430664,72.7699966430664,53.55024337768555,3904100,2473.830078125
2017-07-20,72.98999786376953,74.22000122070312,72.94000244140625,74.01000213623047,54.462738037109375,5329700,2473.449951171875
2017-07-21,73.9800033569336,75.04000091552734,73.8499984741211,74.62999725341797,54.91899108886719,4961500,2472.5400390625
2017-07-24,74.62999725341797,74.75,73.83999633789062,73.91000366210938,54.3891487121582,5497800,2469.909912109375
2017-07-25,74.4000015258789,74.55000305175781,72.47000122070312,72.5199966430664,53.36627197265625,6354200,2477.1298828125
2017-07-26,72.37000274658203,72.69000244140625,71.94999694824219,72.58999633789062,53.41777801513672,4877000,2477.830078125
2017-07-27,72.77999877929688,72.80000305175781,70.87999725341797,71.7300033569336,52.78491973876953,7389300,2475.419921875
2017-07-28,71.63999938964844,72.44000244140625,69.37999725341797,70.44000244140625,51.83563232421875,8012400,2472.10009765625
2017-07-31,70.5199966430664,70.58000183105469,69.83000183105469,69.91000366210938,51.445613861083984,7770400,2470.300048828125
2017-08-01,70.02999877929688,70.83999633789062,69.8499984741211,70.37999725341797,51.79148483276367,6681700,2476.35009765625
2017-08-02,70.25,70.73999786376953,69.93000030517578,70.70999908447266,52.03430938720703,4922200,2477.570068359375
2017-08-03,70.61000061035156,71.01000213623047,70.36000061035156,70.98999786376953,52.24037551879883,4400400,2472.159912109375
2017-08-04,71.16999816894531,71.37000274658203,70.3499984741211,70.98999786376953,52.24037551879883,4732500,2476.830078125
2017-08-07,70.94000244140625,71.2300033569336,70.63999938964844,71.22000122070312,52.409629821777344,3551100,2480.909912109375
2017-08-08,71.33000183105469,71.91000366210938,71.01000213623047,71.47000122070312,52.59358215332031,4398000,2474.919921875
2017-08-09,71.26000213623047,72.13999938964844,71.0999984741211,72.0199966430664,52.998329162597656,4536300,2474.02001953125
2017-08-10,72.01000213623047,72.19000244140625,70.38999938964844,70.44000244140625,51.83563232421875,5940300,2438.2099609375
2017-08-11,70.73999786376953,71.01000213623047,70.43000030517578,70.62999725341797,51.9754524230957,3248300,2441.320068359375
2017-08-14,71.2300033569336,71.29000091552734,70.69999694824219,70.81999969482422,52.11526870727539,2648800,2465.840087890625
2017-08-15,71.08000183105469,71.13999938964844,70.27999877929688,70.33999633789062,51.762054443359375,3724100,2464.610107421875
2017-08-16,70.48999786376953,70.75,70.11000061035156,70.41999816894531,51.8209114074707,4751600,2468.110107421875
2017-08-17,70.5999984741211,70.68000030517578,69.83000183105469,69.8499984741211,51.401458740234375,5086000,2430.010009765625
2017-08-18,69.5199966430664,70.44000244140625,69.47000122070312,69.95999908447266,51.482418060302734,4016400,2425.550048828125
2017-08-21,69.91999816894531,70.83000183105469,69.91000366210938,70.69999694824219,52.026954650878906,4666400,2428.3701171875
2017-08-22,70.91000366210938,71.87999725341797,70.76000213623047,71.75,52.79963302612305,3589000,2452.510009765625
2017-08-23,71.29000091552734,71.9000015258789,71.2699966430664,71.5199966430664,52.63039016723633,3071300,2444.0400390625
2017-08-24,71.72000122070312,72.30999755859375,71.4000015258789,72.11000061035156,53.064552307128906,4088300,2438.969970703125
2017-08-25,72.22000122070312,72.77999877929688,72.20999908447266,72.4800033569336,53.33683013916016,3871200,2443.050048828125
2017-08-28,72.66999816894531,73.56999969482422,72.55999755859375,73.31999969482422,53.954986572265625,4574400,2444.239990234375
2017-08-29,72.77999877929688,73.9000015258789,72.77999877929688,73.88999938964844,54.37443923950195,3390800,2446.300048828125
2017-08-30,73.62000274658203,74.18000030517578,73.58000183105469,73.91999816894531,54.39650344848633,3189100,2457.590087890625
2017-08-31,74.11000061035156,75.4000015258789,73.91999816894531,75.30000305175781,55.41202926635742,6177600,2471.64990234375
2017-09-01,75.58999633789062,76.0,75.26000213623047,75.41999816894531,55.50032424926758,3831700,2476.550048828125
2017-09-05,75.38999938964844,75.58000183105469,74.7300033569336,75.25,55.37523651123047,6309100,2457.85009765625
2017-09-06,75.61000061035156,77.45999908447266,75.3499984741211,77.05000305175781,56.6998176574707,7755200,2465.5400390625
2017-09-07,77.29000091552734,82.44999694824219,77.0,81.77999877929688,60.18054962158203,15377300,2465.10009765625
2017-09-08,81.29000091552734,86.08999633789062,81.11000061035156,85.33999633789062,62.800289154052734,14809100,2461.429931640625
2017-09-11,84.45999908447266,87.0999984741211,84.37999725341797,87.0,64.02186584472656,12687000,2488.110107421875
2017-09-12,86.97000122070312,87.97000122070312,86.5,87.75,64.57378387451172,11155600,2496.47998046875
2017-09-13,87.58000183105469,88.83999633789062,87.41999816894531,88.47000122070312,65.10360717773438,9172200,2498.3701171875
2017-09-14,88.2300033569336,89.31999969482422,88.1500015258789,89.22000122070312,65.65553283691406,10272200,2495.6201171875
2017-09-15,89.38999938964844,89.69000244140625,86.5199966430664,87.37000274658203,64.29414367675781,20441500,2500.22998046875
2017-09-18,87.47000122070312,87.80999755859375,85.08000183105469,85.31999969482422,62.78557586669922,9656700,2503.8701171875
2017-09-19,85.54000091552734,86.66000366210938,85.37999725341797,86.37000274658203,63.55826187133789,7786400,2506.64990234375
2017-09-20,86.4000015258789,87.4800033569336,86.25,87.41000366210938,64.32357025146484,6559400,2508.239990234375
2017-09-21,87.36000061035156,87.69999694824219,86.66999816894531,87.41000366210938,64.32357025146484,7340300,2500.60009765625
2017-09-22,87.22000122070312,87.75,86.7699966430664,87.4800033569336,64.37509155273438,6807000,2502.219970703125
2017-09-25,86.91999816894531,87.77999877929688,86.4000015258789,86.56999969482422,63.70543670654297,8287000,2496.659912109375
2017-09-26,86.3499984741211,86.91000366210938,85.16000366210938,85.3499984741211,62.80765151977539,5862400,2496.840087890625
2017-09-27,85.3499984741211,85.38999938964844,83.19000244140625,84.75,62.36612701416016,6581200,2507.0400390625
2017-09-28,86.66999816894531,90.9499969482422,86.37999725341797,88.95999908447266,65.46420288085938,14809300,2510.06005859375
2017-09-29,88.69000244140625,89.3499984741211,87.66999816894531,88.86000061035156,65.39061737060547,6769400,2519.360107421875
2017-10-02,89.73999786376953,90.41000366210938,88.91000366210938,90.38999938964844,66.51649475097656,6600100,2529.1201171875
2017-10-03,90.44000244140624,90.63999938964844,89.0199966430664,89.69999694824219,66.00874328613281,4286900,2534.580078125
2017-10-04,89.5199966430664,90.44000244140624,89.30999755859375,89.9000015258789,66.15591430664062,3251200,2537.739990234375
2017-10-05,89.69000244140625,90.55999755859376,89.4800033569336,90.18000030517578,66.36199951171875,4382900,2552.070068359375
2017-10-06,90.1999969482422,91.33000183105467,89.94999694824219,90.48999786376952,66.59010314941406,3461800,2549.330078125
2017-10-09,90.56999969482422,91.19000244140624,90.1500015258789,90.77999877929688,66.80351257324219,4331500,2544.72998046875
2017-10-10,90.70999908447266,91.22000122070312,89.69999694824219,91.16999816894533,67.0904769897461,3560200,2550.639892578125
2017-10-11,91.47000122070312,92.61000061035156,90.97000122070312,92.37999725341795,67.98091888427734,6298500,2555.239990234375
2017-10-12,91.7699966430664,91.98999786376952,90.91000366210938,91.41999816894533,67.74378967285156,4818200,2550.929931640625
2017-10-13,91.41000366210938,91.8499984741211,90.54000091552734,90.66999816894533,67.18803405761719,6803900,2553.169921875
2017-10-16,91.01000213623048,91.98999786376952,90.55999755859376,91.04000091552734,67.46221160888672,4640300,2557.639892578125
2017-10-17,91.08999633789062,92.77999877929688,90.9499969482422,92.16999816894533,68.29955291748047,5280500,2559.360107421875
2017-10-18,92.3499984741211,96.44000244140624,92.1999969482422,96.04000091552734,71.16729736328125,10979700,2561.260009765625
2017-10-19,95.5,96.62000274658205,94.51000213623048,96.4800033569336,71.49335479736328,9303700,2562.10009765625
2017-10-20,96.77999877929688,98.26000213623048,94.88999938964844,96.0999984741211,71.21173858642578,6882600,2575.2099609375
2017-10-23,95.93000030517578,96.0,94.4499969482422,94.51000213623048,70.03355407714844,4483900,2564.97998046875
2017-10-24,94.0,94.13999938964844,90.7699966430664,91.69000244140624,67.9438705444336,10301100,2569.1298828125
2017-10-25,91.77999877929688,92.08000183105467,90.7300033569336,91.7699966430664,68.00315856933594,6924800,2557.14990234375
2017-10-26,91.86000061035156,91.86000061035156,85.23999786376953,89.55999755859375,66.365478515625,10307500,2560.39990234375
2017-10-27,92.6999969482422,94.97000122070312,90.75,91.93000030517578,68.12171173095703,9066300,2581.070068359375
2017-10-30,91.6999969482422,92.05999755859376,88.91000366210938,90.95999908447266,67.40291595458984,6526200,2572.830078125
2017-10-31,90.87999725341795,91.81999969482422,90.04000091552734,90.25,66.8768081665039,7065600,2575.260009765625
2017-11-01,90.77999877929688,93.33999633789062,90.2699966430664,92.44000244140624,68.4996337890625,7048800,2579.360107421875
2017-11-02,92.08000183105467,92.33999633789062,90.19000244140624,91.0199966430664,67.44737243652344,4981900,2579.85009765625
2017-11-03,91.3000030517578,92.55999755859376,90.91000366210938,92.30999755859376,68.40331268310547,3620800,2587.840087890625
2017-11-06,92.22000122070312,93.58000183105467,91.41999816894533,92.95999908447266,68.88495635986328,5633600,2591.1298828125
2017-11-07,92.9800033569336,95.68000030517578,92.95999908447266,93.95999908447266,69.62598419189453,7014000,2590.639892578125
2017-11-08,94.30999755859376,96.37000274658205,93.83999633789062,95.70999908447266,70.9227523803711,6802600,2594.3798828125
2017-11-09,95.29000091552734,96.37000274658205,95.26000213623048,95.88999938964844,71.05613708496094,5187000,2584.6201171875
2017-11-10,95.3499984741211,95.94000244140624,93.55999755859376,95.43000030517578,70.71529388427734,6170100,2582.300048828125
2017-11-13,95.37000274658205,95.41999816894533,94.04000091552734,95.12000274658205,70.48554992675781,4035700,2584.840087890625
2017-11-14,94.63999938964844,94.91000366210938,93.12000274658205,94.75,70.21138000488281,4717300,2578.8701171875
2017-11-15,94.62999725341795,94.6999969482422,92.72000122070312,93.76000213623048,69.47775268554688,4745700,2564.6201171875
2017-11-16,94.44000244140624,95.16999816894533,93.27999877929688,94.47000122070312,70.00389099121094,4301600,2585.639892578125
2017-11-17,93.8000030517578,94.48999786376952,93.56999969482422,93.61000061035156,69.36662292480469,3386400,2578.85009765625
2017-11-20,93.91999816894533,94.30999755859376,92.88999938964844,93.5999984741211,69.35922241210938,4352200,2582.139892578125
2017-11-21,93.6999969482422,95.4000015258789,93.5999984741211,94.68000030517578,70.15950775146484,4346200,2599.030029296875
2017-11-22,94.69000244140624,95.4000015258789,94.22000122070312,94.47000122070312,70.00389099121094,2560700,2597.080078125
2017-11-24,94.0,94.97000122070312,93.5500030517578,94.72000122070312,70.18916320800781,1932900,2602.419921875
2017-11-27,94.69000244140624,95.62999725341795,94.44000244140624,95.41999816894533,70.70785522460938,3044600,2601.419921875
2017-11-28,95.94000244140624,96.88999938964844,94.83000183105467,95.41999816894533,70.70785522460938,5105400,2627.0400390625
2017-11-29,95.76000213623048,96.3499984741211,95.02999877929688,95.81999969482422,71.00425720214844,4081400,2626.070068359375
2017-11-30,96.36000061035156,97.52999877929688,96.20999908447266,96.91999816894533,71.81940460205078,7889600,2647.580078125
2017-12-01,97.19000244140624,98.5199966430664,94.3000030517578,96.31999969482422,71.37476348876953,4823200,2642.219970703125
2017-12-04,96.37000274658205,96.6500015258789,94.6500015258789,95.22000122070312,70.55967712402344,4934400,2639.43994140625
2017-12-05,96.27999877929688,96.72000122070312,95.0,95.41000366210938,70.70046997070312,5553000,2629.570068359375
2017-12-06,95.6999969482422,95.79000091552734,93.47000122070312,94.4000015258789,69.95201873779297,5114200,2629.27001953125
2017-12-07,94.02999877929688,94.56999969482422,92.9000015258789,94.23999786376952,69.83346557617188,4524500,2636.97998046875
2017-12-08,95.68000030517578,96.54000091552734,94.62000274658205,95.9499969482422,71.10060119628906,5297000,2651.5
2017-12-11,96.38999938964844,97.30999755859376,95.7699966430664,96.47000122070312,71.4859390258789,4181100,2659.989990234375
2017-12-12,95.72000122070312,96.69000244140624,94.76000213623048,96.3000030517578,71.3599624633789,4195200,2664.110107421875
2017-12-13,96.5999984741211,98.87000274658205,96.5999984741211,97.3499984741211,72.13801574707031,6148700,2662.85009765625
2017-12-14,97.33000183105467,97.44000244140624,95.6500015258789,96.3000030517578,71.3599624633789,3985800,2652.010009765625
2017-12-15,96.86000061035156,97.87999725341795,96.63999938964844,97.4499969482422,72.21212768554688,11564700,2675.81005859375
2017-12-18,97.66999816894533,99.0999984741211,97.5500030517578,98.19000244140624,72.76049041748047,4768300,2690.159912109375
2017-12-19,98.41999816894533,98.5500030517578,97.6999969482422,97.91999816894533,72.56041717529297,2817700,2681.469970703125
2017-12-20,97.86000061035156,98.9000015258789,97.22000122070312,97.41000366210938,72.1824722290039,3411900,2679.25
2017-12-21,97.81999969482422,98.3499984741211,97.72000122070312,97.91000366210938,72.552978515625,2249500,2684.570068359375
2017-12-22,97.86000061035156,98.69000244140624,97.70999908447266,98.20999908447266,72.77532196044922,2835600,2683.340087890625
2017-12-26,98.1500015258789,98.36000061035156,97.0500030517578,97.75,72.4344253540039,2363800,2680.5
2017-12-27,97.7300033569336,98.2300033569336,97.44000244140624,98.08999633789062,72.6863784790039,1927300,2682.6201171875
2017-12-28,98.19000244140624,98.38999938964844,97.5199966430664,97.79000091552734,72.46406555175781,1870400,2687.5400390625
2017-12-29,98.13999938964844,98.43000030517578,96.70999908447266,96.70999908447266,71.66378021240234,3214400,2673.610107421875
2018-01-02,97.13999938964844,98.9000015258789,96.75,98.41000366210938,72.92350006103516,4561300,2695.81005859375
2018-01-03,98.5500030517578,100.0999984741211,98.04000091552734,99.9499969482422,74.06468963623047,4702300,2713.06005859375
2018-01-04,100.06999969482422,100.12000274658205,98.3499984741211,99.37999725341795,73.64229583740234,3579000,2723.989990234375
2018-01-05,99.33999633789062,101.1999969482422,98.55999755859376,101.11000061035156,74.92424011230469,4599300,2743.14990234375
2018-01-08,101.27999877929688,101.27999877929688,98.18000030517578,99.48999786376952,73.72380065917969,5582000,2747.7099609375
2018-01-09,99.48999786376952,100.66000366210938,98.6999969482422,100.23999786376952,74.27957153320312,4055400,2751.2900390625
2018-01-10,99.6500015258789,100.1999969482422,99.18000030517578,99.69000244140624,73.87202453613281,4608600,2748.22998046875
2018-01-11,99.37000274658205,99.48999786376952,98.55999755859376,99.2699966430664,74.08843994140625,4240900,2767.56005859375
2018-01-12,99.33999633789062,100.63999938964844,98.66000366210938,100.33999633789062,74.88700866699219,4372600,2786.239990234375
2018-01-16,100.26000213623048,103.0,100.0,102.48999786376952,76.49162292480469,8528600,2776.419921875
2018-01-17,103.0,104.83999633789062,102.5500030517578,104.36000061035156,77.88728332519531,5384900,2802.56005859375
2018-01-18,104.29000091552734,104.8499984741211,103.44000244140624,103.80999755859376,77.47677612304688,6371200,2798.030029296875
2018-01-19,104.33000183105467,104.87000274658205,103.5500030517578,104.63999938964844,78.09623718261719,4991300,2810.300048828125
2018-01-22,104.6999969482422,106.54000091552734,104.45999908447266,106.48999786376952,79.4769515991211,4538100,2832.969970703125
2018-01-23,106.16999816894533,106.97000122070312,105.02999877929688,105.37999725341795,78.64852142333984,5095300,2839.1298828125
2018-01-24,105.26000213623048,106.2300033569336,104.0999984741211,105.51000213623048,78.74555969238281,4436500,2837.5400390625
2018-01-25,105.9499969482422,108.37000274658205,105.73999786376952,108.3000030517578,80.82782745361328,6327500,2839.25
2018-01-26,114.5,125.86000061035156,113.5,123.20999908447266,91.95563507080078,19614500,2872.8701171875
2018-01-29,121.5,124.1500015258789,118.9800033569336,122.30999755859376,91.28395080566406,10182700,2853.530029296875
2018-01-30,119.41999816894533,121.4499969482422,115.87000274658205,115.87999725341795,86.48502349853516,11851400,2822.429931640625
2018-01-31,116.20999908447266,116.5,111.29000091552734,112.22000122070312,83.75345611572266,15744800,2823.81005859375
2018-02-01,112.23999786376952,117.52999877929688,112.2300033569336,116.33999633789062,86.82833862304688,9943500,2821.97998046875
2018-02-02,115.5,117.93000030517578,114.91999816894533,115.16999816894533,85.95513153076172,7184400,2762.1298828125
2018-02-05,113.0,115.54000091552734,109.4000015258789,109.51000213623048,81.73088836669922,9827800,2648.93994140625
2018-02-06,104.91000366210938,113.5199966430664,101.0,111.1999969482422,82.99220275878906,14107800,2695.139892578125
2018-02-07,111.5199966430664,116.8499984741211,111.37999725341795,113.62000274658205,84.79833984375,10030800,2681.659912109375
2018-02-08,113.33000183105467,114.0,108.31999969482422,108.4800033569336,80.96217346191406,7212400,2581.0
2018-02-09,109.56999969482422,112.75,106.41000366210938,111.3000030517578,83.06681823730469,8909300,2619.550048828125
2018-02-12,112.56999969482422,113.33000183105467,110.6500015258789,111.93000030517578,83.5370101928711,4823300,2656.0
2018-02-13,111.54000091552734,112.41000366210938,110.38999938964844,111.86000061035156,83.48477172851562,5316200,2662.93994140625
2018-02-14,111.04000091552734,113.66999816894533,110.27999877929688,113.08000183105467,84.39527893066406,6189100,2698.6298828125
2018-02-15,113.62000274658205,116.33000183105467,112.37999725341795,114.9000015258789,85.75362396240234,7401100,2731.199951171875
2018-02-16,115.2300033569336,119.1999969482422,115.1999969482422,118.5999984741211,88.51504516601562,8717000,2732.219970703125
2018-02-20,117.72000122070312,121.5500030517578,117.22000122070312,117.9800033569336,88.05231475830078,8751400,2716.260009765625
2018-02-21,118.48999786376952,121.3000030517578,117.8499984741211,117.91000366210938,88.00008392333984,5122500,2701.330078125
2018-02-22,118.56999969482422,119.7300033569336,116.58000183105467,117.55999755859376,87.73884582519531,5185700,2703.9599609375
2018-02-23,118.41000366210938,119.30999755859376,116.88999938964844,118.75,88.62699890136719,4685700,2747.300048828125
2018-02-26,119.2699966430664,121.72000122070312,119.04000091552734,121.54000091552734,90.7092514038086,4473500,2779.60009765625
2018-02-27,121.20999908447266,122.0,118.16000366210938,118.26000213623048,88.26128387451172,4754300,2744.280029296875
2018-02-28,119.0,120.0,115.77999877929688,115.83000183105467,86.44772338867188,6660000,2713.830078125
2018-03-01,115.91000366210938,116.61000061035156,111.80999755859376,113.83999633789062,84.96251678466797,7148900,2677.669921875
2018-03-02,112.94000244140624,115.47000122070312,111.88999938964844,115.04000091552734,85.85810852050781,5439700,2691.25
2018-03-05,114.0,116.31999969482422,112.88999938964844,115.66000366210938,86.32083892822266,3975700,2720.93994140625
2018-03-06,116.01000213623048,116.3000030517578,113.83000183105467,114.55999755859376,85.4998550415039,3650500,2728.1201171875
2018-03-07,112.58000183105467,114.98999786376952,112.20999908447266,114.72000122070312,85.6192855834961,5286200,2726.800048828125
2018-03-08,115.0,117.75,114.3499984741211,117.01000213623048,87.3283920288086,6179400,2738.969970703125
2018-03-09,117.8499984741211,119.66000366210938,117.66999816894533,119.29000091552734,89.03001403808594,5835600,2786.570068359375
2018-03-12,119.4000015258789,119.58999633789062,117.93000030517578,118.3000030517578,88.29116821289062,4892900,2783.02001953125
2018-03-13,119.26000213623048,121.4499969482422,118.7300033569336,119.75,89.37332153320312,5403200,2765.31005859375
2018-03-14,120.33999633789062,120.66999816894533,117.9499969482422,118.94000244140624,88.76881408691406,3556100,2749.47998046875
2018-03-15,119.0,119.5,114.87999725341795,114.93000030517578,85.7760238647461,5812400,2747.330078125
2018-03-16,114.88999938964844,116.7300033569336,113.58999633789062,113.70999908447266,84.86549377441406,8879300,2752.010009765625
2018-03-19,113.73999786376952,114.9800033569336,110.44000244140624,112.02999877929688,83.61166381835938,8598900,2712.919921875
2018-03-20,112.9000015258789,114.1500015258789,112.08999633789062,112.6500015258789,84.07438659667969,4933800,2716.93994140625
2018-03-21,113.08000183105467,113.79000091552734,111.7300033569336,112.4499969482422,83.92510223388672,4618000,2711.929931640625
2018-03-22,104.19000244140624,104.5,95.5199966430664,98.0999984741211,73.21524810791016,26861200,2643.68994140625
2018-03-23,98.98999786376952,100.31999969482422,97.37000274658205,97.45999908447266,72.73758697509766,14253600,2588.260009765625
2018-03-26,99.48999786376952,99.91000366210938,91.76000213623048,95.27999877929688,71.11058044433594,13760600,2658.550048828125
2018-03-27,95.5,95.72000122070312,91.12000274658205,92.01000213623048,68.6700668334961,10821300,2612.6201171875
2018-03-28,92.19000244140624,96.8499984741211,91.58000183105467,94.2699966430664,70.35677337646484,11154200,2605.0
2018-03-29,94.5199966430664,95.54000091552734,93.5,94.6500015258789,70.64038848876953,7399400,2640.8701171875
2018-04-02,94.0,94.63999938964844,90.3000030517578,91.45999908447266,68.25959014892578,7816500,2581.8798828125
2018-04-03,92.33999633789062,92.45999908447266,88.22000122070312,90.58999633789062,67.61026763916016,10449200,2614.449951171875
2018-04-04,88.70999908447266,93.41000366210938,88.62999725341797,92.94000244140624,69.3641586303711,8841700,2644.68994140625
2018-04-05,93.06999969482422,93.2699966430664,91.6500015258789,92.20999908447266,68.81932830810547,7045000,2662.840087890625
2018-04-06,91.4499969482422,92.7699966430664,88.79000091552734,89.77999877929688,67.0057601928711,6761200,2604.469970703125
2018-04-09,91.38999938964844,93.37999725341795,90.41999816894533,90.4800033569336,67.52818298339844,8302100,2613.159912109375
2018-04-10,91.5,94.38999938964844,90.93000030517578,93.62000274658205,69.87166595458984,6253700,2656.8701171875
2018-04-11,92.58000183105467,94.4800033569336,92.4000015258789,93.63999938964844,69.88660430908203,7135700,2642.18994140625
2018-04-12,93.70999908447266,93.70999908447266,92.06999969482422,92.12000274658205,69.46432495117188,6402500,2663.989990234375
2018-04-13,92.62999725341795,92.63999938964844,91.08999633789062,91.83000183105467,69.2456283569336,4630000,2656.300048828125
2018-04-16,92.88999938964844,93.48999786376952,92.30999755859376,92.5999984741211,69.82625579833984,3922500,2677.840087890625
2018-04-17,93.1999969482422,94.01000213623048,92.62000274658205,93.58999633789062,70.5727767944336,4474700,2706.389892578125
2018-04-18,94.0,94.5999984741211,93.0199966430664,94.31999969482422,71.1232681274414,5289700,2708.639892578125
2018-04-19,94.43000030517578,94.52999877929688,91.4000015258789,93.01000213623048,70.13545227050781,4972900,2693.1298828125
2018-04-20,93.41000366210938,93.8000030517578,92.0199966430664,92.5999984741211,69.82625579833984,4754800,2670.139892578125
2018-04-23,92.93000030517578,93.8000030517578,92.7300033569336,93.16999816894533,70.25605773925781,4716300,2670.2900390625
2018-04-24,92.9499969482422,93.4800033569336,90.44000244140624,91.36000061035156,68.8912353515625,6378300,2634.56005859375
2018-04-25,90.95999908447266,92.27999877929688,90.5199966430664,91.87000274658205,69.27581024169922,5487800,2639.39990234375
2018-04-26,94.0,98.5500030517578,93.58000183105467,97.44000244140624,73.4759292602539,12594400,2666.93994140625
2018-04-27,97.44000244140624,99.3499984741211,96.37000274658205,98.7300033569336,74.44866180419922,6117600,2669.909912109375
2018-04-30,99.0500030517578,99.41999816894533,96.5199966430664,96.5500030517578,72.80482482910156,7449400,2648.050048828125
2018-05-01,102.0999984741211,103.37000274658205,101.18000030517578,102.06999969482422,76.96724700927734,11910500,2654.800048828125
2018-05-02,101.16999816894533,101.76000213623048,99.95999908447266,100.37000274658205,75.6853256225586,7625600,2635.669921875
2018-05-03,100.1999969482422,100.7699966430664,98.7699966430664,100.27999877929688,75.61748504638672,7699500,2629.72998046875
2018-05-04,99.9000015258789,100.93000030517578,99.12000274658205,100.16999816894533,75.53451538085938,5224400,2663.419921875
2018-05-07,100.75,101.2699966430664,99.23999786376952,99.62999725341795,75.12731170654297,6151500,2672.6298828125
2018-05-08,99.12999725341795,99.77999877929688,98.6999969482422,99.4000015258789,74.95390319824219,7620900,2671.919921875
2018-05-09,99.44000244140624,102.04000091552734,98.9000015258789,101.18000030517578,76.29612731933594,5665600,2697.7900390625
2018-05-10,102.58000183105467,103.80999755859376,101.93000030517578,102.8499984741211,77.55541229248047,5369700,2723.070068359375
2018-05-11,103.45999908447266,104.69000244140624,102.04000091552734,104.18000030517578,78.55831909179688,6358900,2727.719970703125
2018-05-14,104.4000015258789,106.3000030517578,104.33000183105467,105.88999938964844,79.84776306152344,8471700,2730.1298828125
2018-05-15,105.37999725341795,105.55999755859376,103.58999633789062,104.18000030517578,78.55831909179688,8387600,2711.449951171875
2018-05-16,104.45999908447266,105.6500015258789,104.1999969482422,105.04000091552734,79.20680236816406,8296700,2722.4599609375
2018-05-17,105.0999984741211,105.41000366210938,104.20999908447266,105.31999969482422,79.41795349121094,6702900,2720.1298828125
2018-05-18,105.2699966430664,106.77999877929688,105.11000061035156,105.9800033569336,79.91563415527344,5328000,2712.969970703125
2018-05-21,107.0,107.25,105.9499969482422,106.2300033569336,80.10413360595703,5797300,2733.010009765625
2018-05-22,106.5500030517578,107.23999786376952,106.0999984741211,106.2300033569336,80.10413360595703,9456800,2724.43994140625
2018-05-23,105.8499984741211,106.31999969482422,104.73999786376952,105.5999984741211,79.62908935546875,12816600,2733.2900390625
2018-05-24,104.5500030517578,104.5500030517578,101.61000061035156,103.13999938964844,77.77409362792969,13164500,2727.760009765625
2018-05-25,102.29000091552734,103.13999938964844,99.5500030517578,101.08000183105467,76.22071075439453,25301700,2721.330078125
2018-05-29,100.2699966430664,101.58999633789062,98.93000030517578,99.47000122070312,75.00668334960938,25494700,2689.860107421875
2018-05-30,101.86000061035156,103.16000366210938,100.83000183105467,103.01000213623048,77.67607116699219,31273400,2724.010009765625
2018-05-31,100.93000030517578,101.0999984741211,98.5,98.94000244140624,74.60702514648438,18910900,2705.27001953125
2018-06-01,97.93000030517578,99.43000030517578,97.9000015258789,98.0500030517578,73.93589782714844,14837300,2734.6201171875
2018-06-04,98.4800033569336,99.45999908447266,97.62000274658205,99.0999984741211,74.72766876220703,10922500,2746.8701171875
2018-06-05,99.11000061035156,100.33999633789062,98.76000213623048,99.23999786376952,74.8332290649414,10199000,2748.800048828125
2018-06-06,99.25,99.98999786376952,98.31999969482422,99.9800033569336,75.3912582397461,4933500,2772.35009765625
2018-06-07,100.25,100.33000183105467,98.87000274658205,99.31999969482422,74.89356994628906,5092500,2770.3701171875
2018-06-08,99.27999877929688,100.5,99.0,100.43000030517578,75.7305679321289,4012900,2779.030029296875
2018-06-11,100.55999755859376,101.08000183105467,99.41000366210938,99.7699966430664,75.23289489746094,5770100,2782.0
2018-06-12,99.8000030517578,100.12000274658205,98.73999786376952,98.91000366210938,74.58439636230469,8060400,2786.85009765625
2018-06-13,98.91999816894533,99.2300033569336,97.51000213623048,97.58000183105467,73.58150482177734,7816200,2775.6298828125
2018-06-14,98.37999725341795,98.91999816894533,97.75,98.75,74.46376037597656,4648700,2782.489990234375
2018-06-15,98.7699966430664,99.87000274658205,98.0,99.56999969482422,75.08209228515625,20806200,2779.659912109375
2018-06-18,99.1500015258789,99.33000183105467,98.30999755859376,98.4800033569336,74.26013946533203,6425600,2773.75
2018-06-19,97.88999938964844,98.37999725341795,96.93000030517578,98.01000213623048,73.90575408935547,5528300,2762.590087890625
2018-06-20,98.22000122070312,99.5500030517578,97.83999633789062,98.25,74.08673095703125,5842700,2767.320068359375
2018-06-21,97.70999908447266,97.98999786376952,95.26000213623048,95.5500030517578,72.05074310302734,7225000,2749.760009765625
2018-06-22,96.05999755859376,96.11000061035156,93.43000030517578,93.48999786376952,70.49737548828125,9454800,2754.8798828125
2018-06-25,93.47000122070312,94.37999725341795,92.0999984741211,93.0500030517578,70.16558837890625,5573100,2717.070068359375
2018-06-26,93.36000061035156,93.86000061035156,92.08000183105467,92.12000274658205,69.46432495117188,5117100,2723.06005859375
2018-06-27,92.36000061035156,93.2699966430664,91.47000122070312,91.51000213623048,69.00433349609375,5833000,2699.6298828125
2018-06-28,91.33999633789062,92.61000061035156,90.80999755859376,92.43000030517578,69.69807434082031,6698900,2716.31005859375
2018-06-29,92.83999633789062,94.45999908447266,92.55999755859376,92.6500015258789,69.86397552490234,6787900,2718.3701171875
2018-07-02,92.05999755859376,93.3000030517578,91.8499984741211,93.11000061035156,70.2108154296875,3854500,2726.7099609375
2018-07-03,93.58000183105467,94.37000274658205,93.12000274658205,93.61000061035156,70.58786010742188,2452400,2713.219970703125
2018-07-05,94.45999908447266,95.05999755859376,93.9499969482422,94.4800033569336,71.24391174316406,4744000,2736.610107421875
2018-07-06,95.1999969482422,97.06999969482422,94.95999908447266,96.91999816894533,73.08381652832031,5867400,2759.820068359375
2018-07-09,97.9800033569336,98.3499984741211,96.91999816894533,97.04000091552734,73.1742935180664,5953100,2784.169921875
2018-07-10,97.11000061035156,98.9499969482422,96.68000030517578,98.83999633789062,74.53160095214844,5119900,2793.840087890625
2018-07-11,96.26000213623048,97.5,94.87000274658205,94.95999908447266,71.60584259033203,6230000,2774.02001953125
2018-07-12,94.91999816894533,95.66999816894533,94.0999984741211,95.61000061035156,72.8322982788086,4672000,2798.2900390625
2018-07-13,94.95999908447266,96.86000061035156,94.94000244140624,96.62999725341795,73.60929870605469,3712400,2801.31005859375
2018-07-16,96.76000213623048,96.81999969482422,95.26000213623048,96.25,73.31981658935547,3783500,2798.429931640625
2018-07-17,96.2699966430664,97.16999816894533,95.33000183105467,95.41000366210938,72.67994689941406,5107500,2809.550048828125
2018-07-18,95.2699966430664,95.43000030517578,94.33000183105467,94.4000015258789,71.91055297851562,5521900,2815.6201171875
2018-07-19,93.22000122070312,93.27999877929688,87.76000213623047,89.94999694824219,68.52069854736328,19747200,2804.489990234375
2018-07-20,88.70999908447266,89.63999938964844,86.76000213623047,88.91000366210938,67.72848510742188,11791900,2801.830078125
2018-07-23,89.16999816894531,89.98999786376953,88.63999938964844,89.4000015258789,68.10175323486328,6316800,2806.97998046875
2018-07-24,90.51000213623048,91.61000061035156,89.75,91.54000091552734,69.7319107055664,7965000,2820.39990234375
2018-07-25,91.08000183105467,93.51000213623048,91.08000183105467,93.12000274658205,70.93550872802734,7494300,2846.070068359375
2018-07-26,93.9499969482422,94.55999755859376,92.54000091552734,93.94000244140624,71.56013488769531,6812400,2837.43994140625
2018-07-27,91.33999633789062,92.2699966430664,88.7699966430664,90.55999755859376,68.98538208007812,12905800,2818.820068359375
2018-07-30,90.66999816894533,91.54000091552734,89.37999725341797,91.4499969482422,69.66333770751953,6466000,2802.60009765625
2018-07-31,91.6500015258789,92.62999725341795,91.33000183105467,92.2300033569336,70.25752258300781,8691800,2816.2900390625
2018-08-01,92.29000091552734,94.4800033569336,92.27999877929688,93.91000366210938,71.53730773925781,5330400,2813.360107421875
2018-08-02,93.58000183105467,95.86000061035156,93.41000366210938,95.12000274658205,72.45902252197266,6023200,2827.219970703125
2018-08-03,94.88999938964844,96.8499984741211,94.81999969482422,96.52999877929688,73.53311920166016,4876100,2840.35009765625
2018-08-06,96.26000213623048,97.5500030517578,95.73999786376952,97.05999755859376,73.93685150146484,5134200,2850.39990234375
2018-08-07,97.3000030517578,98.3499984741211,93.73999786376952,94.05999755859376,71.65155029296875,8890900,2858.449951171875
2018-08-08,93.5199966430664,94.08000183105467,92.87000274658205,93.7300033569336,71.40019989013672,4535100,2857.699951171875
2018-08-09,94.1999969482422,96.13999938964844,93.47000122070312,95.47000122070312,72.72564697265625,6176100,2853.580078125
2018-08-10,95.3499984741211,96.73999786376952,95.30999755859376,95.8000030517578,72.97702026367188,4446800,2833.280029296875
2018-08-13,96.0,97.58000183105467,95.80999755859376,96.77999877929688,73.72355651855469,5920000,2821.929931640625
2018-08-14,96.72000122070312,97.3499984741211,95.73999786376952,95.91999816894533,73.06843566894531,5580800,2839.9599609375
2018-08-15,95.91999816894533,97.79000091552734,95.61000061035156,97.4499969482422,74.23395538330078,6861500,2818.3701171875
2018-08-16,97.83999633789062,98.6500015258789,97.05999755859376,98.22000122070312,74.82050323486328,6332900,2840.68994140625
2018-08-17,98.22000122070312,99.1500015258789,96.41999816894533,98.80999755859376,75.26993560791016,6307300,2850.1298828125
2018-08-20,99.33000183105467,100.2300033569336,97.47000122070312,97.62999725341795,74.37105560302734,6172500,2857.050048828125
2018-08-21,97.86000061035156,98.0500030517578,96.8000030517578,97.73999786376952,74.45484161376953,3528400,2862.9599609375
2018-08-22,97.83999633789062,98.31999969482422,97.12999725341795,97.63999938964844,74.37866973876953,2963300,2861.820068359375
2018-08-23,97.69000244140624,97.8499984741211,96.88999938964844,97.1500015258789,74.00540161132812,2137500,2856.97998046875
2018-08-24,97.13999938964844,97.58999633789062,96.5500030517578,97.4000015258789,74.19585418701172,2996100,2874.68994140625
2018-08-27,98.11000061035156,98.3000030517578,97.3000030517578,98.0199966430664,74.66814422607422,2456000,2896.739990234375
2018-08-28,97.79000091552734,98.6999969482422,97.0999984741211,97.26000213623048,74.0892105102539,3515400,2897.52001953125
2018-08-29,97.43000030517578,97.83000183105467,96.02999877929688,97.58000183105467,74.3329849243164,3637100,2914.0400390625
2018-08-30,97.5,97.7300033569336,96.55999755859376,96.79000091552734,73.7311782836914,3434400,2901.1298828125
2018-08-31,96.25,96.69000244140624,95.72000122070312,95.9800033569336,73.1141357421875,4703100,2901.52001953125
2018-09-04,95.97000122070312,95.97000122070312,94.08000183105467,94.55999755859376,72.0324478149414,4456100,2896.719970703125
2018-09-05,94.33999633789062,95.25,94.08999633789062,95.19000244140624,72.5123519897461,5188800,2888.60009765625
2018-09-06,94.79000091552734,95.08000183105467,92.79000091552734,93.73999786376952,71.40777587890625,5416300,2878.050048828125
2018-09-07,93.6500015258789,94.3499984741211,91.5999984741211,94.16999816894533,71.7353515625,4051700,2871.679931640625
2018-09-10,94.9800033569336,95.16999816894533,93.6999969482422,93.81999969482422,71.46873474121094,3156800,2877.1298828125
2018-09-11,93.72000122070312,93.7300033569336,92.87999725341795,93.18000030517578,70.98121643066406,2638500,2887.889892578125
2018-09-12,92.38999938964844,93.94000244140624,92.04000091552734,93.23999786376952,71.02691650390625,3304700,2888.919921875
2018-09-13,93.41999816894533,96.37000274658205,93.41000366210938,96.33000183105467,73.3807601928711,4850700,2904.179931640625
2018-09-14,96.29000091552734,96.4000015258789,94.91999816894533,95.68000030517578,72.88561248779297,3446000,2904.97998046875
2018-09-17,95.4000015258789,96.16000366210938,94.8000030517578,95.37000274658205,72.64947509765625,3987200,2888.800048828125
2018-09-18,95.3499984741211,96.05999755859376,92.41000366210938,92.61000061035156,70.54698181152344,10240500,2904.31005859375
2018-09-19,91.70999908447266,92.23999786376952,90.4000015258789,91.0199966430664,69.33578491210938,8451400,2907.949951171875
2018-09-20,91.43000030517578,93.12000274658205,90.62000274658205,92.68000030517578,70.6003189086914,5991200,2930.75
2018-09-21,92.8499984741211,93.33000183105467,92.0500030517578,92.26000213623048,70.28038024902344,9953500,2929.669921875
2018-09-24,92.3000030517578,93.9800033569336,91.9499969482422,93.41999816894533,71.16402435302734,5910300,2919.3701171875
2018-09-25,93.4800033569336,94.63999938964844,93.4000015258789,93.77999877929688,71.43827056884766,5303900,2915.56005859375
2018-09-26,94.29000091552734,95.11000061035156,93.8499984741211,94.18000030517578,71.74298095703125,4656200,2905.969970703125
2018-09-27,94.3499984741211,94.88999938964844,93.95999908447266,94.13999938964844,71.71250915527344,3028600,2914.0
2018-09-28,94.0,95.16000366210938,93.83999633789062,94.58000183105467,72.04767608642578,4527900,2913.97998046875
2018-10-01,94.73999786376952,95.63999938964844,94.33000183105467,95.0,72.36761474609375,3763800,2924.590087890625
2018-10-02,95.33999633789062,95.3499984741211,93.47000122070312,94.2300033569336,71.78106689453125,6792200,2923.429931640625
2018-10-03,94.63999938964844,96.5999984741211,94.5999984741211,96.01000213623048,73.13699340820312,4796800,2925.510009765625
2018-10-04,95.80999755859376,95.80999755859376,93.26000213623048,93.83999633789062,71.4839859008789,4425400,2901.610107421875
2018-10-05,94.0999984741211,95.2699966430664,92.91000366210938,94.37999725341795,71.89533233642578,4190100,2885.570068359375
2018-10-08,94.06999969482422,95.37000274658205,93.75,94.80999755859376,72.22289276123047,3305500,2884.429931640625
2018-10-09,94.70999908447266,95.26000213623048,93.8000030517578,94.56999969482422,72.0400619506836,3625600,2880.340087890625
2018-10-10,93.8499984741211,95.38999938964844,92.98999786376952,93.08000183105467,70.90504455566406,5310800,2785.679931640625
2018-10-11,93.0,93.37999725341795,89.61000061035156,90.6999969482422,69.092041015625,9994400,2728.3701171875
2018-10-12,90.70999908447266,91.08000183105467,88.9000015258789,90.69000244140624,69.8234634399414,5709600,2767.1298828125
2018-10-15,90.51000213623048,90.5999984741211,89.18000030517578,89.18000030517578,68.6608657836914,4827900,2750.7900390625
2018-10-16,89.77999877929688,91.9800033569336,89.52999877929688,91.91000366210938,70.76274108886719,3787100,2809.919921875
2018-10-17,91.81999969482422,92.41000366210938,90.83000183105467,92.2699966430664,71.03990936279297,2857400,2809.2099609375
2018-10-18,91.8499984741211,92.4000015258789,89.22000122070312,89.9000015258789,69.21520233154297,4422300,2768.780029296875
2018-10-19,89.26000213623047,89.98999786376953,87.97000122070312,87.97000122070312,67.72928619384766,7059400,2767.780029296875
2018-10-22,88.52999877929688,88.52999877929688,83.5,84.2699966430664,64.88060760498047,7621100,2755.8798828125
2018-10-23,82.58000183105469,84.58999633789062,81.5,82.95999908447266,63.87201690673828,8096200,2740.68994140625
2018-10-24,82.83999633789062,83.12999725341797,79.26000213623047,79.41000366210938,61.13882064819336,8689100,2656.10009765625
2018-10-25,80.4000015258789,83.19000244140625,79.66000366210938,81.7300033569336,62.925025939941406,9173500,2705.570068359375
2018-10-26,81.0199966430664,81.52999877929688,79.43000030517578,80.79000091552734,62.201290130615234,6181500,2658.68994140625
2018-10-29,82.1500015258789,83.16999816894531,79.94000244140625,81.36000061035156,62.64015579223633,4343900,2641.25
2018-10-30,81.93000030517578,82.87999725341797,80.12999725341797,81.58999633789062,62.817230224609375,5243100,2682.6298828125
2018-10-31,80.9800033569336,81.58000183105469,77.73999786376953,77.8499984741211,59.937774658203125,14068500,2711.739990234375
2018-11-01,77.70999908447266,80.6500015258789,77.5,80.20999908447266,61.75475692749024,10671700,2740.3701171875
2018-11-02,84.18000030517578,84.41999816894531,78.76000213623047,79.55999755859375,61.25431823730469,12781500,2723.06005859375
2018-11-05,79.44999694824219,83.83000183105469,79.2699966430664,82.58000183105469,63.57945251464844,10315600,2738.31005859375
2018-11-06,82.7300033569336,84.2300033569336,82.30999755859375,83.66000366210938,64.41095733642578,7945500,2755.449951171875
2018-11-07,84.1500015258789,87.22000122070312,84.13999938964844,86.95999908447266,66.95166778564453,10378000,2813.889892578125
2018-11-08,87.12999725341797,89.70999908447266,87.0,87.7300033569336,67.54450225830078,9333200,2806.830078125
2018-11-09,87.83000183105469,89.52999877929688,87.55999755859375,88.79000091552734,68.36061096191406,9169800,2781.010009765625
2018-11-12,88.75,89.88999938964844,88.5,89.69000244140625,69.05352020263672,9344700,2726.219970703125
2018-11-13,90.0,90.87999725341795,88.19999694824219,88.22000122070312,67.92176055908203,7237200,2722.179931640625
2018-11-14,89.05000305175781,89.4000015258789,86.44999694824219,88.30999755859375,67.9910659790039,7268200,2701.580078125
2018-11-15,87.62999725341797,90.29000091552734,85.95999908447266,90.13999938964844,69.39999389648438,10365700,2730.199951171875
2018-11-16,89.7300033569336,92.0,89.19999694824219,91.52999877929688,70.47018432617188,8691100,2736.27001953125
2018-11-19,91.29000091552734,92.33999633789062,89.11000061035156,89.4800033569336,68.89186096191406,5971700,2690.72998046875
2018-11-20,89.0,89.70999908447266,87.86000061035156,88.08999633789062,67.82168579101562,5372900,2641.889892578125
2018-11-21,88.5,88.77999877929688,85.37000274658203,86.1500015258789,66.32804107666016,6532500,2649.929931640625
2018-11-23,85.5999984741211,86.55000305175781,84.9000015258789,85.62999725341797,65.92769622802734,1612800,2632.56005859375
2018-11-26,86.38999938964844,87.25,85.20999908447266,86.23999786376953,66.39733123779297,5227900,2673.449951171875
2018-11-27,86.22000122070312,87.69999694824219,85.5,87.68000030517578,67.50602722167969,4338300,2682.169921875
2018-11-28,88.04000091552734,88.95999908447266,86.55999755859375,88.94000244140625,68.47611236572266,3953600,2743.7900390625
2018-11-29,89.01000213623047,90.33000183105467,88.36000061035156,89.91000366210938,69.2229232788086,3838000,2737.800048828125
2018-11-30,90.26000213623048,94.2699966430664,89.87000274658203,94.2699966430664,72.57974243164062,12031700,2760.169921875
2018-12-03,94.31999969482422,94.72000122070312,92.81999969482422,93.66000366210938,72.11009216308594,6673900,2790.3701171875
2018-12-04,93.91999816894533,94.9800033569336,90.4000015258789,90.5500030517578,69.71566772460938,7008400,2700.06005859375
2018-12-06,89.69999694824219,90.4800033569336,87.16999816894531,90.33000183105467,69.54629516601562,8734300,2695.949951171875
2018-12-07,89.93000030517578,90.0,86.37000274658203,86.95999908447266,66.95166778564453,6737700,2633.080078125
2018-12-10,86.66999816894531,87.87999725341797,84.5999984741211,87.61000061035156,67.45213317871094,5229400,2637.719970703125
2018-12-11,88.62000274658203,89.44000244140625,86.66000366210938,88.16999816894531,67.88327026367188,5098100,2636.780029296875
2018-12-12,89.31999969482422,90.16999816894533,88.36000061035156,88.5999984741211,68.21431732177734,4185100,2651.070068359375
2018-12-13,89.37000274658203,89.98999786376953,87.37000274658203,87.70999908447266,67.52909851074219,4078600,2650.5400390625
2018-12-14,86.80000305175781,87.16000366210938,85.08000183105469,85.61000061035156,65.91228485107422,5461600,2599.949951171875
2018-12-17,85.06999969482422,86.87999725341797,84.19999694824219,84.93000030517578,65.38875579833984,5958200,2545.93994140625
2018-12-18,85.45999908447266,85.5,82.80000305175781,83.58000183105469,64.34937286376953,5288600,2546.159912109375
2018-12-19,84.33000183105469,86.30000305175781,82.6500015258789,83.5199966430664,64.30315399169922,5510800,2506.9599609375
2018-12-20,82.98999786376953,86.4800033569336,82.41000366210938,85.37000274658203,65.7275161743164,9453300,2467.419921875
2018-12-21,84.62999725341797,88.70999908447266,83.22000122070312,84.91999816894531,65.38104248046875,16044700,2416.6201171875
2018-12-24,84.8499984741211,86.44000244140625,83.5999984741211,84.16000366210938,64.79593658447266,5097900,2351.10009765625
2018-12-26,84.73999786376953,89.08999633789062,84.62000274658203,89.04000091552734,68.5531005859375,6225000,2467.699951171875
2018-12-27,87.94999694824219,89.93000030517578,86.86000061035156,89.91000366210938,69.2229232788086,7272800,2488.830078125
2018-12-28,90.08999633789062,92.81999969482422,90.0,91.12000274658205,70.1545181274414,6037700,2485.739990234375
2018-12-31,91.5999984741211,92.98999786376952,91.2300033569336,92.19000244140624,70.97830963134766,5722100,2506.85009765625
2019-01-02,91.23999786376952,91.26000213623048,88.41999816894531,89.2300033569336,68.69937133789062,6908400,2510.030029296875
2019-01-03,88.63999938964844,88.80000305175781,86.08000183105469,86.29000091552734,66.43583679199219,7653200,2447.889892578125
2019-01-04,87.75,89.13999938964844,86.2699966430664,89.06999969482422,68.57618713378906,8910600,2531.93994140625
2019-01-07,90.06999969482422,90.76000213623048,89.19999694824219,90.37000274658205,69.57707977294922,7281500,2549.68994140625
2019-01-08,91.1999969482422,92.3000030517578,90.4000015258789,90.79000091552734,69.90043640136719,7478300,2574.409912109375
2019-01-09,90.87999725341795,91.38999938964844,87.45999908447266,87.80999755859375,67.6061019897461,9971900,2584.9599609375
2019-01-10,87.87999725341797,88.87999725341797,87.12000274658203,88.19999694824219,67.9063491821289,6527700,2596.639892578125
2019-01-11,87.54000091552734,88.30999755859375,87.54000091552734,88.30999755859375,67.9910659790039,5318100,2596.260009765625
2019-01-14,86.97000122070312,86.97000122070312,84.48999786376953,84.76000213623047,66.0582504272461,6368500,2582.610107421875
2019-01-15,84.93000030517578,85.68000030517578,84.44999694824219,85.5,66.63497924804688,7295500,2610.300048828125
2019-01-16,85.66000366210938,86.38999938964844,85.44999694824219,85.55000305175781,66.6739501953125,4927000,2616.10009765625
2019-01-17,85.54000091552734,87.69000244140625,85.41999816894531,87.19999694824219,67.95988464355469,6438700,2635.9599609375
2019-01-18,88.44999694824219,89.79000091552734,86.91999816894531,89.5,69.75241088867188,6190000,2670.7099609375
2019-01-22,88.86000061035156,89.36000061035156,87.9000015258789,88.66000366210938,69.09774780273438,5664600,2632.89990234375
2019-01-23,88.83999633789062,89.27999877929688,87.69999694824219,88.44999694824219,68.9340591430664,4969300,2638.699951171875
2019-01-24,88.33000183105469,88.44000244140625,85.0999984741211,85.87999725341797,66.93113708496094,8372600,2642.330078125
2019-01-25,82.51000213623047,82.61000061035156,79.43000030517578,80.54000091552734,62.769378662109375,21308600,2664.760009765625
2019-01-28,80.0,80.0999984741211,76.68000030517578,77.13999938964844,60.11956405639648,14718800,2643.85009765625
2019-01-29,77.02999877929688,78.16000366210938,75.7699966430664,77.47000122070312,60.376747131347656,13909000,2640.0
2019-01-30,77.69000244140625,79.19000244140625,76.9800033569336,79.05999755859375,61.61592483520508,9277200,2681.050048828125
2019-01-31,78.94999694824219,81.30999755859375,78.70999908447266,80.29000091552734,62.57452774047852,11563900,2704.10009765625
2019-02-01,80.25,80.7300033569336,79.11000061035156,80.5,62.738189697265625,6759500,2706.530029296875
2019-02-04,80.30000305175781,80.36000061035156,77.5199966430664,78.52999877929688,61.2028694152832,10205600,2724.8701171875
2019-02-05,78.55999755859375,80.05999755859375,78.22000122070312,79.69000244140625,62.10690689086914,7965500,2737.699951171875
2019-02-06,79.5999984741211,79.88999938964844,78.79000091552734,79.08000183105469,61.63151168823242,4907200,2731.610107421875
2019-02-07,78.3499984741211,79.22000122070312,77.80999755859375,79.16999816894531,61.701656341552734,5877500,2706.050048828125
2019-02-08,79.02999877929688,79.86000061035156,78.88999938964844,79.66999816894531,62.0913200378418,4598900,2707.8798828125
2019-02-11,79.88999938964844,80.18000030517578,79.16999816894531,79.7699966430664,62.16925048828125,4803500,2709.800048828125
2019-02-12,79.98999786376953,80.12000274658203,78.56999969482422,79.93000030517578,62.29396438598633,6620100,2744.72998046875
2019-02-13,80.33999633789062,81.31999969482422,80.29000091552734,80.79000091552734,62.96419143676758,4237200,2753.030029296875
2019-02-14,80.44999694824219,80.68000030517578,79.72000122070312,80.5199966430664,62.75377655029297,3436300,2745.72998046875
2019-02-15,81.12999725341797,81.69999694824219,80.16000366210938,80.8499984741211,63.010963439941406,6295400,2775.60009765625
2019-02-19,80.5,81.5199966430664,80.2300033569336,80.5199966430664,62.75377655029297,5674700,2779.760009765625
2019-02-20,80.52999877929688,80.5999984741211,79.13999938964844,79.98999786376953,62.34071731567383,5564100,2784.699951171875
2019-02-21,79.73999786376953,79.91000366210938,78.0999984741211,78.75,61.374324798583984,6360800,2774.8798828125
2019-02-22,79.16000366210938,80.19000244140625,78.23999786376953,80.0199966430664,62.36411666870117,5022700,2792.669921875
2019-02-25,80.45999908447266,80.62000274658203,79.87999725341797,80.29000091552734,62.57452774047852,5511800,2796.110107421875
2019-02-26,80.19999694824219,80.86000061035156,80.0199966430664,80.51000213623047,62.74599075317383,4283100,2793.89990234375
2019-02-27,80.13999938964844,80.13999938964844,78.80000305175781,79.41000366210938,61.88869094848633,4175500,2792.3798828125
2019-02-28,79.45999908447266,79.70999908447266,78.75,79.23999786376953,61.75619888305664,6310800,2784.489990234375
2019-03-01,79.7699966430664,80.8499984741211,79.27999877929688,80.0999984741211,62.42644500732422,8567900,2803.68994140625
2019-03-04,80.4000015258789,80.7300033569336,79.11000061035156,79.45999908447266,61.92765045166016,5872500,2792.81005859375
2019-03-05,79.37999725341797,79.9000015258789,78.72000122070312,78.91000366210938,61.49903106689453,5933100,2789.64990234375
2019-03-06,79.12999725341797,79.12999725341797,77.55999755859375,78.08999633789062,60.85994720458984,5293200,2771.449951171875
2019-03-07,77.7699966430664,79.12000274658203,77.44000244140625,78.23999786376953,60.97683334350586,6642500,2748.929931640625
2019-03-08,77.66999816894531,78.04000091552734,77.08999633789062,77.58000183105469,60.46248245239258,6189100,2743.070068359375
2019-03-11,77.56999969482422,78.30999755859375,77.2699966430664,78.08000183105469,60.852149963378906,8078100,2783.300048828125
2019-03-12,78.4800033569336,79.13999938964844,78.05000305175781,78.73999786376953,61.36651992797852,6128800,2791.52001953125
2019-03-13,78.91999816894531,79.30000305175781,78.1500015258789,78.93000030517578,61.51460266113281,5984500,2810.919921875
2019-03-14,79.0,80.4000015258789,78.41000366210938,79.94999694824219,62.309547424316406,6161800,2808.47998046875
2019-03-15,80.05999755859375,81.45999908447266,79.11000061035156,81.33999633789062,63.39284133911133,12751100,2822.47998046875
2019-03-18,81.33999633789062,81.75,80.27999877929688,80.6500015258789,62.855106353759766,5550100,2832.93994140625
2019-03-19,80.33000183105469,81.29000091552734,79.51000213623047,80.81999969482422,62.98759078979492,6335500,2832.570068359375
2019-03-20,80.72000122070312,80.91000366210938,80.05999755859375,80.43000030517578,62.68363952636719,5360900,2824.22998046875
2019-03-21,79.87999725341797,81.30999755859375,79.26000213623047,81.23999786376953,63.31491470336914,5159200,2854.8798828125
2019-03-22,80.77999877929688,81.98999786376953,79.69000244140625,79.76000213623047,62.16148376464844,4992500,2800.7099609375
2019-03-25,79.5,80.04000091552734,78.41000366210938,79.51000213623047,61.96661758422852,4008400,2798.360107421875
2019-03-26,79.8499984741211,81.19000244140625,79.80000305175781,80.76000213623047,62.94083404541016,4921900,2818.4599609375
2019-03-27,81.0,81.0,79.80000305175781,79.88999938964844,62.26278305053711,4006200,2805.3701171875
2019-03-28,80.33000183105469,80.48999786376953,79.5,79.95999908447266,62.317344665527344,3071000,2815.43994140625
2019-03-29,80.08000183105469,80.9000015258789,79.95999908447266,80.58999633789062,62.808349609375,7105900,2834.39990234375
2019-04-01,80.9800033569336,81.11000061035156,79.97000122070312,80.77999877929688,62.95640563964844,4759400,2867.18994140625
2019-04-02,80.88999938964844,83.48999786376953,80.80000305175781,83.06999969482422,64.74113464355469,6355800,2867.239990234375
2019-04-03,83.62000274658203,84.7300033569336,82.79000091552734,83.08000183105469,64.74896240234375,6083500,2873.39990234375
2019-04-04,83.04000091552734,83.37999725341797,82.06999969482422,82.80999755859375,64.53849029541016,4827900,2879.389892578125
2019-04-05,82.81999969482422,84.18000030517578,82.66999816894531,83.44999694824219,65.03728485107422,3996300,2892.739990234375
2019-04-08,83.69999694824219,84.0,82.77999877929688,83.9800033569336,65.45034790039062,3499200,2895.77001953125
2019-04-09,83.7699966430664,83.77999877929688,82.5,82.69000244140625,64.44499206542969,3712700,2878.199951171875
2019-04-10,83.19999694824219,83.37999725341797,82.5999984741211,82.94999694824219,64.6476058959961,3641900,2888.2099609375
2019-04-11,83.19999694824219,83.25,81.2300033569336,81.7699966430664,63.727989196777344,9094200,2888.320068359375
2019-04-12,80.66999816894531,81.80999755859375,79.83999633789062,80.77999877929688,63.79114532470703,5011500,2907.409912109375
2019-04-15,80.95999908447266,81.51000213623047,80.37000274658203,81.02999877929688,63.98857498168945,3495500,2905.580078125
2019-04-16,81.11000061035156,81.30000305175781,80.0199966430664,80.20999908447266,63.34103393554688,3624700,2907.06005859375
2019-04-17,80.0999984741211,80.19999694824219,77.55000305175781,77.9800033569336,61.58001327514648,6817100,2900.449951171875
2019-04-18,78.05999755859375,78.20999908447266,76.80999755859375,77.56999969482422,61.25624465942383,7784900,2905.030029296875
2019-04-22,77.5999984741211,79.0999984741211,77.5,78.1500015258789,61.71427154541016,5358600,2907.969970703125
2019-04-23,78.1500015258789,79.66000366210938,77.75,78.66000366210938,62.11700820922852,9920600,2933.679931640625
2019-04-24,79.2300033569336,79.58999633789062,78.44000244140625,78.66999816894531,62.12491226196289,7056400,2927.25
2019-04-25,80.05000305175781,80.47000122070312,76.91000366210938,79.33999633789062,62.653995513916016,10442900,2926.169921875
2019-04-26,79.66999816894531,80.6500015258789,79.4000015258789,79.69999694824219,62.93827819824219,5790000,2939.8798828125
2019-04-29,80.45999908447266,80.9800033569336,79.91000366210938,80.30000305175781,63.412105560302734,6444500,2943.030029296875
2019-04-30,80.68000030517578,80.69000244140625,78.68000030517578,79.38999938964844,62.6934814453125,9367400,2945.830078125
2019-05-01,79.5999984741211,79.68000030517578,78.61000061035156,78.88999938964844,62.29864501953125,5231700,2923.72998046875
2019-05-02,78.7300033569336,78.77999877929688,77.5999984741211,78.47000122070312,61.96697998046875,5206300,2917.52001953125
2019-05-03,78.72000122070312,78.80000305175781,78.25,78.70999908447266,62.15648651123047,4527300,2945.639892578125
2019-05-06,77.75,79.5199966430664,77.33999633789062,79.26000213623047,62.59083557128906,5413200,2932.469970703125
2019-05-07,78.5999984741211,78.98999786376953,77.16999816894531,77.94999694824219,61.55633544921875,4275300,2884.050048828125
2019-05-08,77.94999694824219,78.88999938964844,77.31999969482422,77.98999786376953,61.58791732788086,3820700,2879.419921875
2019-05-09,77.51000213623047,78.12999725341797,76.7300033569336,77.91000366210938,61.52474212646485,3792200,2870.719970703125
2019-05-10,77.44999694824219,77.7300033569336,75.62000274658203,77.44999694824219,61.1614875793457,4731800,2881.39990234375
2019-05-13,76.30000305175781,77.30000305175781,76.16999816894531,76.87000274658203,60.70347213745117,3858400,2811.8701171875
2019-05-14,77.16000366210938,79.36000061035156,77.0,78.44000244140625,61.94327545166016,6365200,2834.409912109375
2019-05-15,78.51000213623047,79.1500015258789,77.4800033569336,78.77999877929688,62.21178436279297,4795700,2850.9599609375
2019-05-16,78.9800033569336,80.75,78.70999908447266,79.5,62.78035736083984,5404700,2876.320068359375
2019-05-17,78.52999877929688,80.08000183105469,78.0199966430664,79.45999908447266,62.748756408691406,4756400,2859.530029296875
2019-05-20,79.0199966430664,80.38999938964844,78.91000366210938,79.81999969482422,63.03304672241211,4395500,2840.22998046875
2019-05-21,80.33000183105469,81.5,80.31999969482422,80.87999725341797,63.87010955810547,4841900,2864.360107421875
2019-05-22,80.51000213623047,81.75,79.87999725341797,81.58999633789062,64.43080139160156,4219500,2856.27001953125
2019-05-23,80.38999938964844,81.62999725341797,80.31999969482422,81.1500015258789,64.08334350585938,3299100,2822.239990234375
2019-05-24,81.08999633789062,81.0999984741211,79.87000274658203,80.05999755859375,63.22257995605469,3872700,2826.06005859375
2019-05-28,80.0,80.0999984741211,77.91999816894531,78.02999877929688,61.619510650634766,6557800,2802.389892578125
2019-05-29,77.56999969482422,78.27999877929688,77.0999984741211,78.05999755859375,61.64319610595703,4182200,2783.02001953125
2019-05-30,78.5199966430664,78.58999633789062,77.12999725341797,77.61000061035156,61.287845611572266,3533100,2788.860107421875
2019-05-31,77.30999755859375,77.56999969482422,76.4000015258789,76.70999908447266,60.57711791992188,4003200,2752.06005859375
2019-06-03,76.62999725341797,76.83999633789062,73.80999755859375,75.69999694824219,59.779544830322266,8434400,2744.449951171875
2019-06-04,76.13999938964844,77.44000244140625,75.9000015258789,76.75,60.60869598388672,6447100,2803.27001953125
2019-06-05,77.41000366210938,78.16999816894531,76.66000366210938,77.05999755859375,60.853515625,3804400,2826.14990234375
2019-06-06,77.16000366210938,77.72000122070312,76.86000061035156,77.06999969482422,60.86140441894531,4032800,2843.489990234375
2019-06-07,77.48999786376953,78.37999725341797,77.08000183105469,77.43000030517578,61.14568710327149,4829100,2873.340087890625
2019-06-10,77.45999908447266,77.75,76.5999984741211,76.94999694824219,60.76665115356445,3969400,2886.72998046875
2019-06-11,77.48999786376953,78.9000015258789,77.48999786376953,78.16999816894531,61.73006057739258,4210200,2885.719970703125
2019-06-12,78.25,79.25,78.18000030517578,78.56999969482422,62.04594039916992,4165700,2879.840087890625
2019-06-13,78.93000030517578,79.19999694824219,78.30000305175781,78.94999694824219,62.34600830078125,2924900,2891.639892578125
2019-06-14,78.94999694824219,79.33999633789062,78.20999908447266,78.69000244140625,62.14069747924805,4075900,2886.97998046875
2019-06-17,78.4000015258789,79.05000305175781,78.4000015258789,78.6500015258789,62.10909652709961,3083200,2889.669921875
2019-06-18,78.87999725341797,79.19999694824219,77.01000213623047,78.25,61.793235778808594,5433500,2917.75
2019-06-19,78.4000015258789,78.4800033569336,77.29000091552734,77.61000061035156,61.287845611572266,6147300,2926.4599609375
2019-06-20,78.23999786376953,79.16999816894531,78.08000183105469,78.33999633789062,61.86430740356445,5347000,2954.179931640625
2019-06-21,78.1500015258789,79.08000183105469,76.43000030517578,78.77999877929688,62.21178436279297,10516900,2950.4599609375
2019-06-24,78.41000366210938,79.30999755859375,77.8499984741211,78.44999694824219,61.951168060302734,5182700,2945.35009765625
2019-06-25,70.47000122070312,70.66999816894531,65.05999755859375,65.69999694824219,51.88261795043945,90131800,2917.3798828125
2019-06-26,67.23999786376953,68.41000366210938,66.80000305175781,68.0,53.698917388916016,42093800,2913.780029296875
2019-06-27,68.16000366210938,70.5999984741211,68.0999984741211,70.0,55.27830505371094,22129200,2924.919921875
2019-06-28,70.58000183105469,72.73999786376953,70.33000183105469,72.72000122070312,57.42625427246094,21381500,2941.760009765625
2019-07-01,73.5,73.8499984741211,72.27999877929688,73.4000015258789,57.96324157714844,18010900,2964.330078125
2019-07-02,73.19999694824219,74.25,72.31999969482422,74.2300033569336,58.61868667602539,12862200,2973.010009765625
2019-07-03,74.3499984741211,74.97000122070312,73.77999877929688,74.95999908447266,59.19515609741211,7434100,2995.820068359375
2019-07-05,74.6500015258789,74.79000091552734,72.61000061035156,72.98999786376953,57.63946533203125,10854900,2990.409912109375
2019-07-08,72.5199966430664,73.0,70.87999725341797,71.22000122070312,56.24171447753906,13487400,2975.949951171875
2019-07-09,71.18000030517578,72.44999694824219,70.88999938964844,71.23999786376953,56.25752258300781,11832500,2979.6298828125
2019-07-10,71.58000183105469,71.73999786376953,70.95999908447266,71.6500015258789,56.581275939941406,9170400,2993.070068359375
2019-07-11,72.30000305175781,72.4000015258789,69.8499984741211,71.23999786376953,56.25752258300781,13001000,2999.909912109375
2019-07-12,70.30000305175781,70.30000305175781,68.54000091552734,70.27999877929688,56.345703125,12903000,3013.77001953125
2019-07-15,70.30999755859375,71.0199966430664,69.69999694824219,70.2699966430664,56.33768081665039,10253300,3014.300048828125
2019-07-16,70.1500015258789,70.30000305175781,69.12999725341797,69.16000366210938,55.44776153564453,10141600,3004.0400390625
2019-07-17,69.33000183105469,69.86000061035156,68.30999755859375,68.31999969482422,54.7743034362793,12205000,2984.419921875
2019-07-18,68.56999969482422,68.94999694824219,68.0,68.25,54.71818923950195,8573300,2995.110107421875
2019-07-19,68.13999938964844,68.81999969482422,68.0999984741211,68.54000091552734,54.9506950378418,9806900,2976.610107421875
2019-07-22,68.5,68.75,67.83999633789062,68.0,54.51774978637695,9961800,2985.030029296875
2019-07-23,68.0,68.44000244140625,67.5999984741211,67.7300033569336,54.30128860473633,8025300,3005.469970703125
2019-07-24,67.7699966430664,67.88999938964844,66.76000213623047,67.45999908447266,54.08481597900391,12595300,3019.56005859375
2019-07-25,67.45999908447266,67.87000274658203,66.5,66.66000366210938,53.44342803955078,12403500,3003.669921875
2019-07-26,67.63999938964844,69.13999938964844,67.37000274658203,67.76000213623047,54.32533264160156,12259300,3025.860107421875
2019-07-29,67.87000274658203,68.41000366210938,66.87999725341797,67.18000030517578,53.8603401184082,10117300,3020.969970703125
2019-07-30,66.91999816894531,67.52999877929688,66.26000213623047,67.18000030517578,53.8603401184082,8143700,3013.179931640625
2019-07-31,66.91000366210938,67.37999725341797,65.62999725341797,66.62000274658203,53.41136169433594,11300000,2980.3798828125
2019-08-01,66.93000030517578,67.19999694824219,65.11000061035156,65.80000305175781,52.753944396972656,13106700,2953.56005859375
2019-08-02,65.5,65.79000091552734,65.02999877929688,65.3499984741211,52.393165588378906,9653900,2932.050048828125
2019-08-05,64.9800033569336,66.12000274658203,64.54000091552734,65.2300033569336,52.29695892333984,11618800,2844.739990234375
2019-08-06,65.2699966430664,65.83999633789062,64.29000091552734,64.7699966430664,51.92816162109375,10248700,2881.77001953125
2019-08-07,64.37999725341797,64.9000015258789,63.310001373291016,64.45999908447266,51.67962646484375,10532100,2883.97998046875
2019-08-08,64.79000091552734,65.44999694824219,64.33000183105469,65.44999694824219,52.47333526611328,7427400,2938.090087890625
2019-08-09,65.37000274658203,66.87000274658203,64.29000091552734,65.58000183105469,52.57756042480469,10893500,2918.64990234375
2019-08-12,65.23999786376953,65.4800033569336,64.08000183105469,64.52999877929688,51.73574447631836,5258900,2882.699951171875
2019-08-13,64.86000061035156,65.93000030517578,64.63999938964844,65.01000213623047,52.12057495117188,7082500,2926.320068359375
2019-08-14,64.5,64.98999786376953,63.5,63.5,50.90996170043945,9373300,2840.60009765625
2019-08-15,64.12000274658203,64.23999786376953,62.65999984741211,62.97999954223633,50.49306869506836,9195700,2847.60009765625
2019-08-16,63.5099983215332,64.80999755859375,63.06999969482422,64.43000030517578,51.65557098388672,8348100,2888.679931640625
2019-08-19,65.04000091552734,66.87999725341797,64.97000122070312,66.55999755859375,53.363258361816406,9826300,2923.64990234375
2019-08-20,67.37999725341797,68.45999908447266,66.33000183105469,66.41000366210938,53.24300765991211,12037900,2900.510009765625
2019-08-21,67.33999633789062,67.91999816894531,66.5999984741211,67.54000091552734,54.14896011352539,7615700,2924.429931640625
2019-08-22,67.87000274658203,68.02999877929688,66.80999755859375,67.5199966430664,54.13291549682617,6495700,2922.949951171875
2019-08-23,67.27999877929688,67.79000091552734,65.4800033569336,65.97000122070312,52.89024353027344,8904700,2847.110107421875
2019-08-26,66.43000030517578,66.93000030517578,66.08000183105469,66.45999908447266,53.283084869384766,4841100,2878.3798828125
2019-08-27,66.66999816894531,66.9800033569336,65.48999786376953,65.66999816894531,52.64972686767578,7591200,2869.159912109375
2019-08-28,65.56999969482422,66.37999725341797,65.4000015258789,66.06999969482422,52.97041702270508,6872800,2887.93994140625
2019-08-29,66.7300033569336,67.02999877929688,65.95999908447266,66.22000122070312,53.09067153930664,6011900,2924.580078125
2019-08-30,66.4000015258789,66.43000030517578,65.48999786376953,65.73999786376953,52.70584487915039,6415100,2926.4599609375
2019-09-03,65.77999877929688,65.80000305175781,64.93000030517578,65.4000015258789,52.433250427246094,7915700,2906.27001953125
2019-09-04,65.66999816894531,66.41999816894531,64.44000244140625,66.37999725341797,53.21894454956055,9618300,2937.780029296875
2019-09-05,66.63999938964844,67.30000305175781,66.43000030517578,67.02999877929688,53.740081787109375,5602400,2976.0
2019-09-06,67.26000213623047,68.12000274658203,67.0,67.62000274658203,54.21310424804688,7502500,2978.7099609375
2019-09-09,67.95999908447266,68.0,66.30999755859375,66.69999694824219,53.47549819946289,10310900,2978.429931640625
2019-09-10,66.06999969482422,68.18000030517578,65.6500015258789,68.18000030517578,54.66206741333008,12155700,2979.389892578125
2019-09-11,68.37999725341797,69.73999786376953,68.05999755859375,69.48999786376953,55.712345123291016,8369100,3000.929931640625
2019-09-12,70.76000213623047,71.16999816894531,70.19000244140625,70.83000183105469,56.78666305541992,9560100,3009.570068359375
2019-09-13,71.1500015258789,71.51000213623047,70.4800033569336,70.51000213623047,56.53009796142578,8135600,3007.389892578125
2019-09-16,70.37000274658203,70.95999908447266,69.72000122070312,70.58000183105469,56.58622741699219,5992000,2997.9599609375
2019-09-17,70.51000213623047,72.08999633789062,70.36000061035156,71.5999984741211,57.40398788452149,9013500,3005.699951171875
2019-09-18,71.68000030517578,71.81999969482422,70.80999755859375,71.2699966430664,57.13941955566406,6252600,3006.72998046875
2019-09-19,71.4000015258789,71.91000366210938,71.20999908447266,71.66999816894531,57.46011352539063,5541200,3006.7900390625
2019-09-20,72.0,73.0,72.0,72.38999938964844,58.03734588623047,12968700,2992.070068359375
2019-09-23,72.33000183105469,73.77999877929688,72.05000305175781,72.93000030517578,58.47028732299805,8092300,2991.780029296875
2019-09-24,73.83000183105469,73.83000183105469,72.16999816894531,72.94999694824219,58.48633193969727,8223800,2966.60009765625
2019-09-25,72.87999725341797,73.23999786376953,72.0199966430664,72.08999633789062,57.79682922363281,5922700,2984.8701171875
2019-09-26,72.94999694824219,74.45999908447266,72.62000274658203,74.02999877929688,59.352195739746094,10324100,2977.6201171875
2019-09-27,74.20999908447266,75.13999938964844,73.91999816894531,74.8499984741211,60.00962066650391,7677300,2961.7900390625
2019-09-30,74.94999694824219,76.44000244140625,74.94999694824219,75.72000122070312,60.70712661743164,8315100,2976.739990234375
2019-10-01,75.88999938964844,76.02999877929688,72.94000244140625,73.2300033569336,58.7108039855957,10910800,2940.25
2019-10-02,72.88999938964844,73.0,71.56999969482422,72.12999725341797,57.82889938354492,8380500,2887.610107421875
2019-10-03,72.05999755859375,73.94000244140625,72.04000091552734,73.8499984741211,59.20787811279297,6228500,2910.6298828125
2019-10-04,74.22000122070312,75.05999755859375,73.94999694824219,74.66000366210938,59.8572883605957,7007500,2952.010009765625
2019-10-07,74.72000122070312,75.2699966430664,74.08000183105469,74.33000183105469,59.59271240234375,5163500,2938.7900390625
2019-10-08,73.87999725341797,74.75,73.41999816894531,73.52999877929688,58.95132446289063,6121500,2893.06005859375
2019-10-09,74.06999969482422,74.62000274658203,73.25,73.30000305175781,58.766937255859375,5851000,2919.39990234375
2019-10-10,73.22000122070312,74.62999725341797,73.19999694824219,74.44999694824219,59.688941955566406,7329400,2938.1298828125
2019-10-11,73.97000122070312,74.33999633789062,73.56999969482422,73.62999725341797,59.89226913452149,7164900,2970.27001953125
2019-10-14,73.6500015258789,74.16999816894531,73.38999938964844,73.76000213623047,59.9980354309082,5040900,2966.14990234375
2019-10-15,74.19999694824219,74.9800033569336,73.80000305175781,74.5,60.59995651245117,6028300,2995.679931640625
2019-10-16,74.37999725341797,74.9800033569336,74.33999633789062,74.75,60.803314208984375,8288300,2989.68994140625
2019-10-17,74.98999786376953,76.18000030517578,74.6500015258789,75.13999938964844,61.12055206298828,6811300,2997.949951171875
2019-10-18,75.23999786376953,77.16999816894531,75.20999908447266,76.45999908447266,62.19426345825195,9480200,2986.199951171875
2019-10-21,76.87999725341797,77.8499984741211,75.8499984741211,77.30000305175781,62.87752914428711,7839100,3006.719970703125
2019-10-22,78.05000305175781,78.66000366210938,77.75,77.87000274658203,63.3411865234375,6062000,2995.989990234375
2019-10-23,77.79000091552734,78.0199966430664,77.19000244140625,77.75,63.24357986450195,6136700,3004.52001953125
2019-10-24,77.83999633789062,77.88999938964844,76.25,76.80000305175781,62.4708251953125,5699300,3010.2900390625
2019-10-25,76.38999938964844,76.79000091552734,76.22000122070312,76.52999877929688,62.251197814941406,5497000,3022.550048828125
2019-10-28,76.66999816894531,78.37999725341797,76.48999786376953,78.33000183105469,63.71537780761719,7146400,3039.419921875
2019-10-29,78.11000061035156,78.73999786376953,77.58999633789062,78.47000122070312,63.82924270629883,6391500,3036.889892578125
2019-10-30,78.51000213623047,79.79000091552734,78.01000213623047,79.66000366210938,64.79721069335938,7222500,3046.77001953125
2019-10-31,79.70999908447266,79.73999786376953,78.73999786376953,79.55000305175781,64.70772552490234,10009400,3037.56005859375
2019-11-01,80.02999877929688,82.18000030517578,79.12999725341797,81.75,66.49726867675781,13356300,3066.909912109375
2019-11-04,82.94999694824219,83.31999969482422,82.13999938964844,82.98999786376953,67.50591278076172,9127900,3078.27001953125
2019-11-05,83.16999816894531,83.4000015258789,81.47000122070312,81.83999633789062,66.57047271728516,7475600,3074.6201171875
2019-11-06,81.7699966430664,82.25,80.3499984741211,82.08000183105469,66.76569366455078,9303600,3076.780029296875
2019-11-07,82.20999908447266,82.58999633789062,81.08000183105469,82.01000213623047,66.70875549316406,6561500,3085.179931640625
2019-11-08,82.0999984741211,85.45999908447266,82.08999633789062,85.20999908447266,69.31170654296875,11364100,3093.080078125
2019-11-11,84.94999694824219,85.68000030517578,83.9000015258789,85.66000366210938,69.677734375,8726300,3087.010009765625
2019-11-12,85.5999984741211,88.27999877929688,85.55000305175781,86.44000244140625,70.31222534179688,12165900,3091.840087890625
2019-11-13,85.73999786376953,87.2699966430664,85.33000183105469,86.66000366210938,70.49117279052734,5798800,3094.0400390625
2019-11-14,86.4800033569336,87.75,85.93000030517578,87.62999725341797,71.28018188476562,5425600,3096.6298828125
2019-11-15,88.0999984741211,89.19000244140625,87.26000213623047,88.62999725341797,72.09359741210938,8036700,3120.4599609375
2019-11-18,88.33999633789062,89.41000366210938,88.31999969482422,88.7300033569336,72.17497253417969,5772300,3122.030029296875
2019-11-19,89.26000213623047,90.41000366210938,88.91000366210938,89.0199966430664,72.41084289550781,7504800,3120.179931640625
2019-11-20,88.72000122070312,88.72000122070312,86.54000091552734,87.19999694824219,70.93041229248047,10933000,3108.4599609375
2019-11-21,86.79000091552734,86.87000274658203,85.55000305175781,86.5199966430664,70.37728118896484,9614100,3103.5400390625
2019-11-22,86.63999938964844,86.79000091552734,85.30999755859375,86.05000305175781,69.99498748779297,7784700,3110.2900390625
2019-11-25,86.8499984741211,87.87999725341797,86.05999755859375,87.76000213623047,71.38594055175781,9522100,3133.639892578125
2019-11-26,88.1500015258789,88.19000244140625,86.93000030517578,87.72000122070312,71.3533935546875,6431400,3140.52001953125
2019-11-27,87.86000061035156,88.80999755859375,87.61000061035156,88.33000183105469,71.84957122802734,4711800,3153.6298828125
2019-11-29,88.0,88.08999633789062,87.22000122070312,87.7300033569336,71.36152648925781,3042800,3140.97998046875
2019-12-02,87.83999633789062,88.02999877929688,87.0,87.02999877929688,70.79215240478516,6526400,3113.8701171875
2019-12-03,85.95999908447266,86.4800033569336,85.58999633789062,85.94999694824219,69.91363525390625,10054500,3093.199951171875
2019-12-04,86.18000030517578,87.55000305175781,86.12000274658203,87.19999694824219,70.93041229248047,6174600,3112.760009765625
2019-12-05,87.25,87.25,86.26000213623047,86.72000122070312,70.53998565673828,6072100,3117.429931640625
2019-12-06,87.20999908447266,87.70999908447266,86.77999877929688,86.9800033569336,70.75146484375,6044600,3145.909912109375
2019-12-09,87.22000122070312,87.72000122070312,86.37999725341797,86.44000244140625,70.31222534179688,5582700,3135.9599609375
2019-12-10,86.91999816894531,86.94999694824219,86.20999908447266,86.55999755859375,70.40983581542969,7816000,3132.52001953125
2019-12-11,86.69999694824219,87.26000213623047,86.2300033569336,86.69999694824219,70.52371978759766,7326400,3141.6298828125
2019-12-12,86.76000213623047,88.94000244140625,86.75,88.7300033569336,72.17497253417969,6260500,3168.570068359375
2019-12-13,88.77999877929688,89.08999633789062,87.33000183105469,87.83999633789062,71.45099639892578,5975200,3168.800048828125
2019-12-16,88.37999725341797,90.12000274658205,88.26000213623047,89.43000030517578,72.74433898925781,6723300,3191.449951171875
2019-12-17,90.0,90.16999816894533,89.06999969482422,90.08000183105467,73.27307891845703,8750000,3192.52001953125
2019-12-18,90.05000305175781,90.18000030517578,89.0199966430664,89.33000183105469,72.66300964355469,6490100,3191.139892578125
2019-12-19,89.68000030517578,89.68000030517578,88.55999755859375,88.7699966430664,72.2074966430664,5447000,3205.3701171875
2019-12-20,90.4000015258789,91.98999786376952,89.1500015258789,89.29000091552734,72.63047790527344,19134800,3221.219970703125
2019-12-23,89.52999877929688,90.47000122070312,89.33000183105469,90.25,73.41134643554688,5907200,3224.010009765625
2019-12-24,90.4000015258789,90.4000015258789,89.43000030517578,89.8499984741211,73.08598327636719,1798800,3223.3798828125
2019-12-26,90.1999969482422,90.72000122070312,89.44999694824219,89.83000183105469,73.06970977783203,4066700,3239.909912109375
2019-12-27,89.9800033569336,90.27999877929688,88.83000183105469,89.19999694824219,72.55726623535156,4087800,3240.02001953125
2019-12-30,89.22000122070312,89.7300033569336,88.16000366210938,88.5199966430664,72.00411987304688,7014800,3221.2900390625
2019-12-31,88.20999908447266,88.5999984741211,87.87999725341797,88.54000091552734,72.02040100097656,4702100,3230.780029296875
2020-01-02,89.08000183105469,89.56999969482422,88.51000213623047,89.55000305175781,72.84196472167969,5639200,3257.85009765625
2020-01-03,88.16999816894531,89.38999938964844,87.9000015258789,88.69999694824219,72.15054321289062,5988500,3234.85009765625
2020-01-06,88.22000122070312,89.62000274658203,87.9800033569336,89.4000015258789,72.71995544433594,6786600,3246.280029296875
2020-01-07,88.93000030517578,89.54000091552734,88.26000213623047,88.88999938964844,72.30510711669922,7242500,3237.179931640625
2020-01-08,89.1500015258789,90.05999755859375,88.87000274658203,89.5199966430664,72.81755828857422,7696800,3253.050048828125
2020-01-09,90.01000213623047,90.2300033569336,89.05000305175781,90.20999908447266,73.37881469726562,7518000,3274.699951171875
2020-01-10,90.2300033569336,90.29000091552734,88.83000183105469,89.05999755859375,72.44336700439453,8581400,3265.35009765625
2020-01-13,89.5,89.5,87.91999816894531,88.5199966430664,72.00411987304688,9292200,3288.1298828125
2020-01-14,87.0999984741211,88.44000244140625,86.7699966430664,88.19999694824219,72.7131118774414,8876900,3283.14990234375
2020-01-15,88.18000030517578,89.87999725341797,88.18000030517578,89.26000213623047,73.58699798583984,8490100,3289.2900390625
2020-01-16,89.30999755859375,89.80000305175781,88.91999816894531,89.26000213623047,73.58699798583984,7073200,3316.81005859375
2020-01-17,89.12999725341797,89.2699966430664,87.79000091552734,88.0,72.54825592041016,10122300,3329.6201171875
2020-01-21,87.68000030517578,88.52999877929688,87.56999969482422,87.98999786376953,72.5400161743164,13552000,3320.7900390625
2020-01-22,88.02999877929688,88.16999816894531,87.1500015258789,87.20999908447266,71.89695739746094,6438900,3321.75
2020-01-23,87.05000305175781,87.06999969482422,84.98999786376953,85.2699966430664,70.297607421875,12266800,3325.5400390625
2020-01-24,85.43000030517578,85.4800033569336,82.76000213623047,83.54000091552734,68.87137603759766,13215400,3295.469970703125
2020-01-27,85.05000305175781,85.93000030517578,84.0,84.0199966430664,69.26708984375,13832000,3243.6298828125
2020-01-28,84.98999786376953,84.98999786376953,83.63999938964844,83.7699966430664,69.06099700927734,8614400,3276.239990234375
2020-01-29,83.80000305175781,84.0,83.12999725341797,83.19999694824219,68.59107971191406,5703200,3273.39990234375
2020-01-30,82.58000183105469,82.79000091552734,81.18000030517578,81.77999877929688,67.42041015625,10870000,3283.659912109375
2020-01-31,81.54000091552734,81.72000122070312,80.41000366210938,81.0199966430664,66.7938461303711,13870100,3225.52001953125
2020-02-03,81.30999755859375,82.5999984741211,80.91999816894531,82.30000305175781,67.84910583496094,10143700,3248.919921875
2020-02-04,83.58999633789062,84.70999908447266,83.58999633789062,84.36000061035156,69.54739379882812,8251500,3297.590087890625
2020-02-05,85.05999755859375,87.13999938964844,84.87999725341797,86.62999725341797,71.41881561279297,10020600,3334.68994140625
2020-02-06,87.88999938964844,87.95999908447266,86.22000122070312,87.18000030517578,71.87223052978516,7769700,3345.780029296875
2020-02-07,89.73999786376953,92.9800033569336,88.87999725341797,92.29000091552734,76.08496856689453,19090300,3327.7099609375
2020-02-10,92.36000061035156,95.5,92.11000061035156,94.75,78.11302185058594,13998300,3352.090087890625
2020-02-11,95.26000213623048,97.08000183105467,95.01000213623048,96.0,79.1435546875,10682800,3357.75
2020-02-12,95.9800033569336,97.86000061035156,95.70999908447266,97.79000091552734,80.61923217773438,10591000,3379.449951171875
2020-02-13,96.8499984741211,97.36000061035156,95.2300033569336,95.3499984741211,78.6076889038086,10613000,3373.93994140625
2020-02-14,95.2300033569336,95.3000030517578,93.7699966430664,94.0500030517578,77.53594970703125,11175800,3380.159912109375
2020-02-18,93.66999816894533,94.5,93.26000213623048,93.61000061035156,77.1731948852539,9406300,3370.2900390625
2020-02-19,93.7699966430664,94.79000091552734,93.0199966430664,94.13999938964844,77.61014556884766,6349100,3386.14990234375
2020-02-20,93.93000030517578,94.38999938964844,92.58999633789062,94.2300033569336,77.68434143066406,5446200,3373.22998046875
2020-02-21,93.95999908447266,95.5199966430664,93.37999725341795,94.95999908447266,78.28616333007812,6676000,3337.75
2020-02-24,92.16999816894533,93.87000274658205,92.1500015258789,93.13999938964844,76.78573608398438,10705100,3225.889892578125
2020-02-25,93.31999969482422,93.45999908447266,88.11000061035156,89.18000030517578,73.52104949951172,11366400,3128.2099609375
2020-02-26,88.62000274658203,91.18000030517578,88.19000244140625,88.41000366210938,72.88626861572266,9786900,3116.389892578125
2020-02-27,86.19000244140625,89.44999694824219,84.19999694824219,85.41999816894531,70.42124938964844,14184100,2978.760009765625
2020-02-28,82.79000091552734,85.70999908447266,81.58000183105469,85.70999908447266,70.66032409667969,18450000,2954.219970703125
2020-03-02,86.0,88.77999877929688,83.55000305175781,88.69000244140625,73.1170883178711,12171100,3090.22998046875
2020-03-03,89.44000244140625,90.9000015258789,85.66000366210938,87.56999969482422,72.19375610351562,12660900,3003.3701171875
2020-03-04,89.2699966430664,91.86000061035156,88.94999694824219,91.75,75.63980102539062,16590400,3130.1201171875
2020-03-05,90.05999755859375,91.70999908447266,89.43000030517578,90.61000061035156,74.69995880126953,9688400,3023.93994140625
2020-03-06,88.7300033569336,89.76000213623047,87.26000213623047,88.81999969482422,73.2242660522461,12664600,2972.3701171875
2020-03-09,84.0,87.33999633789062,82.43000030517578,85.2699966430664,70.297607421875,15806200,2746.56005859375
2020-03-10,88.19000244140625,88.22000122070312,83.76000213623047,87.52999877929688,72.1607666015625,12965800,2882.22998046875
2020-03-11,85.80000305175781,86.63999938964844,83.56999969482422,84.8499984741211,69.95133972167969,10382200,2741.3798828125
2020-03-12,78.8499984741211,81.29000091552734,77.05999755859375,78.61000061035156,64.8070068359375,19935700,2480.639892578125
2020-03-13,83.36000061035156,86.31999969482422,80.69000244140625,85.37000274658203,70.38004302978516,21867700,2711.02001953125
2020-03-16,79.0,82.18000030517578,73.58000183105469,74.2699966430664,61.22906494140625,20916000,2386.1298828125
2020-03-17,75.70999908447266,77.70999908447266,69.98999786376953,73.0199966430664,60.19855880737305,23205000,2529.18994140625
2020-03-18,70.0,71.38999938964844,64.69000244140625,71.02999877929688,58.55797958374024,23712800,2398.10009765625
2020-03-19,69.0999984741211,74.8499984741211,65.33000183105469,71.05999755859375,58.58270263671875,19739900,2409.389892578125
2020-03-20,73.0,73.0,66.80999755859375,68.81999969482422,56.736026763916016,18844500,2304.919921875
2020-03-23,67.37999725341797,67.75,62.54999923706055,64.5,53.17456817626953,19219000,2237.39990234375
2020-03-24,68.16000366210938,71.81999969482422,67.08999633789062,67.48999786376953,55.63956069946289,18376300,2447.330078125
2020-03-25,67.91999816894531,70.68000030517578,65.55000305175781,67.91000366210938,55.98580551147461,20017300,2475.56005859375
2020-03-26,68.81999969482422,74.30999755859375,68.76000213623047,73.83000183105469,60.866336822509766,15979400,2630.070068359375
2020-03-27,71.62999725341797,75.05999755859375,70.70999908447266,72.66999816894531,59.91001892089844,12293300,2541.469970703125
2020-03-30,73.5199966430664,76.23999786376953,73.47000122070312,75.23999786376953,62.02876663208008,10671600,2626.64990234375
2020-03-31,75.4000015258789,77.91999816894531,74.44000244140625,76.19000244140625,62.81194305419922,20474400,2584.590087890625
2020-04-01,72.12000274658203,73.98999786376953,71.43000030517578,73.41999816894531,60.52832412719727,12948000,2470.5
2020-04-02,72.77999877929688,75.5,71.45999908447266,75.12999725341797,61.93805694580078,8077800,2526.89990234375
2020-04-03,74.6500015258789,75.44000244140625,72.55000305175781,73.37000274658203,60.48711013793945,8062700,2488.64990234375
2020-04-06,75.73999786376953,77.26000213623047,74.02999877929688,75.7300033569336,62.432716369628906,10266500,2663.679931640625
2020-04-07,78.37999725341797,78.58000183105469,75.25,75.38999938964844,62.15241622924805,11591700,2659.409912109375
2020-04-08,76.44000244140625,78.9800033569336,74.77999877929688,78.55999755859375,64.76580047607422,12218500,2749.97998046875
2020-04-09,78.55999755859375,80.08000183105469,78.55999755859375,79.75,65.7468490600586,9425900,2789.820068359375
2020-04-13,80.66000366210938,81.33000183105469,78.66000366210938,80.30000305175781,66.20027923583984,9293500,2761.6298828125
2020-04-14,80.62000274658203,82.8499984741211,80.29000091552734,82.12999725341797,68.71875762939453,11072700,2846.06005859375
2020-04-15,80.51000213623047,83.04000091552734,79.62000274658203,81.81999969482422,68.45938110351562,8977300,2783.360107421875
2020-04-16,82.7300033569336,83.72000122070312,81.58000183105469,81.86000061035156,68.49285125732422,10326900,2799.550048828125
2020-04-17,84.0,84.79000091552734,82.5,83.44999694824219,69.82322692871094,10734800,2874.56005859375
2020-04-20,83.54000091552734,85.33000183105469,82.62999725341797,83.98999786376953,70.27503204345703,9126300,2823.159912109375
2020-04-21,82.51000213623047,82.97000122070312,80.0199966430664,80.36000061035156,67.23778533935547,9627500,2736.56005859375
2020-04-22,81.2300033569336,82.44999694824219,80.7300033569336,81.47000122070312,68.16654205322266,7033300,2799.31005859375
2020-04-23,82.18000030517578,83.83000183105469,81.95999908447266,82.04000091552734,68.64344787597656,7869600,2797.800048828125
2020-04-24,82.87000274658203,83.66999816894531,82.3499984741211,83.58999633789062,69.94034576416016,6770700,2836.739990234375
2020-04-27,84.02999877929688,84.91999816894531,83.77999877929688,84.69000244140625,70.8607406616211,9209700,2878.47998046875
2020-04-28,85.69999694824219,85.97000122070312,82.37000274658203,82.76000213623047,69.24588012695312,8341000,2863.389892578125
2020-04-29,83.72000122070312,84.75,82.13999938964844,83.76000213623047,70.08259582519531,8231700,2939.510009765625
2020-04-30,82.97000122070312,83.26000213623047,81.2300033569336,82.19999694824219,68.77732849121094,15535800,2912.429931640625
2020-05-01,81.94999694824219,84.2300033569336,80.5,82.83999633789062,69.31283569335938,12705300,2830.7099609375
2020-05-04,82.22000122070312,82.83999633789062,81.12000274658203,81.86000061035156,68.49285125732422,6833000,2842.739990234375
2020-05-05,82.94999694824219,86.4800033569336,82.5999984741211,85.37000274658203,71.42969512939453,10927000,2868.43994140625
2020-05-06,86.27999877929688,88.1500015258789,85.25,85.41999816894531,71.47152709960938,17042600,2848.419921875
2020-05-07,86.5199966430664,86.83999633789062,83.55999755859375,84.22000122070312,70.46749114990234,11941800,2881.18994140625
2020-05-08,84.41999816894531,84.66000366210938,82.44999694824219,83.95999908447266,70.24995422363281,20188100,2929.800048828125
2020-05-11,85.08000183105469,88.45999908447266,83.9800033569336,87.9000015258789,73.54656219482422,19219800,2930.18994140625
2020-05-12,90.0,92.2300033569336,88.47000122070312,90.45999908447266,75.68852996826172,23492300,2870.1201171875
2020-05-13,90.73999786376952,92.23999786376952,87.7300033569336,88.87000274658203,74.35816955566406,23562600,2820.0
2020-05-14,87.62000274658203,90.4800033569336,87.43000030517578,89.94000244140625,75.25344848632812,13379500,2852.5
2020-05-15,90.01000213623047,91.1500015258789,89.41999816894531,90.70999908447266,75.89771270751953,14071200,2863.699951171875
2020-05-18,92.0,93.66000366210938,91.30999755859376,91.47000122070312,76.53359985351562,16300200,2953.909912109375
2020-05-19,91.26000213623048,91.6500015258789,89.55999755859375,91.1999969482422,76.30768585205078,9892500,2922.93994140625
2020-05-20,92.12999725341795,92.54000091552734,89.9000015258789,91.19000244140624,76.29932403564453,10661500,2971.610107421875
2020-05-21,91.27999877929688,93.12999725341795,90.3499984741211,93.0199966430664,77.83049774169922,10393200,2948.510009765625
2020-05-22,92.87000274658205,93.01000213623048,91.7300033569336,92.0999984741211,77.06073760986328,5507000,2955.449951171875
2020-05-26,93.4499969482422,93.56999969482422,90.30999755859376,90.70999908447266,75.89771270751953,11869800,2991.77001953125
2020-05-27,90.54000091552734,91.0,88.55999755859375,89.9800033569336,75.28692626953125,12529500,3036.1298828125
2020-05-28,90.87000274658205,91.19000244140624,90.0,90.02999877929688,75.32877349853516,8765900,3029.72998046875
2020-05-29,91.0,92.88999938964844,89.5999984741211,92.66999816894533,77.53763580322266,13758800,3044.31005859375
2020-06-01,92.0500030517578,93.05999755859376,90.69000244140624,90.6999969482422,75.88933563232422,8486500,3055.72998046875
2020-06-02,90.97000122070312,91.6999969482422,90.05000305175781,91.04000091552734,76.17382049560547,9413300,3080.820068359375
2020-06-03,91.47000122070312,91.5,89.5999984741211,90.88999938964844,76.0483169555664,8588400,3122.8701171875
2020-06-04,90.27999877929688,93.4800033569336,90.25,93.04000091552734,77.84722900390625,9525700,3112.35009765625
2020-06-05,93.5,95.54000091552734,92.80999755859376,93.8499984741211,78.52495574951172,9630100,3193.929931640625
2020-06-08,92.91000366210938,95.01000213623048,92.80999755859376,94.58999633789062,79.14412689208984,6621400,3232.389892578125
2020-06-09,94.9499969482422,96.66000366210938,94.76000213623048,96.16999816894533,80.46611785888672,9555900,3207.179931640625
2020-06-10,96.98999786376952,99.3499984741211,96.8000030517578,96.9000015258789,81.07693481445312,11138300,3190.139892578125
2020-06-11,95.69000244140624,96.88999938964844,92.02999877929688,92.26000213623048,77.19461822509766,12584800,3002.10009765625
2020-06-12,93.73999786376952,94.73999786376952,91.02999877929688,92.45999908447266,77.36195373535156,8010100,3041.31005859375
2020-06-15,91.2699966430664,94.02999877929688,90.77999877929688,93.08000183105467,77.8807144165039,7120200,3066.590087890625
2020-06-16,94.86000061035156,96.1999969482422,93.4800033569336,96.05999755859376,80.37408447265625,9366100,3124.739990234375
2020-06-17,96.8499984741211,97.0999984741211,95.2699966430664,95.73999786376952,80.10635375976562,6212200,3113.489990234375
2020-06-18,95.55999755859376,96.4499969482422,95.26000213623048,96.2300033569336,80.51634979248047,4571600,3115.340087890625
2020-06-19,97.72000122070312,98.1999969482422,95.75,96.70999908447266,80.91796875,9210900,3097.739990234375
2020-06-22,96.63999938964844,97.3000030517578,95.81999969482422,97.2699966430664,81.38651275634766,6004300,3117.860107421875
2020-06-23,98.41999816894533,99.0999984741211,97.0500030517578,97.30999755859376,81.41998291015625,6715600,3131.2900390625
2020-06-24,96.45999908447266,97.16000366210938,94.3499984741211,95.13999938964844,79.60433197021484,9025100,3050.330078125
2020-06-25,95.18000030517578,97.06999969482422,94.31999969482422,96.98999786376952,81.1522216796875,6411700,3083.760009765625
2020-06-26,96.88999938964844,97.02999877929688,95.04000091552734,96.12999725341795,80.43266296386719,14568400,3009.050048828125
2020-06-29,96.5,97.33000183105467,95.68000030517578,96.44000244140624,80.6920394897461,6676400,3053.239990234375
2020-06-30,95.97000122070312,98.87999725341795,95.83000183105467,98.18000030517578,82.14791870117188,8112500,3100.2900390625
2020-07-01,98.5,99.66000366210938,97.5,99.13999938964844,82.95115661621094,6522900,3115.860107421875
2020-07-02,99.4499969482422,99.98999786376952,97.86000061035156,98.87999725341795,82.7336196899414,6158800,3130.010009765625
2020-07-06,99.63999938964844,99.8000030517578,97.9499969482422,99.01000213623048,82.84239959716797,7039000,3179.719970703125
2020-07-07,98.68000030517578,100.69000244140624,98.55999755859376,99.3499984741211,83.12686920166016,6345600,3145.320068359375
2020-07-08,99.75,100.56999969482422,98.5500030517578,99.27999877929688,83.06829833984375,6154400,3169.93994140625
2020-07-09,99.08000183105467,99.77999877929688,96.80999755859376,97.94000244140624,81.94709777832031,5817300,3152.050048828125
2020-07-10,98.05999755859376,98.33000183105467,96.36000061035156,96.83000183105467,81.01835632324219,6202500,3185.0400390625
2020-07-13,97.36000061035156,99.55999755859376,96.91999816894533,97.86000061035156,81.88016510009766,8507400,3155.219970703125
2020-07-14,96.97000122070312,99.0999984741211,95.94000244140624,98.87000274658205,83.73490905761719,6765600,3197.52001953125
2020-07-15,100.0,100.4800033569336,98.81999969482422,100.4800033569336,85.09846496582031,5661600,3226.56005859375
2020-07-16,99.69000244140624,100.2300033569336,98.80999755859376,99.91999816894533,84.62419128417969,4269200,3215.570068359375
2020-07-17,100.29000091552734,101.27999877929688,99.91999816894533,100.83000183105467,85.39488983154297,6890900,3224.72998046875
2020-07-20,100.76000213623048,101.25,99.26000213623048,99.54000091552734,84.3023681640625,4823300,3251.840087890625
2020-07-21,99.80999755859376,99.80999755859376,97.16999816894533,97.4000015258789,82.48994445800781,8239000,3257.300048828125
2020-07-22,97.8000030517578,98.27999877929688,96.93000030517578,97.6999969482422,82.74401092529297,4441800,3276.02001953125
2020-07-23,98.23999786376952,98.91999816894533,97.4499969482422,98.02999877929688,83.02349853515625,5127200,3235.659912109375
2020-07-24,98.0500030517578,98.19000244140624,96.45999908447266,97.11000061035156,82.24434661865234,5169400,3215.6298828125
2020-07-27,96.3499984741211,97.88999938964844,96.26000213623048,97.16000366210938,82.28670501708984,5030700,3239.409912109375
2020-07-28,97.0,97.62000274658205,96.45999908447266,96.70999908447266,81.90557861328125,5941800,3218.43994140625
2020-07-29,96.87000274658205,97.4000015258789,96.63999938964844,97.01000213623048,82.1596450805664,5512000,3258.43994140625
2020-07-30,96.30999755859376,96.73999786376952,95.41000366210938,96.04000091552734,81.33814239501953,6411500,3246.219970703125
2020-07-31,95.54000091552734,97.25,93.5500030517578,94.91000366210938,80.3811264038086,14613000,3271.1201171875
2020-08-03,95.19000244140624,97.16999816894533,95.05999755859376,95.94000244140624,81.25344848632812,6919000,3294.610107421875
2020-08-04,95.91999816894533,96.02999877929688,94.05999755859376,94.29000091552734,79.85603332519531,7865100,3306.510009765625
2020-08-05,94.47000122070312,94.8000030517578,93.12999725341795,93.25,78.97523498535156,6918900,3327.77001953125
2020-08-06,93.31999969482422,93.6500015258789,91.77999877929688,92.56999969482422,78.39932250976562,7269300,3349.159912109375
2020-08-07,92.69000244140624,93.0,92.1999969482422,92.91999816894533,78.69573974609375,5226600,3351.280029296875
2020-08-10,92.62999725341795,93.66999816894533,92.1500015258789,92.37999725341795,78.23841857910156,7623600,3360.469970703125
2020-08-11,92.30999755859376,93.29000091552734,92.12999725341795,92.66999816894533,78.4840087890625,7208400,3333.68994140625
2020-08-12,93.4499969482422,95.58000183105467,93.33000183105467,95.51000213623048,80.8892822265625,7705600,3380.35009765625
2020-08-13,95.13999938964844,95.5,94.01000213623048,94.68000030517578,80.18631744384766,6004200,3373.429931640625
2020-08-14,95.37999725341795,95.66999816894533,94.54000091552734,95.06999969482422,80.5166244506836,5488100,3372.85009765625
2020-08-17,95.29000091552734,97.26000213623048,95.26000213623048,96.3499984741211,81.6006851196289,7251400,3381.989990234375
2020-08-18,96.62000274658205,96.6999969482422,95.1500015258789,95.6500015258789,81.0078353881836,4557400,3389.780029296875
2020-08-19,97.11000061035156,97.41999816894533,95.8499984741211,96.0999984741211,81.38895416259766,7672000,3374.85009765625
2020-08-20,95.48999786376952,96.02999877929688,94.68000030517578,95.1999969482422,80.62671661376953,6798000,3385.510009765625
2020-08-21,95.1999969482422,95.31999969482422,94.31999969482422,94.86000061035156,80.33876037597656,5269000,3397.159912109375
2020-08-24,94.9000015258789,95.23999786376952,94.18000030517578,94.51000213623048,80.04235076904297,4103600,3431.280029296875
2020-08-25,94.20999908447266,94.79000091552734,93.91000366210938,94.05999755859376,79.66123962402344,6710000,3443.6201171875
2020-08-26,93.5,94.41000366210938,92.94000244140624,94.3499984741211,79.9068374633789,5682800,3478.72998046875
2020-08-27,94.33000183105467,95.05999755859376,93.66999816894533,94.3000030517578,79.864501953125,5271500,3484.550048828125
2020-08-28,94.5199966430664,94.6500015258789,93.52999877929688,94.16999816894533,79.75440216064453,4938300,3508.010009765625
2020-08-31,94.12000274658205,96.01000213623048,94.01000213623048,95.7699966430664,81.10946655273438,9932300,3500.31005859375
2020-09-01,95.5199966430664,95.91999816894533,91.29000091552734,92.23999786376952,78.11984252929688,15783600,3526.64990234375
2020-09-02,92.06999969482422,94.23999786376952,91.9000015258789,93.9499969482422,79.56806945800781,9139200,3580.840087890625
2020-09-03,93.87999725341795,94.30999755859376,91.08999633789062,91.87000274658205,77.80648040771484,8921900,3455.06005859375
2020-09-04,92.08000183105467,93.12999725341795,90.58000183105467,91.87000274658205,77.80648040771484,9444800,3426.9599609375
2020-09-08,91.5199966430664,91.86000061035156,89.44999694824219,90.22000122070312,76.40907287597656,8563900,3331.840087890625
2020-09-09,90.86000061035156,92.43000030517578,90.51000213623048,91.62999725341795,77.60321807861328,5373500,3398.9599609375
2020-09-10,91.06999969482422,91.41000366210938,89.4800033569336,89.6500015258789,75.92632293701172,10403600,3339.18994140625
2020-09-11,89.80999755859375,90.33999633789062,89.04000091552734,89.69999694824219,75.96865844726562,8385800,3340.969970703125
2020-09-14,90.05000305175781,91.26000213623048,89.45999908447266,90.48999786376952,76.63772583007812,5212300,3383.5400390625
2020-09-15,91.4000015258789,91.9800033569336,90.63999938964844,90.91000366210938,76.99344635009766,3851300,3401.199951171875
2020-09-16,91.0199966430664,91.2699966430664,89.69000244140625,89.77999877929688,76.03640747070312,6304400,3385.489990234375
2020-09-17,89.30000305175781,90.80999755859376,89.18000030517578,89.62999725341797,75.90937805175781,5604700,3357.010009765625
2020-09-18,89.48999786376953,90.5,88.86000061035156,90.11000061035156,76.31591033935547,10076300,3319.469970703125
2020-09-21,89.13999938964844,89.43000030517578,87.16999816894531,89.08999633789062,75.45205688476562,7328300,3281.06005859375
2020-09-22,88.9000015258789,88.94999694824219,87.93000030517578,88.5999984741211,75.03707122802734,5306100,3315.570068359375
2020-09-23,89.0,89.2699966430664,87.12000274658203,87.13999938964844,73.80055236816406,6253000,3236.919921875
2020-09-24,87.0,87.0,85.31999969482422,85.91000366210938,72.75885009765625,9980800,3246.590087890625
2020-09-25,86.0,86.86000061035156,85.45999908447266,86.2300033569336,73.02985382080078,9935600,3298.4599609375
2020-09-28,87.29000091552734,88.19999694824219,86.87000274658203,87.27999877929688,73.91912841796875,6306900,3351.60009765625
2020-09-29,87.11000061035156,87.27999877929688,86.30999755859375,86.88999938964844,73.58881378173828,5508900,3335.469970703125
2020-09-30,87.0,88.44000244140625,86.80999755859375,87.58999633789062,74.18165588378906,8209300,3363.0
2020-10-01,88.16999816894531,88.16999816894531,86.7300033569336,87.13999938964844,73.80055236816406,8777300,3380.800048828125
2020-10-02,86.5,87.3499984741211,86.05000305175781,86.12000274658203,72.93669128417969,5554300,3348.419921875
2020-10-05,86.48999786376953,88.18000030517578,86.20999908447266,87.93000030517578,74.46961212158203,5984200,3408.60009765625
2020-10-06,87.97000122070312,88.05999755859375,85.70999908447266,85.88999938964844,72.74190521240234,8743800,3360.969970703125
2020-10-07,86.16000366210938,87.30000305175781,86.02999877929688,87.06999969482422,73.74126434326172,5899700,3419.43994140625
2020-10-08,87.2699966430664,88.58000183105469,86.91999816894531,87.33999633789062,73.96994018554688,5535100,3446.830078125
2020-10-09,87.41000366210938,88.69999694824219,87.3499984741211,87.69999694824219,74.27483367919922,6005800,3477.139892578125
2020-10-12,88.16999816894531,88.5999984741211,87.31999969482422,88.31999969482422,74.7999267578125,7314900,3534.219970703125
2020-10-13,88.01000213623047,88.80000305175781,87.47000122070312,87.83000183105469,74.38492584228516,7851700,3511.929931640625
2020-10-14,86.83000183105469,87.11000061035156,85.9000015258789,86.06999969482422,73.88701629638672,5863900,3488.669921875
2020-10-15,85.41000366210938,85.73999786376953,84.95999908447266,85.2300033569336,73.16592407226562,6190900,3483.340087890625
2020-10-16,85.88999938964844,87.1500015258789,85.76000213623047,86.2699966430664,74.0587158203125,5358500,3483.81005859375
2020-10-19,86.58999633789062,86.79000091552734,84.12999725341797,84.30999755859375,72.37615203857422,10288000,3426.919921875
2020-10-20,84.19000244140625,84.83000183105469,83.41999816894531,84.25,72.32466125488281,6932100,3443.1201171875
2020-10-21,83.58000183105469,84.13999938964844,82.55999755859375,82.88999938964844,71.15715789794922,9776900,3435.56005859375
2020-10-22,83.0199966430664,84.88999938964844,82.91999816894531,84.30999755859375,72.37615203857422,8080100,3453.489990234375
2020-10-23,84.63999938964844,85.1500015258789,83.94000244140625,84.33999633789062,72.40190124511719,4238700,3465.389892578125
2020-10-26,84.08999633789062,84.31999969482422,82.80999755859375,83.91999816894531,72.04135131835938,7986300,3400.969970703125
2020-10-27,84.0,84.26000213623047,82.68000030517578,82.70999908447266,71.00263214111328,6705600,3390.679931640625
2020-10-28,81.3499984741211,82.20999908447266,80.23999786376953,80.48999786376953,69.09685516357422,11480200,3271.030029296875
2020-10-29,80.5,81.37000274658203,79.11000061035156,80.66999816894531,69.25138854980469,8876700,3310.110107421875
2020-10-30,83.19999694824219,86.13999938964844,83.0,85.0999984741211,73.05431365966797,18089100,3269.9599609375
2020-11-02,86.02999877929688,88.54000091552734,86.0,88.25,75.75847625732422,10781400,3310.239990234375
2020-11-03,89.13999938964844,89.38999938964844,87.43000030517578,87.95999908447266,75.5094985961914,8518800,3369.159912109375
2020-11-04,93.13999938964844,97.48999786376952,92.66999816894533,94.5,81.12379455566406,25849000,3443.43994140625
2020-11-05,95.36000061035156,95.5199966430664,93.0,93.69000244140624,80.42845153808594,8013000,3510.449951171875
2020-11-06,92.9800033569336,93.6500015258789,91.70999908447266,92.8499984741211,79.70734405517578,7006900,3509.43994140625
2020-11-09,95.73999786376952,96.9499969482422,94.66999816894533,95.12000274658205,81.65603637695312,11028900,3550.5
2020-11-10,96.01000213623048,99.12999725341795,95.62999725341795,98.87000274658205,84.8752212524414,12267200,3545.530029296875
2020-11-11,99.1500015258789,99.87000274658205,97.7699966430664,98.1500015258789,84.25713348388672,9476500,3572.659912109375
2020-11-12,97.5,97.75,96.27999877929688,97.5999984741211,83.78498077392578,7646600,3537.010009765625
2020-11-13,97.41000366210938,99.5500030517578,97.4000015258789,99.04000091552734,85.02117156982422,6888600,3585.14990234375
2020-11-16,99.95999908447266,100.54000091552734,98.33000183105467,98.36000061035156,84.43740844726562,8611300,3626.909912109375
2020-11-17,99.37000274658205,100.26000213623048,98.73999786376952,99.20999908447266,85.16709899902344,11593500,3609.530029296875
2020-11-18,100.0,100.29000091552734,98.68000030517578,98.72000122070312,84.74645233154297,8880600,3567.7900390625
2020-11-19,98.76000213623048,100.1500015258789,98.58999633789062,99.66999816894533,85.56198120117188,7550300,3581.8701171875
2020-11-20,99.9499969482422,101.83000183105467,98.62000274658205,100.83999633789062,86.56636810302734,9682500,3557.5400390625
2020-11-23,101.94000244140624,102.76000213623048,101.06999969482422,102.18000030517578,87.7166976928711,7541500,3577.590087890625
2020-11-24,102.87999725341795,104.81999969482422,102.58000183105467,103.95999908447266,89.24473571777344,9322200,3635.409912109375
2020-11-25,103.81999969482422,104.45999908447266,103.38999938964844,104.1999969482422,89.45077514648438,6368100,3629.64990234375
2020-11-27,104.9800033569336,105.8000030517578,104.3000030517578,104.88999938964844,90.0431137084961,4418800,3638.35009765625
2020-11-30,105.12000274658205,105.41999816894533,103.6500015258789,104.58000183105467,89.7770004272461,20726500,3621.6298828125
2020-12-01,105.0500030517578,106.37999725341795,104.04000091552734,104.04000091552734,89.31343841552734,7623500,3662.449951171875
2020-12-02,104.0,105.37999725341795,103.31999969482422,104.98999786376952,90.12894439697266,5492200,3669.010009765625
2020-12-03,105.0,105.6999969482422,104.3000030517578,104.73999786376952,89.91433715820312,4693600,3666.719970703125
2020-12-04,105.0199966430664,107.30999755859376,105.0199966430664,107.27999877929688,92.09480285644533,7235800,3699.1201171875
2020-12-07,107.04000091552734,107.20999908447266,104.95999908447266,105.83999633789062,90.8586196899414,6532500,3691.9599609375
2020-12-08,105.6999969482422,108.3499984741211,105.5999984741211,107.69000244140624,92.44676971435548,6688200,3702.25
2020-12-09,107.9000015258789,109.1500015258789,107.62999725341795,108.66999816894533,93.28807067871094,7350700,3672.820068359375
2020-12-10,109.05999755859376,109.06999969482422,106.66999816894533,107.48999786376952,92.27508544921876,6285700,3668.10009765625
2020-12-11,107.01000213623048,107.41999816894533,105.58000183105467,106.33999633789062,91.28785705566406,5205200,3663.4599609375
2020-12-14,107.43000030517578,108.06999969482422,104.08999633789062,104.1999969482422,89.45077514648438,8272700,3647.489990234375
2020-12-15,105.44000244140624,105.4499969482422,102.31999969482422,102.81999969482422,88.26610565185547,12101000,3694.6201171875
2020-12-16,102.5,105.41000366210938,101.9000015258789,104.63999938964844,89.8284912109375,9182100,3701.169921875
2020-12-17,104.86000061035156,105.5,104.11000061035156,104.88999938964844,90.0431137084961,6360600,3722.47998046875
2020-12-18,105.02999877929688,105.05999755859376,103.1999969482422,104.4499969482422,89.6653823852539,13906800,3709.409912109375
2020-12-21,102.76000213623048,103.91999816894533,101.5500030517578,103.70999908447266,89.03013610839844,6664600,3694.919921875
2020-12-22,103.41000366210938,103.5,102.01000213623048,102.8000030517578,88.24895477294922,4002900,3687.260009765625
2020-12-23,103.05999755859376,103.93000030517578,102.91000366210938,103.27999877929688,88.66099548339844,3659100,3690.010009765625
2020-12-24,103.11000061035156,103.38999938964844,102.5999984741211,103.26000213623048,88.64382934570312,1378600,3703.06005859375
2020-12-28,103.6500015258789,103.87999725341795,102.72000122070312,103.4499969482422,88.80694580078125,3948900,3735.360107421875
2020-12-29,103.9499969482422,105.37000274658205,103.9499969482422,104.6999969482422,89.87999725341797,5096400,3727.0400390625
2020-12-30,105.11000061035156,106.2300033569336,105.0999984741211,105.2699966430664,90.36932373046876,5328400,3732.0400390625
2020-12-31,105.26000213623048,107.27999877929688,104.8499984741211,107.1500015258789,91.98321533203124,6148100,3756.070068359375
2021-01-04,107.18000030517578,107.3499984741211,103.86000061035156,105.41000366210938,90.48950958251952,9523400,3700.64990234375
2021-01-05,105.41000366210938,107.0199966430664,104.62999725341795,106.5,91.42521667480467,6823800,3726.860107421875
2021-01-06,104.75,107.19000244140624,104.18000030517578,105.58000183105467,90.63544464111328,11017500,3748.139892578125
2021-01-07,106.11000061035156,107.05999755859376,105.56999969482422,106.70999908447266,91.60549926757812,8196000,3803.7900390625
2021-01-08,106.83999633789062,107.52999877929688,105.76000213623048,107.2699966430664,92.08623504638672,5345900,3824.679931640625
2021-01-11,107.06999969482422,109.55999755859376,107.06999969482422,109.0199966430664,93.58851623535156,6334200,3799.610107421875
2021-01-12,109.22000122070312,110.77999877929688,109.12000274658205,109.77999877929688,94.24093627929688,6106900,3801.18994140625
2021-01-13,109.8000030517578,113.41000366210938,109.6999969482422,112.4499969482422,96.5330047607422,9821300,3809.840087890625
2021-01-14,110.6999969482422,112.69000244140624,109.5,111.62999725341795,96.94989013671876,8268800,3795.5400390625
2021-01-15,111.1999969482422,111.55999755859376,109.4800033569336,110.5199966430664,95.9858627319336,9196200,3768.25
2021-01-19,111.25,112.30999755859376,110.26000213623048,112.18000030517578,97.42755889892578,7723800,3798.909912109375
2021-01-20,112.91000366210938,113.0999984741211,111.47000122070312,112.62000274658205,97.80970764160156,6554600,3851.85009765625
2021-01-21,112.62999725341795,112.75,110.76000213623048,111.26000213623048,96.62855529785156,5417000,3853.070068359375
2021-01-22,110.6500015258789,111.5999984741211,109.4800033569336,110.86000061035156,96.28113555908205,5185500,3841.469970703125
2021-01-25,109.7300033569336,111.2300033569336,109.20999908447266,110.5,95.96849822998048,6928200,3855.360107421875
2021-01-26,111.3000030517578,111.3000030517578,108.55999755859376,108.8000030517578,94.49205017089844,5554600,3849.6201171875
2021-01-27,106.27999877929688,106.6999969482422,102.58999633789062,102.79000091552734,89.27240753173828,11887900,3750.77001953125
2021-01-28,104.0,105.13999938964844,103.11000061035156,104.20999908447266,90.50566864013672,8534300,3787.3798828125
2021-01-29,104.0,104.48999786376952,101.80999755859376,102.4800033569336,89.00316619873047,9380400,3714.239990234375
2021-02-01,103.0,103.88999938964844,101.86000061035156,102.3000030517578,88.84684753417969,7518200,3773.860107421875
2021-02-02,102.87999725341795,104.30999755859376,102.5,103.47000122070312,89.86298370361328,10481300,3826.31005859375
2021-02-03,106.1999969482422,107.56999969482422,104.01000213623048,106.9499969482422,92.88532257080078,12101900,3830.169921875
2021-02-04,106.87000274658205,108.87999725341795,105.25,108.52999877929688,94.25755310058594,9077800,3871.739990234375
2021-02-05,109.62999725341795,110.2699966430664,108.44000244140624,108.7300033569336,94.43126678466795,7251000,3886.830078125
2021-02-08,108.88999938964844,108.9800033569336,105.80999755859376,106.83999633789062,92.78980255126952,9199100,3915.590087890625
2021-02-09,106.0,106.5,105.11000061035156,105.4000015258789,91.53917694091795,5506900,3911.22998046875
2021-02-10,105.9800033569336,106.12999725341795,103.72000122070312,104.0500030517578,90.36669921875,7446000,3909.8798828125
2021-02-11,104.56999969482422,104.68000030517578,103.31999969482422,103.75,90.10617065429688,5090100,3916.3798828125
2021-02-12,103.76000213623048,104.56999969482422,103.1500015258789,104.44000244140624,90.7054214477539,3738400,3934.830078125
2021-02-16,105.33000183105467,106.19000244140624,104.0199966430664,104.1999969482422,90.49698638916016,5637300,3932.590087890625
2021-02-17,104.6999969482422,106.75,104.1500015258789,106.29000091552734,92.3121337890625,6940400,3931.330078125
2021-02-18,105.31999969482422,106.61000061035156,105.20999908447266,106.05999755859376,92.11238098144533,5386600,3913.969970703125
2021-02-19,106.2300033569336,106.6999969482422,104.91000366210938,105.01000213623048,91.20047760009766,6702400,3906.7099609375
2021-02-22,104.66000366210938,107.68000030517578,104.2300033569336,107.05999755859376,92.98086547851562,10272500,3876.5
2021-02-23,106.97000122070312,107.5999984741211,105.95999908447266,106.2699966430664,92.29476165771484,7058600,3881.3701171875
2021-02-24,106.0,109.44000244140624,105.5999984741211,108.69000244140624,94.3965072631836,7626200,3925.429931640625
2021-02-25,108.4800033569336,109.3000030517578,107.06999969482422,107.33000183105467,93.21537017822266,6237600,3829.340087890625
2021-02-26,107.68000030517578,108.58000183105467,105.36000061035156,107.73999786376952,93.57144165039062,9250000,3811.14990234375
2021-03-01,108.52999877929688,109.20999908447266,108.06999969482422,108.41000366210938,94.15333557128906,4709500,3901.820068359375
2021-03-02,108.8499984741211,109.37999725341795,107.80999755859376,107.8499984741211,93.6669692993164,5487000,3870.2900390625
2021-03-03,106.86000061035156,107.13999938964844,105.45999908447266,106.70999908447266,92.6769027709961,7218700,3819.719970703125
2021-03-04,106.5,107.75,104.9499969482422,105.6500015258789,91.75630950927734,7503700,3768.469970703125
2021-03-05,106.01000213623048,106.98999786376952,104.06999969482422,106.6999969482422,92.668212890625,7277800,3841.93994140625
2021-03-08,106.8499984741211,108.16000366210938,105.8000030517578,106.11000061035156,92.15579223632812,6049400,3821.35009765625
2021-03-09,106.4800033569336,108.69000244140624,106.44000244140624,106.79000091552734,92.7463836669922,6857500,3875.43994140625
2021-03-10,107.38999938964844,108.36000061035156,107.0500030517578,108.0,93.7972412109375,5762600,3898.81005859375
2021-03-11,108.12999725341795,108.62999725341795,107.33999633789062,107.87000274658205,93.68435668945312,4671400,3939.340087890625
2021-03-12,107.8000030517578,108.58000183105467,107.37000274658205,108.22000122070312,93.9883270263672,5341200,3943.340087890625
2021-03-15,108.66999816894533,110.36000061035156,108.36000061035156,110.26000213623048,95.76007080078124,6642200,3968.93994140625
2021-03-16,109.9499969482422,111.08000183105467,109.9000015258789,110.83999633789062,96.2637710571289,5570200,3962.7099609375
2021-03-17,103.76000213623048,105.08999633789062,102.8000030517578,105.04000091552734,91.2265167236328,19445600,3974.1201171875
2021-03-18,104.0,104.98999786376952,103.41999816894533,103.7699966430664,90.12353515625,8675100,3915.4599609375
2021-03-19,103.93000030517578,104.43000030517578,102.91999816894533,103.41999816894533,89.8195571899414,10899100,3913.10009765625
2021-03-22,103.5,106.4000015258789,102.87999725341795,105.9000015258789,91.9734115600586,7627200,3940.590087890625
2021-03-23,105.37000274658205,105.94000244140624,104.51000213623048,104.83999633789062,91.05281829833984,6111600,3910.52001953125
2021-03-24,104.81999969482422,105.33000183105467,103.0500030517578,103.05999755859376,89.50691223144531,9420100,3889.139892578125
2021-03-25,102.9000015258789,104.1500015258789,102.0500030517578,103.87999725341795,90.21907043457033,6281500,3909.52001953125
2021-03-26,103.87000274658205,106.12000274658205,103.83999633789062,105.9800033569336,92.04290771484376,6596900,3974.5400390625
2021-03-29,105.76000213623048,107.0,105.48999786376952,106.7300033569336,92.69426727294922,5472700,3971.090087890625
2021-03-30,106.86000061035156,107.02999877929688,105.87000274658205,106.79000091552734,92.7463836669922,5354100,3958.550048828125
2021-03-31,106.87999725341795,109.18000030517578,106.8000030517578,108.22000122070312,93.9883270263672,9048000,3972.889892578125
2021-04-01,108.91999816894533,108.9800033569336,107.31999969482422,108.5199966430664,94.24886322021484,5091700,4019.8701171875
2021-04-05,109.08000183105467,109.08000183105467,105.4000015258789,106.13999938964844,92.18184661865234,10584400,4077.909912109375
2021-04-06,105.8499984741211,106.27999877929688,104.87999725341795,105.37999725341795,91.52178955078124,8522500,4073.93994140625
2021-04-07,105.52999877929688,106.12999725341795,104.16999816894533,105.20999908447266,91.37416076660156,8037300,4079.949951171875
2021-04-08,105.4000015258789,106.91999816894533,105.3499984741211,106.0999984741211,92.14712524414062,5881800,4097.169921875
2021-04-09,106.38999938964844,107.72000122070312,106.0500030517578,107.54000091552734,93.3977508544922,5977500,4128.7998046875
2021-04-12,107.81999969482422,108.56999969482422,107.36000061035156,108.25,94.01437377929688,5647500,4127.990234375
2021-04-13,108.02999877929688,108.36000061035156,107.02999877929688,108.22000122070312,93.9883270263672,6165100,4141.58984375
2021-04-14,106.22000122070312,106.66999816894533,105.58000183105467,105.9000015258789,93.09169006347656,7766700,4124.66015625
2021-04-15,105.98999786376952,106.9499969482422,105.62000274658205,106.88999938964844,93.96195220947266,5730500,4170.419921875
2021-04-16,107.48999786376952,108.5500030517578,107.13999938964844,107.91000366210938,94.85858917236328,8207700,4185.47021484375
2021-04-19,107.97000122070312,108.7300033569336,107.12000274658205,108.61000061035156,95.47391510009766,4542900,4163.259765625
2021-04-20,108.12000274658205,109.55999755859376,108.0500030517578,109.02999877929688,95.84312438964844,5411800,4134.93994140625
2021-04-21,109.79000091552734,111.44000244140624,109.3499984741211,110.8000030517578,97.39905548095705,6181100,4173.419921875
2021-04-22,110.6500015258789,111.08999633789062,109.61000061035156,110.0500030517578,96.73976135253906,5046000,4134.97998046875
2021-04-23,109.70999908447266,111.7699966430664,109.5500030517578,111.37999725341795,97.90890502929688,4611000,4180.169921875
2021-04-26,111.55999755859376,112.04000091552734,110.8499984741211,111.38999938964844,97.91768646240234,5202300,4187.6201171875
2021-04-27,111.25,111.8499984741211,110.58000183105467,111.44000244140624,97.96163940429688,3522900,4186.72021484375
2021-04-28,111.68000030517578,112.56999969482422,111.31999969482422,111.93000030517578,98.3923797607422,5116000,4183.18017578125
2021-04-29,112.37999725341795,112.61000061035156,110.33000183105467,110.88999938964844,97.47816467285156,6766700,4211.47021484375
2021-04-30,111.47000122070312,112.30999755859376,110.11000061035156,111.5,98.014404296875,10575400,4181.169921875
2021-05-03,112.4000015258789,115.0999984741211,111.58999633789062,114.68000030517578,100.80978393554688,9138200,4192.66015625
2021-05-04,114.62000274658205,115.94000244140624,113.0500030517578,113.9000015258789,100.12410736083984,8151400,4164.66015625
2021-05-05,114.30999755859376,116.27999877929688,113.9499969482422,115.77999877929688,101.7767333984375,7021400,4167.58984375
2021-05-06,115.0,116.18000030517578,114.16000366210938,116.08000183105467,102.04044342041016,5803800,4201.6201171875
2021-05-07,116.37999725341795,116.93000030517578,114.95999908447266,115.75,101.7503433227539,6808200,4232.60009765625
2021-05-10,116.37999725341795,117.1999969482422,115.97000122070312,116.22000122070312,102.16352081298828,7093300,4188.43017578125
2021-05-11,115.4800033569336,116.56999969482422,114.37999725341795,114.88999938964844,100.99437713623048,5784600,4152.10009765625
2021-05-12,114.8499984741211,116.0,114.44000244140624,114.95999908447266,101.05590057373048,6208300,4063.0400390625
2021-05-13,115.5500030517578,117.1999969482422,115.01000213623048,116.5999984741211,102.49755859375,6558200,4112.5
2021-05-14,117.36000061035156,117.58999633789062,116.37999725341795,116.43000030517578,102.3481216430664,6268500,4173.85009765625
2021-05-17,116.7699966430664,117.70999908447266,116.55999755859376,116.88999938964844,102.7524642944336,6183200,4163.2900390625
2021-05-18,116.11000061035156,117.9000015258789,115.31999969482422,117.20999908447266,103.03376770019533,8174900,4127.830078125
2021-05-19,116.45999908447266,116.5,114.37999725341795,115.8499984741211,101.8382568359375,6433600,4115.68017578125
2021-05-20,115.33999633789062,117.33999633789062,115.12000274658205,117.11000061035156,102.94588470458984,5526100,4159.1201171875
2021-05-21,117.5199966430664,118.27999877929688,116.05999755859376,116.12000274658205,102.07562255859376,5577800,4155.85986328125
2021-05-24,116.58999633789062,116.80999755859376,115.58999633789062,115.91000366210938,101.89100646972656,4821300,4197.0498046875
2021-05-25,115.97000122070312,116.0,114.19000244140624,114.55999755859376,100.70428466796876,6574200,4188.1298828125
2021-05-26,114.52999877929688,114.73999786376952,113.76000213623048,114.6999969482422,100.82733917236328,5802600,4195.990234375
2021-05-27,115.12000274658205,115.1999969482422,112.0199966430664,112.31999969482422,98.73519897460938,26406000,4200.8798828125
2021-05-28,113.33000183105467,114.4800033569336,112.86000061035156,113.1999969482422,99.5087661743164,7104300,4204.10986328125
2021-06-01,113.6999969482422,113.98999786376952,112.04000091552734,112.20999908447266,98.63849639892578,6846200,4202.0400390625
2021-06-02,112.41000366210938,112.66000366210938,110.8499984741211,111.4000015258789,97.92648315429688,8100700,4208.1201171875
2021-06-03,111.12000274658205,112.41000366210938,110.6500015258789,112.20999908447266,98.63849639892578,6286100,4192.85009765625
2021-06-04,112.4000015258789,113.11000061035156,112.16000366210938,112.36000061035156,98.77037048339844,4255400,4229.89013671875
2021-06-07,112.70999908447266,114.11000061035156,112.33000183105467,113.01000213623048,99.34176635742188,5570100,4226.52001953125
2021-06-08,112.68000030517578,113.08999633789062,111.81999969482422,112.33999633789062,98.7527847290039,4114200,4227.259765625
2021-06-09,112.87999725341795,114.41999816894533,112.73999786376952,114.0,100.21202850341795,4884000,4219.5498046875
2021-06-10,114.36000061035156,116.98999786376952,114.1500015258789,116.23999786376952,102.18108367919922,6263800,4239.18017578125
2021-06-11,116.23999786376952,116.36000061035156,114.87000274658205,115.41999816894533,101.46025848388672,4471400,4247.43994140625
2021-06-14,115.06999969482422,115.4800033569336,114.19000244140624,115.4000015258789,101.44269561767578,4427600,4255.14990234375
2021-06-15,115.36000061035156,115.94000244140624,114.5199966430664,115.83000183105467,101.82068634033205,3590500,4246.58984375
2021-06-16,116.22000122070312,116.52999877929688,115.16999816894533,115.52999877929688,101.55696868896484,6670200,4223.7001953125
2021-06-17,114.9800033569336,115.88999938964844,114.02999877929688,114.9000015258789,101.00316619873048,4172300,4221.85986328125
2021-06-18,113.63999938964844,114.1999969482422,113.0500030517578,113.12000274658205,99.43846130371094,7415400,4166.4501953125
2021-06-21,113.69000244140624,115.25,112.7699966430664,114.7300033569336,100.85372924804688,4666100,4224.7900390625
2021-06-22,114.48999786376952,115.27999877929688,113.87999725341795,114.6999969482422,100.82733917236328,4359900,4246.43994140625
2021-06-23,114.5500030517578,115.02999877929688,113.9499969482422,114.0,100.21202850341795,3837300,4241.83984375
2021-06-24,114.41999816894533,116.19000244140624,114.26000213623048,114.73999786376952,100.86251831054688,7712300,4266.490234375
2021-06-25,112.9000015258789,113.58999633789062,112.13999938964844,112.9800033569336,99.31539154052734,11709400,4280.7001953125
2021-06-28,113.26000213623048,114.11000061035156,112.83999633789062,113.0,99.3329620361328,5141800,4290.60986328125
2021-06-29,112.6500015258789,112.75,111.61000061035156,112.3000030517578,98.71762084960938,5795100,4291.7998046875
2021-06-30,112.20999908447266,112.91999816894533,111.62999725341795,112.63999938964844,99.01648712158205,5042600,4297.5
2021-07-01,112.9499969482422,114.5500030517578,112.88999938964844,114.26000213623048,100.44058227539062,5306900,4319.93994140625
2021-07-02,114.5199966430664,115.48999786376952,113.88999938964844,115.16999816894533,101.2405014038086,5719500,4352.33984375
2021-07-06,115.16999816894533,115.9000015258789,114.7699966430664,115.7300033569336,101.7327880859375,7172100,4343.5400390625
2021-07-07,115.91000366210938,116.97000122070312,115.30999755859376,116.75,102.62939453125,6695100,4358.1298828125
2021-07-08,115.76000213623048,116.80999755859376,115.68000030517578,116.3499984741211,102.27779388427734,3948800,4320.81982421875
2021-07-09,116.3000030517578,117.33000183105467,116.11000061035156,116.58000183105467,102.47997283935548,4823400,4369.5498046875
2021-07-12,116.8000030517578,118.3499984741211,116.62000274658205,117.62999725341795,103.40296936035156,8148400,4384.6298828125
2021-07-13,117.58999633789062,118.08999633789062,116.69000244140624,117.91000366210938,103.64911651611328,6540300,4369.2099609375
2021-07-14,116.87000274658205,117.5500030517578,116.38999938964844,117.36000061035156,104.31575012207033,6543400,4374.2998046875
2021-07-15,116.80999755859376,117.48999786376952,115.75,117.18000030517578,104.15574645996094,4544600,4360.02978515625
2021-07-16,117.91000366210938,118.33000183105467,116.91999816894533,117.5,104.44019317626952,6826100,4327.16015625
2021-07-19,116.66999816894533,117.0,113.73999786376952,115.41999816894533,102.59136962890624,6762000,4258.490234375
2021-07-20,115.5500030517578,117.7300033569336,115.45999908447266,116.0500030517578,103.15135955810548,5581400,4323.06005859375
2021-07-21,116.63999938964844,117.06999969482422,115.79000091552734,116.98999786376952,103.98686981201172,4133800,4358.68994140625
2021-07-22,116.63999938964844,117.91000366210938,116.38999938964844,117.54000091552734,104.47575378417967,6257000,4367.47998046875
2021-07-23,117.9800033569336,118.66999816894533,117.56999969482422,118.19000244140624,105.0535125732422,4411100,4411.7900390625
2021-07-26,118.12999725341795,118.47000122070312,117.2699966430664,117.79000091552734,104.69796752929688,3730100,4422.2998046875
2021-07-27,117.79000091552734,118.3000030517578,116.76000213623048,117.95999908447266,104.84906768798828,3773100,4401.4599609375
2021-07-28,117.62999725341795,118.93000030517578,117.3000030517578,118.5500030517578,105.3734893798828,5650400,4400.64013671875
2021-07-29,119.02999877929688,119.12999725341795,118.1500015258789,118.87000274658205,105.6579360961914,4632200,4419.14990234375
2021-07-30,119.0,119.1500015258789,116.12000274658205,116.3000030517578,103.37356567382812,9017200,4395.259765625
2021-08-02,116.88999938964844,117.23999786376952,115.41000366210938,115.4499969482422,102.6180419921875,9245500,4387.16015625
2021-08-03,115.66999816894533,116.30999755859376,114.88999938964844,116.25,103.3291244506836,5902700,4423.14990234375
2021-08-04,115.77999877929688,116.5199966430664,114.91000366210938,115.08000183105467,102.2891845703125,4602000,4402.66015625
2021-08-05,115.12999725341795,115.55999755859376,114.4499969482422,115.12000274658205,102.32472229003906,5132400,4429.10009765625
2021-08-06,115.26000213623048,115.5500030517578,114.43000030517578,114.4499969482422,101.72918701171876,5340400,4436.52001953125
2021-08-09,114.58000183105467,115.19000244140624,113.73999786376952,114.05999755859376,101.3825454711914,5277900,4432.35009765625
2021-08-10,114.1999969482422,115.02999877929688,112.91999816894533,114.81999969482422,102.05806732177734,5120800,4436.75
2021-08-11,115.16000366210938,115.33999633789062,113.5500030517578,113.72000122070312,101.08033752441406,6840400,4442.41015625
2021-08-12,113.95999908447266,115.7300033569336,113.91000366210938,115.63999938964844,102.78694152832033,4863600,4460.830078125
2021-08-13,115.81999969482422,116.76000213623048,115.6999969482422,116.4800033569336,103.5335693359375,4416400,4468.0
2021-08-16,117.0,118.62000274658205,116.70999908447266,118.41000366210938,105.2490463256836,8180500,4479.7099609375
2021-08-17,118.08000183105467,119.73999786376952,118.0,119.66000366210938,106.36011505126952,6551700,4448.080078125
2021-08-18,119.16999816894533,119.91999816894533,117.18000030517578,117.29000091552734,104.25353240966795,5586900,4400.27001953125
2021-08-19,116.20999908447266,118.95999908447266,116.20999908447266,117.93000030517578,104.82239532470705,6145200,4405.7998046875
2021-08-20,118.0999984741211,119.47000122070312,117.6500015258789,118.81999969482422,105.61347198486328,4112500,4441.669921875
2021-08-23,119.8000030517578,120.4499969482422,119.22000122070312,119.36000061035156,106.0934600830078,4748300,4479.52978515625
2021-08-24,119.72000122070312,119.72000122070312,118.41999816894533,119.68000030517578,106.3778839111328,3831500,4486.22998046875
2021-08-25,119.86000061035156,121.4000015258789,118.87000274658205,120.4000015258789,107.01787567138672,5241100,4496.18994140625
2021-08-26,120.86000061035156,121.25,120.1500015258789,120.4000015258789,107.01787567138672,5035400,4470.0
2021-08-27,120.33999633789062,120.63999938964844,119.41999816894533,119.58000183105467,106.28900909423828,4279900,4509.3701171875
2021-08-30,119.83999633789062,120.9000015258789,119.54000091552734,120.56999969482422,107.16897583007812,3260900,4528.7900390625
2021-08-31,120.83000183105467,121.16999816894533,120.02999877929688,120.77999877929688,107.35562133789062,6021800,4522.68017578125
2021-09-01,121.0,121.52999877929688,106.0999984741211,112.2699966430664,99.79149627685548,50943200,4524.08984375
2021-09-02,113.5500030517578,113.73999786376952,110.81999969482422,112.0199966430664,99.56927490234376,14719200,4536.9501953125
2021-09-03,111.18000030517578,112.06999969482422,111.0199966430664,111.62000274658205,99.21373748779295,5364800,4535.43017578125
2021-09-07,110.4499969482422,111.56999969482422,108.31999969482422,109.02999877929688,96.91161346435548,12694200,4520.02978515625
2021-09-08,108.05999755859376,110.9000015258789,107.72000122070312,110.36000061035156,98.0937957763672,10823200,4514.06982421875
2021-09-09,109.44000244140624,109.73999786376952,107.1999969482422,107.2699966430664,95.34722137451172,10337100,4493.27978515625
2021-09-10,107.4800033569336,108.31999969482422,106.36000061035156,106.68000030517578,94.82281494140624,7620100,4458.580078125
2021-09-13,107.38999938964844,108.7699966430664,106.80999755859376,107.4800033569336,95.5338897705078,7398900,4468.72998046875
2021-09-14,107.98999786376952,108.06999969482422,106.25,106.4800033569336,94.6450424194336,6102700,4443.0498046875
2021-09-15,106.58999633789062,108.8000030517578,106.02999877929688,107.7699966430664,95.7916488647461,7444300,4480.7001953125
2021-09-16,108.23999786376952,108.75,106.52999877929688,108.08000183105467,96.06719970703124,5821800,4473.75
2021-09-17,107.5,108.25,107.0999984741211,107.7300033569336,95.75611877441406,14157200,4432.990234375
2021-09-20,106.0999984741211,107.48999786376952,105.55999755859376,106.4000015258789,94.57393646240234,7103400,4357.72998046875
2021-09-21,106.25,107.41000366210938,106.1999969482422,107.1500015258789,95.24056243896484,6400400,4354.18994140625
2021-09-22,107.01000213623048,107.58000183105467,105.93000030517578,106.41000366210938,94.58281707763672,6319100,4395.64013671875
2021-09-23,106.98999786376952,108.2699966430664,106.6500015258789,107.36000061035156,95.42723083496094,5847800,4448.97998046875
2021-09-24,106.87000274658205,108.0500030517578,106.44000244140624,107.06999969482422,95.16946411132812,5836100,4455.47998046875
2021-09-27,107.12999725341795,108.63999938964844,107.0199966430664,107.72000122070312,95.74720764160156,4969600,4443.10986328125
2021-09-28,107.62000274658205,108.62000274658205,107.04000091552734,107.33999633789062,95.40943908691406,6445600,4352.6298828125
2021-09-29,107.8499984741211,109.58000183105467,107.4800033569336,108.83999633789062,96.74272918701172,6270100,4359.4599609375
2021-09-30,109.1999969482422,110.41999816894533,107.77999877929688,107.87000274658205,95.88054656982422,7886400,4307.5400390625
2021-10-01,108.25,109.69000244140624,106.87000274658205,109.08999633789062,96.96492767333984,8611500,4357.0400390625
2021-10-04,108.83999633789062,110.1999969482422,107.69000244140624,108.7300033569336,96.64495849609376,9779200,4300.4599609375
2021-10-05,109.38999938964844,110.58000183105467,109.0999984741211,109.51000213623048,97.33826446533205,7146900,4345.72021484375
2021-10-06,109.3000030517578,109.66999816894533,108.1500015258789,109.31999969482422,97.16939544677734,5710300,4363.5498046875
2021-10-07,109.77999877929688,111.79000091552734,109.55999755859376,110.87000274658205,98.5470962524414,7842600,4399.759765625
2021-10-08,111.0500030517578,111.75,110.63999938964844,111.18000030517578,98.8226318359375,5019800,4391.33984375
2021-10-11,111.13999938964844,111.4000015258789,110.27999877929688,110.33999633789062,98.07599639892578,4613800,4361.18994140625
2021-10-12,110.12000274658205,110.26000213623048,108.16000366210938,108.56999969482422,96.50274658203124,6305800,4350.64990234375
2021-10-13,108.58999633789062,109.04000091552734,108.0,108.52999877929688,96.4671859741211,5471100,4363.7998046875
2021-10-14,107.95999908447266,108.98999786376952,107.8000030517578,108.91000366210938,97.97856903076172,7289500,4438.259765625
2021-10-15,109.1500015258789,109.95999908447266,109.08000183105467,109.33000183105467,98.35641479492188,4634500,4471.3701171875
2021-10-18,108.98999786376952,108.98999786376952,107.08999633789062,107.43000030517578,96.6470947265625,7949400,4486.4599609375
2021-10-19,107.75,108.06999969482422,106.86000061035156,107.4499969482422,96.66511535644533,4614900,4519.6298828125
2021-10-20,107.5,109.11000061035156,107.5,108.41000366210938,97.52875518798828,5626800,4536.18994140625
2021-10-21,108.41000366210938,108.9499969482422,107.1500015258789,108.76000213623048,97.84361267089844,4811800,4549.77978515625
2021-10-22,108.66999816894533,109.22000122070312,108.30999755859376,109.13999938964844,98.18547058105467,4614400,4544.89990234375
2021-10-25,109.08000183105467,109.13999938964844,107.75,108.5,97.60970306396484,5697400,4566.47998046875
2021-10-26,108.80999755859376,109.58000183105467,108.1999969482422,109.48999786376952,98.50035095214844,5047400,4574.7900390625
2021-10-27,109.58000183105467,109.72000122070312,108.16999816894533,108.4000015258789,97.51974487304688,4875300,4551.68017578125
2021-10-28,108.38999938964844,109.9000015258789,108.1999969482422,109.66999816894533,98.66229248046876,5193300,4596.419921875
2021-10-29,112.08999633789062,114.91999816894533,111.41999816894533,114.66999816894533,103.16041564941406,16545000,4605.3798828125
2021-11-01,115.25,115.72000122070312,113.56999969482422,114.80999755859376,103.28636932373048,7096800,4613.669921875
2021-11-02,115.25,117.69000244140624,115.16000366210938,116.52999877929688,104.833740234375,10357800,4630.64990234375
2021-11-03,116.52999877929688,117.61000061035156,116.23999786376952,117.56999969482422,105.76934051513672,6186900,4660.56982421875
2021-11-04,117.56999969482422,117.72000122070312,116.33000183105467,117.05999755859376,105.31053161621094,4912200,4680.06005859375
2021-11-05,116.7300033569336,117.31999969482422,115.5,117.18000030517578,105.4184799194336,4635800,4697.52978515625
2021-11-08,117.1999969482422,117.4499969482422,115.77999877929688,116.05999755859376,104.4109115600586,7015000,4701.7001953125
2021-11-09,116.23999786376952,116.58999633789062,115.41000366210938,115.61000061035156,104.00606536865234,3146800,4685.25
2021-11-10,115.4000015258789,117.0999984741211,115.38999938964844,116.75,105.03163146972656,4981100,4646.7099609375
2021-11-11,116.94000244140624,117.48999786376952,116.29000091552734,116.62999725341795,104.92369842529295,3120900,4649.27001953125
2021-11-12,117.4000015258789,117.4000015258789,116.43000030517578,116.97000122070312,105.22957611083984,2740300,4682.85009765625
2021-11-15,116.9499969482422,117.8000030517578,116.22000122070312,116.83999633789062,105.11260223388672,3941000,4682.7998046875
2021-11-16,116.61000061035156,117.47000122070312,116.33999633789062,116.41999816894533,104.7347640991211,3476400,4700.89990234375
2021-11-17,116.5999984741211,117.62000274658205,116.25,117.3499984741211,105.57142639160156,4361500,4688.669921875
2021-11-18,117.41000366210938,118.37000274658205,116.63999938964844,117.06999969482422,105.31952667236328,3160300,4704.5400390625
2021-11-19,117.62999725341795,117.8000030517578,115.86000061035156,116.23999786376952,104.57284545898438,5885800,4697.9599609375
2021-11-22,115.9499969482422,117.33999633789062,115.01000213623048,115.6500015258789,104.04206085205078,3975800,4682.93994140625
2021-11-23,116.55999755859376,119.33000183105467,116.1500015258789,118.87999725341795,106.94786071777344,8948300,4690.7001953125
2021-11-24,118.68000030517578,119.23999786376952,118.08000183105467,118.66000366210938,106.74993896484376,5792800,4701.4599609375
2021-11-26,117.61000061035156,118.11000061035156,115.83000183105467,116.51000213623048,104.81575012207033,5016700,4594.6201171875
2021-11-29,116.83000183105467,117.91999816894533,116.58000183105467,116.88999938964844,105.15760040283205,4372500,4655.27001953125
2021-11-30,116.68000030517578,116.79000091552734,115.0999984741211,115.27999877929688,103.7092056274414,8172100,4567.0
2021-12-01,115.77999877929688,118.9800033569336,115.61000061035156,115.91000366210938,104.27597045898438,6287500,4513.0400390625
2021-12-02,116.25,117.5999984741211,115.5999984741211,116.87000274658205,105.13961791992188,4919800,4577.10009765625
2021-12-03,117.73999786376952,119.0,117.0,118.8499984741211,106.92086791992188,6428100,4538.43017578125
2021-12-06,119.62999725341795,122.4499969482422,119.20999908447266,121.3499984741211,109.16993713378906,8939900,4591.669921875
2021-12-07,121.9800033569336,122.13999938964844,121.0,121.51000213623048,109.31389617919922,6123300,4686.75
2021-12-08,121.95999908447266,122.44000244140624,120.75,121.87000274658205,109.63774871826172,5278100,4701.2099609375
2021-12-09,122.20999908447266,124.45999908447266,122.0999984741211,124.1500015258789,111.68890380859376,8082300,4667.4501953125
2021-12-10,123.72000122070312,126.01000213623048,123.72000122070312,125.47000122070312,112.8764190673828,7059500,4712.02001953125
2021-12-13,125.1999969482422,127.73999786376952,125.1999969482422,126.51000213623048,113.81202697753906,7834200,4668.97021484375
2021-12-14,125.6999969482422,127.8499984741211,125.37999725341795,127.29000091552734,114.51374816894533,6381400,4634.08984375
2021-12-15,128.25,130.77999877929688,127.5999984741211,130.22999572753906,117.15862274169922,9585600,4709.85009765625
2021-12-16,130.10000610351562,133.27999877929688,129.91000366210938,131.77999877929688,118.55306243896484,9569000,4668.669921875
2021-12-17,130.83999633789062,131.02000427246094,129.3699951171875,129.52999877929688,116.52890014648438,12631100,4620.64013671875
2021-12-20,128.50999450683594,131.38999938964844,128.22999572753906,130.86000061035156,117.72542572021484,7119200,4568.02001953125
2021-12-21,131.22999572753906,131.35000610351562,129.14999389648438,129.9499969482422,116.90674591064452,6085900,4649.22998046875
2021-12-22,129.91000366210938,132.5800018310547,129.77999877929688,132.0500030517578,118.79596710205078,7070900,4696.56005859375
2021-12-23,132.3300018310547,133.77000427246094,132.1699981689453,133.08999633789062,119.73157501220705,5702300,4725.7900390625
2021-12-27,133.19000244140625,134.47999572753906,133.16000366210938,134.41000366210938,120.91909790039062,4436800,4791.18994140625
2021-12-28,134.5500030517578,135.25999450683594,133.74000549316406,134.38999938964844,120.90108489990234,4237200,4786.35009765625
2021-12-29,134.61000061035156,135.8699951171875,134.0800018310547,135.36000061035156,121.77374267578124,5594300,4793.06005859375
2021-12-30,135.75,136.8300018310547,135.6300048828125,135.92999267578125,122.28653717041016,6354300,4778.72998046875
2021-12-31,136.0399932861328,136.2100067138672,135.3000030517578,135.39999389648438,121.80970764160156,3963400,4766.18017578125
2022-01-03,135.41000366210938,135.6999969482422,133.50999450683594,135.4199981689453,121.82771301269533,6839800,4796.56005859375
2022-01-04,135.3300018310547,136.22000122070312,134.3800048828125,135.16000366210938,121.59381103515624,6298300,4793.5400390625
2022-01-05,135.0,138.14999389648438,135.0,135.8699951171875,122.23253631591795,7724900,4700.580078125
2022-01-06,136.39999389648438,136.66000366210938,135.16000366210938,135.22999572753906,121.6567840576172,4667000,4696.0498046875
2022-01-07,135.25,135.83999633789062,134.1300048828125,134.8800048828125,121.34193420410156,8630300,4677.02978515625
2022-01-10,135.0800018310547,136.89999389648438,134.57000732421875,136.38999938964844,122.70034790039062,9794400,4670.2900390625
2022-01-11,135.85000610351562,137.08999633789062,134.8000030517578,136.97000122070312,123.22210693359376,7159400,4713.06982421875
2022-01-12,136.52000427246094,137.38999938964844,136.02999877929688,137.2899932861328,123.51004028320312,6589300,4726.35009765625
2022-01-13,135.0,135.1199951171875,132.89999389648438,133.52000427246094,121.36487579345705,8386400,4659.02978515625
2022-01-14,133.35000610351562,136.0500030517578,132.2899932861328,135.8699951171875,123.50092315673828,10484500,4662.85009765625
2022-01-18,135.50999450683594,137.97999572753906,135.27999877929688,136.77999877929688,124.3280792236328,12341900,4577.10986328125
2022-01-19,136.41000366210938,137.5,134.83999633789062,135.2100067138672,122.90101623535156,6196700,4532.759765625
2022-01-20,134.5,134.8000030517578,132.75,133.02999877929688,120.9194793701172,6612800,4482.72998046875
2022-01-21,133.05999755859375,134.25,131.6699981689453,131.97999572753906,119.96505737304688,7583000,4397.93994140625
2022-01-24,132.82000732421875,133.25,128.25999450683594,132.16000366210938,120.12867736816406,13733800,4410.1298828125
2022-01-25,131.49000549316406,134.32000732421875,130.7899932861328,133.08999633789062,120.97400665283205,10296500,4356.4501953125
2022-01-26,133.2899932861328,135.47999572753906,132.8300018310547,134.22999572753906,122.01023864746094,8040300,4349.93017578125
2022-01-27,135.5,138.3000030517578,135.36000061035156,135.97000122070312,123.5918197631836,8869100,4326.509765625
2022-01-28,135.99000549316406,137.97999572753906,134.60000610351562,137.9199981689453,125.36429595947266,8014400,4431.85009765625
2022-01-31,136.82000732421875,137.1699981689453,135.6199951171875,136.88999938964844,124.42807006835938,10300000,4515.5498046875
2022-02-01,137.3699951171875,137.83999633789062,136.0399932861328,137.0,124.528076171875,7413900,4546.5400390625
2022-02-02,135.41000366210938,139.41000366210938,133.0500030517578,138.6199951171875,126.00059509277344,11363100,4589.3798828125
2022-02-03,139.5,141.7100067138672,139.0399932861328,140.72999572753906,127.91849517822266,10272700,4477.43994140625
2022-02-04,140.14999389648438,142.8000030517578,139.22999572753906,140.64999389648438,127.84577941894533,6921500,4500.52978515625
2022-02-07,141.1699981689453,143.00999450683594,140.3300018310547,142.52999877929688,129.55462646484375,9597800,4483.8701171875
2022-02-08,142.02999877929688,143.60000610351562,141.25,143.50999450683594,130.44540405273438,7559500,4521.5400390625
2022-02-09,143.97999572753906,143.97999572753906,142.83999633789062,143.1999969482422,130.1636199951172,5989100,4587.18017578125
2022-02-10,143.14999389648438,144.4199981689453,142.30999755859375,142.7100067138672,129.71829223632812,7333400,4504.080078125
2022-02-11,142.86000061035156,143.61000061035156,141.5399932861328,142.00999450683594,129.08197021484375,6475200,4418.64013671875
2022-02-14,141.77999877929688,143.19000244140625,139.44000244140625,143.0,129.9818572998047,9931900,4401.669921875
2022-02-15,143.35000610351562,145.4600067138672,143.1999969482422,144.75999450683594,131.58164978027344,9530100,4471.06982421875
2022-02-16,144.74000549316406,147.22000122070312,144.16000366210938,145.8699951171875,132.590576171875,8028900,4475.009765625
2022-02-17,144.8000030517578,145.47000122070312,143.5800018310547,144.97000122070312,131.7725067138672,5486600,4380.259765625
2022-02-18,144.69000244140625,145.72999572753906,143.3699951171875,144.02999877929688,130.91806030273438,7585900,4348.8701171875
2022-02-22,141.25,146.35000610351562,141.25,145.55999755859375,132.30880737304688,11576800,4304.759765625
2022-02-23,146.22000122070312,148.35000610351562,145.36000061035156,146.75999450683594,133.39955139160156,9271000,4225.5
2022-02-24,143.61000061035156,145.6999969482422,143.47000122070312,145.27000427246094,132.04522705078125,12070200,4288.7001953125
2022-02-25,146.1300048828125,150.36000061035156,146.0500030517578,149.5399932861328,135.92645263671875,8320700,4384.64990234375
2022-02-28,146.64999389648438,148.0800018310547,145.75999450683594,147.77000427246094,134.31765747070312,11090600,4373.93994140625
2022-03-01,147.6699981689453,149.5,146.2100067138672,147.69000244140625,134.24490356445312,7489900,4306.259765625
2022-03-02,147.6999969482422,151.25,147.22000122070312,149.57000732421875,135.95375061035156,8247200,4386.5400390625
2022-03-03,149.80999755859375,150.7899932861328,148.85000610351562,150.41000366210938,136.71730041503906,5408400,4363.490234375
2022-03-04,148.60000610351562,150.67999267578125,148.10000610351562,150.55999755859375,136.85362243652344,5389500,4328.8701171875
2022-03-07,149.0,150.75,148.19000244140625,149.4499969482422,135.8446807861328,7137700,4201.08984375
2022-03-08,149.0,149.88999938964844,146.36000061035156,147.14999389648438,133.75404357910156,8817500,4170.7001953125
2022-03-09,148.25999450683594,150.11000061035156,147.75999450683594,148.83999633789062,135.2902069091797,5368900,4277.8798828125
2022-03-10,148.07000732421875,149.75,147.6999969482422,149.1699981689453,135.5901336669922,4635700,4259.52001953125
2022-03-11,149.33999633789062,150.39999389648438,148.97999572753906,149.05999755859375,135.49017333984375,5171400,4204.31005859375
2022-03-14,150.72999572753906,152.97000122070312,149.02000427246094,152.10000610351562,138.25340270996094,8647200,4173.10986328125
2022-03-15,152.25999450683594,156.42999267578125,152.16000366210938,155.8800048828125,141.6892852783203,8384300,4262.4501953125
2022-03-16,156.5,156.82000732421875,153.52000427246094,156.0500030517578,141.84385681152344,7178900,4357.85986328125
2022-03-17,157.1699981689453,158.61000061035156,156.2100067138672,158.58999633789062,144.15260314941406,7227900,4411.669921875
2022-03-18,158.0,159.44000244140625,157.13999938964844,159.1999969482422,144.70706176757812,9912800,4463.1201171875
2022-03-21,159.9499969482422,160.9499969482422,158.99000549316406,160.0500030517578,145.4796905517578,5825000,4461.18017578125
2022-03-22,160.0500030517578,160.3000030517578,158.02000427246094,160.00999450683594,145.44329833984375,5756600,4511.60986328125
2022-03-23,160.00999450683594,161.17999267578125,158.36000061035156,158.4199981689453,143.99806213378906,6300600,4456.240234375
2022-03-24,159.22000122070312,160.72999572753906,158.85000610351562,160.27999877929688,145.68875122070312,4638100,4520.16015625
2022-03-25,160.5500030517578,161.97999572753906,160.22999572753906,161.3300018310547,146.64317321777344,5129400,4543.06005859375
2022-03-28,160.61000061035156,162.02999877929688,159.52999877929688,161.97000122070312,147.2249298095703,4516500,4575.52001953125
2022-03-29,162.99000549316406,163.27999877929688,161.2899932861328,162.17999267578125,147.415771484375,6154100,4631.60009765625
2022-03-30,161.72000122070312,164.35000610351562,161.72000122070312,163.75,148.8428497314453,5151800,4602.4501953125
2022-03-31,162.92999267578125,164.66000366210938,162.10000610351562,162.11000061035156,147.3521728515625,8670100,4530.41015625
2022-04-01,162.14999389648438,163.07000732421875,160.10000610351562,162.67999267578125,147.87026977539062,5703300,4545.85986328125
2022-04-04,162.5,163.83999633789062,161.4600067138672,161.88999938964844,147.15216064453125,6892400,4582.64013671875
2022-04-05,161.88999938964844,165.9600067138672,161.83999633789062,163.42999267578125,148.55198669433594,6683300,4525.1201171875
2022-04-06,164.49000549316406,169.27000427246094,163.8000030517578,168.91000366210938,153.53311157226562,8810800,4481.14990234375
2022-04-07,167.6699981689453,174.58999633789062,167.5399932861328,173.27999877929688,157.50527954101562,7469000,4500.2099609375
2022-04-08,173.0,175.91000366210938,172.5,174.9600067138672,159.03236389160156,7204200,4488.27978515625
2022-04-11,174.89999389648438,175.0399932861328,169.32000732421875,169.8300018310547,154.3693389892578,8163200,4412.52978515625
2022-04-12,169.30999755859375,170.55999755859375,166.2100067138672,167.30999755859375,152.07876586914062,8279700,4397.4501953125
2022-04-13,165.0,165.0,156.4499969482422,158.9499969482422,145.70774841308594,18312600,4446.58984375
2022-04-14,157.85000610351562,163.8699951171875,156.82000732421875,162.30999755859375,148.787841796875,11074800,4392.58984375
2022-04-18,161.9600067138672,162.7899932861328,158.75,159.36000061035156,146.0836181640625,6500200,4391.68994140625
2022-04-19,160.39999389648438,160.5,153.7100067138672,156.35000610351562,143.3243865966797,9359900,4462.2099609375
2022-04-20,156.36000061035156,158.10000610351562,155.52000427246094,156.6999969482422,143.6452178955078,6250000,4459.4501953125
2022-04-21,157.0,160.3800048828125,155.35000610351562,158.52000427246094,145.31358337402344,7903300,4393.66015625
2022-04-22,157.27999877929688,158.32000732421875,154.33999633789062,154.99000549316406,142.0776824951172,7938300,4271.77978515625
2022-04-25,154.83999633789062,156.63999938964844,152.83999633789062,156.3000030517578,143.27854919433594,6932600,4296.1201171875
2022-04-26,156.44000244140625,159.69000244140625,155.82000732421875,156.17999267578125,143.1685333251953,6787800,4175.2001953125
2022-04-27,156.55999755859375,159.5,154.55999755859375,157.6199951171875,144.4885711669922,6039100,4183.9599609375
2022-04-28,158.36000061035156,158.44000244140625,154.33999633789062,156.30999755859375,143.28770446777344,7465000,4287.5
2022-04-29,149.55999755859375,149.86000061035156,139.92999267578125,146.8800048828125,134.64332580566406,25155900,4131.93017578125
2022-05-02,146.64999389648438,148.89999389648438,143.44000244140625,147.8699951171875,135.5508575439453,9690800,4155.3798828125
2022-05-03,148.0500030517578,150.74000549316406,147.9499969482422,149.60000610351562,137.13673400878906,6163400,4175.47998046875
2022-05-04,148.17999267578125,152.3699951171875,147.58999633789062,151.58999633789062,138.96092224121094,5791500,4300.169921875
2022-05-05,152.77000427246094,153.32000732421875,150.0399932861328,152.17999267578125,139.5017547607422,6869300,4146.8701171875
2022-05-06,149.67999267578125,153.52000427246094,149.00999450683594,152.8300018310547,140.09764099121094,6145600,4123.33984375
2022-05-09,151.6199951171875,153.5399932861328,148.92999267578125,150.9600067138672,138.38343811035156,6969000,3991.239990234375
2022-05-10,151.27000427246094,154.52999877929688,150.50999450683594,152.08999633789062,139.4192657470703,6525200,4001.050048828125
2022-05-11,151.02000427246094,154.75999450683594,150.94000244140625,151.9600067138672,139.3001251220703,5630000,3935.179931640625
2022-05-12,153.3800048828125,154.35000610351562,150.14999389648438,154.2899932861328,141.43600463867188,6914800,3930.080078125
2022-05-13,153.4199981689453,154.38999938964844,151.89999389648438,153.5,140.71180725097656,6398500,4023.889892578125
2022-05-16,153.92999267578125,156.88999938964844,153.27000427246094,155.47000122070312,142.51768493652344,6565600,4008.010009765625
2022-05-17,155.3800048828125,155.7899932861328,152.85000610351562,154.77999877929688,141.88516235351562,6032200,4088.85009765625
2022-05-18,154.7899932861328,155.6999969482422,151.75,152.42999267578125,139.73094177246094,6498100,3923.679931640625
2022-05-19,151.1999969482422,152.39999389648438,149.27999877929688,151.72000122070312,139.0801239013672,5994800,3900.7900390625
2022-05-20,152.3300018310547,153.52000427246094,147.80999755859375,151.00999450683594,138.4292449951172,6746400,3901.360107421875
2022-05-23,151.64999389648438,152.0,147.19000244140625,148.02999877929688,135.697509765625,6886400,3973.75
2022-05-24,147.02999877929688,151.35000610351562,146.61000061035156,149.11000061035156,136.68753051757812,6367200,3941.47998046875
2022-05-25,150.36000061035156,152.99000549316406,149.7899932861328,151.9600067138672,139.3001251220703,5042600,3978.72998046875
2022-05-26,151.6300048828125,153.07000732421875,150.38999938964844,150.57000732421875,138.0259246826172,6659300,4057.840087890625
2022-05-27,149.52000427246094,150.0500030517578,147.75,150.0,137.50338745117188,8405000,4158.240234375
2022-05-31,148.63999938964844,148.8800048828125,146.6699981689453,147.3699951171875,135.09251403808594,11227800,4132.14990234375
2022-06-01,147.7899932861328,147.88999938964844,144.32000732421875,146.02000427246094,133.85498046875,5597900,4101.22998046875
2022-06-02,146.64999389648438,147.07000732421875,142.89999389648438,146.75,134.52415466308594,5998900,4176.81982421875
2022-06-03,146.75,148.2100067138672,146.75,147.1699981689453,134.90914916992188,4891800,4108.5400390625
2022-06-06,147.0,147.82000732421875,145.66000366210938,146.52999877929688,134.32247924804688,3912400,4121.43017578125
2022-06-07,146.9199981689453,149.35000610351562,145.8699951171875,149.13999938964844,136.71505737304688,4991200,4160.68017578125
2022-06-08,148.89999389648438,149.85000610351562,148.25,149.25,136.81588745117188,4835200,4115.77001953125
2022-06-09,149.72000122070312,150.52000427246094,145.3000030517578,145.42999267578125,133.3141326904297,5642900,4017.820068359375
2022-06-10,144.33999633789062,144.6300048828125,142.14999389648438,143.1999969482422,131.2698974609375,5464700,3900.860107421875
2022-06-13,140.86000061035156,142.07000732421875,138.77999877929688,139.4199981689453,127.8048324584961,5997000,3749.6298828125
2022-06-14,139.44000244140625,140.66000366210938,136.32000732421875,137.6199951171875,126.1548080444336,5861800,3735.47998046875
2022-06-15,136.57000732421875,139.08999633789062,136.22999572753906,138.08999633789062,126.58563232421876,5981800,3789.989990234375
2022-06-16,136.5399932861328,139.2899932861328,135.75999450683594,139.14999389648438,127.55731964111328,6963400,3666.77001953125
2022-06-17,137.60000610351562,139.52999877929688,137.19000244140625,138.27999877929688,126.75979614257812,10429900,3674.840087890625
2022-06-21,139.9499969482422,143.97000122070312,139.6999969482422,143.47000122070312,131.51742553710938,7160500,3764.7900390625
2022-06-22,143.72000122070312,150.10000610351562,143.61000061035156,147.55999755859375,135.26666259765625,7995700,3759.889892578125
2022-06-23,148.72000122070312,150.8000030517578,147.5399932861328,149.4499969482422,136.99923706054688,7795000,3795.72998046875
2022-06-24,150.88999938964844,152.74000549316406,149.6199951171875,152.33999633789062,139.64846801757812,8527600,3911.739990234375
2022-06-27,153.0,155.4499969482422,152.75,153.13999938964844,140.38182067871094,5377300,3900.110107421875
2022-06-28,153.1699981689453,155.1199951171875,151.38999938964844,152.49000549316406,139.7859649658203,5735700,3821.550048828125
2022-06-29,153.89999389648438,156.6199951171875,153.35000610351562,154.13999938964844,141.2985076904297,6140900,3818.830078125
2022-06-30,153.1699981689453,154.0399932861328,150.8699951171875,153.16000366210938,140.40013122558594,7289500,3785.3798828125
2022-07-01,153.0800018310547,153.86000061035156,151.4600067138672,153.8000030517578,140.98681640625,4620000,3825.330078125
2022-07-05,151.89999389648438,154.0500030517578,149.66000366210938,153.92999267578125,141.10597229003906,5478800,3831.389892578125
2022-07-06,154.61000061035156,154.99000549316406,151.69000244140625,152.52999877929688,139.82260131835938,5113600,3845.080078125
2022-07-07,150.1999969482422,152.5800018310547,150.00999450683594,152.0,139.33677673339844,6516100,3902.6201171875
2022-07-08,152.0,155.25,151.7899932861328,152.85000610351562,140.11598205566406,4078400,3899.3798828125
2022-07-11,152.27999877929688,154.5,152.27999877929688,153.22999572753906,140.46429443359375,4491000,3854.429931640625
2022-07-12,153.0,154.57000732421875,152.05999755859375,152.4600067138672,139.7584686279297,5319500,3818.800048828125
2022-07-13,152.0,153.8300018310547,151.3000030517578,152.14999389648438,139.47427368164062,5221200,3801.780029296875
2022-07-14,148.88999938964844,151.00999450683594,148.49000549316406,150.44000244140625,139.1967010498047,7576900,3790.3798828125
2022-07-15,151.83999633789062,153.8699951171875,151.42999267578125,153.6199951171875,142.13905334472656,4873000,3863.159912109375
2022-07-18,153.8000030517578,154.47000122070312,148.88999938964844,149.57000732421875,138.39173889160156,6838400,3830.85009765625
2022-07-19,150.0,150.22999572753906,148.8000030517578,149.74000549316406,138.54901123046875,5647100,3936.68994140625
2022-07-20,149.52999877929688,150.4499969482422,147.33999633789062,147.69000244140625,136.6522216796875,5315700,3959.89990234375
2022-07-21,147.24000549316406,147.83999633789062,146.02000427246094,147.75,136.70773315429688,4066800,3998.949951171875
2022-07-22,148.47000122070312,149.2899932861328,147.5800018310547,148.47000122070312,137.37393188476562,3639700,3961.6298828125
2022-07-25,148.5399932861328,150.94000244140625,148.50999450683594,150.22000122070312,138.99314880371094,4347000,3966.840087890625
2022-07-26,151.14999389648438,153.55999755859375,150.3300018310547,150.8699951171875,139.59457397460938,4900600,3921.050048828125
2022-07-27,149.5,151.5,148.92999267578125,151.14999389648438,139.85362243652344,4145800,4023.610107421875
2022-07-28,151.44000244140625,152.41000366210938,146.6199951171875,149.75,138.5582733154297,6572300,4072.429931640625
2022-07-29,145.44000244140625,146.3000030517578,139.0500030517578,143.50999450683594,132.7846221923828,17754700,4130.2900390625
2022-08-01,141.50999450683594,142.83999633789062,139.14999389648438,140.22000122070312,129.74050903320312,8523900,4118.6298828125
2022-08-02,141.17999267578125,142.83999633789062,140.10000610351562,140.38999938964844,129.89779663085938,5197100,4091.18994140625
2022-08-03,141.72000122070312,143.02000427246094,140.64999389648438,141.1999969482422,130.6472625732422,5474200,4155.169921875
2022-08-04,142.08999633789062,142.5800018310547,138.69000244140625,138.9199981689453,128.5376739501953,7071700,4151.93994140625
2022-08-05,139.0500030517578,139.91000366210938,137.9499969482422,138.0399932861328,127.7234115600586,5371100,4145.18994140625
2022-08-08,138.0399932861328,140.8000030517578,137.77000427246094,140.33999633789062,129.85153198242188,4854600,4140.06005859375
2022-08-09,140.67999267578125,142.24000549316406,139.8800048828125,140.25,129.7682647705078,3819700,4122.47021484375
2022-08-10,140.91000366210938,141.05999755859375,139.0,140.94000244140625,130.4066925048828,4075300,4210.240234375
2022-08-11,140.22999572753906,142.8699951171875,139.66000366210938,142.0800018310547,131.46148681640625,5972800,4207.27001953125
2022-08-12,141.88999938964844,143.08999633789062,140.27000427246094,142.60000610351562,131.94265747070312,5208700,4280.14990234375
2022-08-15,143.11000061035156,143.27999877929688,140.4199981689453,142.2899932861328,131.65577697753906,4513200,4297.14013671875
2022-08-16,142.11000061035156,143.97999572753906,142.0800018310547,142.5500030517578,131.89637756347656,3852300,4305.2001953125
2022-08-17,141.4199981689453,142.75999450683594,140.5500030517578,141.44000244140625,130.86932373046875,3605200,4274.0400390625
2022-08-18,141.49000549316406,141.5800018310547,139.82000732421875,141.2899932861328,130.73052978515625,3525200,4283.740234375
2022-08-19,141.77999877929688,143.36000061035156,141.4600067138672,141.85000610351562,131.2487030029297,4530700,4228.47998046875
2022-08-22,141.97000122070312,142.66000366210938,139.9600067138672,140.33999633789062,129.85153198242188,4023500,4137.990234375
2022-08-23,139.64999389648438,140.85000610351562,138.4499969482422,139.02000427246094,128.6302032470703,3768100,4128.72998046875
2022-08-24,139.0500030517578,139.4600067138672,137.6999969482422,137.91000366210938,127.60316467285156,5018900,4140.77001953125
2022-08-25,138.77000427246094,139.55999755859375,137.6699981689453,139.3300018310547,128.9169921875,3301200,4199.1201171875
2022-08-26,138.88999938964844,139.85000610351562,136.25,136.35000610351562,126.15973663330078,3838800,4057.659912109375
2022-08-29,136.1999969482422,136.72000122070312,134.75999450683594,135.7100067138672,125.5675811767578,3835800,4030.610107421875
2022-08-30,135.13999938964844,136.49000549316406,134.88999938964844,135.5500030517578,125.41952514648438,4337100,3986.159912109375
2022-08-31,135.69000244140625,136.0399932861328,134.1699981689453,134.4600067138672,124.41098022460938,5789600,3955.0
2022-09-01,134.63999938964844,138.58999633789062,134.10000610351562,138.4499969482422,128.102783203125,4521000,3966.85009765625
2022-09-02,138.66000366210938,139.39999389648438,135.80999755859375,136.27999877929688,126.09498596191406,3601600,3924.260009765625
2022-09-06,137.3000030517578,139.35000610351562,136.24000549316406,137.58999633789062,127.30706024169922,4810600,3908.18994140625
2022-09-07,137.5500030517578,139.0399932861328,135.33999633789062,138.7100067138672,128.34335327148438,4141700,3979.8701171875
2022-09-08,139.63999938964844,140.57000732421875,138.64999389648438,140.52000427246094,130.01809692382812,3988300,4006.179931640625
2022-09-09,140.39999389648438,142.1699981689453,140.10000610351562,141.4199981689453,130.85079956054688,4427000,4067.360107421875
2022-09-12,141.00999450683594,142.8699951171875,140.32000732421875,142.24000549316406,131.60952758789062,4938400,4110.41015625
2022-09-13,140.5500030517578,141.92999267578125,137.49000549316406,138.52999877929688,128.1768035888672,6195900,3932.68994140625
2022-09-14,139.1699981689453,140.44000244140625,138.27000427246094,139.5500030517578,129.12057495117188,4673600,3946.010009765625
2022-09-15,139.99000549316406,143.89999389648438,139.38999938964844,142.50999450683594,131.85935974121094,6416900,3901.35009765625
2022-09-16,143.39999389648438,144.85000610351562,141.36000061035156,144.05999755859375,133.29351806640625,13887500,3873.330078125
2022-09-19,143.63999938964844,143.86000061035156,141.42999267578125,142.66000366210938,131.99813842773438,5042500,3899.889892578125
2022-09-20,141.82000732421875,142.49000549316406,140.3699951171875,141.77000427246094,131.1746826171875,4532900,3855.929931640625
2022-09-21,142.14999389648438,143.6300048828125,140.2899932861328,140.30999755859375,129.82376098632812,5076100,3789.929931640625
2022-09-22,140.2100067138672,144.4600067138672,140.0,143.00999450683594,132.32199096679688,6161000,3757.989990234375
2022-09-23,142.07000732421875,143.4199981689453,140.9499969482422,143.05999755859375,132.36825561523438,5751600,3693.22998046875
2022-09-26,142.0800018310547,142.8000030517578,140.11000061035156,141.2100067138672,130.65650939941406,5697800,3655.0400390625
2022-09-27,142.58999633789062,145.5399932861328,141.2899932861328,141.72000122070312,131.12840270996094,5598000,3647.2900390625
2022-09-28,144.22000122070312,145.32000732421875,142.6199951171875,144.60000610351562,133.7931671142578,5226700,3719.0400390625
2022-09-29,144.85000610351562,145.25,141.8300018310547,142.72000122070312,132.0536651611328,5509400,3640.469970703125
2022-09-30,142.1999969482422,142.32000732421875,134.08999633789062,134.2100067138672,124.17967224121094,15359000,3585.6201171875
2022-10-03,135.8800048828125,138.8000030517578,135.30999755859375,138.32000732421875,127.98249053955078,7437500,3678.429931640625
2022-10-04,139.2100067138672,142.72000122070312,137.75999450683594,141.99000549316406,131.3782196044922,6612300,3790.929931640625
2022-10-05,141.47000122070312,144.47000122070312,141.11000061035156,143.3300018310547,132.61807250976562,4777900,3783.280029296875
2022-10-06,142.7899932861328,142.99000549316406,139.89999389648438,140.2899932861328,129.8052520751953,5124800,3744.52001953125
2022-10-07,139.00999450683594,140.0500030517578,137.5500030517578,138.75999450683594,128.3896026611328,4648800,3639.659912109375
2022-10-10,139.02999877929688,139.58999633789062,136.8699951171875,138.30999755859375,127.97322845458984,3830800,3612.389892578125
2022-10-11,138.02000427246094,143.67999267578125,138.02000427246094,141.50999450683594,130.93408203125,5675100,3588.840087890625
2022-10-12,141.63999938964844,143.05999755859375,139.92999267578125,139.97999572753906,129.51844787597656,4528000,3577.030029296875
2022-10-13,136.6999969482422,143.17999267578125,136.27000427246094,142.9199981689453,133.5843048095703,5066200,3669.909912109375
2022-10-14,142.60000610351562,144.47999572753906,142.2100067138672,142.94000244140625,133.6029815673828,5290500,3583.070068359375
2022-10-17,142.64999389648438,144.92999267578125,142.10000610351562,144.41000366210938,134.9769744873047,4016200,3677.949951171875
2022-10-18,145.22999572753906,145.8699951171875,143.52999877929688,144.60000610351562,135.15455627441406,3540400,3719.97998046875
2022-10-19,144.8000030517578,145.4499969482422,142.30999755859375,143.1300048828125,133.7805938720703,3333300,3695.159912109375
2022-10-20,143.16000366210938,144.0399932861328,142.42999267578125,142.92999267578125,133.59364318847656,3880100,3665.780029296875
2022-10-21,143.33999633789062,147.75999450683594,142.42999267578125,147.05999755859375,137.453857421875,5419400,3752.75
2022-10-24,148.7100067138672,151.52999877929688,148.6999969482422,150.88999938964844,141.03369140625,5139700,3797.340087890625
2022-10-25,148.02999877929688,150.60000610351562,147.2899932861328,149.82000732421875,140.03359985351562,5229400,3859.110107421875
2022-10-26,151.00999450683594,152.88999938964844,150.6999969482422,152.50999450683594,142.54783630371094,4727900,3830.60009765625
2022-10-27,153.75999450683594,153.99000549316406,152.05999755859375,153.5,143.4731903076172,6850400,3807.300048828125
2022-10-28,145.92999267578125,148.97999572753906,142.33999633789062,147.61000061035156,137.96792602539062,10812200,3901.06005859375
2022-10-31,145.1699981689453,146.77999877929688,144.0800018310547,146.39999389648438,136.8369598388672,8604800,3871.97998046875
2022-11-01,146.66000366210938,147.6999969482422,144.5500030517578,146.91000366210938,137.3136749267578,6351200,3856.10009765625
2022-11-02,147.02999877929688,148.0800018310547,144.47999572753906,144.52000427246094,135.07974243164062,5345000,3759.68994140625
2022-11-03,144.0,145.4199981689453,143.02999877929688,144.4199981689453,134.98631286621094,3850700,3719.889892578125
2022-11-04,145.35000610351562,145.5800018310547,143.0800018310547,145.27999877929688,135.79014587402344,4623700,3770.550048828125
2022-11-07,145.27999877929688,148.8000030517578,144.6999969482422,148.10000610351562,138.42593383789062,4304000,3806.800048828125
2022-11-08,148.8300018310547,151.6300048828125,147.9600067138672,148.52999877929688,138.8278350830078,4637500,3828.110107421875
2022-11-09,148.58999633789062,150.57000732421875,147.0399932861328,147.6199951171875,137.97726440429688,4573700,3748.570068359375
2022-11-10,150.66000366210938,150.66000366210938,147.75,149.72000122070312,139.9401092529297,5607700,3956.3701171875
2022-11-11,149.5399932861328,150.52000427246094,145.75,150.16000366210938,140.35137939453125,6786400,3992.929931640625
2022-11-14,150.97999572753906,154.5399932861328,150.97999572753906,151.74000549316406,141.8281707763672,7077100,3957.25
2022-11-15,153.38999938964844,153.4199981689453,149.9600067138672,153.0399932861328,143.04324340820312,5909500,3991.72998046875
2022-11-16,153.44000244140625,156.69000244140625,151.22999572753906,151.8699951171875,141.94967651367188,7358700,3958.7900390625
2022-11-17,150.97000122070312,153.07000732421875,149.97000122070312,152.16000366210938,142.22073364257812,5069500,3946.56005859375
2022-11-18,153.6699981689453,155.63999938964844,153.6699981689453,154.97999572753906,144.85653686523438,5691100,3965.340087890625
2022-11-21,155.39999389648438,158.6300048828125,154.42999267578125,157.11000061035156,146.84739685058594,6492100,3949.93994140625
2022-11-22,157.69000244140625,159.8800048828125,157.55999755859375,159.7899932861328,149.35231018066406,5351100,4003.580078125
2022-11-23,159.9499969482422,160.94000244140625,158.82000732421875,159.38999938964844,148.97845458984375,3221100,4027.260009765625
2022-11-25,159.58999633789062,160.75,159.24000549316406,159.6199951171875,149.1934356689453,1661900,4026.1201171875
2022-11-28,160.0,160.72999572753906,157.8300018310547,158.42999267578125,148.08114624023438,3902800,3963.93994140625
2022-11-29,158.30999755859375,159.42999267578125,157.2100067138672,158.1999969482422,147.86618041992188,3689000,3957.6298828125
2022-11-30,158.7899932861328,161.17999267578125,156.4600067138672,161.17999267578125,150.65151977539062,12342500,4080.110107421875
2022-12-01,161.0,163.1999969482422,159.97999572753906,161.6300048828125,151.07212829589844,5827800,4076.570068359375
2022-12-02,160.72000122070312,163.75999450683594,160.50999450683594,163.66000366210938,152.9695281982422,4304900,4071.699951171875
2022-12-05,162.88999938964844,165.19000244140625,162.88999938964844,163.94000244140625,153.2312469482422,4859400,3998.840087890625
2022-12-06,164.02999877929688,164.38999938964844,161.5500030517578,163.72000122070312,153.02561950683594,5480400,3941.260009765625
2022-12-07,163.69000244140625,165.52999877929688,163.25999450683594,165.39999389648438,154.5958709716797,4637800,3933.919921875
2022-12-08,165.39999389648438,166.22999572753906,164.27999877929688,165.99000549316406,155.14735412597656,4274400,3963.510009765625
2022-12-09,166.75999450683594,167.75,162.80999755859375,163.05999755859375,152.40872192382812,4644800,3934.3798828125
2022-12-12,163.2100067138672,165.49000549316406,162.75,165.32000732421875,154.52110290527344,4109400,3990.56005859375
2022-12-13,166.9499969482422,167.5,164.6699981689453,164.7899932861328,154.02569580078125,5050400,4019.64990234375
2022-12-14,164.60000610351562,165.97999572753906,162.8300018310547,164.86000061035156,154.09112548828125,4485400,3995.320068359375
2022-12-15,163.88999938964844,164.61000061035156,161.9499969482422,163.10000610351562,152.4461212158203,5268300,3895.75
2022-12-16,162.0500030517578,163.32000732421875,160.47999572753906,160.47999572753906,149.99725341796875,18905500,3852.360107421875
2022-12-19,160.77999877929688,162.22999572753906,160.05999755859375,161.49000549316406,150.9412841796875,4033400,3817.659912109375
2022-12-20,161.61000061035156,161.85000610351562,160.07000732421875,160.5800018310547,150.09072875976562,4221000,3821.6201171875
2022-12-21,161.4499969482422,162.72999572753906,160.36000061035156,162.2100067138672,151.61424255371094,3707200,3878.43994140625
2022-12-22,161.8699951171875,163.38999938964844,161.52999877929688,163.27000427246094,152.60501098632812,3606000,3822.389892578125
2022-12-23,163.38999938964844,163.82000732421875,162.3300018310547,163.10000610351562,152.4461212158203,2685100,3844.820068359375
2022-12-27,163.49000549316406,163.80999755859375,161.77999877929688,162.99000549316406,152.34332275390625,2669200,3829.25
2022-12-28,163.6999969482422,164.69000244140625,162.11000061035156,162.22999572753906,151.63294982910156,2944500,3783.219970703125
2022-12-29,162.9600067138672,163.8800048828125,162.19000244140625,162.55999755859375,151.94139099121094,3112500,3849.280029296875
2022-12-30,162.22999572753906,162.85000610351562,159.82000732421875,161.61000061035156,151.05343627929688,3680400,3839.5
2023-01-03,162.0399932861328,163.02000427246094,160.80999755859375,162.3800048828125,151.7731475830078,4937500,3824.139892578125
2023-01-04,162.39999389648438,164.27999877929688,161.50999450683594,163.69000244140625,152.99757385253906,4440400,3852.969970703125
2023-01-05,163.08999633789062,164.49000549316406,162.33999633789062,163.49000549316406,152.81063842773438,3516000,3808.10009765625
2023-01-06,164.83999633789062,168.11000061035156,164.1199951171875,166.5500030517578,155.67074584960938,5099100,3895.080078125
2023-01-09,165.89999389648438,166.27999877929688,160.8800048828125,161.66000366210938,151.1001739501953,7833000,3892.090087890625
2023-01-10,162.22999572753906,162.4199981689453,158.3000030517578,159.63999938964844,149.2121124267578,5936200,3919.25
2023-01-11,159.22000122070312,159.33999633789062,155.05999755859375,157.1699981689453,146.90347290039062,7492000,3969.610107421875
2023-01-12,155.0,155.25999450683594,151.72000122070312,152.22000122070312,143.62930297851562,7665100,3983.169921875
2023-01-13,152.08999633789062,153.80999755859375,151.33999633789062,153.60000610351562,144.93141174316406,6019300,3999.090087890625
2023-01-17,153.8000030517578,155.10000610351562,152.5800018310547,152.8300018310547,144.2048797607422,8507000,3990.969970703125
2023-01-18,152.1199951171875,152.4199981689453,149.07000732421875,149.1999969482422,140.7797393798828,6190800,3928.860107421875
2023-01-19,148.9499969482422,150.5399932861328,147.3300018310547,148.7100067138672,140.31741333007812,7169900,3898.85009765625
2023-01-20,149.42999267578125,149.7100067138672,147.14999389648438,149.58999633789062,141.14772033691406,7059000,3972.610107421875
2023-01-23,149.86000061035156,150.42999267578125,148.0500030517578,148.5500030517578,140.16641235351562,7616400,4019.81005859375
2023-01-24,148.0800018310547,148.8699951171875,146.44000244140625,147.69000244140625,139.35496520996094,5171400,4016.949951171875
2023-01-25,147.3800048828125,147.97999572753906,146.5,147.7899932861328,139.44931030273438,5744300,4016.219970703125
2023-01-26,147.9199981689453,148.6999969482422,147.11000061035156,147.39999389648438,139.08132934570312,4577800,4060.429931640625
2023-01-27,147.30999755859375,147.67999267578125,146.00999450683594,146.27999877929688,138.0245361328125,4591500,4070.56005859375
2023-01-30,145.8699951171875,147.1199951171875,145.25999450683594,145.64999389648438,137.4300994873047,4573400,4017.77001953125
2023-01-31,145.6300048828125,147.85000610351562,144.41000366210938,147.75,139.4115753173828,5628700,4076.60009765625
2023-02-01,146.6300048828125,147.44000244140625,145.25,146.60000610351562,138.32647705078125,5439900,4119.2099609375
2023-02-02,145.92999267578125,145.92999267578125,143.44000244140625,144.83999633789062,136.66580200195312,6160800,4179.759765625
2023-02-03,145.9199981689453,146.8000030517578,144.6999969482422,145.1999969482422,137.0054931640625,6553000,4136.47998046875
2023-02-06,145.74000549316406,146.3300018310547,144.80999755859375,145.02000427246094,136.8356475830078,4297000,4111.080078125
2023-02-07,144.5800018310547,145.4600067138672,143.66000366210938,145.13999938964844,136.94886779785156,5401900,4164.0
2023-02-08,145.41000366210938,146.35000610351562,144.47000122070312,144.61000061035156,136.4487762451172,5753800,4117.85986328125
2023-02-09,148.5,153.6999969482422,147.89999389648438,148.6999969482422,140.30796813964844,12216900,4081.5
2023-02-10,149.69000244140625,153.17999267578125,148.77000427246094,152.0500030517578,143.46890258789062,8956700,4090.4599609375
2023-02-13,152.02000427246094,153.77999877929688,151.25999450683594,153.72999572753906,145.0540771484375,5602600,4137.2900390625
2023-02-14,153.9199981689453,154.0,151.75999450683594,152.58999633789062,143.97840881347656,4662800,4136.1298828125
2023-02-15,152.6199951171875,153.49000549316406,150.8300018310547,151.05999755859375,142.5347900390625,5648100,4147.60009765625
2023-02-16,149.11000061035156,150.5,148.72999572753906,149.52999877929688,141.09112548828125,3757500,4090.409912109375
2023-02-17,149.14999389648438,151.38999938964844,148.61000061035156,151.30999755859375,142.77066040039062,4562400,4079.090087890625
2023-02-21,149.82000732421875,153.02000427246094,149.82000732421875,152.0,143.42172241210938,8466100,3997.340087890625
2023-02-22,151.0,152.14999389648438,150.24000549316406,150.6699981689453,142.16677856445312,6041700,3991.050048828125
2023-02-23,150.89999389648438,153.57000732421875,149.1699981689453,152.07000732421875,143.48777770996094,5993300,4012.320068359375
2023-02-24,151.3000030517578,152.97999572753906,150.91000366210938,152.7100067138672,144.09164428710938,5621100,3970.0400390625
2023-02-27,153.25999450683594,154.75,153.10000610351562,154.27999877929688,145.57302856445312,6828800,3982.239990234375
2023-02-28,153.9600067138672,154.3699951171875,152.6199951171875,153.89999389648438,145.21450805664062,7561700,3970.14990234375
2023-03-01,152.75999450683594,155.5800018310547,152.3699951171875,155.27000427246094,146.50718688964844,5485800,3951.389892578125
2023-03-02,155.22999572753906,155.77000427246094,154.2100067138672,154.3800048828125,145.6674041748047,4567800,3981.35009765625
2023-03-03,154.3300018310547,156.1699981689453,154.00999450683594,156.05999755859375,147.25257873535156,4851200,4045.639892578125
2023-03-06,155.7899932861328,156.4600067138672,154.5399932861328,155.27999877929688,146.51661682128906,4051900,4048.419921875
2023-03-07,155.57000732421875,155.6699981689453,152.0500030517578,152.92999267578125,144.29922485351562,4606900,3986.3701171875
2023-03-08,152.7899932861328,153.74000549316406,148.5399932861328,149.60000610351562,141.15716552734375,5860100,3992.010009765625
2023-03-09,150.07000732421875,150.91000366210938,146.57000732421875,147.35000610351562,139.0341339111328,5350200,3918.320068359375
2023-03-10,147.83999633789062,150.63999938964844,147.47000122070312,149.7100067138672,141.26095581054688,6825500,3861.590087890625
2023-03-13,149.0,153.32000732421875,149.0,151.9499969482422,143.37454223632812,7653800,3855.760009765625
2023-03-14,151.9499969482422,153.99000549316406,151.4600067138672,153.85000610351562,145.1673126220703,6644100,3919.2900390625
2023-03-15,152.17999267578125,154.3800048828125,151.72999572753906,154.05999755859375,145.36544799804688,6304600,3891.929931640625
2023-03-16,153.1999969482422,155.9199981689453,152.50999450683594,155.3000030517578,146.5354766845703,6331200,3960.280029296875
2023-03-17,155.77999877929688,156.07000732421875,151.8800048828125,154.22000122070312,145.5164337158203,42756400,3916.639892578125
2023-03-20,154.52000427246094,156.33999633789062,154.4600067138672,156.1199951171875,147.3092041015625,4408200,3951.570068359375
2023-03-21,156.63999938964844,157.0500030517578,155.10000610351562,156.77000427246094,147.92251586914062,4675700,4002.8701171875
2023-03-22,155.67999267578125,156.8800048828125,153.61000061035156,153.6699981689453,144.99746704101562,4376900,3936.969970703125
2023-03-23,154.10000610351562,156.5,154.02000427246094,155.3000030517578,146.5354766845703,4584000,3948.719970703125
2023-03-24,155.27999877929688,158.47999572753906,154.58999633789062,158.02000427246094,149.1019744873047,4678700,3970.989990234375
2023-03-27,158.8300018310547,159.13999938964844,157.3800048828125,157.5399932861328,148.6490478515625,3887800,3977.530029296875
2023-03-28,157.8000030517578,158.60000610351562,157.4499969482422,158.25,149.3190155029297,3532500,3971.27001953125
2023-03-29,158.97999572753906,159.6999969482422,156.36000061035156,158.0,149.08311462402344,3959900,4027.81005859375
2023-03-30,158.00999450683594,158.52999877929688,157.4199981689453,157.9199981689453,149.00762939453125,3635800,4050.830078125
2023-03-31,158.42999267578125,159.57000732421875,157.72999572753906,159.3699951171875,150.37579345703125,4957300,4109.31005859375
2023-04-03,158.25,160.47000122070312,157.7899932861328,160.4199981689453,151.36651611328125,4389400,4124.509765625
2023-04-04,160.50999450683594,161.72999572753906,159.52999877929688,159.77999877929688,150.7626495361328,4224400,4100.60009765625
2023-04-05,160.0,161.6699981689453,159.00999450683594,160.8000030517578,151.72508239746094,5743000,4090.3798828125
2023-04-06,160.8000030517578,162.19000244140625,160.6199951171875,161.5500030517578,152.43275451660156,5498300,4105.02001953125
2023-04-10,161.7100067138672,162.05999755859375,160.2100067138672,161.27999877929688,152.177978515625,3309500,4109.10986328125
2023-04-11,161.49000549316406,162.58999633789062,161.19000244140625,161.3800048828125,152.27235412597656,2875800,4108.93994140625
2023-04-12,162.1199951171875,163.47999572753906,161.60000610351562,162.36000061035156,153.19703674316406,4005000,4091.949951171875
2023-04-13,161.0,162.86000061035156,160.5500030517578,162.69000244140625,154.92059326171875,3868500,4146.22021484375
2023-04-14,162.63999938964844,163.0,160.92999267578125,161.58999633789062,153.8731231689453,3473100,4137.64013671875
2023-04-17,161.9199981689453,162.1999969482422,160.64999389648438,161.17999267578125,153.48269653320312,4354100,4151.31982421875
2023-04-18,161.0,161.22999572753906,158.41000366210938,159.58999633789062,151.9686279296875,4996200,4154.8701171875
2023-04-19,158.6699981689453,161.44000244140625,158.52000427246094,161.2100067138672,153.5112762451172,4826900,4154.52001953125
2023-04-20,161.17999267578125,161.77000427246094,160.5800018310547,161.74000549316406,154.01597595214844,3808100,4129.7900390625
2023-04-21,162.58999633789062,163.19000244140625,162.02000427246094,162.41000366210938,154.6539764404297,4812100,4133.52001953125
2023-04-24,162.57000732421875,164.36000061035156,162.3300018310547,164.0800018310547,156.2442169189453,4728900,4137.0400390625
2023-04-25,164.80999755859375,166.1999969482422,164.49000549316406,164.89999389648438,157.02503967285156,5506200,4071.6298828125
2023-04-26,162.67999267578125,163.25999450683594,160.5,161.8000030517578,154.07310485839844,5192000,4055.989990234375
2023-04-27,153.8699951171875,153.8699951171875,147.16000366210938,148.8699951171875,141.76055908203125,17063000,4135.35009765625
2023-04-28,147.97000122070312,151.38999938964844,147.44000244140625,151.1199951171875,143.9031219482422,7123800,4169.47998046875
2023-05-01,150.83999633789062,154.7100067138672,150.82000732421875,153.7100067138672,146.36944580078125,5601000,4167.8701171875
2023-05-02,153.5500030517578,155.02000427246094,151.1999969482422,151.6199951171875,144.37925720214844,5135600,4119.580078125
2023-05-03,151.07000732421875,151.50999450683594,148.4499969482422,149.25,142.12245178222656,6815300,4090.75
2023-05-04,149.0,149.0,146.35000610351562,147.36000061035156,140.32269287109375,5694300,4061.219970703125
2023-05-05,148.5399932861328,149.3800048828125,147.13999938964844,148.02999877929688,140.96070861816406,4447700,4136.25
2023-05-08,148.14999389648438,148.1999969482422,146.74000549316406,147.4499969482422,140.4084014892578,3689500,4138.1201171875
2023-05-09,147.41000366210938,148.4600067138672,146.27000427246094,146.8300018310547,139.81800842285156,4201600,4119.169921875
2023-05-10,146.52000427246094,146.97999572753906,145.14999389648438,146.4199981689453,139.42758178710938,4127300,4137.64013671875
2023-05-11,147.2899932861328,147.57000732421875,145.19000244140625,146.58999633789062,139.5894775390625,4300400,4130.6201171875
2023-05-12,146.7899932861328,147.60000610351562,146.07000732421875,147.14999389648438,140.12274169921875,3526200,4124.080078125
2023-05-15,147.6699981689453,148.89999389648438,145.66000366210938,146.58999633789062,139.5894775390625,4391800,4136.27978515625
2023-05-16,145.86000061035156,146.94000244140625,143.22999572753906,143.2899932861328,136.44705200195312,4685400,4109.89990234375
2023-05-17,143.02000427246094,143.52000427246094,140.52000427246094,143.35000610351562,136.5041961669922,5482000,4158.77001953125
2023-05-18,142.61000061035156,143.55999755859375,141.97999572753906,143.44000244140625,136.58990478515625,4791200,4198.0498046875
2023-05-19,143.86000061035156,145.8000030517578,143.8000030517578,145.11000061035156,138.18014526367188,5609900,4191.97998046875
2023-05-22,145.47000122070312,146.66000366210938,143.77999877929688,144.89999389648438,137.98016357421875,3867300,4192.6298828125
2023-05-23,144.4499969482422,144.82000732421875,142.33999633789062,142.52000427246094,135.71385192871094,5121900,4145.580078125
2023-05-24,142.58999633789062,142.94000244140625,140.94000244140625,141.14999389648438,134.4092559814453,4143500,4115.240234375
2023-05-25,140.02999877929688,140.1999969482422,138.25999450683594,138.6199951171875,132.0000762939453,6986600,4151.27978515625
2023-05-26,138.72000122070312,139.85000610351562,137.10000610351562,137.55999755859375,130.99070739746094,7590300,4205.4501953125
2023-05-30,135.49000549316406,136.83999633789062,135.25,136.44000244140625,129.92420959472656,7671500,4205.52001953125
2023-05-31,136.6199951171875,138.7100067138672,135.77000427246094,137.9600067138672,131.37159729003906,12579100,4179.830078125
2023-06-01,135.25999450683594,135.25999450683594,131.10000610351562,133.44000244140625,127.06745147705078,11895600,4221.02001953125
2023-06-02,133.7100067138672,136.97000122070312,133.5,136.8699951171875,130.33364868164062,6661200,4282.3701171875
2023-06-05,137.0,138.30999755859375,136.2899932861328,136.86000061035156,130.32412719726562,4276200,4273.7900390625
2023-06-06,137.47000122070312,137.5399932861328,134.6300048828125,135.42999267578125,128.96243286132812,4359900,4283.85009765625
2023-06-07,134.89999389648438,137.05999755859375,134.25999450683594,136.5,129.98133850097656,4645200,4267.52001953125
2023-06-08,137.0,137.88999938964844,136.0,137.63999938964844,131.06689453125,4714200,4293.93017578125
2023-06-09,137.55999755859375,139.19000244140625,137.0800018310547,138.17999267578125,131.5811004638672,4359500,4298.85986328125
2023-06-12,139.5800018310547,139.6699981689453,136.91000366210938,137.72999572753906,131.15257263183594,4888500,4338.93017578125
2023-06-13,137.50999450683594,138.47000122070312,137.1999969482422,138.30999755859375,131.70489501953125,4229100,4369.009765625
2023-06-14,138.80999755859375,139.27000427246094,136.0800018310547,136.22999572753906,129.72421264648438,6128300,4372.58984375
2023-06-15,136.75,136.83999633789062,135.4600067138672,135.88999938964844,129.4004669189453,6614900,4425.83984375
2023-06-16,136.6999969482422,138.9199981689453,136.49000549316406,138.63999938964844,132.0191192626953,14615000,4409.58984375
2023-06-20,137.10000610351562,138.9499969482422,136.66000366210938,137.82000732421875,131.23831176757812,4868800,4388.7099609375
2023-06-21,136.75,137.42999267578125,134.67999267578125,136.86000061035156,130.32412719726562,5828400,4365.68994140625
2023-06-22,137.14999389648438,137.89999389648438,135.88999938964844,137.41000366210938,130.84786987304688,4826900,4381.89013671875
2023-06-23,137.3000030517578,138.69000244140625,135.6699981689453,135.9199981689453,129.4290313720703,7394900,4348.330078125
2023-06-26,136.14999389648438,136.14999389648438,133.69000244140625,134.9499969482422,128.5053253173828,6468100,4328.81982421875
2023-06-27,134.8800048828125,134.8800048828125,132.52000427246094,132.60000610351562,126.267578125,7839900,4378.41015625
2023-06-28,132.60000610351562,133.1699981689453,130.9600067138672,132.50999450683594,126.18185424804688,6911900,4376.85986328125
2023-06-29,132.3699951171875,133.91000366210938,132.1300048828125,133.22999572753906,126.86750030517578,4947600,4396.43994140625
2023-06-30,133.47000122070312,135.92999267578125,132.8000030517578,134.72999572753906,128.29583740234375,8710500,4450.3798828125
2023-07-03,134.0,135.42999267578125,133.14999389648438,135.00999450683594,128.56248474121094,2674600,4455.58984375
2023-07-05,135.17999267578125,137.8800048828125,134.63999938964844,137.6199951171875,131.0478515625,6903300,4446.81982421875
2023-07-06,137.47999572753906,138.27999877929688,136.44000244140625,137.25,130.6955108642578,6091000,4411.58984375
2023-07-07,137.14999389648438,137.64999389648438,135.35000610351562,135.5,129.02908325195312,6872700,4398.9501953125
2023-07-10,135.41000366210938,136.08999633789062,134.05999755859375,134.49000549316406,128.06732177734375,5153300,4409.52978515625
2023-07-11,134.0,135.75999450683594,133.67999267578125,135.57000732421875,129.0957489013672,5144800,4439.259765625
2023-07-12,135.82000732421875,136.60000610351562,134.7899932861328,134.97999572753906,128.53392028808594,4944100,4472.16015625
2023-07-13,132.92999267578125,134.10000610351562,132.6999969482422,133.58999633789062,128.6205596923828,4631800,4510.0400390625
2023-07-14,134.72999572753906,136.6199951171875,134.1199951171875,136.00999450683594,130.95053100585938,5543400,4505.419921875
2023-07-17,135.82000732421875,136.22999572753906,134.55999755859375,134.8300018310547,129.81443786621094,4033000,4522.7900390625
2023-07-18,134.8000030517578,137.89999389648438,134.7100067138672,136.5800018310547,131.4993438720703,5392800,4554.97998046875
2023-07-19,137.24000549316406,138.05999755859375,136.9499969482422,137.67999267578125,132.55841064453125,4784200,4565.72021484375
2023-07-20,138.83999633789062,142.72000122070312,138.5500030517578,142.19000244140625,136.90065002441406,7009800,4534.8701171875
2023-07-21,142.1999969482422,144.17999267578125,141.94000244140625,143.74000549316406,138.3929901123047,5654300,4536.33984375
2023-07-24,143.10000610351562,144.42999267578125,142.83999633789062,143.17999267578125,137.85382080078125,4468700,4554.64013671875
2023-07-25,142.39999389648438,142.92999267578125,141.32000732421875,141.6300048828125,136.3614959716797,4778200,4567.4599609375
2023-07-26,141.42999267578125,142.27999877929688,140.52000427246094,141.89999389648438,136.62142944335938,5006800,4566.75
2023-07-27,144.47999572753906,151.3699951171875,144.47999572753906,148.85000610351562,143.31289672851562,13664400,4537.41015625
2023-07-28,149.9199981689453,151.75999450683594,148.55999755859375,150.85000610351562,145.23851013183594,8000300,4582.22998046875
2023-07-31,150.42999267578125,150.5,147.6199951171875,149.5800018310547,144.0157470703125,9109200,4588.9599609375
2023-08-01,150.0,150.8699951171875,147.83999633789062,148.5399932861328,143.01441955566406,4409600,4576.72998046875
2023-08-02,148.11000061035156,150.57000732421875,148.11000061035156,149.3800048828125,143.8231964111328,5756400,4513.39013671875
2023-08-03,148.9600067138672,149.36000061035156,148.17999267578125,149.0500030517578,143.50547790527344,4674300,4501.89013671875
2023-08-04,148.97000122070312,150.57000732421875,147.16000366210938,147.72999572753906,142.23455810546875,4231200,4478.02978515625
2023-08-07,148.0,150.8800048828125,147.8000030517578,150.3300018310547,144.7378692626953,3800600,4518.43994140625
2023-08-08,150.77999877929688,151.75,148.9199981689453,149.6199951171875,144.0542449951172,4013400,4499.3798828125
2023-08-09,150.49000549316406,152.05999755859375,149.91000366210938,150.77000427246094,145.16148376464844,3737100,4467.7099609375
2023-08-10,151.1999969482422,152.83999633789062,150.57000732421875,151.44000244140625,145.8065643310547,3275800,4468.830078125
2023-08-11,151.9499969482422,153.5,151.72000122070312,152.17999267578125,146.51902770996094,3454800,4464.0498046875
2023-08-14,153.02000427246094,153.13999938964844,151.57000732421875,152.27000427246094,146.60568237304688,2570900,4489.72021484375
2023-08-15,151.57000732421875,152.89999389648438,150.7899932861328,152.1199951171875,146.4612579345703,3636300,4437.85986328125
2023-08-16,152.58999633789062,153.60000610351562,151.3800048828125,151.5500030517578,145.91249084472656,3214900,4404.330078125
2023-08-17,151.16000366210938,151.91000366210938,149.9199981689453,150.02000427246094,144.4393768310547,5285700,4370.35986328125
2023-08-18,150.2899932861328,150.92999267578125,149.22999572753906,150.13999938964844,144.554931640625,4050900,4369.7099609375
2023-08-21,149.7100067138672,150.35000610351562,148.8800048828125,150.16000366210938,144.57418823242188,3944800,4399.77001953125
2023-08-22,150.0,150.0,147.97000122070312,148.24000549316406,142.72560119628906,3209900,4387.5498046875
2023-08-23,148.6699981689453,149.0,145.94000244140625,147.0800018310547,141.60874938964844,5414800,4436.009765625
2023-08-24,146.9199981689453,147.82000732421875,146.35000610351562,146.6300048828125,141.17550659179688,3986300,4376.31005859375
2023-08-25,147.02000427246094,147.6699981689453,146.1999969482422,146.69000244140625,141.23324584960938,3275100,4405.7099609375
2023-08-28,147.08999633789062,148.07000732421875,146.77000427246094,147.42999267578125,141.9457244873047,2806900,4433.31005859375
2023-08-29,147.99000549316406,148.91000366210938,146.5,147.58999633789062,142.0997772216797,3419100,4497.6298828125
2023-08-30,148.1199951171875,148.8000030517578,146.89999389648438,148.32000732421875,142.80264282226562,3486400,4514.8701171875
2023-08-31,148.38999938964844,148.7100067138672,146.8699951171875,146.9600067138672,141.49322509765625,4110700,4507.66015625
2023-09-01,147.36000061035156,148.88999938964844,147.36000061035156,148.1999969482422,142.6870880126953,3357800,4515.77001953125
2023-09-05,148.5,148.9600067138672,145.86000061035156,146.10000610351562,140.6652069091797,3911100,4496.830078125
2023-09-06,146.10000610351562,146.1199951171875,143.74000549316406,145.61000061035156,140.1934356689453,5304300,4465.47998046875
2023-09-07,146.14999389648438,149.0,145.8699951171875,148.91000366210938,143.3706817626953,5142100,4451.14013671875
2023-09-08,149.0,149.75999450683594,148.1999969482422,149.02000427246094,143.47659301757812,4339800,4457.490234375
2023-09-11,148.86000061035156,149.41000366210938,148.4199981689453,149.0399932861328,143.49583435058594,2911600,4487.4599609375
2023-09-12,149.5,149.60000610351562,147.6199951171875,149.27000427246094,143.71728515625,2424800,4461.89990234375
2023-09-13,149.4199981689453,152.39999389648438,149.0500030517578,151.16000366210938,145.53697204589844,5953700,4467.43994140625
2023-09-14,152.00999450683594,154.69000244140625,151.8000030517578,153.63999938964844,147.9247283935547,6336900,4505.10009765625
2023-09-15,152.77999877929688,154.6999969482422,151.92999267578125,152.1199951171875,146.4612579345703,8861500,4450.31982421875
2023-09-18,153.0800018310547,153.97000122070312,152.10000610351562,153.94000244140625,148.2135772705078,2967600,4453.52978515625
2023-09-19,153.88999938964844,154.63999938964844,151.60000610351562,153.49000549316406,147.78030395507812,3509700,4443.9501953125
2023-09-20,154.05999755859375,154.8800048828125,153.3699951171875,153.61000061035156,147.89584350585938,2744800,4402.2001953125
2023-09-21,153.67999267578125,154.85000610351562,152.66000366210938,153.42999267578125,147.72251892089844,3660300,4330.0
2023-09-22,153.89999389648438,153.89999389648438,152.52000427246094,152.74000549316406,147.05821228027344,3049200,4320.06005859375
2023-09-25,152.44000244140625,154.74000549316406,151.66000366210938,154.64999389648438,148.8971405029297,3740000,4337.43994140625
2023-09-26,154.39999389648438,154.60000610351562,153.3300018310547,153.91000366210938,148.1846923828125,3936300,4273.52978515625
2023-09-27,153.83999633789062,154.0,151.61000061035156,153.1300048828125,147.43368530273438,3621300,4274.509765625
2023-09-28,153.63999938964844,153.8300018310547,151.3699951171875,152.25,146.58642578125,3697400,4299.7001953125
2023-09-29,152.4600067138672,152.52999877929688,148.8300018310547,149.05999755859375,143.5150909423828,5581600,4288.0498046875
2023-10-02,148.47000122070312,148.86000061035156,146.72000122070312,148.25,142.7352294921875,3827800,4288.39013671875
2023-10-03,147.8300018310547,147.99000549316406,145.35000610351562,147.42999267578125,141.9457244873047,4580900,4229.4501953125
2023-10-04,146.57000732421875,148.0800018310547,146.30999755859375,147.69000244140625,142.19606018066406,3159600,4263.75
2023-10-05,147.92999267578125,149.52999877929688,147.08999633789062,147.4499969482422,141.96498107910156,3599500,4258.18994140625
2023-10-06,146.49000549316406,149.3300018310547,146.1199951171875,148.24000549316406,142.72560119628906,5370100,4308.5
2023-10-09,148.27000427246094,149.75,147.16000366210938,149.11000061035156,143.563232421875,2903300,4335.66015625
2023-10-10,149.38999938964844,149.55999755859375,148.0399932861328,148.88999938964844,143.35142517089844,3729000,4358.240234375
2023-10-11,149.1300048828125,150.39999389648438,148.77000427246094,149.33999633789062,143.78468322753906,3189800,4376.9501953125
2023-10-12,148.1300048828125,148.60000610351562,147.00999450683594,148.3000030517578,144.2125701904297,4554400,4349.60986328125
2023-10-13,148.9499969482422,149.66000366210938,147.33999633789062,147.9600067138672,143.88192749023438,4304700,4327.77978515625
2023-10-16,148.22000122070312,149.5,146.9199981689453,147.22999572753906,143.17202758789062,3704400,4373.6298828125
2023-10-17,147.3300018310547,149.66000366210938,147.14999389648438,149.17999267578125,145.06829833984375,5372400,4373.2001953125
2023-10-18,149.27000427246094,149.61000061035156,148.33999633789062,149.27999877929688,145.16554260253906,4910500,4314.60009765625
2023-10-19,148.5500030517578,148.5500030517578,143.3300018310547,145.52000427246094,141.50918579101562,6147100,4278.0
2023-10-20,145.27999877929688,147.50999450683594,145.27999877929688,146.22999572753906,142.1995849609375,4223800,4224.16015625
2023-10-23,146.16000366210938,146.4199981689453,144.1999969482422,144.72999572753906,140.74095153808594,3903300,4217.0400390625
2023-10-24,145.14999389648438,146.97000122070312,145.10000610351562,146.30999755859375,142.27740478515625,3362900,4247.68017578125
2023-10-25,146.11000061035156,146.89999389648438,144.82000732421875,145.25999450683594,141.25633239746094,5461500,4186.77001953125
2023-10-26,144.86000061035156,145.9499969482422,144.22999572753906,145.1999969482422,141.197998046875,5569400,4137.22998046875
2023-10-27,138.77000427246094,143.0,136.02999877929688,138.92999267578125,135.10079956054688,9427200,4117.3701171875
2023-10-30,140.6699981689453,145.7100067138672,140.6699981689453,141.88999938964844,137.97921752929688,9258500,4166.81982421875
2023-10-31,142.08999633789062,142.22000122070312,139.67999267578125,141.17999267578125,137.28878784179688,10394000,4193.7998046875
2023-11-01,141.86000061035156,143.7100067138672,141.75,142.47000122070312,138.54324340820312,4207800,4237.85986328125
2023-11-02,141.30999755859375,143.77000427246094,140.50999450683594,143.25999450683594,139.31146240234375,4066800,4317.77978515625
2023-11-03,143.9499969482422,143.9499969482422,140.88999938964844,141.4199981689453,137.5221710205078,5414500,4358.33984375
2023-11-06,141.88999938964844,142.3699951171875,140.97999572753906,141.1999969482422,137.30824279785156,4377000,4365.97998046875
2023-11-07,141.52000427246094,142.17999267578125,140.57000732421875,142.16000366210938,138.24179077148438,5024400,4378.3798828125
2023-11-08,143.44000244140625,143.88999938964844,141.9199981689453,142.02999877929688,138.11537170410156,5299100,4382.77978515625
2023-11-09,141.0,141.60000610351562,135.85000610351562,138.0399932861328,134.23532104492188,14970300,4347.35009765625
2023-11-10,138.64999389648438,139.36000061035156,136.39999389648438,138.58999633789062,134.77017211914062,4586400,4415.240234375
2023-11-13,138.58999633789062,139.16000366210938,137.42999267578125,138.63999938964844,134.8188018798828,4454700,4411.5498046875
2023-11-14,138.92999267578125,140.10000610351562,137.9600067138672,138.05999755859375,134.25477600097656,4509200,4495.7001953125
2023-11-15,138.25,138.25,136.3000030517578,137.60000610351562,133.80747985839844,6473200,4502.8798828125
2023-11-16,138.27999877929688,138.82000732421875,137.0500030517578,138.27999877929688,134.46871948242188,5257000,4508.240234375
2023-11-17,138.36000061035156,138.8800048828125,137.3800048828125,138.3000030517578,134.48817443847656,4332300,4514.02001953125
2023-11-20,137.52999877929688,138.69000244140625,137.13999938964844,138.30999755859375,134.49789428710938,4490000,4547.3798828125
2023-11-21,138.72999572753906,139.36000061035156,137.8300018310547,138.72999572753906,134.9063262939453,4690800,4538.18994140625
2023-11-22,139.05999755859375,139.83999633789062,138.3300018310547,138.47000122070312,134.6534881591797,3428500,4556.6201171875
2023-11-24,140.0,140.0800018310547,138.4600067138672,138.6699981689453,134.8479766845703,1636500,4559.33984375
2023-11-27,138.6999969482422,139.3800048828125,137.7899932861328,139.08999633789062,135.2563934326172,5529400,4550.43017578125
2023-11-28,139.0500030517578,139.66000366210938,137.9199981689453,138.0800018310547,134.27423095703125,5347200,4554.89013671875
2023-11-29,138.02000427246094,139.08999633789062,137.64999389648438,138.5,134.6826629638672,3996500,4550.580078125
2023-11-30,138.00999450683594,142.6999969482422,138.00999450683594,142.38999938964844,138.4654541015625,9297400,4567.7998046875
2023-12-01,142.5399932861328,144.10000610351562,142.27999877929688,143.41000366210938,139.45733642578125,4902200,4594.6298828125
2023-12-04,143.41000366210938,145.49000549316406,143.27000427246094,144.14999389648438,140.1769256591797,4845300,4569.77978515625
2023-12-05,144.11000061035156,145.0800018310547,142.66000366210938,144.57000732421875,140.5853729248047,3961700,4567.18017578125
2023-12-06,144.7899932861328,147.07000732421875,144.72999572753906,146.3800048828125,142.34547424316406,4978800,4549.33984375
2023-12-07,147.63999938964844,148.3800048828125,145.1999969482422,147.97000122070312,143.8916473388672,7225100,4585.58984375
2023-12-08,148.07000732421875,150.07000732421875,148.0,149.27999877929688,145.16554260253906,5694600,4604.3701171875
2023-12-11,150.6699981689453,152.7100067138672,150.63999938964844,151.24000549316406,147.071533203125,6343500,4622.43994140625
2023-12-12,151.72999572753906,153.58999633789062,150.1699981689453,153.24000549316406,149.0164031982422,5882200,4643.7001953125
2023-12-13,152.97999572753906,154.77000427246094,152.72999572753906,154.3000030517578,150.04718017578125,8104500,4707.08984375
2023-12-14,154.36000061035156,155.16000366210938,152.75999450683594,154.8800048828125,150.61119079589844,7869600,4719.5498046875
2023-12-15,154.74000549316406,155.88999938964844,153.11000061035156,154.0399932861328,149.79434204101562,15203000,4719.18994140625
2023-12-18,153.0,154.35000610351562,151.75,153.4199981689453,149.19142150878906,5379600,4740.56005859375
2023-12-19,153.58999633789062,154.47999572753906,152.4499969482422,153.60000610351562,149.36648559570312,5476700,4768.3701171875
2023-12-20,153.99000549316406,154.2100067138672,151.5399932861328,151.69000244140625,147.50912475585938,4716400,4698.35009765625
2023-12-21,152.0500030517578,152.91000366210938,151.2899932861328,152.58999633789062,148.38430786132812,4036100,4746.75
2023-12-22,153.2899932861328,155.4600067138672,153.08999633789062,154.94000244140625,150.66954040527344,3372800,4754.6298828125
2023-12-26,154.25,155.27999877929688,154.1300048828125,154.6199951171875,150.3583526611328,2073400,4774.75
2023-12-27,154.0500030517578,154.97000122070312,153.72000122070312,154.8800048828125,150.61119079589844,3747400,4781.580078125
2023-12-28,155.25,155.6300048828125,154.5399932861328,154.75,150.4847869873047,2601200,4783.35009765625
2023-12-29,154.5399932861328,155.2100067138672,154.41000366210938,154.97000122070312,150.69873046875,3711400,4769.830078125
2024-01-02,154.89999389648438,160.13999938964844,154.77000427246094,159.82000732421875,155.4150390625,8059900,4742.830078125
2024-01-03,160.58999633789062,161.75,159.83999633789062,160.4600067138672,156.0373992919922,5301400,4704.81005859375
2024-01-04,160.30999755859375,162.2899932861328,159.42999267578125,161.4600067138672,157.0098419189453,8332200,4688.68017578125
2024-01-05,161.3300018310547,163.02999877929688,160.61000061035156,162.13999938964844,157.6710968017578,5607600,4697.240234375
2024-01-08,162.17999267578125,162.77000427246094,159.77999877929688,161.42999267578125,156.98065185546875,6001600,4763.5400390625
2024-01-09,161.42999267578125,163.47000122070312,160.83999633789062,162.30999755859375,157.83641052246094,4454000,4756.5
2024-01-10,162.27000427246094,165.0800018310547,161.8800048828125,164.88999938964844,160.3452911376953,6609900,4783.4501953125
2024-01-11,164.25,165.1199951171875,163.08999633789062,163.77999877929688,159.26588439941406,4591500,4780.240234375
2024-01-12,162.75,163.3000030517578,162.17999267578125,162.39999389648438,159.43276977539062,4971100,4783.830078125
2024-01-16,161.97999572753906,162.3000030517578,161.02000427246094,161.47999572753906,158.5295867919922,4747700,4765.97998046875
2024-01-17,161.75,162.9499969482422,161.52000427246094,162.0399932861328,159.07936096191406,4423100,4739.2099609375
2024-01-18,161.16000366210938,163.66000366210938,161.0,163.3000030517578,160.31634521484375,5074300,4780.93994140625
2024-01-19,163.91000366210938,164.8699951171875,162.60000610351562,164.77000427246094,161.7594757080078,5863000,4839.81005859375
2024-01-22,164.44000244140625,165.4499969482422,163.75999450683594,165.38999938964844,162.36814880371094,4864000,4850.43017578125
2024-01-23,164.4499969482422,167.52999877929688,164.05999755859375,167.5,164.43960571289062,5784700,4864.60009765625
2024-01-24,167.77000427246094,167.9499969482422,164.05999755859375,164.22000122070312,161.2195281982422,5422200,4868.5498046875
2024-01-25,164.0,165.2100067138672,163.1999969482422,165.1300048828125,162.1129150390625,4465800,4894.16015625
2024-01-26,165.27000427246094,165.86000061035156,163.5,164.39999389648438,161.396240234375,4654300,4890.97021484375
2024-01-29,165.85000610351562,166.75999450683594,163.67999267578125,163.91000366210938,160.91519165039062,4704100,4927.93017578125
2024-01-30,164.22000122070312,164.97999572753906,163.25999450683594,164.9199981689453,161.90673828125,3819600,4924.97021484375
2024-01-31,165.75,165.86000061035156,163.9499969482422,164.39999389648438,161.396240234375,4993900,4845.64990234375
2024-02-01,163.6999969482422,167.67999267578125,162.6699981689453,167.58999633789062,164.5279541015625,5584400,4906.18994140625
2024-02-02,169.4199981689453,172.85000610351562,165.22999572753906,168.6699981689453,165.58822631835938,7870400,4958.60986328125
2024-02-05,169.83999633789062,173.1300048828125,168.4499969482422,171.25999450683594,168.1309051513672,6486700,4942.81005859375
2024-02-06,171.64999389648438,173.9600067138672,169.77000427246094,173.2899932861328,170.12380981445312,7037400,4954.22998046875
2024-02-07,174.00999450683594,175.55999755859375,173.32000732421875,175.00999450683594,171.81239318847656,6409100,4995.06005859375
2024-02-08,174.35000610351562,175.91000366210938,174.3000030517578,174.7899932861328,171.59640502929688,5709100,4997.91015625
2024-02-09,175.07000732421875,175.39999389648438,173.0500030517578,174.0800018310547,170.8993682861328,3502700,5026.60986328125
2024-02-12,173.5399932861328,174.75999450683594,172.22999572753906,173.07000732421875,169.9078369140625,3477100,5021.83984375
2024-02-13,174.4600067138672,175.1999969482422,171.97000122070312,173.2899932861328,170.12380981445312,5480400,4953.169921875
2024-02-14,173.05999755859375,174.86000061035156,172.67999267578125,174.4199981689453,171.23316955566406,4348500,5000.6201171875
2024-02-15,174.02000427246094,176.74000549316406,173.80999755859375,176.58999633789062,173.36351013183594,5276200,5029.72998046875
2024-02-16,176.88999938964844,178.9199981689453,176.07000732421875,177.49000549316406,174.2470703125,6689400,5005.56982421875
2024-02-20,175.8300018310547,178.67999267578125,175.52000427246094,175.75,172.5388641357422,5484100,4975.509765625
2024-02-21,176.2899932861328,176.6300048828125,173.5,175.13999938964844,171.9400177001953,3819100,4981.7998046875
2024-02-22,174.77999877929688,177.33999633789062,173.13999938964844,176.75,173.52059936523438,4852300,5087.02978515625
2024-02-23,177.25999450683594,178.91000366210938,177.00999450683594,178.08999633789062,174.8361053466797,3941800,5088.7998046875
2024-02-26,178.83999633789062,179.7899932861328,178.0,178.80999755859375,175.54295349121094,4327400,5069.52978515625
2024-02-27,178.77000427246094,179.52999877929688,176.97999572753906,178.99000549316406,175.71966552734375,3888500,5078.18017578125
2024-02-28,179.85000610351562,179.88999938964844,176.88999938964844,178.0,174.7477569580078,4331300,5069.759765625
2024-02-29,177.8699951171875,178.02000427246094,175.38999938964844,176.0500030517578,172.83338928222656,7485700,5096.27001953125
2024-03-01,176.0500030517578,179.19000244140625,175.75,178.91000366210938,175.64112854003906,4028700,5137.080078125
2024-03-04,178.35000610351562,179.97999572753906,176.27999877929688,177.0500030517578,173.81512451171875,4723600,5130.9501953125
2024-03-05,177.7899932861328,179.58999633789062,177.7899932861328,179.16000366210938,175.88656616210938,5309800,5078.64990234375
2024-03-06,178.39999389648438,182.16000366210935,178.10000610351562,181.05999755859372,177.75184631347656,6047100,5104.759765625
2024-03-07,182.19000244140625,182.4199981689453,179.5399932861328,180.57000732421875,177.27081298828125,6125200,5157.35986328125
2024-03-08,179.74000549316406,182.13999938964844,178.67999267578125,178.85000610351562,175.5822296142578,6195600,5123.68994140625
2024-03-11,178.41000366210938,181.25999450683597,178.24000549316406,179.6300048828125,176.34799194335938,5134800,5117.93994140625
2024-03-12,179.72000122070312,182.88999938964844,179.69000244140625,180.9199981689453,177.61441040039062,5391100,5175.27001953125
2024-03-13,182.5,182.50999450683597,179.4199981689453,179.86000061035156,176.57376098632812,5987900,5165.31005859375
2024-03-14,180.16000366210935,182.0399932861328,178.66000366210938,181.1999969482422,177.8892822265625,6999400,5150.47998046875
2024-03-15,179.83999633789062,180.5800018310547,177.5399932861328,177.8800048828125,174.6299591064453,20957800,5117.08984375
2024-03-18,179.00999450683594,179.8800048828125,177.57000732421875,178.49000549316406,175.22882080078125,8569000,5149.419921875
2024-03-19,178.19000244140625,179.92999267578125,178.19000244140625,179.66000366210938,176.37744140625,7625600,5178.509765625
2024-03-20,179.22000122070312,179.22999572753906,175.72999572753906,176.27000427246094,173.04937744140625,7326600,5224.6201171875
2024-03-21,176.80999755859375,177.74000549316406,175.8800048828125,177.5,174.2568817138672,5743600,5241.52978515625
2024-03-22,177.22999572753906,178.99000549316406,176.77999877929688,178.4499969482422,175.18954467773438,4084000,5234.18017578125
2024-03-25,179.0,179.1999969482422,178.1300048828125,178.52999877929688,175.26808166503906,4366400,5218.18994140625
2024-03-26,179.22999572753906,179.77000427246094,178.3800048828125,179.19000244140625,175.916015625,4392400,5203.580078125
2024-03-27,179.8000030517578,180.5800018310547,178.80999755859375,180.3500061035156,177.05482482910156,5073500,5248.490234375
2024-03-28,181.0,182.3000030517578,180.3000030517578,182.1000061035156,178.77285766601562,5418700,5254.35009765625
2024-04-01,181.8800048828125,181.8999938964844,179.24000549316406,180.75999450683597,177.4573211669922,3502100,5243.77001953125
2024-04-02,179.38999938964844,181.02999877929688,178.50999450683594,180.69000244140625,177.38861083984375,4523800,5205.81005859375
2024-04-03,180.72000122070312,181.6000061035156,176.60000610351562,177.3300018310547,174.0900115966797,5893000,5211.490234375
2024-04-04,177.64999389648438,177.6999969482422,167.4499969482422,167.89999389648438,164.83229064941406,10539000,5147.2099609375
2024-04-05,168.0,171.0399932861328,167.2899932861328,170.0,166.8939208984375,7029700,5204.33984375
2024-04-08,169.2100067138672,171.97000122070312,168.39999389648438,169.8000030517578,166.6975860595703,4745000,5202.39013671875
2024-04-09,169.72999572753906,170.5500030517578,167.39999389648438,170.13999938964844,167.0313720703125,5934000,5209.91015625
2024-04-10,168.58999633789062,169.9600067138672,167.36000061035156,169.02999877929688,165.941650390625,3231700,5160.64013671875
2024-04-11,169.1999969482422,169.3699951171875,167.22999572753906,167.52000427246094,164.45924377441406,3307000,5199.06005859375
2024-04-12,164.4499969482422,164.4499969482422,160.0,162.27999877929688,160.80282592773438,7029400,5123.41015625
2024-04-15,164.52000427246094,164.6999969482422,161.5,161.6699981689453,160.19837951660156,5433700,5061.81982421875
2024-04-16,162.17999267578125,163.74000549316406,162.0800018310547,162.5399932861328,161.06045532226562,4881300,5051.41015625
2024-04-17,164.14999389648438,164.74000549316406,163.22999572753906,164.25,162.75489807128906,4792200,5022.2099609375
2024-04-18,164.9600067138672,167.44000244140625,164.42999267578125,164.66000366210938,163.16116333007812,4480100,5011.1201171875
2024-04-19,165.02000427246094,166.60000610351562,163.25,166.41000366210938,164.89523315429688,5532400,4967.22998046875
2024-04-22,167.67999267578125,169.58999633789062,166.9199981689453,167.88999938964844,166.36175537109375,5580700,5010.60009765625
2024-04-23,168.58999633789062,170.3699951171875,168.22000122070312,169.5399932861328,167.99673461914062,4084100,5070.5498046875
2024-04-24,168.52000427246094,169.11000061035156,166.74000549316406,167.8000030517578,166.2725830078125,4074700,5071.6298828125
2024-04-25,167.66000366210938,169.2899932861328,165.57000732421875,167.2899932861328,165.7672119140625,5503700,5048.419921875
2024-04-26,167.08999633789062,167.4600067138672,157.64999389648438,159.6199951171875,158.1670379638672,10721700,5099.9599609375
2024-04-29,159.58999633789062,161.5500030517578,158.55999755859375,161.52000427246094,160.04974365234375,6219000,5116.169921875
2024-04-30,161.27000427246094,163.0500030517578,159.69000244140625,162.63999938964844,161.1595458984375,5484800,5035.68994140625
2024-05-01,162.08999633789062,163.69000244140625,161.13999938964844,161.72000122070312,160.2479248046875,5176400,5018.39013671875
2024-05-02,162.1699981689453,162.44000244140625,158.1199951171875,160.80999755859375,159.34620666503906,5904300,5064.2001953125
2024-05-03,161.16000366210938,164.25,160.74000549316406,163.7899932861328,162.299072265625,5849900,5127.7900390625
2024-05-06,164.41000366210938,164.6300048828125,161.0,162.72999572753906,161.24871826171875,5834600,5180.740234375
2024-05-07,163.36000061035156,163.99000549316406,161.88999938964844,162.5500030517578,161.07037353515625,5301700,5187.7001953125
2024-05-08,162.13999938964844,162.89999389648438,159.8699951171875,160.4499969482422,158.98947143554688,5906700,5187.669921875
2024-05-09,160.80999755859375,161.32000732421875,160.02000427246094,160.39999389648438,158.93992614746094,3570000,5214.080078125
2024-05-10,160.7100067138672,161.44000244140625,160.35000610351562,160.75,159.2867431640625,3509500,5222.68017578125
2024-05-13,161.27999877929688,162.57000732421875,160.8000030517578,161.27999877929688,159.81192016601562,3505900,5221.419921875
2024-05-14,161.64999389648438,162.25,159.72000122070312,161.58999633789062,160.1190948486328,4025000,5246.68017578125
2024-05-15,162.30999755859375,164.4199981689453,161.8699951171875,163.7899932861328,162.299072265625,5261300,5308.14990234375
2024-05-16,163.4499969482422,164.92999267578125,162.17999267578125,164.35000610351562,162.85398864746094,4642000,5297.10009765625
2024-05-17,165.38999938964844,166.49000549316406,164.49000549316406,166.4199981689453,164.90513610839844,5152200,5303.27001953125
2024-05-20,166.00999450683594,166.4199981689453,164.41000366210938,164.55999755859375,163.06207275390625,3058700,5308.1298828125
2024-05-21,165.3699951171875,165.7100067138672,162.5,162.92999267578125,161.4468994140625,3645200,5321.41015625
2024-05-22,161.57000732421875,161.94000244140625,159.17999267578125,159.61000061035156,158.15713500976562,6904900,5307.009765625
2024-05-23,159.02999877929688,160.0399932861328,157.75999450683594,158.25999450683594,156.8194122314453,5672900,5267.83984375
2024-05-24,158.36000061035156,158.77999877929688,156.36000061035156,157.05999755859375,155.63034057617188,3689900,5304.72021484375
2024-05-28,156.35000610351562,156.35000610351562,153.9499969482422,155.33999633789062,153.92599487304688,5533500,5306.0400390625
2024-05-29,154.88999938964844,156.3800048828125,153.67999267578125,154.7899932861328,153.38099670410156,4254500,5266.9501953125
2024-05-30,154.64999389648438,156.42999267578125,153.5800018310547,156.30999755859375,154.8871612548828,4311100,5235.47998046875
2024-05-31,156.64999389648438,161.63999938964844,156.1999969482422,161.24000549316406,159.7722930908203,15664400,5277.509765625
2024-06-03,160.0,163.19000244140625,158.8300018310547,160.19000244140625,158.7318572998047,4467800,5283.39990234375
2024-06-04,160.19000244140625,162.80999755859375,159.77000427246094,162.13999938964844,160.66409301757812,4215500,5291.33984375
2024-06-05,162.89999389648438,165.97999572753906,162.16000366210938,165.44000244140625,163.93406677246094,5100500,5354.02978515625
2024-06-06,165.49000549316406,168.8800048828125,164.35000610351562,168.57000732421875,167.0355682373047,5186700,5352.9599609375
2024-06-07,169.0,170.33999633789062,167.7899932861328,169.4199981689453,167.87782287597656,3781700,5346.990234375
2024-06-10,169.0,170.75,167.69000244140625,170.4600067138672,168.9083709716797,4247500,5360.7900390625
2024-06-11,170.25,170.63999938964844,167.4199981689453,167.6999969482422,166.17347717285156,3790200,5375.31982421875
2024-06-12,167.8800048828125,168.5399932861328,165.02999877929688,166.08999633789062,164.57814025878906,4725600,5421.02978515625
2024-06-13,166.0,166.89999389648438,165.0,166.55999755859375,165.0438690185547,3690800,5433.740234375
2024-06-14,166.47000122070312,169.24000549316406,166.0,168.58999633789062,167.05538940429688,4377600,5431.60009765625
2024-06-17,168.39999389648438,170.39999389648438,167.36000061035156,169.67999267578125,168.1354522705078,4076000,5473.22998046875
2024-06-18,170.44000244140625,173.00999450683594,169.8699951171875,171.36000061035156,169.8001708984375,4250900,5487.02978515625
2024-06-20,171.17999267578125,172.80999755859375,170.02000427246094,172.1300048828125,170.56317138671875,5847500,5473.169921875
2024-06-21,172.6999969482422,172.92999267578125,169.58999633789062,170.38999938964844,168.83900451660156,12308100,5464.6201171875
2024-06-24,171.1300048828125,173.41000366210938,170.6999969482422,172.74000549316406,171.16761779785156,6249900,5447.8701171875
2024-06-25,172.10000610351562,173.41000366210938,170.6199951171875,170.75,169.1957244873047,5712700,5469.2998046875
2024-06-26,170.2899932861328,172.35000610351562,170.14999389648438,171.14999389648438,169.59207153320312,5576100,5477.89990234375
2024-06-27,171.2899932861328,171.55999755859375,167.75,168.99000549316406,167.45175170898438,5382000,5482.8701171875
2024-06-28,169.99000549316406,171.82000732421875,169.0500030517578,171.52000427246094,169.95872497558594,24463400,5460.47998046875
2024-07-01,171.27000427246094,173.8800048828125,169.5399932861328,170.3699951171875,168.81918334960938,5194500,5475.08984375
2024-07-02,168.6300048828125,168.6300048828125,165.4499969482422,165.9600067138672,164.44932556152344,5965500,5509.009765625
2024-07-03,166.08999633789062,167.10000610351562,163.52000427246094,163.83999633789062,162.34861755371094,3527600,5537.02001953125
2024-07-05,164.72000122070312,167.30999755859375,163.6300048828125,167.25,165.7275848388672,5978300,5567.18994140625
2024-07-08,166.5399932861328,167.72000122070312,165.6199951171875,166.52000427246094,165.0042266845703,3500200,5572.85009765625
2024-07-09,167.02000427246094,168.52999877929688,164.86000061035156,168.0500030517578,166.5203094482422,4224600,5576.97998046875
2024-07-10,167.4499969482422,168.4499969482422,166.11000061035156,168.13999938964844,166.60948181152344,3887800,5633.91015625
2024-07-11,167.52000427246094,170.35000610351562,167.35000610351562,169.91000366210938,168.36337280273438,3689500,5584.5400390625
2024-07-12,170.6300048828125,171.6300048828125,169.89999389648438,170.27999877929688,168.72999572753906,4133500,5615.35009765625
2024-07-15,168.91000366210938,170.3699951171875,167.4199981689453,168.02999877929688,168.02999877929688,2395100,5631.22021484375
2024-07-16,168.60000610351562,169.85000610351562,167.25999450683594,169.1999969482422,169.1999969482422,3829500,5667.2001953125
2024-07-17,169.50999450683594,175.74000549316406,169.50999450683594,175.27000427246094,175.27000427246094,6983200,5588.27001953125
2024-07-18,174.4499969482422,176.67999267578125,170.72000122070312,171.13999938964844,171.13999938964844,5957800,5544.58984375
2024-07-19,173.6699981689453,173.85000610351562,171.22000122070312,172.32000732421875,172.32000732421875,4293600,5505.0
2024-07-22,173.32000732421875,174.72999572753906,172.0,173.61000061035156,173.61000061035156,4066900,5564.41015625
2024-07-23,173.32000732421875,174.58999633789062,172.77000427246094,173.14999389648438,173.14999389648438,2933800,5555.740234375
2024-07-24,173.1999969482422,176.60000610351562,172.9499969482422,176.2100067138672,176.2100067138672,6117700,5427.1298828125
2024-07-25,177.0,186.1100006103516,171.8000030517578,182.1699981689453,182.1699981689453,9442200,5399.22021484375
2024-07-26,183.4499969482422,186.8500061035156,182.1100006103516,185.16000366210935,185.16000366210935,6948800,5459.10009765625
2024-07-29,184.0399932861328,186.1300048828125,180.52999877929688,181.94000244140625,181.94000244140625,5458500,5463.5400390625
2024-07-30,183.58999633789065,187.7100067138672,182.6000061035156,186.77999877929688,186.77999877929688,6032200,5436.43994140625
2024-07-31,186.38999938964844,187.5,183.4499969482422,185.32000732421875,185.32000732421875,6473900,5522.2998046875
2024-08-01,187.7700042724609,190.97000122070312,186.7700042724609,189.7100067138672,189.7100067138672,6595500,5446.68017578125
2024-08-02,190.97999572753903,193.91000366210935,186.4600067138672,189.2899932861328,189.2899932861328,6303900,5346.56005859375
2024-08-05,187.4499969482422,189.2899932861328,183.0399932861328,184.3600006103516,184.3600006103516,6459300,5186.330078125
2024-08-06,185.42999267578125,187.82000732421875,183.0800018310547,185.7100067138672,185.7100067138672,4273200,5240.02978515625
2024-08-07,187.8999938964844,189.58999633789065,185.97999572753903,187.50999450683597,187.50999450683597,6351000,5199.5
2024-08-08,186.9199981689453,190.7100067138672,186.9199981689453,190.3999938964844,190.3999938964844,5744600,5319.31005859375
2024-08-09,190.77999877929688,191.00999450683597,188.1000061035156,189.92999267578125,189.92999267578125,3206500,5344.16015625
2024-08-12,190.0800018310547,190.57000732421875,187.6999969482422,190.17999267578125,190.17999267578125,4808300,5344.39013671875
2024-08-13,190.55999755859372,191.94000244140625,189.3800048828125,191.22999572753903,191.22999572753903,3477300,5434.43017578125
2024-08-14,191.0,193.3500061035156,190.47000122070312,193.0,193.0,4153400,5455.2099609375
2024-08-15,194.4900054931641,194.9900054931641,191.2899932861328,193.3999938964844,193.3999938964844,4719900,5543.22021484375
2024-08-16,193.8800048828125,194.25,192.2700042724609,193.8999938964844,193.8999938964844,3674900,5554.25
2024-08-19,193.3999938964844,197.17999267578125,193.3500061035156,196.8699951171875,196.8699951171875,4309300,5608.25
2024-08-20,197.1199951171875,197.47999572753903,194.1300048828125,196.1499938964844,196.1499938964844,3631800,5597.1201171875
2024-08-21,196.44000244140625,197.33999633789065,195.6699981689453,196.52999877929688,196.52999877929688,4250400,5620.85009765625
2024-08-22,197.00999450683597,197.5399932861328,195.3500061035156,196.3699951171875,196.3699951171875,3676700,5570.64013671875
2024-08-23,197.25,197.97999572753903,196.22999572753903,197.5500030517578,197.5500030517578,4720300,5634.60986328125
2024-08-26,197.55999755859372,197.97000122070312,196.07000732421875,197.44000244140625,197.44000244140625,4182300,5616.83984375
2024-08-27,197.9900054931641,198.3000030517578,195.17999267578125,195.9199981689453,195.9199981689453,2504500,5625.7998046875
2024-08-28,195.5200042724609,196.22999572753903,194.02999877929688,195.3999938964844,195.3999938964844,3910200,5592.18017578125
2024-08-29,196.0,196.44000244140625,193.8500061035156,195.17999267578125,195.17999267578125,4538300,5591.9599609375
2024-08-30,195.25,196.5,194.1699981689453,196.30999755859372,196.30999755859372,3820800,5648.39990234375
2024-09-03,196.13999938964844,199.9499969482422,196.1000061035156,197.69000244140625,197.69000244140625,4872400,5528.93017578125
2024-09-04,198.67999267578125,199.8800048828125,196.44000244140625,197.00999450683597,197.00999450683597,4214300,5520.06982421875
2024-09-05,196.9600067138672,197.1300048828125,192.16000366210935,192.8600006103516,192.8600006103516,5902800,5503.41015625
2024-09-06,193.47000122070312,194.7400054931641,192.8300018310547,193.3999938964844,193.3999938964844,4312600,5408.419921875
2024-09-09,194.97000122070312,196.6100006103516,193.94000244140625,196.4199981689453,196.4199981689453,3606900,5471.0498046875
2024-09-10,196.1199951171875,199.47000122070312,192.91000366210935,199.3500061035156,199.3500061035156,6333300,5495.52001953125
2024-09-11,197.67999267578125,197.67999267578125,193.4199981689453,194.58999633789065,194.58999633789065,4909300,5554.1298828125
2024-09-12,194.77999877929688,195.07000732421875,191.2700042724609,194.0200042724609,194.0200042724609,4165200,5595.759765625
2024-09-13,193.8600006103516,194.58999633789065,191.80999755859372,194.2100067138672,194.2100067138672,2718100,5626.02001953125
2024-09-16,195.82000732421875,196.16000366210935,194.4600067138672,195.72999572753903,195.72999572753903,3235700,5633.08984375
2024-09-17,194.8000030517578,196.0800018310547,191.82000732421875,193.4499969482422,193.4499969482422,3534100,5634.580078125
2024-09-18,193.1300048828125,195.5800018310547,191.77999877929688,192.94000244140625,192.94000244140625,3236800,5618.259765625
2024-09-19,193.42999267578125,194.16000366210935,191.9600067138672,193.6199951171875,193.6199951171875,3929300,5713.64013671875
2024-09-20,193.0,193.82000732421875,192.1300048828125,193.47000122070312,193.47000122070312,11661200,5702.5498046875
2024-09-23,193.6999969482422,194.3000030517578,192.1999969482422,193.8300018310547,193.8300018310547,3178000,5718.56982421875
2024-09-24,192.9499969482422,195.2100067138672,191.58999633789065,193.50999450683597,193.50999450683597,4286500,5732.93017578125
2024-09-25,194.0,194.57000732421875,190.9600067138672,191.25999450683597,191.25999450683597,5589300,5722.259765625
2024-09-26,190.1000061035156,192.8699951171875,189.6199951171875,191.8999938964844,191.8999938964844,6215700,5745.3701171875
2024-09-27,192.6000061035156,196.1300048828125,190.2700042724609,194.7899932861328,194.7899932861328,4891900,5738.169921875
2024-09-30,194.8500061035156,197.6199951171875,194.3699951171875,197.47999572753903,197.47999572753903,4550200,5762.47998046875
2024-10-01,197.6499938964844,198.97000122070312,196.4199981689453,196.9600067138672,196.9600067138672,3924600,5708.75
2024-10-02,195.66000366210935,197.0,194.4499969482422,196.82000732421875,196.82000732421875,2946900,5709.5400390625
2024-10-03,196.8699951171875,197.0500030517578,194.7400054931641,195.4499969482422,195.4499969482422,3453800,5699.93994140625
2024-10-04,195.1000061035156,195.63999938964844,193.0500030517578,194.2899932861328,194.2899932861328,4749700,5751.06982421875
