Date,Open,High,Low,Close,Adj Close,Volume,SP500_Close
2020-12-10,146.0,165.0,141.25,144.7100067138672,144.7100067138672,70447500,3668.10009765625
2020-12-11,146.5500030517578,151.5,135.10000610351562,139.25,139.25,26980800,3663.4599609375
2020-12-14,135.0,135.3000030517578,125.16000366210938,130.0,130.0,16966100,3647.489990234375
2020-12-15,126.69000244140624,127.5999984741211,121.5,124.8000030517578,124.8000030517578,10914400,3694.6201171875
2020-12-16,125.83000183105467,142.0,124.91000366210938,137.99000549316406,137.99000549316406,20409600,3701.169921875
2020-12-17,143.0,152.4499969482422,142.6699981689453,147.0500030517578,147.0500030517578,15054700,3722.47998046875
2020-12-18,150.4499969482422,159.0,150.3000030517578,157.3000030517578,157.3000030517578,15954200,3709.409912109375
2020-12-21,155.30999755859375,172.0,145.11000061035156,163.02000427246094,163.02000427246094,17788100,3694.919921875
2020-12-22,170.0,174.97000122070312,161.0500030517578,163.19000244140625,163.19000244140625,9872600,3687.260009765625
2020-12-23,162.81399536132812,168.25,155.5,158.00999450683594,158.00999450683594,5852500,3690.010009765625
2020-12-24,159.16000366210938,162.7899932861328,154.11199951171875,154.83999633789062,154.83999633789062,3621400,3703.06005859375
2020-12-28,158.60000610351562,163.63999938964844,147.52000427246094,149.0,149.0,6229200,3735.360107421875
2020-12-29,150.0,151.6510009765625,143.1199951171875,150.0,150.0,5402300,3727.0400390625
2020-12-30,151.33999633789062,152.81300354003906,145.60000610351562,148.42999267578125,148.42999267578125,3462400,3732.0400390625
2020-12-31,146.89999389648438,147.88999938964844,144.50999450683594,146.8000030517578,146.8000030517578,2795800,3756.070068359375
2021-01-04,150.99000549316406,151.0050048828125,137.0,139.14999389648438,139.14999389648438,6409900,3700.64990234375
2021-01-05,138.27999877929688,149.0,137.25,148.3000030517578,148.3000030517578,5974200,3726.860107421875
2021-01-06,145.75,148.35000610351562,141.11000061035156,142.77000427246094,142.77000427246094,4213900,3748.139892578125
2021-01-07,146.3699951171875,154.4199981689453,145.26100158691406,151.27000427246094,151.27000427246094,4482800,3803.7900390625
2021-01-08,153.4499969482422,155.5399932861328,147.25,149.77000427246094,149.77000427246094,4615600,3824.679931640625
2021-01-11,147.99000549316406,150.5,144.02000427246094,148.1300048828125,148.1300048828125,2801900,3799.610107421875
2021-01-12,148.0800018310547,163.8800048828125,143.61000061035156,160.8000030517578,160.8000030517578,8123600,3801.18994140625
2021-01-13,160.80999755859375,178.6199951171875,159.35000610351562,169.99000549316406,169.99000549316406,12529700,3809.840087890625
2021-01-14,175.5399932861328,187.4199981689453,174.97500610351562,180.5,180.5,9926500,3795.5400390625
2021-01-15,184.5800018310547,185.9949951171875,164.86000061035156,169.27000427246094,169.27000427246094,8575700,3768.25
2021-01-19,173.0,178.60000610351562,166.60000610351562,173.69000244140625,173.69000244140625,4685400,3798.909912109375
2021-01-20,176.00999450683594,176.30999755859375,161.0,161.8300018310547,161.8300018310547,8517400,3851.85009765625
2021-01-21,164.99000549316406,183.47000122070312,155.3300018310547,180.3999938964844,180.3999938964844,17618400,3853.070068359375
2021-01-22,178.08999633789062,185.3070068359375,175.19000244140625,181.8699951171875,181.8699951171875,7136800,3841.469970703125
2021-01-25,186.0500030517578,192.47000122070312,170.02999877929688,177.52999877929688,177.52999877929688,7472900,3855.360107421875
2021-01-26,180.0,193.0,177.3000030517578,192.7400054931641,192.7400054931641,6460900,3849.6201171875
2021-01-27,187.63999938964844,216.0,185.5,201.25,201.25,11019800,3750.77001953125
2021-01-28,202.6000061035156,212.83999633789065,187.0500030517578,187.3699951171875,187.3699951171875,7077700,3787.3798828125
2021-01-29,190.7100067138672,193.5,179.30999755859375,183.6300048828125,183.6300048828125,4529800,3714.239990234375
2021-02-01,187.47999572753903,188.82000732421875,179.74000549316406,180.44000244140625,180.44000244140625,3877400,3773.860107421875
2021-02-02,183.22000122070312,186.47900390625,177.11000061035156,179.1699981689453,179.1699981689453,4413600,3826.31005859375
2021-02-03,181.97999572753903,190.8999938964844,180.0,185.72000122070312,185.72000122070312,4169000,3830.169921875
2021-02-04,187.07000732421875,195.9900054931641,186.19000244140625,195.8000030517578,195.8000030517578,3631500,3871.739990234375
2021-02-05,197.0,197.25,190.25,195.30999755859372,195.30999755859372,2869700,3886.830078125
2021-02-08,199.92999267578125,201.9600067138672,191.5,200.42999267578125,200.42999267578125,3488100,3915.590087890625
2021-02-09,199.2030029296875,209.22000122070312,196.16000366210935,199.8800048828125,199.8800048828125,4725800,3911.22998046875
2021-02-10,205.47999572753903,214.71600341796875,202.0970001220703,211.66000366210935,211.66000366210935,5257200,3909.8798828125
2021-02-11,213.5,219.94000244140625,207.0,216.83999633789065,216.83999633789065,3595200,3916.3798828125
2021-02-12,214.4579925537109,216.94000244140625,209.0,212.67999267578125,212.67999267578125,3041700,3934.830078125
2021-02-16,216.2400054931641,218.77999877929688,209.08999633789065,209.8600006103516,209.8600006103516,3487900,3932.590087890625
2021-02-17,207.0500030517578,208.76499938964844,196.0200042724609,201.9600067138672,201.9600067138672,4090600,3931.330078125
2021-02-18,199.00999450683597,200.3600006103516,192.1699981689453,198.0399932861328,198.0399932861328,2791400,3913.969970703125
2021-02-19,203.9499969482422,205.5500030517578,200.17999267578125,201.07000732421875,201.07000732421875,2605800,3906.7099609375
2021-02-22,200.6999969482422,205.0,193.5,195.33999633789065,195.33999633789065,3674200,3876.5
2021-02-23,189.0,191.6699981689453,175.0,187.58999633789065,187.58999633789065,5902400,3881.3701171875
2021-02-24,190.97999572753903,208.1450042724609,189.0,200.1999969482422,200.1999969482422,5983500,3925.429931640625
2021-02-25,197.41000366210935,199.8000030517578,180.0,182.05999755859372,182.05999755859372,11568500,3829.340087890625
2021-02-26,194.17999267578125,214.1000061035156,185.75,206.3500061035156,206.3500061035156,19368600,3811.14990234375
2021-03-01,195.82000732421875,199.69000244140625,192.6199951171875,196.4199981689453,196.4199981689453,15798500,3901.820068359375
2021-03-02,195.6300048828125,200.0,188.5,189.8999938964844,189.8999938964844,9144900,3870.2900390625
2021-03-03,186.97000122070312,188.47999572753903,178.8000030517578,180.3999938964844,180.3999938964844,10592900,3819.719970703125
2021-03-04,178.63999938964844,183.8999938964844,170.8699951171875,180.22999572753903,180.22999572753903,9993700,3768.469970703125
2021-03-05,182.5200042724609,183.5,161.89999389648438,179.80999755859375,179.80999755859375,8788500,3841.93994140625
2021-03-08,179.99200439453125,186.3999938964844,177.02999877929688,180.80999755859372,180.80999755859372,4988500,3821.35009765625
2021-03-09,184.9900054931641,189.4600067138672,180.72000122070312,183.1100006103516,183.1100006103516,6079900,3875.43994140625
2021-03-10,184.57000732421875,191.0,181.5500030517578,183.7899932861328,183.7899932861328,6145600,3898.81005859375
2021-03-11,189.8999938964844,201.0,188.5,197.8699951171875,197.8699951171875,6031200,3939.340087890625
2021-03-12,196.2700042724609,208.6999969482422,192.1999969482422,206.7400054931641,206.7400054931641,5556500,3943.340087890625
2021-03-15,209.5379943847656,213.7400054931641,203.80999755859372,209.9900054931641,209.9900054931641,4329400,3968.93994140625
2021-03-16,209.1100006103516,215.4900054931641,198.17999267578125,200.00999450683597,200.00999450683597,4605600,3962.7099609375
2021-03-17,195.6300048828125,203.4600067138672,194.44000244140625,201.3600006103516,201.3600006103516,3781900,3974.1201171875
2021-03-18,196.8000030517578,199.8999938964844,190.67999267578125,191.4499969482422,191.4499969482422,3711500,3915.4599609375
2021-03-19,193.00999450683597,196.4900054931641,187.80999755859372,194.38999938964844,194.38999938964844,4444600,3913.10009765625
2021-03-22,196.8500061035156,203.3000030517578,194.7100067138672,195.0,195.0,3740400,3940.590087890625
2021-03-23,195.5,196.75,185.7400054931641,187.13999938964844,187.13999938964844,3460600,3910.52001953125
2021-03-24,189.0,189.77999877929688,178.50999450683594,178.85000610351562,178.85000610351562,3756100,3889.139892578125
2021-03-25,173.10000610351562,179.5399932861328,170.5,176.16000366210938,176.16000366210938,5264100,3909.52001953125
2021-03-26,178.41600036621094,181.0,168.0,174.39999389648438,174.39999389648438,3562900,3974.5400390625
2021-03-29,175.36000061035156,185.4600067138672,173.5,182.5,182.5,4508800,3971.090087890625
2021-03-30,182.3500061035156,185.22999572753903,178.3800048828125,183.1000061035156,183.1000061035156,2903300,3958.550048828125
2021-03-31,185.42999267578125,192.2749938964844,185.1300048828125,187.94000244140625,187.94000244140625,3079500,3972.889892578125
2021-04-01,192.5,193.9900054931641,185.3699951171875,188.2400054931641,188.2400054931641,2921400,4019.8701171875
2021-04-05,191.66000366210935,192.1000061035156,185.80999755859372,186.69000244140625,186.69000244140625,2591400,4077.909912109375
2021-04-06,188.6999969482422,194.47999572753903,187.5200042724609,190.02999877929688,190.02999877929688,3565600,4073.93994140625
2021-04-07,189.3800048828125,190.6199951171875,179.47000122070312,179.94000244140625,179.94000244140625,6663500,4079.949951171875
2021-04-08,181.6479949951172,183.8999938964844,179.3000030517578,180.17999267578125,180.17999267578125,2625300,4097.169921875
2021-04-09,179.6199951171875,182.4600067138672,177.25,179.5,179.5,2910200,4128.7998046875
2021-04-12,179.67999267578125,181.4900054931641,176.25,176.49000549316406,176.49000549316406,2619800,4127.990234375
2021-04-13,175.26499938964844,178.61000061035156,172.13999938964844,177.9499969482422,177.9499969482422,3573600,4141.58984375
2021-04-14,179.5,181.4669952392578,175.30999755859375,176.42999267578125,176.42999267578125,2938600,4124.66015625
2021-04-15,177.0,178.24000549316406,174.25,175.35000610351562,175.35000610351562,2894900,4170.419921875
2021-04-16,176.01199340820312,179.50999450683594,172.94000244140625,178.69000244140625,178.69000244140625,3058300,4185.47021484375
2021-04-19,177.32000732421875,178.72000122070312,171.5,174.5800018310547,174.5800018310547,3125700,4163.259765625
2021-04-20,173.1840057373047,175.0,165.52000427246094,169.57000732421875,169.57000732421875,4575000,4134.93994140625
2021-04-21,168.08999633789062,170.32000732421875,164.1199951171875,167.07000732421875,167.07000732421875,3878600,4173.419921875
2021-04-22,168.49000549316406,176.9199981689453,168.42999267578125,170.7100067138672,170.7100067138672,3856500,4134.97998046875
2021-04-23,172.91900634765625,178.25,172.0,174.25,174.25,3329900,4180.169921875
2021-04-26,175.2100067138672,176.031005859375,171.07000732421875,174.8800048828125,174.8800048828125,2549400,4187.6201171875
2021-04-27,176.1649932861328,179.61000061035156,174.8000030517578,177.94000244140625,177.94000244140625,2883000,4186.72021484375
2021-04-28,174.43699645996094,181.6699981689453,173.3509979248047,180.0,180.0,2409700,4183.18017578125
2021-04-29,182.75,183.22000122070312,173.35000610351562,177.67999267578125,177.67999267578125,3116000,4211.47021484375
2021-04-30,173.00399780273438,176.4499969482422,172.00999450683594,172.7100067138672,172.7100067138672,3580000,4181.169921875
2021-05-03,173.19000244140625,173.44000244140625,167.8000030517578,168.11000061035156,168.11000061035156,3149700,4192.66015625
2021-05-04,167.01499938964844,169.0399932861328,161.9600067138672,168.89999389648438,168.89999389648438,4658000,4164.66015625
2021-05-05,169.3000030517578,170.17999267578125,162.1199951171875,162.3300018310547,162.3300018310547,3590100,4167.58984375
2021-05-06,161.91000366210938,162.10499572753906,150.6999969482422,153.63999938964844,153.63999938964844,8529000,4201.6201171875
2021-05-07,156.5,157.0540008544922,148.77999877929688,151.2100067138672,151.2100067138672,7134000,4232.60009765625
2021-05-10,150.28399658203125,150.5,144.52000427246094,146.72999572753906,146.72999572753906,5827200,4188.43017578125
2021-05-11,139.10000610351562,144.35000610351562,136.00999450683594,142.72999572753906,142.72999572753906,8257400,4152.10009765625
2021-05-12,140.89999389648438,144.77000427246094,138.75,140.25,140.25,5307500,4063.0400390625
2021-05-13,142.25,142.32899475097656,131.27999877929688,135.75,135.75,13005400,4112.5
2021-05-14,137.67999267578125,142.25,131.6699981689453,141.1999969482422,141.1999969482422,20325400,4173.85009765625
2021-05-17,137.156005859375,137.7899932861328,130.2530059814453,132.5,132.5,39755000,4163.2900390625
2021-05-18,134.0,138.39999389648438,131.49000549316406,135.02000427246094,135.02000427246094,18555600,4127.830078125
2021-05-19,129.9499969482422,138.3800048828125,129.7100067138672,138.19000244140625,138.19000244140625,15565500,4115.68017578125
2021-05-20,138.83900451660156,138.88999938964844,135.64999389648438,136.1999969482422,136.1999969482422,8903600,4159.1201171875
2021-05-21,136.5500030517578,137.1699981689453,132.8800048828125,134.7100067138672,134.7100067138672,10056500,4155.85986328125
2021-05-24,135.5,137.97999572753906,134.38999938964844,135.91000366210938,135.91000366210938,8543600,4197.0498046875
2021-05-25,137.39999389648438,137.85000610351562,133.55999755859375,133.99000549316406,133.99000549316406,10435800,4188.1298828125
2021-05-26,134.94000244140625,135.75999450683594,133.7209930419922,134.75,134.75,8179200,4195.990234375
2021-05-27,135.07000732421875,143.82000732421875,134.5,143.1699981689453,143.1699981689453,21270200,4200.8798828125
2021-05-28,144.75999450683594,145.0,140.25,140.39999389648438,140.39999389648438,12000600,4204.10986328125
2021-06-01,143.88999938964844,146.08900451660156,141.58999633789062,144.30999755859375,144.30999755859375,16552100,4202.0400390625
2021-06-02,145.35000610351562,152.6999969482422,144.39999389648438,151.0,151.0,16245100,4208.1201171875
2021-06-03,149.5500030517578,151.1199951171875,143.8000030517578,144.19000244140625,144.19000244140625,11083300,4192.85009765625
2021-06-04,145.8300018310547,151.57000732421875,145.0,150.72999572753906,150.72999572753906,8534900,4229.89013671875
2021-06-07,150.9600067138672,150.9600067138672,146.39999389648438,148.97000122070312,148.97000122070312,7780200,4226.52001953125
2021-06-08,150.60000610351562,150.75,145.8000030517578,147.00999450683594,147.00999450683594,7125800,4227.259765625
2021-06-09,148.57000732421875,149.36000061035156,144.4600067138672,144.85000610351562,144.85000610351562,5606500,4219.5498046875
2021-06-10,142.14999389648438,147.4499969482422,141.0399932861328,146.1199951171875,146.1199951171875,9482500,4239.18017578125
2021-06-11,145.8699951171875,148.9499969482422,145.1999969482422,148.44000244140625,148.44000244140625,4819900,4247.43994140625
2021-06-14,149.25,149.60000610351562,146.85000610351562,149.2100067138672,149.2100067138672,6107500,4255.14990234375
2021-06-15,149.1999969482422,153.74000549316406,148.83999633789062,151.77999877929688,151.77999877929688,12007700,4246.58984375
2021-06-16,150.9499969482422,152.35000610351562,146.9199981689453,149.14999389648438,149.14999389648438,9632800,4223.7001953125
2021-06-17,148.99000549316406,152.2899932861328,148.61199951171875,150.6999969482422,150.6999969482422,8171300,4221.85986328125
2021-06-18,150.3800048828125,154.8000030517578,149.39999389648438,152.52000427246094,152.52000427246094,11628900,4166.4501953125
2021-06-21,152.52000427246094,152.61000061035156,145.8300018310547,149.6999969482422,149.6999969482422,8040200,4224.7900390625
2021-06-22,149.75,151.64700317382812,148.39999389648438,149.67999267578125,149.67999267578125,5790400,4246.43994140625
2021-06-23,149.75999450683594,154.58999633789062,147.8000030517578,151.5800018310547,151.5800018310547,9335700,4241.83984375
2021-06-24,152.6699981689453,153.6269989013672,149.86000061035156,150.72999572753906,150.72999572753906,8173400,4266.490234375
2021-06-25,151.22999572753906,153.1699981689453,149.27999877929688,149.6699981689453,149.6699981689453,6452400,4280.7001953125
2021-06-28,148.61500549316406,150.92999267578125,147.0800018310547,149.94000244140625,149.94000244140625,6451000,4290.60986328125
2021-06-29,149.75,149.94000244140625,145.77000427246094,146.0800018310547,146.0800018310547,7479000,4291.7998046875
2021-06-30,145.5449981689453,154.08999633789062,144.2449951171875,153.13999938964844,153.13999938964844,9798600,4297.5
2021-07-01,154.5,157.41000366210938,151.41000366210938,153.0800018310547,153.0800018310547,9787100,4319.93994140625
2021-07-02,153.30999755859375,154.9499969482422,149.55999755859375,150.22999572753906,150.22999572753906,4826500,4352.33984375
2021-07-06,150.0800018310547,152.8000030517578,147.80999755859375,148.3699951171875,148.3699951171875,5069400,4343.5400390625
2021-07-07,148.14999389648438,148.94000244140625,143.60000610351562,143.72000122070312,143.72000122070312,5650900,4358.1298828125
2021-07-08,140.42999267578125,143.72999572753906,139.52999877929688,142.52999877929688,142.52999877929688,4827200,4320.81982421875
2021-07-09,143.3000030517578,150.25999450683594,143.3000030517578,149.63999938964844,149.63999938964844,7065100,4369.5498046875
2021-07-12,148.99000549316406,150.4199981689453,146.00999450683594,146.69000244140625,146.69000244140625,3276300,4384.6298828125
2021-07-13,147.69500732421875,147.69500732421875,143.0,143.41000366210938,143.41000366210938,5871500,4369.2099609375
2021-07-14,143.86000061035156,144.1999969482422,139.0399932861328,139.08999633789062,139.08999633789062,8545500,4374.2998046875
2021-07-15,139.17999267578125,140.52000427246094,136.5399932861328,137.5,137.5,6576100,4360.02978515625
2021-07-16,139.69000244140625,139.7899932861328,133.50999450683594,134.30999755859375,134.30999755859375,6094600,4327.16015625
2021-07-19,131.36000061035156,133.77000427246094,130.30999755859375,131.8800048828125,131.8800048828125,7215700,4258.490234375
2021-07-20,132.75,137.43499755859375,131.6999969482422,136.08999633789062,136.08999633789062,6274600,4323.06005859375
2021-07-21,136.7100067138672,140.14999389648438,135.72500610351562,139.25,139.25,5269600,4358.68994140625
2021-07-22,141.2899932861328,141.2899932861328,137.66000366210938,139.47000122070312,139.47000122070312,4628400,4367.47998046875
2021-07-23,139.8000030517578,140.0,137.41000366210938,138.72999572753906,138.72999572753906,2811100,4411.7900390625
2021-07-26,139.1300048828125,142.19000244140625,137.1999969482422,142.0,142.0,6489500,4422.2998046875
2021-07-27,141.2550048828125,142.52000427246094,138.30999755859375,141.5800018310547,141.5800018310547,5113100,4401.4599609375
2021-07-28,141.30999755859375,143.72999572753906,141.02999877929688,143.3000030517578,143.3000030517578,4466800,4400.64013671875
2021-07-29,143.64599609375,145.0,141.7100067138672,143.47000122070312,143.47000122070312,5005500,4419.14990234375
2021-07-30,141.75,144.69000244140625,141.74000549316406,144.00999450683594,144.00999450683594,4167100,4395.259765625
2021-08-02,143.85000610351562,146.27000427246094,143.39999389648438,145.49000549316406,145.49000549316406,4522400,4387.16015625
2021-08-03,147.72799682617188,147.7899932861328,143.27999877929688,145.64999389648438,145.64999389648438,5491000,4423.14990234375
2021-08-04,145.10000610351562,147.4600067138672,145.00999450683594,147.39999389648438,147.39999389648438,4631400,4402.66015625
2021-08-05,146.6699981689453,150.41000366210938,146.3990020751953,150.32000732421875,150.32000732421875,4737500,4429.10009765625
2021-08-06,148.99000549316406,150.19000244140625,147.5500030517578,149.99000549316406,149.99000549316406,4043500,4436.52001953125
2021-08-09,148.74000549316406,151.0,148.6999969482422,149.44000244140625,149.44000244140625,5541900,4432.35009765625
2021-08-10,149.36500549316406,150.75999450683594,147.85000610351562,147.9499969482422,147.9499969482422,5149800,4436.75
2021-08-11,147.5399932861328,149.27999877929688,145.1580047607422,148.16000366210938,148.16000366210938,6717700,4442.41015625
2021-08-12,148.86000061035156,151.67999267578125,146.5500030517578,151.14999389648438,151.14999389648438,8794100,4460.830078125
2021-08-13,146.66000366210938,152.75999450683594,144.50999450683594,152.75999450683594,152.75999450683594,16789100,4468.0
2021-08-16,151.99000549316406,152.02999877929688,144.89999389648438,148.57000732421875,148.57000732421875,7715200,4479.7099609375
2021-08-17,145.0,148.1999969482422,143.5800018310547,143.89999389648438,143.89999389648438,7855100,4448.080078125
2021-08-18,144.02000427246094,148.67999267578125,141.6999969482422,146.74000549316406,146.74000549316406,5190100,4400.27001953125
2021-08-19,143.79100036621094,145.27999877929688,141.9199981689453,142.64999389648438,142.64999389648438,4732400,4405.7998046875
2021-08-20,142.0,143.94900512695312,141.5,143.6999969482422,143.6999969482422,2996200,4441.669921875
2021-08-23,144.89999389648438,147.6300048828125,144.14999389648438,146.7899932861328,146.7899932861328,4727400,4479.52978515625
2021-08-24,147.0,161.97999572753906,146.5,161.4199981689453,161.4199981689453,22096800,4486.22998046875
2021-08-25,158.76400756835938,163.0590057373047,158.0,160.35000610351562,160.35000610351562,7267700,4496.18994140625
2021-08-26,159.33999633789062,159.5,151.4499969482422,152.72999572753906,152.72999572753906,7243000,4470.0
2021-08-27,152.25100708007812,156.44000244140625,151.4499969482422,154.17999267578125,154.17999267578125,4818800,4509.3701171875
2021-08-30,154.41000366210938,157.49000549316406,151.9199981689453,156.02000427246094,156.02000427246094,3968700,4528.7900390625
2021-08-31,155.94000244140625,158.14999389648438,153.5800018310547,154.99000549316406,154.99000549316406,7404000,4522.68017578125
2021-09-01,154.83999633789062,158.63999938964844,154.2899932861328,156.58999633789062,156.58999633789062,4324700,4524.08984375
2021-09-02,156.5,159.4600067138672,156.5,157.1999969482422,157.1999969482422,3301000,4536.9501953125
2021-09-03,158.0500030517578,160.63999938964844,157.1999969482422,158.0,158.0,4456400,4535.43017578125
2021-09-07,159.72000122070312,165.73500061035156,159.5500030517578,165.0,165.0,11008800,4520.02978515625
2021-09-08,163.22999572753906,166.5500030517578,161.60000610351562,163.92999267578125,163.92999267578125,5866500,4514.06982421875
2021-09-09,163.0,166.97000122070312,160.8300018310547,166.0,166.0,5935800,4493.27978515625
2021-09-10,166.9499969482422,168.23599243164062,165.00999450683594,165.1999969482422,165.1999969482422,3985300,4458.580078125
2021-09-13,160.25,162.99000549316406,154.7899932861328,160.32000732421875,160.32000732421875,7520900,4468.72998046875
2021-09-14,160.66000366210938,164.6999969482422,159.41000366210938,163.3000030517578,163.3000030517578,4655500,4443.0498046875
2021-09-15,162.32000732421875,166.6300048828125,160.49000549316406,166.3699951171875,166.3699951171875,5656000,4480.7001953125
2021-09-16,165.25999450683594,169.4499969482422,165.0399932861328,168.14999389648438,168.14999389648438,6094800,4473.75
2021-09-17,169.3000030517578,170.0,163.61000061035156,166.58999633789062,166.58999633789062,20024700,4432.990234375
2021-09-20,162.24000549316406,166.5399932861328,159.44500732421875,161.63999938964844,161.63999938964844,6846800,4357.72998046875
2021-09-21,164.0,170.00999450683594,162.9600067138672,169.2899932861328,169.2899932861328,8592500,4354.18994140625
2021-09-22,170.0290069580078,171.80999755859375,167.37100219726562,169.9600067138672,169.9600067138672,4353600,4395.64013671875
2021-09-23,171.5500030517578,176.0,170.5,175.1300048828125,175.1300048828125,5370800,4448.97998046875
2021-09-24,174.52999877929688,176.9600067138672,173.61000061035156,175.8800048828125,175.8800048828125,4084900,4455.47998046875
2021-09-27,175.0,176.31900024414062,172.02000427246094,174.25999450683594,174.25999450683594,3551400,4443.10986328125
2021-09-28,172.51600646972656,173.55999755859375,166.89999389648438,168.5800018310547,168.5800018310547,4362800,4352.6298828125
2021-09-29,170.10000610351562,171.2209930419922,166.5500030517578,168.07000732421875,168.07000732421875,2788700,4359.4599609375
2021-09-30,168.10000610351562,169.5,165.7100067138672,167.75,167.75,2662500,4307.5400390625
2021-10-01,170.30999755859375,173.1999969482422,168.5500030517578,173.00999450683594,173.00999450683594,4963000,4357.0400390625
2021-10-04,171.99000549316406,172.25999450683594,164.02999877929688,164.5,164.5,4459400,4300.4599609375
2021-10-05,165.6699981689453,166.58999633789062,162.42999267578125,164.74000549316406,164.74000549316406,4340100,4345.72021484375
2021-10-06,161.38999938964844,167.32000732421875,160.6300048828125,167.25,167.25,2461500,4363.5498046875
2021-10-07,170.0,171.27000427246094,168.60000610351562,169.60000610351562,169.60000610351562,2119600,4399.759765625
2021-10-08,170.10000610351562,174.10000610351562,169.47999572753906,169.97000122070312,169.97000122070312,2265100,4391.33984375
2021-10-11,170.0,171.5399932861328,166.6300048828125,166.6699981689453,166.6699981689453,2046300,4361.18994140625
2021-10-12,172.69400024414062,175.89999389648438,171.22999572753906,172.75,172.75,6028100,4350.64990234375
2021-10-13,173.0,175.19000244140625,171.8000030517578,173.5800018310547,173.5800018310547,3521900,4363.7998046875
2021-10-14,175.24000549316406,176.75,170.0399932861328,170.5,170.5,4139400,4438.259765625
2021-10-15,171.89999389648438,172.9499969482422,168.5800018310547,169.17999267578125,169.17999267578125,3592700,4471.3701171875
2021-10-18,167.5,172.6999969482422,167.11000061035156,172.32000732421875,172.32000732421875,2793700,4486.4599609375
2021-10-19,172.57000732421875,172.80999755859375,170.05999755859375,170.74000549316406,170.74000549316406,2776600,4519.6298828125
2021-10-20,170.05999755859375,171.94000244140625,168.1999969482422,169.75999450683594,169.75999450683594,2687000,4536.18994140625
2021-10-21,169.07400512695312,171.52999877929688,167.6999969482422,170.5,170.5,2889400,4549.77978515625
2021-10-22,169.3000030517578,169.44000244140625,165.16000366210938,166.63999938964844,166.63999938964844,2986000,4544.89990234375
2021-10-25,166.69000244140625,170.32899475097656,166.64999389648438,169.24000549316406,169.24000549316406,2620800,4566.47998046875
2021-10-26,170.39999389648438,172.0,167.89999389648438,171.13999938964844,171.13999938964844,2937900,4574.7900390625
2021-10-27,170.74000549316406,172.64999389648438,168.8800048828125,169.10000610351562,169.10000610351562,3009800,4551.68017578125
2021-10-28,170.1999969482422,171.85000610351562,168.7100067138672,171.6999969482422,171.6999969482422,2143700,4596.419921875
2021-10-29,171.38999938964844,171.38999938964844,168.8489990234375,170.66000366210938,170.66000366210938,2294400,4605.3798828125
2021-11-01,170.5,175.44000244140625,170.5,174.60000610351562,174.60000610351562,4401100,4613.669921875
2021-11-02,174.9499969482422,175.3000030517578,170.5800018310547,172.8699951171875,172.8699951171875,3292100,4630.64990234375
2021-11-03,171.88999938964844,173.75,170.92999267578125,172.8699951171875,172.8699951171875,2827100,4660.56982421875
2021-11-04,175.9499969482422,179.43499755859375,173.9600067138672,178.4499969482422,178.4499969482422,9664600,4680.06005859375
2021-11-05,186.1499938964844,203.2949981689453,185.94400024414065,201.6199951171875,201.6199951171875,27330500,4697.52978515625
2021-11-08,203.3500061035156,211.33599853515625,199.75,200.32000732421875,200.32000732421875,12855300,4701.7001953125
2021-11-09,201.44000244140625,201.5,187.5,194.67999267578125,194.67999267578125,9056100,4685.25
2021-11-10,190.22999572753903,195.0,189.27999877929688,192.22000122070312,192.22000122070312,6704100,4646.7099609375
2021-11-11,195.1999969482422,197.92999267578125,190.7700042724609,191.6100006103516,191.6100006103516,5899000,4649.27001953125
2021-11-12,192.46499633789065,208.16000366210935,192.05999755859372,206.5399932861328,206.5399932861328,12057800,4682.85009765625
2021-11-15,206.1999969482422,209.2400054931641,204.16000366210935,207.2100067138672,207.2100067138672,7479300,4682.7998046875
2021-11-16,205.58999633789065,209.92999267578125,203.47000122070312,207.0399932861328,207.0399932861328,4431300,4700.89990234375
2021-11-17,207.0,212.58399963378903,198.3999938964844,199.1100006103516,199.1100006103516,6383400,4688.669921875
2021-11-18,199.33999633789065,205.0,196.0,204.3300018310547,204.3300018310547,4597700,4704.5400390625
2021-11-19,196.6000061035156,199.3600006103516,190.5,196.4199981689453,196.4199981689453,8181900,4697.9599609375
2021-11-22,190.44000244140625,190.75999450683597,176.72000122070312,181.72999572753903,181.72999572753903,12619800,4682.93994140625
2021-11-23,181.14300537109372,183.72999572753903,175.25,178.27000427246094,178.27000427246094,6451900,4690.7001953125
2021-11-24,175.6300048828125,182.77999877929688,175.0,179.88999938964844,179.88999938964844,4763300,4701.4599609375
2021-11-26,167.75999450683594,174.63999938964844,167.0399932861328,173.86000061035156,173.86000061035156,6044100,4594.6201171875
2021-11-29,176.8800048828125,180.6999969482422,175.89999389648438,180.0800018310547,180.0800018310547,5317400,4655.27001953125
2021-11-30,176.40499877929688,180.63999938964844,170.92100524902344,172.5399932861328,172.5399932861328,10682700,4567.0
2021-12-01,174.00999450683594,180.1300048828125,162.02999877929688,163.0800018310547,163.0800018310547,7645700,4513.0400390625
2021-12-02,161.36000061035156,170.2949981689453,160.49000549316406,169.60000610351562,169.60000610351562,5687600,4577.10009765625
2021-12-03,168.97999572753906,170.72999572753906,162.13999938964844,166.75,166.75,6460900,4538.43017578125
2021-12-06,167.27499389648438,181.92999267578125,162.85000610351562,180.8500061035156,180.8500061035156,9813800,4591.669921875
2021-12-07,185.6100006103516,187.5,182.0200042724609,183.13999938964844,183.13999938964844,6264600,4686.75
2021-12-08,186.0,187.5,182.13999938964844,186.4900054931641,186.4900054931641,4218700,4701.2099609375
2021-12-09,182.08999633789065,185.302001953125,179.27999877929688,181.4600067138672,181.4600067138672,3518000,4667.4501953125
2021-12-10,178.14999389648438,181.1000061035156,175.85400390625,180.4199981689453,180.4199981689453,3980400,4712.02001953125
2021-12-13,178.25,180.0,168.88999938964844,171.0399932861328,171.0399932861328,7263700,4668.97021484375
2021-12-14,168.29800415039062,169.91000366210938,164.5,167.9600067138672,167.9600067138672,5660400,4634.08984375
2021-12-15,167.63999938964844,168.9600067138672,160.17999267578125,168.13999938964844,168.13999938964844,6678500,4709.85009765625
2021-12-16,166.25,167.72999572753906,153.60000610351562,156.3800048828125,156.3800048828125,9415100,4668.669921875
2021-12-17,154.6199951171875,158.30999755859375,149.44000244140625,157.91000366210938,157.91000366210938,24062400,4620.64013671875
2021-12-20,151.16000366210938,158.47999572753906,151.0,157.22999572753906,157.22999572753906,4639300,4568.02001953125
2021-12-21,159.5,167.27499389648438,158.3699951171875,165.66000366210938,165.66000366210938,6293500,4649.22998046875
2021-12-22,165.67999267578125,170.67999267578125,162.8000030517578,169.2899932861328,169.2899932861328,4802500,4696.56005859375
2021-12-23,170.5,171.99000549316406,166.88999938964844,171.30999755859375,171.30999755859375,4017400,4725.7900390625
2021-12-27,169.80599975585938,172.42999267578125,168.77999877929688,171.67999267578125,171.67999267578125,2725200,4791.18994140625
2021-12-28,171.32000732421875,172.72999572753906,167.72999572753906,169.7100067138672,169.7100067138672,2292600,4786.35009765625
2021-12-29,169.52000427246094,170.47999572753906,165.02000427246094,167.44000244140625,167.44000244140625,1995400,4793.06005859375
2021-12-30,167.05999755859375,170.85000610351562,165.7100067138672,168.77999877929688,168.77999877929688,2181100,4778.72998046875
2021-12-31,168.77999877929688,170.8699951171875,166.0800018310547,166.49000549316406,166.49000549316406,2596000,4766.18017578125
2022-01-03,165.2969970703125,172.83999633789062,165.22000122070312,172.67999267578125,172.67999267578125,4224900,4796.56005859375
2022-01-04,174.1540069580078,175.89999389648438,167.1999969482422,170.8000030517578,170.8000030517578,4080000,4793.5400390625
2022-01-05,169.88299560546875,175.10699462890625,162.24000549316406,162.25,162.25,4804600,4700.580078125
2022-01-06,160.2899932861328,163.72999572753906,156.33999633789062,159.75,159.75,5049600,4696.0498046875
2022-01-07,159.17999267578125,166.8800048828125,158.4550018310547,166.0500030517578,166.0500030517578,5624600,4677.02978515625
2022-01-10,159.75999450683594,161.6999969482422,152.10000610351562,160.7100067138672,160.7100067138672,6973600,4670.2900390625
2022-01-11,160.7100067138672,169.38999938964844,159.0780029296875,168.61000061035156,168.61000061035156,5331600,4713.06982421875
2022-01-12,170.24000549316406,171.0399932861328,165.11000061035156,169.5399932861328,169.5399932861328,3534300,4726.35009765625
2022-01-13,170.23300170898438,171.99000549316406,165.76499938964844,166.0,166.0,4893800,4659.02978515625
2022-01-14,165.75,167.6300048828125,160.24000549316406,163.99000549316406,163.99000549316406,4144000,4662.85009765625
2022-01-18,156.91000366210938,160.7899932861328,153.8699951171875,154.69000244140625,154.69000244140625,5775400,4577.10986328125
2022-01-19,157.0,160.22999572753906,154.44000244140625,154.5800018310547,154.5800018310547,5127400,4532.759765625
2022-01-20,157.80799865722656,165.1999969482422,157.35000610351562,158.0,158.0,4941900,4482.72998046875
2022-01-21,156.81500244140625,160.1999969482422,152.41000366210938,156.72999572753906,156.72999572753906,7242300,4397.93994140625
2022-01-24,150.0,151.16000366210938,135.75999450683594,147.89999389648438,147.89999389648438,14606600,4410.1298828125
2022-01-25,143.89999389648438,147.3800048828125,140.1300048828125,144.55999755859375,144.55999755859375,5704900,4356.4501953125
2022-01-26,149.28500366210938,152.39999389648438,140.04100036621094,142.13999938964844,142.13999938964844,6990300,4349.93017578125
2022-01-27,143.47999572753906,145.54800415039062,137.9199981689453,138.41000366210938,138.41000366210938,4493800,4326.509765625
2022-01-28,138.5449981689453,143.11000061035156,134.37399291992188,142.77000427246094,142.77000427246094,5604400,4431.85009765625
2022-01-31,144.80299377441406,153.97000122070312,143.80999755859375,153.97000122070312,153.97000122070312,5463000,4515.5498046875
2022-02-01,155.35000610351562,157.38999938964844,152.5,156.94000244140625,156.94000244140625,3799300,4546.5400390625
2022-02-02,156.31300354003906,156.50999450683594,150.71200561523438,151.75999450683594,151.75999450683594,3678300,4589.3798828125
2022-02-03,147.97000122070312,152.17999267578125,146.67999267578125,149.57000732421875,149.57000732421875,4577100,4477.43994140625
2022-02-04,150.13999938964844,157.24000549316406,150.0,155.55999755859375,155.55999755859375,4687700,4500.52978515625
2022-02-07,156.7899932861328,160.8800048828125,155.9499969482422,157.91000366210938,157.91000366210938,4690700,4483.8701171875
2022-02-08,154.0,163.07899475097656,153.44000244140625,162.25999450683594,162.25999450683594,4309100,4521.5400390625
2022-02-09,165.3699951171875,170.07000732421875,165.0800018310547,169.52999877929688,169.52999877929688,4868300,4587.18017578125
2022-02-10,165.2449951171875,177.05999755859375,165.2449951171875,171.9499969482422,171.9499969482422,8261400,4504.080078125
2022-02-11,175.3090057373047,176.74000549316406,164.8300018310547,166.52999877929688,166.52999877929688,6464400,4418.64013671875
2022-02-14,166.6300048828125,171.8000030517578,165.02999877929688,169.66000366210938,169.66000366210938,4847600,4401.669921875
2022-02-15,172.9199981689453,180.6320037841797,172.75,180.07000732421875,180.07000732421875,11733900,4471.06982421875
2022-02-16,178.2949981689453,191.72999572753903,178.0,186.63999938964844,186.63999938964844,22252900,4475.009765625
2022-02-17,184.8999938964844,188.97999572753903,181.5399932861328,183.6000061035156,183.6000061035156,7779200,4380.259765625
2022-02-18,180.25999450683597,182.66000366210935,173.6199951171875,174.89999389648438,174.89999389648438,8848800,4348.8701171875
2022-02-22,172.1300048828125,176.3800048828125,161.32000732421875,165.24000549316406,165.24000549316406,8392600,4304.759765625
2022-02-23,165.92999267578125,166.65499877929688,149.85000610351562,150.0399932861328,150.0399932861328,9778500,4225.5
2022-02-24,141.3000030517578,158.9600067138672,141.17999267578125,158.25999450683594,158.25999450683594,10354600,4288.7001953125
2022-02-25,159.25999450683594,159.4499969482422,152.91000366210938,155.08999633789062,155.08999633789062,6173200,4384.64990234375
2022-02-28,155.02499389648438,155.0959930419922,148.3000030517578,151.49000549316406,151.49000549316406,11078500,4373.93994140625
2022-03-01,150.52999877929688,154.22000122070312,149.9499969482422,151.00999450683594,151.00999450683594,5165800,4306.259765625
2022-03-02,152.47999572753906,158.0800018310547,151.88999938964844,157.52999877929688,157.52999877929688,5028300,4386.5400390625
2022-03-03,158.3300018310547,159.22000122070312,150.99000549316406,151.69000244140625,151.69000244140625,4045800,4363.490234375
2022-03-04,150.77000427246094,151.88999938964844,140.4600067138672,142.6999969482422,142.6999969482422,8390800,4328.8701171875
2022-03-07,145.0,145.27000427246094,131.52000427246094,131.58999633789062,131.58999633789062,9177300,4201.08984375
2022-03-08,131.6300048828125,144.47000122070312,131.5,142.1300048828125,142.1300048828125,9587000,4170.7001953125
2022-03-09,145.42999267578125,150.99000549316406,145.3300018310547,148.30999755859375,148.30999755859375,7023900,4277.8798828125
2022-03-10,145.22000122070312,152.88999938964844,144.40899658203125,151.8000030517578,151.8000030517578,5302500,4259.52001953125
2022-03-11,154.1300048828125,155.0,145.0,145.13999938964844,145.13999938964844,4577300,4204.31005859375
2022-03-14,143.41000366210938,144.6699981689453,136.0399932861328,138.5,138.5,6330200,4173.10986328125
2022-03-15,140.0,144.72999572753906,138.32000732421875,143.9499969482422,143.9499969482422,5488700,4262.4501953125
2022-03-16,148.14500427246094,156.97999572753906,146.30999755859375,155.75,155.75,7105400,4357.85986328125
2022-03-17,153.7899932861328,157.60000610351562,151.0500030517578,157.5500030517578,157.5500030517578,5031700,4411.669921875
2022-03-18,156.07000732421875,167.17999267578125,155.6999969482422,167.0,167.0,8467500,4463.1201171875
2022-03-21,164.57000732421875,165.9499969482422,159.0,161.8000030517578,161.8000030517578,4584400,4461.18017578125
2022-03-22,163.61000061035156,168.1750030517578,162.0,166.44000244140625,166.44000244140625,4099900,4511.60986328125
2022-03-23,163.63999938964844,166.88999938964844,162.8800048828125,164.16000366210938,164.16000366210938,2814300,4456.240234375
2022-03-24,164.80999755859375,171.0,162.66799926757812,170.8300018310547,170.8300018310547,4223500,4520.16015625
2022-03-25,169.94000244140625,170.61000061035156,164.13400268554688,167.22000122070312,167.22000122070312,2952300,4543.06005859375
2022-03-28,167.22000122070312,168.718994140625,162.42999267578125,167.64999389648438,167.64999389648438,3829800,4575.52001953125
2022-03-29,172.11000061035156,178.8800048828125,171.80999755859375,175.52000427246094,175.52000427246094,5452800,4631.60009765625
2022-03-30,173.13099670410156,176.82000732421875,172.02000427246094,173.6300048828125,173.6300048828125,3707400,4602.4501953125
2022-03-31,173.5399932861328,176.14999389648438,171.16400146484375,171.75999450683594,171.75999450683594,3232200,4530.41015625
2022-04-01,173.05999755859375,177.94000244140625,172.22999572753906,173.07000732421875,173.07000732421875,3644900,4545.85986328125
2022-04-04,175.02000427246094,177.02000427246094,172.5850067138672,177.02000427246094,177.02000427246094,3495700,4582.64013671875
2022-04-05,177.19000244140625,179.08999633789062,170.1199951171875,171.2100067138672,171.2100067138672,4065000,4525.1201171875
2022-04-06,167.0500030517578,168.77000427246094,161.5800018310547,164.66000366210938,164.66000366210938,4287700,4481.14990234375
2022-04-07,163.19000244140625,167.86000061035156,161.7100067138672,165.91000366210938,165.91000366210938,4146600,4500.2099609375
2022-04-08,162.52000427246094,164.89999389648438,159.35000610351562,162.55999755859375,162.55999755859375,3448400,4488.27978515625
2022-04-11,159.83999633789062,163.57000732421875,157.41000366210938,160.25,160.25,3877200,4412.52978515625
2022-04-12,163.6999969482422,166.11000061035156,157.27999877929688,160.11000061035156,160.11000061035156,4113000,4397.4501953125
2022-04-13,160.83999633789062,172.9600067138672,160.64999389648438,171.85000610351562,171.85000610351562,7211900,4446.58984375
2022-04-14,171.66000366210938,174.63999938964844,170.2949981689453,170.6999969482422,170.6999969482422,5125100,4392.58984375
2022-04-18,169.27000427246094,170.1199951171875,164.35000610351562,165.74000549316406,165.74000549316406,3339900,4391.68994140625
2022-04-19,165.74000549316406,170.82000732421875,165.7100067138672,170.1199951171875,170.1199951171875,2857100,4462.2099609375
2022-04-20,172.61000061035156,172.61000061035156,164.30999755859375,164.5500030517578,164.5500030517578,3997900,4459.4501953125
2022-04-21,168.97999572753906,170.92999267578125,156.67999267578125,157.91000366210938,157.91000366210938,4714600,4393.66015625
2022-04-22,157.83999633789062,161.6699981689453,154.77999877929688,156.08999633789062,156.08999633789062,3863400,4271.77978515625
2022-04-25,154.3300018310547,159.7899932861328,152.10000610351562,158.38999938964844,158.38999938964844,3868100,4296.1201171875
2022-04-26,158.39999389648438,159.1999969482422,152.8000030517578,153.0399932861328,153.0399932861328,4075000,4175.2001953125
2022-04-27,153.82000732421875,157.3000030517578,150.44000244140625,152.22999572753906,152.22999572753906,4826000,4183.9599609375
2022-04-28,154.00999450683594,161.2550048828125,153.66000366210938,159.74000549316406,159.74000549316406,4854500,4287.5
2022-04-29,158.8800048828125,163.24000549316406,153.0,153.2100067138672,153.2100067138672,4033100,4131.93017578125
2022-05-02,153.2100067138672,155.1300048828125,147.21099853515625,152.77999877929688,152.77999877929688,5945300,4155.3798828125
2022-05-03,154.08999633789062,154.49000549316406,141.5800018310547,145.0,145.0,16774700,4175.47998046875
2022-05-04,152.5500030517578,158.74000549316406,145.8719940185547,156.17999267578125,156.17999267578125,20598100,4300.169921875
2022-05-05,152.19000244140625,153.8800048828125,140.85800170898438,143.08999633789062,143.08999633789062,11367200,4146.8701171875
2022-05-06,142.6999969482422,143.11000061035156,133.0399932861328,135.83999633789062,135.83999633789062,9573100,4123.33984375
2022-05-09,131.75999450683594,131.88499450683594,118.83000183105467,119.37000274658205,119.37000274658205,14430900,3991.239990234375
2022-05-10,122.9499969482422,123.45999908447266,113.52999877929688,116.12999725341795,116.12999725341795,13638500,4001.050048828125
2022-05-11,114.52999877929688,123.7699966430664,112.36699676513672,116.1500015258789,116.1500015258789,13661400,3935.179931640625
2022-05-12,113.66000366210938,120.48999786376952,111.22000122070312,115.94000244140624,115.94000244140624,9264300,3930.080078125
2022-05-13,119.95999908447266,123.29000091552734,118.81999969482422,121.4499969482422,121.4499969482422,8595400,4023.889892578125
2022-05-16,121.0,121.06999969482422,113.25,114.44000244140624,114.44000244140624,7588400,4008.010009765625
2022-05-17,119.97000122070312,120.18000030517578,114.51000213623048,117.5,117.5,6962900,4088.85009765625
2022-05-18,116.11000061035156,117.04000091552734,107.62000274658205,108.02999877929688,108.02999877929688,9718700,3923.679931640625
2022-05-19,108.18000030517578,116.3499984741211,107.4499969482422,114.16999816894533,114.16999816894533,8926600,3900.7900390625
2022-05-20,115.45999908447266,116.25,108.5,112.5500030517578,112.5500030517578,6961900,3901.360107421875
2022-05-23,113.54499816894533,115.1500015258789,110.93000030517578,113.27999877929688,113.27999877929688,6000800,3973.75
2022-05-24,111.27999877929688,111.41999816894533,103.74099731445312,106.23999786376952,106.23999786376952,6415800,3941.47998046875
2022-05-25,105.88999938964844,111.94000244140624,104.97000122070312,110.4000015258789,110.4000015258789,6203300,3978.72998046875
2022-05-26,109.73999786376952,115.5500030517578,108.11000061035156,114.3000030517578,114.3000030517578,6883200,4057.840087890625
2022-05-27,116.0,120.6999969482422,115.7699966430664,120.5,120.5,7391500,4158.240234375
2022-05-31,120.5,122.29900360107422,117.16000366210938,120.87000274658205,120.87000274658205,9117600,4132.14990234375
2022-06-01,121.0500030517578,121.0739974975586,114.3949966430664,116.72000122070312,116.72000122070312,6879600,4101.22998046875
2022-06-02,117.12999725341795,123.0,116.2699966430664,121.26000213623048,121.26000213623048,5166200,4176.81982421875
2022-06-03,118.0709991455078,121.5,117.55999755859376,119.83000183105467,119.83000183105467,4584600,4108.5400390625
2022-06-06,123.33000183105467,124.18000030517578,119.91999816894533,122.0199966430664,122.0199966430664,4160200,4121.43017578125
2022-06-07,119.76000213623048,123.91200256347656,119.12000274658205,122.9000015258789,122.9000015258789,3331200,4160.68017578125
2022-06-08,121.43000030517578,125.51000213623048,121.2300033569336,123.7699966430664,123.7699966430664,3775600,4115.77001953125
2022-06-09,122.30999755859376,122.9800033569336,115.41999816894533,115.72000122070312,115.72000122070312,5315900,4017.820068359375
2022-06-10,111.8000030517578,115.12999725341795,108.31999969482422,108.91000366210938,108.91000366210938,6936900,3900.860107421875
2022-06-13,102.8499984741211,105.33000183105467,98.36000061035156,98.93000030517578,98.93000030517578,9587300,3749.6298828125
2022-06-14,99.54000091552734,101.3499984741211,97.20099639892578,98.87000274658205,98.87000274658205,5915300,3735.47998046875
2022-06-15,100.0199966430664,103.6500015258789,98.91999816894533,101.47000122070312,101.47000122070312,6260400,3789.989990234375
2022-06-16,96.19000244140624,97.5,92.08999633789062,93.26000213623048,93.26000213623048,9435700,3666.77001953125
2022-06-17,93.52999877929688,100.61000061035156,93.52999877929688,99.48999786376952,99.48999786376952,11293100,3674.840087890625
2022-06-21,102.69000244140624,104.88899993896484,101.62000274658205,102.2699966430664,102.2699966430664,6532700,3764.7900390625
2022-06-22,99.0,102.5,98.72000122070312,99.52999877929688,99.52999877929688,8986000,3759.889892578125
2022-06-23,100.0,100.8000030517578,93.0199966430664,95.72000122070312,95.72000122070312,12340800,3795.72998046875
2022-06-24,97.5199966430664,104.18000030517578,96.33000183105467,103.51000213623048,103.51000213623048,28797400,3911.739990234375
2022-06-27,103.95999908447266,104.16999816894533,99.33000183105467,101.5,101.5,7352100,3900.110107421875
2022-06-28,103.33999633789062,105.4499969482422,97.08999633789062,97.52999877929688,97.52999877929688,7744100,3821.550048828125
2022-06-29,96.83000183105467,97.0,92.0500030517578,93.93000030517578,93.93000030517578,6522600,3818.830078125
2022-06-30,92.48999786376952,92.91000366210938,86.70999908447266,89.08000183105469,89.08000183105469,9007800,3785.3798828125
2022-07-01,89.08999633789062,91.45999908447266,87.43000030517578,91.41000366210938,91.41000366210938,5995400,3825.330078125
2022-07-05,88.87999725341797,96.01000213623048,86.75,95.94000244140624,95.94000244140624,7648500,3831.389892578125
2022-07-06,95.29000091552734,96.16999816894533,91.8000030517578,92.87999725341795,92.87999725341795,5703000,3845.080078125
2022-07-07,93.66000366210938,97.5500030517578,92.16000366210938,97.5,97.5,7480500,3902.6201171875
2022-07-08,96.2300033569336,98.12000274658205,93.24199676513672,97.3499984741211,97.3499984741211,5669500,3899.3798828125
2022-07-11,96.0,97.08999633789062,93.2699966430664,95.0999984741211,95.0999984741211,6041400,3854.429931640625
2022-07-12,95.3000030517578,97.68599700927734,93.31999969482422,96.5500030517578,96.5500030517578,4170200,3818.800048828125
2022-07-13,93.75,96.58899688720705,91.61000061035156,95.63999938964844,95.63999938964844,6967800,3801.780029296875
2022-07-14,94.27999877929688,94.58000183105467,90.16999816894533,91.0500030517578,91.0500030517578,8334600,3790.3798828125
2022-07-15,92.5500030517578,95.6500015258789,90.66000366210938,94.66000366210938,94.66000366210938,7497200,3863.159912109375
2022-07-18,96.77999877929688,101.87999725341795,95.9800033569336,97.66999816894533,97.66999816894533,7171500,3830.85009765625
2022-07-19,99.6999969482422,102.70999908447266,98.76000213623048,102.1999969482422,102.1999969482422,5603800,3936.68994140625
2022-07-20,103.11000061035156,108.91999816894533,102.75,107.7300033569336,107.7300033569336,6834100,3959.89990234375
2022-07-21,106.9800033569336,108.5,104.41000366210938,108.13999938964844,108.13999938964844,4284900,3998.949951171875
2022-07-22,108.30999755859376,110.0999984741211,102.93000030517578,103.97000122070312,103.97000122070312,4243900,3961.6298828125
2022-07-25,103.77999877929688,105.26000213623048,101.47899627685548,104.9499969482422,104.9499969482422,3142900,3966.840087890625
2022-07-26,102.37999725341795,103.62999725341795,101.0999984741211,101.91000366210938,101.91000366210938,4191000,3921.050048828125
2022-07-27,105.79000091552734,107.98500061035156,104.05999755859376,107.36000061035156,107.36000061035156,5362700,4023.610107421875
2022-07-28,108.16999816894533,110.05999755859376,104.68000030517578,108.83999633789062,108.83999633789062,4471900,4072.429931640625
2022-07-29,108.19499969482422,111.16000366210938,107.11000061035156,110.9800033569336,110.9800033569336,4637800,4130.2900390625
2022-08-01,110.0,113.95999908447266,107.4800033569336,111.1999969482422,111.1999969482422,6019500,4118.6298828125
2022-08-02,111.66999816894533,117.77999877929688,111.0999984741211,116.33999633789062,116.33999633789062,15208200,4091.18994140625
2022-08-03,108.2249984741211,115.56999969482422,107.6500015258789,115.0199966430664,115.0199966430664,23354900,4155.169921875
2022-08-04,114.30999755859376,119.23999786376952,114.25499725341795,119.22000122070312,119.22000122070312,9180300,4151.93994140625
2022-08-05,115.5199966430664,118.87000274658205,114.81999969482422,117.11000061035156,117.11000061035156,6495000,4145.18994140625
2022-08-08,118.15499877929688,119.63999938964844,115.43000030517578,115.81999969482422,115.81999969482422,5382900,4140.06005859375
2022-08-09,115.0,115.66999816894533,112.8000030517578,114.44000244140624,114.44000244140624,4201200,4122.47021484375
2022-08-10,119.33000183105467,120.33999633789062,116.3000030517578,118.7300033569336,118.7300033569336,5529000,4210.240234375
2022-08-11,121.3000030517578,127.08999633789062,120.95999908447266,121.5,121.5,8110100,4207.27001953125
2022-08-12,122.8000030517578,125.0,121.12000274658205,124.51000213623048,124.51000213623048,5012500,4280.14990234375
2022-08-15,123.5500030517578,126.43499755859376,123.1999969482422,126.04000091552734,126.04000091552734,4884700,4297.14013671875
2022-08-16,124.2300033569336,125.41999816894533,122.62000274658205,124.18000030517578,124.18000030517578,4370700,4305.2001953125
2022-08-17,121.62999725341795,123.2699966430664,120.63999938964844,121.87000274658205,121.87000274658205,4336200,4274.0400390625
2022-08-18,121.5,122.1999969482422,120.27999877929688,121.2699966430664,121.2699966430664,3373900,4283.740234375
2022-08-19,118.18499755859376,119.22000122070312,114.0999984741211,114.76000213623048,114.76000213623048,5288800,4228.47998046875
2022-08-22,110.36000061035156,114.22799682617188,109.97000122070312,111.38999938964844,111.38999938964844,6057400,4137.990234375
2022-08-23,112.41000366210938,114.0199966430664,111.41000366210938,111.5999984741211,111.5999984741211,5447200,4128.72998046875
2022-08-24,110.93000030517578,115.56999969482422,110.83999633789062,114.51000213623048,114.51000213623048,3634000,4140.77001953125
2022-08-25,115.88999938964844,117.9499969482422,115.41999816894533,117.02999877929688,117.02999877929688,4021600,4199.1201171875
2022-08-26,117.05999755859376,118.2699966430664,112.77999877929688,112.81999969482422,112.81999969482422,3778700,4057.659912109375
2022-08-29,111.7699966430664,115.8000030517578,111.52999877929688,113.54000091552734,113.54000091552734,4620600,4030.610107421875
2022-08-30,114.5,116.0199966430664,110.44000244140624,112.55999755859376,112.55999755859376,4507200,3986.159912109375
2022-08-31,113.48999786376952,115.58000183105467,112.4000015258789,113.12000274658205,113.12000274658205,6191600,3955.0
2022-09-01,111.0999984741211,114.08000183105467,108.16999816894533,113.4000015258789,113.4000015258789,5661500,3966.85009765625
2022-09-02,114.31999969482422,116.45999908447266,112.33000183105467,113.63999938964844,113.63999938964844,4121700,3924.260009765625
2022-09-06,114.08999633789062,114.5199966430664,110.5,113.6999969482422,113.6999969482422,4067100,3908.18994140625
2022-09-07,112.8499984741211,116.44000244140624,112.70999908447266,116.06999969482422,116.06999969482422,4619300,3979.8701171875
2022-09-08,114.0,119.34700012207033,114.0,118.58000183105467,118.58000183105467,4064000,4006.179931640625
2022-09-09,120.01799774169922,123.70999908447266,119.9000015258789,123.4800033569336,123.4800033569336,5413300,4067.360107421875
2022-09-12,124.25,127.23999786376952,123.78500366210938,124.79000091552734,124.79000091552734,6993300,4110.41015625
2022-09-13,119.6999969482422,123.86000061035156,119.0500030517578,121.54000091552734,121.54000091552734,7126500,3932.68994140625
2022-09-14,121.62999725341795,127.0,119.51000213623048,126.8000030517578,126.8000030517578,5690100,3946.010009765625
2022-09-15,125.29000091552734,129.3800048828125,124.27999877929688,125.04000091552734,125.04000091552734,6606100,3901.35009765625
2022-09-16,121.11000061035156,122.26000213623048,117.58999633789062,118.75,118.75,13704400,3873.330078125
2022-09-19,116.87000274658205,119.77999877929688,116.47000122070312,118.77999877929688,118.77999877929688,4715400,3899.889892578125
2022-09-20,117.93000030517578,121.66000366210938,116.62000274658205,116.70999908447266,116.70999908447266,5610900,3855.929931640625
2022-09-21,116.37000274658205,119.33000183105467,112.36000061035156,114.01000213623048,114.01000213623048,6898700,3789.929931640625
2022-09-22,112.66999816894533,113.72000122070312,103.26000213623048,103.72000122070312,103.72000122070312,8399400,3757.989990234375
2022-09-23,102.1999969482422,103.18000030517578,99.70999908447266,101.75,101.75,6245600,3693.22998046875
2022-09-26,101.77999877929688,105.36000061035156,101.55999755859376,103.2300033569336,103.2300033569336,5278800,3655.0400390625
2022-09-27,106.04000091552734,108.16999816894533,104.13999938964844,106.37000274658205,106.37000274658205,5081000,3647.2900390625
2022-09-28,106.70099639892578,111.12999725341795,105.77999877929688,110.69000244140624,110.69000244140624,4518200,3719.0400390625
2022-09-29,109.19000244140624,109.4749984741211,105.16999816894533,106.66000366210938,106.66000366210938,4259500,3640.469970703125
2022-09-30,104.76000213623048,109.08000183105467,104.7300033569336,105.04000091552734,105.04000091552734,4750600,3585.6201171875
2022-10-03,105.48999786376952,106.3499984741211,102.18000030517578,105.0,105.0,6208900,3678.429931640625
2022-10-04,109.13999938964844,111.61000061035156,108.68000030517578,110.80999755859376,110.80999755859376,4835000,3790.929931640625
2022-10-05,110.5199966430664,112.33999633789062,107.83999633789062,111.76000213623048,111.76000213623048,4008700,3783.280029296875
2022-10-06,112.0,114.41000366210938,110.1999969482422,111.58000183105467,111.58000183105467,3446500,3744.52001953125
2022-10-07,108.87000274658205,109.53199768066406,107.0999984741211,108.54000091552734,108.54000091552734,3352700,3639.659912109375
2022-10-10,108.5500030517578,111.62000274658205,107.41000366210938,110.98999786376952,110.98999786376952,3945200,3612.389892578125
2022-10-11,110.98799896240234,111.0,103.59500122070312,106.81999969482422,106.81999969482422,5696700,3588.840087890625
2022-10-12,107.47000122070312,112.9800033569336,106.11000061035156,112.3499984741211,112.3499984741211,5547500,3577.030029296875
2022-10-13,107.3000030517578,113.12999725341795,105.3000030517578,112.6500015258789,112.6500015258789,6172500,3669.909912109375
2022-10-14,115.0,116.447998046875,109.01000213623048,109.16000366210938,109.16000366210938,5001700,3583.070068359375
2022-10-17,112.33000183105467,116.76000213623048,111.02999877929688,116.5,116.5,5423900,3677.949951171875
2022-10-18,120.02999877929688,120.70999908447266,115.6999969482422,117.94000244140624,117.94000244140624,5580000,3719.97998046875
2022-10-19,116.23500061035156,118.83999633789062,115.3000030517578,116.87000274658205,116.87000274658205,3408900,3695.159912109375
2022-10-20,116.3499984741211,120.55999755859376,116.0,117.0,117.0,3962200,3665.780029296875
2022-10-21,116.76000213623048,120.33999633789062,114.63999938964844,119.9499969482422,119.9499969482422,4146100,3752.75
2022-10-24,118.33000183105467,119.06999969482422,112.8239974975586,116.38999938964844,116.38999938964844,4452800,3797.340087890625
2022-10-25,115.37000274658205,119.37999725341795,112.62999725341795,118.4499969482422,118.4499969482422,6278900,3859.110107421875
2022-10-26,117.0,119.91000366210938,114.97000122070312,115.30999755859376,115.30999755859376,4263100,3830.60009765625
2022-10-27,116.0500030517578,116.37000274658205,111.9250030517578,112.05999755859376,112.05999755859376,4594000,3807.300048828125
2022-10-28,111.19000244140624,115.25,110.38999938964844,115.20999908447266,115.20999908447266,4757300,3901.06005859375
2022-10-31,113.05999755859376,113.8000030517578,106.66999816894533,106.91000366210938,106.91000366210938,10733800,3871.97998046875
2022-11-01,110.96499633789062,113.0999984741211,108.0,109.0500030517578,109.0500030517578,15979800,3856.10009765625
2022-11-02,102.6449966430664,104.9800033569336,94.25,94.41000366210938,94.41000366210938,29191400,3759.68994140625
2022-11-03,94.08000183105467,95.30999755859376,91.27200317382812,92.0199966430664,92.0199966430664,10099300,3719.889892578125
2022-11-04,94.99500274658205,96.16000366210938,92.01000213623048,96.08999633789062,96.08999633789062,9717400,3770.550048828125
2022-11-07,96.76000213623048,97.25,93.27999877929688,95.45999908447266,95.45999908447266,7972700,3806.800048828125
2022-11-08,95.52999877929688,101.91899871826172,94.2699966430664,98.9000015258789,98.9000015258789,7829400,3828.110107421875
2022-11-09,97.75,99.08999633789062,95.1500015258789,95.79000091552734,95.79000091552734,4650900,3748.570068359375
2022-11-10,100.91000366210938,102.5,99.04000091552734,102.4000015258789,102.4000015258789,7343000,3956.3701171875
2022-11-11,103.4499969482422,109.7699966430664,102.16000366210938,109.56999969482422,109.56999969482422,6864400,3992.929931640625
2022-11-14,107.73999786376952,108.69000244140624,105.04000091552734,105.16000366210938,105.16000366210938,4951400,3957.25
2022-11-15,109.2699966430664,111.23500061035156,106.5999984741211,107.01000213623048,107.01000213623048,5357400,3991.72998046875
2022-11-16,107.6999969482422,107.6999969482422,104.37999725341795,104.43000030517578,104.43000030517578,3681800,3958.7900390625
2022-11-17,101.83000183105467,101.9800033569336,98.8499984741211,99.3000030517578,99.3000030517578,5181200,3946.56005859375
2022-11-18,100.83999633789062,100.83999633789062,96.5999984741211,97.7699966430664,97.7699966430664,5913100,3965.340087890625
2022-11-21,97.01000213623048,97.8499984741211,93.91999816894533,95.70999908447266,95.70999908447266,5145700,3949.93994140625
2022-11-22,93.52999877929688,95.37000274658205,92.9800033569336,95.27999877929688,95.27999877929688,5951600,4003.580078125
2022-11-23,95.55999755859376,97.0500030517578,94.33999633789062,96.62999725341795,96.62999725341795,4337600,4027.260009765625
2022-11-25,96.97000122070312,98.83000183105467,96.76000213623048,97.66999816894533,97.66999816894533,2245100,4026.1201171875
2022-11-28,97.0,98.31999969482422,94.80999755859376,95.3000030517578,95.3000030517578,5133900,3963.93994140625
2022-11-29,96.0999984741211,97.26000213623048,95.3000030517578,95.37999725341795,95.37999725341795,3694000,3957.6298828125
2022-11-30,95.86000061035156,102.25,95.72000122070312,102.13999938964844,102.13999938964844,8387500,4080.110107421875
2022-12-01,101.48999786376952,102.76000213623048,99.5500030517578,101.2699966430664,101.2699966430664,5040300,4076.570068359375
2022-12-02,99.25,101.73999786376952,98.97000122070312,101.0,101.0,4128600,4071.699951171875
2022-12-05,100.0,101.16999816894533,98.04000091552734,98.51000213623048,98.51000213623048,3601500,3998.840087890625
2022-12-06,98.25,98.5,91.9000015258789,93.12000274658205,93.12000274658205,8380900,3941.260009765625
2022-12-07,88.80500030517578,91.66999816894533,86.87999725341797,91.5,91.5,12640500,3933.919921875
2022-12-08,92.97000122070312,95.61000061035156,91.75,94.83000183105467,94.83000183105467,6115700,3963.510009765625
2022-12-09,93.83999633789062,96.66799926757812,93.23999786376952,94.6999969482422,94.6999969482422,4405800,3934.3798828125
2022-12-12,93.76000213623048,95.95999908447266,93.48999786376952,95.58000183105467,95.58000183105467,4664100,3990.56005859375
2022-12-13,100.37000274658205,100.6500015258789,93.12000274658205,93.33999633789062,93.33999633789062,7378900,4019.64990234375
2022-12-14,93.54000091552734,95.26000213623048,91.20999908447266,93.93000030517578,93.93000030517578,6737800,3995.320068359375
2022-12-15,91.5199966430664,92.70999908447266,89.5199966430664,90.61000061035156,90.61000061035156,5332000,3895.75
2022-12-16,89.86000061035156,91.29000091552734,88.55999755859375,89.56999969482422,89.56999969482422,6830200,3852.360107421875
2022-12-19,89.51000213623047,89.76000213623047,85.4000015258789,85.93000030517578,85.93000030517578,4717100,3817.659912109375
2022-12-20,86.70999908447266,90.86000061035156,86.5199966430664,87.62000274658203,87.62000274658203,7325800,3821.6201171875
2022-12-21,87.48999786376953,88.79000091552734,86.58999633789062,87.06999969482422,87.06999969482422,5594800,3878.43994140625
2022-12-22,85.54000091552734,86.08999633789062,82.58000183105469,84.87000274658203,84.87000274658203,5643100,3822.389892578125
2022-12-23,84.69999694824219,85.51000213623047,83.5,85.25,85.25,3057700,3844.820068359375
2022-12-27,84.77999877929688,84.93000030517578,82.83000183105469,83.48999786376953,83.48999786376953,3982400,3829.25
2022-12-28,83.25,84.25,81.91000366210938,82.48999786376953,82.48999786376953,4931700,3783.219970703125
2022-12-29,82.97000122070312,85.55999755859375,82.29000091552734,85.2300033569336,85.2300033569336,4031300,3849.280029296875
2022-12-30,83.61000061035156,86.05999755859375,83.5999984741211,85.5,85.5,3372500,3839.5
2023-01-03,87.38500213623047,88.13999938964844,84.30000305175781,84.9000015258789,84.9000015258789,3901200,3824.139892578125
2023-01-04,85.88999938964844,88.83999633789062,84.79000091552734,88.72000122070312,88.72000122070312,4817100,3852.969970703125
2023-01-05,88.4800033569336,88.5,86.75,87.70999908447266,87.70999908447266,3419000,3808.10009765625
2023-01-06,88.5199966430664,88.73999786376953,85.70999908447266,88.5199966430664,88.5199966430664,4348400,3895.080078125
2023-01-09,90.25499725341795,92.0500030517578,88.87999725341797,89.23999786376953,89.23999786376953,4319400,3892.090087890625
2023-01-10,88.86000061035156,89.62000274658203,86.75,88.54000091552734,88.54000091552734,4165600,3919.25
2023-01-11,89.0,94.83000183105467,88.86399841308594,94.44000244140624,94.44000244140624,7718900,3969.610107421875
2023-01-12,95.30999755859376,98.9499969482422,94.0199966430664,98.48999786376952,98.48999786376952,7695200,3983.169921875
2023-01-13,97.5,100.6999969482422,97.41999816894533,100.37000274658205,100.37000274658205,6529000,3999.090087890625
2023-01-17,99.91500091552734,102.73500061035156,99.0999984741211,101.2699966430664,101.2699966430664,5496200,3990.969970703125
2023-01-18,101.41000366210938,103.8000030517578,100.31999969482422,101.11000061035156,101.11000061035156,6062200,3928.860107421875
2023-01-19,99.83999633789062,100.5199966430664,97.56999969482422,99.0999984741211,99.0999984741211,4996700,3898.85009765625
2023-01-20,99.01000213623048,101.37000274658205,98.11100006103516,101.27999877929688,101.27999877929688,5104000,3972.610107421875
2023-01-23,101.98999786376952,105.37999725341795,101.3499984741211,105.22000122070312,105.22000122070312,4442700,4019.81005859375
2023-01-24,104.6999969482422,106.38999938964844,103.81999969482422,104.12999725341795,104.12999725341795,3514700,4016.949951171875
2023-01-25,100.36000061035156,104.6750030517578,99.84100341796876,104.44000244140624,104.44000244140624,5169300,4016.219970703125
2023-01-26,106.3000030517578,109.48999786376952,105.6750030517578,109.41999816894533,109.41999816894533,5196600,4060.429931640625
2023-01-27,108.86000061035156,117.12000274658205,108.73500061035156,115.94000244140624,115.94000244140624,9548500,4070.56005859375
2023-01-30,114.12999725341795,115.08000183105467,109.2750015258789,109.4800033569336,109.4800033569336,5469900,4017.77001953125
2023-01-31,109.4800033569336,111.2300033569336,108.81999969482422,111.11000061035156,111.11000061035156,3867200,4076.60009765625
2023-02-01,111.11000061035156,114.88999938964844,109.83000183105467,113.98999786376952,113.98999786376952,4053600,4119.2099609375
2023-02-02,116.25,119.8499984741211,116.23999786376952,118.5199966430664,118.5199966430664,7166900,4179.759765625
2023-02-03,116.04000091552734,121.4000015258789,115.8499984741211,118.6999969482422,118.6999969482422,6130700,4136.47998046875
2023-02-06,117.41000366210938,119.33399963378906,116.80999755859376,118.3499984741211,118.3499984741211,3204100,4111.080078125
2023-02-07,117.91000366210938,120.20999908447266,115.13800048828124,119.69000244140624,119.69000244140624,4397700,4164.0
2023-02-08,119.38999938964844,119.80999755859376,115.56999969482422,116.36000061035156,116.36000061035156,3605400,4117.85986328125
2023-02-09,118.0,119.27999877929688,114.5199966430664,114.94000244140624,114.94000244140624,4508700,4081.5
2023-02-10,112.25,113.36000061035156,106.53800201416016,108.87000274658205,108.87000274658205,6463500,4090.4599609375
2023-02-13,110.0,116.9000015258789,109.80999755859376,116.41999816894533,116.41999816894533,7657200,4137.2900390625
2023-02-14,116.29000091552734,121.31999969482422,115.1999969482422,120.87000274658205,120.87000274658205,17145000,4136.1298828125
2023-02-15,130.0,138.75,129.85000610351562,137.00999450683594,137.00999450683594,32481900,4147.60009765625
2023-02-16,135.64999389648438,144.6300048828125,134.72999572753906,139.4199981689453,139.4199981689453,18705800,4090.409912109375
2023-02-17,137.43499755859375,138.39999389648438,130.72999572753906,131.60000610351562,131.60000610351562,11386700,4079.090087890625
2023-02-21,129.77000427246094,132.85000610351562,128.14500427246094,128.77999877929688,128.77999877929688,6618700,3997.340087890625
2023-02-22,128.13999938964844,128.8800048828125,124.5500030517578,127.20999908447266,127.20999908447266,5759000,3991.050048828125
2023-02-23,128.2100067138672,128.85000610351562,121.91999816894533,125.5199966430664,125.5199966430664,7013500,4012.320068359375
2023-02-24,123.04000091552734,124.8499984741211,120.19100189208984,122.77999877929688,122.77999877929688,5119800,3970.0400390625
2023-02-27,123.9499969482422,125.05999755859376,122.7300033569336,123.52999877929688,123.52999877929688,5011400,3982.239990234375
2023-02-28,125.11000061035156,126.38400268554688,123.02999877929688,123.27999877929688,123.27999877929688,7317100,3970.14990234375
2023-03-01,122.375,123.3000030517578,120.38999938964844,120.83000183105467,120.83000183105467,4645000,3951.389892578125
2023-03-02,119.66999816894533,123.26000213623048,119.36000061035156,122.37999725341795,122.37999725341795,4087300,3981.35009765625
2023-03-03,123.18000030517578,125.87000274658205,122.6999969482422,125.7300033569336,125.7300033569336,5499400,4045.639892578125
2023-03-06,126.3550033569336,129.44000244140625,125.27999877929688,126.33000183105467,126.33000183105467,5292500,4048.419921875
2023-03-07,125.73999786376952,130.85000610351562,125.5,126.94000244140624,126.94000244140624,5590800,3986.3701171875
2023-03-08,126.9000015258789,127.66000366210938,124.73999786376952,125.0,125.0,3290800,3992.010009765625
2023-03-09,125.05999755859376,125.1999969482422,119.70999908447266,119.83999633789062,119.83999633789062,6147700,3918.320068359375
2023-03-10,119.73500061035156,121.44000244140624,115.8499984741211,118.3000030517578,118.3000030517578,5254800,3861.590087890625
2023-03-13,115.72200012207033,117.9000015258789,113.66000366210938,115.95999908447266,115.95999908447266,5282000,3855.760009765625
2023-03-14,118.94000244140624,119.0999984741211,114.91000366210938,116.36000061035156,116.36000061035156,5416400,3919.2900390625
2023-03-15,113.86000061035156,114.31999969482422,111.51000213623048,113.58000183105467,113.58000183105467,6305100,3891.929931640625
2023-03-16,113.9499969482422,120.05999755859376,113.51000213623048,119.98999786376952,119.98999786376952,7691900,3960.280029296875
2023-03-17,119.71499633789062,119.95999908447266,116.5500030517578,118.1500015258789,118.1500015258789,5513600,3916.639892578125
2023-03-20,118.05999755859376,119.0199966430664,116.625,118.4000015258789,118.4000015258789,3997700,3951.570068359375
2023-03-21,120.0,124.43000030517578,119.8499984741211,123.69000244140624,123.69000244140624,5374400,4002.8701171875
2023-03-22,123.88999938964844,125.43000030517578,121.0,121.16999816894533,121.16999816894533,3971100,3936.969970703125
2023-03-23,122.51000213623048,124.66000366210938,118.33000183105467,120.3000030517578,120.3000030517578,4028500,3948.719970703125
2023-03-24,119.5,119.6999969482422,115.38999938964844,116.91999816894533,116.91999816894533,4290900,3970.989990234375
2023-03-27,117.98999786376952,119.27400207519533,116.73999786376952,117.91000366210938,117.91000366210938,2819600,3977.530029296875
2023-03-28,117.97000122070312,118.30999755859376,116.01499938964844,116.61000061035156,116.61000061035156,2941000,3971.27001953125
2023-03-29,118.33999633789062,119.19000244140624,117.1510009765625,118.8000030517578,118.8000030517578,2711500,4027.81005859375
2023-03-30,120.8000030517578,122.6500015258789,120.11000061035156,122.27999877929688,122.27999877929688,5437900,4050.830078125
2023-03-31,123.3000030517578,125.94000244140624,122.8000030517578,124.4000015258789,124.4000015258789,5533800,4109.31005859375
2023-04-03,123.0,123.08999633789062,119.71099853515624,121.45999908447266,121.45999908447266,4230600,4124.509765625
2023-04-04,121.68000030517578,122.05999755859376,118.20999908447266,118.45999908447266,118.45999908447266,3349300,4100.60009765625
2023-04-05,117.87000274658205,117.87000274658205,111.48999786376952,115.33999633789062,115.33999633789062,6737000,4090.3798828125
2023-04-06,113.33999633789062,113.41500091552734,107.66000366210938,109.69000244140624,109.69000244140624,14400100,4105.02001953125
2023-04-10,108.69000244140624,112.62999725341795,108.4000015258789,112.5999984741211,112.5999984741211,5406400,4109.10986328125
2023-04-11,113.55999755859376,114.8000030517578,112.58999633789062,114.25,114.25,4845400,4108.93994140625
2023-04-12,114.8000030517578,115.83999633789062,111.4000015258789,112.41999816894533,112.41999816894533,6068700,4091.949951171875
2023-04-13,113.18000030517578,114.4000015258789,112.80999755859376,113.9499969482422,113.9499969482422,3878100,4146.22021484375
2023-04-14,113.88999938964844,115.12000274658205,113.0199966430664,114.6500015258789,114.6500015258789,3415200,4137.64013671875
2023-04-17,115.41999816894533,116.18000030517578,114.58999633789062,116.16999816894533,116.16999816894533,3287100,4151.31982421875
2023-04-18,119.83000183105467,121.31999969482422,118.0999984741211,119.19000244140624,119.19000244140624,7162200,4154.8701171875
2023-04-19,118.1449966430664,120.37000274658205,117.63999938964844,120.0999984741211,120.0999984741211,3309700,4154.52001953125
2023-04-20,118.37000274658205,119.6999969482422,117.81999969482422,118.4000015258789,118.4000015258789,4369700,4129.7900390625
2023-04-21,114.95500183105467,115.75,112.0199966430664,115.5,115.5,7357800,4133.52001953125
2023-04-24,115.52999877929688,116.4000015258789,114.51000213623048,116.12000274658205,116.12000274658205,3239500,4137.0400390625
2023-04-25,115.30999755859376,115.43000030517578,112.47000122070312,112.50499725341795,112.50499725341795,3659700,4071.6298828125
2023-04-26,113.5,114.5999984741211,113.1999969482422,113.68000030517578,113.68000030517578,3615500,4055.989990234375
2023-04-27,114.44000244140624,115.8499984741211,112.28700256347656,115.25,115.25,3870500,4135.35009765625
2023-04-28,114.5999984741211,120.47000122070312,113.0,119.66999816894533,119.66999816894533,4974300,4169.47998046875
2023-05-01,119.26000213623048,122.6500015258789,118.9800033569336,121.41999816894533,121.41999816894533,4830600,4167.8701171875
2023-05-02,120.23999786376952,121.6999969482422,117.94000244140624,120.58000183105467,120.58000183105467,4861800,4119.580078125
2023-05-03,120.8499984741211,121.19000244140624,117.97000122070312,118.86000061035156,118.86000061035156,3687700,4090.75
2023-05-04,118.94000244140624,119.16999816894533,116.18000030517578,117.62999725341795,117.62999725341795,4939900,4061.219970703125
2023-05-05,120.01000213623048,120.3000030517578,116.93000030517578,119.9000015258789,119.9000015258789,6618800,4136.25
2023-05-08,123.16000366210938,127.55500030517578,122.9800033569336,125.6500015258789,125.6500015258789,10142900,4138.1201171875
2023-05-09,126.5999984741211,128.9600067138672,125.01000213623048,127.06999969482422,127.06999969482422,15410300,4119.169921875
2023-05-10,109.8499984741211,115.51000213623048,109.37000274658205,113.19000244140624,113.19000244140624,34191000,4137.64013671875
2023-05-11,113.13999938964844,114.45999908447266,111.04000091552734,111.1999969482422,111.1999969482422,9579400,4130.6201171875
2023-05-12,111.36000061035156,111.55999755859376,104.20999908447266,105.2750015258789,105.2750015258789,14740400,4124.080078125
2023-05-15,105.05999755859376,106.1500015258789,103.5500030517578,105.77999877929688,105.77999877929688,5422500,4136.27978515625
2023-05-16,105.72000122070312,107.58000183105467,104.3000030517578,105.41000366210938,105.41000366210938,5585300,4109.89990234375
2023-05-17,106.06999969482422,109.93000030517578,104.94000244140624,108.33000183105467,108.33000183105467,6887400,4158.77001953125
2023-05-18,108.33999633789062,112.33999633789062,108.33999633789062,111.87000274658205,111.87000274658205,6945900,4198.0498046875
2023-05-19,110.81999969482422,110.81999969482422,106.6449966430664,107.37999725341795,107.37999725341795,9124200,4191.97998046875
2023-05-22,106.26000213623048,110.7300033569336,106.1999969482422,109.93000030517578,109.93000030517578,7350600,4192.6298828125
2023-05-23,109.0,109.70600128173828,105.66999816894533,106.25,106.25,6498200,4145.580078125
2023-05-24,105.45999908447266,106.58999633789062,103.81999969482422,105.70999908447266,105.70999908447266,5371700,4115.240234375
2023-05-25,106.0999984741211,106.5199966430664,103.73999786376952,104.41999816894533,104.41999816894533,4834500,4151.27978515625
2023-05-26,105.18000030517578,107.61499786376952,104.98999786376952,106.80999755859376,106.80999755859376,4677600,4205.4501953125
2023-05-30,107.7249984741211,108.78900146484376,106.0199966430664,107.19000244140624,107.19000244140624,5460100,4205.52001953125
2023-05-31,105.5999984741211,110.09500122070312,103.73999786376952,109.7699966430664,109.7699966430664,10263100,4179.830078125
2023-06-01,109.83999633789062,113.54000091552734,109.11000061035156,112.16000366210938,112.16000366210938,6644100,4221.02001953125
2023-06-02,112.93000030517578,118.4499969482422,112.93000030517578,118.05999755859376,118.05999755859376,10122000,4282.3701171875
2023-06-05,115.12000274658205,116.59500122070312,112.31500244140624,115.69000244140624,115.69000244140624,8324400,4273.7900390625
2023-06-06,115.91999816894533,119.08999633789062,115.41000366210938,117.3000030517578,117.3000030517578,5025700,4283.85009765625
2023-06-07,118.13999938964844,120.16000366210938,115.91999816894533,116.5500030517578,116.5500030517578,4637600,4267.52001953125
2023-06-08,114.97000122070312,116.33000183105467,113.58000183105467,115.5,115.5,4432700,4293.93017578125
2023-06-09,120.25,122.73999786376952,117.4499969482422,117.86000061035156,117.86000061035156,7427200,4298.85986328125
2023-06-12,119.36499786376952,125.0,118.87999725341795,124.58999633789062,124.58999633789062,7876600,4338.93017578125
2023-06-13,124.61000061035156,125.73999786376952,123.22000122070312,124.9000015258789,124.9000015258789,5276800,4369.009765625
2023-06-14,125.38999938964844,126.38600158691406,122.76499938964844,125.13999938964844,125.13999938964844,5696700,4372.58984375
2023-06-15,122.95999908447266,128.3800048828125,122.75,127.8499984741211,127.8499984741211,5599400,4425.83984375
2023-06-16,128.67999267578125,129.1999969482422,126.79000091552734,128.67999267578125,128.67999267578125,6892400,4409.58984375
2023-06-20,126.37000274658205,127.62999725341795,124.3949966430664,126.4499969482422,126.4499969482422,5383600,4388.7099609375
2023-06-21,125.08999633789062,129.25999450683594,125.08999633789062,127.45999908447266,127.45999908447266,4711900,4365.68994140625
2023-06-22,126.58000183105467,128.6199951171875,125.3499984741211,127.95999908447266,127.95999908447266,3935600,4381.89013671875
2023-06-23,125.98999786376952,126.8000030517578,124.0,124.7300033569336,124.7300033569336,5794100,4348.330078125
2023-06-26,122.9000015258789,126.6999969482422,122.8000030517578,123.12999725341795,123.12999725341795,3645800,4328.81982421875
2023-06-27,124.41000366210938,128.1699981689453,123.31999969482422,127.88999938964844,127.88999938964844,4507700,4378.41015625
2023-06-28,127.38999938964844,131.8800048828125,126.16999816894533,127.62999725341795,127.62999725341795,6130400,4376.85986328125
2023-06-29,127.63999938964844,128.0,123.41999816894533,125.0999984741211,125.0999984741211,4242000,4396.43994140625
2023-06-30,127.25,131.13999938964844,127.0199966430664,128.16000366210938,128.16000366210938,4600100,4450.3798828125
2023-07-03,129.27999877929688,134.27000427246094,129.22999572753906,132.35000610351562,132.35000610351562,5001800,4455.58984375
2023-07-05,131.84500122070312,132.9499969482422,130.53500366210938,131.69000244140625,131.69000244140625,3429900,4446.81982421875
2023-07-06,129.1699981689453,129.322998046875,126.05999755859376,128.16000366210938,128.16000366210938,3733600,4411.58984375
2023-07-07,128.16000366210938,131.6199951171875,128.05999755859375,130.32000732421875,130.32000732421875,3148100,4398.9501953125
2023-07-10,130.17999267578125,133.33900451660156,129.61000061035156,131.7100067138672,131.7100067138672,4052000,4409.52978515625
2023-07-11,129.4499969482422,138.08999633789062,128.77000427246094,137.5399932861328,137.5399932861328,10045600,4439.259765625
2023-07-12,139.35000610351562,140.32000732421875,135.52000427246094,137.02000427246094,137.02000427246094,5583600,4472.16015625
2023-07-13,138.9600067138672,140.60000610351562,137.3000030517578,140.08999633789062,140.08999633789062,5532300,4510.0400390625
2023-07-14,140.25,143.57000732421875,139.69000244140625,143.33999633789062,143.33999633789062,6496600,4505.419921875
2023-07-17,142.2899932861328,147.39999389648438,142.2899932861328,145.36000061035156,145.36000061035156,5755800,4522.7900390625
2023-07-18,144.0,147.5399932861328,143.75,146.52999877929688,146.52999877929688,4124900,4554.97998046875
2023-07-19,145.75,147.6750030517578,144.19000244140625,145.53500366210938,145.53500366210938,4968600,4565.72021484375
2023-07-20,143.58999633789062,146.27000427246094,143.5,145.27999877929688,145.27999877929688,4246300,4534.8701171875
2023-07-21,147.0,149.99000549316406,146.91000366210938,148.77000427246094,148.77000427246094,11794500,4536.33984375
2023-07-24,147.05999755859375,148.2899932861328,144.17999267578125,147.6199951171875,147.6199951171875,4370800,4554.64013671875
2023-07-25,147.61000061035156,150.77999877929688,147.4600067138672,148.64999389648438,148.64999389648438,4121300,4567.4599609375
2023-07-26,147.8300018310547,150.27000427246094,147.08999633789062,150.1699981689453,150.1699981689453,4055500,4566.75
2023-07-27,151.88999938964844,153.1750030517578,147.55499267578125,148.5,148.5,5426000,4537.41015625
2023-07-28,150.22999572753906,154.49000549316406,150.2100067138672,153.3300018310547,153.3300018310547,4162300,4582.22998046875
2023-07-31,153.86000061035156,154.9499969482422,151.5500030517578,152.19000244140625,152.19000244140625,4457300,4588.9599609375
2023-08-01,149.6199951171875,150.4199981689453,148.02999877929688,148.91000366210938,148.91000366210938,4519600,4576.72998046875
2023-08-02,146.4499969482422,147.11500549316406,143.19000244140625,144.55999755859375,144.55999755859375,7026100,4513.39013671875
2023-08-03,140.94000244140625,143.10299682617188,139.75,140.8800048828125,140.8800048828125,11441200,4501.89013671875
2023-08-04,140.47000122070312,145.32000732421875,137.6199951171875,140.1699981689453,140.1699981689453,8621800,4478.02978515625
2023-08-07,142.0,144.0,138.7899932861328,143.1999969482422,143.1999969482422,4079100,4518.43994140625
2023-08-08,140.52000427246094,140.52000427246094,137.02999877929688,139.5500030517578,139.5500030517578,4685800,4499.3798828125
2023-08-09,140.13999938964844,140.5500030517578,137.3300018310547,137.8699951171875,137.8699951171875,3389700,4467.7099609375
2023-08-10,139.8699951171875,140.97000122070312,135.64999389648438,135.97000122070312,135.97000122070312,3437600,4468.830078125
2023-08-11,134.14999389648438,134.25999450683594,131.6999969482422,133.67999267578125,133.67999267578125,4372200,4464.0498046875
2023-08-14,133.55999755859375,133.7899932861328,131.74000549316406,133.24000549316406,133.24000549316406,3373800,4489.72021484375
2023-08-15,132.5,132.80999755859375,129.72999572753906,129.85000610351562,129.85000610351562,3970500,4437.85986328125
2023-08-16,129.0,130.14999389648438,128.39999389648438,128.8300018310547,128.8300018310547,3336900,4404.330078125
2023-08-17,129.22000122070312,129.60000610351562,127.37100219726562,127.98999786376952,127.98999786376952,3908500,4370.35986328125
2023-08-18,124.93000030517578,126.08000183105467,123.37999725341795,125.05999755859376,125.05999755859376,5907800,4369.7099609375
2023-08-21,126.15499877929688,126.54000091552734,123.48999786376952,124.0,124.0,4876000,4399.77001953125
2023-08-22,124.25,127.23999786376952,124.0009994506836,127.08000183105467,127.08000183105467,4946000,4387.5498046875
2023-08-23,126.9000015258789,129.18499755859375,126.4000015258789,128.1300048828125,128.1300048828125,4605400,4436.009765625
2023-08-24,128.22999572753906,128.83999633789062,124.63999938964844,124.72000122070312,124.72000122070312,2980800,4376.31005859375
2023-08-25,125.04000091552734,126.5999984741211,124.19000244140624,125.79000091552734,125.79000091552734,2415200,4405.7099609375
2023-08-28,127.0,127.0,124.9499969482422,126.15499877929688,126.15499877929688,2348500,4433.31005859375
2023-08-29,126.5500030517578,132.8800048828125,126.0,132.25,132.25,5622900,4497.6298828125
2023-08-30,130.47000122070312,132.4499969482422,129.30999755859375,130.61000061035156,130.61000061035156,4709900,4514.8701171875
2023-08-31,130.60000610351562,132.44000244140625,129.80999755859375,131.5500030517578,131.5500030517578,3860300,4507.66015625
2023-09-01,133.6999969482422,134.5,131.3300018310547,132.69000244140625,132.69000244140625,4418300,4515.77001953125
2023-09-05,141.14999389648438,144.25999450683594,139.8000030517578,142.2899932861328,142.2899932861328,21052800,4496.830078125
2023-09-06,140.77999877929688,143.22000122070312,140.26600646972656,141.77000427246094,141.77000427246094,7114400,4465.47998046875
2023-09-07,139.25,144.25,139.00999450683594,143.27000427246094,143.27000427246094,7928200,4451.14013671875
2023-09-08,143.94000244140625,146.85000610351562,143.17999267578125,145.82000732421875,145.82000732421875,9326600,4457.490234375
2023-09-11,146.22000122070312,148.25,144.86000061035156,147.3300018310547,147.3300018310547,7179000,4487.4599609375
2023-09-12,146.8800048828125,151.15499877929688,146.82000732421875,147.5,147.5,7342700,4461.89990234375
2023-09-13,146.0,147.0,143.60499572753906,144.71499633789062,144.71499633789062,7893300,4467.43994140625
2023-09-14,144.61000061035156,145.72000122070312,141.69000244140625,144.1199951171875,144.1199951171875,8365500,4505.10009765625
2023-09-15,143.5850067138672,144.9499969482422,142.10000610351562,142.75,142.75,74786400,4450.31982421875
2023-09-18,141.92999267578125,144.39999389648438,141.19000244140625,142.5500030517578,142.5500030517578,7351400,4453.52978515625
2023-09-19,141.86000061035156,142.57000732421875,139.77000427246094,141.85000610351562,141.85000610351562,6674100,4443.9501953125
2023-09-20,142.75999450683594,143.27000427246094,137.9499969482422,138.00999450683594,138.00999450683594,5189000,4402.2001953125
2023-09-21,135.55499267578125,135.97999572753906,132.38999938964844,132.75,132.75,8514300,4330.0
2023-09-22,133.7100067138672,134.1840057373047,131.1199951171875,132.1999969482422,132.1999969482422,4278500,4320.06005859375
2023-09-25,130.8000030517578,134.25,130.8000030517578,134.13999938964844,134.13999938964844,4154500,4337.43994140625
2023-09-26,132.77999877929688,133.94000244140625,131.1699981689453,132.27999877929688,132.27999877929688,4194000,4273.52978515625
2023-09-27,133.8000030517578,134.89999389648438,131.22000122070312,134.02999877929688,134.02999877929688,3771300,4274.509765625
2023-09-28,133.64999389648438,138.22999572753906,132.8800048828125,136.47000122070312,136.47000122070312,4058900,4299.7001953125
2023-09-29,138.0500030517578,141.0749969482422,136.36000061035156,137.2100067138672,137.2100067138672,4781100,4288.0498046875
2023-10-02,136.5500030517578,138.0,135.36000061035156,136.55999755859375,136.55999755859375,3489100,4288.39013671875
2023-10-03,132.1699981689453,133.41000366210938,126.48999786376952,127.7300033569336,127.7300033569336,9019700,4229.4501953125
2023-10-04,128.75,130.22000122070312,127.29499816894533,127.41000366210938,127.41000366210938,5822000,4263.75
2023-10-05,126.54000091552734,126.62000274658205,121.66999816894533,124.98999786376952,124.98999786376952,7630200,4258.18994140625
2023-10-06,123.0,127.4000015258789,122.0199966430664,126.36000061035156,126.36000061035156,5152300,4308.5
2023-10-09,124.0,127.91999816894533,121.80999755859376,127.7699966430664,127.7699966430664,5092000,4335.66015625
2023-10-10,127.69000244140624,132.77999877929688,126.9499969482422,131.58999633789062,131.58999633789062,5114700,4358.240234375
2023-10-11,132.1199951171875,132.69000244140625,128.52000427246094,130.0,130.0,3456500,4376.9501953125
2023-10-12,130.2899932861328,130.41000366210938,124.81999969482422,125.97000122070312,125.97000122070312,4023300,4349.60986328125
2023-10-13,127.61000061035156,129.83999633789062,123.5500030517578,124.08000183105467,124.08000183105467,4926500,4327.77978515625
2023-10-16,125.19000244140624,126.76000213623048,124.18599700927734,125.19000244140624,125.19000244140624,2706100,4373.6298828125
2023-10-17,123.76000213623048,126.77999877929688,122.66000366210938,125.70999908447266,125.70999908447266,3073600,4373.2001953125
2023-10-18,123.0199966430664,124.3499984741211,121.72000122070312,122.16999816894533,122.16999816894533,4098400,4314.60009765625
2023-10-19,122.38999938964844,123.4800033569336,119.33000183105467,119.97000122070312,119.97000122070312,4374400,4278.0
2023-10-20,119.48999786376952,119.91999816894533,116.08000183105467,116.48999786376952,116.48999786376952,6194900,4224.16015625
2023-10-23,116.4800033569336,122.5250015258789,115.5500030517578,120.38999938964844,120.38999938964844,5442500,4217.0400390625
2023-10-24,121.18000030517578,123.16999816894533,120.56999969482422,122.01000213623048,122.01000213623048,3651600,4247.68017578125
2023-10-25,120.75,120.75,118.31999969482422,118.5,118.5,4844500,4186.77001953125
2023-10-26,118.13999938964844,119.5479965209961,114.4000015258789,115.47000122070312,115.47000122070312,5217500,4137.22998046875
2023-10-27,116.20999908447266,116.74500274658205,113.23500061035156,114.08999633789062,114.08999633789062,5201600,4117.3701171875
2023-10-30,117.1500015258789,118.58999633789062,115.3499984741211,116.9499969482422,116.9499969482422,5218000,4166.81982421875
2023-10-31,117.12999725341795,118.69000244140624,114.91000366210938,118.29000091552734,118.29000091552734,4647400,4193.7998046875
2023-11-01,118.25,119.88999938964844,116.66000366210938,119.47000122070312,119.47000122070312,9336500,4237.85986328125
2023-11-02,122.51000213623048,122.73999786376952,114.0999984741211,115.5,115.5,14053500,4317.77978515625
2023-11-03,117.9800033569336,123.4499969482422,117.37999725341795,122.63999938964844,122.63999938964844,9015200,4358.33984375
2023-11-06,123.21499633789062,123.93000030517578,116.8499984741211,118.16999816894533,118.16999816894533,7702000,4365.97998046875
2023-11-07,118.25,122.18000030517578,118.0999984741211,121.08000183105467,121.08000183105467,5163900,4378.3798828125
2023-11-08,119.43000030517578,121.1999969482422,116.1790008544922,117.66000366210938,117.66000366210938,7814000,4382.77978515625
2023-11-09,118.3499984741211,119.52999877929688,115.1999969482422,115.5199966430664,115.5199966430664,5519600,4347.35009765625
2023-11-10,114.5250015258789,118.54000091552734,114.16999816894533,118.1500015258789,118.1500015258789,4773500,4415.240234375
2023-11-13,117.51000213623048,119.86000061035156,117.4010009765625,119.1500015258789,119.1500015258789,3408800,4411.5498046875
2023-11-14,122.3550033569336,127.12000274658205,121.51000213623048,126.68000030517578,126.68000030517578,8405200,4495.7001953125
2023-11-15,128.0,131.6199951171875,127.06099700927734,128.35000610351562,128.35000610351562,6851400,4502.8798828125
2023-11-16,127.12000274658205,128.39999389648438,125.30999755859376,126.27999877929688,126.27999877929688,4177300,4508.240234375
2023-11-17,126.6500015258789,127.97000122070312,125.4499969482422,127.1500015258789,127.1500015258789,3795700,4514.02001953125
2023-11-20,127.4000015258789,130.9499969482422,127.01000213623048,129.6999969482422,129.6999969482422,4634600,4547.3798828125
2023-11-21,128.0,128.0500030517578,124.93000030517578,126.81999969482422,126.81999969482422,4587100,4538.18994140625
2023-11-22,127.75,130.5800018310547,127.70999908447266,129.0399932861328,129.0399932861328,3973900,4556.6201171875
2023-11-24,129.0500030517578,129.58999633789062,127.77999877929688,128.3699951171875,128.3699951171875,2058900,4559.33984375
2023-11-27,127.5,129.55999755859375,125.8499984741211,129.0,129.0,4408400,4550.43017578125
2023-11-28,128.7899932861328,129.5399932861328,125.8499984741211,127.55999755859376,127.55999755859376,4024400,4554.89013671875
2023-11-29,127.0,129.58299255371094,126.05999755859376,126.4800033569336,126.4800033569336,4615400,4550.580078125
2023-11-30,127.0,128.1300048828125,125.08499908447266,126.33999633789062,126.33999633789062,5956300,4567.7998046875
2023-12-01,125.5,135.4199981689453,125.4000015258789,135.02000427246094,135.02000427246094,7419200,4594.6298828125
2023-12-04,134.0,136.75,132.72000122070312,133.6999969482422,133.6999969482422,5263400,4569.77978515625
2023-12-05,132.67999267578125,135.7050018310547,132.66000366210938,133.7100067138672,133.7100067138672,4202200,4567.18017578125
2023-12-06,135.58999633789062,138.47999572753906,135.13999938964844,135.30999755859375,135.30999755859375,4932000,4549.33984375
2023-12-07,135.50999450683594,141.16000366210938,135.42999267578125,139.83999633789062,139.83999633789062,7108600,4585.58984375
2023-12-08,138.19000244140625,141.5399932861328,137.8000030517578,140.67999267578125,140.67999267578125,4410400,4604.3701171875
2023-12-11,141.36000061035156,144.5,140.85000610351562,142.91000366210938,142.91000366210938,4560500,4622.43994140625
2023-12-12,137.89999389648438,141.05999755859375,137.5800018310547,140.5500030517578,140.5500030517578,6823200,4643.7001953125
2023-12-13,142.9499969482422,144.94000244140625,140.33999633789062,144.50999450683594,144.50999450683594,6673900,4707.08984375
2023-12-14,145.0,149.9199981689453,144.97999572753906,147.25999450683594,147.25999450683594,9568600,4719.5498046875
2023-12-15,147.25999450683594,148.72999572753906,145.86000061035156,146.60000610351562,146.60000610351562,7771000,4719.18994140625
2023-12-18,147.16000366210938,148.4600067138672,146.1199951171875,147.5,147.5,4175200,4740.56005859375
2023-12-19,147.5,148.61000061035156,146.67999267578125,146.91000366210938,146.91000366210938,5090400,4768.3701171875
2023-12-20,146.5,146.5,140.64999389648438,141.07000732421875,141.07000732421875,5718000,4698.35009765625
2023-12-21,142.3699951171875,143.49000549316406,140.30999755859375,142.08999633789062,142.08999633789062,3318500,4746.75
2023-12-22,141.8800048828125,142.50999450683594,139.72999572753906,140.8000030517578,140.8000030517578,2936100,4754.6298828125
2023-12-26,141.0,141.0,137.77000427246094,138.72000122070312,138.72000122070312,4384800,4774.75
2023-12-27,139.13499450683594,139.13499450683594,136.0500030517578,136.5500030517578,136.5500030517578,3989600,4781.580078125
2023-12-28,136.5500030517578,137.19000244140625,135.69500732421875,137.0,137.0,2770800,4783.35009765625
2023-12-29,136.7100067138672,137.8699951171875,135.42999267578125,136.13999938964844,136.13999938964844,3074100,4769.830078125
2024-01-02,134.42999267578125,135.60000610351562,133.33999633789062,134.47999572753906,134.47999572753906,3485200,4742.830078125
2024-01-03,132.7100067138672,134.5399932861328,130.82000732421875,133.4199981689453,133.4199981689453,4266600,4704.81005859375
2024-01-04,132.86000061035156,137.03399658203125,132.5,133.72000122070312,133.72000122070312,4056900,4688.68017578125
2024-01-05,134.25,136.64999389648438,133.89500427246094,135.97999572753906,135.97999572753906,4004600,4697.240234375
2024-01-08,137.30999755859375,140.25,136.61000061035156,140.0800018310547,140.0800018310547,4179700,4763.5400390625
2024-01-09,138.52000427246094,139.5399932861328,137.7899932861328,139.52999877929688,139.52999877929688,3560900,4756.5
2024-01-10,139.1999969482422,140.8249969482422,138.6999969482422,139.75999450683594,139.75999450683594,2492700,4783.4501953125
2024-01-11,140.7100067138672,141.1999969482422,137.5500030517578,139.4499969482422,139.4499969482422,2383500,4780.240234375
2024-01-12,139.35000610351562,140.99000549316406,137.1300048828125,137.13999938964844,137.13999938964844,2480600,4783.830078125
2024-01-16,135.89999389648438,136.0,133.6699981689453,135.02000427246094,135.02000427246094,5514800,4765.97998046875
2024-01-17,132.83999633789062,135.08999633789062,131.10000610351562,134.97999572753906,134.97999572753906,3039700,4739.2099609375
2024-01-18,137.0,139.53500366210938,135.22500610351562,137.0399932861328,137.0399932861328,5273000,4780.93994140625
2024-01-19,138.60000610351562,140.28500366210938,136.32000732421875,139.92999267578125,139.92999267578125,4085300,4839.81005859375
2024-01-22,141.15499877929688,144.0500030517578,140.89999389648438,142.00999450683594,142.00999450683594,4482900,4850.43017578125
2024-01-23,142.75,143.92999267578125,140.52000427246094,142.3000030517578,142.3000030517578,3882100,4864.60009765625
2024-01-24,143.80999755859375,144.10000610351562,139.5800018310547,141.19000244140625,141.19000244140625,4857200,4868.5498046875
2024-01-25,143.1999969482422,143.2899932861328,140.3679962158203,142.11000061035156,142.11000061035156,3677500,4894.16015625
2024-01-26,142.11000061035156,151.52999877929688,141.49000549316406,149.6199951171875,149.6199951171875,11342600,4890.97021484375
2024-01-29,150.0,153.3800048828125,148.5399932861328,152.6999969482422,152.6999969482422,5316300,4927.93017578125
2024-01-30,150.5399932861328,151.02999877929688,148.67999267578125,149.44000244140625,149.44000244140625,3884000,4924.97021484375
2024-01-31,148.64500427246094,148.74000549316406,143.9199981689453,144.13999938964844,144.13999938964844,4126600,4845.64990234375
2024-02-01,144.8000030517578,146.85000610351562,143.64999389648438,146.49000549316406,146.49000549316406,3416700,4906.18994140625
2024-02-02,143.99000549316406,148.0800018310547,141.24000549316406,146.5500030517578,146.5500030517578,4251800,4958.60986328125
2024-02-05,146.08999633789062,146.39999389648438,142.67999267578125,144.77999877929688,144.77999877929688,3010900,4942.81005859375
2024-02-06,145.10000610351562,145.1300048828125,142.95199584960938,144.52999877929688,144.52999877929688,3697600,4954.22998046875
2024-02-07,145.1199951171875,148.77000427246094,143.86000061035156,147.5500030517578,147.5500030517578,4214100,4995.06005859375
2024-02-08,149.25,150.6699981689453,148.05999755859375,150.5399932861328,150.5399932861328,3508300,4997.91015625
2024-02-09,145.83999633789062,148.67999267578125,145.17999267578125,147.59500122070312,147.59500122070312,5006800,5026.60986328125
2024-02-12,148.67999267578125,157.34500122070312,148.33999633789062,153.8000030517578,153.8000030517578,7909500,5021.83984375
2024-02-13,149.2100067138672,153.02000427246094,148.5800018310547,150.82000732421875,150.82000732421875,11801700,4953.169921875
2024-02-14,146.16000366210938,149.52999877929688,142.57000732421875,148.1999969482422,148.1999969482422,16021800,5000.6201171875
2024-02-15,148.91000366210938,158.27000427246094,148.75,157.69000244140625,157.69000244140625,11923000,5029.72998046875
2024-02-16,156.10000610351562,156.10000610351562,151.77999877929688,152.50999450683594,152.50999450683594,6518300,5005.56982421875
2024-02-20,150.30999755859375,150.67999267578125,145.8800048828125,148.14999389648438,148.14999389648438,5229700,4975.509765625
2024-02-21,145.97999572753906,149.25999450683594,145.39599609375,149.24000549316406,149.24000549316406,4570800,4981.7998046875
2024-02-22,151.02000427246094,155.6999969482422,150.26499938964844,155.25999450683594,155.25999450683594,6115000,5087.02978515625
2024-02-23,153.27000427246094,155.3000030517578,150.8249969482422,152.66000366210938,152.66000366210938,4851100,5088.7998046875
2024-02-26,149.9600067138672,150.17999267578125,148.55999755859375,149.27000427246094,149.27000427246094,5277900,5069.52978515625
2024-02-27,150.0,152.47000122070312,149.22999572753906,152.05999755859375,152.05999755859375,4623700,5078.18017578125
2024-02-28,152.02999877929688,154.89999389648438,151.7899932861328,153.42999267578125,153.42999267578125,4329100,5069.759765625
2024-02-29,153.39999389648438,160.0,153.22000122070312,157.47000122070312,157.47000122070312,8002300,5096.27001953125
2024-03-01,157.22999572753906,160.97999572753906,156.81100463867188,159.72000122070312,159.72000122070312,5365300,5137.080078125
2024-03-04,159.89999389648438,163.01499938964844,157.92999267578125,158.08999633789062,158.08999633789062,4403200,5130.9501953125
2024-03-05,157.1999969482422,159.97999572753906,156.13999938964844,159.3300018310547,159.3300018310547,4714300,5078.64990234375
2024-03-06,160.10000610351562,164.58999633789062,160.07000732421875,163.8699951171875,163.8699951171875,5167900,5104.759765625
2024-03-07,165.0,165.38499450683594,162.24000549316406,163.5399932861328,163.5399932861328,3810300,5157.35986328125
2024-03-08,166.0,168.19000244140625,163.47999572753906,164.91000366210938,164.91000366210938,4103600,5123.68994140625
2024-03-11,163.75999450683594,164.25999450683594,161.97500610351562,162.99000549316406,162.99000549316406,3149600,5117.93994140625
2024-03-12,163.0,167.0,162.72999572753906,166.6699981689453,166.6699981689453,3945900,5175.27001953125
2024-03-13,162.4199981689453,168.0,160.69000244140625,164.75999450683594,164.75999450683594,7502800,5165.31005859375
2024-03-14,165.74000549316406,166.72000122070312,162.72000122070312,166.44000244140625,166.44000244140625,5078100,5150.47998046875
2024-03-15,166.38999938964844,166.5229949951172,160.16000366210938,160.63999938964844,160.63999938964844,7152400,5117.08984375
2024-03-18,161.94500732421875,162.8699951171875,160.60000610351562,161.86000061035156,161.86000061035156,4296900,5149.419921875
2024-03-19,161.49000549316406,164.10000610351562,161.05499267578125,161.7899932861328,161.7899932861328,3420700,5178.509765625
2024-03-20,162.38999938964844,165.75,162.26499938964844,164.7100067138672,164.7100067138672,4766300,5224.6201171875
2024-03-21,165.80999755859375,170.10000610351562,165.0,168.17999267578125,168.17999267578125,5986500,5241.52978515625
2024-03-22,167.0,168.8000030517578,166.63999938964844,167.86000061035156,167.86000061035156,2834300,5234.18017578125
2024-03-25,167.86000061035156,169.0800018310547,166.27999877929688,167.99000549316406,167.99000549316406,3216100,5218.18994140625
2024-03-26,169.69000244140625,170.0,167.32000732421875,167.38999938964844,167.38999938964844,2747700,5203.580078125
2024-03-27,169.11000061035156,169.11000061035156,165.5,166.41000366210938,166.41000366210938,3921900,5248.490234375
2024-03-28,166.57000732421875,167.3800048828125,164.58999633789062,164.9600067138672,164.9600067138672,3416000,5254.35009765625
2024-04-01,166.42999267578125,166.72000122070312,162.75,163.3699951171875,163.3699951171875,2496300,5243.77001953125
2024-04-02,160.9499969482422,160.97999572753906,158.67999267578125,160.11000061035156,160.11000061035156,4000900,5205.81005859375
2024-04-03,158.75,161.3300018310547,158.5800018310547,159.33999633789062,159.33999633789062,2288100,5211.490234375
2024-04-04,161.22000122070312,163.64999389648438,158.52000427246094,158.83999633789062,158.83999633789062,3539700,5147.2099609375
2024-04-05,159.14999389648438,162.7100067138672,158.89999389648438,161.77000427246094,161.77000427246094,2225600,5204.33984375
2024-04-08,160.36000061035156,161.17999267578125,159.2899932861328,160.27000427246094,160.27000427246094,2299000,5202.39013671875
2024-04-09,161.5500030517578,163.2050018310547,159.91000366210938,162.66000366210938,162.66000366210938,2291000,5209.91015625
2024-04-10,159.6300048828125,160.9600067138672,158.6300048828125,160.27999877929688,160.27999877929688,2478600,5160.64013671875
2024-04-11,159.0,166.22000122070312,158.89999389648438,165.4199981689453,165.4199981689453,3580300,5199.06005859375
2024-04-12,162.4199981689453,162.71200561523438,158.77999877929688,159.3699951171875,159.3699951171875,3699900,5123.41015625
2024-04-15,161.80999755859375,162.89999389648438,154.41000366210938,155.60000610351562,155.60000610351562,3723300,5061.81982421875
2024-04-16,155.8300018310547,158.94000244140625,155.3000030517578,156.66000366210938,156.66000366210938,2728600,5051.41015625
2024-04-17,158.4499969482422,159.6999969482422,156.41000366210938,158.3699951171875,158.3699951171875,3905000,5022.2099609375
2024-04-18,159.60000610351562,162.94000244140625,159.2100067138672,160.10000610351562,160.10000610351562,3930400,5011.1201171875
2024-04-19,159.5399932861328,160.3350067138672,154.55999755859375,155.00999450683594,155.00999450683594,3892800,4967.22998046875
2024-04-22,156.19000244140625,157.25,153.76499938964844,156.61000061035156,156.61000061035156,3030000,5010.60009765625
2024-04-23,157.24000549316406,161.13999938964844,156.6999969482422,160.9499969482422,160.9499969482422,3455400,5070.5498046875
2024-04-24,164.47500610351562,166.7449951171875,161.08999633789062,162.83999633789062,162.83999633789062,3854500,5071.6298828125
2024-04-25,161.50999450683594,163.72999572753906,159.5,163.00999450683594,163.00999450683594,2401800,5048.419921875
2024-04-26,163.67999267578125,165.16000366210938,162.77000427246094,164.22999572753906,164.22999572753906,2821100,5099.9599609375
2024-04-29,164.75,165.5,161.27999877929688,162.25,162.25,2312600,5116.169921875
2024-04-30,160.55999755859375,162.08999633789062,158.52000427246094,158.57000732421875,158.57000732421875,3017900,5035.68994140625
2024-05-01,157.5800018310547,160.9499969482422,156.0,156.16000366210938,156.16000366210938,2752100,5018.39013671875
2024-05-02,157.2100067138672,158.39999389648438,153.1999969482422,158.3300018310547,158.3300018310547,4778400,5064.2001953125
2024-05-03,161.80999755859375,165.5,159.14999389648438,159.7100067138672,159.7100067138672,4529900,5127.7900390625
2024-05-06,161.0,162.41000366210938,160.1699981689453,162.0,162.0,2912200,5180.740234375
2024-05-07,161.80999755859375,162.8800048828125,159.75,159.80999755859375,159.80999755859375,2916200,5187.7001953125
2024-05-08,157.10000610351562,158.6199951171875,155.83999633789062,157.89999389648438,157.89999389648438,8236500,5187.669921875
2024-05-09,146.60000610351562,150.0050048828125,145.57000732421875,147.0500030517578,147.0500030517578,14802600,5214.080078125
2024-05-10,147.75,148.1199951171875,144.6300048828125,146.32000732421875,146.32000732421875,5524800,5222.68017578125
2024-05-13,147.0500030517578,149.24000549316406,145.6999969482422,149.1300048828125,149.1300048828125,5647500,5221.419921875
2024-05-14,149.39999389648438,149.39999389648438,146.30999755859375,146.6999969482422,146.6999969482422,4167400,5246.68017578125
2024-05-15,147.57000732421875,147.69000244140625,144.75,145.8000030517578,145.8000030517578,5996000,5308.14990234375
2024-05-16,146.33999633789062,147.7899932861328,145.85000610351562,147.19000244140625,147.19000244140625,3827800,5297.10009765625
2024-05-17,146.80999755859375,147.4949951171875,145.30499267578125,145.66000366210938,145.66000366210938,3279000,5303.27001953125
2024-05-20,146.17999267578125,146.47999572753906,145.2100067138672,146.3699951171875,146.3699951171875,3747400,5308.1298828125
2024-05-21,145.7100067138672,145.7100067138672,144.08999633789062,144.10000610351562,144.10000610351562,4485000,5321.41015625
2024-05-22,143.94000244140625,144.2100067138672,142.36000061035156,142.7100067138672,142.7100067138672,3190800,5307.009765625
2024-05-23,142.5800018310547,143.44000244140625,140.82000732421875,141.0399932861328,141.0399932861328,3900900,5267.83984375
2024-05-24,142.5,145.97000122070312,142.3000030517578,144.47000122070312,144.47000122070312,4497100,5304.72021484375
2024-05-28,146.0,147.8699951171875,145.11000061035156,147.00999450683594,147.00999450683594,5741600,5306.0400390625
2024-05-29,144.8800048828125,147.1300048828125,144.73399353027344,146.61000061035156,146.61000061035156,2570900,5266.9501953125
2024-05-30,145.39999389648438,147.58999633789062,144.41000366210938,145.52000427246094,145.52000427246094,3576700,5235.47998046875
2024-05-31,145.77999877929688,146.42999267578125,142.57000732421875,144.92999267578125,144.92999267578125,3778600,5277.509765625
2024-06-03,145.74000549316406,146.9600067138672,144.36000061035156,146.25,146.25,3843400,5283.39990234375
2024-06-04,145.82000732421875,147.9199981689453,145.44000244140625,147.0800018310547,147.0800018310547,3048500,5291.33984375
2024-06-05,147.97999572753906,148.6999969482422,145.14100646972656,145.77999877929688,145.77999877929688,3121500,5354.02978515625
2024-06-06,145.50999450683594,148.7899932861328,145.15499877929688,147.0,147.0,3463100,5352.9599609375
2024-06-07,146.1999969482422,147.02999877929688,145.3800048828125,146.66000366210938,146.66000366210938,2595600,5346.990234375
2024-06-10,146.00999450683594,148.32000732421875,146.0,148.07000732421875,148.07000732421875,3080300,5360.7900390625
2024-06-11,147.97000122070312,148.7949981689453,146.47999572753906,147.75,147.75,3285800,5375.31982421875
2024-06-12,149.99000549316406,150.2899932861328,148.62100219726562,149.32000732421875,149.32000732421875,3579800,5421.02978515625
2024-06-13,148.99000549316406,149.0,143.72999572753906,146.10000610351562,146.10000610351562,4450400,5433.740234375
2024-06-14,145.5,146.0500030517578,144.27999877929688,145.97000122070312,145.97000122070312,2754600,5431.60009765625
2024-06-17,147.0,150.1199951171875,146.77499389648438,149.5,149.5,5158800,5473.22998046875
2024-06-18,149.89999389648438,150.5489959716797,146.89999389648438,147.2899932861328,147.2899932861328,3316700,5487.02978515625
2024-06-20,147.77000427246094,149.75,147.60000610351562,147.8800048828125,147.8800048828125,2874200,5473.169921875
2024-06-21,148.75999450683594,150.0,147.25,149.57000732421875,149.57000732421875,7648400,5464.6201171875
2024-06-24,149.14999389648438,150.0399932861328,146.7100067138672,148.38999938964844,148.38999938964844,4530900,5447.8701171875
2024-06-25,148.97000122070312,151.27499389648438,148.85000610351562,150.91000366210938,150.91000366210938,5008300,5469.2998046875
2024-06-26,149.72999572753906,150.38499450683594,149.3699951171875,150.0,150.0,3797900,5477.89990234375
2024-06-27,150.4600067138672,151.8800048828125,149.38999938964844,151.61000061035156,151.61000061035156,3588600,5482.8701171875
2024-06-28,151.5399932861328,152.92999267578125,150.67999267578125,151.6300048828125,151.6300048828125,3842500,5460.47998046875
2024-07-01,152.1999969482422,152.1999969482422,149.13999938964844,151.6300048828125,151.6300048828125,2905000,5475.08984375
2024-07-02,151.2899932861328,155.2100067138672,151.2899932861328,154.33999633789062,154.33999633789062,3526100,5509.009765625
2024-07-03,153.91000366210938,154.42999267578125,152.3000030517578,152.72999572753906,152.72999572753906,1725600,5537.02001953125
2024-07-05,152.39999389648438,152.8800048828125,151.44000244140625,152.5,152.5,3836100,5567.18994140625
2024-07-08,152.64999389648438,154.1999969482422,150.7550048828125,151.9600067138672,151.9600067138672,3228300,5572.85009765625
2024-07-09,152.9199981689453,155.66000366210938,151.96499633789062,152.4499969482422,152.4499969482422,4328800,5576.97998046875
2024-07-10,153.11000061035156,153.1999969482422,150.08999633789062,151.83999633789062,151.83999633789062,3263500,5633.91015625
2024-07-11,150.5500030517578,152.0,144.1300048828125,146.0,146.0,6289500,5584.5400390625
2024-07-12,146.8300018310547,148.0,146.19000244140625,146.77999877929688,146.77999877929688,2923500,5615.35009765625
2024-07-15,145.8800048828125,148.47000122070312,144.75,147.22000122070312,147.22000122070312,3546100,5631.22021484375
2024-07-16,148.47000122070312,151.63999938964844,147.8800048828125,151.25999450683594,151.25999450683594,4079300,5667.2001953125
2024-07-17,149.24000549316406,150.10000610351562,147.25999450683594,148.0,148.0,3242300,5588.27001953125
2024-07-18,148.1699981689453,150.14500427246094,146.75,146.8800048828125,146.8800048828125,3593700,5544.58984375
2024-07-19,147.02999877929688,149.16000366210938,147.02999877929688,147.99000549316406,147.99000549316406,3131600,5505.0
2024-07-22,148.13999938964844,150.3699951171875,146.5500030517578,150.17999267578125,150.17999267578125,3672100,5564.41015625
2024-07-23,150.55999755859375,151.25,147.8300018310547,148.75,148.75,2676900,5555.740234375
2024-07-24,146.72999572753906,147.11000061035156,142.97999572753906,144.22999572753906,144.22999572753906,5461900,5427.1298828125
2024-07-25,141.25,141.94500732421875,137.5800018310547,140.02999877929688,140.02999877929688,5626500,5399.22021484375
2024-07-26,141.89999389648438,141.91000366210938,139.02999877929688,140.10000610351562,140.10000610351562,5101400,5459.10009765625
2024-07-29,141.24000549316406,142.42999267578125,140.0,140.2899932861328,140.2899932861328,2723200,5463.5400390625
2024-07-30,140.64999389648438,140.99000549316406,137.89999389648438,138.99000549316406,138.99000549316406,2996200,5436.43994140625
2024-07-31,140.7899932861328,141.22000122070312,139.10000610351562,139.55999755859375,139.55999755859375,3331400,5522.2998046875
2024-08-01,139.6999969482422,139.77999877929688,132.89999389648438,135.08999633789062,135.08999633789062,5166900,5446.68017578125
2024-08-02,129.30999755859375,129.60000610351562,126.5,128.22999572753906,128.22999572753906,7745500,5346.56005859375
2024-08-05,123.7699966430664,125.9499969482422,122.05999755859376,125.30999755859376,125.30999755859376,7521900,5186.330078125
2024-08-06,126.90499877929688,131.4499969482422,126.3000030517578,130.47000122070312,130.47000122070312,11148400,5240.02978515625
2024-08-07,112.44000244140624,115.5500030517578,110.37999725341795,113.01000213623048,113.01000213623048,29027900,5199.5
2024-08-08,113.9800033569336,116.43000030517578,112.41999816894533,114.63999938964844,114.63999938964844,8006200,5319.31005859375
2024-08-09,114.46499633789062,116.26000213623048,112.5999984741211,115.08000183105467,115.08000183105467,4764400,5344.16015625
2024-08-12,115.4800033569336,115.5,113.2699966430664,113.62000274658205,113.62000274658205,3981000,5344.39013671875
2024-08-13,114.38999938964844,117.7699966430664,114.0500030517578,116.9000015258789,116.9000015258789,4662000,5434.43017578125
2024-08-14,117.72000122070312,118.73999786376952,116.18000030517578,116.23999786376952,116.23999786376952,3504800,5455.2099609375
2024-08-15,118.19499969482422,119.13300323486328,116.37000274658205,118.87999725341795,118.87999725341795,5266300,5543.22021484375
2024-08-16,117.9000015258789,118.8000030517578,116.22000122070312,116.30999755859376,116.30999755859376,4592000,5554.25
2024-08-19,116.93000030517578,119.3000030517578,116.44000244140624,119.13999938964844,119.13999938964844,4184700,5608.25
2024-08-20,118.94000244140624,119.27999877929688,117.1750030517578,117.37999725341795,117.37999725341795,3940000,5597.1201171875
2024-08-21,118.04000091552734,118.2699966430664,116.6999969482422,117.68000030517578,117.68000030517578,5028500,5620.85009765625
2024-08-22,117.68000030517578,118.3949966430664,115.3000030517578,115.4499969482422,115.4499969482422,4875500,5570.64013671875
2024-08-23,116.63999938964844,118.6999969482422,116.37000274658205,116.8499984741211,116.8499984741211,4998400,5634.60986328125
2024-08-26,116.8499984741211,117.38999938964844,115.3499984741211,115.70999908447266,115.70999908447266,4948200,5616.83984375
2024-08-27,115.3000030517578,117.41999816894533,115.16999816894533,116.73999786376952,116.73999786376952,3457400,5625.7998046875
2024-08-28,116.0,117.7300033569336,115.76000213623048,117.52999877929688,117.52999877929688,3463700,5592.18017578125
2024-08-29,118.16999816894533,119.37999725341795,116.41999816894533,116.5999984741211,116.5999984741211,3331000,5591.9599609375
2024-08-30,116.94000244140624,118.0500030517578,116.29000091552734,117.30999755859376,117.30999755859376,3279300,5648.39990234375
2024-09-03,116.3949966430664,117.83499908447266,114.12999725341795,114.9800033569336,114.9800033569336,4678800,5528.93017578125
2024-09-04,114.2699966430664,115.98999786376952,114.19000244140624,115.20999908447266,115.20999908447266,3281600,5520.06982421875
2024-09-05,114.63999938964844,116.4499969482422,114.5999984741211,116.16000366210938,116.16000366210938,3593400,5503.41015625
2024-09-06,116.37000274658205,117.26000213623048,113.23999786376952,114.27999877929688,114.27999877929688,4072400,5408.419921875
2024-09-09,115.11000061035156,117.91999816894533,114.98500061035156,116.36000061035156,116.36000061035156,4178600,5471.0498046875
2024-09-10,117.01000213623048,117.40599822998048,112.86000061035156,115.12000274658205,115.12000274658205,4080400,5495.52001953125
2024-09-11,115.08999633789062,116.16999816894533,112.5500030517578,115.95999908447266,115.95999908447266,3645000,5554.1298828125
2024-09-12,116.33000183105467,117.37999725341795,115.0500030517578,117.36000061035156,117.36000061035156,3076200,5595.759765625
2024-09-13,117.75,119.20999908447266,117.1500015258789,117.75,117.75,3514200,5626.02001953125
2024-09-16,117.98999786376952,118.3000030517578,116.16000366210938,117.5500030517578,117.5500030517578,3229900,5633.08984375
2024-09-17,119.87000274658205,124.73999786376952,119.48500061035156,122.12000274658205,122.12000274658205,6323600,5634.580078125
2024-09-18,122.31999969482422,125.66000366210938,122.0,122.41999816894533,122.41999816894533,3861300,5618.259765625
2024-09-19,127.93000030517578,131.35000610351562,127.44000244140624,128.75,128.75,7691600,5713.64013671875
2024-09-20,129.8300018310547,131.9499969482422,129.02999877929688,131.17999267578125,131.17999267578125,12476300,5702.5498046875
2024-09-23,131.5,131.63999938964844,128.89999389648438,129.02999877929688,129.02999877929688,3682600,5718.56982421875
2024-09-24,130.5800018310547,131.6699981689453,129.58999633789062,131.47999572753906,131.47999572753906,4189100,5732.93017578125
2024-09-25,131.30999755859375,131.89999389648438,130.3000030517578,130.7100067138672,130.7100067138672,2310700,5722.259765625
2024-09-26,132.70599365234375,133.33999633789062,129.14599609375,129.25,129.25,3825900,5745.3701171875
2024-09-27,130.16000366210938,130.30999755859375,128.1699981689453,128.25,128.25,2525700,5738.169921875
2024-09-30,127.31999969482422,128.22999572753906,125.91999816894533,126.80999755859376,126.80999755859376,3808800,5762.47998046875
2024-10-01,127.3499984741211,128.1999969482422,123.70999908447266,125.47000122070312,125.47000122070312,3895500,5708.75
2024-10-02,125.33000183105467,126.44000244140624,124.5500030517578,126.18000030517578,126.18000030517578,2707700,5709.5400390625
2024-10-03,124.5999984741211,125.55500030517578,123.58000183105467,125.29000091552734,125.29000091552734,2247000,5699.93994140625
2024-10-04,128.4199981689453,129.92999267578125,127.2699966430664,129.85000610351562,129.85000610351562,2986600,5751.06982421875
