Date,Open,High,Low,Close,Adj Close,Volume,SP500_Close
1994-02-22,7.375,7.375,7.25,7.25,4.355813503265381,20800,471.4599914550781
1994-02-23,7.125,7.125,6.75,6.9375,4.168062686920166,31600,470.69000244140625
1994-02-24,6.9375,6.9375,6.8125,6.8125,4.092962265014648,32000,464.260009765625
1994-02-25,6.6875,6.6875,6.25,6.4375,3.867659330368042,49800,466.07000732421875
1994-02-28,6.5,6.75,6.4375,6.625,3.980313062667847,170400,467.1400146484375
1994-03-01,6.625,6.625,6.5,6.5625,3.942761898040772,41600,464.44000244140625
1994-03-02,6.4375,6.5625,6.4375,6.5625,3.942761898040772,67000,464.80999755859375
1994-03-03,6.625,6.625,6.5,6.5,3.905211925506592,27800,463.010009765625
1994-03-04,6.5,6.75,6.4375,6.75,4.055412292480469,358200,464.739990234375
1994-03-07,6.4375,6.8125,6.4375,6.75,4.055412292480469,690800,466.9100036621094
1994-03-08,6.75,6.8125,6.75,6.8125,4.092962265014648,515200,465.8800048828125
1994-03-09,6.8125,6.875,6.8125,6.875,4.1305131912231445,540400,467.05999755859375
1994-03-10,6.875,6.875,6.8125,6.875,4.1305131912231445,1832200,463.8999938964844
1994-03-11,6.9375,7.1875,6.9375,7.1875,4.318262577056885,1895400,466.44000244140625
1994-03-14,7.1875,7.625,7.1875,7.5625,4.543564796447754,1413800,467.3900146484375
1994-03-15,7.5625,7.6875,7.4375,7.4375,4.468466758728027,1665200,467.010009765625
1994-03-16,7.4375,7.4375,7.3125,7.4375,4.468466758728027,717000,469.4200134277344
1994-03-17,7.4375,7.6875,7.4375,7.5625,4.5588884353637695,971200,470.8999938964844
1994-03-18,7.625,7.6875,7.625,7.625,4.596564292907715,1178000,471.05999755859375
1994-03-21,7.625,7.6875,7.625,7.6875,4.634239196777344,659400,468.5400085449219
1994-03-22,7.6875,7.875,7.6875,7.8125,4.709594249725342,374000,468.79998779296875
1994-03-23,7.8125,7.9375,7.75,7.875,4.747269630432129,430200,468.5400085449219
1994-03-24,7.8125,7.875,7.75,7.75,4.671919345855713,747000,464.3500061035156
1994-03-25,7.8125,7.8125,7.625,7.6875,4.634239196777344,370000,460.5799865722656
1994-03-28,7.6875,7.6875,7.625,7.625,4.596564292907715,1116200,460.0
1994-03-29,7.625,7.6875,7.5,7.5,4.521209239959717,595800,452.4800109863281
1994-03-30,7.5,7.5,7.3125,7.375,4.445858478546143,653000,445.54998779296875
1994-03-31,7.375,7.4375,7.25,7.375,4.445858478546143,448400,445.7699890136719
1994-04-04,7.125,7.375,7.125,7.375,4.445858478546143,386600,438.9200134277344
1994-04-05,7.3125,7.6875,7.3125,7.625,4.596564292907715,361600,448.2900085449219
1994-04-06,7.625,7.6875,7.375,7.375,4.445858478546143,551400,448.04998779296875
1994-04-07,7.5,7.5,7.375,7.4375,4.483534336090088,338400,450.8800048828125
1994-04-08,7.3125,7.5,7.3125,7.5,4.521209239959717,166000,447.1000061035156
1994-04-11,7.5,7.625,7.25,7.25,4.3705034255981445,424800,449.8699951171875
1994-04-12,7.125,7.25,7.125,7.125,4.2951507568359375,602800,447.57000732421875
1994-04-13,7.125,7.3125,7.0,7.0,4.219796657562256,504600,446.260009765625
1994-04-14,7.0625,7.0625,6.9375,6.9375,4.182121276855469,378200,446.3800048828125
1994-04-15,6.875,7.0625,6.875,6.875,4.144443035125732,197600,446.17999267578125
1994-04-18,7.0,7.25,7.0,7.25,4.3705034255981445,184800,442.4599914550781
1994-04-19,7.1875,7.3125,7.1875,7.25,4.3705034255981445,122200,442.5400085449219
1994-04-20,7.3125,7.3125,7.125,7.125,4.2951507568359375,201400,441.9599914550781
1994-04-21,7.125,7.3125,6.875,6.875,4.144443035125732,858200,448.7300109863281
1994-04-22,7.0,7.25,7.0,7.25,4.3705034255981445,411400,447.6300048828125
1994-04-25,7.1875,7.625,7.1875,7.625,4.596564292907715,330600,452.7099914550781
1994-04-26,7.5625,7.5625,7.25,7.375,4.445858478546143,313400,451.8699951171875
1994-04-28,7.3125,7.3125,7.125,7.3125,4.408177852630615,161600,449.1000061035156
1994-04-29,7.25,7.3125,7.1875,7.25,4.3705034255981445,344600,450.9100036621094
1994-05-02,7.1875,7.3125,7.0625,7.1875,4.332825660705566,135800,453.0199890136719
1994-05-03,7.25,7.4375,7.125,7.1875,4.332825660705566,375200,453.0299987792969
1994-05-04,7.125,7.375,7.125,7.3125,4.408177852630615,491800,451.7200012207031
1994-05-05,7.3125,7.3125,7.1875,7.25,4.3705034255981445,152800,451.3800048828125
1994-05-06,7.25,7.3125,7.25,7.25,4.3705034255981445,272800,447.82000732421875
1994-05-09,7.25,7.3125,7.25,7.25,4.3705034255981445,161600,442.32000732421875
1994-05-10,7.25,7.5,7.25,7.5,4.521209239959717,308200,446.010009765625
1994-05-11,7.5,7.6875,7.5,7.5625,4.5588884353637695,388600,441.489990234375
1994-05-12,7.5,7.75,7.5,7.75,4.671919345855713,155000,443.75
1994-05-13,7.6875,7.75,7.375,7.375,4.445858478546143,105200,444.1400146484375
1994-05-16,7.375,7.5625,7.375,7.4375,4.483534336090088,206800,444.489990234375
1994-05-17,7.5,7.5625,7.4375,7.5,4.521209239959717,422600,449.3699951171875
1994-05-18,7.5,7.5,7.4375,7.5,4.521209239959717,130800,453.69000244140625
1994-05-19,7.4375,7.625,7.375,7.5625,4.5588884353637695,199400,456.4800109863281
1994-05-20,7.5,7.5625,7.375,7.375,4.445858478546143,119600,454.9200134277344
1994-05-23,7.3125,7.375,7.25,7.25,4.3705034255981445,195600,453.20001220703125
1994-05-24,7.4375,7.5625,7.375,7.5625,4.5588884353637695,158200,454.80999755859375
1994-05-25,7.5,7.75,7.5,7.6875,4.634239196777344,104800,456.3399963378906
1994-05-26,7.75,7.75,7.5625,7.75,4.671919345855713,345800,457.05999755859375
1994-05-27,7.6875,7.8125,7.625,7.8125,4.709594249725342,298000,457.3299865722656
1994-05-31,7.9375,8.25,7.875,8.0625,4.860302925109863,456400,456.5
1994-06-01,8.0625,8.0625,7.875,7.875,4.747269630432129,268200,457.6300048828125
1994-06-02,8.0,8.0625,7.8125,7.875,4.747269630432129,81000,457.6499938964844
1994-06-03,7.8125,7.9375,7.625,7.75,4.671919345855713,397400,460.1300048828125
1994-06-06,7.875,7.9375,7.8125,7.875,4.747269630432129,75600,458.8800048828125
1994-06-07,7.75,7.9375,7.75,7.9375,4.784948348999023,92800,458.2099914550781
1994-06-08,7.9375,7.9375,7.875,7.875,4.747269630432129,107600,457.05999755859375
1994-06-09,7.8125,7.90625,7.8125,7.875,4.76239013671875,187800,457.8599853515625
1994-06-10,7.875,7.875,7.6875,7.6875,4.648997783660889,280600,458.6700134277344
1994-06-13,7.75,7.875,7.5625,7.875,4.76239013671875,97600,459.1000061035156
1994-06-14,7.875,8.0625,7.8125,8.0625,4.875779628753662,339800,462.3699951171875
1994-06-15,8.0,8.1875,8.0,8.1875,4.951374530792236,305200,460.6099853515625
1994-06-16,8.125,8.5,8.0625,8.5,5.140355110168457,393800,461.92999267578125
1994-06-17,8.5,8.5,8.25,8.25,4.989169120788574,407200,458.45001220703125
1994-06-20,8.125,8.25,8.0625,8.125,4.913577079772949,47800,455.4800109863281
1994-06-21,8.125,8.5,8.125,8.5,5.140355110168457,556200,451.3399963378906
1994-06-22,8.375,8.625,8.375,8.5,5.140355110168457,759200,453.0899963378906
1994-06-23,8.4375,8.5,8.4375,8.5,5.140355110168457,553200,449.6300048828125
1994-06-24,8.4375,8.5,8.375,8.375,5.064764499664307,1003800,442.79998779296875
1994-06-27,8.375,8.375,8.125,8.25,4.989169120788574,295200,447.30999755859375
1994-06-28,8.1875,8.25,8.125,8.125,4.913577079772949,165800,446.07000732421875
1994-06-29,8.125,8.125,8.0,8.0,4.837982654571533,396200,447.6300048828125
1994-06-30,8.0,8.1875,8.0,8.1875,4.951374530792236,453200,444.2699890136719
1994-07-01,8.1875,8.25,8.0625,8.125,4.913577079772949,870200,446.20001220703125
1994-07-05,8.0625,8.25,8.0625,8.1875,4.951374530792236,685600,446.3699951171875
1994-07-06,8.1875,8.25,8.125,8.125,4.913577079772949,163800,446.1300048828125
1994-07-07,8.125,8.25,8.125,8.1875,4.951374530792236,290600,448.3800048828125
1994-07-08,8.125,8.3125,8.125,8.25,4.989169120788574,165000,449.54998779296875
1994-07-11,8.1875,8.3125,8.1875,8.25,4.989169120788574,86800,448.05999755859375
1994-07-12,8.25,8.25,8.0625,8.0625,4.875779628753662,390800,447.95001220703125
1994-07-13,8.0625,8.125,8.0,8.0625,4.875779628753662,287000,448.7300109863281
1994-07-14,7.9375,8.125,7.9375,8.0625,4.875779628753662,167600,453.4100036621094
1994-07-15,7.9375,8.0625,7.9375,8.0625,4.875779628753662,78800,454.1600036621094
1994-07-18,8.0625,8.25,8.0,8.1875,4.951374530792236,150600,455.2200012207031
1994-07-19,8.3125,8.5,8.3125,8.375,5.064764499664307,743800,453.8599853515625
1994-07-20,8.375,8.5625,8.3125,8.5625,5.178152084350586,1206000,451.6000061035156
1994-07-21,8.4375,8.5625,8.4375,8.5625,5.178152084350586,544800,452.6099853515625
1994-07-22,8.5625,8.625,8.5,8.5625,5.178152084350586,201400,453.1099853515625
1994-07-25,8.625,8.625,8.5,8.625,5.215953350067139,71600,454.25
1994-07-26,8.75,8.8125,8.625,8.6875,5.253747463226318,205400,453.3599853515625
1994-07-27,8.625,8.8125,8.625,8.6875,5.253747463226318,244000,452.57000732421875
1994-07-28,8.625,8.625,8.5625,8.625,5.215953350067139,122400,454.239990234375
1994-07-29,8.625,8.6875,8.5625,8.6875,5.253747463226318,102400,458.260009765625
1994-08-01,8.625,8.6875,8.625,8.6875,5.253747463226318,136800,461.010009765625
1994-08-02,8.75,8.8125,8.6875,8.8125,5.329341888427734,513400,460.55999755859375
1994-08-03,8.8125,8.8125,8.6875,8.8125,5.329341888427734,709800,461.45001220703125
1994-08-04,8.25,8.25,7.625,7.9375,4.800186634063721,1680600,458.3999938964844
1994-08-05,7.9375,7.9375,7.75,7.75,4.686794757843018,373600,457.0899963378906
1994-08-08,7.8125,7.875,7.75,7.8125,4.724593162536621,501400,457.8900146484375
1994-08-09,7.875,7.875,7.6875,7.75,4.686794757843018,1031000,457.9200134277344
1994-08-10,7.75,7.75,7.625,7.6875,4.648997783660889,1103200,460.29998779296875
1994-08-11,7.625,7.65625,7.5625,7.5625,4.5734076499938965,703800,458.8800048828125
1994-08-12,7.5625,7.6875,7.375,7.6875,4.648997783660889,422800,461.94000244140625
1994-08-15,7.625,7.8125,7.625,7.8125,4.724593162536621,173800,461.2300109863281
1994-08-16,7.8125,8.0625,7.75,8.0625,4.875779628753662,280000,465.010009765625
1994-08-17,8.0625,8.25,8.0,8.0625,4.875779628753662,131800,465.1700134277344
1994-08-18,8.0,8.0625,8.0,8.0,4.837982654571533,225800,463.1700134277344
1994-08-19,8.0625,8.375,8.0625,8.25,4.989169120788574,166600,463.67999267578125
1994-08-22,8.125,8.1875,8.0625,8.125,4.913577079772949,41000,462.32000732421875
1994-08-23,8.1875,8.1875,8.125,8.125,4.913577079772949,186800,464.510009765625
1994-08-24,8.125,8.125,7.9375,7.9375,4.800186634063721,183200,469.0299987792969
1994-08-25,7.8125,7.8125,7.5625,7.6875,4.648997783660889,178000,468.0799865722656
1994-08-26,7.625,7.6875,7.4375,7.625,4.611203193664551,515200,473.79998779296875
1994-08-29,7.5625,7.6875,7.5625,7.6875,4.648997783660889,45800,474.5899963378906
1994-08-30,7.5625,7.625,7.3125,7.5,4.535608768463135,420800,476.07000732421875
1994-08-31,7.625,7.625,7.4375,7.5,4.535608768463135,277200,475.489990234375
1994-09-01,7.625,7.625,7.4375,7.4375,4.497814178466797,142400,473.1700134277344
1994-09-02,7.4375,7.5,7.4375,7.4375,4.497814178466797,117000,470.989990234375
1994-09-06,7.4375,7.5,7.375,7.5,4.535608768463135,226800,471.8599853515625
1994-09-07,7.5625,7.5625,7.375,7.375,4.460015773773193,192600,470.989990234375
1994-09-08,7.375,7.4375,7.375,7.375,4.460015773773193,105600,473.1400146484375
1994-09-09,7.3125,7.4375,7.3125,7.3125,4.437261581420898,1000800,468.17999267578125
1994-09-12,7.4375,7.4375,7.1875,7.3125,4.437261581420898,419400,466.2099914550781
1994-09-13,7.4375,7.4375,7.375,7.4375,4.5131144523620605,97800,467.510009765625
1994-09-14,7.375,7.4375,7.3125,7.375,4.475187301635742,62600,468.79998779296875
1994-09-15,7.375,7.375,7.1875,7.1875,4.361410617828369,956600,474.80999755859375
1994-09-16,7.25,7.25,7.1875,7.25,4.399338245391846,245000,471.19000244140625
1994-09-19,7.25,7.25,7.1875,7.25,4.399338245391846,134400,470.8500061035156
1994-09-20,7.4375,7.5625,7.4375,7.5625,4.588963508605957,1914200,463.3599853515625
1994-09-21,7.5,7.5,7.375,7.4375,4.5131144523620605,471400,461.4599914550781
1994-09-22,7.375,7.5,7.25,7.25,4.399338245391846,1111000,461.2699890136719
1994-09-23,7.3125,7.3125,7.1875,7.1875,4.361410617828369,85200,459.6700134277344
1994-09-26,7.25,7.25,7.1875,7.25,4.399338245391846,652400,460.82000732421875
1994-09-27,7.1875,7.3125,7.1875,7.3125,4.437261581420898,158600,462.04998779296875
1994-09-28,7.3125,7.3125,7.25,7.25,4.399338245391846,220200,464.8399963378906
1994-09-29,7.25,7.25,7.125,7.125,4.323484420776367,242200,462.239990234375
1994-09-30,7.1875,7.25,7.1875,7.1875,4.361410617828369,36600,462.7099914550781
1994-10-03,7.25,7.3125,7.1875,7.1875,4.361410617828369,319000,461.739990234375
1994-10-04,7.1875,7.25,7.125,7.125,4.323484420776367,307400,454.5899963378906
1994-10-05,7.1875,7.25,7.125,7.125,4.323484420776367,162200,453.5199890136719
1994-10-06,7.1875,7.1875,7.125,7.1875,4.361410617828369,35200,452.3599853515625
1994-10-07,7.125,7.125,7.0,7.125,4.323484420776367,450600,455.1000061035156
1994-10-10,7.0625,7.1875,7.0625,7.1875,4.361410617828369,42800,459.0400085449219
1994-10-11,7.1875,7.1875,7.125,7.125,4.323484420776367,75200,465.7900085449219
1994-10-12,7.1875,7.1875,7.125,7.125,4.323484420776367,113600,465.4700012207031
1994-10-13,7.125,7.375,7.125,7.3125,4.437261581420898,2396400,467.7900085449219
1994-10-14,7.3125,7.6875,7.3125,7.6875,4.664810180664063,275200,469.1000061035156
1994-10-17,7.6875,7.6875,7.5625,7.5625,4.588963508605957,61400,468.9599914550781
1994-10-18,7.5625,7.625,7.5625,7.5625,4.588963508605957,25200,467.6600036621094
1994-10-19,7.625,7.8125,7.625,7.6875,4.664810180664063,167200,470.2799987792969
1994-10-20,7.625,7.625,7.5,7.5,4.551036357879639,109400,466.8500061035156
1994-10-21,7.5,7.625,7.4375,7.5625,4.588963508605957,195000,464.8900146484375
1994-10-24,7.5,7.9375,7.5,7.9375,4.8165154457092285,51200,460.8299865722656
1994-10-25,7.9375,8.0,7.375,7.625,4.626887321472168,169000,461.5299987792969
1994-10-26,7.625,7.6875,7.5,7.6875,4.664810180664063,62000,462.6199951171875
1994-10-27,7.75,7.75,7.4375,7.5,4.551036357879639,134600,465.8500061035156
1994-10-28,7.5625,7.625,7.5,7.625,4.626887321472168,91800,473.7699890136719
1994-10-31,7.625,7.6875,7.5625,7.625,4.626887321472168,163000,472.3500061035156
1994-11-01,7.75,7.8125,7.625,7.6875,4.664810180664063,358000,468.4200134277344
1994-11-02,7.6875,7.6875,7.4375,7.4375,4.5131144523620605,39600,466.510009765625
1994-11-03,7.5,7.625,7.4375,7.5,4.551036357879639,258800,467.9100036621094
1994-11-04,7.5,7.5625,7.4375,7.4375,4.5131144523620605,116000,462.2799987792969
1994-11-07,7.4375,7.4375,7.375,7.4375,4.5131144523620605,76600,463.07000732421875
1994-11-08,7.375,7.4375,7.25,7.375,4.475187301635742,146200,465.6499938964844
1994-11-09,7.4375,7.4375,7.25,7.25,4.399338245391846,236800,465.3999938964844
1994-11-10,7.3125,7.375,7.25,7.3125,4.437261581420898,215400,464.3699951171875
1994-11-11,7.3125,7.3125,7.1875,7.25,4.399338245391846,138000,462.3500061035156
1994-11-14,7.25,7.25,7.1875,7.25,4.399338245391846,156000,466.0400085449219
1994-11-15,7.25,7.25,7.125,7.1875,4.361410617828369,456000,465.0299987792969
1994-11-16,7.1875,7.25,7.125,7.1875,4.361410617828369,70400,465.6199951171875
1994-11-17,7.1875,7.25,7.0625,7.25,4.399338245391846,230800,463.57000732421875
1994-11-18,7.125,7.1875,7.125,7.1875,4.361410617828369,240400,461.4700012207031
1994-11-21,7.25,7.25,7.0,7.0,4.247635364532471,356200,458.29998779296875
1994-11-22,7.0,7.125,6.75,6.8125,4.133856773376465,433400,450.0899963378906
1994-11-23,6.8125,6.875,6.75,6.8125,4.133856773376465,275800,449.92999267578125
1994-11-25,6.75,6.8125,6.6875,6.75,4.095933437347412,20000,452.2900085449219
1994-11-28,6.75,6.9375,6.75,6.75,4.095933437347412,173800,454.1600036621094
1994-11-29,6.75,6.875,6.5625,6.875,4.171781063079834,315000,455.1700134277344
1994-11-30,6.8125,6.875,6.6875,6.75,4.095933437347412,76400,453.69000244140625
1994-12-01,6.8125,6.8125,6.625,6.625,4.020081996917725,179400,448.9200134277344
1994-12-02,6.625,6.75,6.625,6.75,4.095933437347412,143800,453.29998779296875
1994-12-05,6.8125,6.9375,6.75,6.75,4.095933437347412,37000,453.32000732421875
1994-12-06,6.8125,6.875,6.6875,6.6875,4.058008670806885,169400,453.1099853515625
1994-12-07,6.6875,6.8125,6.6875,6.75,4.095933437347412,105200,451.2300109863281
1994-12-08,6.6875,6.75,6.5,6.5,3.9442312717437744,141400,445.45001220703125
1994-12-09,6.5,6.75,6.5,6.6875,4.073675632476807,65600,446.9599914550781
1994-12-12,6.625,6.6875,6.4375,6.5625,3.997532606124878,85800,449.4700012207031
1994-12-13,6.5625,7.0,6.5625,6.5625,3.997532606124878,113400,450.1499938964844
1994-12-14,6.5625,6.6875,6.5625,6.625,4.035605430603027,84400,454.9700012207031
1994-12-15,6.5625,6.75,6.5625,6.6875,4.073675632476807,92600,455.3399963378906
1994-12-16,6.8125,6.8125,6.6875,6.6875,4.073675632476807,136400,458.79998779296875
1994-12-19,6.8125,6.8125,6.6875,6.75,4.1117472648620605,56200,457.9100036621094
1994-12-20,6.6875,6.8125,6.6875,6.75,4.1117472648620605,50400,457.1000061035156
1994-12-21,6.6875,6.8125,6.5625,6.5625,3.997532606124878,158800,459.6099853515625
1994-12-22,6.625,6.75,6.625,6.6875,4.073675632476807,194600,459.67999267578125
1994-12-23,6.75,6.75,6.6875,6.75,4.1117472648620605,39600,459.8299865722656
1994-12-27,6.6875,6.75,6.6875,6.75,4.1117472648620605,32000,462.4700012207031
1994-12-28,6.6875,6.75,6.5625,6.5625,3.997532606124878,84600,460.8599853515625
1994-12-29,6.625,6.875,6.625,6.8125,4.1498212814331055,318400,461.1700134277344
1994-12-30,6.8125,7.0,6.75,6.9375,4.225961685180664,185400,459.2699890136719
1995-01-03,6.875,6.9375,6.6875,6.9375,4.225961685180664,161600,459.1099853515625
1995-01-04,7.0,7.125,6.875,7.125,4.340178489685059,152000,460.7099914550781
1995-01-05,7.125,7.125,6.875,6.875,4.187891006469727,22800,460.3399963378906
1995-01-06,6.9375,7.0,6.9375,7.0,4.264035224914551,70800,460.67999267578125
1995-01-09,7.0,7.0625,6.875,6.875,4.187891006469727,125600,460.8299865722656
1995-01-10,6.8125,6.875,6.75,6.8125,4.1498212814331055,43200,461.67999267578125
1995-01-11,6.8125,7.0,6.75,7.0,4.264035224914551,84600,461.6600036621094
1995-01-12,7.0625,7.0625,6.8125,6.8125,4.1498212814331055,73200,461.6400146484375
1995-01-13,6.9375,7.125,6.9375,7.0625,4.302104473114014,77200,465.9700012207031
1995-01-16,7.0625,7.25,7.0625,7.1875,4.378251075744629,69200,469.3800048828125
1995-01-17,7.1875,7.25,7.125,7.125,4.340178489685059,138400,470.04998779296875
1995-01-18,7.125,7.1875,6.75,6.9375,4.225961685180664,97000,469.7099914550781
1995-01-19,7.0,7.0,6.8125,6.9375,4.225961685180664,54000,466.95001220703125
1995-01-20,7.0,7.125,6.9375,7.125,4.340178489685059,82400,464.7799987792969
1995-01-23,7.0625,7.125,6.9375,7.0625,4.302104473114014,53000,465.82000732421875
1995-01-24,7.0625,7.0625,6.875,6.9375,4.225961685180664,64800,465.8599853515625
1995-01-25,6.9375,6.9375,6.375,6.5,3.959460258483887,1619600,467.44000244140625
1995-01-26,6.5625,6.625,6.5625,6.625,4.035605430603027,193600,468.32000732421875
1995-01-27,6.625,6.6875,6.5625,6.6875,4.073675632476807,128600,470.3900146484375
1995-01-30,6.625,6.6875,6.5,6.5,3.959460258483887,59200,468.510009765625
1995-01-31,6.5,6.625,6.5,6.5625,3.997532606124878,184200,470.4200134277344
1995-02-01,6.5625,6.625,6.5625,6.5625,3.997532606124878,215200,470.3999938964844
1995-02-02,6.5625,6.625,6.5,6.5625,3.997532606124878,413600,472.7900085449219
1995-02-03,6.5625,6.8125,6.5,6.6875,4.073675632476807,95200,478.6499938964844
1995-02-06,6.6875,6.75,6.5625,6.625,4.035605430603027,89600,481.1400146484375
1995-02-07,6.6875,6.6875,6.5625,6.625,4.035605430603027,107400,480.80999755859375
1995-02-08,6.625,6.625,6.5625,6.5625,3.997532606124878,79200,481.19000244140625
1995-02-09,6.625,6.625,6.5,6.5,3.959460258483887,281800,480.19000244140625
1995-02-10,6.5625,6.5625,6.5,6.5625,3.997532606124878,91400,481.4599914550781
1995-02-13,6.5625,6.625,6.4375,6.5,3.959460258483887,107400,481.6499938964844
1995-02-14,6.5625,6.5625,6.25,6.3125,3.845244646072388,226800,482.54998779296875
1995-02-15,6.3125,6.4375,6.25,6.3125,3.845244646072388,161800,484.5400085449219
1995-02-16,6.3125,6.5625,6.3125,6.5,3.959460258483887,313800,485.2200012207031
1995-02-17,6.6875,6.875,6.6875,6.875,4.187891006469727,1020200,481.9700012207031
1995-02-21,6.8125,6.9375,6.8125,6.875,4.187891006469727,266400,482.7200012207031
1995-02-22,6.875,7.0,6.875,7.0,4.264035224914551,754400,485.07000732421875
1995-02-23,7.0625,7.25,6.9375,6.9375,4.225961685180664,829800,486.9100036621094
1995-02-24,6.9375,7.0,6.875,6.9375,4.225961685180664,43000,488.1099853515625
1995-02-27,6.9375,7.125,6.9375,7.125,4.340178489685059,127600,483.80999755859375
1995-02-28,7.125,7.125,7.0,7.125,4.340178489685059,159800,487.3900146484375
1995-03-01,7.0625,7.0625,6.875,6.875,4.187891006469727,589200,485.6499938964844
1995-03-02,6.875,7.0,6.875,7.0,4.264035224914551,203200,485.1300048828125
1995-03-03,7.0,7.0,6.9375,6.9375,4.225961685180664,71800,485.4200134277344
1995-03-06,6.9375,6.9375,6.875,6.9375,4.225961685180664,76400,485.6300048828125
1995-03-07,6.9375,6.9375,6.8125,6.9375,4.225961685180664,52600,482.1199951171875
1995-03-08,6.9375,6.9375,6.75,6.75,4.1117472648620605,80600,483.1400146484375
1995-03-09,6.8125,6.875,6.8125,6.875,4.203459739685059,93800,483.1600036621094
1995-03-10,6.8125,6.875,6.75,6.75,4.127031803131104,169800,489.57000732421875
1995-03-13,6.8125,6.875,6.6875,6.875,4.203459739685059,163200,490.04998779296875
1995-03-14,6.75,6.875,6.75,6.8125,4.16524600982666,127400,492.8900146484375
1995-03-15,6.75,6.75,6.5,6.5,3.974179744720459,225000,491.8800048828125
1995-03-16,6.5,6.625,6.5,6.5625,4.012392044067383,224000,495.4100036621094
1995-03-17,6.5,6.5625,6.3125,6.4375,3.9359652996063232,121000,495.5199890136719
1995-03-20,6.5,6.5,6.375,6.375,3.8977534770965576,67600,496.1400146484375
1995-03-21,6.3125,6.4375,6.3125,6.3125,3.859539747238159,157600,495.07000732421875
1995-03-22,6.3125,6.375,6.25,6.25,3.82132625579834,729400,495.6700134277344
1995-03-23,6.25,6.25,6.125,6.25,3.82132625579834,174600,495.95001220703125
1995-03-24,6.25,6.3125,6.1875,6.25,3.82132625579834,89000,500.9700012207031
1995-03-27,6.3125,6.3125,6.1875,6.1875,3.78311538696289,577000,503.20001220703125
1995-03-28,6.1875,6.1875,6.1875,6.1875,3.78311538696289,404600,503.8999938964844
1995-03-29,6.125,6.25,6.125,6.1875,3.78311538696289,296600,503.1199951171875
1995-03-30,6.25,6.3125,6.1875,6.3125,3.859539747238159,525000,502.2200012207031
1995-03-31,6.25,6.5,6.125,6.375,3.8977534770965576,898600,500.7099914550781
1995-04-03,6.375,6.5625,6.3125,6.5,3.974179744720459,388600,501.8500061035156
1995-04-04,6.5,6.5625,6.375,6.375,3.8977534770965576,378200,505.239990234375
1995-04-05,6.3125,6.4375,6.3125,6.4375,3.9359652996063232,144800,505.57000732421875
1995-04-06,6.4375,6.5625,6.4375,6.5,3.974179744720459,114000,506.0799865722656
1995-04-07,6.5,6.625,6.4375,6.5625,4.012392044067383,280800,506.4200134277344
1995-04-10,6.5625,6.75,6.5625,6.6875,4.08881950378418,887800,507.010009765625
1995-04-11,6.625,6.6875,6.625,6.625,4.050607204437256,175400,505.5299987792969
1995-04-12,6.625,6.75,6.625,6.75,4.127031803131104,300600,507.1700134277344
1995-04-13,6.75,6.75,6.6875,6.6875,4.08881950378418,256400,509.2300109863281
1995-04-17,6.75,6.8125,6.625,6.8125,4.16524600982666,405200,506.1300048828125
1995-04-18,6.8125,6.8125,6.75,6.75,4.127031803131104,300400,505.3699951171875
1995-04-19,6.8125,6.875,6.75,6.8125,4.16524600982666,229000,504.9200134277344
1995-04-20,6.75,6.8125,6.75,6.8125,4.16524600982666,227200,505.2900085449219
1995-04-21,6.75,6.9375,6.75,6.875,4.203459739685059,178600,508.489990234375
1995-04-24,6.9375,7.0,6.875,7.0,4.279887199401856,144800,512.8900146484375
1995-04-25,7.0,7.0,6.8125,6.875,4.203459739685059,358400,512.0999755859375
1995-04-26,6.875,6.875,6.8125,6.875,4.203459739685059,397200,512.6599731445312
1995-04-27,6.9375,6.9375,6.8125,6.8125,4.16524600982666,397600,513.5499877929688
1995-04-28,6.875,6.875,6.8125,6.8125,4.16524600982666,367000,514.7100219726562
1995-05-01,6.75,6.8125,6.75,6.75,4.127031803131104,375200,514.260009765625
1995-05-02,6.75,6.875,6.6875,6.8125,4.16524600982666,126400,514.8599853515625
1995-05-03,6.8125,6.875,6.75,6.75,4.127031803131104,156800,520.47998046875
1995-05-04,6.75,6.8125,6.75,6.8125,4.16524600982666,197400,520.5399780273438
1995-05-05,6.8125,6.8125,6.75,6.8125,4.16524600982666,557400,520.1199951171875
1995-05-08,6.875,6.875,6.75,6.8125,4.16524600982666,886600,523.9600219726562
1995-05-09,6.8125,7.0,6.8125,7.0,4.279887199401856,84600,523.5599975585938
1995-05-10,7.0625,7.1875,7.0,7.125,4.356313228607178,297200,524.3599853515625
1995-05-11,7.1875,7.25,7.125,7.1875,4.39452600479126,722000,524.3699951171875
1995-05-12,7.1875,7.1875,7.0625,7.1875,4.39452600479126,555000,525.5499877929688
1995-05-15,7.1875,7.1875,7.0625,7.125,4.356313228607178,60800,527.739990234375
1995-05-16,7.0625,7.4375,7.0625,7.3125,4.47095251083374,230000,528.1900024414062
1995-05-17,7.375,7.5625,7.25,7.4375,4.547379493713379,351200,527.0700073242188
1995-05-18,7.4375,7.5,7.375,7.375,4.509167671203613,205200,519.5800170898438
1995-05-19,7.375,7.4375,7.3125,7.3125,4.47095251083374,59400,519.1900024414062
1995-05-22,7.5625,7.625,7.5,7.625,4.662018775939941,258200,523.6500244140625
1995-05-23,7.75,8.0,7.75,7.875,4.8148722648620605,630600,528.5900268554688
1995-05-24,7.875,7.875,7.75,7.8125,4.776658058166504,301200,528.6099853515625
1995-05-25,7.8125,7.875,7.625,7.625,4.662018775939941,146000,528.5900268554688
1995-05-26,7.625,7.6875,7.625,7.6875,4.700232028961182,45600,523.6500244140625
1995-05-30,7.625,7.6875,7.4375,7.5,4.585590839385986,189200,523.5800170898438
1995-05-31,7.4375,7.6875,7.375,7.625,4.662018775939941,285800,533.4000244140625
1995-06-01,7.6875,7.8125,7.6875,7.8125,4.776658058166504,339200,533.489990234375
1995-06-02,7.75,7.8125,7.6875,7.8125,4.776658058166504,186000,532.510009765625
1995-06-05,7.75,7.8125,7.6875,7.8125,4.776658058166504,77000,535.5999755859375
1995-06-06,7.8125,7.875,7.75,7.8125,4.776658058166504,87600,535.5499877929688
1995-06-07,7.8125,7.8125,7.625,7.625,4.662018775939941,265200,533.1300048828125
1995-06-08,7.6875,7.75,7.6875,7.6875,4.700232028961182,80000,532.3499755859375
1995-06-09,7.6875,7.75,7.6875,7.75,4.738445281982422,355400,527.9400024414062
1995-06-12,7.75,7.75,7.6875,7.6875,4.700232028961182,59200,530.8800048828125
1995-06-13,7.625,7.8125,7.5625,7.6875,4.715566158294678,82800,536.0499877929688
1995-06-14,7.6875,7.75,7.625,7.6875,4.715566158294678,62800,536.469970703125
1995-06-15,7.75,7.75,7.6875,7.6875,4.715566158294678,67200,537.1199951171875
1995-06-16,7.75,7.875,7.75,7.8125,4.7922444343566895,210400,539.8300170898438
1995-06-19,7.8125,7.8125,7.5625,7.8125,4.7922444343566895,73800,545.219970703125
1995-06-20,7.8125,7.875,7.75,7.875,4.830581665039063,116400,544.97998046875
1995-06-21,7.875,8.0,7.875,8.0,4.907256603240967,115800,543.97998046875
1995-06-22,8.0,8.0625,7.9375,8.0,4.907256603240967,99000,551.0700073242188
1995-06-23,8.0,8.0,7.9375,7.9375,4.868918418884277,136200,549.7100219726562
1995-06-26,7.875,8.0,7.6875,7.75,4.75390625,262400,544.1300048828125
1995-06-27,7.75,7.75,7.5625,7.6875,4.715566158294678,231200,542.4299926757812
1995-06-28,7.6875,7.6875,7.625,7.6875,4.715566158294678,83200,544.72998046875
1995-06-29,7.625,7.6875,7.5,7.5625,4.638893127441406,335400,543.8699951171875
1995-06-30,7.5625,7.8125,7.5625,7.8125,4.7922444343566895,341200,544.75
1995-07-03,7.6875,7.8125,7.6875,7.8125,4.7922444343566895,146600,547.0900268554688
1995-07-05,7.75,7.9375,7.75,7.875,4.830581665039063,83400,547.260009765625
1995-07-06,7.8125,8.0,7.8125,7.875,4.830581665039063,112000,553.989990234375
1995-07-07,7.875,7.875,7.75,7.75,4.75390625,163000,556.3699951171875
1995-07-10,7.75,8.0,7.75,7.9375,4.868918418884277,120800,557.1900024414062
1995-07-11,7.9375,7.9375,7.6875,7.75,4.75390625,262000,554.780029296875
1995-07-12,7.875,7.9375,7.75,7.875,4.830581665039063,223800,560.8900146484375
1995-07-13,7.875,7.875,7.8125,7.875,4.830581665039063,84400,561.0
1995-07-14,7.8125,7.9375,7.75,7.875,4.830581665039063,221800,559.8900146484375
1995-07-17,7.8125,7.8125,7.625,7.75,4.75390625,120400,562.719970703125
1995-07-18,7.875,7.875,7.75,7.75,4.75390625,60400,558.4600219726562
1995-07-19,7.6875,7.8125,7.5625,7.5625,4.638893127441406,69600,550.97998046875
1995-07-20,7.625,7.9375,7.625,7.9375,4.868918418884277,44800,553.5399780273438
1995-07-21,7.875,8.1875,7.875,8.1875,5.022271633148193,146800,553.6199951171875
1995-07-24,8.0625,8.25,8.0625,8.0625,4.94559383392334,210000,556.6300048828125
1995-07-25,8.0625,8.125,7.8125,7.875,4.830581665039063,119600,561.0999755859375
1995-07-26,7.875,7.875,7.6875,7.6875,4.715566158294678,121800,561.6099853515625
1995-07-27,7.75,7.8125,7.6875,7.8125,4.7922444343566895,262200,565.219970703125
1995-07-28,7.8125,7.8125,7.75,7.75,4.75390625,96000,562.9299926757812
1995-07-31,7.8125,7.875,7.75,7.8125,4.7922444343566895,147000,562.0599975585938
1995-08-01,7.8125,8.0,7.8125,8.0,4.907256603240967,366000,559.6400146484375
1995-08-02,8.0625,8.125,7.9375,8.0,4.907256603240967,359800,558.7999877929688
1995-08-03,7.9375,8.0625,7.9375,8.0,4.907256603240967,515800,558.75
1995-08-04,8.125,8.125,8.0,8.0625,4.94559383392334,86800,558.9400024414062
1995-08-07,8.0625,8.0625,7.9375,8.0,4.907256603240967,303600,560.030029296875
1995-08-08,8.0,8.0625,8.0,8.0,4.907256603240967,70000,560.3900146484375
1995-08-09,8.0625,8.0625,7.9375,7.9375,4.868918418884277,36600,559.7100219726562
1995-08-10,8.0,8.0625,7.9375,8.0,4.907256603240967,241000,557.4500122070312
1995-08-11,8.0,8.0625,8.0,8.0,4.907256603240967,408200,555.1099853515625
1995-08-14,8.0,8.0625,7.875,7.9375,4.868918418884277,291200,559.739990234375
1995-08-15,7.9375,8.0,7.875,8.0,4.907256603240967,1030400,558.5700073242188
1995-08-16,7.9375,8.1875,7.875,8.125,4.983932971954346,43600,559.969970703125
1995-08-17,8.0625,8.375,8.0625,8.3125,5.098949432373047,587200,559.0399780273438
1995-08-18,8.25,8.4375,8.25,8.375,5.137285232543945,761200,559.2100219726562
1995-08-21,8.375,8.4375,8.3125,8.4375,5.175621509552002,56200,558.1099853515625
1995-08-22,8.3125,8.375,8.1875,8.25,5.060608386993408,204000,559.52001953125
1995-08-23,8.25,8.3125,8.1875,8.1875,5.022271633148193,55600,557.1400146484375
1995-08-24,8.25,8.3125,8.1875,8.25,5.060608386993408,53800,557.4600219726562
1995-08-25,8.25,8.25,8.1875,8.25,5.060608386993408,109400,560.0999755859375
1995-08-28,8.25,8.25,8.0,8.125,4.983932971954346,51000,559.0499877929688
1995-08-29,8.125,8.1875,8.0,8.1875,5.022271633148193,45000,560.0
1995-08-30,8.125,8.125,7.875,8.0,4.907256603240967,3597400,560.9199829101562
1995-08-31,8.0,8.1875,7.9375,8.1875,5.022271633148193,23000,561.8800048828125
1995-09-01,8.1875,8.1875,8.0625,8.125,4.983932971954346,89600,563.8400268554688
1995-09-05,8.0,8.25,8.0,8.25,5.060608386993408,468400,569.1699829101562
1995-09-06,8.1875,8.5,8.1875,8.375,5.137285232543945,675200,570.1699829101562
1995-09-07,8.375,8.5625,8.375,8.5625,5.252295970916748,1022600,570.2899780273438
1995-09-08,8.625,8.875,8.625,8.75,5.367311000823975,449200,572.6799926757812
1995-09-11,8.75,8.875,8.6875,8.8125,5.405651569366455,359400,573.9099731445312
1995-09-12,8.75,9.125,8.75,9.125,5.597339153289795,362600,576.510009765625
1995-09-13,9.0625,9.125,8.9375,9.0,5.537353992462158,715600,578.77001953125
1995-09-14,9.0,9.25,9.0,9.125,5.614259243011475,782000,583.6099853515625
1995-09-15,9.1875,9.3125,9.125,9.25,5.691168308258057,499200,583.3499755859375
1995-09-18,9.25,9.625,9.1875,9.5625,5.883435249328613,510600,582.77001953125
1995-09-19,9.5,9.5625,9.375,9.5,5.844983100891113,633000,584.2000122070312
1995-09-20,9.3125,9.4375,9.1875,9.4375,5.806528091430664,568200,586.77001953125
1995-09-21,9.375,9.375,9.0625,9.25,5.691168308258057,1597800,583.0
1995-09-22,9.25,9.375,9.125,9.375,5.768076419830322,681600,581.72998046875
1995-09-25,9.5,9.625,9.1875,9.25,5.691168308258057,136800,581.8099975585938
1995-09-26,9.125,9.3125,9.0,9.25,5.691168308258057,105200,581.4099731445312
1995-09-27,9.125,9.1875,9.0,9.125,5.614259243011475,142400,581.0399780273438
1995-09-28,9.1875,9.375,9.0625,9.375,5.768076419830322,340800,585.8699951171875
1995-09-29,9.3125,9.4375,9.3125,9.375,5.768076419830322,63800,584.4099731445312
1995-10-02,9.375,9.4375,9.3125,9.4375,5.806528091430664,412600,581.719970703125
1995-10-03,9.375,9.4375,9.375,9.4375,5.806528091430664,149200,582.3400268554688
1995-10-04,9.4375,9.5625,9.4375,9.5625,5.883435249328613,402400,581.469970703125
1995-10-05,9.5625,9.5625,9.25,9.4375,5.806528091430664,113800,582.6300048828125
1995-10-06,9.4375,9.5625,9.375,9.5625,5.883435249328613,277400,582.489990234375
1995-10-09,9.5,9.5,9.375,9.375,5.768076419830322,66600,578.3699951171875
1995-10-10,9.4375,9.4375,9.1875,9.375,5.768076419830322,300600,577.52001953125
1995-10-11,9.4375,9.4375,9.3125,9.4375,5.806528091430664,379000,579.4600219726562
1995-10-12,9.4375,9.4375,9.25,9.3125,5.72961950302124,314000,583.0999755859375
1995-10-13,9.375,9.375,9.3125,9.375,5.768076419830322,144400,584.5
1995-10-16,9.4375,9.46875,9.3125,9.375,5.768076419830322,152000,583.030029296875
1995-10-17,9.3125,9.4375,9.3125,9.375,5.768076419830322,73600,586.780029296875
1995-10-18,9.4375,9.5,9.3125,9.4375,5.806528091430664,130600,587.4400024414062
1995-10-19,9.4375,9.4375,9.3125,9.3125,5.72961950302124,31800,590.6500244140625
1995-10-20,9.4375,9.625,9.375,9.5,5.844983100891113,606000,587.4600219726562
1995-10-23,9.5,9.5,9.25,9.4375,5.806528091430664,110000,585.0599975585938
1995-10-24,9.5,9.5625,9.4375,9.5,5.844983100891113,124400,586.5399780273438
1995-10-25,9.4375,9.5,9.3125,9.5,5.844983100891113,300600,582.469970703125
1995-10-26,9.4375,9.4375,9.3125,9.4375,5.806528091430664,277800,576.719970703125
1995-10-27,9.3125,9.375,9.25,9.375,5.768076419830322,209800,579.7000122070312
1995-10-30,9.25,9.4375,9.25,9.4375,5.806528091430664,169200,583.25
1995-10-31,9.4375,9.4375,9.3125,9.3125,5.72961950302124,130600,581.5
1995-11-01,9.25,9.3125,9.0,9.0625,5.575807094573975,176600,584.219970703125
1995-11-02,9.0625,9.375,8.125,8.6875,5.345080375671387,1175600,589.719970703125
1995-11-03,8.6875,8.6875,8.25,8.375,5.152812004089356,823200,590.5700073242188
1995-11-06,8.375,8.5,8.1875,8.4375,5.1912689208984375,796800,588.4600219726562
1995-11-07,8.4375,8.4375,8.3125,8.375,5.152812004089356,450600,586.3200073242188
1995-11-08,8.25,8.375,8.25,8.375,5.152812004089356,357800,591.7100219726562
1995-11-09,8.4375,8.6875,8.4375,8.6875,5.345080375671387,562600,593.260009765625
1995-11-10,8.625,8.75,8.5625,8.75,5.383537769317627,70000,592.719970703125
1995-11-13,8.875,9.25,8.875,9.125,5.614259243011475,431800,592.2999877929688
1995-11-14,9.0,9.4375,9.0,9.3125,5.72961950302124,524000,589.2899780273438
1995-11-15,9.3125,9.5,9.125,9.125,5.614259243011475,301000,593.9600219726562
1995-11-16,9.1875,9.1875,8.875,9.0625,5.575807094573975,140400,597.3400268554688
1995-11-17,9.0625,9.0625,8.9375,9.0,5.537353992462158,212800,600.0700073242188
1995-11-20,9.0625,9.0625,8.8125,8.8125,5.421990871429443,133200,596.8499755859375
1995-11-21,9.0,9.4375,9.0,9.375,5.768076419830322,323600,600.239990234375
1995-11-22,9.4375,9.4375,9.25,9.3125,5.72961950302124,116400,598.4000244140625
1995-11-24,9.3125,9.3125,9.0625,9.0625,5.575807094573975,60000,599.969970703125
1995-11-27,9.125,9.5,9.125,9.375,5.768076419830322,369600,601.3200073242188
1995-11-28,9.375,9.5625,9.375,9.5,5.844983100891113,250800,606.4500122070312
1995-11-29,9.5,9.9375,9.5,9.9375,6.11415958404541,431800,607.6400146484375
1995-11-30,10.0,10.0,9.0,9.1875,5.652711868286133,922200,605.3699951171875
1995-12-01,9.3125,9.625,9.3125,9.5625,5.883435249328613,1010800,606.97998046875
1995-12-04,9.625,9.9375,9.5625,9.9375,6.11415958404541,725400,613.6799926757812
1995-12-05,9.9375,9.9375,9.6875,9.75,5.998798847198486,426600,617.6799926757812
1995-12-06,9.75,9.75,9.5,9.5625,5.883435249328613,612600,620.1799926757812
1995-12-07,9.5,9.5625,9.4375,9.5,5.844983100891113,565200,616.1699829101562
1995-12-08,9.5,9.625,9.5,9.5625,5.883435249328613,116400,617.47998046875
1995-12-11,9.625,9.625,9.4375,9.4375,5.806528091430664,858000,619.52001953125
1995-12-12,9.375,9.5625,9.375,9.5,5.844983100891113,1514800,618.780029296875
1995-12-13,9.5,9.5,9.375,9.375,5.7848219871521,498600,621.6900024414062
1995-12-14,9.375,9.375,9.1875,9.25,5.707688808441162,571200,616.9199829101562
1995-12-15,9.375,9.5,9.375,9.5,5.86195182800293,531800,616.3400268554688
1995-12-18,9.375,9.4375,9.125,9.25,5.707688808441162,245000,606.8099975585938
1995-12-19,9.1875,9.375,9.1875,9.375,5.7848219871521,113000,611.9299926757812
1995-12-20,9.25,9.4375,9.25,9.4375,5.823386192321777,94200,605.9400024414062
1995-12-21,9.125,9.125,8.3125,8.8125,5.437732696533203,242000,610.489990234375
1995-12-22,8.875,9.0,8.875,9.0,5.55342960357666,110600,611.9500122070312
1995-12-26,9.0625,9.0625,8.875,9.0,5.55342960357666,69600,614.2999877929688
1995-12-27,9.0625,9.0625,9.0,9.0625,5.591994285583496,90800,614.530029296875
1995-12-28,9.0625,9.125,9.0,9.125,5.630558490753174,174800,614.1199951171875
1995-12-29,9.1875,9.6875,9.0625,9.6875,5.977646827697754,99200,615.9299926757812
1996-01-02,9.5625,9.5625,9.3125,9.5625,5.900516033172607,377400,620.72998046875
1996-01-03,9.5,9.5,9.375,9.5,5.86195182800293,187000,621.3200073242188
1996-01-04,9.375,9.4375,9.375,9.375,5.7848219871521,153400,617.7000122070312
1996-01-05,9.3125,9.4375,9.1875,9.4375,5.823386192321777,466200,616.7100219726562
1996-01-08,9.4375,9.4375,9.3125,9.3125,5.746255397796631,25400,618.4600219726562
1996-01-09,9.25,9.3125,9.25,9.3125,5.746255397796631,61600,609.4500122070312
1996-01-10,9.1875,9.1875,8.875,8.9375,5.514862537384033,200200,598.47998046875
1996-01-11,8.875,8.9375,8.875,8.9375,5.514862537384033,36800,602.6900024414062
1996-01-12,8.9375,9.0625,8.875,9.0,5.55342960357666,362400,601.8099975585938
1996-01-15,9.0,9.125,8.9375,8.9375,5.514862537384033,146800,599.8200073242188
1996-01-16,9.0,9.0,8.875,8.875,5.476297378540039,248400,608.4400024414062
1996-01-17,8.875,8.875,8.75,8.75,5.39916467666626,377200,606.3699951171875
1996-01-18,8.875,8.9375,8.8125,8.9375,5.514862537384033,142000,608.239990234375
1996-01-19,8.8125,9.0,8.8125,9.0,5.55342960357666,296800,611.8300170898438
1996-01-22,8.9375,9.1875,8.9375,9.0,5.55342960357666,82800,613.4000244140625
1996-01-23,8.9375,8.9375,8.625,8.6875,5.360599040985107,261200,612.7899780273438
1996-01-24,8.75,8.9375,8.75,8.8125,5.437732696533203,564600,619.9600219726562
1996-01-25,8.875,9.0,8.875,8.9375,5.514862537384033,274800,617.030029296875
1996-01-26,9.0,9.0,8.875,8.9375,5.514862537384033,54400,621.6199951171875
1996-01-29,9.0,9.125,8.9375,9.0625,5.591994285583496,92000,624.219970703125
1996-01-30,9.0625,9.375,9.0625,9.375,5.7848219871521,113600,630.1500244140625
1996-01-31,9.3125,9.375,9.25,9.3125,5.746255397796631,70400,636.02001953125
1996-02-01,9.25,9.875,9.25,9.6875,5.977646827697754,344800,638.4600219726562
1996-02-02,9.6875,9.6875,9.375,9.4375,5.823386192321777,274400,635.8400268554688
1996-02-05,9.5,9.625,9.4375,9.5,5.86195182800293,184200,641.4299926757812
1996-02-06,9.4375,9.5,9.375,9.4375,5.823386192321777,294400,646.3300170898438
1996-02-07,9.3125,9.4375,9.3125,9.4375,5.823386192321777,116400,649.9299926757812
1996-02-08,9.4375,9.4375,9.3125,9.4375,5.823386192321777,325000,656.0700073242188
1996-02-09,9.4375,9.5,9.375,9.5,5.86195182800293,359200,656.3699951171875
1996-02-12,9.5,9.625,9.4375,9.625,5.939083576202393,164400,661.4500122070312
1996-02-13,9.5625,9.5625,9.5,9.5625,5.900516033172607,278200,660.510009765625
1996-02-14,9.5625,9.625,9.4375,9.5625,5.900516033172607,54200,655.5800170898438
1996-02-15,9.5625,9.8125,9.5,9.75,6.016213417053223,125400,651.3200073242188
1996-02-16,9.6875,9.6875,9.4375,9.5,5.86195182800293,53400,647.97998046875
1996-02-20,9.375,9.5625,9.375,9.5,5.86195182800293,41600,640.6500244140625
1996-02-21,9.4375,9.5,9.4375,9.4375,5.823386192321777,589000,648.0999755859375
1996-02-22,9.5,9.625,9.4375,9.625,5.939083576202393,574200,658.8599853515625
1996-02-23,9.5625,9.625,9.5,9.5625,5.900516033172607,179600,659.0800170898438
1996-02-26,9.6875,9.75,9.625,9.6875,5.977646827697754,127800,650.4600219726562
1996-02-27,9.625,9.75,9.625,9.6875,5.977646827697754,257600,647.239990234375
1996-02-28,9.75,9.8125,9.625,9.625,5.939083576202393,142800,644.75
1996-02-29,9.75,9.84375,9.625,9.625,5.939083576202393,114000,640.4299926757812
1996-03-01,9.75,9.75,9.625,9.625,5.939083576202393,81800,644.3699951171875
1996-03-04,10.9375,10.9375,10.6875,10.875,6.710390090942383,1845200,650.8099975585938
1996-03-05,10.8125,10.875,10.6875,10.75,6.633261680603027,1961600,655.7899780273438
1996-03-06,10.75,10.8125,10.75,10.75,6.650273323059082,552400,652.0
1996-03-07,10.75,10.875,10.75,10.875,6.727599143981934,405800,653.6500244140625
1996-03-08,10.8125,10.8125,10.6875,10.8125,6.688933849334717,631000,633.5
1996-03-11,10.8125,10.875,10.75,10.8125,6.688933849334717,198000,640.02001953125
1996-03-12,10.8125,10.875,10.8125,10.8125,6.688933849334717,356400,637.0900268554688
1996-03-13,10.875,10.9375,10.8125,10.875,6.727599143981934,491600,638.5499877929688
1996-03-14,10.875,11.0625,10.875,11.0625,6.843591690063477,535800,640.8699951171875
1996-03-15,11.0,11.125,11.0,11.0,6.804931640625,216600,641.4299926757812
1996-03-18,11.0,11.1875,11.0,11.125,6.882259368896484,198400,652.6500244140625
1996-03-19,11.125,11.3125,11.125,11.1875,6.920923233032227,829800,651.6900024414062
1996-03-20,11.25,11.3125,11.25,11.3125,6.998254299163818,361000,649.97998046875
1996-03-21,11.25,11.3125,11.1875,11.3125,6.998254299163818,687000,649.1900024414062
1996-03-22,11.3125,11.375,11.25,11.375,7.036917209625244,264600,650.6199951171875
1996-03-25,11.3125,11.3125,11.25,11.25,6.959588050842285,260600,650.0399780273438
1996-03-26,11.3125,11.3125,11.25,11.3125,6.998254299163818,208600,652.969970703125
1996-03-27,11.25,11.3125,11.25,11.3125,6.998254299163818,255000,648.9099731445312
1996-03-28,11.25,11.3125,11.1875,11.1875,6.920923233032227,954400,648.9400024414062
1996-03-29,11.1875,11.25,11.1875,11.1875,6.920923233032227,422600,645.5
1996-04-01,11.1875,11.25,11.1875,11.25,6.959588050842285,603800,653.72998046875
1996-04-02,11.25,11.25,11.0,11.0,6.804931640625,259400,655.260009765625
1996-04-03,11.0,11.0,10.625,10.625,6.572946071624756,196000,655.8800048828125
1996-04-04,10.4375,10.5,10.0,10.0,6.186302185058594,365800,655.8599853515625
1996-04-08,9.875,10.0,9.75,9.75,6.031641960144043,537000,644.239990234375
1996-04-09,9.8125,10.25,9.8125,10.25,6.340959548950195,183600,642.1900024414062
1996-04-10,10.25,10.5625,10.25,10.4375,6.456953048706055,104600,633.5
1996-04-11,10.3125,10.4375,10.3125,10.4375,6.456953048706055,100200,631.1799926757812
1996-04-12,10.5625,11.0,10.5,11.0,6.804931640625,336200,636.7100219726562
1996-04-15,11.0,11.0,10.625,10.6875,6.611607551574707,195400,642.489990234375
1996-04-16,10.625,10.6875,10.5,10.5,6.495613098144531,103000,645.0
1996-04-17,10.5,10.5625,10.5,10.5,6.495613098144531,136600,641.6099853515625
1996-04-18,10.5625,10.875,10.5625,10.875,6.727599143981934,76200,643.6099853515625
1996-04-19,10.875,11.25,10.875,11.25,6.959588050842285,109200,645.0700073242188
1996-04-22,11.25,11.5,11.0625,11.5,7.114246845245361,111600,647.8900146484375
1996-04-23,11.5,11.5,11.3125,11.375,7.036917209625244,123000,651.5800170898438
1996-04-24,11.3125,11.625,11.3125,11.625,7.191572666168213,55200,650.1699829101562
1996-04-25,11.75,11.8125,11.5,11.8125,7.3075666427612305,130400,652.8699951171875
1996-04-26,11.8125,11.8125,11.625,11.6875,7.230237007141113,197200,653.4600219726562
1996-04-29,11.5625,11.5625,11.375,11.375,7.036917209625244,44000,654.1599731445312
1996-04-30,11.3125,11.75,11.25,11.6875,7.230237007141113,128800,654.1699829101562
1996-05-01,11.5625,11.625,11.4375,11.625,7.191572666168213,194600,654.5800170898438
1996-05-02,11.625,11.75,11.625,11.6875,7.230237007141113,85000,643.3800048828125
1996-05-03,11.75,12.0,11.75,11.875,7.346230983734131,65200,641.6300048828125
1996-05-06,11.875,12.0625,11.875,12.0,7.4235639572143555,216800,640.8099975585938
1996-05-07,12.0,12.0625,11.875,11.875,7.346230983734131,306400,638.260009765625
1996-05-08,11.875,11.9375,11.6875,11.8125,7.3075666427612305,298800,644.77001953125
1996-05-09,11.875,11.9375,11.75,11.875,7.346230983734131,127800,645.4400024414062
1996-05-10,11.875,12.0,11.875,11.875,7.346230983734131,23200,652.0900268554688
1996-05-13,11.875,11.875,11.5625,11.5625,7.152909755706787,131000,661.510009765625
1996-05-14,11.625,11.625,11.5,11.5625,7.152909755706787,45800,665.5999755859375
1996-05-15,11.5,11.5,11.3125,11.4375,7.075584888458252,379200,665.4199829101562
1996-05-16,11.4375,11.6875,11.375,11.625,7.191572666168213,253800,664.8499755859375
1996-05-17,11.6875,11.875,11.625,11.875,7.346230983734131,194200,668.9099731445312
1996-05-20,11.875,11.875,11.6875,11.875,7.346230983734131,218000,673.1500244140625
1996-05-21,11.875,11.9375,11.6875,11.75,7.268904209136963,224800,672.760009765625
1996-05-22,11.75,11.8125,11.6875,11.75,7.268904209136963,194200,678.4199829101562
1996-05-23,11.875,12.0625,11.75,11.75,7.268904209136963,148600,676.0
1996-05-24,11.75,11.875,11.6875,11.75,7.268904209136963,177400,678.510009765625
1996-05-28,11.6875,11.875,11.625,11.875,7.346230983734131,66200,672.22998046875
1996-05-29,11.75,11.75,11.3125,11.3125,6.998254299163818,50000,667.9299926757812
1996-05-30,11.3125,11.3125,10.8125,10.8125,6.688933849334717,123200,671.7000122070312
1996-05-31,10.9375,11.25,10.8125,11.25,6.959588050842285,279000,669.1199951171875
1996-06-03,11.25,11.25,11.0625,11.125,6.882259368896484,224800,667.6799926757812
1996-06-04,11.0625,11.0625,10.8125,11.0,6.804931640625,105400,672.5599975585938
1996-06-05,11.0625,11.5,10.9375,11.4375,7.075584888458252,145800,678.4400024414062
1996-06-06,11.375,11.4375,11.3125,11.375,7.036917209625244,246800,673.030029296875
1996-06-07,11.25,11.4375,11.1875,11.375,7.036917209625244,289800,673.3099975585938
1996-06-10,11.375,11.4375,11.0625,11.1875,6.920923233032227,158400,672.1599731445312
1996-06-11,11.1875,11.4375,11.125,11.4375,7.075584888458252,74000,670.969970703125
1996-06-12,11.3125,11.4375,11.25,11.375,7.0538763999938965,112800,669.0399780273438
1996-06-13,11.4375,11.4375,11.3125,11.375,7.0538763999938965,92400,667.9199829101562
1996-06-14,11.375,11.375,11.1875,11.25,6.976358413696289,32000,665.8499755859375
1996-06-17,11.1875,11.25,10.9375,11.0,6.821333408355713,115600,665.1599731445312
1996-06-18,11.0625,11.25,11.0625,11.25,6.976358413696289,139800,662.0599975585938
1996-06-19,11.25,11.3125,11.1875,11.25,6.976358413696289,58600,661.9600219726562
1996-06-20,11.1875,11.25,11.1875,11.25,6.976358413696289,43600,662.0999755859375
1996-06-21,11.1875,11.25,11.0625,11.0625,6.860086441040039,116200,666.8400268554688
1996-06-24,11.0625,11.15625,11.0,11.0625,6.860086441040039,94600,668.8499755859375
1996-06-25,11.125,11.125,10.875,11.0,6.821333408355713,105800,668.47998046875
1996-06-26,10.625,10.6875,10.5,10.5625,6.550028800964356,245800,664.3900146484375
1996-06-27,10.5625,10.5625,9.5625,9.5625,5.929909706115723,258000,668.5499877929688
1996-06-28,9.5,9.6875,9.125,9.125,5.658605575561523,228600,670.6300048828125
1996-07-01,9.25,9.5,9.25,9.3125,5.774878025054932,503400,675.8800048828125
1996-07-02,9.3125,9.3125,9.25,9.3125,5.774878025054932,176200,673.6099853515625
1996-07-03,9.375,9.375,9.3125,9.375,5.813632488250732,47400,672.4000244140625
1996-07-05,9.0625,9.625,8.9375,9.625,5.968666076660156,43600,657.4400024414062
1996-07-08,9.5625,9.5625,9.375,9.4375,5.852391719818115,121800,652.5399780273438
1996-07-09,9.375,9.4375,9.3125,9.3125,5.774878025054932,69200,654.75
1996-07-10,9.25,9.25,9.0625,9.1875,5.697360515594482,57800,656.0599975585938
1996-07-11,9.1875,9.25,9.125,9.1875,5.697360515594482,135200,645.6699829101562
1996-07-12,9.0,9.0,8.875,8.875,5.503575801849365,477200,646.1900024414062
1996-07-15,8.75,8.875,8.625,8.6875,5.387301921844482,100800,629.7999877929688
1996-07-16,8.8125,8.8125,8.0,8.3125,5.154757022857666,145200,628.3699951171875
1996-07-17,8.4375,8.625,8.0625,8.1875,5.07724142074585,246000,634.0700073242188
1996-07-18,8.125,8.25,8.0,8.1875,5.07724142074585,652400,643.5599975585938
1996-07-19,8.0625,8.1875,7.8125,7.875,4.883452892303467,138000,638.72998046875
1996-07-22,7.875,7.9375,7.625,7.625,4.728421211242676,750200,633.77001953125
1996-07-23,7.6875,8.0,7.375,7.4375,4.612149715423584,309000,626.8699951171875
1996-07-24,7.3125,7.5625,7.25,7.5,4.650905609130859,529000,626.6500244140625
1996-07-25,7.5,7.625,7.1875,7.4375,4.612149715423584,493200,631.1699829101562
1996-07-26,7.4375,8.0625,7.4375,8.0,4.960967540740967,259600,635.9000244140625
1996-07-29,8.0625,8.1875,7.75,7.75,4.805936813354492,180800,630.9099731445312
1996-07-30,7.6875,7.9375,7.6875,7.9375,4.922210693359375,95000,635.260009765625
1996-07-31,7.9375,8.5,7.875,8.375,5.193515300750732,169800,639.9500122070312
1996-08-01,8.5,8.5,8.375,8.375,5.193515300750732,417200,650.02001953125
1996-08-02,8.3125,8.4375,8.125,8.125,5.038485050201416,330000,662.489990234375
1996-08-05,8.125,8.1875,8.0625,8.1875,5.07724142074585,260200,660.22998046875
1996-08-06,8.1875,8.3125,8.125,8.3125,5.154757022857666,565600,662.3800048828125
1996-08-07,8.4375,8.5,8.3125,8.375,5.193515300750732,466600,664.1599731445312
1996-08-08,8.3125,8.4375,8.25,8.375,5.193515300750732,482200,662.5900268554688
1996-08-09,8.3125,8.75,8.3125,8.5625,5.30978536605835,191000,662.0999755859375
1996-08-12,8.625,8.875,8.5625,8.75,5.426058769226074,282200,665.77001953125
1996-08-13,8.6875,8.6875,8.5,8.5625,5.30978536605835,131200,660.2000122070312
1996-08-14,8.4375,9.0,8.4375,9.0,5.581091403961182,432800,662.0499877929688
1996-08-15,8.8125,9.5,8.8125,9.375,5.813632488250732,161200,662.280029296875
1996-08-16,9.3125,9.375,9.3125,9.375,5.813632488250732,140400,665.2100219726562
1996-08-19,9.3125,9.3125,9.0625,9.125,5.658605575561523,192800,666.5800170898438
1996-08-20,9.125,9.125,8.875,8.9375,5.542333126068115,273800,665.6900024414062
1996-08-21,9.0,9.0,8.6875,8.6875,5.387301921844482,376600,665.0700073242188
1996-08-22,8.75,8.875,8.75,8.8125,5.464819431304932,175400,670.6799926757812
1996-08-23,8.8125,8.9375,8.8125,8.9375,5.542333126068115,192800,667.030029296875
1996-08-26,8.8125,8.8125,8.6875,8.6875,5.387301921844482,63600,663.8800048828125
1996-08-27,8.6875,8.8125,8.625,8.625,5.348545551300049,1167400,666.4000244140625
1996-08-28,8.6875,8.75,8.625,8.6875,5.387301921844482,37400,664.8099975585938
1996-08-29,8.6875,8.6875,8.3125,8.3125,5.154757022857666,134600,657.4000244140625
1996-08-30,8.25,8.25,8.0625,8.0625,4.999724388122559,163600,651.989990234375
1996-09-03,8.125,8.5,8.0625,8.3125,5.154757022857666,116400,654.719970703125
1996-09-04,8.4375,8.5625,8.3125,8.4375,5.232269763946533,111800,655.6099853515625
1996-09-05,8.25,8.5,8.1875,8.4375,5.232269763946533,144400,649.4400024414062
1996-09-06,8.375,8.5625,8.3125,8.5,5.271029949188232,55000,655.6799926757812
1996-09-09,8.5,8.6875,8.375,8.5625,5.30978536605835,98200,663.760009765625
1996-09-10,8.5625,8.6875,8.25,8.25,5.115999221801758,188400,663.8099975585938
1996-09-11,8.3125,8.375,8.125,8.25,5.115999221801758,34400,667.280029296875
1996-09-12,8.125,8.25,8.0625,8.1875,5.098875045776367,477600,671.1500244140625
1996-09-13,8.1875,8.1875,8.0625,8.1875,5.098875045776367,208000,680.5399780273438
1996-09-16,8.1875,8.375,8.1875,8.25,5.137797832489014,198600,683.97998046875
1996-09-17,8.1875,8.3125,8.125,8.25,5.137797832489014,165800,682.9400024414062
1996-09-18,8.125,8.4375,8.125,8.25,5.137797832489014,137200,681.469970703125
1996-09-19,8.3125,8.375,8.0,8.125,5.059950351715088,67600,683.0
1996-09-20,8.0,8.3125,8.0,8.25,5.137797832489014,125200,687.030029296875
1996-09-23,8.1875,8.4375,8.1875,8.4375,5.254563808441162,44600,686.47998046875
1996-09-24,8.375,8.375,8.1875,8.25,5.137797832489014,132800,685.6099853515625
1996-09-25,8.25,8.625,8.25,8.5,5.293487071990967,157200,685.8300170898438
1996-09-26,8.4375,8.4375,8.3125,8.3125,5.176720142364502,30800,685.8599853515625
1996-09-27,8.375,8.6875,8.375,8.6875,5.410253524780273,228000,686.1900024414062
1996-09-30,8.6875,8.6875,8.5625,8.5625,5.332407474517822,92600,687.3300170898438
1996-10-01,8.5625,8.9375,8.5625,8.9375,5.565945625305176,85800,689.0800170898438
1996-10-02,8.9375,9.0625,8.875,9.0625,5.643789291381836,86000,694.010009765625
1996-10-03,8.9375,8.9375,8.5625,8.6875,5.410253524780273,107800,692.780029296875
1996-10-04,8.6875,8.875,8.5625,8.6875,5.410253524780273,74600,701.4600219726562
1996-10-07,8.6875,8.6875,8.375,8.5625,5.332407474517822,127600,703.3400268554688
1996-10-08,8.5,8.5625,8.3125,8.375,5.215641975402832,142800,700.6400146484375
1996-10-09,8.375,8.4375,8.25,8.3125,5.176720142364502,44000,696.739990234375
1996-10-10,8.375,8.5,8.3125,8.3125,5.176720142364502,40000,694.6099853515625
1996-10-11,8.3125,8.4375,8.3125,8.3125,5.176720142364502,103200,700.6599731445312
1996-10-14,8.3125,8.4375,8.3125,8.375,5.215641975402832,100000,703.5399780273438
1996-10-15,8.5,8.5,8.3125,8.3125,5.176720142364502,108000,702.5700073242188
1996-10-16,8.4375,8.5,8.375,8.5,5.293487071990967,31800,704.4099731445312
1996-10-17,8.5,8.5,8.3125,8.3125,5.176720142364502,30200,706.989990234375
1996-10-18,8.3125,8.4375,8.25,8.4375,5.254563808441162,56800,710.8200073242188
1996-10-21,8.3125,8.375,7.9375,8.0,4.982105255126953,56600,709.8499755859375
1996-10-22,8.0,8.0,7.8125,7.875,4.9042582511901855,136600,706.5700073242188
1996-10-23,7.875,8.0,7.75,7.9375,4.943181037902832,221800,707.27001953125
1996-10-24,7.9375,8.0,7.875,8.0,4.982105255126953,136600,702.2899780273438
1996-10-25,7.9375,8.0625,7.875,7.875,4.9042582511901855,550200,700.9199829101562
1996-10-28,7.8125,8.0,7.8125,7.8125,4.865336418151856,122200,697.260009765625
1996-10-29,7.875,8.0625,7.875,8.0,4.982105255126953,64000,701.5
1996-10-30,8.0,8.125,7.9375,8.0,4.982105255126953,45400,700.9000244140625
1996-10-31,7.9375,8.1875,7.9375,8.0625,5.021027565002441,122200,705.27001953125
1996-11-01,8.0,8.3125,7.9375,8.3125,5.176720142364502,48200,703.77001953125
1996-11-04,8.1875,8.4375,8.0625,8.375,5.215641975402832,47600,706.72998046875
1996-11-05,8.4375,8.4375,8.1875,8.1875,5.098875045776367,70600,714.1400146484375
1996-11-06,8.25,8.3125,8.125,8.1875,5.098875045776367,109800,724.5900268554688
1996-11-07,8.125,8.3125,8.09375,8.25,5.137797832489014,199200,727.6500244140625
1996-11-08,8.25,8.3125,8.125,8.3125,5.176720142364502,102400,730.8200073242188
1996-11-11,8.25,8.5625,8.25,8.5,5.293487071990967,144800,731.8699951171875
1996-11-12,8.75,9.125,8.6875,9.125,5.682713985443115,161600,729.5599975585938
1996-11-13,9.0625,9.0625,8.8125,8.9375,5.565945625305176,225000,731.1300048828125
1996-11-14,8.875,9.0625,8.8125,9.0,5.604869365692139,101000,735.8800048828125
1996-11-15,9.0,9.0625,8.875,9.0,5.604869365692139,64000,737.6199951171875
1996-11-18,9.0,9.1875,8.875,9.125,5.682713985443115,100800,737.02001953125
1996-11-19,9.125,9.1875,9.0625,9.125,5.682713985443115,110400,742.1599731445312
1996-11-20,9.0625,9.125,8.9375,9.0,5.604869365692139,143200,743.9500122070312
1996-11-21,9.0,9.0,8.875,9.0,5.604869365692139,89000,742.75
1996-11-22,9.0,9.1875,8.9375,9.1875,5.721634864807129,126000,748.72998046875
1996-11-25,9.125,9.25,9.125,9.125,5.682713985443115,113000,757.030029296875
1996-11-26,9.125,9.1875,9.0,9.0625,5.643789291381836,149400,755.9600219726562
1996-11-27,9.0625,9.125,8.8125,9.0625,5.643789291381836,82800,755.0
1996-11-29,9.1875,9.25,9.0,9.0625,5.643789291381836,33800,757.02001953125
1996-12-02,9.0,9.25,9.0,9.25,5.760558605194092,37400,756.5599975585938
1996-12-03,9.1875,9.3125,9.1875,9.25,5.760558605194092,66600,748.280029296875
1996-12-04,9.25,9.375,9.25,9.375,5.838401794433594,53800,745.0999755859375
1996-12-05,9.4375,9.4375,9.0625,9.25,5.760558605194092,124200,744.3800048828125
1996-12-06,9.125,9.1875,8.8125,9.125,5.682713985443115,100600,739.5999755859375
1996-12-09,9.1875,9.4375,9.0625,9.375,5.838401794433594,57800,749.760009765625
1996-12-10,9.375,9.5625,9.25,9.5,5.916247844696045,121600,747.5399780273438
1996-12-11,9.375,9.5625,9.3125,9.5625,5.955172538757324,107000,740.72998046875
1996-12-12,9.4375,9.5,9.1875,9.4375,5.898916721343994,71200,729.2999877929688
1996-12-13,9.3125,9.3125,8.9375,8.9375,5.586390495300293,220400,728.6400146484375
1996-12-16,9.0,9.0,8.5,8.625,5.3910651206970215,133600,720.97998046875
1996-12-17,8.5625,8.625,8.4375,8.4375,5.273867607116699,123200,726.0399780273438
1996-12-18,8.4375,8.4375,7.875,8.3125,5.195738792419434,291000,731.5399780273438
1996-12-19,8.375,9.125,8.3125,9.125,5.703588008880615,277200,745.760009765625
1996-12-20,9.0,9.25,9.0,9.0625,5.664523124694824,167200,748.8699951171875
1996-12-23,9.0,9.0,8.8125,8.9375,5.586390495300293,82400,746.9199829101562
1996-12-24,8.9375,8.9375,8.5625,8.6875,5.430126190185547,91200,751.030029296875
1996-12-26,8.75,8.9375,8.75,8.9375,5.586390495300293,75800,755.8200073242188
1996-12-27,8.9375,8.9375,8.8125,8.875,5.547328472137451,106400,756.7899780273438
1996-12-30,8.8125,9.0625,8.8125,9.0,5.625458717346191,220400,753.8499755859375
1996-12-31,8.9375,9.375,8.875,9.0625,5.664523124694824,115400,740.739990234375
1997-01-02,9.0625,9.5625,8.9375,9.5625,5.977049350738525,158600,737.010009765625
1997-01-03,9.5,9.5,9.25,9.375,5.859853267669678,118000,748.030029296875
1997-01-06,9.3125,9.875,9.3125,9.5625,5.977049350738525,199200,747.6500244140625
1997-01-07,9.5625,9.5625,9.4375,9.5,5.937982082366943,73800,753.22998046875
1997-01-08,9.4375,9.4375,9.3125,9.3125,5.820786952972412,79400,748.4099731445312
1997-01-09,9.3125,9.4375,9.1875,9.4375,5.898916721343994,89200,754.8499755859375
1997-01-10,9.375,9.5625,9.375,9.5625,5.977049350738525,104600,759.5
1997-01-13,9.5,9.5625,9.4375,9.5,5.937982082366943,61800,759.510009765625
1997-01-14,9.5625,9.5625,9.4375,9.5625,5.977049350738525,139000,768.8599853515625
1997-01-15,9.5,9.5,9.5,9.5,5.937982082366943,92200,767.2000122070312
1997-01-16,9.5,9.5,9.375,9.4375,5.898916721343994,63600,769.75
1997-01-17,9.4375,9.5,9.375,9.375,5.859853267669678,111600,776.1699829101562
1997-01-20,9.4375,9.4375,9.25,9.375,5.859853267669678,41800,776.7000122070312
1997-01-21,9.3125,9.4375,9.3125,9.375,5.859853267669678,69400,782.719970703125
1997-01-22,9.375,9.4375,9.3125,9.4375,5.898916721343994,74000,786.22998046875
1997-01-23,9.375,9.5,9.3125,9.375,5.859853267669678,74200,777.5599975585938
1997-01-24,9.375,9.5625,9.375,9.5625,5.977049350738525,36400,770.52001953125
1997-01-27,9.5,9.5625,9.3125,9.3125,5.820786952972412,76400,765.02001953125
1997-01-28,9.3125,9.5,9.3125,9.4375,5.898916721343994,75800,765.02001953125
1997-01-29,9.4375,9.4375,9.3125,9.3125,5.820786952972412,124800,772.5
1997-01-30,9.375,9.6875,9.375,9.5,5.937982082366943,151000,784.1699829101562
1997-01-31,9.4375,9.4375,9.3125,9.375,5.859853267669678,160600,786.1599731445312
1997-02-03,9.375,9.75,9.375,9.5625,5.977049350738525,161000,786.72998046875
1997-02-04,9.5625,9.5625,9.3125,9.4375,5.898916721343994,131800,789.260009765625
1997-02-05,9.375,9.625,9.375,9.5,5.937982082366943,104600,778.280029296875
1997-02-06,9.5625,9.625,9.375,9.375,5.859853267669678,36400,780.1500244140625
1997-02-07,9.4375,9.6875,9.375,9.6875,6.05518102645874,54200,789.5599975585938
1997-02-10,9.6875,9.8125,9.5625,9.625,6.016116142272949,39600,785.4299926757812
1997-02-11,9.5,9.625,9.25,9.25,5.781721591949463,104600,789.5900268554688
1997-02-12,9.3125,9.9375,9.3125,9.625,6.016116142272949,263800,802.77001953125
1997-02-13,9.625,9.6875,9.59375,9.625,6.016116142272949,91600,811.8200073242188
1997-02-14,9.625,9.6875,9.5,9.6875,6.05518102645874,102800,808.47998046875
1997-02-18,9.5,9.8125,9.5,9.625,6.016116142272949,101000,816.2899780273438
1997-02-19,9.625,9.8125,9.625,9.6875,6.05518102645874,161400,812.489990234375
1997-02-20,9.6875,9.75,9.6875,9.6875,6.05518102645874,100200,802.7999877929688
1997-02-21,9.6875,9.75,9.625,9.75,6.094247341156006,98000,801.77001953125
1997-02-24,9.75,9.9375,9.5,9.9375,6.2114434242248535,90800,810.280029296875
1997-02-25,9.9375,9.9375,9.75,9.9375,6.2114434242248535,94000,812.030029296875
1997-02-26,9.875,9.875,9.4375,9.5625,5.977049350738525,118800,805.6799926757812
1997-02-27,9.5,9.75,9.4375,9.5625,5.977049350738525,84600,795.0700073242188
1997-02-28,9.5,9.9375,9.375,9.8125,6.133307933807373,304000,790.8200073242188
1997-03-03,9.8125,9.875,9.75,9.8125,6.133307933807373,247800,795.3099975585938
1997-03-04,9.875,9.875,9.75,9.875,6.172377109527588,162000,790.9500122070312
1997-03-05,9.75,9.875,9.75,9.8125,6.133307933807373,109000,801.989990234375
1997-03-06,9.8125,9.8125,9.75,9.75,6.116064071655273,131400,798.5599975585938
1997-03-07,9.6875,9.75,9.6875,9.75,6.116064071655273,121000,804.969970703125
1997-03-10,9.75,9.8125,9.625,9.75,6.116064071655273,115400,813.6500244140625
1997-03-11,9.75,9.875,9.6875,9.875,6.194471836090088,140400,811.3400268554688
1997-03-12,9.8125,9.8125,9.6875,9.75,6.116064071655273,160400,804.260009765625
1997-03-13,9.6875,10.0,9.6875,10.0,6.272881507873535,256000,789.5599975585938
1997-03-14,9.875,9.875,9.625,9.625,6.037654399871826,194600,793.1699829101562
1997-03-17,9.625,9.6875,9.5,9.5625,5.998444557189941,139800,795.7100219726562
1997-03-18,9.5625,9.625,9.375,9.5625,5.998444557189941,157400,789.6599731445312
1997-03-19,9.625,9.625,9.25,9.4375,5.920032978057861,139800,785.77001953125
1997-03-20,9.375,9.4375,9.25,9.25,5.8024187088012695,92000,782.6500244140625
1997-03-21,9.25,9.5625,9.125,9.5,5.9592390060424805,175600,784.0999755859375
1997-03-24,9.375,9.375,9.25,9.375,5.880830764770508,215000,790.8900146484375
1997-03-25,9.3125,9.5,9.3125,9.375,5.880830764770508,31000,789.0700073242188
1997-03-26,9.375,9.625,9.0625,9.5,5.9592390060424805,129000,790.5
1997-03-27,9.4375,9.5625,9.375,9.375,5.880830764770508,82000,773.8800048828125
1997-03-31,9.3125,9.5,8.9375,8.9375,5.606387615203857,88600,757.1199951171875
1997-04-01,9.0,9.25,9.0,9.1875,5.76321268081665,50600,759.6400146484375
1997-04-02,9.25,9.5,8.9375,8.9375,5.606387615203857,104200,750.1099853515625
1997-04-03,8.9375,9.0625,8.875,9.0,5.645593643188477,40600,750.3200073242188
1997-04-04,9.0,9.0,8.75,9.0,5.645593643188477,85800,757.9000244140625
1997-04-07,9.0,9.125,8.875,9.125,5.724005222320557,73400,762.1300048828125
1997-04-08,8.9375,9.25,8.9375,9.25,5.8024187088012695,86800,766.1199951171875
1997-04-09,9.25,9.3125,9.1875,9.25,5.8024187088012695,92400,760.5999755859375
1997-04-10,9.1875,9.3125,9.0625,9.25,5.8024187088012695,55600,758.3400268554688
1997-04-11,9.3125,9.375,9.1875,9.25,5.8024187088012695,108800,737.6500244140625
1997-04-14,9.25,9.5,9.1875,9.5,5.9592390060424805,201200,743.72998046875
1997-04-15,9.375,9.375,9.1875,9.25,5.8024187088012695,70400,754.719970703125
1997-04-16,9.1875,9.5,9.1875,9.375,5.880830764770508,84800,763.530029296875
1997-04-17,9.375,9.375,9.0,9.0,5.645593643188477,65600,761.77001953125
1997-04-18,9.125,9.125,9.0,9.0,5.645593643188477,79400,766.3400268554688
1997-04-21,9.0,9.0,8.75,8.75,5.488771438598633,172800,760.3699951171875
1997-04-22,8.8125,9.1875,8.75,9.125,5.724005222320557,211600,774.6099853515625
1997-04-23,9.375,9.375,8.875,8.875,5.567183494567871,114400,773.6400146484375
1997-04-24,8.875,9.0625,8.875,9.0,5.645593643188477,101000,771.1799926757812
1997-04-25,8.9375,8.9375,8.75,8.875,5.567183494567871,23200,765.3699951171875
1997-04-28,8.875,9.0,8.875,8.9375,5.606387615203857,93600,772.9600219726562
1997-04-29,8.9375,9.0,8.8125,8.9375,5.606387615203857,48400,794.0499877929688
1997-04-30,8.875,9.0,8.75,8.8125,5.527979850769043,129200,801.3400268554688
1997-05-01,8.875,8.875,8.6875,8.875,5.567183494567871,88800,798.530029296875
1997-05-02,8.9375,9.3125,8.9375,9.3125,5.841622829437256,105000,812.969970703125
1997-05-05,9.25,9.4375,9.1875,9.3125,5.841622829437256,130800,830.2899780273438
1997-05-06,9.3125,9.3125,9.125,9.25,5.8024187088012695,42400,827.760009765625
1997-05-07,9.25,9.25,9.125,9.125,5.724005222320557,56200,815.6199951171875
1997-05-08,9.0625,9.28125,9.0625,9.125,5.724005222320557,57800,820.260009765625
1997-05-09,9.25,9.25,9.125,9.25,5.8024187088012695,53000,824.780029296875
1997-05-12,9.3125,9.3125,9.125,9.3125,5.841622829437256,79800,837.6599731445312
1997-05-13,9.0625,9.3125,9.0625,9.3125,5.841622829437256,167400,833.1300048828125
1997-05-14,9.3125,9.375,9.1875,9.25,5.8024187088012695,98000,836.0399780273438
1997-05-15,9.1875,9.25,9.0625,9.0625,5.6847991943359375,53400,841.8800048828125
1997-05-16,9.0625,9.1875,9.0625,9.1875,5.76321268081665,112200,829.75
1997-05-19,9.1875,9.1875,9.125,9.1875,5.76321268081665,77600,833.27001953125
1997-05-20,9.25,9.375,9.25,9.375,5.880830764770508,108800,841.6599731445312
1997-05-21,9.3125,9.375,9.125,9.375,5.880830764770508,235400,839.3499755859375
1997-05-22,9.375,9.375,9.25,9.3125,5.841622829437256,112000,835.6599731445312
1997-05-23,9.3125,9.3125,9.1875,9.25,5.8024187088012695,40000,847.030029296875
1997-05-27,9.1875,9.3125,9.1875,9.25,5.8024187088012695,45200,849.7100219726562
1997-05-28,9.1875,9.375,9.1875,9.25,5.8024187088012695,143000,847.2100219726562
1997-05-29,9.3125,9.375,9.3125,9.375,5.880830764770508,79200,844.0800170898438
1997-05-30,9.3125,9.375,9.1875,9.375,5.880830764770508,44800,848.280029296875
1997-06-02,9.25,9.3125,9.125,9.125,5.724005222320557,131600,846.3599853515625
1997-06-03,9.125,9.375,9.0625,9.1875,5.76321268081665,121600,845.47998046875
1997-06-04,9.125,9.3125,9.0625,9.125,5.724005222320557,135400,840.1099853515625
1997-06-05,9.125,9.3125,9.125,9.3125,5.841622829437256,261400,843.4299926757812
1997-06-06,9.3125,9.375,9.3125,9.3125,5.841622829437256,105400,858.010009765625
1997-06-09,9.3125,9.4375,9.3125,9.3125,5.841622829437256,179200,862.9099731445312
1997-06-10,9.3125,9.375,9.25,9.3125,5.841622829437256,489400,865.27001953125
1997-06-11,9.375,9.5,9.3125,9.4375,5.920032978057861,81400,869.5700073242188
1997-06-12,9.4375,10.0,9.4375,9.8125,6.178177356719971,588000,883.4600219726562
1997-06-13,9.6875,10.0,9.6875,9.9375,6.2568840980529785,275400,893.27001953125
1997-06-16,9.875,10.0,9.8125,9.9375,6.2568840980529785,126800,893.9000244140625
1997-06-17,9.875,10.1875,9.75,10.1875,6.414284706115723,163600,894.4199829101562
1997-06-18,10.125,10.1875,10.0,10.125,6.374936103820801,126400,889.0599975585938
1997-06-19,10.0625,10.25,9.875,9.875,6.217528343200684,147200,897.989990234375
1997-06-20,9.9375,10.125,9.9375,10.125,6.374936103820801,102800,898.7000122070312
1997-06-23,9.9375,10.1875,9.9375,10.0625,6.335585594177246,230800,878.6199951171875
1997-06-24,10.0,10.21875,10.0,10.125,6.374936103820801,69200,896.3400268554688
1997-06-25,10.15625,10.1875,9.625,9.625,6.060123920440674,173200,888.989990234375
1997-06-26,9.6875,10.34375,9.6875,10.0,6.296233654022217,318600,883.6799926757812
1997-06-27,10.03125,10.3125,10.03125,10.3125,6.492987155914307,229200,887.2999877929688
1997-06-30,10.5,10.75,10.28125,10.53125,6.630719184875488,340600,885.1400146484375
1997-07-01,10.53125,11.1875,10.40625,11.0,6.925854682922363,170600,891.030029296875
1997-07-02,11.0,11.375,11.0,11.375,7.161966323852539,374200,904.030029296875
1997-07-03,11.375,11.5,11.375,11.4375,7.201316833496094,223800,916.9199829101562
1997-07-07,11.5625,11.5625,10.875,10.9375,6.886502742767334,192400,912.2000122070312
1997-07-08,11.0,11.3125,10.9375,11.25,7.083260536193848,132000,918.75
1997-07-09,11.25,11.25,10.78125,10.9375,6.886502742767334,198800,907.5399780273438
1997-07-10,11.0,11.1875,10.96875,11.0625,6.965209007263184,77200,913.780029296875
1997-07-11,10.96875,11.09375,10.90625,11.0625,6.965209007263184,40600,916.6799926757812
1997-07-14,11.0625,11.21875,10.90625,11.03125,6.945533275604248,110600,918.3800048828125
1997-07-15,11.0625,11.15625,11.0,11.0,6.925854682922363,467800,925.760009765625
1997-07-16,11.03125,11.5,11.0,11.46875,7.220993995666504,216800,936.5900268554688
1997-07-17,11.4375,11.4375,11.25,11.28125,7.102935791015625,71200,931.6099853515625
1997-07-18,11.34375,11.46875,10.90625,11.09375,6.9848809242248535,115200,915.2999877929688
1997-07-21,11.09375,11.21875,11.0625,11.21875,7.063590049743652,82800,912.9400024414062
1997-07-22,11.15625,11.1875,11.03125,11.15625,7.024234771728516,64400,933.97998046875
1997-07-23,11.28125,11.375,11.25,11.34375,7.142289638519287,65800,936.5599975585938
1997-07-24,11.625,11.90625,11.15625,11.375,7.161966323852539,232200,940.2999877929688
1997-07-25,11.5,11.5,11.03125,11.125,7.004561901092529,102800,938.7899780273438
1997-07-28,11.0625,11.21875,10.9375,11.21875,7.063590049743652,180400,936.4500122070312
1997-07-29,11.28125,11.5,11.25,11.5,7.240668296813965,79000,942.2899780273438
1997-07-30,11.46875,11.71875,11.375,11.6875,7.358724117279053,157800,952.2899780273438
1997-07-31,11.6875,12.03125,11.6875,12.0,7.555478572845459,136400,954.3099975585938
1997-08-01,11.9375,12.09375,11.90625,12.03125,7.575156211853027,113000,947.1400146484375
1997-08-04,12.09375,12.125,11.96875,12.125,7.63418436050415,155200,950.2999877929688
1997-08-05,12.09375,12.09375,11.875,11.90625,7.496451377868652,66400,952.3699951171875
1997-08-06,11.75,11.96875,11.6875,11.96875,7.535805702209473,277200,960.3200073242188
1997-08-07,11.9375,12.0,11.875,11.9375,7.516133308410644,155400,951.1900024414062
1997-08-08,11.875,11.96875,11.8125,11.875,7.47677755355835,96800,933.5399780273438
1997-08-11,11.875,11.96875,11.875,11.90625,7.496451377868652,118400,937.0
1997-08-12,11.90625,11.96875,11.78125,11.78125,7.417747497558594,89800,926.530029296875
1997-08-13,11.78125,12.0,11.78125,11.90625,7.496451377868652,150000,922.02001953125
1997-08-14,11.9375,11.96875,11.875,11.9375,7.516133308410644,330800,924.77001953125
1997-08-15,11.90625,11.9375,11.65625,11.71875,7.378401279449463,129800,900.8099975585938
1997-08-18,11.78125,11.78125,11.4375,11.53125,7.260342597961426,91800,912.489990234375
1997-08-19,11.46875,11.625,11.40625,11.59375,7.2996954917907715,265600,926.010009765625
1997-08-20,11.625,11.84375,11.59375,11.6875,7.358724117279053,216200,939.3499755859375
1997-08-21,11.625,11.65625,11.5,11.59375,7.2996954917907715,127000,925.0499877929688
1997-08-22,11.46875,11.65625,11.0625,11.65625,7.339044570922852,188600,923.5399780273438
1997-08-25,11.65625,11.78125,11.5625,11.59375,7.2996954917907715,46800,920.1599731445312
1997-08-26,11.5625,11.75,11.53125,11.6875,7.358724117279053,156000,913.02001953125
1997-08-27,11.5625,11.78125,11.5,11.75,7.398074150085449,152400,913.7000122070312
1997-08-28,11.75,11.75,11.46875,11.5625,7.280020713806152,259200,903.6699829101562
1997-08-29,11.59375,12.28125,11.59375,12.28125,7.732562065124512,351200,899.469970703125
1997-09-02,12.6875,13.03125,12.28125,12.3125,7.752236366271973,400000,927.5800170898438
1997-09-03,12.3125,13.03125,12.3125,13.0,8.185100555419922,301200,927.8599853515625
1997-09-04,13.0,13.1875,12.6875,12.71875,8.008025169372559,140400,930.8699951171875
1997-09-05,12.71875,12.75,12.59375,12.71875,8.008025169372559,230400,929.0499877929688
1997-09-08,12.84375,13.1875,12.84375,12.90625,8.126077651977539,403000,931.2000122070312
1997-09-09,12.9375,13.0625,12.84375,13.0625,8.224454879760742,159200,933.6199951171875
1997-09-10,13.0625,13.34375,13.0625,13.28125,8.362187385559082,105000,919.030029296875
1997-09-11,13.15625,13.1875,13.125,13.15625,8.311640739440918,277000,912.5900268554688
1997-09-12,13.1875,13.5,13.15625,13.5,8.528812408447266,137200,923.9099731445312
1997-09-15,13.5,13.59375,13.40625,13.40625,8.469584465026855,341400,919.77001953125
1997-09-16,13.5,13.59375,13.5,13.53125,8.548556327819824,227000,945.6400146484375
1997-09-17,13.59375,13.625,13.46875,13.53125,8.548556327819824,290600,943.0
1997-09-18,13.53125,13.625,13.46875,13.5,8.528812408447266,242000,947.2899780273438
1997-09-19,13.59375,13.59375,13.375,13.4375,8.489320755004883,289800,950.510009765625
1997-09-22,13.40625,13.5,13.40625,13.46875,8.50907039642334,340400,955.4299926757812
1997-09-23,13.4375,13.46875,13.3125,13.34375,8.430096626281738,198400,951.9299926757812
1997-09-24,13.34375,13.34375,13.09375,13.1875,8.331390380859375,311600,944.47998046875
1997-09-25,13.25,13.34375,13.125,13.3125,8.410353660583496,260200,937.9099731445312
1997-09-26,13.34375,13.40625,13.125,13.15625,8.311640739440918,136000,945.219970703125
1997-09-29,13.125,13.28125,13.0625,13.21875,8.351130485534668,320000,953.3400268554688
1997-09-30,13.15625,13.28125,12.5,12.59375,7.956274032592773,565000,947.280029296875
1997-10-01,12.625,12.96875,12.625,12.9375,8.17344856262207,209800,955.4099731445312
1997-10-02,13.03125,13.375,12.96875,13.15625,8.311640739440918,135400,960.4600219726562
1997-10-03,13.1875,13.25,13.0,13.0,8.212928771972656,104600,965.030029296875
1997-10-06,13.0,13.1875,13.0,13.0625,8.252416610717773,124200,972.6900024414062
1997-10-07,13.0,13.0,12.9375,13.0,8.212928771972656,130200,983.1199951171875
1997-10-08,12.90625,13.0,12.75,12.90625,8.153704643249512,84000,973.8400268554688
1997-10-09,12.84375,12.9375,12.734375,12.84375,8.114219665527344,51200,970.6199951171875
1997-10-10,12.78125,12.9375,12.53125,12.75,8.0549898147583,76600,966.97998046875
1997-10-13,12.75,13.03125,12.75,13.03125,8.232674598693848,104000,968.0999755859375
1997-10-14,12.84375,12.96875,12.84375,12.96875,8.193187713623047,67000,970.280029296875
1997-10-15,12.84375,13.15625,12.78125,13.09375,8.272161483764648,33400,965.719970703125
1997-10-16,13.03125,13.1875,12.8125,12.8125,8.094470977783203,69800,955.25
1997-10-17,12.71875,12.75,12.15625,12.53125,7.916790008544922,92400,944.1599731445312
1997-10-20,12.40625,12.625,12.28125,12.625,7.976016998291016,145200,955.6099853515625
1997-10-21,12.5,12.5,12.34375,12.375,7.818078994750977,151400,972.280029296875
1997-10-22,12.28125,12.625,12.1875,12.625,7.976016998291016,50400,968.489990234375
1997-10-23,12.5,12.625,12.34375,12.625,7.976016998291016,62200,950.6900024414062
1997-10-24,12.5,12.71875,12.3125,12.71875,8.035250663757324,63800,941.6400146484375
1997-10-27,12.65625,12.65625,11.625,11.65625,7.363996028900146,66200,876.989990234375
1997-10-28,11.09375,11.875,10.9375,11.875,7.502196311950684,186400,921.8499755859375
1997-10-29,11.9375,12.28125,11.78125,12.28125,7.758850574493408,89400,919.1599731445312
1997-10-30,12.15625,12.15625,11.71875,11.75,7.423224449157715,78200,903.6799926757812
1997-10-31,11.75,12.125,11.6875,12.125,7.660139083862305,82600,914.6199951171875
1997-11-03,12.1875,12.75,12.0,12.75,8.0549898147583,88600,938.989990234375
1997-11-04,12.625,12.625,12.21875,12.3125,7.778592109680176,98200,940.760009765625
1997-11-05,12.21875,12.375,12.0625,12.375,7.818078994750977,82400,942.760009765625
1997-11-06,12.3125,12.3125,12.0,12.15625,7.679878234863281,186200,938.030029296875
1997-11-07,12.0625,12.09375,11.875,12.03125,7.6009111404418945,65600,927.510009765625
1997-11-10,12.0625,12.1875,12.03125,12.09375,7.640390872955322,118000,921.1300048828125
1997-11-11,12.03125,12.1875,12.03125,12.125,7.660139083862305,17800,923.780029296875
1997-11-12,12.125,12.125,11.78125,11.78125,7.442965507507324,79400,905.9600219726562
1997-11-13,11.90625,11.96875,11.6875,11.6875,7.383742809295654,47800,916.6599731445312
1997-11-14,11.6875,12.125,11.6875,11.9375,7.541686534881592,77800,928.3499755859375
1997-11-17,11.84375,12.25,11.84375,12.21875,7.719367980957031,80400,946.2000122070312
1997-11-18,12.21875,12.25,12.0625,12.09375,7.640390872955322,58000,938.22998046875
1997-11-19,12.09375,12.21875,12.0,12.03125,7.6009111404418945,49200,944.5900268554688
1997-11-20,11.96875,12.53125,11.96875,12.53125,7.916790008544922,84600,958.97998046875
1997-11-21,12.65625,12.71875,12.46875,12.53125,7.916790008544922,40800,963.0900268554688
1997-11-24,12.4375,12.4375,12.125,12.125,7.660139083862305,64400,946.6699829101562
1997-11-25,12.25,12.28125,11.96875,12.09375,7.640390872955322,264200,950.8200073242188
1997-11-26,12.0625,12.28125,12.0,12.0625,7.620648860931396,63800,951.6400146484375
1997-11-28,12.0625,12.625,12.0625,12.5,7.897045135498047,20400,955.4000244140625
1997-12-01,12.375,12.4375,12.1875,12.1875,7.699625015258789,432400,974.77001953125
1997-12-02,12.0625,12.4375,11.9375,12.375,7.818078994750977,102400,971.6799926757812
1997-12-03,12.4375,12.9375,12.40625,12.90625,8.153704643249512,169800,976.77001953125
1997-12-04,12.84375,12.90625,12.65625,12.65625,7.9957594871521,205600,973.0999755859375
1997-12-05,12.65625,12.75,12.625,12.65625,7.9957594871521,143600,983.7899780273438
1997-12-08,12.65625,12.65625,12.59375,12.625,7.976016998291016,46400,982.3699951171875
1997-12-09,12.625,12.625,12.53125,12.53125,7.916790008544922,67000,975.780029296875
1997-12-10,12.5,12.59375,12.25,12.46875,7.877304553985596,183400,969.7899780273438
1997-12-11,12.28125,12.59375,12.25,12.25,7.767138957977295,137600,954.9400024414062
1997-12-12,12.25,12.5625,12.21875,12.21875,7.747325897216797,153800,953.3900146484375
1997-12-15,12.15625,12.25,11.9375,12.0,7.608628273010254,512600,963.3900146484375
1997-12-16,11.9375,12.3125,11.75,12.0,7.608628273010254,2432600,968.0399780273438
1997-12-17,12.0,12.21875,12.0,12.125,7.68788480758667,43800,965.5399780273438
1997-12-18,12.15625,12.25,11.875,11.875,7.529369831085205,133000,955.2999877929688
1997-12-19,11.75,11.84375,11.65625,11.65625,7.390667915344238,365800,946.780029296875
1997-12-22,11.75,12.125,11.75,12.125,7.68788480758667,73600,953.7000122070312
1997-12-23,11.9375,12.09375,11.875,11.875,7.529369831085205,79200,939.1300048828125
1997-12-24,11.9375,12.0625,11.625,11.625,7.370853424072266,160600,932.7000122070312
1997-12-26,11.6875,11.96875,11.6875,11.90625,7.549184322357178,20600,936.4600219726562
1997-12-29,12.0,12.3125,12.0,12.15625,7.707695960998535,66600,953.3499755859375
1997-12-30,12.15625,12.625,12.15625,12.59375,7.985095024108887,92200,970.8400268554688
1997-12-31,12.65625,12.75,11.9375,11.9375,7.569002628326416,177800,970.4299926757812
1998-01-02,11.9375,12.03125,11.6875,12.03125,7.62844181060791,119800,975.0399780273438
1998-01-05,11.96875,12.09375,11.84375,12.03125,7.62844181060791,180800,977.0700073242188
1998-01-06,12.03125,12.0625,11.625,11.875,7.529369831085205,675200,966.5800170898438
1998-01-07,11.8125,11.84375,11.65625,11.65625,7.390667915344238,114600,964.0
1998-01-08,11.59375,11.8125,11.53125,11.53125,7.311413764953613,68600,956.0499877929688
1998-01-09,11.625,11.625,11.15625,11.1875,7.093456268310547,67800,927.6900024414062
1998-01-12,11.0625,11.46875,10.8125,11.34375,7.192528247833252,127600,939.2100219726562
1998-01-13,11.3125,11.40625,11.25,11.375,7.212344169616699,138200,952.1199951171875
1998-01-14,11.34375,11.46875,10.90625,11.0625,7.01420259475708,479800,957.9400024414062
1998-01-15,11.1875,11.25,10.90625,10.9375,6.934942245483398,263400,950.72998046875
1998-01-16,10.96875,11.03125,10.9375,10.96875,6.954757213592529,132000,961.510009765625
1998-01-20,11.0,11.125,10.875,11.0625,7.01420259475708,158400,978.5999755859375
1998-01-21,11.0625,11.0625,10.78125,10.9375,6.934942245483398,109200,970.8099975585938
1998-01-22,10.9375,10.9375,10.78125,10.875,6.895318984985352,67800,963.0399780273438
1998-01-23,10.875,10.875,10.65625,10.75,6.8160600662231445,145800,957.5900268554688
1998-01-26,10.5625,10.6875,10.5,10.65625,6.756619453430176,147200,956.9500122070312
1998-01-27,10.59375,10.84375,10.59375,10.84375,6.87550163269043,207000,969.02001953125
1998-01-28,10.96875,11.28125,10.96875,11.21875,7.113276481628418,253800,977.4600219726562
1998-01-29,11.21875,11.4375,10.8125,10.9375,6.934942245483398,179200,985.489990234375
1998-01-30,10.90625,11.28125,10.71875,11.0625,7.01420259475708,243400,980.280029296875
1998-02-02,11.125,11.46875,11.0625,11.34375,7.192528247833252,174800,1001.27001953125
1998-02-03,11.40625,11.40625,11.3125,11.375,7.212344169616699,176400,1006.0
1998-02-04,11.375,11.40625,11.21875,11.375,7.212344169616699,249000,1006.9000244140625
1998-02-05,11.3125,11.5625,11.28125,11.5625,7.331228256225586,79600,1003.5399780273438
1998-02-06,11.59375,11.75,11.4375,11.46875,7.271783828735352,118400,1012.4600219726562
1998-02-09,11.46875,11.6875,11.3125,11.625,7.370853424072266,79600,1010.739990234375
1998-02-10,11.65625,11.75,11.5625,11.5625,7.331228256225586,76400,1019.010009765625
1998-02-11,11.53125,12.0,11.53125,11.875,7.529369831085205,166600,1020.010009765625
1998-02-12,11.84375,11.96875,11.78125,11.9375,7.569002628326416,195400,1024.1400146484375
1998-02-13,11.84375,11.96875,11.78125,11.84375,7.509555816650391,50400,1020.0900268554688
1998-02-17,11.78125,11.9375,11.78125,11.84375,7.509555816650391,59200,1022.760009765625
1998-02-18,11.78125,11.90625,11.75,11.78125,7.469924926757812,71000,1032.0799560546875
1998-02-19,11.75,12.0,11.75,11.9375,7.569002628326416,113000,1028.280029296875
1998-02-20,11.90625,12.0625,11.84375,12.0,7.608628273010254,134000,1034.2099609375
1998-02-23,12.0,12.1875,11.9375,12.15625,7.707695960998535,83600,1038.1400146484375
1998-02-24,12.0625,12.0625,11.84375,11.9375,7.569002628326416,122600,1030.56005859375
1998-02-25,11.84375,12.0,11.6875,11.6875,7.410483837127685,206800,1042.9000244140625
1998-02-26,11.625,12.25,11.625,12.15625,7.707695960998535,142400,1048.6700439453125
1998-02-27,12.09375,12.21875,12.03125,12.1875,7.72750997543335,73200,1049.3399658203125
1998-03-02,12.15625,12.5,12.09375,12.21875,7.747325897216797,150400,1047.699951171875
1998-03-03,12.15625,12.75,12.125,12.5,7.925652503967285,1159800,1052.02001953125
1998-03-04,12.4375,12.4375,12.0,12.21875,7.747325897216797,152600,1047.3299560546875
1998-03-05,12.1875,12.5,12.03125,12.46875,7.905836582183838,289600,1035.050048828125
1998-03-06,12.375,12.59375,12.28125,12.34375,7.826582431793213,141200,1055.68994140625
1998-03-09,12.4375,12.6875,12.21875,12.28125,7.786954879760742,92400,1052.31005859375
1998-03-10,12.21875,12.59375,12.15625,12.5,7.925652503967285,92200,1064.25
1998-03-11,12.4375,12.46875,12.09375,12.4375,7.886023998260498,362200,1068.469970703125
1998-03-12,12.4375,12.46875,12.34375,12.34375,7.855003356933594,50600,1069.9200439453125
1998-03-13,12.3125,12.375,12.21875,12.3125,7.835117340087891,37000,1068.6099853515625
1998-03-16,12.4375,12.65625,12.375,12.59375,8.014083862304688,80800,1079.27001953125
1998-03-17,12.625,12.625,12.3125,12.5,7.954425811767578,52600,1080.449951171875
1998-03-18,12.4375,12.5625,12.40625,12.4375,7.914656639099121,60600,1085.52001953125
1998-03-19,12.40625,12.59375,12.34375,12.5,7.954425811767578,129200,1089.739990234375
1998-03-20,12.4375,12.625,12.375,12.59375,8.014083862304688,143000,1099.1600341796875
1998-03-23,12.5,12.78125,12.4375,12.625,8.033971786499023,131800,1095.550048828125
1998-03-24,12.78125,12.84375,12.5,12.8125,8.153292655944824,161600,1105.6500244140625
1998-03-25,12.75,12.96875,12.34375,12.59375,8.014083862304688,1958800,1101.9300537109375
1998-03-26,12.65625,12.8125,12.375,12.40625,7.894774436950684,92600,1100.800048828125
1998-03-27,12.3125,12.40625,12.0625,12.375,7.874892234802246,150400,1095.43994140625
1998-03-30,12.46875,12.71875,12.375,12.5,7.954425811767578,102800,1093.5999755859375
1998-03-31,12.59375,12.8125,12.46875,12.625,8.033971786499023,91400,1101.75
1998-04-01,12.375,12.8125,12.375,12.78125,8.13340950012207,236400,1108.1500244140625
1998-04-02,12.875,13.09375,12.75,13.0,8.272607803344727,134000,1120.010009765625
1998-04-03,12.9375,13.0625,12.71875,12.75,8.113518714904785,117200,1122.699951171875
1998-04-06,12.71875,12.75,12.46875,12.5,7.954425811767578,82000,1121.3800048828125
1998-04-07,12.46875,12.5,12.0625,12.40625,7.894774436950684,143400,1109.550048828125
1998-04-08,12.4375,12.53125,12.21875,12.53125,7.974318027496338,91200,1101.6500244140625
1998-04-09,12.5,12.78125,12.375,12.40625,7.894774436950684,245600,1110.6700439453125
1998-04-13,12.375,12.5625,12.34375,12.46875,7.934545993804932,21800,1109.68994140625
1998-04-14,12.4375,12.90625,12.4375,12.875,8.193062782287598,84000,1115.75
1998-04-15,12.78125,12.875,12.65625,12.65625,8.053864479064941,78600,1119.3199462890625
1998-04-16,12.625,12.6875,12.5625,12.65625,8.053864479064941,80400,1108.1700439453125
1998-04-17,12.65625,12.8125,12.65625,12.8125,8.153292655944824,45000,1122.719970703125
1998-04-20,12.84375,12.90625,12.65625,12.90625,8.2129487991333,132800,1123.6500244140625
1998-04-21,12.875,12.875,12.59375,12.6875,8.073750495910645,179600,1126.6700439453125
1998-04-22,12.65625,12.90625,12.65625,12.875,8.193062782287598,49800,1130.5400390625
1998-04-23,12.8125,12.8125,12.5,12.59375,8.014083862304688,139200,1119.5799560546875
1998-04-24,12.40625,12.65625,12.375,12.4375,7.914656639099121,141600,1107.9000244140625
1998-04-27,12.4375,12.4375,12.3125,12.3125,7.835117340087891,144400,1086.5400390625
1998-04-28,12.34375,12.53125,12.1875,12.375,7.874892234802246,64000,1085.1099853515625
1998-04-29,12.375,12.625,12.3125,12.4375,7.914656639099121,106800,1094.6199951171875
1998-04-30,12.46875,12.75,12.375,12.4375,7.914656639099121,150800,1111.75
1998-05-01,12.4375,12.53125,12.4375,12.53125,7.974318027496338,72000,1121.0
1998-05-04,12.5,12.75,12.375,12.71875,8.093636512756348,92000,1122.0699462890625
1998-05-05,12.5625,12.5625,12.1875,12.28125,7.815229415893555,230400,1115.5
1998-05-06,12.25,12.53125,12.21875,12.25,7.795344352722168,103400,1104.9200439453125
1998-05-07,12.21875,12.40625,12.15625,12.25,7.795344352722168,35000,1095.1400146484375
1998-05-08,12.25,12.5625,12.25,12.4375,7.914656639099121,91200,1108.1400146484375
1998-05-11,12.40625,12.46875,12.1875,12.46875,7.934545993804932,72000,1106.6400146484375
1998-05-12,12.4375,12.5,12.21875,12.5,7.954425811767578,57400,1115.7900390625
1998-05-13,12.5,12.8125,12.5,12.75,8.113518714904785,70200,1118.8599853515625
1998-05-14,12.71875,12.71875,12.5,12.625,8.033971786499023,44600,1117.3699951171875
1998-05-15,12.625,12.71875,12.5,12.53125,7.974318027496338,38600,1108.72998046875
1998-05-18,12.5625,12.625,12.4375,12.53125,7.974318027496338,89800,1105.8199462890625
1998-05-19,12.59375,12.78125,12.5,12.78125,8.13340950012207,136800,1109.52001953125
1998-05-20,12.875,12.9375,12.78125,12.90625,8.2129487991333,253400,1119.06005859375
1998-05-21,12.90625,13.0625,12.65625,12.6875,8.073750495910645,156800,1114.6400146484375
1998-05-22,12.6875,12.75,12.625,12.6875,8.073750495910645,51000,1110.469970703125
1998-05-26,12.6875,12.6875,12.34375,12.375,7.874892234802246,69000,1094.02001953125
1998-05-27,12.4375,12.4375,11.9375,12.0,7.636255264282227,86800,1092.22998046875
1998-05-28,12.0,12.21875,11.9375,12.0,7.636255264282227,82600,1097.5999755859375
1998-05-29,12.0625,12.21875,12.03125,12.15625,7.735684871673584,95000,1090.8199462890625
1998-06-01,12.15625,12.5,12.03125,12.03125,7.65613842010498,124800,1090.97998046875
1998-06-02,12.09375,12.3125,11.9375,12.125,7.7158002853393555,99600,1093.219970703125
1998-06-03,12.0625,12.0625,11.875,11.96875,7.616369247436523,90600,1082.72998046875
1998-06-04,11.90625,12.125,11.75,12.125,7.7158002853393555,64000,1094.8299560546875
1998-06-05,12.125,12.34375,11.9375,12.34375,7.855003356933594,32600,1113.8599853515625
1998-06-08,12.34375,12.34375,11.84375,12.21875,7.775459289550781,70400,1115.719970703125
1998-06-09,12.21875,12.21875,11.8125,12.09375,7.695914268493652,138600,1118.4100341796875
1998-06-10,12.0,12.09375,11.875,11.875,7.556710243225098,25800,1112.280029296875
1998-06-11,11.71875,11.78125,11.375,11.625,7.4257588386535645,105400,1094.5799560546875
1998-06-12,11.75,11.75,11.0625,11.40625,7.286031723022461,153600,1098.8399658203125
1998-06-15,11.46875,11.46875,11.3125,11.34375,7.246105194091797,100600,1077.010009765625
1998-06-16,11.3125,11.53125,11.28125,11.46875,7.325956344604492,105800,1087.5899658203125
1998-06-17,11.4375,11.5,11.09375,11.25,7.186220169067383,812400,1107.1099853515625
1998-06-18,11.0625,11.0625,10.75,10.90625,6.966642379760742,148400,1106.3699951171875
1998-06-19,10.65625,11.1875,10.65625,11.0,7.026525497436523,245400,1100.6500244140625
1998-06-22,10.90625,11.125,10.75,10.96875,7.006564140319824,79400,1103.2099609375
1998-06-23,11.0625,11.21875,10.875,10.90625,6.966642379760742,178800,1119.489990234375
1998-06-24,10.8125,11.0,10.8125,10.9375,6.986603736877441,118600,1132.8800048828125
1998-06-25,10.8125,11.375,10.8125,11.0,7.026525497436523,157000,1129.280029296875
1998-06-26,11.09375,11.125,10.8125,11.125,7.106378078460693,123600,1133.199951171875
1998-06-29,11.125,11.21875,10.8125,10.96875,7.006564140319824,88400,1138.489990234375
1998-06-30,11.0,11.25,10.78125,11.03125,7.046488761901856,156400,1133.8399658203125
1998-07-01,11.15625,11.59375,11.15625,11.53125,7.365879058837891,197600,1148.56005859375
1998-07-02,11.375,11.65625,11.25,11.65625,7.445727348327637,192400,1146.4200439453125
1998-07-06,11.5625,11.9375,11.53125,11.9375,7.6253790855407715,181400,1157.3299560546875
1998-07-07,11.875,11.96875,11.84375,11.9375,7.6253790855407715,60600,1154.6600341796875
1998-07-08,11.96875,12.5,11.90625,12.5,7.984684944152832,229000,1166.3800048828125
1998-07-09,12.46875,12.53125,12.125,12.21875,7.805037021636963,335200,1158.56005859375
1998-07-10,12.375,12.375,11.875,12.09375,7.725186347961426,120600,1164.3299560546875
1998-07-13,12.0,12.0625,11.6875,11.6875,7.465682983398437,75400,1165.18994140625
1998-07-14,11.625,11.78125,11.5,11.5625,7.385838031768799,39800,1177.5799560546875
1998-07-15,11.59375,11.625,11.5,11.5625,7.385838031768799,38400,1174.81005859375
1998-07-16,11.53125,11.65625,11.375,11.46875,7.325956344604492,147200,1183.989990234375
1998-07-17,11.53125,11.625,11.5,11.5625,7.385838031768799,61000,1186.75
1998-07-20,11.59375,11.6875,11.40625,11.5625,7.385838031768799,167200,1184.0999755859375
1998-07-21,11.40625,11.4375,11.0,11.25,7.186220169067383,144400,1165.0699462890625
1998-07-22,11.1875,11.1875,10.75,10.75,6.866831302642822,179200,1164.0799560546875
1998-07-23,10.75,10.875,10.5625,10.875,6.946677207946777,172000,1139.75
1998-07-24,10.8125,10.875,10.34375,10.46875,6.687175273895264,220600,1140.800048828125
1998-07-27,10.4375,10.5,10.0625,10.4375,6.667212963104248,75800,1147.27001953125
1998-07-28,10.40625,10.46875,10.0625,10.09375,6.447636604309082,326000,1130.239990234375
1998-07-29,10.1875,10.21875,10.125,10.125,6.467597007751465,88200,1125.2099609375
1998-07-30,10.15625,10.25,10.03125,10.125,6.467597007751465,168800,1142.949951171875
1998-07-31,10.09375,10.125,9.625,9.65625,6.168173789978027,257600,1120.6700439453125
1998-08-03,9.6875,10.09375,9.625,9.875,6.307904243469238,151800,1112.43994140625
1998-08-04,9.8125,10.0625,9.625,9.90625,6.327863693237305,305800,1072.1199951171875
1998-08-05,9.78125,9.8125,9.53125,9.71875,6.208097457885742,164400,1081.4300537109375
1998-08-06,9.6875,9.75,9.53125,9.75,6.228057861328125,90400,1089.6300048828125
1998-08-07,9.75,10.40625,9.75,10.0625,6.427676200866699,169400,1089.449951171875
1998-08-10,10.15625,10.15625,9.90625,9.96875,6.3677897453308105,172600,1083.1400146484375
1998-08-11,9.84375,9.84375,9.375,9.75,6.228057861328125,110400,1068.97998046875
1998-08-12,9.8125,9.96875,9.53125,9.53125,6.088321685791016,70200,1084.219970703125
1998-08-13,9.5625,9.625,9.125,9.21875,5.88870906829834,343400,1074.9100341796875
1998-08-14,9.1875,9.375,8.9375,9.21875,5.88870906829834,179600,1062.75
1998-08-17,9.25,9.3125,9.09375,9.09375,5.808862686157227,157800,1083.6700439453125
1998-08-18,9.09375,9.25,9.03125,9.25,5.908671855926514,116400,1101.199951171875
1998-08-19,9.21875,9.40625,9.0625,9.125,5.828823089599609,121000,1098.06005859375
1998-08-20,9.0625,9.125,9.0,9.125,5.828823089599609,95800,1091.5999755859375
1998-08-21,9.09375,9.09375,8.40625,8.71875,5.569318771362305,132600,1081.239990234375
1998-08-24,9.125,9.5,9.125,9.4375,6.028439521789551,367200,1088.1400146484375
1998-08-25,9.5,9.625,9.40625,9.40625,6.008478164672852,256000,1092.8499755859375
1998-08-26,9.375,9.40625,9.3125,9.3125,5.94859504699707,323800,1084.18994140625
1998-08-27,9.3125,9.3125,8.75,8.75,5.589282035827637,208000,1042.5899658203125
1998-08-28,8.75,8.96875,8.75,8.8125,5.629207134246826,163400,1027.1400146484375
1998-08-31,8.75,8.78125,8.375,8.40625,5.369703769683838,228200,957.280029296875
1998-09-01,8.40625,8.6875,8.40625,8.625,5.50943660736084,169800,994.260009765625
1998-09-02,8.625,8.875,8.625,8.78125,5.609241962432861,214800,990.47998046875
1998-09-03,8.78125,8.84375,8.6875,8.78125,5.609241962432861,187000,982.260009765625
1998-09-04,8.78125,8.84375,8.71875,8.75,5.589282035827637,55400,973.8900146484375
1998-09-08,8.75,9.09375,8.75,9.0,5.748979568481445,157800,1023.4600219726562
1998-09-09,8.96875,9.0,8.78125,8.78125,5.609241962432861,219400,1006.2000122070312
1998-09-10,8.8125,8.96875,8.75,8.75,5.589282035827637,123400,980.1900024414062
1998-09-11,8.75,8.8125,8.6875,8.8125,5.658307075500488,87400,1009.0599975585938
1998-09-14,8.875,9.0,8.875,9.0,5.778698444366455,118800,1029.719970703125
1998-09-15,9.0625,9.3125,9.0,9.3125,5.979345321655273,221000,1037.6800537109375
1998-09-16,9.3125,9.4375,9.3125,9.34375,5.999410152435303,289600,1045.47998046875
1998-09-17,9.28125,9.3125,9.15625,9.21875,5.919151306152344,125000,1018.8699951171875
1998-09-18,9.3125,9.3125,9.03125,9.25,5.939215183258057,223200,1020.0900268554688
1998-09-21,9.1875,9.25,9.125,9.25,5.939215183258057,151800,1023.8900146484375
1998-09-22,9.21875,9.34375,9.21875,9.34375,5.999410152435303,244200,1029.6300048828125
1998-09-23,9.375,9.6875,9.375,9.5,6.09973669052124,306400,1066.0899658203125
1998-09-24,9.5,9.5625,9.28125,9.34375,5.999410152435303,225400,1042.719970703125
1998-09-25,9.3125,9.40625,9.28125,9.3125,5.979345321655273,166600,1044.75
1998-09-28,9.3125,9.46875,9.15625,9.15625,5.879021167755127,120000,1048.68994140625
1998-09-29,9.15625,9.21875,9.125,9.15625,5.879021167755127,103400,1049.02001953125
1998-09-30,9.1875,9.4375,9.125,9.40625,6.039538860321045,88800,1017.010009765625
1998-10-01,9.3125,10.3125,9.3125,10.0625,6.460903167724609,274200,986.3900146484375
1998-10-02,10.0625,10.0625,9.8125,9.90625,6.360576152801514,73000,1002.5999755859375
1998-10-05,9.78125,9.78125,9.375,9.5,6.09973669052124,133600,988.5599975585938
1998-10-06,9.5625,9.78125,9.5,9.53125,6.119795322418213,46000,984.5900268554688
1998-10-07,9.3125,9.6875,9.0625,9.6875,6.220120906829834,125600,970.6799926757812
1998-10-08,9.5625,9.75,9.3125,9.75,6.260252475738525,93400,959.4400024414062
1998-10-09,9.75,10.0625,9.6875,10.0625,6.460903167724609,71800,984.3900146484375
1998-10-12,10.0625,10.0625,9.625,9.8125,6.300381183624268,84200,997.7100219726562
1998-10-13,9.875,9.90625,9.3125,9.46875,6.07966947555542,149600,994.7999877929688
1998-10-14,9.5,10.0,9.5,9.96875,6.400708198547363,92000,1005.530029296875
1998-10-15,10.0,10.125,9.84375,10.0625,6.460903167724609,192200,1047.489990234375
1998-10-16,10.125,10.5625,10.125,10.4375,6.701679229736328,95000,1056.4200439453125
1998-10-19,10.40625,10.5,10.375,10.375,6.661552906036377,103200,1062.3900146484375
1998-10-20,10.40625,10.5,10.28125,10.4375,6.701679229736328,116000,1063.9300537109375
1998-10-21,10.1875,10.375,10.03125,10.15625,6.5210957527160645,215200,1069.9200439453125
1998-10-22,10.09375,10.25,10.03125,10.09375,6.480967998504639,179400,1078.47998046875
1998-10-23,10.0625,10.109375,9.96875,10.0,6.42077112197876,76200,1070.6700439453125
1998-10-26,9.9375,10.0625,9.875,10.0625,6.460903167724609,58400,1072.3199462890625
1998-10-27,10.0625,10.15625,9.46875,10.125,6.501031398773193,162200,1065.3399658203125
1998-10-28,10.1875,10.1875,9.9375,10.0,6.42077112197876,70600,1068.0899658203125
1998-10-29,10.0,10.0,9.875,9.96875,6.400708198547363,59400,1085.9300537109375
1998-10-30,9.9375,10.0,9.4375,9.53125,6.119795322418213,174200,1098.6700439453125
1998-11-02,9.59375,9.8125,9.59375,9.625,6.179994583129883,141000,1111.5999755859375
1998-11-03,9.6875,9.75,9.53125,9.71875,6.240189075469971,136200,1110.8399658203125
1998-11-04,9.75,9.90625,9.625,9.71875,6.240189075469971,208600,1118.6700439453125
1998-11-05,9.71875,9.84375,9.65625,9.78125,6.280319690704346,78400,1133.8499755859375
1998-11-06,9.75,10.0,9.625,9.75,6.260252475738525,87800,1141.010009765625
1998-11-09,9.8125,9.84375,9.65625,9.65625,6.200059413909912,94800,1130.199951171875
1998-11-10,9.625,9.625,9.5625,9.5625,6.139865398406982,108600,1128.260009765625
1998-11-11,9.625,9.96875,9.5,9.9375,6.380645275115967,106000,1120.969970703125
1998-11-12,10.0,10.34375,9.625,9.625,6.179994583129883,153400,1117.68994140625
1998-11-13,9.6875,9.78125,9.59375,9.6875,6.220120906829834,109000,1125.719970703125
1998-11-16,9.625,9.8125,9.5,9.5625,6.139865398406982,294400,1135.8699951171875
1998-11-17,9.59375,9.6875,9.5,9.65625,6.200059413909912,45600,1139.3199462890625
1998-11-18,9.625,9.65625,9.4375,9.65625,6.200059413909912,47800,1144.47998046875
1998-11-19,9.625,9.84375,9.59375,9.71875,6.240189075469971,134800,1152.6099853515625
1998-11-20,9.75,9.75,9.375,9.4375,6.059603214263916,53400,1163.550048828125
1998-11-23,9.53125,9.8125,9.5,9.8125,6.300381183624268,117400,1188.2099609375
1998-11-24,9.8125,9.90625,9.5625,9.59375,6.159924507141113,86600,1182.989990234375
1998-11-25,9.53125,9.6875,9.4375,9.6875,6.220120906829834,55400,1186.8699951171875
1998-11-27,9.65625,9.75,9.65625,9.6875,6.220120906829834,9800,1192.3299560546875
1998-11-30,9.6875,9.75,9.125,9.3125,5.979345321655273,157000,1163.6300048828125
1998-12-01,9.25,9.59375,9.25,9.40625,6.039538860321045,97400,1175.280029296875
1998-12-02,9.46875,9.46875,9.125,9.15625,5.879021167755127,87400,1171.25
1998-12-03,9.125,9.21875,9.0,9.0,5.778698444366455,74000,1150.1400146484375
1998-12-04,8.875,9.125,8.875,9.03125,5.798760414123535,142000,1176.739990234375
1998-12-07,9.03125,9.25,8.875,9.21875,5.919151306152344,51800,1187.699951171875
1998-12-08,9.15625,9.375,9.15625,9.25,5.939215183258057,213600,1181.3800048828125
1998-12-09,9.28125,9.375,8.8125,8.9375,5.7385663986206055,623200,1183.489990234375
1998-12-10,8.9375,9.0625,8.78125,8.8125,5.658307075500488,99200,1165.02001953125
1998-12-11,8.75,8.75,8.5625,8.6875,5.609875202178955,74200,1166.4599609375
1998-12-14,8.6875,8.6875,8.25,8.3125,5.367722511291504,118200,1141.199951171875
1998-12-15,8.375,8.625,8.0,8.53125,5.508978843688965,203600,1162.8299560546875
1998-12-16,8.53125,8.65625,8.296875,8.59375,5.549336910247803,286800,1161.93994140625
1998-12-17,8.5625,9.15625,8.5,9.15625,5.912567615509033,320400,1179.97998046875
1998-12-18,9.21875,10.0,9.1875,9.9375,6.417054176330566,395800,1188.030029296875
1998-12-21,9.90625,10.625,9.75,10.625,6.86099910736084,178600,1202.8399658203125
1998-12-22,10.65625,10.6875,10.25,10.34375,6.679381370544434,220000,1203.5699462890625
1998-12-23,10.34375,10.59375,9.75,9.75,6.2959747314453125,112800,1228.5400390625
1998-12-24,9.8125,10.3125,9.8125,10.1875,6.578488826751709,98200,1226.27001953125
1998-12-28,10.1875,10.625,10.15625,10.40625,6.719743728637695,63400,1225.489990234375
1998-12-29,10.4375,11.09375,10.40625,10.9375,7.197668075561523,86200,1241.81005859375
1998-12-30,10.9375,11.25,10.90625,11.15625,7.341619491577148,132000,1231.9300537109375
1998-12-31,11.15625,11.875,11.15625,11.875,7.814611911773682,146400,1229.22998046875
1999-01-04,11.8125,12.09375,11.40625,12.03125,7.917436599731445,226800,1228.0999755859375
1999-01-05,12.0,12.09375,11.875,11.90625,7.835180282592773,151000,1244.780029296875
1999-01-06,11.8125,11.96875,11.5,11.84375,7.794047355651855,137000,1272.3399658203125
1999-01-07,11.78125,11.90625,11.0,11.34375,7.465011596679687,114000,1269.72998046875
1999-01-08,11.40625,11.5625,11.25,11.375,7.485577583312988,137800,1275.0899658203125
1999-01-11,11.40625,11.75,11.40625,11.5,7.567836284637451,74600,1263.8800048828125
1999-01-12,11.25,11.59375,11.21875,11.34375,7.465011596679687,177400,1239.510009765625
1999-01-13,11.25,11.5,11.15625,11.40625,7.506143093109131,53600,1234.4000244140625
1999-01-14,11.3125,11.3125,11.0,11.0,7.238800525665283,88600,1212.18994140625
1999-01-15,11.0,11.25,10.90625,11.25,7.40331506729126,52200,1243.260009765625
1999-01-19,11.1875,11.71875,11.1875,11.5625,7.608964443206787,102400,1252.0
1999-01-20,11.5625,11.5625,11.3125,11.3125,7.444447994232178,130200,1256.6199951171875
1999-01-21,11.375,11.625,11.21875,11.21875,7.382749557495117,48800,1235.1600341796875
1999-01-22,11.34375,11.84375,11.25,11.34375,7.465011596679687,104800,1225.18994140625
1999-01-25,11.28125,11.375,10.71875,11.0,7.238800525665283,150800,1233.97998046875
1999-01-26,11.0,11.4375,11.0,11.4375,7.526705265045166,262000,1252.31005859375
1999-01-27,11.4375,11.5,11.0625,11.125,7.321059226989746,73400,1243.1700439453125
1999-01-28,11.125,11.3125,11.09375,11.28125,7.423880100250244,68600,1265.3699951171875
1999-01-29,11.375,11.625,11.3125,11.59375,7.629530429840088,124800,1279.6400146484375
1999-02-01,11.65625,11.6875,11.5625,11.6875,7.691221714019775,102400,1273.0
1999-02-02,11.6875,12.0625,11.65625,12.0625,7.937999725341797,201800,1261.989990234375
1999-02-03,12.0,12.0,11.6875,11.96875,7.87630558013916,68600,1272.0699462890625
1999-02-04,11.875,12.28125,11.875,12.28125,8.081953048706055,126800,1248.489990234375
1999-02-05,12.125,12.25,11.90625,11.9375,7.855743885040283,125400,1239.4000244140625
1999-02-08,11.9375,12.0625,11.78125,11.78125,7.7529144287109375,52800,1243.77001953125
1999-02-09,11.875,12.0,11.75,12.0,7.89686918258667,130200,1216.1400146484375
1999-02-10,12.0,12.15625,11.59375,11.59375,7.629530429840088,107200,1223.550048828125
1999-02-11,11.59375,11.6875,11.59375,11.6875,7.691221714019775,51000,1254.0400390625
1999-02-12,11.625,11.9375,11.34375,11.34375,7.465011596679687,117000,1230.1300048828125
1999-02-16,11.375,11.59375,11.3125,11.4375,7.526705265045166,55600,1241.8699951171875
1999-02-17,11.375,11.75,11.375,11.6875,7.691221714019775,78800,1224.030029296875
1999-02-18,11.625,11.75,11.53125,11.65625,7.670654296875,72800,1237.280029296875
1999-02-19,11.65625,11.65625,11.4375,11.53125,7.588396072387695,67000,1239.219970703125
1999-02-22,11.5625,11.8125,11.53125,11.8125,7.773480415344238,78000,1272.1400146484375
1999-02-23,11.78125,11.96875,11.71875,11.75,7.732356071472168,115400,1271.1800537109375
1999-02-24,11.6875,11.6875,11.375,11.4375,7.526705265045166,76600,1253.4100341796875
1999-02-25,11.4375,11.75,11.4375,11.71875,7.71178674697876,44200,1245.02001953125
1999-02-26,11.6875,11.84375,11.625,11.8125,7.773480415344238,77600,1238.3299560546875
1999-03-01,11.78125,12.0,11.6875,11.875,7.814611911773682,73200,1236.1600341796875
1999-03-02,11.96875,12.15625,11.90625,12.09375,7.95856237411499,112000,1225.5
1999-03-03,12.125,12.1875,11.71875,11.96875,7.87630558013916,48400,1227.699951171875
1999-03-04,11.96875,12.46875,11.875,12.3125,8.102517127990723,185400,1246.6400146484375
1999-03-05,12.375,12.65625,12.28125,12.59375,8.28759765625,139200,1275.469970703125
1999-03-08,12.5,12.5,11.6875,11.84375,7.794047355651855,257600,1282.72998046875
1999-03-09,11.875,12.0625,11.8125,12.0625,7.937999725341797,103000,1279.8399658203125
1999-03-10,12.03125,12.15625,11.9375,12.09375,7.95856237411499,170800,1286.8399658203125
1999-03-11,11.96875,11.96875,11.6875,11.75,7.764456748962402,63400,1297.6800537109375
1999-03-12,11.71875,11.78125,11.65625,11.65625,7.702501773834228,59600,1294.5899658203125
1999-03-15,11.625,11.71875,11.625,11.6875,7.72314977645874,42600,1307.260009765625
1999-03-16,11.71875,11.8125,11.5625,11.71875,7.743801116943359,82800,1306.3800048828125
1999-03-17,11.65625,11.875,11.53125,11.59375,7.661203384399414,48200,1297.8199462890625
1999-03-18,11.59375,11.65625,11.4375,11.5,7.5992560386657715,39800,1316.550048828125
1999-03-19,11.25,11.28125,11.03125,11.03125,7.289499282836914,148600,1299.2900390625
1999-03-22,11.03125,11.125,10.21875,11.0625,7.310147285461426,234000,1297.010009765625
1999-03-23,11.0,11.03125,10.53125,10.53125,6.959094047546387,113200,1262.1400146484375
1999-03-24,10.53125,10.53125,10.0,10.125,6.69064474105835,137600,1268.5899658203125
1999-03-25,10.15625,10.34375,10.0625,10.3125,6.81454610824585,81600,1289.989990234375
1999-03-26,10.3125,10.5,10.1875,10.4375,6.897145748138428,60200,1282.800048828125
1999-03-29,10.40625,10.53125,10.28125,10.34375,6.835196495056152,231800,1310.1700439453125
1999-03-30,10.34375,10.34375,9.6875,9.6875,6.401543140411377,163000,1300.75
1999-03-31,9.71875,10.46875,9.4375,10.46875,6.9177961349487305,236200,1286.3699951171875
1999-04-01,10.40625,10.625,10.0625,10.4375,6.897145748138428,147800,1293.719970703125
1999-04-05,10.5,10.6875,10.1875,10.25,6.773247241973877,99400,1321.1199951171875
1999-04-06,10.21875,10.34375,10.15625,10.25,6.773247241973877,114600,1317.8900146484375
1999-04-07,10.1875,10.5,10.0,10.0,6.608045101165772,89400,1326.8900146484375
1999-04-08,10.0625,10.5,10.0,10.28125,6.793893814086914,78000,1343.97998046875
1999-04-09,10.21875,10.4375,10.125,10.4375,6.897145748138428,36400,1348.3499755859375
1999-04-12,10.375,10.59375,10.3125,10.375,6.855847835540772,61400,1358.6300048828125
1999-04-13,10.375,10.5,10.125,10.21875,6.752598762512207,43800,1349.8199462890625
1999-04-14,10.15625,10.75,10.15625,10.5,6.93844747543335,142600,1328.43994140625
1999-04-15,10.53125,10.75,10.53125,10.71875,7.082998752593994,61200,1322.8499755859375
1999-04-16,10.71875,11.46875,10.6875,11.4375,7.557953357696533,170800,1319.0
1999-04-19,11.3125,11.3125,10.5,10.96875,7.248198509216309,234600,1289.47998046875
1999-04-20,10.9375,11.1875,10.875,10.9375,7.227550506591797,111200,1306.1700439453125
1999-04-21,10.96875,11.25,10.59375,10.59375,7.000395774841309,130400,1336.1199951171875
1999-04-22,10.65625,10.75,10.375,10.53125,6.959094047546387,120800,1358.8199462890625
1999-04-23,10.4375,10.5625,10.03125,10.15625,6.711294651031494,148000,1356.8499755859375
1999-04-26,10.0625,10.46875,10.0,10.34375,6.835196495056152,128800,1360.0400390625
1999-04-27,10.28125,10.59375,10.21875,10.28125,6.793893814086914,120800,1362.800048828125
1999-04-28,10.3125,10.875,10.28125,10.875,7.18625020980835,134800,1350.9100341796875
1999-04-29,10.75,10.9375,10.59375,10.875,7.18625020980835,151600,1342.8299560546875
1999-04-30,10.875,11.21875,10.875,11.0,7.268851280212402,91600,1335.1800537109375
1999-05-03,11.0,11.40625,11.0,11.1875,7.39274787902832,69600,1354.6300048828125
1999-05-04,11.1875,11.5625,11.09375,11.5625,7.640553474426269,90800,1332.0
1999-05-05,11.625,12.0625,11.625,11.6875,7.72314977645874,462800,1347.31005859375
1999-05-06,11.65625,11.6875,11.125,11.25,7.4340500831604,110800,1332.050048828125
1999-05-07,11.25,11.65625,11.25,11.65625,7.702501773834228,66400,1345.0
1999-05-10,11.71875,11.8125,11.65625,11.71875,7.743801116943359,53600,1340.300048828125
1999-05-11,11.8125,11.90625,11.78125,11.875,7.847053050994873,96800,1355.6099853515625
1999-05-12,11.8125,11.8125,11.375,11.53125,7.619902610778809,37000,1364.0
1999-05-13,11.59375,12.15625,11.5625,11.96875,7.909004211425781,132200,1367.56005859375
1999-05-14,11.90625,11.90625,11.34375,11.46875,7.5786051750183105,45200,1337.800048828125
1999-05-17,11.5,11.53125,11.28125,11.375,7.516653537750244,197600,1339.489990234375
1999-05-18,11.34375,11.375,11.28125,11.3125,7.47535228729248,69400,1333.3199462890625
1999-05-19,11.3125,11.375,10.90625,11.375,7.516653537750244,61000,1344.22998046875
1999-05-20,11.3125,11.34375,11.0625,11.0625,7.310147285461426,46000,1338.8299560546875
1999-05-21,11.15625,11.3125,11.09375,11.09375,7.330801963806152,36000,1330.2900390625
1999-05-24,10.9375,11.125,10.875,10.9375,7.227550506591797,72800,1306.6500244140625
1999-05-25,10.90625,11.34375,10.875,11.34375,7.496003150939941,76800,1284.4000244140625
1999-05-26,11.28125,11.5625,11.125,11.21875,7.413400650024414,107400,1304.760009765625
1999-05-27,11.21875,11.21875,10.875,11.15625,7.372097969055176,79400,1281.4100341796875
1999-05-28,11.09375,11.25,10.9375,11.21875,7.413400650024414,65400,1301.8399658203125
1999-06-01,11.21875,11.53125,11.21875,11.5,7.5992560386657715,46200,1294.260009765625
1999-06-02,11.4375,11.5,11.0625,11.3125,7.47535228729248,101600,1294.81005859375
1999-06-03,11.34375,11.375,11.09375,11.25,7.4340500831604,35600,1299.5400390625
1999-06-04,11.21875,11.21875,10.9375,11.15625,7.372097969055176,68400,1327.75
1999-06-07,11.09375,11.5625,11.0625,11.5625,7.640553474426269,34600,1334.52001953125
1999-06-08,11.625,11.65625,11.46875,11.53125,7.619902610778809,51800,1317.3299560546875
1999-06-09,11.53125,11.59375,11.375,11.59375,7.661203384399414,35200,1318.6400146484375
1999-06-10,11.46875,12.0,11.4375,12.0,7.9296488761901855,86000,1302.8199462890625
1999-06-11,11.9375,11.9375,11.65625,11.71875,7.776206016540527,34600,1293.6400146484375
1999-06-14,11.875,12.0625,11.84375,11.9375,7.921362400054932,69800,1294.0
1999-06-15,12.03125,12.03125,11.6875,11.75,7.796943187713623,202400,1301.1600341796875
1999-06-16,11.8125,11.890625,11.375,11.53125,7.651784420013428,137800,1330.4100341796875
1999-06-17,11.4375,11.4375,11.1875,11.1875,7.423682689666748,118600,1339.9000244140625
1999-06-18,11.0,11.0,10.9375,10.9375,7.257788181304932,168200,1342.8399658203125
1999-06-21,10.9375,10.96875,10.5625,10.59375,7.029688358306885,190200,1349.0
1999-06-22,10.5625,10.5625,10.3125,10.3125,6.843058109283447,144000,1335.8800048828125
1999-06-23,10.1875,10.1875,9.75,10.0,6.635690689086914,432400,1333.06005859375
1999-06-24,10.0625,10.0625,9.65625,9.6875,6.428328514099121,207600,1315.780029296875
1999-06-25,9.6875,10.59375,9.6875,10.40625,6.905269622802734,117200,1315.31005859375
1999-06-28,10.46875,10.625,10.28125,10.375,6.884532928466797,165800,1331.3499755859375
1999-06-29,10.375,10.90625,10.28125,10.90625,7.237051486968994,233400,1351.449951171875
1999-06-30,10.9375,11.5625,10.5,11.5625,7.67252254486084,310600,1372.7099609375
1999-07-01,11.5,11.5625,11.0,11.03125,7.319997310638428,200400,1380.9599609375
1999-07-02,11.0,11.03125,10.5,10.59375,7.029688358306885,176000,1391.219970703125
1999-07-06,10.625,10.65625,10.21875,10.21875,6.780850410461426,75600,1388.1199951171875
1999-07-07,10.28125,10.28125,10.0625,10.09375,6.697900772094727,114000,1395.8599853515625
1999-07-08,10.15625,10.21875,9.65625,9.6875,6.428328514099121,128400,1394.4200439453125
1999-07-09,9.875,10.21875,9.875,10.1875,6.760112762451172,84800,1403.280029296875
1999-07-12,10.3125,10.5,10.0625,10.09375,6.697900772094727,51400,1399.0999755859375
1999-07-13,10.03125,10.28125,9.90625,10.09375,6.697900772094727,77800,1393.56005859375
1999-07-14,10.0625,10.0625,9.75,9.84375,6.532012939453125,58200,1398.1700439453125
1999-07-15,9.90625,9.96875,9.78125,9.96875,6.614956378936768,49400,1409.6199951171875
1999-07-16,9.65625,10.0,9.5,10.0,6.635690689086914,183400,1418.780029296875
1999-07-19,9.9375,10.0,9.53125,9.84375,6.532012939453125,180000,1407.6500244140625
1999-07-20,9.78125,9.78125,9.46875,9.53125,6.324643135070801,78400,1377.0999755859375
1999-07-21,9.5625,9.5625,9.25,9.375,6.220963001251221,376200,1379.2900390625
1999-07-22,9.3125,9.46875,8.875,9.46875,6.283172607421875,299600,1360.969970703125
1999-07-23,9.375,9.625,9.25,9.625,6.386854648590088,120200,1356.93994140625
1999-07-26,9.5625,9.625,9.3125,9.46875,6.283172607421875,66800,1347.760009765625
1999-07-27,9.5,9.65625,9.375,9.4375,6.2624359130859375,57600,1362.8399658203125
1999-07-28,9.4375,9.4375,9.1875,9.1875,6.096545219421387,39200,1365.4000244140625
1999-07-29,9.09375,9.21875,8.96875,9.0,5.972125053405762,124800,1341.030029296875
1999-07-30,9.03125,9.03125,8.96875,8.96875,5.951389789581299,91600,1328.719970703125
1999-08-02,8.96875,9.0,8.90625,8.90625,5.909916877746582,52000,1328.050048828125
1999-08-03,8.96875,9.0,8.40625,8.65625,5.744020938873291,187400,1322.1800537109375
1999-08-04,8.625,8.8125,8.40625,8.46875,5.619602680206299,75000,1305.3299560546875
1999-08-05,8.5625,8.5625,8.375,8.40625,5.57813024520874,143200,1313.7099609375
1999-08-06,8.4375,8.46875,8.375,8.40625,5.57813024520874,247800,1300.2900390625
1999-08-09,8.4375,8.5625,8.40625,8.5625,5.681810855865479,143600,1297.800048828125
1999-08-10,8.53125,8.5625,8.40625,8.5625,5.681810855865479,184000,1281.4300537109375
1999-08-11,8.625,8.8125,8.53125,8.8125,5.847705841064453,69400,1301.9300537109375
1999-08-12,8.78125,8.9375,8.71875,8.78125,5.826968669891357,92600,1298.1600341796875
1999-08-13,8.84375,8.90625,8.78125,8.8125,5.847705841064453,34800,1327.6800537109375
1999-08-16,8.78125,8.9375,8.65625,8.6875,5.76475715637207,56800,1330.77001953125
1999-08-17,8.71875,8.8125,8.71875,8.71875,5.785496711730957,78400,1344.1600341796875
1999-08-18,8.6875,8.6875,8.5,8.53125,5.661074161529541,38800,1332.8399658203125
1999-08-19,8.5625,8.65625,8.5,8.59375,5.702551364898682,38800,1323.5899658203125
1999-08-20,8.59375,8.8125,8.59375,8.8125,5.847705841064453,53600,1336.6099853515625
1999-08-23,8.875,8.875,8.65625,8.8125,5.847705841064453,81600,1360.219970703125
1999-08-24,8.78125,8.78125,8.625,8.6875,5.76475715637207,74200,1363.5
1999-08-25,8.6875,8.6875,8.40625,8.40625,5.57813024520874,44600,1381.7900390625
1999-08-26,8.46875,8.6875,8.46875,8.65625,5.744020938873291,80800,1362.010009765625
1999-08-27,8.625,8.6875,8.3125,8.5,5.640339374542236,75800,1348.27001953125
1999-08-30,8.5,8.8125,8.5,8.53125,5.661074161529541,82000,1324.02001953125
1999-08-31,8.5,8.65625,8.5,8.65625,5.744020938873291,115800,1320.4100341796875
1999-09-01,8.625,8.96875,8.625,8.84375,5.868441581726074,103200,1331.0699462890625
1999-09-02,8.78125,8.8125,8.4375,8.78125,5.826968669891357,97000,1319.1099853515625
1999-09-03,8.84375,8.875,8.71875,8.875,5.8891801834106445,56800,1357.239990234375
1999-09-07,8.90625,9.03125,8.875,9.0,5.972125053405762,71000,1350.449951171875
1999-09-08,8.96875,9.0,8.78125,8.8125,5.847705841064453,46200,1344.1500244140625
1999-09-09,8.875,8.90625,8.6875,8.71875,5.785496711730957,71400,1347.6600341796875
1999-09-10,8.6875,8.71875,8.625,8.65625,5.744020938873291,36400,1351.6600341796875
1999-09-13,8.65625,8.9375,8.625,8.84375,5.902536392211914,52000,1344.1300048828125
1999-09-14,8.78125,8.78125,8.5625,8.75,5.839964866638184,45800,1336.2900390625
1999-09-15,8.71875,8.84375,8.71875,8.75,5.839964866638184,43200,1317.969970703125
1999-09-16,8.6875,8.6875,8.40625,8.53125,5.693962574005127,45800,1318.47998046875
1999-09-17,8.46875,8.6875,8.34375,8.6875,5.798248291015625,221400,1335.4200439453125
1999-09-20,8.59375,8.84375,8.5625,8.8125,5.881679534912109,68200,1335.530029296875
1999-09-21,8.75,8.90625,8.40625,8.46875,5.652251720428467,211800,1307.5799560546875
1999-09-22,8.46875,8.75,8.46875,8.5,5.673110008239746,217800,1310.510009765625
1999-09-23,8.53125,8.6875,8.46875,8.5625,5.7148213386535645,128400,1280.4100341796875
1999-09-24,8.59375,8.71875,8.53125,8.59375,5.7356791496276855,57400,1277.3599853515625
1999-09-27,8.625,8.71875,8.53125,8.53125,5.693962574005127,101200,1283.31005859375
1999-09-28,8.46875,8.625,8.34375,8.59375,5.7356791496276855,203200,1282.199951171875
1999-09-29,8.625,8.75,8.53125,8.625,5.756536483764648,58200,1268.3699951171875
1999-09-30,8.5625,10.0625,8.5625,10.0625,6.715959072113037,331600,1282.7099609375
1999-10-01,9.875,9.875,9.3125,9.46875,6.319676876068115,258800,1282.81005859375
1999-10-04,9.5,9.75,9.4375,9.65625,6.444820880889893,109400,1304.5999755859375
1999-10-05,9.625,9.625,9.375,9.5,6.340533256530762,97800,1301.3499755859375
1999-10-06,9.46875,9.46875,9.40625,9.40625,6.2779622077941895,103200,1325.4000244140625
1999-10-07,9.4375,9.625,9.375,9.5,6.340533256530762,50000,1317.6400146484375
1999-10-08,9.4375,9.53125,9.28125,9.46875,6.319676876068115,200800,1336.02001953125
1999-10-11,9.5,9.65625,9.4375,9.53125,6.361388206481934,164400,1335.2099609375
1999-10-12,9.5,9.5,9.21875,9.21875,6.152817726135254,45600,1313.0400390625
1999-10-13,9.15625,9.34375,8.9375,9.34375,6.23624849319458,85600,1285.550048828125
1999-10-14,9.28125,9.40625,9.21875,9.34375,6.23624849319458,31000,1283.4200439453125
1999-10-15,9.40625,9.96875,9.40625,9.6875,6.465676307678223,237400,1247.4100341796875
1999-10-18,9.5625,9.5625,9.375,9.46875,6.319676876068115,89600,1254.1300048828125
1999-10-19,9.5,9.5,9.15625,9.15625,6.111106395721436,68400,1261.3199462890625
1999-10-20,9.0625,9.1875,8.84375,9.0,6.00682258605957,84000,1289.4300537109375
1999-10-21,8.96875,8.96875,8.59375,8.75,5.839964866638184,155800,1283.6099853515625
1999-10-22,8.78125,9.0,8.78125,9.0,6.00682258605957,115800,1301.6500244140625
1999-10-25,8.96875,9.03125,8.875,8.875,5.923395156860352,68600,1293.6300048828125
1999-10-26,8.8125,8.875,8.78125,8.84375,5.902536392211914,282000,1281.9100341796875
1999-10-27,8.84375,9.0,8.84375,8.90625,5.944252014160156,33000,1296.7099609375
1999-10-28,8.9375,9.0,8.8125,8.875,5.923395156860352,45600,1342.43994140625
1999-10-29,8.96875,9.09375,8.84375,8.875,5.923395156860352,39000,1362.9300537109375
1999-11-01,8.9375,9.5625,8.9375,9.5625,6.382247924804688,79200,1354.1199951171875
1999-11-02,9.5,9.71875,9.375,9.4375,6.298818111419678,83400,1347.739990234375
1999-11-03,9.4375,9.53125,9.4375,9.5,6.340533256530762,40400,1354.9300537109375
1999-11-04,9.5,9.5,9.375,9.46875,6.319676876068115,42000,1362.6400146484375
1999-11-05,9.4375,9.5,9.34375,9.4375,6.298818111419678,259600,1370.22998046875
1999-11-08,9.375,9.40625,9.34375,9.40625,6.2779622077941895,99000,1377.010009765625
1999-11-09,9.40625,9.4375,9.375,9.4375,6.298818111419678,55000,1365.280029296875
1999-11-10,9.40625,9.5,9.40625,9.46875,6.319676876068115,165200,1373.4599609375
1999-11-11,9.4375,9.4375,9.375,9.40625,6.2779622077941895,74600,1381.4599609375
1999-11-12,9.40625,9.5,9.40625,9.46875,6.319676876068115,34200,1396.06005859375
1999-11-15,9.46875,9.75,9.375,9.75,6.507390975952148,149600,1394.3900146484375
1999-11-16,9.65625,9.8125,9.375,9.65625,6.444820880889893,80800,1420.0699462890625
1999-11-17,9.6875,9.75,9.40625,9.65625,6.444820880889893,56800,1410.7099609375
1999-11-18,9.78125,9.78125,9.40625,9.625,6.4239606857299805,46600,1424.93994140625
1999-11-19,9.4375,9.4375,9.375,9.40625,6.2779622077941895,112200,1422.0
1999-11-22,9.4375,9.4375,9.34375,9.34375,6.23624849319458,279200,1420.93994140625
1999-11-23,9.40625,9.40625,9.09375,9.125,6.090250015258789,54600,1404.6400146484375
1999-11-24,9.0625,9.1875,9.03125,9.1875,6.131964206695557,57000,1417.0799560546875
1999-11-26,9.1875,9.53125,9.1875,9.53125,6.361388206481934,45400,1416.6199951171875
1999-11-29,9.46875,9.46875,9.0625,9.0625,6.048534393310547,57600,1407.8299560546875
1999-11-30,9.125,9.6875,9.125,9.6875,6.465676307678223,120600,1388.9100341796875
1999-12-01,9.625,9.625,9.15625,9.3125,6.215388298034668,93600,1397.719970703125
1999-12-02,9.25,9.65625,9.25,9.5,6.340533256530762,18600,1409.0400390625
1999-12-03,9.5625,9.75,9.40625,9.4375,6.298818111419678,34200,1433.300048828125
1999-12-06,9.375,9.6875,9.34375,9.34375,6.23624849319458,37000,1423.3299560546875
1999-12-07,9.40625,9.4375,9.0,9.21875,6.152817726135254,69400,1409.1700439453125
1999-12-08,9.1875,9.4375,9.125,9.3125,6.215388298034668,82200,1403.8800048828125
1999-12-09,9.28125,9.28125,9.0,9.0,6.00682258605957,94000,1408.1099853515625
1999-12-10,9.0,9.0,8.78125,8.96875,5.985965728759766,55000,1417.0400390625
1999-12-13,9.09375,9.3125,9.0,9.0625,6.082445621490479,209600,1415.219970703125
1999-12-14,9.09375,9.21875,9.0,9.0,6.0404953956604,137800,1403.1700439453125
1999-12-15,9.0,9.28125,8.96875,9.0,6.0404953956604,118000,1413.3299560546875
1999-12-16,8.96875,9.125,8.96875,9.125,6.124391555786133,114400,1418.780029296875
1999-12-17,9.1875,9.21875,9.0,9.0625,6.082445621490479,159000,1421.030029296875
1999-12-20,9.125,9.1875,8.75,8.75,5.87270450592041,51400,1418.0899658203125
1999-12-21,8.6875,9.03125,8.65625,9.03125,6.061470031738281,62800,1433.4300537109375
1999-12-22,9.03125,9.09375,8.96875,8.96875,6.019522190093994,51400,1436.1300048828125
1999-12-23,9.0,9.0625,9.0,9.03125,6.061470031738281,67600,1458.3399658203125
1999-12-27,9.09375,9.09375,8.875,8.9375,5.99854850769043,118800,1457.0999755859375
1999-12-28,8.875,9.1875,8.875,9.125,6.124391555786133,113800,1457.6600341796875
1999-12-29,9.15625,9.5,9.125,9.5,6.376079082489014,77800,1463.4599609375
1999-12-30,9.4375,9.5,9.125,9.21875,6.187312602996826,88800,1464.469970703125
1999-12-31,9.28125,9.71875,9.1875,9.59375,6.438999652862549,109800,1469.25
2000-01-03,9.65625,9.65625,9.0,9.0,6.0404953956604,134000,1455.219970703125
2000-01-04,8.875,9.28125,8.875,9.0,6.0404953956604,68200,1399.4200439453125
2000-01-05,9.0,9.25,9.0,9.15625,6.145366668701172,70000,1402.1099853515625
2000-01-06,9.09375,9.5,9.03125,9.46875,6.355104923248291,78600,1403.449951171875
2000-01-07,9.4375,9.46875,9.25,9.3125,6.25023365020752,71800,1441.469970703125
2000-01-10,9.34375,9.34375,9.1875,9.28125,6.229259967803955,67000,1457.5999755859375
2000-01-11,9.3125,9.34375,9.25,9.25,6.208285808563232,68200,1438.56005859375
2000-01-12,9.25,9.3125,9.21875,9.3125,6.25023365020752,93000,1432.25
2000-01-13,9.3125,9.5,9.25,9.4375,6.334132194519043,94400,1449.6800537109375
2000-01-14,9.5,9.5,9.25,9.25,6.208285808563232,118000,1465.1500244140625
2000-01-18,9.1875,9.1875,8.9375,9.0625,6.082445621490479,74000,1455.1400146484375
2000-01-19,9.0625,9.21875,9.0,9.09375,6.10341739654541,106000,1455.9000244140625
2000-01-20,9.125,9.3125,8.875,8.96875,6.019522190093994,77400,1445.5699462890625
2000-01-21,9.03125,9.1875,8.875,9.09375,6.10341739654541,111200,1441.3599853515625
2000-01-24,9.28125,9.28125,8.9375,8.9375,5.99854850769043,120400,1401.530029296875
2000-01-25,8.96875,8.96875,8.5625,8.5625,5.746857166290283,67200,1410.030029296875
2000-01-26,8.59375,8.875,8.5625,8.875,5.956603050231934,91200,1404.0899658203125
2000-01-27,8.9375,9.09375,8.9375,9.03125,6.061470031738281,83000,1398.56005859375
2000-01-28,9.03125,9.15625,8.75,8.8125,5.914653778076172,90800,1360.1600341796875
2000-01-31,8.84375,9.1875,8.84375,9.03125,6.061470031738281,114600,1394.4599609375
2000-02-01,9.0,9.0,8.65625,8.78125,5.893679141998291,59000,1409.280029296875
2000-02-02,8.71875,8.9375,8.65625,8.8125,5.914653778076172,122200,1409.1199951171875
2000-02-03,8.8125,8.875,8.6875,8.8125,5.914653778076172,61600,1424.969970703125
2000-02-04,8.78125,8.78125,8.5625,8.6875,5.830759048461914,101400,1424.3699951171875
2000-02-07,8.5625,8.6875,8.5,8.6875,5.830759048461914,62200,1424.239990234375
2000-02-08,8.78125,8.84375,8.5,8.5625,5.746857166290283,70800,1441.719970703125
2000-02-09,8.625,8.8125,8.3125,8.4375,5.662966728210449,98800,1411.7099609375
2000-02-10,8.40625,8.5,8.21875,8.4375,5.662966728210449,522200,1416.8299560546875
2000-02-11,8.4375,8.53125,7.96875,8.0,5.369331359863281,135000,1387.1199951171875
2000-02-14,7.96875,8.25,7.90625,8.21875,5.516147136688232,56200,1389.93994140625
2000-02-15,8.3125,8.4375,8.15625,8.4375,5.662966728210449,76200,1402.050048828125
2000-02-16,8.4375,8.53125,8.125,8.125,5.453227043151856,86000,1387.6700439453125
2000-02-17,8.21875,8.46875,8.1875,8.25,5.537122249603272,82400,1388.260009765625
2000-02-18,8.28125,8.28125,7.9375,7.96875,5.348355770111084,60400,1346.0899658203125
2000-02-22,7.96875,8.0,7.8125,7.96875,5.348355770111084,123800,1352.1700439453125
2000-02-23,8.03125,8.09375,7.6875,7.875,5.28543758392334,95600,1360.68994140625
2000-02-24,7.875,7.9375,7.65625,7.6875,5.159590721130371,41400,1353.4300537109375
2000-02-25,7.71875,7.75,7.625,7.65625,5.138617038726807,63600,1333.3599853515625
2000-02-28,7.625,7.78125,7.5,7.65625,5.138617038726807,110800,1348.050048828125
2000-02-29,7.65625,8.09375,7.53125,7.53125,5.054721832275391,194800,1366.4200439453125
2000-03-01,7.5,7.53125,7.28125,7.28125,4.886928558349609,123200,1379.18994140625
2000-03-02,7.28125,7.5,7.28125,7.46875,5.012773036956787,156600,1381.760009765625
2000-03-03,7.4375,7.5625,7.4375,7.5,5.03374719619751,65000,1409.1700439453125
2000-03-06,7.5,8.0,7.5,7.78125,5.2225117683410645,179000,1391.280029296875
2000-03-07,7.84375,7.953125,7.5,7.5,5.03374719619751,222600,1355.6199951171875
2000-03-08,7.875,7.96875,7.875,7.875,5.28543758392334,152400,1366.699951171875
2000-03-09,7.78125,7.90625,7.6875,7.71875,5.180563926696777,161200,1401.68994140625
2000-03-10,7.6875,8.078125,7.59375,8.0,5.369331359863281,167600,1395.0699462890625
2000-03-13,7.8125,8.0,7.65625,7.84375,5.300902366638184,85600,1383.6199951171875
2000-03-14,7.90625,7.9375,7.84375,7.90625,5.343142032623291,139200,1359.1500244140625
2000-03-15,7.90625,8.65625,7.84375,8.625,5.828881740570068,141200,1392.1400146484375
2000-03-16,8.65625,9.28125,8.65625,9.28125,6.272383689880371,368600,1458.469970703125
2000-03-17,9.125,9.5,9.125,9.46875,6.399099349975586,267800,1464.469970703125
2000-03-20,9.46875,9.8125,9.46875,9.8125,6.631410121917725,275800,1456.6300048828125
2000-03-21,9.75,9.875,9.59375,9.875,6.673648834228516,353400,1493.8699951171875
2000-03-22,9.875,10.0,9.40625,9.40625,6.356863498687744,338000,1500.6400146484375
2000-03-23,9.3125,9.40625,9.0,9.34375,6.314623832702637,399200,1527.3499755859375
2000-03-24,9.25,9.5,9.0,9.4375,6.377976894378662,61600,1527.4599609375
2000-03-27,9.375,9.5,9.09375,9.4375,6.377976894378662,67800,1523.8599853515625
2000-03-28,9.375,9.40625,8.8125,9.15625,6.18790864944458,63800,1507.72998046875
2000-03-29,9.09375,9.09375,8.90625,8.96875,6.0611958503723145,134400,1508.52001953125
2000-03-30,9.03125,9.5625,9.03125,9.5625,6.462457656860352,83800,1487.9200439453125
2000-03-31,9.65625,10.5625,9.5,10.375,7.011552333831787,418200,1498.5799560546875
2000-04-03,10.1875,10.1875,10.0,10.0,6.75812578201294,172000,1505.969970703125
2000-04-04,10.0,10.1875,9.75,10.125,6.8426008224487305,154400,1494.72998046875
2000-04-05,10.15625,10.15625,9.65625,9.78125,6.610291481018066,86200,1487.3699951171875
2000-04-06,9.84375,10.0,9.8125,9.9375,6.715884685516357,99400,1501.3399658203125
2000-04-07,9.9375,10.21875,9.9375,10.15625,6.863719940185547,40200,1516.3499755859375
2000-04-10,10.09375,10.1875,9.90625,9.90625,6.694767951965332,71400,1504.4599609375
2000-04-11,9.90625,10.1875,9.84375,10.0,6.75812578201294,375200,1500.5899658203125
2000-04-12,10.0625,10.125,9.96875,9.96875,6.737003803253174,295600,1467.1700439453125
2000-04-13,9.96875,10.0,9.65625,9.96875,6.737003803253174,219400,1440.510009765625
2000-04-14,10.0,10.125,9.90625,9.9375,6.715884685516357,218800,1356.56005859375
2000-04-17,9.90625,9.90625,9.65625,9.75,6.58917236328125,81200,1401.43994140625
2000-04-18,9.75,9.75,9.375,9.46875,6.399099349975586,173800,1441.6099853515625
2000-04-19,9.53125,9.78125,9.53125,9.75,6.58917236328125,159000,1427.469970703125
2000-04-20,9.71875,10.0,9.6875,9.96875,6.737003803253174,502200,1434.5400390625
2000-04-24,9.875,10.3125,9.875,10.28125,6.948195934295654,157200,1429.8599853515625
2000-04-25,10.46875,11.0,10.34375,10.5625,7.138273239135742,344200,1477.43994140625
2000-04-26,10.5625,10.625,10.0,10.15625,6.863719940185547,147200,1460.989990234375
2000-04-27,10.15625,10.8125,10.09375,10.5,7.096029758453369,178400,1464.9200439453125
2000-04-28,10.4375,10.46875,10.125,10.46875,7.074911594390869,65600,1452.4300537109375
2000-05-01,10.40625,10.75,10.40625,10.59375,7.159387111663818,260200,1468.25
2000-05-02,10.625,10.75,10.5625,10.65625,7.2016282081604,71400,1446.2900390625
2000-05-03,10.71875,11.125,10.71875,11.09375,7.497296333312988,355200,1415.0999755859375
2000-05-04,11.0625,11.25,10.6875,10.75,7.264984130859375,165200,1409.5699462890625
2000-05-05,10.78125,11.25,10.625,10.84375,7.328338146209717,237600,1432.6300048828125
2000-05-08,10.875,11.0,10.78125,11.0,7.433933258056641,86800,1424.1700439453125
2000-05-09,10.9375,11.0,10.6875,11.0,7.433933258056641,196200,1412.1400146484375
2000-05-10,10.9375,10.9375,10.75,10.78125,7.286102294921875,70400,1383.050048828125
2000-05-11,10.84375,11.0,10.8125,10.96875,7.412815570831299,182400,1407.81005859375
2000-05-12,10.90625,11.0,10.78125,10.9375,7.391697406768799,75800,1420.9599609375
2000-05-15,10.90625,10.96875,10.78125,10.96875,7.412815570831299,72600,1452.3599853515625
2000-05-16,11.0,11.5625,10.90625,11.40625,7.708487033843994,170600,1466.0400390625
2000-05-17,11.4375,11.4375,11.125,11.15625,7.539533615112305,82800,1447.800048828125
2000-05-18,11.25,11.46875,11.1875,11.4375,7.729608058929443,152000,1437.2099609375
2000-05-19,11.3125,11.4375,11.0,11.375,7.687363624572754,100000,1406.949951171875
2000-05-22,11.4375,11.5625,11.40625,11.53125,7.792966365814209,78000,1400.719970703125
2000-05-23,11.59375,11.75,11.5,11.625,7.856321811676025,231400,1373.8599853515625
2000-05-24,11.59375,11.78125,11.40625,11.71875,7.919678211212158,114600,1399.050048828125
2000-05-25,11.75,11.84375,11.5625,11.6875,7.898555278778076,159800,1381.52001953125
2000-05-26,11.75,11.75,11.1875,11.21875,7.581771373748779,99800,1378.02001953125
2000-05-30,11.125,11.625,11.03125,11.46875,7.750725269317627,116400,1422.449951171875
2000-05-31,11.46875,11.5,11.0,11.0,7.433933258056641,153600,1420.5999755859375
2000-06-01,11.03125,11.03125,10.5,10.78125,7.286102294921875,229600,1448.81005859375
2000-06-02,10.6875,11.46875,10.6875,11.34375,7.666245460510254,133400,1477.260009765625
2000-06-05,11.28125,11.28125,10.84375,10.9375,7.391697406768799,44600,1467.6300048828125
2000-06-06,10.96875,11.0,10.875,10.96875,7.412815570831299,36400,1457.8399658203125
2000-06-07,10.96875,11.46875,10.9375,11.40625,7.708487033843994,257800,1471.3599853515625
2000-06-08,11.375,11.375,11.0,11.03125,7.455055236816406,35200,1461.6700439453125
2000-06-09,11.09375,11.15625,11.03125,11.0625,7.476175785064697,21800,1456.949951171875
2000-06-12,11.0625,11.5,11.0625,11.3125,7.645132064819336,70000,1446.0
2000-06-13,11.21875,11.5,11.15625,11.1875,7.597592830657959,143400,1469.43994140625
2000-06-14,11.0,11.21875,10.8125,10.9375,7.4278082847595215,140400,1470.5400390625
2000-06-15,11.0,11.0,10.6875,10.875,7.385369777679443,138000,1478.72998046875
2000-06-16,10.84375,10.875,10.6875,10.84375,7.364146709442139,203800,1464.4599609375
2000-06-19,10.875,10.875,10.625,10.8125,7.342923641204834,45000,1486.0
2000-06-20,10.8125,10.8125,10.5,10.59375,7.1943678855896,155000,1475.949951171875
2000-06-21,10.6875,10.6875,10.46875,10.5,7.1306986808776855,272200,1479.1300048828125
2000-06-22,10.4375,10.4375,10.1875,10.1875,6.918478965759277,202200,1452.1800537109375
2000-06-23,10.1875,10.21875,10.03125,10.15625,6.897252082824707,229400,1441.47998046875
2000-06-26,10.25,10.25,10.15625,10.25,6.960921764373779,33600,1455.31005859375
2000-06-27,10.1875,10.21875,10.09375,10.125,6.876030921936035,141200,1450.550048828125
2000-06-28,10.1875,10.875,10.1875,10.875,7.385369777679443,239200,1454.8199462890625
2000-06-29,10.875,11.3125,10.71875,11.03125,7.491479396820068,200600,1442.3900146484375
2000-06-30,11.0625,11.25,9.875,9.875,6.706252098083496,633600,1454.5999755859375
2000-07-03,10.0,10.8125,10.0,10.78125,7.321701049804687,95200,1469.5400390625
2000-07-05,10.78125,11.0625,10.75,10.9375,7.4278082847595215,219600,1446.22998046875
2000-07-06,10.96875,11.0625,10.6875,10.75,7.300476551055908,113600,1456.6700439453125
2000-07-07,10.75,11.1875,10.75,11.15625,7.576365947723389,205000,1478.9000244140625
2000-07-10,11.15625,11.34375,11.0625,11.21875,7.61881685256958,124400,1475.6199951171875
2000-07-11,11.15625,11.40625,10.9375,11.03125,7.491479396820068,99000,1480.8800048828125
2000-07-12,11.09375,11.4375,11.03125,11.34375,7.703702926635742,45400,1492.9200439453125
2000-07-13,11.3125,11.34375,11.0,11.1875,7.597592830657959,165600,1495.8399658203125
2000-07-14,11.1875,11.1875,11.125,11.125,7.555147647857666,50000,1509.97998046875
2000-07-17,11.125,11.59375,11.125,11.15625,7.576365947723389,109400,1510.489990234375
2000-07-18,11.28125,11.28125,11.09375,11.09375,7.533923625946045,101200,1493.739990234375
2000-07-19,11.15625,11.1875,11.09375,11.09375,7.533923625946045,111600,1481.9599609375
2000-07-20,11.15625,11.21875,11.09375,11.15625,7.576365947723389,205000,1495.5699462890625
2000-07-21,11.1875,11.84375,11.15625,11.8125,8.02203369140625,244400,1480.18994140625
2000-07-24,11.75,11.75,11.1875,11.28125,7.661256313323975,98000,1464.2900390625
2000-07-25,11.3125,12.0,11.21875,11.90625,8.085705757141113,178200,1474.469970703125
2000-07-26,11.9375,11.9375,11.625,11.75,7.979593276977539,231800,1452.4200439453125
2000-07-27,11.75,11.96875,11.625,11.8125,8.02203369140625,135000,1449.6199951171875
2000-07-28,11.6875,12.0,11.625,12.0,8.149374008178711,212000,1419.8900146484375
2000-07-31,12.125,12.375,12.125,12.34375,8.382820129394531,270600,1430.8299560546875
2000-08-01,12.3125,12.375,12.21875,12.34375,8.382820129394531,74200,1438.0999755859375
2000-08-02,12.375,12.375,12.0,12.21875,8.29792594909668,256800,1438.699951171875
2000-08-03,12.15625,12.34375,12.09375,12.21875,8.29792594909668,107400,1452.56005859375
2000-08-04,12.15625,12.21875,11.875,12.0625,8.191811561584473,128800,1462.9300537109375
2000-08-07,12.09375,12.25,12.09375,12.25,8.319151878356934,874200,1479.3199462890625
2000-08-08,12.34375,12.65625,12.25,12.28125,8.340373039245605,242400,1482.800048828125
2000-08-09,12.1875,12.625,12.125,12.125,8.234256744384766,189800,1472.8699951171875
2000-08-10,12.0625,12.28125,11.875,12.0625,8.191811561584473,135800,1460.25
2000-08-11,12.09375,12.1875,12.0,12.03125,8.170592308044434,411000,1471.8399658203125
2000-08-14,12.0625,12.625,12.0625,12.46875,8.467708587646484,125200,1491.56005859375
2000-08-15,12.5,12.5,12.0625,12.3125,8.361595153808594,100600,1484.4300537109375
2000-08-16,12.46875,13.0625,12.46875,12.84375,8.722370147705078,404800,1479.8499755859375
2000-08-17,12.875,13.03125,12.625,12.65625,8.595039367675781,472600,1496.0699462890625
2000-08-18,12.625,12.625,12.0,12.4375,8.44648551940918,165800,1491.719970703125
2000-08-21,12.40625,12.625,12.375,12.5,8.488926887512207,128200,1499.47998046875
2000-08-22,12.4375,12.8125,12.40625,12.8125,8.701154708862305,138600,1498.1300048828125
2000-08-23,12.8125,12.8125,12.46875,12.59375,8.552594184875488,119200,1505.969970703125
2000-08-24,12.625,12.75,12.375,12.375,8.404036521911621,213800,1508.31005859375
2000-08-25,12.4375,12.78125,12.40625,12.6875,8.616265296936035,236200,1506.449951171875
2000-08-28,12.6875,12.71875,12.25,12.375,8.404036521911621,137200,1514.0899658203125
2000-08-29,12.40625,12.71875,12.375,12.375,8.404036521911621,137000,1509.8399658203125
2000-08-30,12.3125,12.65625,12.3125,12.4375,8.44648551940918,98800,1502.5899658203125
2000-08-31,12.53125,12.59375,12.375,12.40625,8.42525863647461,143400,1517.6800537109375
2000-09-01,12.4375,12.5,12.1875,12.3125,8.361595153808594,105200,1520.77001953125
2000-09-05,12.1875,12.25,12.15625,12.21875,8.29792594909668,78600,1507.0799560546875
2000-09-06,12.34375,12.5,12.125,12.125,8.234256744384766,272400,1492.25
2000-09-07,12.03125,12.03125,11.5,11.625,7.894699573516846,246000,1502.510009765625
2000-09-08,11.6875,11.75,11.40625,11.59375,7.873479843139648,175000,1494.5
2000-09-11,11.59375,11.84375,11.59375,11.84375,8.043256759643555,43600,1489.260009765625
2000-09-12,11.78125,11.9375,11.59375,11.75,7.979593276977539,161800,1481.989990234375
2000-09-13,11.75,11.75,11.28125,11.375,7.761257171630859,60200,1484.9100341796875
2000-09-14,11.4375,11.46875,11.3125,11.34375,7.739933013916016,29400,1480.8699951171875
2000-09-15,11.15625,11.21875,10.78125,10.84375,7.398779392242432,743800,1465.81005859375
2000-09-18,10.90625,10.96875,10.4375,10.53125,7.185556411743164,128000,1444.510009765625
2000-09-19,10.53125,10.625,10.28125,10.34375,7.057624816894531,216200,1459.9000244140625
2000-09-20,10.34375,10.5625,9.90625,10.03125,6.844402313232422,187000,1451.3399658203125
2000-09-21,9.9375,10.25,9.84375,9.96875,6.801755428314209,238400,1449.050048828125
2000-09-22,9.90625,9.90625,9.6875,9.8125,6.695147514343262,139000,1448.719970703125
2000-09-25,9.875,9.875,9.6875,9.6875,6.609860420227051,96000,1439.030029296875
2000-09-26,9.6875,9.6875,9.25,9.34375,6.375317096710205,166600,1427.2099609375
2000-09-27,9.375,9.875,9.3125,9.84375,6.7164716720581055,526200,1426.5699462890625
2000-09-28,9.75,10.28125,9.75,10.1875,6.951015472412109,149600,1458.2900390625
2000-09-29,10.28125,10.375,10.09375,10.09375,6.887043476104736,153400,1436.510009765625
2000-10-02,10.1875,10.1875,9.3125,9.5,6.481925487518311,341800,1436.22998046875
2000-10-03,9.53125,10.09375,9.53125,9.875,6.737790584564209,212800,1426.4599609375
2000-10-04,9.875,10.96875,9.875,10.15625,6.929689407348633,318600,1434.3199462890625
2000-10-05,10.21875,10.46875,10.15625,10.25,6.993658065795898,248800,1436.280029296875
2000-10-06,10.34375,11.15625,10.28125,10.9375,7.462740421295166,253600,1408.989990234375
2000-10-09,10.9375,10.96875,10.59375,10.8125,7.3774566650390625,159600,1402.030029296875
2000-10-10,10.75,10.8125,10.5625,10.59375,7.228201866149902,81600,1387.02001953125
2000-10-11,10.28125,10.4375,10.21875,10.21875,6.972335338592529,91400,1364.5899658203125
2000-10-12,10.25,10.3125,9.96875,10.0,6.823082447052002,117000,1329.780029296875
2000-10-13,9.96875,9.96875,9.90625,9.96875,6.801755428314209,46200,1374.1700439453125
2000-10-16,10.0,10.0,9.5625,9.8125,6.695147514343262,247200,1374.6199951171875
2000-10-17,9.9375,10.1875,9.75,9.9375,6.780433654785156,196800,1349.969970703125
2000-10-18,9.84375,10.3125,9.71875,10.25,6.993658065795898,292200,1342.1300048828125
2000-10-19,10.28125,10.28125,10.046875,10.21875,6.972335338592529,106600,1388.760009765625
2000-10-20,10.25,10.40625,10.125,10.40625,7.100267887115479,121400,1396.9300537109375
2000-10-23,10.40625,10.4375,10.25,10.3125,7.036302089691162,47200,1395.780029296875
2000-10-24,10.3125,10.625,10.3125,10.625,7.249526023864746,124600,1398.1300048828125
2000-10-25,10.625,10.8125,10.40625,10.625,7.249526023864746,164800,1364.9000244140625
2000-10-26,10.59375,10.96875,10.59375,10.90625,7.441423416137695,94800,1364.43994140625
2000-10-27,10.9375,11.1875,10.78125,11.125,7.590678691864014,95200,1379.5799560546875
2000-10-30,11.34375,11.84375,11.3125,11.71875,7.995797634124756,255000,1398.6600341796875
2000-10-31,11.65625,11.78125,11.53125,11.59375,7.910507678985596,151200,1429.4000244140625
2000-11-01,11.6875,11.6875,10.71875,10.78125,7.356133937835693,415800,1421.219970703125
2000-11-02,10.84375,10.84375,10.5,10.5625,7.206878185272217,208200,1428.3199462890625
2000-11-03,10.59375,10.59375,10.03125,10.0625,6.865724563598633,212800,1426.68994140625
2000-11-06,10.15625,10.5,10.15625,10.5,7.164233684539795,120400,1432.18994140625
2000-11-07,10.5,10.75,10.5,10.75,7.334810256958008,100800,1431.8699951171875
2000-11-08,10.8125,11.25,10.65625,11.03125,7.526710987091064,185200,1409.280029296875
2000-11-09,11.125,11.1875,10.625,10.90625,7.441423416137695,81200,1400.1400146484375
2000-11-10,10.84375,11.21875,10.5,10.5625,7.206878185272217,86600,1365.97998046875
2000-11-13,10.5,10.84375,10.5,10.75,7.334810256958008,71200,1351.260009765625
2000-11-14,10.8125,11.0,10.75,10.875,7.420102596282959,57600,1382.949951171875
2000-11-15,10.8125,11.28125,10.8125,11.0625,7.54803466796875,85400,1389.81005859375
2000-11-16,11.09375,11.09375,10.4375,10.65625,7.270842552185059,59400,1372.3199462890625
2000-11-17,10.78125,11.4375,10.78125,10.96875,7.484067440032959,110200,1367.719970703125
2000-11-20,10.9375,11.0625,10.75,10.875,7.420102596282959,78400,1342.6199951171875
2000-11-21,10.90625,11.125,10.90625,10.96875,7.484067440032959,92600,1347.3499755859375
2000-11-22,11.0,11.0625,10.75,10.96875,7.484067440032959,56200,1322.3599853515625
2000-11-24,10.96875,11.15625,10.96875,11.0625,7.54803466796875,72600,1341.77001953125
2000-11-27,11.0625,11.3125,11.0625,11.125,7.590678691864014,86800,1348.969970703125
2000-11-28,11.0625,11.6875,10.78125,10.78125,7.356133937835693,152600,1336.0899658203125
2000-11-29,10.78125,11.15625,10.625,11.15625,7.611996650695801,141800,1341.9300537109375
2000-11-30,11.15625,11.1875,10.875,11.03125,7.526710987091064,99800,1314.949951171875
2000-12-01,11.0625,11.75,11.0625,11.5,7.846537113189697,144200,1315.22998046875
2000-12-04,11.5,11.59375,11.3125,11.53125,7.867863178253174,113200,1324.969970703125
2000-12-05,11.59375,12.03125,11.59375,11.96875,8.166376113891602,216200,1376.5400390625
2000-12-06,11.96875,11.96875,11.3125,11.34375,7.739933013916016,108200,1351.4599609375
2000-12-07,11.375,11.4375,11.25,11.25,7.675966739654541,107400,1343.550048828125
2000-12-08,11.28125,11.46875,11.1875,11.46875,7.825221061706543,296000,1369.8900146484375
2000-12-11,11.5,11.8125,11.46875,11.5,7.846537113189697,180000,1380.199951171875
2000-12-12,11.5625,11.5625,11.125,11.125,7.590678691864014,155200,1371.1800537109375
2000-12-13,11.125,11.5,11.125,11.21875,7.6996259689331055,91200,1359.989990234375
2000-12-14,11.3125,11.4375,11.09375,11.28125,7.742527008056641,69200,1340.9300537109375
2000-12-15,11.09375,11.125,10.875,10.875,7.463707447052002,292200,1312.1500244140625
2000-12-18,10.78125,11.125,10.78125,11.125,7.635291576385498,207400,1322.739990234375
2000-12-19,11.0625,11.6875,10.875,11.5625,7.935551166534424,196400,1305.5999755859375
2000-12-20,11.5625,11.5625,11.09375,11.125,7.635291576385498,48200,1264.739990234375
2000-12-21,11.125,11.6875,11.125,11.5,7.892654418945312,147800,1274.8599853515625
2000-12-22,11.5625,11.65625,11.25,11.375,7.80687141418457,210400,1305.949951171875
2000-12-26,11.40625,11.9375,11.40625,11.46875,7.871209621429443,212400,1315.18994140625
2000-12-27,11.53125,11.96875,11.53125,11.84375,8.12857723236084,142800,1328.9200439453125
2000-12-28,11.8125,12.78125,11.78125,12.75,8.7505521774292,161600,1334.219970703125
2000-12-29,12.84375,12.84375,12.125,12.375,8.49319076538086,226200,1320.280029296875
2001-01-02,12.3125,12.6875,11.5,11.6875,8.021344184875488,213200,1283.27001953125
2001-01-03,11.75,12.40625,11.0,11.34375,7.785419464111328,562800,1347.56005859375
2001-01-04,11.40625,12.0,11.40625,11.78125,8.08568286895752,516600,1333.3399658203125
2001-01-05,11.78125,11.78125,11.1875,11.59375,7.957001209259033,180400,1298.3499755859375
2001-01-08,11.65625,11.8125,11.21875,11.65625,7.999898433685303,192600,1295.8599853515625
2001-01-09,11.625,11.625,11.09375,11.3125,7.763972759246826,119000,1300.800048828125
2001-01-10,11.3125,11.8125,11.21875,11.8125,8.10713005065918,126000,1313.27001953125
2001-01-11,11.75,11.78125,11.09375,11.34375,7.785419464111328,117000,1326.8199462890625
2001-01-12,11.375,11.59375,11.1875,11.5,7.892654418945312,76000,1318.550048828125
2001-01-16,11.5,11.84375,11.3125,11.65625,7.999898433685303,89200,1326.6500244140625
2001-01-17,11.6875,12.03125,11.53125,11.59375,7.957001209259033,125200,1329.469970703125
2001-01-18,11.5625,11.78125,11.09375,11.78125,8.08568286895752,121800,1347.969970703125
2001-01-19,11.5,11.71875,11.125,11.40625,7.82831335067749,311200,1342.5400390625
2001-01-22,11.40625,12.34375,11.25,12.125,8.321605682373047,289200,1342.9000244140625
2001-01-23,12.0,12.25,12.0,12.125,8.321605682373047,178600,1360.4000244140625
2001-01-24,12.125,12.21875,11.90625,11.9375,8.192919731140137,170600,1364.300048828125
2001-01-25,11.9375,12.375,11.9375,12.1875,8.364503860473633,65400,1357.510009765625
2001-01-26,12.21875,12.3125,11.6875,11.8125,8.10713005065918,101600,1354.949951171875
2001-01-29,11.850000381469728,12.100000381469728,11.600000381469728,11.845000267028809,8.129437446594238,133000,1364.1700439453125
2001-01-30,11.90999984741211,12.25,11.824999809265137,12.0600004196167,8.27699089050293,134800,1373.72998046875
2001-01-31,12.100000381469728,12.625,12.0,12.524999618530272,8.596131324768066,310200,1366.010009765625
2001-02-01,12.505000114440918,12.600000381469728,11.9399995803833,12.324999809265137,8.458869934082031,143800,1373.469970703125
2001-02-02,12.300000190734863,12.5,12.175000190734863,12.1899995803833,8.366214752197266,423600,1349.469970703125
2001-02-05,12.225000381469728,12.295000076293944,12.100000381469728,12.244999885559082,8.403964042663574,152600,1354.31005859375
2001-02-06,12.324999809265137,12.324999809265137,12.149999618530272,12.175000190734863,8.355923652648926,144000,1352.260009765625
2001-02-07,12.199999809265137,12.274999618530272,12.175000190734863,12.260000228881836,8.41425895690918,151400,1340.8900146484375
2001-02-08,12.274999618530272,12.289999961853027,12.100000381469728,12.18000030517578,8.35935115814209,73800,1332.530029296875
2001-02-09,12.225000381469728,12.274999618530272,12.050000190734863,12.25,8.40739917755127,112600,1314.760009765625
2001-02-12,12.260000228881836,12.260000228881836,12.0,12.225000381469728,8.390236854553223,80400,1330.31005859375
2001-02-13,12.25,12.265000343322754,12.100000381469728,12.119999885559082,8.3181734085083,66400,1318.800048828125
2001-02-14,12.119999885559082,12.175000190734863,11.975000381469728,12.149999618530272,8.338763236999512,221400,1315.9200439453125
2001-02-15,12.164999961853027,12.399999618530272,12.15999984741211,12.244999885559082,8.403964042663574,155400,1326.6099853515625
2001-02-16,12.244999885559082,12.25,12.109999656677246,12.1899995803833,8.366214752197266,200800,1301.530029296875
2001-02-20,12.149999618530272,12.425000190734863,11.93000030517578,11.949999809265137,8.201499938964844,98200,1278.93994140625
2001-02-21,12.074999809265137,12.100000381469728,11.399999618530272,11.399999618530272,7.824025630950928,540400,1255.27001953125
2001-02-22,11.5,11.664999961853027,11.475000381469728,11.545000076293944,7.923542022705078,197400,1252.8199462890625
2001-02-23,11.550000190734863,11.75,11.225000381469728,11.354999542236328,7.793140888214111,166800,1245.8599853515625
2001-02-26,11.369999885559082,12.06999969482422,11.369999885559082,12.029999732971191,8.2564058303833,97400,1267.6500244140625
2001-02-27,12.074999809265137,12.074999809265137,11.75,11.880000114440918,8.153456687927246,53200,1257.93994140625
2001-02-28,11.925000190734863,11.984999656677246,11.744999885559082,11.925000190734863,8.184346199035645,147000,1239.93994140625
2001-03-01,11.824999809265137,11.994999885559082,11.824999809265137,11.975000381469728,8.218658447265625,147800,1241.22998046875
2001-03-02,11.975000381469728,12.25,11.949999809265137,12.024999618530272,8.252976417541504,215400,1234.1800537109375
2001-03-05,12.15999984741211,12.3100004196167,12.050000190734863,12.18000030517578,8.35935115814209,169800,1241.4100341796875
2001-03-06,12.199999809265137,12.25,12.0,12.005000114440918,8.239242553710938,201800,1253.800048828125
2001-03-07,12.024999618530272,12.024999618530272,11.800000190734863,11.800000190734863,8.098550796508789,361400,1261.8900146484375
2001-03-08,11.824999809265137,11.949999809265137,11.779999732971191,11.90999984741211,8.174043655395508,355600,1264.739990234375
2001-03-09,11.925000190734863,11.949999809265137,11.850000381469728,11.90999984741211,8.174043655395508,598400,1233.4200439453125
2001-03-12,11.925000190734863,11.949999809265137,11.75,11.75,8.06423568725586,187600,1180.1600341796875
2001-03-13,11.675000190734863,11.675000190734863,11.274999618530272,11.625,8.02282428741455,136200,1197.6600341796875
2001-03-14,11.630000114440918,11.71500015258789,11.524999618530272,11.604999542236328,8.009023666381836,133200,1166.7099609375
2001-03-15,11.5,11.670000076293944,11.3149995803833,11.579999923706056,7.99176549911499,194600,1173.56005859375
2001-03-16,11.600000381469728,11.75,11.475000381469728,11.595000267028809,8.002123832702637,274400,1150.530029296875
2001-03-19,11.574999809265137,11.869999885559082,11.574999809265137,11.800000190734863,8.143600463867188,235000,1170.81005859375
2001-03-20,11.75,12.0,11.5,11.699999809265137,8.07458782196045,194400,1142.6199951171875
2001-03-21,11.69499969482422,11.699999809265137,11.25,11.329999923706056,7.819238662719727,308000,1122.1400146484375
2001-03-22,11.34000015258789,11.34000015258789,10.640000343322754,11.074999809265137,7.643259048461914,157800,1117.5799560546875
2001-03-23,11.175000190734863,11.364999771118164,11.175000190734863,11.265000343322754,7.774378776550293,158000,1139.8299560546875
2001-03-26,11.265000343322754,11.375,10.600000381469728,10.949999809265137,7.556984424591064,211200,1152.68994140625
2001-03-27,10.949999809265137,11.30500030517578,10.800000190734863,11.300000190734863,7.7985334396362305,218600,1182.1700439453125
2001-03-28,11.25,11.375,11.039999961853027,11.074999809265137,7.643259048461914,412400,1153.2900390625
2001-03-29,11.074999809265137,11.239999771118164,11.0,11.0,7.591493129730225,136800,1147.949951171875
2001-03-30,11.005000114440918,11.335000038146973,11.0,11.225000381469728,7.746772766113281,183000,1160.3299560546875
2001-04-02,11.324999809265137,11.5,11.145000457763672,11.149999618530272,7.695011615753174,268800,1145.8699951171875
2001-04-03,11.175000190734863,11.175000190734863,10.755000114440918,10.93000030517578,7.543182849884033,128000,1106.4599609375
2001-04-04,10.949999809265137,11.25,10.949999809265137,11.175000190734863,7.712267875671387,114600,1103.25
2001-04-05,11.164999961853027,11.369999885559082,11.164999961853027,11.324999809265137,7.8157854080200195,264400,1151.43994140625
2001-04-06,11.350000381469728,11.350000381469728,11.154999732971191,11.25,7.764025688171387,143600,1128.4300537109375
2001-04-09,11.239999771118164,11.649999618530272,11.1899995803833,11.25,7.764025688171387,140200,1137.5899658203125
2001-04-10,11.274999618530272,11.774999618530272,11.274999618530272,11.69499969482422,8.071138381958008,121000,1168.3800048828125
2001-04-11,11.75,11.75,11.350000381469728,11.385000228881836,7.857194900512695,38800,1165.8900146484375
2001-04-12,11.359999656677246,11.5,11.024999618530272,11.3100004196167,7.805436611175537,61600,1183.5
2001-04-16,11.25,11.710000038146973,11.145000457763672,11.380000114440918,7.8537445068359375,70200,1179.6800537109375
2001-04-17,11.149999618530272,11.295000076293944,11.005000114440918,11.279999732971191,7.784730434417725,92600,1191.81005859375
2001-04-18,11.300000190734863,11.614999771118164,11.074999809265137,11.175000190734863,7.712267875671387,174600,1238.1600341796875
2001-04-19,11.25,11.295000076293944,11.0,11.295000076293944,7.795087814331055,82200,1253.68994140625
2001-04-20,11.449999809265137,11.600000381469728,11.25,11.529999732971191,7.957265377044678,158600,1242.97998046875
2001-04-23,11.449999809265137,11.574999809265137,11.225000381469728,11.494999885559082,7.933114051818848,236800,1224.3599853515625
2001-04-24,11.425000190734863,11.5,11.229999542236328,11.494999885559082,7.933114051818848,247800,1209.469970703125
2001-04-25,11.574999809265137,11.619999885559082,11.204999923706056,11.364999771118164,7.843391895294189,103200,1228.75
2001-04-26,11.475000381469728,11.949999809265137,11.40999984741211,11.489999771118164,7.929659843444824,443800,1234.52001953125
2001-04-27,11.550000190734863,11.699999809265137,11.484999656677246,11.55500030517578,7.974522590637207,71000,1253.050048828125
2001-04-30,11.600000381469728,11.925000190734863,11.600000381469728,11.68000030517578,8.060787200927734,118400,1249.4599609375
2001-05-01,11.68000030517578,11.68000030517578,11.3100004196167,11.31999969482422,7.812336444854736,133200,1266.43994140625
2001-05-02,11.324999809265137,11.324999809265137,10.600000381469728,11.085000038146973,7.650155544281006,230200,1267.4300537109375
2001-05-03,11.100000381469728,11.104999542236328,10.875,11.0649995803833,7.636348724365234,87000,1248.5799560546875
2001-05-04,11.024999618530272,11.244999885559082,10.949999809265137,11.244999885559082,7.7605791091918945,107600,1266.6099853515625
2001-05-07,11.225000381469728,11.350000381469728,10.949999809265137,11.05500030517578,7.629452228546143,81400,1263.510009765625
2001-05-08,11.0,11.199999809265137,10.90999984741211,11.130000114440918,7.681213855743408,53600,1261.199951171875
2001-05-09,11.100000381469728,11.199999809265137,11.050000190734863,11.154999732971191,7.69846248626709,41400,1255.5400390625
2001-05-10,11.050000190734863,11.145000457763672,10.994999885559082,11.109999656677246,7.667405605316162,45600,1255.1800537109375
2001-05-11,11.074999809265137,11.425000190734863,11.029999732971191,11.239999771118164,7.7571234703063965,193200,1245.6700439453125
2001-05-14,11.199999809265137,11.3149995803833,11.175000190734863,11.234999656677246,7.753681182861328,63800,1248.9200439453125
2001-05-15,11.100000381469728,11.164999961853027,11.024999618530272,11.15999984741211,7.701915264129639,171200,1249.43994140625
2001-05-16,11.225000381469728,11.5600004196167,11.149999618530272,11.510000228881836,7.943465232849121,98600,1284.989990234375
2001-05-17,11.550000190734863,11.614999771118164,11.399999618530272,11.614999771118164,8.015925407409668,124800,1288.489990234375
2001-05-18,11.550000190734863,11.600000381469728,11.279999732971191,11.479999542236328,7.922754764556885,190800,1291.9599609375
2001-05-21,11.515000343322754,11.6899995803833,11.4399995803833,11.6899995803833,8.06768798828125,116200,1312.8299560546875
2001-05-22,11.649999618530272,11.770000457763672,11.5,11.760000228881836,8.115994453430176,83800,1309.3800048828125
2001-05-23,11.725000381469728,11.75,11.449999809265137,11.449999809265137,7.902055740356445,110600,1289.050048828125
2001-05-24,11.5649995803833,11.574999809265137,11.0,11.475000381469728,7.919312000274658,158400,1293.1700439453125
2001-05-25,11.449999809265137,11.55500030517578,11.399999618530272,11.545000076293944,7.967617988586426,33800,1277.8900146484375
2001-05-29,11.420000076293944,11.625,11.350000381469728,11.489999771118164,7.929659843444824,77600,1267.9300537109375
2001-05-30,11.5,11.5,11.324999809265137,11.359999656677246,7.839941024780273,49600,1248.0799560546875
2001-05-31,11.399999618530272,11.75,11.350000381469728,11.449999809265137,7.902055740356445,141600,1255.8199462890625
2001-06-01,11.449999809265137,11.475000381469728,11.199999809265137,11.46500015258789,7.912403583526611,84800,1260.6700439453125
2001-06-04,11.5,11.664999961853027,11.5,11.649999618530272,8.040081024169922,50400,1267.1099853515625
2001-06-05,11.744999885559082,11.75,11.260000228881836,11.710000038146973,8.081489562988281,113200,1283.5699462890625
2001-06-06,11.800000190734863,11.800000190734863,11.399999618530272,11.420000076293944,7.881350994110107,208400,1270.030029296875
2001-06-07,11.449999809265137,11.5600004196167,11.364999771118164,11.43000030517578,7.888256072998047,86000,1276.9599609375
2001-06-08,11.449999809265137,11.449999809265137,11.024999618530272,11.359999656677246,7.839941024780273,65000,1264.9599609375
2001-06-11,11.399999618530272,11.399999618530272,11.300000190734863,11.354999542236328,7.836491584777832,31800,1254.3900146484375
2001-06-12,11.324999809265137,11.375,11.024999618530272,11.140000343322754,7.688114643096924,138600,1255.8499755859375
2001-06-13,11.06999969482422,11.449999809265137,11.06999969482422,11.30500030517578,7.847774505615234,102200,1241.5999755859375
2001-06-14,11.225000381469728,11.449999809265137,11.170000076293944,11.1899995803833,7.767945289611816,183400,1219.8699951171875
2001-06-15,11.149999618530272,11.274999618530272,10.899999618530272,10.984999656677246,7.625635623931885,184400,1214.3599853515625
2001-06-18,11.024999618530272,11.074999809265137,10.920000076293944,11.050000190734863,7.670756816864014,99000,1208.4300537109375
2001-06-19,11.045000076293944,11.100000381469728,11.0,11.050000190734863,7.670756816864014,73200,1212.5799560546875
2001-06-20,11.050000190734863,11.3100004196167,11.050000190734863,11.295000076293944,7.840833187103271,95600,1223.1400146484375
2001-06-21,11.329999923706056,11.329999923706056,11.005000114440918,11.244999885559082,7.806125164031982,106000,1237.0400390625
2001-06-22,11.324999809265137,11.324999809265137,10.625,10.71500015258789,7.438206672668457,113400,1225.3499755859375
2001-06-25,10.774999618530272,10.949999809265137,10.720000267028809,10.8100004196167,7.504154205322266,139400,1218.5999755859375
2001-06-26,10.8100004196167,11.449999809265137,10.704999923706056,11.3100004196167,7.851246356964111,223000,1216.760009765625
2001-06-27,11.3100004196167,11.524999618530272,11.300000190734863,11.324999809265137,7.861658096313477,149400,1211.0699462890625
2001-06-28,11.324999809265137,11.484999656677246,11.145000457763672,11.220000267028809,7.788771152496338,99200,1226.199951171875
2001-06-29,11.25,11.69499969482422,11.25,11.585000038146973,8.042145729064941,186400,1224.3800048828125
2001-07-02,11.585000038146973,11.675000190734863,11.300000190734863,11.515000343322754,7.993552684783935,131400,1236.719970703125
2001-07-03,11.520000457763672,11.520000457763672,11.369999885559082,11.420000076293944,7.927608013153076,19400,1234.449951171875
2001-07-05,11.220000267028809,11.515000343322754,11.175000190734863,11.395000457763672,7.910251617431641,116800,1219.239990234375
2001-07-06,11.399999618530272,11.399999618530272,10.949999809265137,11.010000228881836,7.642993927001953,71800,1190.5899658203125
2001-07-09,11.010000228881836,11.050000190734863,10.850000381469728,10.890000343322754,7.559686183929443,75200,1198.780029296875
2001-07-10,10.93000030517578,11.1899995803833,10.890000343322754,11.125,7.722824096679687,153000,1181.52001953125
2001-07-11,11.130000114440918,11.130000114440918,10.854999542236328,10.925000190734863,7.583986282348633,122400,1180.1800537109375
2001-07-12,10.925000190734863,11.050000190734863,10.75,10.774999618530272,7.479860782623291,295200,1208.1400146484375
2001-07-13,10.710000038146973,10.725000381469728,10.550000190734863,10.604999542236328,7.361845970153809,275400,1215.6800537109375
2001-07-16,10.25,10.5600004196167,10.175000190734863,10.460000038146973,7.2611870765686035,258800,1202.449951171875
2001-07-17,10.425000190734863,10.470000267028809,10.225000381469728,10.4399995803833,7.247302532196045,180000,1214.43994140625
2001-07-18,10.375,10.550000190734863,10.324999809265137,10.449999809265137,7.254244327545166,123800,1207.7099609375
2001-07-19,10.475000381469728,10.675000190734863,10.449999809265137,10.510000228881836,7.295897006988525,115400,1215.02001953125
2001-07-20,10.449999809265137,10.539999961853027,10.350000381469728,10.454999923706056,7.257713794708252,146000,1210.8499755859375
2001-07-23,10.425000190734863,10.425000190734863,10.149999618530272,10.25,7.115411758422852,276000,1191.030029296875
2001-07-24,10.375,10.375,10.149999618530272,10.300000190734863,7.150115489959717,152400,1171.6500244140625
2001-07-25,10.300000190734863,10.390000343322754,10.229999542236328,10.329999923706056,7.170942783355713,380000,1190.489990234375
2001-07-26,10.350000381469728,10.494999885559082,10.130000114440918,10.494999885559082,7.285484313964844,184200,1202.9300537109375
2001-07-27,10.574999809265137,10.800000190734863,10.255000114440918,10.30500030517578,7.153589248657227,261800,1205.8199462890625
2001-07-30,10.399999618530272,10.399999618530272,10.225000381469728,10.335000038146973,7.174415588378906,117000,1204.52001953125
2001-07-31,10.324999809265137,10.524999618530272,10.324999809265137,10.380000114440918,7.205654144287109,141800,1211.22998046875
2001-08-01,10.279999732971191,10.699999809265137,10.164999961853027,10.699999809265137,7.427793025970459,128000,1215.9300537109375
2001-08-02,10.774999618530272,10.774999618530272,10.420000076293944,10.425000190734863,7.2368903160095215,379200,1220.75
2001-08-03,10.399999618530272,10.4399995803833,10.225000381469728,10.239999771118164,7.108465671539307,197400,1214.3499755859375
2001-08-06,10.274999618530272,10.274999618530272,10.149999618530272,10.1850004196167,7.070285320281982,120600,1200.47998046875
2001-08-07,10.199999809265137,10.25,9.9399995803833,10.074999809265137,6.993924617767334,255200,1204.4000244140625
2001-08-08,10.0649995803833,10.21500015258789,9.9399995803833,9.9399995803833,6.900210380554199,131800,1183.530029296875
2001-08-09,9.989999771118164,10.25,9.949999809265137,10.25,7.115411758422852,101000,1183.4300537109375
2001-08-10,10.199999809265137,10.625,10.100000381469728,10.44499969482422,7.250774383544922,121400,1190.1600341796875
2001-08-13,10.399999618530272,10.425000190734863,10.220000267028809,10.399999618530272,7.219537258148193,121200,1191.2900390625
2001-08-14,10.5,10.5,10.220000267028809,10.220000267028809,7.094583511352539,124000,1186.72998046875
2001-08-15,10.25,10.475000381469728,10.225000381469728,10.43000030517578,7.240362167358398,82200,1178.02001953125
2001-08-16,10.399999618530272,10.44499969482422,10.274999618530272,10.43000030517578,7.240362167358398,135800,1181.6600341796875
2001-08-17,10.375,10.524999618530272,10.375,10.404999732971191,7.223008155822754,82000,1161.969970703125
2001-08-20,10.404999732971191,10.449999809265137,10.274999618530272,10.43000030517578,7.240362167358398,88800,1171.4100341796875
2001-08-21,10.43000030517578,10.734999656677246,10.43000030517578,10.5600004196167,7.330604553222656,124200,1157.260009765625
2001-08-22,10.53499984741211,10.53499984741211,10.204999923706056,10.460000038146973,7.2611870765686035,69600,1165.31005859375
2001-08-23,10.46500015258789,10.56999969482422,10.3100004196167,10.46500015258789,7.264659881591797,89400,1162.0899658203125
2001-08-24,10.449999809265137,10.65999984741211,10.425000190734863,10.65999984741211,7.400026321411133,85800,1184.9300537109375
2001-08-27,10.65999984741211,11.0,10.630000114440918,10.800000190734863,7.497207641601562,143400,1179.2099609375
2001-08-28,10.774999618530272,10.774999618530272,10.470000267028809,10.5600004196167,7.330604553222656,72600,1161.510009765625
2001-08-29,10.5600004196167,10.600000381469728,10.350000381469728,10.354999542236328,7.188297271728516,89200,1148.56005859375
2001-08-30,10.354999542236328,10.425000190734863,10.3100004196167,10.399999618530272,7.219537258148193,67400,1129.030029296875
2001-08-31,10.404999732971191,10.600000381469728,10.300000190734863,10.56999969482422,7.337546348571777,75400,1133.5799560546875
2001-09-04,10.545000076293944,10.619999885559082,10.460000038146973,10.460000038146973,7.2611870765686035,186600,1132.93994140625
2001-09-05,10.425000190734863,10.4399995803833,10.270000457763672,10.300000190734863,7.150115489959717,96600,1131.739990234375
2001-09-06,10.25,10.25,9.914999961853027,9.975000381469728,6.924508094787598,247400,1106.4000244140625
2001-09-07,10.0,10.095000267028809,9.770000457763672,9.824999809265137,6.820379734039307,133200,1085.780029296875
2001-09-10,9.755000114440918,9.9399995803833,9.6899995803833,9.725000381469728,6.750957012176514,157600,1092.5400390625
2001-09-17,9.550000190734863,9.550000190734863,9.135000228881836,9.135000228881836,6.470555305480957,148400,1038.77001953125
2001-09-18,9.140000343322754,9.5,8.850000381469727,8.914999961853027,6.314726829528809,135800,1032.739990234375
2001-09-19,8.9399995803833,9.024999618530272,8.444999694824219,8.954999923706055,6.3430585861206055,232600,1016.0999755859375
2001-09-20,8.890000343322754,8.890000343322754,8.5,8.675000190734863,6.144726276397705,256200,984.5399780273438
2001-09-21,8.675000190734863,8.805000305175781,8.25,8.78499984741211,6.222641468048096,447800,965.7999877929688
2001-09-24,8.675000190734863,9.324999809265137,8.675000190734863,9.21500015258789,6.527224540710449,158000,1003.4500122070312
2001-09-25,9.199999809265137,9.354999542236328,9.109999656677246,9.114999771118164,6.456390857696533,238600,1012.27001953125
2001-09-26,9.119999885559082,9.125,8.864999771118164,8.880000114440918,6.289933204650879,164600,1007.0399780273438
2001-09-27,8.925000190734863,9.210000038146973,8.899999618530273,9.149999618530272,6.4811835289001465,561000,1018.6099853515625
2001-09-28,9.149999618530272,9.5,9.149999618530272,9.449999809265137,6.693681240081787,135400,1040.93994140625
2001-10-01,9.449999809265137,9.449999809265137,9.0,9.15999984741211,6.4882636070251465,437800,1038.550048828125
2001-10-02,9.15999984741211,9.449999809265137,9.074999809265137,9.425000190734863,6.67597246170044,158000,1051.3299560546875
2001-10-03,9.3100004196167,9.390000343322754,9.119999885559082,9.380000114440918,6.644099712371826,114800,1072.280029296875
2001-10-04,9.399999618530272,9.399999618530272,8.680000305175781,8.729999542236328,6.183685302734375,681200,1069.6300048828125
2001-10-05,8.734999656677246,9.399999618530272,8.694999694824219,9.359999656677246,6.629929065704346,409600,1071.3800048828125
2001-10-08,9.475000381469728,9.475000381469728,9.3149995803833,9.354999542236328,6.626387596130371,127200,1062.43994140625
2001-10-09,9.300000190734863,9.600000381469728,9.289999961853027,9.595000267028809,6.796384811401367,194200,1056.75
2001-10-10,9.524999618530272,10.024999618530272,9.475000381469728,9.920000076293944,7.026592254638672,233600,1080.989990234375
2001-10-11,9.920000076293944,10.449999809265137,9.920000076293944,10.364999771118164,7.341800689697266,241800,1097.4300537109375
2001-10-12,10.350000381469728,10.354999542236328,10.0,10.19499969482422,7.221379280090332,189600,1091.6500244140625
2001-10-15,10.274999618530272,10.359999656677246,10.024999618530272,10.359999656677246,7.338257312774658,141200,1089.97998046875
2001-10-16,10.350000381469728,10.595000267028809,10.225000381469728,10.34000015258789,7.32409143447876,161800,1097.5400390625
2001-10-17,10.324999809265137,10.399999618530272,9.890000343322754,9.989999771118164,7.076172351837158,143200,1077.0899658203125
2001-10-18,9.989999771118164,9.989999771118164,9.614999771118164,9.904999732971191,7.015969753265381,126000,1068.6099853515625
2001-10-19,10.0,10.045000076293944,9.640000343322754,10.020000457763672,7.097424030303955,133400,1073.47998046875
2001-10-22,9.920000076293944,10.274999618530272,9.920000076293944,10.270000457763672,7.274503231048584,116400,1089.9000244140625
2001-10-23,10.300000190734863,10.4399995803833,10.175000190734863,10.350000381469728,7.331173419952393,152000,1084.780029296875
2001-10-24,10.350000381469728,10.390000343322754,10.050000190734863,10.204999923706056,7.228463172912598,112200,1085.199951171875
2001-10-25,10.225000381469728,10.239999771118164,9.949999809265137,10.149999618530272,7.189506530761719,82200,1100.0899658203125
2001-10-26,10.125,10.274999618530272,9.949999809265137,10.050000190734863,7.118675231933594,148200,1104.6099853515625
2001-10-29,10.050000190734863,10.199999809265137,9.94499969482422,10.149999618530272,7.189506530761719,169000,1078.300048828125
2001-10-30,10.100000381469728,10.199999809265137,9.970000267028809,10.024999618530272,7.100966930389404,127400,1059.7900390625
2001-10-31,10.024999618530272,10.125,9.84000015258789,9.970000267028809,7.062006950378418,225400,1059.780029296875
2001-11-01,10.079999923706056,10.25,10.005000114440918,10.244999885559082,7.25679874420166,130600,1084.0999755859375
2001-11-02,10.274999618530272,10.369999885559082,9.949999809265137,10.19499969482422,7.221379280090332,127600,1087.199951171875
2001-11-05,10.1899995803833,10.489999771118164,10.1899995803833,10.350000381469728,7.331173419952393,75400,1102.8399658203125
2001-11-06,10.25,10.5,10.204999923706056,10.5,7.437421798706055,82400,1118.8599853515625
2001-11-07,10.524999618530272,10.595000267028809,10.324999809265137,10.425000190734863,7.384298801422119,116800,1115.800048828125
2001-11-08,10.399999618530272,10.399999618530272,10.244999885559082,10.3149995803833,7.306381702423096,102800,1118.5400390625
2001-11-09,10.364999771118164,10.5,10.21500015258789,10.395000457763672,7.363048076629639,44600,1120.31005859375
2001-11-12,10.350000381469728,10.5,10.279999732971191,10.425000190734863,7.384298801422119,177800,1118.3299560546875
2001-11-13,10.449999809265137,10.600000381469728,10.395000457763672,10.5649995803833,7.483462810516357,153200,1139.0899658203125
2001-11-14,10.56999969482422,10.875,10.56999969482422,10.71500015258789,7.589711666107178,113200,1141.2099609375
2001-11-15,10.71500015258789,10.824999809265137,10.574999809265137,10.80500030517578,7.653463840484619,104200,1142.239990234375
2001-11-16,10.80500030517578,10.970000267028809,10.774999618530272,10.904999732971191,7.724293708801269,138800,1138.6500244140625
2001-11-19,10.789999961853027,10.975000381469728,10.774999618530272,10.899999618530272,7.720752239227295,90000,1151.06005859375
2001-11-20,10.824999809265137,11.0,10.734999656677246,10.9350004196167,7.745545387268066,83800,1142.6600341796875
2001-11-21,10.914999961853027,10.994999885559082,10.774999618530272,10.994999885559082,7.7880401611328125,132600,1137.030029296875
2001-11-23,10.949999809265137,11.114999771118164,10.869999885559082,11.074999809265137,7.844707489013672,45800,1150.3399658203125
2001-11-26,11.079999923706056,11.25,11.079999923706056,11.25,7.968669414520264,121600,1157.4200439453125
2001-11-27,11.225000381469728,11.3100004196167,11.125,11.25,7.968669414520264,224200,1149.5
2001-11-28,11.199999809265137,11.40999984741211,11.050000190734863,11.295000076293944,8.000540733337402,201400,1128.52001953125
2001-11-29,11.25,11.350000381469728,11.010000228881836,11.329999923706056,8.02532958984375,143800,1140.199951171875
2001-11-30,11.335000038146973,11.395000457763672,11.100000381469728,11.135000228881836,7.887208461761475,189200,1139.449951171875
2001-12-03,11.125,11.125,10.875,11.0,7.791583061218262,99800,1129.9000244140625
2001-12-04,10.979999542236328,11.175000190734863,10.800000190734863,11.119999885559082,7.876583099365234,92000,1144.800048828125
2001-12-05,11.125,11.475000381469728,11.125,11.335000038146973,8.028877258300781,101200,1170.3499755859375
2001-12-06,11.274999618530272,11.350000381469728,11.145000457763672,11.3149995803833,8.014702796936035,231000,1167.0999755859375
2001-12-07,11.199999809265137,11.395000457763672,11.19499969482422,11.329999923706056,8.02532958984375,105600,1158.31005859375
2001-12-10,11.274999618530272,11.375,11.140000343322754,11.234999656677246,7.958041667938232,135600,1139.9300537109375
2001-12-11,11.5,11.854999542236328,11.5,11.774999618530272,8.34053897857666,417400,1136.760009765625
2001-12-12,11.65999984741211,11.774999618530272,11.550000190734863,11.65999984741211,8.304924011230469,258200,1137.0699462890625
2001-12-13,11.625,11.68000030517578,11.30500030517578,11.30500030517578,8.052074432373047,232600,1119.3800048828125
2001-12-14,11.375,11.505000114440918,11.350000381469728,11.489999771118164,8.183845520019531,150800,1123.0899658203125
2001-12-17,11.550000190734863,11.8149995803833,11.545000076293944,11.80500030517578,8.408203125,165400,1134.3599853515625
2001-12-18,11.75,11.989999771118164,11.75,11.979999542236328,8.532846450805664,148200,1142.9200439453125
2001-12-19,11.854999542236328,11.949999809265137,11.625,11.699999809265137,8.333412170410156,159800,1149.56005859375
2001-12-20,11.675000190734863,11.835000038146973,11.56999969482422,11.729999542236328,8.354783058166504,129600,1139.9300537109375
2001-12-21,11.729999542236328,11.875,11.600000381469728,11.824999809265137,8.422446250915527,290800,1144.8900146484375
2001-12-24,11.925000190734863,11.93000030517578,11.789999961853027,11.875,8.45805835723877,45400,1144.6500244140625
2001-12-26,11.875,12.06999969482422,11.854999542236328,12.024999618530272,8.564901351928711,123600,1149.3699951171875
2001-12-27,12.029999732971191,12.364999771118164,12.029999732971191,12.149999618530272,8.653928756713867,297800,1157.1300048828125
2001-12-28,12.03499984741211,12.244999885559082,12.024999618530272,12.06999969482422,8.59695053100586,134200,1161.02001953125
2001-12-31,12.015000343322754,12.140000343322754,11.975000381469728,12.0,8.547098159790039,159600,1148.0799560546875
2002-01-02,12.0,12.0,11.654999732971191,11.949999809265137,8.511476516723633,178800,1154.6700439453125
2002-01-03,11.899999618530272,12.175000190734863,11.880000114440918,12.095000267028809,8.61475944519043,97400,1165.27001953125
2002-01-04,12.074999809265137,12.375,12.074999809265137,12.210000038146973,8.696664810180664,136600,1172.510009765625
2002-01-07,12.260000228881836,12.489999771118164,11.949999809265137,11.949999809265137,8.511476516723633,228200,1164.8900146484375
2002-01-08,11.949999809265137,11.994999885559082,11.699999809265137,11.949999809265137,8.511476516723633,118600,1160.7099609375
2002-01-09,11.949999809265137,12.149999618530272,11.835000038146973,11.835000038146973,8.42956829071045,184400,1155.1400146484375
2002-01-10,11.800000190734863,12.130000114440918,11.765000343322754,12.06999969482422,8.59695053100586,251600,1156.550048828125
2002-01-11,12.06999969482422,12.100000381469728,11.765000343322754,11.765000343322754,8.379712104797363,79000,1145.5999755859375
2002-01-14,11.774999618530272,11.774999618530272,11.494999885559082,11.5,8.190964698791504,97600,1138.4100341796875
2002-01-15,11.5,11.625,11.204999923706056,11.449999809265137,8.155349731445312,92200,1146.18994140625
2002-01-16,11.449999809265137,11.449999809265137,11.050000190734863,11.199999809265137,7.97728157043457,123600,1127.5699462890625
2002-01-17,11.09000015258789,11.28499984741211,10.949999809265137,11.28499984741211,8.037827491760254,118000,1138.8800048828125
2002-01-18,11.300000190734863,11.494999885559082,11.234999656677246,11.350000381469728,8.084125518798828,96400,1127.5799560546875
2002-01-22,11.359999656677246,11.539999961853027,11.359999656677246,11.364999771118164,8.094810485839844,166400,1119.31005859375
2002-01-23,11.375,11.774999618530272,11.329999923706056,11.744999885559082,8.365463256835938,412200,1128.1800537109375
2002-01-24,11.744999885559082,11.744999885559082,11.25,11.390000343322754,8.11260986328125,466400,1132.1500244140625
2002-01-25,11.324999809265137,11.880000114440918,11.324999809265137,11.864999771118164,8.450934410095215,140000,1133.280029296875
2002-01-28,11.899999618530272,12.015000343322754,11.699999809265137,11.770000457763672,8.383275985717773,148600,1133.06005859375
2002-01-29,11.774999618530272,11.774999618530272,11.350000381469728,11.449999809265137,8.155349731445312,206200,1100.6400146484375
2002-01-30,11.5,11.675000190734863,11.454999923706056,11.675000190734863,8.31561279296875,303800,1113.5699462890625
2002-01-31,11.675000190734863,11.765000343322754,11.585000038146973,11.725000381469728,8.351222038269043,187800,1130.199951171875
2002-02-01,11.765000343322754,11.9399995803833,11.55500030517578,11.55500030517578,8.23013687133789,181000,1122.199951171875
2002-02-04,11.550000190734863,11.78499984741211,11.539999961853027,11.670000076293944,8.31204605102539,203400,1094.43994140625
2002-02-05,11.600000381469728,12.050000190734863,11.515000343322754,11.875,8.45805835723877,291000,1090.02001953125
2002-02-06,11.975000381469728,12.100000381469728,11.850000381469728,11.899999618530272,8.47586727142334,237200,1083.510009765625
2002-02-07,11.875,11.920000076293944,11.404999732971191,11.5,8.190964698791504,243200,1080.1700439453125
2002-02-08,11.5,11.864999771118164,11.5,11.864999771118164,8.450934410095215,101000,1096.219970703125
2002-02-11,11.899999618530272,12.289999961853027,11.885000228881836,11.890000343322754,8.468743324279785,198400,1111.93994140625
2002-02-12,11.850000381469728,12.125,11.800000190734863,11.949999809265137,8.511476516723633,124000,1107.5
2002-02-13,11.949999809265137,12.074999809265137,11.899999618530272,12.074999809265137,8.600513458251953,113800,1118.510009765625
2002-02-14,12.074999809265137,12.199999809265137,12.05500030517578,12.125,8.636119842529297,94600,1116.47998046875
2002-02-15,12.130000114440918,12.46500015258789,12.130000114440918,12.350000381469728,8.79638385772705,192600,1104.1800537109375
2002-02-19,12.350000381469728,12.350000381469728,11.649999618530272,11.779999732971191,8.39039134979248,295200,1083.3399658203125
2002-02-20,11.824999809265137,12.204999923706056,11.824999809265137,12.175000190734863,8.671732902526855,186600,1097.97998046875
2002-02-21,12.125,12.164999961853027,11.755000114440918,11.760000228881836,8.376152992248535,326800,1080.949951171875
2002-02-22,11.824999809265137,12.074999809265137,11.8149995803833,12.039999961853027,8.575580596923828,162400,1089.8399658203125
2002-02-25,12.050000190734863,12.074999809265137,11.979999542236328,12.050000190734863,8.582703590393066,358600,1109.4300537109375
2002-02-26,12.074999809265137,12.100000381469728,11.979999542236328,12.010000228881836,8.554215431213379,228400,1109.3800048828125
2002-02-27,12.050000190734863,12.074999809265137,11.875,12.020000457763672,8.561331748962402,209600,1109.8900146484375
2002-02-28,12.050000190734863,12.100000381469728,11.734999656677246,11.854999542236328,8.443814277648926,508400,1106.72998046875
2002-03-01,11.899999618530272,12.130000114440918,11.850000381469728,12.125,8.636119842529297,637000,1131.780029296875
2002-03-04,12.0,12.649999618530272,12.0,12.574999809265137,8.956639289855957,396000,1153.8399658203125
2002-03-05,12.675000190734863,12.699999809265137,12.515000343322754,12.539999961853027,8.931713104248047,262200,1146.1400146484375
2002-03-06,12.574999809265137,12.75,12.5649995803833,12.75,9.081284523010254,242600,1162.77001953125
2002-03-07,12.75,12.859999656677246,12.734999656677246,12.744999885559082,9.077722549438477,316600,1157.5400390625
2002-03-08,12.824999809265137,12.949999809265137,12.675000190734863,12.854999542236328,9.156073570251465,308400,1164.31005859375
2002-03-11,12.850000381469728,13.0,12.760000228881836,12.949999809265137,9.223734855651855,224200,1168.260009765625
2002-03-12,12.899999618530272,12.994999885559082,12.640000343322754,12.734999656677246,9.070600509643556,261600,1165.5799560546875
2002-03-13,12.710000038146973,12.949999809265137,12.670000076293944,12.854999542236328,9.203043937683104,161800,1154.0899658203125
2002-03-14,12.854999542236328,13.079999923706056,12.854999542236328,13.015000343322754,9.317590713500977,254800,1153.0400390625
2002-03-15,13.024999618530272,13.30500030517578,13.0,13.21500015258789,9.460773468017578,347200,1166.1600341796875
2002-03-18,13.21500015258789,13.489999771118164,13.199999809265137,13.364999771118164,9.568157196044922,264200,1165.550048828125
2002-03-19,13.364999771118164,13.369999885559082,13.010000228881836,13.119999885559082,9.392763137817385,588400,1170.2900390625
2002-03-20,13.100000381469728,13.1899995803833,13.0,13.175000190734863,9.432134628295898,621600,1151.8499755859375
2002-03-21,13.074999809265137,13.140000343322754,13.0,13.085000038146973,9.367703437805176,1064400,1153.5899658203125
2002-03-22,13.050000190734863,13.100000381469728,13.005000114440918,13.029999732971191,9.328330039978027,164400,1148.699951171875
2002-03-25,13.024999618530272,13.050000190734863,12.975000381469728,13.015000343322754,9.317590713500977,349200,1131.8699951171875
2002-03-26,12.989999771118164,13.039999961853027,12.904999732971191,13.020000457763672,9.321170806884766,170200,1138.489990234375
2002-03-27,13.125,13.5,13.125,13.470000267028809,9.643328666687012,676200,1144.5799560546875
2002-03-28,13.475000381469728,13.864999771118164,13.475000381469728,13.779999732971191,9.865263938903809,930600,1147.3900146484375
2002-04-01,13.779999732971191,13.96500015258789,13.774999618530272,13.8149995803833,9.890318870544434,619200,1146.5400390625
2002-04-02,13.81999969482422,13.859999656677246,13.489999771118164,13.5,9.664807319641112,402400,1136.760009765625
2002-04-03,13.550000190734863,13.625,13.449999809265137,13.524999618530272,9.682706832885742,396600,1125.4000244140625
2002-04-04,13.524999618530272,13.524999618530272,13.335000038146973,13.479999542236328,9.650489807128906,343600,1126.3399658203125
2002-04-05,13.460000038146973,13.75,13.460000038146973,13.68000030517578,9.793672561645508,450200,1122.72998046875
2002-04-08,13.68000030517578,13.68000030517578,13.399999618530272,13.520000457763672,9.679129600524902,272400,1125.2900390625
2002-04-09,13.574999809265137,13.8149995803833,13.574999809265137,13.654999732971191,9.77577304840088,157800,1117.800048828125
2002-04-10,13.65999984741211,14.5,13.65999984741211,14.420000076293944,10.323443412780762,558600,1130.469970703125
2002-04-11,14.420000076293944,14.65999984741211,13.975000381469728,14.079999923706056,10.080034255981444,250200,1103.68994140625
2002-04-12,14.085000038146973,14.515000343322754,14.024999618530272,14.515000343322754,10.391460418701172,356000,1111.010009765625
2002-04-15,14.510000228881836,14.515000343322754,14.114999771118164,14.399999618530272,10.30912971496582,239000,1102.550048828125
2002-04-16,14.399999618530272,14.770000457763672,14.399999618530272,14.664999961853027,10.498845100402832,175800,1128.3699951171875
2002-04-17,14.765000343322754,15.18000030517578,14.75,14.824999809265137,10.61339282989502,443000,1126.0699462890625
2002-04-18,14.699999809265137,14.704999923706056,14.0,14.135000228881836,10.119415283203123,368200,1124.469970703125
2002-04-19,14.25,14.399999618530272,13.699999809265137,14.324999809265137,10.255435943603516,304600,1125.1700439453125
2002-04-22,14.3149995803833,14.3149995803833,14.0,14.104999542236328,10.09793758392334,211600,1107.8299560546875
2002-04-23,14.100000381469728,14.210000038146973,14.020000457763672,14.104999542236328,10.09793758392334,204000,1100.9599609375
2002-04-24,14.104999542236328,14.5,14.095000267028809,14.204999923706056,10.169526100158691,429800,1093.1400146484375
2002-04-25,14.149999618530272,14.5,14.0,14.364999771118164,10.284071922302246,544600,1091.47998046875
2002-04-26,14.369999885559082,14.489999771118164,14.300000190734863,14.350000381469728,10.273330688476562,288000,1076.3199462890625
2002-04-29,14.354999542236328,14.414999961853027,14.010000228881836,14.239999771118164,10.19458293914795,236000,1065.449951171875
2002-04-30,14.239999771118164,14.824999809265137,14.239999771118164,14.824999809265137,10.61339282989502,277200,1076.9200439453125
2002-05-01,14.774999618530272,14.779999732971191,14.5,14.6899995803833,10.516740798950195,190400,1086.4599609375
2002-05-02,14.774999618530272,15.279999732971191,14.729999542236328,15.210000038146973,10.889019012451172,360400,1084.56005859375
2002-05-03,15.210000038146973,15.225000381469728,14.93000030517578,15.149999618530272,10.846061706542969,292600,1073.4300537109375
2002-05-06,15.225000381469728,15.399999618530272,15.100000381469728,15.244999885559082,10.914077758789062,238600,1052.6700439453125
2002-05-07,15.225000381469728,15.470000267028809,15.074999809265137,15.3149995803833,10.964191436767578,214400,1049.489990234375
2002-05-08,15.550000190734863,15.75,15.5,15.75,11.275606155395508,229200,1088.8499755859375
2002-05-09,15.75,16.0,15.664999961853027,15.725000381469728,11.257708549499512,280200,1073.010009765625
2002-05-10,15.675000190734863,15.675000190734863,15.024999618530272,15.1899995803833,10.874695777893066,197400,1054.989990234375
2002-05-13,15.350000381469728,15.550000190734863,15.274999618530272,15.550000190734863,11.132426261901855,168800,1074.56005859375
2002-05-14,15.595000267028809,16.299999237060547,15.595000267028809,16.260000228881836,11.64072608947754,260000,1097.280029296875
2002-05-15,16.25,16.28499984741211,15.425000190734863,15.68000030517578,11.22549533843994,261200,1091.0699462890625
2002-05-16,15.68000030517578,15.975000381469728,15.5,15.875,11.365094184875488,389000,1098.22998046875
2002-05-17,15.875,15.875,15.5649995803833,15.739999771118164,11.268447875976562,202400,1106.5899658203125
2002-05-20,15.864999771118164,16.0,15.6850004196167,15.899999618530272,11.382994651794434,479000,1091.8800048828125
2002-05-21,15.875,15.984999656677246,15.574999809265137,15.734999656677246,11.26487159729004,211000,1079.8800048828125
2002-05-22,15.699999809265137,15.824999809265137,15.524999618530272,15.729999542236328,11.261292457580566,186600,1086.02001953125
2002-05-23,15.699999809265137,16.25,15.614999771118164,16.2450008392334,11.629985809326172,247800,1097.0799560546875
2002-05-24,16.075000762939453,16.135000228881836,15.869999885559082,15.899999618530272,11.382994651794434,122800,1083.8199462890625
2002-05-28,15.899999618530272,15.899999618530272,15.46500015258789,15.574999809265137,11.1503267288208,223400,1074.550048828125
2002-05-29,15.550000190734863,15.619999885559082,15.399999618530272,15.505000114440918,11.100211143493652,729800,1067.6600341796875
2002-05-30,15.510000228881836,15.949999809265137,15.510000228881836,15.885000228881836,11.372259140014648,220600,1064.6600341796875
2002-05-31,15.885000228881836,16.145000457763672,15.829999923706056,15.9399995803833,11.411635398864746,204000,1067.1400146484375
2002-06-03,15.9399995803833,16.114999771118164,15.649999618530272,15.755000114440918,11.27918529510498,315000,1040.6800537109375
2002-06-04,15.699999809265137,15.75,15.515000343322754,15.68000030517578,11.22549533843994,213400,1040.68994140625
2002-06-05,15.574999809265137,16.149999618530273,15.56999969482422,16.125,11.544076919555664,401200,1049.9000244140625
2002-06-06,16.125,16.350000381469727,16.0,16.024999618530273,11.472484588623049,321800,1029.1500244140625
2002-06-07,15.899999618530272,16.264999389648438,15.875,16.25,11.63356876373291,344600,1027.530029296875
2002-06-10,16.174999237060547,16.5,16.174999237060547,16.44499969482422,11.773165702819824,515400,1030.739990234375
2002-06-11,16.475000381469727,16.4950008392334,16.100000381469727,16.190000534057617,11.590611457824709,360400,1013.5999755859375
2002-06-12,16.225000381469727,16.235000610351562,15.824999809265137,15.925000190734863,11.446849822998049,250600,1020.260009765625
2002-06-13,15.989999771118164,15.989999771118164,15.56999969482422,15.56999969482422,11.191678047180176,279800,1009.5599975585938
2002-06-14,15.5600004196167,16.079999923706055,15.25,16.079999923706055,11.558267593383787,433600,1007.27001953125
2002-06-17,16.079999923706055,16.270000457763672,15.850000381469728,16.1299991607666,11.594207763671877,216200,1036.1700439453125
2002-06-18,16.0049991607666,16.25,16.0049991607666,16.174999237060547,11.626550674438477,317200,1037.1400146484375
2002-06-19,16.100000381469727,16.125,15.625,15.760000228881836,11.328250885009766,321000,1019.989990234375
2002-06-20,15.760000228881836,15.875,15.704999923706056,15.755000114440918,11.324652671813965,406200,1006.2899780273438
2002-06-21,15.649999618530272,15.770000457763672,15.515000343322754,15.739999771118164,11.313870429992676,244000,989.1400146484375
2002-06-24,15.739999771118164,15.800000190734863,15.199999809265137,15.614999771118164,11.224024772644045,276400,992.719970703125
2002-06-25,15.649999618530272,15.65999984741211,15.010000228881836,15.225000381469728,10.94369411468506,489600,976.1400146484375
2002-06-26,14.949999809265137,15.045000076293944,14.795000076293944,14.94499969482422,10.742431640625,489800,973.530029296875
2002-06-27,15.175000190734863,15.300000190734863,14.880000114440918,15.100000381469728,10.853848457336426,528600,990.6400146484375
2002-06-28,15.100000381469728,15.5,15.079999923706056,15.375,11.051514625549316,1125400,989.8200073242188
2002-07-01,15.550000190734863,15.875,15.454999923706056,15.789999961853027,11.349809646606444,415600,968.6500244140625
2002-07-02,15.739999771118164,15.789999961853027,15.470000267028809,15.53499984741211,11.166519165039062,380600,948.0900268554688
2002-07-03,15.425000190734863,15.524999618530272,15.199999809265137,15.375,11.051514625549316,318600,953.989990234375
2002-07-05,15.425000190734863,15.975000381469728,15.380000114440918,15.81999969482422,11.37137508392334,161000,989.030029296875
2002-07-08,15.725000381469728,15.949999809265137,15.68000030517578,15.725000381469728,11.303089141845703,244200,976.97998046875
2002-07-09,15.725000381469728,15.789999961853027,15.25,15.25,10.961662292480469,291400,952.8300170898438
2002-07-10,15.255000114440918,15.255000114440918,14.925000190734863,15.0,10.781962394714355,182600,920.469970703125
2002-07-11,15.0,15.149999618530272,14.654999732971191,15.024999618530272,10.799935340881348,309800,927.3699951171875
2002-07-12,15.015000343322754,15.350000381469728,14.899999618530272,14.975000381469728,10.763994216918944,261800,921.3900146484375
2002-07-15,14.949999809265137,14.949999809265137,14.614999771118164,14.875,10.69211483001709,514000,917.9299926757812
2002-07-16,14.864999771118164,14.9350004196167,14.515000343322754,14.635000228881836,10.51959991455078,249400,900.9400024414062
2002-07-17,14.635000228881836,14.850000381469728,14.449999809265137,14.574999809265137,10.47647476196289,276400,906.0399780273438
2002-07-18,14.574999809265137,14.625,14.350000381469728,14.369999885559082,10.329120635986328,234000,881.5599975585938
2002-07-19,14.369999885559082,14.369999885559082,13.899999618530272,13.93000030517578,10.01285171508789,231200,847.75
2002-07-22,13.899999618530272,14.114999771118164,13.3100004196167,13.524999618530272,9.7217378616333,212600,819.8499755859375
2002-07-23,13.475000381469728,13.600000381469728,13.170000076293944,13.220000267028809,9.5025053024292,214200,797.7000122070312
2002-07-24,13.21500015258789,13.975000381469728,12.850000381469728,13.949999809265137,10.02722454071045,653200,843.4299926757812
2002-07-25,13.975000381469728,14.484999656677246,13.850000381469728,14.449999809265137,10.386624336242676,332800,838.6799926757812
2002-07-26,14.475000381469728,14.475000381469728,13.875,13.949999809265137,10.02722454071045,180600,852.8400268554688
2002-07-29,13.899999618530272,15.0,13.899999618530272,14.949999809265137,10.746024131774902,213000,898.9600219726562
2002-07-30,14.954999923706056,14.954999923706056,14.399999618530272,14.600000381469728,10.494443893432615,173000,902.780029296875
2002-07-31,14.550000190734863,14.895000457763672,14.46500015258789,14.779999732971191,10.623830795288086,202600,911.6199951171875
2002-08-01,14.899999618530272,15.375,14.729999542236328,14.75,10.602267265319824,216200,884.6599731445312
2002-08-02,14.755000114440918,14.824999809265137,14.130000114440918,14.154999732971191,10.174580574035645,164400,864.239990234375
2002-08-05,14.154999732971191,14.43000030517578,14.149999618530272,14.204999923706056,10.210519790649414,232400,834.5999755859375
2002-08-06,14.524999618530272,14.81999969482422,14.524999618530272,14.630000114440918,10.516008377075195,168200,859.5700073242188
2002-08-07,14.75,15.145000457763672,14.68000030517578,14.979999542236328,10.767583847045898,155200,876.77001953125
2002-08-08,14.854999542236328,15.380000114440918,14.854999542236328,15.380000114440918,11.05510711669922,98400,905.4600219726562
2002-08-09,15.324999809265137,15.425000190734863,15.125,15.350000381469728,11.033543586730955,126400,908.6400146484375
2002-08-12,15.300000190734863,15.4350004196167,15.095000267028809,15.43000030517578,11.091042518615724,102200,903.7999877929688
2002-08-13,15.414999961853027,15.614999771118164,15.175000190734863,15.18000030517578,10.911348342895508,156600,884.2100219726562
2002-08-14,15.1850004196167,15.5649995803833,14.75,15.550000190734863,11.177297592163086,211600,919.6199951171875
2002-08-15,15.5,15.604999542236328,15.265000343322754,15.425000190734863,11.087451934814451,151200,930.25
2002-08-16,15.399999618530272,15.604999542236328,15.375,15.524999618530272,11.159329414367676,105000,928.77001953125
2002-08-19,15.5,15.75,15.345000267028809,15.494999885559082,11.13776969909668,172400,950.7000122070312
2002-08-20,15.494999885559082,15.494999885559082,15.270000457763672,15.404999732971191,11.073073387145996,182800,937.4299926757812
2002-08-21,15.40999984741211,15.5,15.270000457763672,15.5,11.141358375549316,451400,949.3599853515625
2002-08-22,15.550000190734863,15.800000190734863,15.300000190734863,15.494999885559082,11.13776969909668,163600,962.7000122070312
2002-08-23,15.494999885559082,15.510000228881836,15.149999618530272,15.255000114440918,10.965254783630373,145200,940.8599853515625
2002-08-26,15.265000343322754,15.375,15.095000267028809,15.375,11.051514625549316,146600,947.9500122070312
2002-08-27,15.425000190734863,15.524999618530272,15.164999961853027,15.220000267028809,10.940106391906738,163600,934.8200073242188
2002-08-28,15.199999809265137,15.199999809265137,14.835000038146973,15.0,10.781962394714355,101000,917.8699951171875
2002-08-29,15.0,15.199999809265137,14.94499969482422,15.104999542236328,10.857434272766112,151800,917.7999877929688
2002-08-30,15.125,15.494999885559082,15.125,15.414999961853027,11.08026123046875,104600,916.0700073242188
2002-09-03,15.300000190734863,15.300000190734863,14.949999809265137,15.03499984741211,10.807117462158203,128600,878.02001953125
2002-09-04,15.024999618530272,15.350000381469728,14.975000381469728,15.345000267028809,11.029948234558104,234400,893.4000244140625
2002-09-05,14.975000381469728,14.979999542236328,14.350000381469728,14.5,10.422564506530762,687800,879.1500244140625
2002-09-06,14.5,14.779999732971191,14.274999618530272,14.59000015258789,10.487258911132812,432000,893.9199829101562
2002-09-09,14.625,14.864999771118164,14.524999618530272,14.75,10.602267265319824,334800,902.9600219726562
2002-09-10,14.755000114440918,14.850000381469728,14.725000381469728,14.824999809265137,10.656176567077637,165600,909.5800170898438
2002-09-11,14.8149995803833,14.824999809265137,14.704999923706056,14.765000343322754,10.663397789001465,121400,909.4500122070312
2002-09-12,14.75,14.75,14.449999809265137,14.479999542236328,10.457568168640137,120200,886.9099731445312
2002-09-13,14.449999809265137,14.529999732971191,14.175000190734863,14.470000267028809,10.450345039367676,202400,889.8099975585938
2002-09-16,14.449999809265137,14.539999961853027,14.399999618530272,14.489999771118164,10.464787483215332,185600,891.0999755859375
2002-09-17,14.550000190734863,14.619999885559082,14.225000381469728,14.274999618530272,10.309511184692385,179400,873.52001953125
2002-09-18,14.175000190734863,14.199999809265137,13.994999885559082,14.050000190734863,10.147019386291504,211800,869.4600219726562
2002-09-19,14.0,14.0,13.43000030517578,13.43000030517578,9.69924545288086,392000,843.3200073242188
2002-09-20,13.43000030517578,13.625,13.300000190734863,13.539999961853027,9.778692245483398,598600,845.3900146484375
2002-09-23,13.550000190734863,13.550000190734863,13.399999618530272,13.489999771118164,9.742584228515623,314200,833.7000122070312
2002-09-24,13.300000190734863,13.300000190734863,12.90999984741211,12.949999809265137,9.35259246826172,194400,819.2899780273438
2002-09-25,12.954999923706056,13.145000457763672,12.80500030517578,13.029999732971191,9.410367012023926,293800,839.6599731445312
2002-09-26,13.100000381469728,13.289999961853027,13.100000381469728,13.229999542236328,9.554807662963867,168800,854.9500122070312
2002-09-27,13.199999809265137,13.204999923706056,12.75,12.795000076293944,9.240645408630373,163400,827.3699951171875
2002-09-30,12.550000190734863,12.699999809265137,12.399999618530272,12.645000457763672,9.132318496704102,359400,815.280029296875
2002-10-01,12.850000381469728,13.75,12.850000381469728,13.729999542236328,9.915912628173828,562600,847.9099731445312
2002-10-02,13.734999656677246,13.734999656677246,13.125,13.300000190734863,9.605366706848145,652200,827.9099731445312
2002-10-03,13.274999618530272,13.699999809265137,13.0649995803833,13.154999732971191,9.500643730163574,335000,818.9500122070312
2002-10-04,13.25,13.274999618530272,12.664999961853027,12.760000228881836,9.215373992919922,224400,800.5800170898438
2002-10-07,12.725000381469728,12.75,12.375,12.385000228881836,8.944539070129395,123200,785.280029296875
2002-10-08,12.399999618530272,12.625,12.270000457763672,12.5,9.027597427368164,282200,798.5499877929688
2002-10-09,12.5,12.520000457763672,11.800000190734863,11.835000038146973,8.547324180603027,284600,776.760009765625
2002-10-10,11.885000228881836,12.529999732971191,11.885000228881836,12.520000457763672,9.042037963867188,441400,803.9199829101562
2002-10-11,12.800000190734863,13.149999618530272,12.75,13.09000015258789,9.453700065612791,184000,835.3200073242188
2002-10-14,13.050000190734863,13.175000190734863,12.770000457763672,12.904999732971191,9.320091247558594,170200,841.4400024414062
2002-10-15,13.020000457763672,13.75,13.020000457763672,13.68000030517578,9.879801750183104,145000,881.27001953125
2002-10-16,13.649999618530272,13.800000190734863,13.234999656677246,13.25,9.569249153137209,151600,860.02001953125
2002-10-17,13.494999885559082,13.875,13.489999771118164,13.800000190734863,9.966463088989258,90200,879.2000122070312
2002-10-18,13.800000190734863,13.850000381469728,13.40999984741211,13.604999542236328,9.825639724731444,87600,884.3900146484375
2002-10-21,13.595000267028809,13.975000381469728,13.375,13.970000267028809,10.089242935180664,221400,899.719970703125
2002-10-22,13.920000076293944,13.925000190734863,13.574999809265137,13.630000114440918,9.84368896484375,251800,890.1599731445312
2002-10-23,14.050000190734863,14.050000190734863,13.425000190734863,13.760000228881836,9.937579154968262,326600,896.1400146484375
2002-10-24,13.774999618530272,13.774999618530272,13.369999885559082,13.390000343322754,9.67035961151123,328000,882.5
2002-10-25,13.390000343322754,13.949999809265137,13.300000190734863,13.875,10.020627975463867,222800,897.6500244140625
2002-10-28,13.949999809265137,14.024999618530272,13.755000114440918,13.789999961853027,9.959245681762695,161400,890.22998046875
2002-10-29,13.78499984741211,13.899999618530272,13.619999885559082,13.885000228881836,10.02785587310791,259800,882.1500244140625
2002-10-30,13.890000343322754,13.979999542236328,13.789999961853027,13.94499969482422,10.071182250976562,179000,890.7100219726562
2002-10-31,13.94499969482422,14.0600004196167,13.80500030517578,14.0600004196167,10.154242515563965,166400,885.760009765625
2002-11-01,14.199999809265137,14.354999542236328,13.96500015258789,14.354999542236328,10.367292404174805,185200,900.9600219726562
2002-11-04,14.399999618530272,14.399999618530272,14.25,14.260000228881836,10.298683166503906,89200,908.3499755859375
2002-11-05,14.274999618530272,14.5,14.260000228881836,14.489999771118164,10.464787483215332,172400,915.3900146484375
2002-11-06,14.489999771118164,14.899999618530272,14.345000267028809,14.800000190734863,10.688673973083496,176600,923.760009765625
2002-11-07,14.75,14.774999618530272,14.529999732971191,14.625,10.56228733062744,191400,902.6500244140625
2002-11-08,14.574999809265137,14.69499969482422,14.274999618530272,14.350000381469728,10.36368179321289,143200,894.739990234375
2002-11-11,14.399999618530272,14.475000381469728,14.024999618530272,14.024999618530272,10.128960609436035,146600,876.1900024414062
2002-11-12,14.029999732971191,14.475000381469728,13.949999809265137,14.220000267028809,10.26979160308838,137400,882.9500122070312
2002-11-13,14.220000267028809,14.550000190734863,14.149999618530272,14.420000076293944,10.414233207702637,117400,882.530029296875
2002-11-14,14.475000381469728,14.744999885559082,14.46500015258789,14.640000343322754,10.5731201171875,123800,904.27001953125
2002-11-15,14.524999618530272,14.984999656677246,14.5,14.984999656677246,10.822282791137695,191200,909.8300170898438
2002-11-18,14.984999656677246,15.005000114440918,14.864999771118164,14.864999771118164,10.735613822937012,394000,900.3599853515625
2002-11-19,14.949999809265137,15.0,14.859999656677246,14.9350004196167,10.78617000579834,493200,896.739990234375
2002-11-20,14.899999618530272,14.960000038146973,14.835000038146973,14.93000030517578,10.782562255859377,458800,914.1500244140625
2002-11-21,15.0,15.449999809265137,14.9399995803833,15.4399995803833,11.150885581970217,294600,933.760009765625
2002-11-22,15.375,15.505000114440918,15.029999732971191,15.145000457763672,10.93782901763916,349800,930.5499877929688
2002-11-25,15.149999618530272,15.449999809265137,14.970000267028809,15.3149995803833,11.0606107711792,208200,932.8699951171875
2002-11-26,15.274999618530272,15.274999618530272,14.80500030517578,14.975000381469728,10.815059661865234,175800,913.3099975585938
2002-11-27,15.050000190734863,15.475000381469728,15.050000190734863,15.460000038146973,11.165331840515137,139200,938.8699951171875
2002-11-29,15.5,15.664999961853027,15.5,15.574999809265137,11.248384475708008,41200,936.3099975585938
2002-12-02,15.675000190734863,15.68000030517578,15.4399995803833,15.579999923706056,11.251996994018556,196600,934.530029296875
2002-12-03,15.600000381469728,15.600000381469728,15.225000381469728,15.265000343322754,11.024503707885742,240200,920.75
2002-12-04,15.25,15.53499984741211,15.0,15.5,11.194212913513184,239400,917.5800170898438
2002-12-05,15.505000114440918,15.505000114440918,15.024999618530272,15.15999984741211,10.948671340942385,138600,906.5499877929688
2002-12-06,15.0600004196167,15.53499984741211,15.05500030517578,15.489999771118164,11.187000274658203,137800,912.22998046875
2002-12-09,15.489999771118164,15.5,15.1850004196167,15.19499969482422,10.973947525024414,266400,892.0
2002-12-10,15.225000381469728,15.449999809265137,15.225000381469728,15.380000114440918,11.10755443572998,138800,904.4500122070312
2002-12-11,15.274999618530272,15.300000190734863,15.024999618530272,15.100000381469728,10.955195426940918,363400,904.9600219726562
2002-12-12,15.125,15.164999961853027,14.90999984741211,15.024999618530272,10.90078067779541,142600,901.5800170898438
2002-12-13,14.949999809265137,14.989999771118164,14.6899995803833,14.699999809265137,10.664993286132812,237800,889.47998046875
2002-12-16,14.725000381469728,14.770000457763672,14.600000381469728,14.729999542236328,10.686760902404783,647200,910.4000244140625
2002-12-17,14.604999542236328,14.890000343322754,14.59000015258789,14.729999542236328,10.686760902404783,382800,902.989990234375
2002-12-18,14.604999542236328,14.635000228881836,14.3100004196167,14.390000343322754,10.440083503723145,256400,891.1199951171875
2002-12-19,14.390000343322754,14.390000343322754,14.0600004196167,14.074999809265137,10.211553573608398,437800,884.25
2002-12-20,14.100000381469728,14.234999656677246,13.93000030517578,13.93000030517578,10.106350898742676,1210400,895.760009765625
2002-12-23,13.899999618530272,14.03499984741211,13.899999618530272,14.015000343322754,10.16802215576172,469200,897.3800048828125
2002-12-24,14.024999618530272,14.09000015258789,13.9399995803833,13.960000038146973,10.128116607666016,111000,892.469970703125
2002-12-26,13.960000038146973,14.244999885559082,13.920000076293944,14.204999923706056,10.305864334106444,206200,889.6599731445312
2002-12-27,14.21500015258789,14.28499984741211,13.989999771118164,14.010000228881836,10.164389610290527,189400,875.4000244140625
2002-12-30,13.979999542236328,14.119999885559082,13.774999618530272,14.119999885559082,10.24419403076172,185000,879.3900146484375
2002-12-31,14.100000381469728,14.375,13.960000038146973,14.225000381469728,10.320377349853516,147000,879.8200073242188
2003-01-02,14.199999809265137,14.600000381469728,14.05500030517578,14.300000190734863,10.374792098999023,399800,909.030029296875
2003-01-03,14.295000076293944,14.595000267028809,14.274999618530272,14.4399995803833,10.476359367370604,210800,908.5900268554688
2003-01-06,14.489999771118164,14.9399995803833,14.479999542236328,14.800000190734863,10.737544059753418,235400,929.010009765625
2003-01-07,14.800000190734863,14.84000015258789,14.625,14.625,10.610580444335938,128000,922.9299926757812
2003-01-08,14.614999771118164,14.614999771118164,14.329999923706056,14.350000381469728,10.411063194274902,100600,909.9299926757812
2003-01-09,14.350000381469728,14.779999732971191,14.329999923706056,14.725000381469728,10.68312931060791,194000,927.5700073242188
2003-01-10,14.649999618530272,14.725000381469728,14.539999961853027,14.539999961853027,10.548909187316896,119400,927.5700073242188
2003-01-13,14.59000015258789,14.78499984741211,14.59000015258789,14.725000381469728,10.68312931060791,166600,926.260009765625
2003-01-14,14.649999618530272,14.649999618530272,14.404999732971191,14.5,10.519889831542969,167400,931.6599731445312
2003-01-15,14.574999809265137,14.574999809265137,14.015000343322754,14.024999618530272,10.17527675628662,461000,918.219970703125
2003-01-16,13.960000038146973,14.604999542236328,13.954999923706056,14.604999542236328,10.596068382263184,303800,914.5999755859375
2003-01-17,14.600000381469728,14.699999809265137,14.3100004196167,14.425000190734863,10.465483665466309,245800,901.780029296875
2003-01-21,14.460000038146973,14.524999618530272,14.199999809265137,14.199999809265137,10.302239418029783,147000,887.6199951171875
2003-01-22,14.199999809265137,14.329999923706056,14.0,14.039999961853027,10.186155319213867,230000,878.3599853515625
2003-01-23,14.0,14.119999885559082,13.600000381469728,14.114999771118164,10.24056911468506,367400,887.3400268554688
2003-01-24,14.119999885559082,14.119999885559082,13.75,13.90999984741211,10.091841697692873,326600,861.4000244140625
2003-01-27,13.78499984741211,13.78499984741211,13.199999809265137,13.210000038146973,9.583985328674316,335200,847.47998046875
2003-01-28,13.234999656677246,13.260000228881836,13.039999961853027,13.079999923706056,9.489664077758787,356000,858.5399780273438
2003-01-29,13.100000381469728,13.28499984741211,12.710000038146973,13.270000457763672,9.627511978149414,326200,864.3599853515625
2003-01-30,13.25,13.255000114440918,12.899999618530272,12.914999961853027,9.369958877563477,276000,844.6099853515625
2003-01-31,12.850000381469728,13.1899995803833,12.850000381469728,13.125,9.522314071655272,323800,855.7000122070312
2003-02-03,13.140000343322754,13.40999984741211,13.0600004196167,13.40999984741211,9.729086875915527,217200,860.3200073242188
2003-02-04,13.359999656677246,13.364999771118164,13.095000267028809,13.279999732971191,9.634770393371582,249200,848.2000122070312
2003-02-05,13.3100004196167,13.4399995803833,12.8149995803833,12.829999923706056,9.308290481567385,219400,843.5900268554688
2003-02-06,12.824999809265137,13.149999618530272,12.824999809265137,12.954999923706056,9.398978233337402,201400,838.1500244140625
2003-02-07,12.975000381469728,13.045000076293944,12.890000343322754,12.904999732971191,9.362701416015623,179400,829.6900024414062
2003-02-10,12.90999984741211,13.0,12.899999618530272,12.9399995803833,9.388094902038574,116800,835.969970703125
2003-02-11,12.899999618530272,12.9399995803833,12.5649995803833,12.5649995803833,9.116028785705566,264000,829.2000122070312
2003-02-12,12.515000343322754,12.6899995803833,12.449999809265137,12.475000381469728,9.05073356628418,372200,818.6799926757812
2003-02-13,12.449999809265137,12.609999656677246,12.43000030517578,12.59000015258789,9.134167671203612,165000,817.3699951171875
2003-02-14,12.59000015258789,12.609999656677246,12.395000457763672,12.524999618530272,9.087010383605955,307600,834.8900146484375
2003-02-18,12.550000190734863,12.635000228881836,12.390000343322754,12.489999771118164,9.06161403656006,456000,851.1699829101562
2003-02-19,12.46500015258789,12.484999656677246,12.350000381469728,12.399999618530272,8.996320724487305,423200,845.1300048828125
2003-02-20,12.399999618530272,12.449999809265137,12.09000015258789,12.100000381469728,8.778666496276855,364400,837.0999755859375
2003-02-21,12.140000343322754,12.399999618530272,12.109999656677246,12.395000457763672,8.992695808410645,343600,848.1699829101562
2003-02-24,12.395000457763672,12.395000457763672,12.0,12.0,8.706117630004883,324400,832.5800170898438
2003-02-25,11.949999809265137,12.114999771118164,11.8100004196167,12.09000015258789,8.771413803100586,248200,838.5700073242188
2003-02-26,12.100000381469728,12.100000381469728,11.895000457763672,11.895000457763672,8.629940032958984,220000,827.5499877929688
2003-02-27,11.800000190734863,11.96500015258789,11.800000190734863,11.875,8.615427017211914,351600,837.280029296875
2003-02-28,11.949999809265137,12.255000114440918,11.9350004196167,12.244999885559082,8.883865356445312,350600,841.1500244140625
2003-03-03,12.295000076293944,12.40999984741211,12.045000076293944,12.05500030517578,8.74601936340332,187800,834.8099975585938
2003-03-04,12.05500030517578,12.05500030517578,11.619999885559082,11.640000343322754,8.444933891296387,279600,821.989990234375
2003-03-05,11.640000343322754,11.829999923706056,11.550000190734863,11.55500030517578,8.38326644897461,410200,829.8499755859375
2003-03-06,11.524999618530272,11.675000190734863,11.515000343322754,11.524999618530272,8.361496925354004,373400,822.0999755859375
2003-03-07,11.425000190734863,11.510000228881836,11.414999961853027,11.43000030517578,8.292574882507324,202600,828.8900146484375
2003-03-10,11.399999618530272,11.454999923706056,11.175000190734863,11.295000076293944,8.194637298583984,303200,807.47998046875
2003-03-11,11.350000381469728,11.399999618530272,11.225000381469728,11.25,8.161982536315918,218000,800.72998046875
2003-03-12,11.149999618530272,11.175000190734863,11.050000190734863,11.140000343322754,8.132781982421875,226400,804.1900024414062
2003-03-13,11.21500015258789,11.635000228881836,11.164999961853027,11.630000114440918,8.49050521850586,186800,831.9000244140625
2003-03-14,11.579999923706056,11.579999923706056,11.44499969482422,11.449999809265137,8.359100341796875,335200,833.27001953125
2003-03-17,11.460000038146973,11.8100004196167,11.335000038146973,11.8100004196167,8.62191390991211,323000,862.7899780273438
2003-03-18,12.0,12.199999809265137,11.9399995803833,12.18000030517578,8.89203929901123,375800,866.4500122070312
2003-03-19,12.199999809265137,12.274999618530272,12.005000114440918,12.1850004196167,8.895684242248535,546200,874.02001953125
2003-03-20,12.100000381469728,12.140000343322754,11.96500015258789,12.140000343322754,8.862829208374023,213400,875.6699829101562
2003-03-21,12.199999809265137,12.779999732971191,12.18000030517578,12.779999732971191,9.330066680908203,337800,895.7899780273438
2003-03-24,12.779999732971191,12.779999732971191,12.135000228881836,12.300000190734863,8.979645729064941,266200,864.22998046875
2003-03-25,12.324999809265137,12.335000038146973,11.970000267028809,12.0,8.760626792907715,403200,874.739990234375
2003-03-26,12.050000190734863,12.229999542236328,12.050000190734863,12.18000030517578,8.89203929901123,201600,869.9500122070312
2003-03-27,12.18000030517578,12.199999809265137,11.800000190734863,12.010000228881836,8.767926216125488,206000,868.52001953125
2003-03-28,12.0,12.09000015258789,11.869999885559082,12.09000015258789,8.826330184936523,206000,863.5
2003-03-31,11.925000190734863,12.25,11.80500030517578,12.175000190734863,8.88839054107666,412400,848.1799926757812
2003-04-01,12.274999618530272,12.699999809265137,11.859999656677246,12.15999984741211,8.877437591552734,263000,858.47998046875
2003-04-02,12.350000381469728,12.550000190734863,12.300000190734863,12.449999809265137,9.089151382446287,164600,880.9000244140625
2003-04-03,12.574999809265137,12.595000267028809,12.260000228881836,12.34000015258789,9.008849143981934,214000,876.4500122070312
2003-04-04,12.46500015258789,12.53499984741211,12.104999542236328,12.125,8.851885795593262,164800,878.8499755859375
2003-04-07,12.375,12.550000190734863,12.345000267028809,12.404999732971191,9.056297302246094,223600,879.9299926757812
2003-04-08,12.515000343322754,12.550000190734863,12.199999809265137,12.274999618530272,8.961389541625977,184000,878.2899780273438
2003-04-09,12.25,12.4399995803833,12.074999809265137,12.074999809265137,8.815381050109863,164200,865.989990234375
2003-04-10,12.074999809265137,12.3100004196167,12.074999809265137,12.154999732971191,8.87378215789795,105400,871.5800170898438
2003-04-11,12.300000190734863,12.324999809265137,11.975000381469728,12.020000457763672,8.775238037109375,103800,868.2999877929688
2003-04-14,12.050000190734863,12.3100004196167,12.0,12.289999961853027,8.97234058380127,156800,885.22998046875
2003-04-15,12.289999961853027,12.350000381469728,12.029999732971191,12.329999923706056,9.001544952392578,121200,890.8099975585938
2003-04-16,12.329999923706056,12.425000190734863,12.300000190734863,12.354999542236328,9.01979637145996,300400,879.9099731445312
2003-04-17,12.364999771118164,12.380000114440918,12.260000228881836,12.3149995803833,8.990595817565918,115800,893.5800170898438
2003-04-21,12.34000015258789,12.399999618530272,12.295000076293944,12.300000190734863,8.979645729064941,196200,892.010009765625
2003-04-22,12.300000190734863,12.5649995803833,12.104999542236328,12.5600004196167,9.169455528259276,355600,911.3699951171875
2003-04-23,12.609999656677246,12.675000190734863,12.354999542236328,12.545000076293944,9.158502578735352,228000,919.02001953125
2003-04-24,12.550000190734863,13.050000190734863,12.550000190734863,12.93000030517578,9.439576148986816,1236600,911.4299926757812
2003-04-25,12.975000381469728,12.975000381469728,12.710000038146973,12.829999923706056,9.366571426391602,223600,898.8099975585938
2003-04-28,12.829999923706056,13.364999771118164,12.829999923706056,13.225000381469728,9.65494441986084,241400,914.8400268554688
2003-04-29,13.324999809265137,13.324999809265137,13.125,13.234999656677246,9.66224193572998,212600,917.8400268554688
2003-04-30,13.199999809265137,13.585000038146973,13.100000381469728,13.5,9.855707168579102,294200,916.9199829101562
2003-05-01,13.449999809265137,13.449999809265137,12.920000076293944,13.06999969482422,9.541783332824709,294400,916.2999877929688
2003-05-02,13.06999969482422,13.375,13.0649995803833,13.3149995803833,9.72064208984375,255600,930.0800170898438
2003-05-05,13.3149995803833,13.5,13.279999732971191,13.399999618530272,9.78270149230957,164600,926.5499877929688
2003-05-06,13.399999618530272,13.399999618530272,13.234999656677246,13.350000381469728,9.746197700500488,183600,934.3900146484375
2003-05-07,13.300000190734863,13.350000381469728,13.114999771118164,13.239999771118164,9.6658935546875,171800,929.6199951171875
2003-05-08,13.140000343322754,13.25,12.954999923706056,12.975000381469728,9.472426414489746,173000,920.27001953125
2003-05-09,12.975000381469728,13.279999732971191,12.975000381469728,13.225000381469728,9.65494441986084,149200,933.4099731445312
2003-05-12,13.1850004196167,13.515000343322754,13.1850004196167,13.475000381469728,9.837450981140137,209600,945.1099853515625
2003-05-13,13.425000190734863,13.425000190734863,13.225000381469728,13.279999732971191,9.695094108581545,115600,942.2999877929688
2003-05-14,13.3149995803833,13.31999969482422,13.0649995803833,13.100000381469728,9.56368637084961,153000,939.280029296875
2003-05-15,13.074999809265137,13.234999656677246,12.875,13.010000228881836,9.497981071472168,304800,946.6699829101562
2003-05-16,13.024999618530272,13.0649995803833,12.949999809265137,12.984999656677246,9.479730606079102,88400,944.2999877929688
2003-05-19,12.899999618530272,12.9399995803833,12.875,12.885000228881836,9.406729698181152,200400,920.77001953125
2003-05-20,12.90999984741211,13.05500030517578,12.90999984741211,12.954999923706056,9.45782470703125,173400,919.72998046875
2003-05-21,12.949999809265137,12.949999809265137,12.789999961853027,12.80500030517578,9.348318099975586,130600,923.4199829101562
2003-05-22,12.800000190734863,12.949999809265137,12.765000343322754,12.90999984741211,9.42497730255127,305000,931.8699951171875
2003-05-23,12.90999984741211,12.975000381469728,12.880000114440918,12.9350004196167,9.443222999572754,217800,933.219970703125
2003-05-27,12.93000030517578,13.140000343322754,12.78499984741211,13.140000343322754,9.592887878417969,360400,951.47998046875
2003-05-28,13.140000343322754,13.244999885559082,13.005000114440918,13.1899995803833,9.629390716552734,205200,953.219970703125
2003-05-29,13.15999984741211,13.229999542236328,13.074999809265137,13.079999923706056,9.54908275604248,135000,949.6400146484375
2003-05-30,13.100000381469728,13.489999771118164,13.0649995803833,13.385000228881836,9.771751403808594,171400,963.5900268554688
2003-06-02,13.5,13.710000038146973,13.414999961853027,13.494999885559082,9.852057456970217,173000,967.0
2003-06-03,13.489999771118164,13.670000076293944,13.420000076293944,13.5649995803833,9.903159141540527,187200,971.5599975585938
2003-06-04,13.630000114440918,13.84000015258789,13.614999771118164,13.800000190734863,10.07471752166748,196000,986.239990234375
2003-06-05,13.8100004196167,13.885000228881836,13.725000381469728,13.765000343322754,10.049171447753906,222200,990.1400146484375
2003-06-06,13.765000343322754,13.84000015258789,13.55500030517578,13.609999656677246,9.936009407043455,211800,987.760009765625
2003-06-09,13.5,13.505000114440918,13.274999618530272,13.34000015258789,9.738901138305664,217600,975.9299926757812
2003-06-10,13.300000190734863,13.489999771118164,13.300000190734863,13.484999656677246,9.844751358032228,179400,984.8400268554688
2003-06-11,13.399999618530272,13.46500015258789,13.324999809265137,13.4350004196167,9.859434127807615,152800,997.47998046875
2003-06-12,13.449999809265137,13.68000030517578,13.385000228881836,13.59000015258789,9.97318172454834,208400,998.510009765625
2003-06-13,13.625,13.675000190734863,13.524999618530272,13.56999969482422,9.95850658416748,211000,988.6099853515625
2003-06-16,13.635000228881836,14.074999809265137,13.635000228881836,14.024999618530272,10.292410850524902,499200,1010.739990234375
2003-06-17,14.024999618530272,14.279999732971191,13.904999732971191,14.239999771118164,10.450193405151367,582600,1011.6599731445312
2003-06-18,14.239999771118164,14.3100004196167,14.050000190734863,14.145000457763672,10.380474090576172,574400,1010.0900268554688
2003-06-19,14.15999984741211,14.210000038146973,13.9399995803833,13.979999542236328,10.259384155273438,277200,994.7000122070312
2003-06-20,14.024999618530272,14.100000381469728,13.9399995803833,14.06999969482422,10.325433731079102,988200,995.6900024414062
2003-06-23,14.06999969482422,14.114999771118164,13.81999969482422,13.875,10.182330131530762,383600,981.6400146484375
2003-06-24,13.875,14.114999771118164,13.875,14.0649995803833,10.321764945983888,284600,983.4500122070312
2003-06-25,14.114999771118164,14.149999618530272,13.880000114440918,13.899999618530272,10.200676918029783,318000,975.3200073242188
2003-06-26,13.925000190734863,14.225000381469728,13.859999656677246,14.175000190734863,10.402490615844728,254400,985.8200073242188
2003-06-27,14.225000381469728,14.289999961853027,14.074999809265137,14.09000015258789,10.340113639831545,325600,976.219970703125
2003-06-30,14.199999809265137,14.199999809265137,13.979999542236328,13.984999656677246,10.263059616088867,996200,974.5
2003-07-01,13.984999656677246,14.1850004196167,13.739999771118164,14.1850004196167,10.409832954406738,430800,982.3200073242188
2003-07-02,14.244999885559082,14.43000030517578,14.175000190734863,14.289999961853027,10.486884117126465,378800,993.75
2003-07-03,14.289999961853027,14.329999923706056,14.130000114440918,14.15999984741211,10.391480445861816,164800,985.7000122070312
2003-07-07,14.199999809265137,14.489999771118164,14.199999809265137,14.44499969482422,10.60063362121582,255800,1004.4199829101562
2003-07-08,14.3100004196167,14.609999656677246,14.295000076293944,14.55500030517578,10.68135929107666,209000,1007.8400268554688
2003-07-09,14.524999618530272,14.524999618530272,14.270000457763672,14.404999732971191,10.571276664733888,283800,1002.2100219726562
2003-07-10,14.28499984741211,14.3149995803833,14.074999809265137,14.199999809265137,10.42083740234375,258400,988.7000122070312
2003-07-11,14.225000381469728,14.399999618530272,14.225000381469728,14.270000457763672,10.47220516204834,213600,998.1400146484375
2003-07-14,14.375,14.375,14.199999809265137,14.244999885559082,10.453861236572266,389600,1003.8599853515625
2003-07-15,14.210000038146973,14.44499969482422,14.125,14.210000038146973,10.42817211151123,204600,1000.4199829101562
2003-07-16,14.229999542236328,14.25,14.010000228881836,14.125,10.365797996520996,156400,994.0900268554688
2003-07-17,14.0649995803833,14.244999885559082,14.0,14.005000114440918,10.277734756469728,177800,981.72998046875
2003-07-18,14.005000114440918,14.25,13.994999885559082,14.25,10.457529067993164,197600,993.3200073242188
2003-07-21,14.25,14.25,13.94499969482422,14.05500030517578,10.31442928314209,162800,978.7999877929688
2003-07-22,14.024999618530272,14.3100004196167,14.0,14.3100004196167,10.501562118530272,319000,988.1099853515625
2003-07-23,14.050000190734863,14.199999809265137,13.550000190734863,13.875,10.182330131530762,541600,988.6099853515625
2003-07-24,13.875,13.875,13.539999961853027,13.69499969482422,10.050236701965332,475800,981.5999755859375
2003-07-25,13.770000457763672,13.795000076293944,13.399999618530272,13.760000228881836,10.097936630249023,374400,998.6799926757812
2003-07-28,13.765000343322754,13.84000015258789,13.625,13.725000381469728,10.072253227233888,315200,996.52001953125
2003-07-29,13.800000190734863,13.80500030517578,13.425000190734863,13.600000381469728,9.98051929473877,291000,989.280029296875
2003-07-30,13.649999618530272,13.699999809265137,13.350000381469728,13.699999809265137,10.053903579711914,273800,987.489990234375
2003-07-31,13.75,13.94499969482422,13.630000114440918,13.645000457763672,10.013541221618652,294200,990.3099975585938
2003-08-01,13.600000381469728,13.635000228881836,13.265000343322754,13.470000267028809,9.885117530822754,223200,980.1500244140625
2003-08-04,13.470000267028809,13.574999809265137,13.100000381469728,13.479999542236328,9.892455101013184,314400,982.8200073242188
2003-08-05,13.449999809265137,13.53499984741211,13.265000343322754,13.289999961853027,9.753022193908691,197800,965.4600219726562
2003-08-06,13.324999809265137,13.5600004196167,13.104999542236328,13.449999809265137,9.870442390441896,326600,967.0800170898438
2003-08-07,13.399999618530272,13.399999618530272,12.994999885559082,13.1899995803833,9.679635047912598,282200,974.1199951171875
2003-08-08,13.25,13.34000015258789,13.130000114440918,13.30500030517578,9.764029502868652,294800,977.5900268554688
2003-08-11,13.274999618530272,13.404999732971191,13.1850004196167,13.404999732971191,9.837421417236328,272000,980.5900268554688
2003-08-12,13.364999771118164,13.604999542236328,13.3149995803833,13.55500030517578,9.947497367858888,177200,990.3499755859375
2003-08-13,13.574999809265137,13.600000381469728,13.425000190734863,13.4350004196167,9.859434127807615,327800,984.030029296875
2003-08-14,13.449999809265137,13.6899995803833,13.375,13.5649995803833,9.954833030700684,181200,990.510009765625
2003-08-15,13.649999618530272,13.71500015258789,13.460000038146973,13.71500015258789,10.064912796020508,107800,990.6699829101562
2003-08-18,13.739999771118164,13.824999809265137,13.625,13.6899995803833,10.046565055847168,225200,999.739990234375
2003-08-19,13.6899995803833,13.954999923706056,13.6899995803833,13.954999923706056,10.241040229797363,218800,1002.3499755859375
2003-08-20,13.90999984741211,14.015000343322754,13.78499984741211,14.005000114440918,10.277734756469728,193400,1000.2999877929688
2003-08-21,14.010000228881836,14.05500030517578,13.899999618530272,14.0,10.274065971374512,251200,1003.27001953125
2003-08-22,14.024999618530272,14.074999809265137,13.920000076293944,13.975000381469728,10.255717277526855,307600,993.0599975585938
2003-08-25,13.899999618530272,13.9399995803833,13.739999771118164,13.8149995803833,10.138298034667969,182200,993.7100219726562
2003-08-26,13.774999618530272,13.899999618530272,13.640000343322754,13.899999618530272,10.200676918029783,203200,996.72998046875
2003-08-27,13.899999618530272,13.975000381469728,13.789999961853027,13.970000267028809,10.252050399780272,149000,996.7899780273438
2003-08-28,13.949999809265137,14.09000015258789,13.824999809265137,14.039999961853027,10.30341625213623,311000,1002.8400268554688
2003-08-29,14.050000190734863,14.0649995803833,13.975000381469728,13.975000381469728,10.255717277526855,348800,1008.010009765625
2003-09-02,13.984999656677246,14.220000267028809,13.914999961853027,14.199999809265137,10.42083740234375,245400,1021.989990234375
2003-09-03,14.199999809265137,14.470000267028809,14.114999771118164,14.354999542236328,10.53458309173584,283400,1026.27001953125
2003-09-04,14.354999542236328,14.505000114440918,14.3149995803833,14.375,10.54926300048828,295200,1027.969970703125
2003-09-05,14.300000190734863,14.414999961853027,14.104999542236328,14.130000114440918,10.369465827941896,228600,1021.3900146484375
2003-09-08,14.114999771118164,14.425000190734863,14.0649995803833,14.295000076293944,10.490553855895996,199800,1031.6400146484375
2003-09-09,14.295000076293944,14.479999542236328,14.255000114440918,14.4399995803833,10.596961975097656,344200,1023.1699829101562
2003-09-10,14.399999618530272,14.399999618530272,14.109999656677246,14.119999885559082,10.3621244430542,288000,1010.9199829101562
2003-09-11,14.005000114440918,14.145000457763672,13.8149995803833,14.135000228881836,10.424817085266112,404200,1016.4199829101562
2003-09-12,14.050000190734863,14.175000190734863,13.8100004196167,14.175000190734863,10.45431423187256,453200,1018.6300048828125
2003-09-15,14.170000076293944,14.199999809265137,13.949999809265137,14.074999809265137,10.38056468963623,377000,1014.8099975585938
2003-09-16,14.050000190734863,14.244999885559082,14.039999961853027,14.244999885559082,10.50594425201416,300400,1029.3199462890625
2003-09-17,14.175000190734863,14.175000190734863,13.994999885559082,14.074999809265137,10.38056468963623,347400,1025.969970703125
2003-09-18,14.06999969482422,14.1850004196167,13.925000190734863,14.1850004196167,10.46169090270996,419600,1039.5799560546875
2003-09-19,14.175000190734863,14.234999656677246,14.05500030517578,14.135000228881836,10.424817085266112,280400,1036.300048828125
2003-09-22,14.010000228881836,14.145000457763672,13.859999656677246,14.145000457763672,10.432190895080566,297000,1022.8200073242188
2003-09-23,14.125,14.204999923706056,14.039999961853027,14.1850004196167,10.46169090270996,167200,1029.030029296875
2003-09-24,14.1850004196167,14.1850004196167,13.895000457763672,14.074999809265137,10.38056468963623,438800,1009.3800048828125
2003-09-25,14.149999618530272,14.260000228881836,13.829999923706056,13.835000038146973,10.203557968139648,312000,1003.27001953125
2003-09-26,13.800000190734863,14.06999969482422,13.739999771118164,13.739999771118164,10.133496284484863,577800,996.8499755859375
2003-09-29,13.795000076293944,13.904999732971191,13.600000381469728,13.904999732971191,10.255191802978516,491800,1006.5800170898438
2003-09-30,13.8100004196167,13.829999923706056,13.675000190734863,13.725000381469728,10.12243366241455,435000,995.969970703125
2003-10-01,13.744999885559082,14.345000267028809,13.734999656677246,14.234999656677246,10.498567581176758,461600,1018.219970703125
2003-10-02,14.234999656677246,14.329999923706056,14.100000381469728,14.244999885559082,10.50594425201416,290000,1020.239990234375
2003-10-03,14.380000114440918,14.53499984741211,14.329999923706056,14.375,10.601820945739746,362200,1029.8499755859375
2003-10-06,14.375,14.375,14.279999732971191,14.350000381469728,10.583381652832031,254000,1034.3499755859375
2003-10-07,14.350000381469728,14.385000228881836,14.25,14.385000228881836,10.609197616577148,302400,1039.25
2003-10-08,14.385000228881836,14.385000228881836,14.045000076293944,14.130000114440918,10.421131134033203,393200,1033.780029296875
2003-10-09,14.225000381469728,14.414999961853027,13.954999923706056,14.149999618530272,10.435883522033691,379400,1038.72998046875
2003-10-10,14.140000343322754,14.239999771118164,13.970000267028809,14.119999885559082,10.413751602172852,255400,1038.06005859375
2003-10-13,14.104999542236328,14.420000076293944,14.085000038146973,14.1899995803833,10.465383529663086,197600,1045.3499755859375
2003-10-14,14.225000381469728,14.295000076293944,13.975000381469728,14.145000457763672,10.432190895080566,265800,1049.47998046875
2003-10-15,14.225000381469728,14.28499984741211,14.050000190734863,14.15999984741211,10.443255424499512,196200,1046.760009765625
2003-10-16,14.125,14.31999969482422,14.05500030517578,14.210000038146973,10.480131149291992,151200,1050.0699462890625
2003-10-17,14.274999618530272,14.380000114440918,14.114999771118164,14.260000228881836,10.517008781433104,273000,1039.3199462890625
2003-10-20,14.25,14.385000228881836,14.029999732971191,14.109999656677246,10.406377792358398,228600,1044.6800537109375
2003-10-21,14.109999656677246,14.109999656677246,13.729999542236328,13.914999961853027,10.262563705444336,583600,1046.030029296875
2003-10-22,13.789999961853027,13.789999961853027,13.1850004196167,13.345000267028809,9.84217929840088,767600,1030.3599853515625
2003-10-23,13.260000228881836,13.260000228881836,12.93000030517578,13.18000030517578,9.720489501953123,647600,1033.77001953125
2003-10-24,13.079999923706056,13.079999923706056,12.8149995803833,12.925000190734863,9.532419204711914,413600,1028.9100341796875
2003-10-27,13.024999618530272,13.25,12.895000457763672,13.03499984741211,9.61354637145996,421200,1031.1300048828125
2003-10-28,13.050000190734863,13.329999923706056,12.954999923706056,13.329999923706056,9.83111572265625,448200,1046.7900390625
2003-10-29,13.274999618530272,13.274999618530272,13.135000228881836,13.239999771118164,9.764739990234377,264000,1048.1099853515625
2003-10-30,13.25,13.69499969482422,13.199999809265137,13.550000190734863,9.993370056152344,522400,1046.93994140625
2003-10-31,13.574999809265137,13.645000457763672,13.345000267028809,13.40999984741211,9.890119552612305,179600,1050.7099609375
2003-11-03,13.40999984741211,13.649999618530272,13.40999984741211,13.619999885559082,10.04499340057373,220600,1059.02001953125
2003-11-04,13.579999923706056,13.595000267028809,13.425000190734863,13.524999618530272,9.974929809570312,226000,1053.25
2003-11-05,13.5,13.640000343322754,13.449999809265137,13.600000381469728,10.030242919921877,249200,1051.81005859375
2003-11-06,13.625,13.770000457763672,13.5,13.770000457763672,10.155621528625488,209200,1058.050048828125
2003-11-07,13.795000076293944,13.84000015258789,13.699999809265137,13.774999618530272,10.15931224822998,383600,1053.2099609375
2003-11-10,13.770000457763672,13.81999969482422,13.460000038146973,13.524999618530272,9.974929809570312,378200,1047.1099853515625
2003-11-11,13.475000381469728,13.475000381469728,13.324999809265137,13.404999732971191,9.886432647705078,195000,1046.5699462890625
2003-11-12,13.399999618530272,13.75,13.399999618530272,13.75,10.140869140625,201200,1058.530029296875
2003-11-13,13.725000381469728,13.765000343322754,13.625,13.765000343322754,10.151932716369627,192200,1058.4100341796875
2003-11-14,13.824999809265137,13.875,13.654999732971191,13.670000076293944,10.08187770843506,309200,1050.3499755859375
2003-11-17,13.649999618530272,13.649999618530272,13.354999542236328,13.59000015258789,10.022870063781738,410800,1043.6300048828125
2003-11-18,13.649999618530272,13.774999618530272,13.385000228881836,13.390000343322754,9.875368118286133,199800,1034.1500244140625
2003-11-19,13.399999618530272,13.654999732971191,13.3149995803833,13.550000190734863,9.993370056152344,201600,1042.43994140625
2003-11-20,13.5,13.53499984741211,13.279999732971191,13.34000015258789,9.83849048614502,165200,1033.6500244140625
2003-11-21,13.399999618530272,13.5,13.369999885559082,13.44499969482422,9.915928840637209,151200,1035.280029296875
2003-11-24,13.5,13.899999618530272,13.470000267028809,13.899999618530272,10.251501083374023,392400,1052.0799560546875
2003-11-25,13.899999618530272,13.949999809265137,13.739999771118164,13.949999809265137,10.288374900817873,336800,1053.8900146484375
2003-11-26,14.0,14.244999885559082,14.0,14.15999984741211,10.443255424499512,352400,1058.449951171875
2003-11-28,14.21500015258789,14.220000267028809,14.100000381469728,14.149999618530272,10.435883522033691,182800,1058.199951171875
2003-12-01,14.25,14.420000076293944,14.229999542236328,14.324999809265137,10.564945220947266,244800,1070.1199951171875
2003-12-02,14.350000381469728,14.350000381469728,14.199999809265137,14.25,10.509631156921388,350000,1066.6199951171875
2003-12-03,14.125,14.260000228881836,14.005000114440918,14.020000457763672,10.340003967285156,524000,1064.72998046875
2003-12-04,14.020000457763672,14.210000038146973,13.9350004196167,14.175000190734863,10.45431423187256,406000,1069.719970703125
2003-12-05,14.130000114440918,14.220000267028809,13.96500015258789,13.979999542236328,10.310498237609863,211000,1061.5
2003-12-08,13.994999885559082,14.6850004196167,13.994999885559082,14.675000190734863,10.823074340820312,483800,1069.300048828125
2003-12-09,14.675000190734863,14.69499969482422,14.484999656677246,14.5,10.69400691986084,506800,1060.1800537109375
2003-12-10,14.5,14.524999618530272,14.399999618530272,14.515000343322754,10.705076217651367,345200,1059.050048828125
2003-12-11,14.43000030517578,14.789999961853027,14.390000343322754,14.789999961853027,10.962647438049316,365200,1071.2099609375
2003-12-12,14.725000381469728,15.039999961853027,14.539999961853027,14.984999656677246,11.107186317443848,559200,1074.1400146484375
2003-12-15,15.204999923706056,15.204999923706056,14.829999923706056,14.854999542236328,11.01082706451416,481800,1068.0400390625
2003-12-16,14.875,14.94499969482422,14.744999885559082,14.9399995803833,11.073829650878906,179400,1075.1300048828125
2003-12-17,14.899999618530272,14.899999618530272,14.630000114440918,14.8149995803833,10.981172561645508,288000,1076.47998046875
2003-12-18,14.774999618530272,14.975000381469728,14.664999961853027,14.975000381469728,11.099776268005373,196600,1089.1800537109375
2003-12-19,14.925000190734863,15.015000343322754,14.774999618530272,15.015000343322754,11.129422187805176,284200,1088.6600341796875
2003-12-22,14.975000381469728,15.0649995803833,14.864999771118164,15.0649995803833,11.16648292541504,185000,1092.93994140625
2003-12-23,15.0649995803833,15.279999732971191,15.0600004196167,15.170000076293944,11.24431037902832,205000,1096.02001953125
2003-12-24,15.024999618530272,15.164999961853027,15.010000228881836,15.149999618530272,11.229486465454102,60800,1094.0400390625
2003-12-26,15.199999809265137,15.274999618530272,15.175000190734863,15.220000267028809,11.281373023986816,77400,1095.8900146484375
2003-12-29,15.170000076293944,15.329999923706056,15.145000457763672,15.210000038146973,11.27396011352539,274200,1109.47998046875
2003-12-30,15.225000381469728,15.225000381469728,15.104999542236328,15.175000190734863,11.248018264770508,228400,1109.6400146484375
2003-12-31,15.225000381469728,15.350000381469728,14.984999656677246,14.984999656677246,11.107186317443848,504000,1111.9200439453125
2004-01-02,15.050000190734863,15.234999656677246,15.050000190734863,15.125,11.210954666137695,478000,1108.47998046875
2004-01-05,15.199999809265137,15.3100004196167,15.145000457763672,15.225000381469728,11.285082817077637,242400,1122.219970703125
2004-01-06,15.239999771118164,15.3149995803833,15.1899995803833,15.220000267028809,11.281373023986816,301000,1123.6700439453125
2004-01-07,15.239999771118164,15.25,15.100000381469728,15.244999885559082,11.299901962280272,196800,1126.3299560546875
2004-01-08,15.239999771118164,15.300000190734863,15.175000190734863,15.234999656677246,11.292487144470217,245400,1131.9200439453125
2004-01-09,15.175000190734863,15.199999809265137,14.875,14.899999618530272,11.044183731079102,393600,1121.8599853515625
2004-01-12,14.920000076293944,15.095000267028809,14.899999618530272,15.09000015258789,11.185013771057127,284200,1127.22998046875
2004-01-13,15.09000015258789,15.19499969482422,15.010000228881836,15.170000076293944,11.24431037902832,234800,1121.219970703125
2004-01-14,15.199999809265137,15.345000267028809,15.199999809265137,15.329999923706056,11.362903594970703,203200,1130.52001953125
2004-01-15,15.279999732971191,15.364999771118164,15.074999809265137,15.234999656677246,11.292487144470217,189400,1132.050048828125
2004-01-16,15.199999809265137,15.279999732971191,15.104999542236328,15.104999542236328,11.196131706237791,223600,1139.8299560546875
2004-01-20,15.104999542236328,15.350000381469728,15.09000015258789,15.15999984741211,11.236899375915527,320000,1138.77001953125
2004-01-21,15.175000190734863,15.375,15.164999961853027,15.30500030517578,11.344377517700195,214400,1147.6199951171875
2004-01-22,15.274999618530272,15.3149995803833,15.140000343322754,15.149999618530272,11.229486465454102,271600,1143.93994140625
2004-01-23,15.149999618530272,15.274999618530272,15.145000457763672,15.199999809265137,11.266546249389648,359600,1141.550048828125
2004-01-26,15.25,15.274999618530272,15.079999923706056,15.154999732971191,11.233189582824709,174000,1155.3699951171875
2004-01-27,15.154999732971191,15.244999885559082,15.119999885559082,15.149999618530272,11.229486465454102,230400,1144.050048828125
2004-01-28,15.149999618530272,15.300000190734863,15.104999542236328,15.140000343322754,11.222070693969728,393200,1128.47998046875
2004-01-29,15.1899995803833,15.369999885559082,14.949999809265137,14.994999885559082,11.114599227905272,547800,1134.1099853515625
2004-01-30,15.024999618530272,15.100000381469728,14.75,14.795000076293944,10.966358184814451,479800,1131.1300048828125
2004-02-02,14.795000076293944,14.845000267028809,14.625,14.699999809265137,10.8959379196167,374200,1135.260009765625
2004-02-03,14.699999809265137,14.720000267028809,14.5,14.539999961853027,10.77734375,389600,1136.030029296875
2004-02-04,14.5,14.5,14.300000190734863,14.40999984741211,10.680989265441896,548800,1126.52001953125
2004-02-05,14.414999961853027,14.524999618530272,14.375,14.380000114440918,10.6587495803833,369600,1128.5899658203125
2004-02-06,14.484999656677246,14.649999618530272,14.425000190734863,14.545000076293944,10.781049728393556,602200,1142.760009765625
2004-02-09,14.579999923706056,14.654999732971191,14.515000343322754,14.5649995803833,10.79586696624756,545800,1139.81005859375
2004-02-10,14.550000190734863,14.5649995803833,14.399999618530272,14.449999809265137,10.710631370544434,632800,1145.5400390625
2004-02-11,14.46500015258789,14.550000190734863,14.34000015258789,14.550000190734863,10.78475284576416,669000,1157.760009765625
2004-02-12,14.5,14.600000381469728,14.399999618530272,14.46500015258789,10.721752166748049,242000,1152.1099853515625
2004-02-13,14.5,14.595000267028809,14.350000381469728,14.369999885559082,10.65132999420166,415400,1145.81005859375
2004-02-17,14.399999618530272,14.56999969482422,14.364999771118164,14.524999618530272,10.766222953796388,360200,1156.989990234375
2004-02-18,14.5,14.574999809265137,14.149999618530272,14.204999923706056,10.52903175354004,507400,1151.8199462890625
2004-02-19,14.289999961853027,14.300000190734863,13.975000381469728,13.975000381469728,10.358550071716309,533200,1147.06005859375
2004-02-20,13.925000190734863,13.9399995803833,13.6899995803833,13.8149995803833,10.23995876312256,411200,1144.1099853515625
2004-02-23,13.854999542236328,13.875,13.630000114440918,13.729999542236328,10.17695140838623,283000,1140.989990234375
2004-02-24,13.71500015258789,14.0,13.600000381469728,13.875,10.284432411193848,253200,1139.0899658203125
2004-02-25,13.859999656677246,13.890000343322754,13.774999618530272,13.824999809265137,10.247369766235352,303800,1143.6700439453125
2004-02-26,13.829999923706056,13.875,13.614999771118164,13.850000381469728,10.265898704528809,408800,1144.9100341796875
2004-02-27,13.850000381469728,14.210000038146973,13.789999961853027,14.125,10.46973705291748,546200,1144.93994140625
2004-03-01,14.149999618530272,14.399999618530272,14.140000343322754,14.395000457763672,10.669867515563965,490200,1155.969970703125
2004-03-02,14.43000030517578,14.545000076293944,14.414999961853027,14.524999618530272,10.766222953796388,495800,1149.0999755859375
2004-03-03,14.475000381469728,14.510000228881836,14.34000015258789,14.460000038146973,10.718048095703123,343000,1151.030029296875
2004-03-04,14.399999618530272,14.595000267028809,14.350000381469728,14.595000267028809,10.818110466003418,197400,1154.8699951171875
2004-03-05,14.53499984741211,14.71500015258789,14.520000457763672,14.654999732971191,10.862584114074709,207400,1156.8599853515625
2004-03-08,14.699999809265137,14.75,14.5,14.524999618530272,10.766222953796388,191800,1147.199951171875
2004-03-09,14.524999618530272,14.550000190734863,14.364999771118164,14.385000228881836,10.66245460510254,216000,1140.5799560546875
2004-03-10,14.4350004196167,14.475000381469728,14.104999542236328,14.154999732971191,10.491972923278809,270000,1123.8900146484375
2004-03-11,14.154999732971191,14.5,14.09000015258789,14.130000114440918,10.473444938659668,321400,1106.780029296875
2004-03-12,14.25,14.404999732971191,14.079999923706056,14.404999732971191,10.677274703979492,171800,1120.5699462890625
2004-03-15,14.28499984741211,14.28499984741211,13.960000038146973,14.0,10.429571151733398,240800,1104.489990234375
2004-03-16,14.074999809265137,14.255000114440918,13.880000114440918,14.03499984741211,10.455647468566896,257000,1110.699951171875
2004-03-17,14.125,14.3149995803833,14.125,14.289999961853027,10.645618438720703,210200,1123.75
2004-03-18,14.199999809265137,14.260000228881836,13.960000038146973,14.19499969482422,10.57484245300293,224600,1122.3199462890625
2004-03-19,14.199999809265137,14.375,14.005000114440918,14.045000076293944,10.463098526000977,193400,1109.780029296875
2004-03-22,14.045000076293944,14.045000076293944,13.619999885559082,13.71500015258789,10.217257499694824,238000,1095.4000244140625
2004-03-23,13.800000190734863,13.904999732971191,13.699999809265137,13.850000381469728,10.317826271057127,215200,1093.949951171875
2004-03-24,13.81999969482422,13.899999618530272,13.710000038146973,13.734999656677246,10.232157707214355,197800,1091.3299560546875
2004-03-25,13.850000381469728,14.324999809265137,13.800000190734863,14.220000267028809,10.59347152709961,289400,1109.18994140625
2004-03-26,14.18000030517578,14.274999618530272,14.020000457763672,14.05500030517578,10.470550537109377,263400,1108.06005859375
2004-03-29,14.18000030517578,14.489999771118164,14.149999618530272,14.335000038146973,10.679141998291016,227400,1122.469970703125
2004-03-30,14.335000038146973,14.604999542236328,14.335000038146973,14.604999542236328,10.880285263061523,186600,1127.0
2004-03-31,14.550000190734863,14.550000190734863,14.295000076293944,14.5,10.802061080932615,162000,1126.2099609375
2004-04-01,14.550000190734863,14.850000381469728,14.539999961853027,14.835000038146973,11.05162525177002,257600,1132.1700439453125
2004-04-02,15.010000228881836,15.095000267028809,14.875,14.875,11.081424713134766,318600,1141.81005859375
2004-04-05,14.9399995803833,14.949999809265137,14.8100004196167,14.850000381469728,11.062804222106934,171800,1150.5699462890625
2004-04-06,14.774999618530272,14.800000190734863,14.619999885559082,14.619999885559082,10.891453742980955,196200,1148.1600341796875
2004-04-07,14.65999984741211,14.75,14.46500015258789,14.574999809265137,10.85793399810791,203800,1140.530029296875
2004-04-08,14.75,14.75,14.454999923706056,14.475000381469728,10.78343677520752,173600,1139.3199462890625
2004-04-12,14.524999618530272,14.864999771118164,14.524999618530272,14.81999969482422,11.040449142456056,157600,1145.199951171875
2004-04-13,14.9399995803833,14.954999923706056,14.539999961853027,14.539999961853027,10.831856727600098,266400,1129.43994140625
2004-04-14,14.550000190734863,14.625,14.234999656677246,14.359999656677246,10.697761535644531,343000,1128.1700439453125
2004-04-15,14.40999984741211,14.619999885559082,14.40999984741211,14.524999618530272,10.82068157196045,220200,1128.8399658203125
2004-04-16,14.524999618530272,14.80500030517578,14.484999656677246,14.725000381469728,10.96967887878418,331800,1134.6099853515625
2004-04-19,14.774999618530272,14.789999961853027,14.625,14.75,10.988299369812012,451000,1135.8199462890625
2004-04-20,14.699999809265137,14.90999984741211,14.505000114440918,14.505000114440918,10.8057861328125,243400,1118.1500244140625
2004-04-21,14.399999618530272,14.5,14.270000457763672,14.359999656677246,10.697761535644531,178200,1124.0899658203125
2004-04-22,14.359999656677246,15.0,14.329999923706056,14.949999809265137,11.137298583984377,277400,1139.9300537109375
2004-04-23,14.925000190734863,14.960000038146973,14.649999618530272,14.850000381469728,11.062804222106934,248200,1140.5999755859375
2004-04-26,14.925000190734863,15.170000076293944,14.875,15.074999809265137,11.230417251586914,256600,1135.530029296875
2004-04-27,15.0649995803833,15.335000038146973,15.0,15.289999961853027,11.390589714050291,325400,1138.1099853515625
2004-04-28,15.25,15.255000114440918,14.875,14.93000030517578,11.122401237487791,330200,1122.4100341796875
2004-04-29,14.949999809265137,15.050000190734863,14.609999656677246,14.774999618530272,11.006924629211426,257200,1113.8900146484375
2004-04-30,14.774999618530272,14.914999961853027,14.550000190734863,14.625,10.895176887512209,282000,1107.300048828125
2004-05-03,14.600000381469728,14.734999656677246,14.449999809265137,14.699999809265137,10.951054573059082,411400,1117.489990234375
2004-05-04,14.675000190734863,14.720000267028809,14.425000190734863,14.55500030517578,10.84303379058838,419400,1119.550048828125
2004-05-05,14.574999809265137,14.649999618530272,14.40999984741211,14.454999923706056,10.768535614013672,252600,1121.530029296875
2004-05-06,14.350000381469728,14.414999961853027,14.104999542236328,14.300000190734863,10.653063774108888,319400,1113.989990234375
2004-05-07,14.30500030517578,14.449999809265137,13.925000190734863,13.925000190734863,10.373705863952637,298000,1098.699951171875
2004-05-10,13.875,14.0649995803833,13.78499984741211,13.875,10.336456298828123,255800,1087.1199951171875
2004-05-11,13.9399995803833,14.229999542236328,13.925000190734863,14.06999969482422,10.481721878051758,220400,1095.449951171875
2004-05-12,14.114999771118164,14.210000038146973,13.84000015258789,14.164999961853027,10.552495956420898,315800,1097.280029296875
2004-05-13,14.125,14.1899995803833,13.984999656677246,14.074999809265137,10.485451698303224,156000,1096.43994140625
2004-05-14,14.024999618530272,14.145000457763672,13.779999732971191,13.8149995803833,10.291753768920898,266800,1095.699951171875
2004-05-17,13.8100004196167,13.895000457763672,13.484999656677246,13.675000190734863,10.187461853027344,334200,1084.0999755859375
2004-05-18,13.725000381469728,13.875,13.649999618530272,13.725000381469728,10.224703788757324,229800,1091.489990234375
2004-05-19,13.854999542236328,14.204999923706056,13.625,13.71500015258789,10.217257499694824,277400,1088.6800537109375
2004-05-20,13.739999771118164,13.970000267028809,13.675000190734863,13.869999885559082,10.332731246948242,189600,1089.18994140625
2004-05-21,13.925000190734863,14.18000030517578,13.800000190734863,13.90999984741211,10.362526893615724,139800,1093.56005859375
2004-05-24,13.9399995803833,14.19499969482422,13.80500030517578,13.904999732971191,10.358803749084473,245200,1095.4100341796875
2004-05-25,13.949999809265137,14.390000343322754,13.854999542236328,14.329999923706056,10.675416946411133,440000,1113.050048828125
2004-05-26,14.28499984741211,14.395000457763672,14.135000228881836,14.324999809265137,10.671689987182615,99600,1114.93994140625
2004-05-27,14.324999809265137,14.614999771118164,14.15999984741211,14.399999618530272,10.72756290435791,183600,1121.280029296875
2004-05-28,14.385000228881836,14.5,14.375,14.390000343322754,10.720112800598145,167800,1120.6800537109375
2004-06-01,14.324999809265137,14.625,14.300000190734863,14.585000038146973,10.865381240844728,153400,1121.199951171875
2004-06-02,14.625,14.625,14.404999732971191,14.489999771118164,10.794610023498535,160600,1124.989990234375
2004-06-03,14.425000190734863,14.43000030517578,14.3149995803833,14.375,10.708938598632812,200400,1116.6400146484375
2004-06-04,14.5,14.585000038146973,14.425000190734863,14.479999542236328,10.787161827087402,160600,1122.5
2004-06-07,14.484999656677246,14.8149995803833,14.484999656677246,14.8100004196167,11.032999038696287,143400,1140.4200439453125
2004-06-08,14.574999809265137,14.859999656677246,14.550000190734863,14.779999732971191,11.010655403137209,279200,1142.1800537109375
2004-06-09,14.725000381469728,14.875,14.43000030517578,14.4399995803833,10.757359504699709,229400,1131.3299560546875
2004-06-10,14.4399995803833,14.5649995803833,14.425000190734863,14.550000190734863,10.839309692382812,217000,1136.469970703125
2004-06-14,14.399999618530272,14.420000076293944,14.225000381469728,14.375,10.762565612792969,286400,1125.2900390625
2004-06-15,14.425000190734863,14.625,14.425000190734863,14.595000267028809,10.92727756500244,231800,1132.010009765625
2004-06-16,14.640000343322754,14.725000381469728,14.324999809265137,14.725000381469728,11.024612426757812,247200,1133.56005859375
2004-06-17,14.675000190734863,14.875,14.5,14.8149995803833,11.09199333190918,297400,1132.050048828125
2004-06-18,14.875,15.100000381469728,14.875,15.095000267028809,11.301629066467283,434000,1135.02001953125
2004-06-21,15.06999969482422,15.06999969482422,14.789999961853027,14.93000030517578,11.178093910217283,279200,1130.300048828125
2004-06-22,14.93000030517578,15.100000381469728,14.795000076293944,15.05500030517578,11.271683692932127,226200,1134.4100341796875
2004-06-23,15.0,15.1899995803833,15.0,15.175000190734863,11.361525535583496,543600,1144.06005859375
2004-06-24,15.199999809265137,15.274999618530272,15.109999656677246,15.220000267028809,11.395220756530762,239600,1140.6500244140625
2004-06-25,15.234999656677246,15.5,15.18000030517578,15.5,11.604854583740234,495200,1134.4300537109375
2004-06-28,15.5,15.925000190734863,15.420000076293944,15.675000190734863,11.73587417602539,433000,1133.3499755859375
2004-06-29,15.68000030517578,15.875,15.574999809265137,15.729999542236328,11.777052879333496,267400,1136.199951171875
2004-06-30,15.75,15.84000015258789,15.625,15.824999809265137,11.848180770874023,244800,1140.8399658203125
2004-07-01,15.824999809265137,15.850000381469728,15.595000267028809,15.614999771118164,11.69095230102539,286400,1128.93994140625
2004-07-02,15.649999618530272,15.699999809265137,15.449999809265137,15.630000114440918,11.702184677124023,135400,1125.3800048828125
2004-07-06,15.550000190734863,15.69499969482422,15.270000457763672,15.359999656677246,11.500033378601074,256600,1116.2099609375
2004-07-07,15.375,15.675000190734863,15.375,15.5,11.604854583740234,202400,1118.3299560546875
2004-07-08,15.399999618530272,15.55500030517578,15.25,15.255000114440918,11.421422004699709,167400,1109.1099853515625
2004-07-09,15.28499984741211,15.460000038146973,15.255000114440918,15.390000343322754,11.522499084472656,80200,1112.81005859375
2004-07-12,15.390000343322754,15.475000381469728,15.130000114440918,15.364999771118164,11.503782272338867,135800,1114.3499755859375
2004-07-13,15.414999961853027,15.529999732971191,15.350000381469728,15.454999923706056,11.571162223815918,102400,1115.1400146484375
2004-07-14,15.380000114440918,15.670000076293944,15.164999961853027,15.44499969482422,11.563676834106444,237800,1111.469970703125
2004-07-15,15.494999885559082,15.595000267028809,15.414999961853027,15.46500015258789,11.578652381896973,105000,1106.68994140625
2004-07-16,15.46500015258789,15.489999771118164,15.1899995803833,15.375,11.511266708374023,228000,1101.3900146484375
2004-07-19,15.4399995803833,15.4399995803833,15.164999961853027,15.25,11.417680740356444,172600,1100.9000244140625
2004-07-20,15.225000381469728,15.385000228881836,15.199999809265137,15.375,11.511266708374023,177800,1108.6700439453125
2004-07-21,15.399999618530272,15.44499969482422,15.0,15.0,11.23050022125244,345200,1093.8800048828125
2004-07-22,15.024999618530272,15.510000228881836,14.75,15.505000114440918,11.608603477478027,437400,1096.8399658203125
2004-07-23,15.449999809265137,15.550000190734863,15.210000038146973,15.3100004196167,11.462602615356444,288600,1086.199951171875
2004-07-26,15.359999656677246,15.43000030517578,15.18000030517578,15.265000343322754,11.42890739440918,284000,1084.0699462890625
2004-07-27,15.300000190734863,15.475000381469728,15.234999656677246,15.364999771118164,11.503782272338867,313600,1094.8299560546875
2004-07-28,15.369999885559082,15.395000457763672,15.104999542236328,15.3149995803833,11.46634578704834,302000,1095.4200439453125
2004-07-29,15.425000190734863,15.664999961853027,15.350000381469728,15.619999885559082,11.694695472717283,349800,1100.4300537109375
2004-07-30,15.574999809265137,15.574999809265137,15.369999885559082,15.399999618530272,11.529985427856444,200200,1101.719970703125
2004-08-02,15.324999809265137,15.765000343322754,15.300000190734863,15.6899995803833,11.747111320495604,482800,1106.6199951171875
2004-08-03,15.84000015258789,15.850000381469728,15.645000457763672,15.734999656677246,11.780799865722656,582000,1099.68994140625
2004-08-04,15.675000190734863,15.9350004196167,15.520000457763672,15.875,11.885618209838867,398200,1098.6300048828125
2004-08-05,15.835000038146973,15.875,15.279999732971191,15.329999923706056,11.477574348449709,281000,1080.699951171875
2004-08-06,15.255000114440918,15.30500030517578,15.050000190734863,15.18000030517578,11.365270614624023,306400,1063.969970703125
2004-08-09,15.260000228881836,15.55500030517578,15.244999885559082,15.489999771118164,11.597368240356444,401800,1065.219970703125
2004-08-10,15.59000015258789,15.96500015258789,15.55500030517578,15.94499969482422,11.93802261352539,565000,1079.0400390625
2004-08-11,15.875,15.949999809265137,15.484999656677246,15.875,11.885618209838867,651200,1075.7900390625
2004-08-12,15.850000381469728,15.850000381469728,15.56999969482422,15.604999542236328,11.683466911315918,296400,1063.22998046875
2004-08-13,15.699999809265137,15.734999656677246,15.479999542236328,15.524999618530272,11.623570442199709,170000,1064.800048828125
2004-08-16,15.5,15.96500015258789,15.5,15.949999809265137,11.941770553588867,167600,1079.3399658203125
2004-08-17,16.0,16.0,15.800000190734863,15.864999771118164,11.878131866455078,193600,1081.7099609375
2004-08-18,15.774999618530272,16.135000228881836,15.649999618530272,16.135000228881836,12.080276489257812,138000,1095.1700439453125
2004-08-19,16.075000762939453,16.075000762939453,15.75,15.859999656677246,11.87438678741455,259200,1091.22998046875
2004-08-20,15.93000030517578,16.125,15.864999771118164,16.075000762939453,12.035356521606444,262400,1098.3499755859375
2004-08-23,16.110000610351562,16.200000762939453,15.864999771118164,15.864999771118164,11.878131866455078,202800,1095.6800537109375
2004-08-24,15.979999542236328,16.21500015258789,15.954999923706056,16.079999923706055,12.03909969329834,219400,1096.18994140625
2004-08-25,16.145000457763672,16.309999465942383,15.920000076293944,16.309999465942383,12.211298942565918,348800,1104.9599609375
2004-08-26,16.364999771118164,16.56999969482422,16.344999313354492,16.364999771118164,12.252485275268556,390000,1105.0899658203125
2004-08-27,16.405000686645508,16.549999237060547,16.25,16.3700008392334,12.25622272491455,513400,1107.77001953125
2004-08-30,16.364999771118164,16.584999084472656,16.309999465942383,16.5,12.353551864624023,434200,1099.1500244140625
2004-08-31,16.549999237060547,16.75,16.450000762939453,16.6299991607666,12.450889587402344,241200,1104.239990234375
2004-09-01,16.6299991607666,16.90999984741211,16.5,16.860000610351562,12.623085021972656,526200,1105.9100341796875
2004-09-02,16.799999237060547,17.15999984741211,16.739999771118164,17.1299991607666,12.82523250579834,345800,1118.31005859375
2004-09-03,17.040000915527344,17.200000762939453,17.024999618530273,17.149999618530273,12.840210914611816,275400,1113.6300048828125
2004-09-07,17.350000381469727,17.549999237060547,17.274999618530273,17.485000610351562,13.091023445129396,522600,1121.300048828125
2004-09-08,17.485000610351562,17.524999618530273,17.024999618530273,17.024999618530273,12.746621131896973,486400,1116.27001953125
2004-09-09,17.075000762939453,17.25,17.049999237060547,17.21500015258789,12.88887882232666,439400,1118.3800048828125
2004-09-10,17.174999237060547,17.174999237060547,16.985000610351562,17.094999313354492,12.799028396606444,214800,1123.9200439453125
2004-09-13,17.100000381469727,17.145000457763672,16.985000610351562,17.0,12.782111167907717,235400,1125.8199462890625
2004-09-14,17.0,17.0,16.725000381469727,16.809999465942383,12.639256477355955,234000,1128.3299560546875
2004-09-15,16.774999618530273,16.940000534057617,16.725000381469727,16.90999984741211,12.71444320678711,234200,1120.3699951171875
2004-09-16,17.0,17.31999969482422,17.0,17.264999389648438,12.981367111206056,179000,1123.5
2004-09-17,17.3799991607666,17.44499969482422,17.094999313354492,17.225000381469727,12.951285362243652,320600,1128.550048828125
2004-09-20,17.125,17.3700008392334,17.079999923706055,17.149999618530273,12.8948974609375,121400,1122.199951171875
2004-09-21,17.174999237060547,17.395000457763672,17.174999237060547,17.270000457763672,12.985121726989746,215600,1129.300048828125
2004-09-22,17.225000381469727,17.260000228881836,16.905000686645508,17.200000762939453,12.932489395141602,237200,1113.56005859375
2004-09-23,17.174999237060547,17.264999389648438,17.079999923706055,17.104999542236328,12.861065864562988,129800,1108.3599853515625
2004-09-24,17.049999237060547,17.360000610351562,17.049999237060547,17.05500030517578,12.823466300964355,169000,1110.1099853515625
2004-09-27,17.05500030517578,17.05500030517578,16.46500015258789,16.65999984741211,12.526473999023438,351400,1103.52001953125
2004-09-28,16.625,17.149999618530273,16.625,17.084999084472656,12.846023559570312,257400,1110.06005859375
2004-09-29,17.049999237060547,17.28499984741211,17.0,17.15999984741211,12.90241813659668,218800,1114.800048828125
2004-09-30,17.18000030517578,17.69499969482422,17.149999618530273,17.545000076293945,13.191893577575684,349600,1114.5799560546875
2004-10-01,17.575000762939453,17.7549991607666,17.3799991607666,17.670000076293945,13.285879135131836,323000,1131.5
2004-10-04,17.774999618530273,17.8799991607666,17.59000015258789,17.68000030517578,13.2933988571167,185600,1135.1700439453125
2004-10-05,17.68000030517578,17.700000762939453,17.40999984741211,17.5,13.158056259155272,172600,1134.47998046875
2004-10-06,17.5,17.9950008392334,17.325000762939453,17.9950008392334,13.530242919921877,303000,1142.050048828125
2004-10-07,17.924999237060547,17.924999237060547,17.299999237060547,17.30500030517578,13.011433601379396,222000,1130.6500244140625
2004-10-08,17.25,17.399999618530273,17.014999389648438,17.079999923706055,12.842266082763672,204400,1122.1400146484375
2004-10-11,17.100000381469727,17.309999465942383,17.100000381469727,17.290000915527344,13.000164985656738,100400,1124.3900146484375
2004-10-12,17.209999084472656,17.274999618530273,16.8799991607666,17.200000762939453,12.932489395141602,157000,1121.8399658203125
2004-10-13,17.31999969482422,17.325000762939453,16.55500030517578,16.59000015258789,12.473840713500977,258200,1113.6500244140625
2004-10-14,16.594999313354492,16.905000686645508,16.56999969482422,16.75,12.594141960144045,214800,1103.2900390625
2004-10-15,16.75,17.299999237060547,16.75,16.825000762939453,12.65053653717041,218800,1108.199951171875
2004-10-18,16.725000381469727,16.969999313354492,16.475000381469727,16.8700008392334,12.684371948242188,225200,1114.02001953125
2004-10-19,16.920000076293945,17.079999923706055,16.920000076293945,17.0,12.782111167907717,665800,1103.22998046875
2004-10-20,16.950000762939453,17.125,16.809999465942383,17.030000686645508,12.80467414855957,228200,1103.6600341796875
2004-10-21,17.049999237060547,17.389999389648438,16.899999618530273,17.25,12.970091819763184,219200,1106.489990234375
2004-10-22,17.274999618530273,17.665000915527344,17.114999771118164,17.114999771118164,12.868582725524902,252600,1095.739990234375
2004-10-25,17.149999618530273,17.600000381469727,17.100000381469727,17.375,13.064069747924805,216200,1094.800048828125
2004-10-26,17.364999771118164,17.625,16.93000030517578,17.549999237060547,13.195650100708008,243000,1111.0899658203125
2004-10-27,17.549999237060547,17.954999923706055,17.5049991607666,17.834999084472656,13.409934043884276,337000,1125.4000244140625
2004-10-28,17.975000381469727,18.15999984741211,17.774999618530273,17.885000228881836,13.447531700134276,789400,1127.43994140625
2004-10-29,17.875,18.125,17.719999313354492,17.924999237060547,13.477615356445312,305200,1130.199951171875
2004-11-01,17.93000030517578,18.125,17.760000228881836,18.104999542236328,13.612955093383787,193400,1130.510009765625
2004-11-02,18.200000762939453,18.31999969482422,17.844999313354492,17.959999084472656,13.503929138183594,372600,1130.56005859375
2004-11-03,18.174999237060547,18.59499931335449,18.174999237060547,18.549999237060547,13.947537422180176,333800,1143.199951171875
2004-11-04,18.549999237060547,19.065000534057617,18.440000534057617,19.065000534057617,14.334762573242188,381400,1161.6700439453125
2004-11-05,19.049999237060547,19.30500030517578,18.670000076293945,18.850000381469727,14.17310905456543,384200,1166.1700439453125
2004-11-08,18.799999237060547,18.799999237060547,18.405000686645508,18.405000686645508,13.83851718902588,409400,1164.8900146484375
2004-11-09,18.325000762939453,18.834999084472656,18.20499992370605,18.799999237060547,14.135516166687012,411200,1164.0799560546875
2004-11-10,18.739999771118164,19.059999465942383,18.725000381469727,19.045000076293945,14.319726943969728,212200,1162.9100341796875
2004-11-11,19.045000076293945,19.424999237060547,19.0,19.424999237060547,14.605448722839355,288000,1173.47998046875
2004-11-12,19.424999237060547,19.600000381469727,19.209999084472656,19.600000381469727,14.737030029296877,150800,1184.1700439453125
2004-11-15,19.600000381469727,19.600000381469727,19.28499984741211,19.545000076293945,14.695673942565918,260200,1183.81005859375
2004-11-16,19.5,19.530000686645508,19.104999542236328,19.145000457763672,14.394914627075195,244200,1175.4300537109375
2004-11-17,19.25,19.799999237060547,19.239999771118164,19.415000915527344,14.597929000854492,266000,1181.93994140625
2004-11-18,19.375,19.450000762939453,18.959999084472656,19.225000381469727,14.45506763458252,255200,1183.550048828125
2004-11-19,19.174999237060547,19.174999237060547,18.709999084472656,19.145000457763672,14.394914627075195,244800,1170.3399658203125
2004-11-22,19.15999984741211,19.545000076293945,19.059999465942383,19.545000076293945,14.695673942565918,209800,1177.239990234375
2004-11-23,19.540000915527344,19.540000915527344,19.0049991607666,19.334999084472656,14.537768363952637,225200,1176.93994140625
2004-11-24,19.325000762939453,19.729999542236328,19.200000762939453,19.729999542236328,14.834775924682615,263600,1181.760009765625
2004-11-26,19.75,19.774999618530277,19.549999237060547,19.604999542236328,14.740784645080566,67400,1182.6500244140625
2004-11-29,19.649999618530277,19.71999931335449,19.174999237060547,19.674999237060547,14.793416023254396,346800,1178.5699462890625
2004-11-30,19.600000381469727,19.920000076293945,19.44499969482422,19.920000076293945,14.977627754211426,486200,1173.8199462890625
2004-12-01,20.0,20.325000762939453,19.9950008392334,20.15999984741211,15.158087730407717,370800,1191.3699951171875
2004-12-02,20.100000381469727,20.295000076293945,19.739999771118164,19.88999938964844,14.955072402954102,256800,1190.3299560546875
2004-12-03,19.864999771118164,20.09000015258789,19.71999931335449,19.825000762939453,14.906198501586914,238800,1191.1700439453125
2004-12-06,19.725000381469727,19.854999542236328,19.530000686645508,19.76000022888184,14.857329368591309,244600,1190.25
2004-12-07,19.799999237060547,19.799999237060547,19.475000381469727,19.475000381469727,14.643036842346191,355200,1177.0699462890625
2004-12-08,19.475000381469727,19.76000022888184,19.450000762939453,19.57999992370605,14.721986770629885,221600,1182.81005859375
2004-12-09,19.524999618530277,19.75,19.25,19.584999084472656,14.72573947906494,263400,1189.239990234375
2004-12-10,19.524999618530277,19.655000686645508,19.36000061035156,19.57999992370605,14.721986770629885,209400,1188.0
2004-12-13,19.600000381469727,19.649999618530277,19.420000076293945,19.649999618530277,14.831428527832031,170000,1198.6800537109375
2004-12-14,19.674999237060547,19.934999465942383,19.674999237060547,19.90999984741211,15.027668952941896,258000,1203.3800048828125
2004-12-15,19.899999618530277,20.040000915527344,19.795000076293945,20.040000915527344,15.125792503356934,215200,1205.719970703125
2004-12-16,19.950000762939453,20.059999465942383,19.7549991607666,20.020000457763672,15.110697746276855,315600,1203.2099609375
2004-12-17,20.06999969482422,20.125,19.51499938964844,19.905000686645508,15.023902893066406,358600,1194.199951171875
2004-12-20,19.905000686645508,20.084999084472656,19.75,19.78499984741211,14.933326721191406,174800,1194.6500244140625
2004-12-21,19.899999618530277,19.90999984741211,19.545000076293945,19.575000762939453,14.774822235107422,377200,1205.449951171875
2004-12-22,19.690000534057617,20.059999465942383,19.674999237060547,20.01499938964844,15.106925964355469,204800,1209.5699462890625
2004-12-23,19.899999618530277,19.9950008392334,19.75,19.899999618530277,15.02012825012207,234400,1210.1300048828125
2004-12-27,20.0,20.0049991607666,19.600000381469727,19.649999618530277,14.831428527832031,186200,1204.9200439453125
2004-12-28,19.625,20.075000762939453,19.625,19.84499931335449,14.978612899780272,236200,1213.5400390625
2004-12-29,19.875,19.875,19.655000686645508,19.7549991607666,14.910685539245604,154000,1213.449951171875
2004-12-30,19.600000381469727,19.739999771118164,19.40999984741211,19.524999618530277,14.737080574035645,334000,1213.550048828125
2004-12-31,19.565000534057617,19.600000381469727,19.309999465942383,19.354999542236328,14.608770370483398,242200,1211.9200439453125
2005-01-03,19.5049991607666,19.51499938964844,18.959999084472656,19.024999618530277,14.359688758850098,365200,1202.0799560546875
2005-01-04,19.024999618530277,19.024999618530277,18.200000762939453,18.25,13.774742126464844,463800,1188.050048828125
2005-01-05,18.149999618530277,18.23500061035156,17.809999465942383,17.809999465942383,13.442633628845217,594000,1183.739990234375
2005-01-06,17.809999465942383,18.18000030517578,17.15999984741211,18.155000686645508,13.703032493591309,1526600,1187.8900146484375
2005-01-07,18.155000686645508,18.424999237060547,17.875,18.21999931335449,13.752098083496094,909400,1186.18994140625
2005-01-10,18.149999618530277,18.5,18.084999084472656,18.084999084472656,13.650197982788086,634000,1190.25
2005-01-11,18.07999992370605,18.07999992370605,17.75,17.899999618530273,13.510565757751465,671200,1182.989990234375
2005-01-12,17.850000381469727,17.979999542236328,17.309999465942383,17.8799991607666,13.495465278625488,778800,1187.699951171875
2005-01-13,17.875,17.875,17.53499984741211,17.649999618530273,13.32186508178711,764800,1177.449951171875
2005-01-14,17.424999237060547,17.424999237060547,16.950000762939453,17.03499984741211,12.857677459716797,5539000,1184.52001953125
2005-01-18,17.0,17.2549991607666,16.899999618530273,17.21500015258789,12.993545532226562,1380200,1195.97998046875
2005-01-19,17.25,17.290000915527344,16.954999923706055,17.040000915527344,12.861454963684082,770000,1184.6300048828125
2005-01-20,16.850000381469727,17.094999313354492,16.799999237060547,17.0049991607666,12.835036277770996,1042200,1175.4100341796875
2005-01-21,17.0049991607666,17.149999618530273,16.950000762939453,17.06999969482422,12.884099960327148,765400,1167.8699951171875
2005-01-24,17.059999465942383,17.110000610351562,16.959999084472656,17.0049991607666,12.835036277770996,1005000,1163.75
2005-01-25,17.065000534057617,17.170000076293945,17.0,17.065000534057617,12.88031768798828,661800,1168.4100341796875
2005-01-26,17.065000534057617,17.149999618530273,16.9950008392334,17.100000381469727,12.906739234924316,535800,1174.0699462890625
2005-01-27,17.104999542236328,17.19499969482422,17.03499984741211,17.110000610351562,12.914286613464355,486200,1174.550048828125
2005-01-28,17.149999618530273,17.165000915527344,17.0,17.084999084472656,12.895419120788574,478200,1171.3599853515625
2005-01-31,17.274999618530273,17.55500030517578,17.190000534057617,17.55500030517578,13.250165939331056,1008000,1181.27001953125
2005-02-01,17.55500030517578,17.700000762939453,17.520000457763672,17.700000762939453,13.35960578918457,818600,1189.4100341796875
2005-02-02,17.700000762939453,17.780000686645508,17.5,17.780000686645508,13.419987678527832,485000,1193.18994140625
2005-02-03,17.799999237060547,17.799999237060547,17.399999618530273,17.579999923706055,13.269039154052734,752600,1189.8900146484375
2005-02-04,17.59000015258789,17.84000015258789,17.56999969482422,17.81999969482422,13.450182914733888,788800,1203.030029296875
2005-02-07,17.850000381469727,18.09499931335449,17.825000762939453,18.020000457763672,13.601134300231934,1131400,1201.719970703125
2005-02-08,18.049999237060547,18.26000022888184,17.94499969482422,18.26000022888184,13.782283782958984,1179600,1202.300048828125
2005-02-09,18.290000915527344,18.299999237060547,17.969999313354492,18.075000762939453,13.64265251159668,661400,1191.989990234375
2005-02-10,18.100000381469727,18.274999618530277,17.954999923706055,18.075000762939453,13.64265251159668,385800,1197.010009765625
2005-02-11,18.084999084472656,18.100000381469727,17.850000381469727,17.9950008392334,13.582271575927734,608600,1205.300048828125
2005-02-14,17.959999084472656,18.020000457763672,17.78499984741211,18.0,13.586039543151855,361000,1206.1400146484375
2005-02-15,17.975000381469727,18.065000534057617,17.709999084472656,17.815000534057617,13.446409225463867,474400,1210.1199951171875
2005-02-16,17.799999237060547,18.040000915527344,17.700000762939453,17.950000762939453,13.548309326171877,328600,1210.3399658203125
2005-02-17,17.94499969482422,17.94499969482422,17.5049991607666,17.559999465942383,13.253941535949709,654800,1200.75
2005-02-18,17.610000610351562,17.770000457763672,17.475000381469727,17.520000457763672,13.22375202178955,437800,1201.5899658203125
2005-02-22,17.475000381469727,17.549999237060547,17.104999542236328,17.1200008392334,12.921839714050291,437200,1184.1600341796875
2005-02-23,17.2450008392334,17.46500015258789,17.18000030517578,17.420000076293945,13.148273468017578,537400,1190.800048828125
2005-02-24,18.450000762939453,18.690000534057617,17.934999465942383,18.59000015258789,14.031366348266602,1352000,1200.199951171875
2005-02-25,18.71500015258789,19.170000076293945,18.63999938964844,19.15999984741211,14.46158504486084,825800,1211.3699951171875
2005-02-28,19.149999618530277,19.190000534057617,18.82999992370605,19.0,14.3408203125,700000,1203.5999755859375
2005-03-01,19.024999618530277,19.354999542236328,19.024999618530277,19.19499969482422,14.488004684448242,373200,1210.4100341796875
2005-03-02,19.024999618530277,19.34499931335449,18.924999237060547,19.084999084472656,14.404983520507812,376200,1210.0799560546875
2005-03-03,19.149999618530277,19.31999969482422,19.020000457763672,19.11000061035156,14.42384910583496,264400,1210.469970703125
2005-03-04,19.149999618530277,19.545000076293945,19.100000381469727,19.45499992370605,14.684252738952637,255400,1222.1199951171875
2005-03-07,19.475000381469727,19.51499938964844,19.200000762939453,19.280000686645508,14.552164077758787,167000,1225.31005859375
2005-03-08,19.25,19.3799991607666,19.0,19.325000762939453,14.586122512817385,421000,1219.4300537109375
2005-03-09,19.25,19.489999771118164,18.905000686645508,18.920000076293945,14.28044605255127,630600,1207.010009765625
2005-03-10,18.920000076293945,19.065000534057617,18.700000762939453,18.86000061035156,14.235152244567873,329800,1209.25
2005-03-11,18.799999237060547,18.875,18.53499984741211,18.575000762939453,14.076019287109377,938600,1200.0799560546875
2005-03-14,18.57999992370605,19.030000686645508,18.575000762939453,18.834999084472656,14.273041725158691,633400,1206.8299560546875
2005-03-15,18.924999237060547,19.049999237060547,18.524999618530277,18.649999618530277,14.132851600646973,369400,1197.75
2005-03-16,18.600000381469727,18.604999542236328,18.274999618530277,18.38500022888184,13.932039260864258,356400,1188.0699462890625
2005-03-17,18.38500022888184,18.850000381469727,18.32999992370605,18.76499938964844,14.219996452331545,445200,1190.2099609375
2005-03-18,18.875,18.96999931335449,18.71500015258789,18.950000762939453,14.360197067260742,759600,1189.6500244140625
2005-03-21,18.9950008392334,18.9950008392334,18.56999969482422,18.63999938964844,14.12526798248291,276400,1183.780029296875
2005-03-22,18.645000457763672,18.65999984741211,18.125,18.1299991607666,13.738801956176758,744600,1171.7099609375
2005-03-23,18.049999237060547,18.3799991607666,17.975000381469727,18.15999984741211,13.761533737182615,362400,1172.530029296875
2005-03-24,18.280000686645508,18.51000022888184,18.25,18.290000915527344,13.860044479370115,231000,1171.4200439453125
2005-03-28,18.315000534057617,18.38500022888184,18.049999237060547,18.13500022888184,13.74258804321289,198800,1174.280029296875
2005-03-29,18.15999984741211,18.299999237060547,17.6299991607666,17.68000030517578,13.397790908813477,446200,1165.3599853515625
2005-03-30,17.655000686645508,18.20499992370605,17.655000686645508,18.20499992370605,13.795632362365724,366800,1181.4100341796875
2005-03-31,18.190000534057617,18.21999931335449,18.049999237060547,18.18000030517578,13.77668571472168,472200,1180.5899658203125
2005-04-01,18.375,18.475000381469727,17.934999465942383,17.989999771118164,13.63270378112793,417400,1172.9200439453125
2005-04-04,17.950000762939453,18.145000457763672,17.674999237060547,18.07999992370605,13.700909614562988,298200,1176.1199951171875
2005-04-05,18.145000457763672,18.229999542236328,18.05500030517578,18.209999084472656,13.79942226409912,228400,1181.3900146484375
2005-04-06,18.26000022888184,18.395000457763672,18.09499931335449,18.100000381469727,13.716066360473633,267000,1184.0699462890625
2005-04-07,18.100000381469727,18.200000762939453,17.915000915527344,18.13999938964844,13.746378898620604,178400,1191.1400146484375
2005-04-08,18.125,18.125,17.75,17.78499984741211,13.477359771728516,360600,1181.199951171875
2005-04-11,17.78499984741211,17.815000534057617,17.514999389648438,17.674999237060547,13.394001960754396,274600,1181.2099609375
2005-04-12,17.739999771118164,17.924999237060547,17.424999237060547,17.7549991607666,13.454629898071287,605000,1187.760009765625
2005-04-13,17.68000030517578,17.690000534057617,17.15999984741211,17.239999771118164,13.064363479614258,599600,1173.7900390625
2005-04-14,17.264999389648438,17.424999237060547,17.104999542236328,17.15999984741211,13.003737449645996,723600,1162.050048828125
2005-04-15,16.850000381469727,16.854999542236328,16.100000381469727,16.229999542236328,12.29898738861084,902000,1142.6199951171875
2005-04-18,16.25,16.475000381469727,16.020000457763672,16.405000686645508,12.431601524353027,552600,1145.97998046875
2005-04-19,16.475000381469727,16.725000381469727,16.475000381469727,16.655000686645508,12.621051788330078,310600,1152.780029296875
2005-04-20,16.625,16.71500015258789,16.19499969482422,16.235000610351562,12.302775382995604,450400,1137.5
2005-04-21,16.475000381469727,16.725000381469727,16.264999389648438,16.719999313354492,12.670307159423828,483400,1159.949951171875
2005-04-22,16.649999618530273,16.649999618530273,16.204999923706055,16.329999923706055,12.374771118164062,555000,1152.1199951171875
2005-04-25,16.44499969482422,16.985000610351562,16.399999618530273,16.875,12.787768363952637,925600,1162.0999755859375
2005-04-26,17.799999237060547,18.21500015258789,17.524999618530273,17.8700008392334,13.541776657104492,1427000,1151.8299560546875
2005-04-27,17.825000762939453,18.0,17.2549991607666,17.850000381469727,13.52661418914795,813600,1156.3800048828125
2005-04-28,17.860000610351562,18.07999992370605,17.700000762939453,17.795000076293945,13.484936714172363,620600,1143.219970703125
2005-04-29,17.924999237060547,18.325000762939453,17.905000686645508,18.30500030517578,13.871414184570312,723200,1156.8499755859375
2005-05-02,18.274999618530277,18.46999931335449,18.065000534057617,18.450000762939453,13.981292724609377,621400,1162.1600341796875
2005-05-03,18.399999618530277,18.770000457763672,18.399999618530277,18.51000022888184,14.02676486968994,628800,1161.1700439453125
2005-05-04,18.674999237060547,18.989999771118164,18.649999618530277,18.950000762939453,14.360197067260742,359000,1175.6500244140625
2005-05-05,18.924999237060547,19.084999084472656,18.549999237060547,18.649999618530277,14.132851600646973,655400,1172.6300048828125
2005-05-06,18.774999618530277,18.924999237060547,18.614999771118164,18.739999771118164,14.201054573059082,344200,1171.3499755859375
2005-05-09,18.674999237060547,18.834999084472656,18.459999084472656,18.809999465942383,14.254096031188965,403600,1178.8399658203125
2005-05-10,18.700000762939453,18.700000762939453,18.26000022888184,18.350000381469727,13.905510902404783,413000,1166.219970703125
2005-05-11,18.350000381469727,18.670000076293945,18.040000915527344,18.65999984741211,14.140425682067873,631200,1171.1099853515625
2005-05-12,18.649999618530277,18.9950008392334,18.350000381469727,18.450000762939453,13.981292724609377,925800,1159.3599853515625
2005-05-13,18.524999618530277,18.524999618530277,17.885000228881836,18.125,13.735008239746094,668600,1154.050048828125
2005-05-16,18.125,18.600000381469727,18.040000915527344,18.600000381469727,14.09496021270752,539200,1165.68994140625
2005-05-17,18.559999465942383,18.780000686645508,18.489999771118164,18.75,14.208633422851562,726600,1173.800048828125
2005-05-18,18.899999618530277,19.450000762939453,18.899999618530277,19.34499931335449,14.659523963928224,423800,1185.56005859375
2005-05-19,19.32999992370605,19.395000457763672,18.915000915527344,19.0,14.398076057434082,412800,1191.0799560546875
2005-05-20,19.0,19.0049991607666,18.799999237060547,18.96500015258789,14.371556282043455,272800,1189.280029296875
2005-05-23,19.01000022888184,19.31999969482422,18.98500061035156,19.2450008392334,14.583740234375,335400,1193.8599853515625
2005-05-24,19.174999237060547,19.30500030517578,18.96500015258789,19.23500061035156,14.576157569885254,466400,1194.0699462890625
2005-05-25,19.23500061035156,19.26499938964844,18.6299991607666,19.065000534057617,14.44733428955078,561200,1190.010009765625
2005-05-26,19.225000381469727,19.31999969482422,19.09000015258789,19.26000022888184,14.595107078552246,355200,1197.6199951171875
2005-05-27,19.225000381469727,19.30500030517578,19.059999465942383,19.274999618530277,14.606475830078123,281400,1198.780029296875
2005-05-31,19.274999618530277,19.32999992370605,19.0,19.020000457763672,14.41323471069336,289400,1191.5
2005-06-01,19.11000061035156,19.46999931335449,19.075000762939453,19.30500030517578,14.629205703735352,441200,1202.219970703125
2005-06-02,19.225000381469727,19.225000381469727,18.739999771118164,18.88500022888184,14.31092929840088,538600,1204.2900390625
2005-06-03,18.875,19.01499938964844,18.40999984741211,18.604999542236328,14.098743438720703,578400,1196.02001953125
2005-06-06,18.604999542236328,18.649999618530277,18.415000915527344,18.545000076293945,14.053287506103516,530400,1197.510009765625
2005-06-07,18.549999237060547,18.809999465942383,18.450000762939453,18.51000022888184,14.02676486968994,606200,1197.260009765625
2005-06-08,18.524999618530277,18.524999618530277,18.11000061035156,18.19499969482422,13.788052558898926,407800,1194.6700439453125
2005-06-09,18.19499969482422,18.200000762939453,17.905000686645508,18.084999084472656,13.70469570159912,353000,1200.9300537109375
2005-06-10,18.125,18.174999237060547,17.850000381469727,17.93000030517578,13.587239265441896,699200,1198.1099853515625
2005-06-13,17.860000610351562,18.01499938964844,17.790000915527344,17.934999465942383,13.648115158081056,628200,1200.8199462890625
2005-06-14,17.934999465942383,18.104999542236328,17.924999237060547,18.0,13.69758129119873,414600,1203.9100341796875
2005-06-15,18.049999237060547,18.049999237060547,17.80500030517578,18.0,13.69758129119873,561400,1206.5799560546875
2005-06-16,18.0049991607666,18.145000457763672,17.905000686645508,18.024999618530277,13.71660327911377,494000,1210.9599609375
2005-06-17,18.125,18.19499969482422,18.024999618530277,18.049999237060547,13.735629081726074,889400,1216.9599609375
2005-06-20,17.850000381469727,18.03499984741211,17.760000228881836,17.90999984741211,13.62909698486328,458800,1216.0999755859375
2005-06-21,17.885000228881836,17.924999237060547,17.645000457763672,17.7549991607666,13.511143684387209,686600,1213.6099853515625
2005-06-22,17.825000762939453,17.875,17.700000762939453,17.799999237060547,13.545385360717772,435800,1213.8800048828125
2005-06-23,17.80500030517578,17.850000381469727,17.299999237060547,17.350000381469727,13.202948570251465,523000,1200.72998046875
2005-06-24,17.334999084472656,17.524999618530273,17.219999313354492,17.5,13.317093849182127,2034200,1191.5699462890625
2005-06-27,17.375,17.774999618530273,17.375,17.639999389648438,13.423622131347656,732000,1190.68994140625
2005-06-28,18.25,18.375,18.09499931335449,18.21999931335449,13.864997863769531,1127000,1201.5699462890625
2005-06-29,18.26499938964844,18.350000381469727,18.229999542236328,18.299999237060547,13.92587661743164,501000,1199.8499755859375
2005-06-30,18.350000381469727,18.415000915527344,18.23500061035156,18.23500061035156,13.876408576965332,396600,1191.3299560546875
2005-07-01,18.225000381469727,18.350000381469727,18.174999237060547,18.334999084472656,13.952509880065918,354000,1194.43994140625
2005-07-05,18.25,18.280000686645508,17.8799991607666,17.899999618530273,13.62148380279541,614600,1204.989990234375
2005-07-06,17.899999618530273,17.959999084472656,17.625,17.625,13.412212371826172,465600,1194.93994140625
2005-07-07,17.5,17.875,17.424999237060547,17.84000015258789,13.575825691223145,234600,1197.8699951171875
2005-07-08,17.834999084472656,18.3700008392334,17.829999923706055,18.350000381469727,13.963923454284668,221200,1211.8599853515625
2005-07-11,18.325000762939453,18.924999237060547,18.325000762939453,18.600000381469727,14.15416145324707,362800,1219.43994140625
2005-07-12,18.584999084472656,18.815000534057617,18.399999618530277,18.655000686645508,14.196026802062988,310400,1222.2099609375
2005-07-13,18.625,18.739999771118164,18.475000381469727,18.649999618530277,14.19221305847168,252800,1223.2900390625
2005-07-14,18.645000457763672,18.799999237060547,18.334999084472656,18.364999771118164,13.975340843200684,401200,1226.5
2005-07-15,18.364999771118164,18.4950008392334,18.274999618530277,18.40999984741211,14.00958251953125,153000,1227.9200439453125
2005-07-18,18.375,18.729999542236328,18.375,18.57999992370605,14.138951301574709,756200,1221.1300048828125
2005-07-19,18.725000381469727,19.26499938964844,18.700000762939453,19.174999237060547,14.59172821044922,703600,1229.3499755859375
2005-07-20,19.049999237060547,19.05500030517578,18.174999237060547,18.5,14.078076362609863,1297400,1235.199951171875
2005-07-21,18.5,18.59000015258789,18.209999084472656,18.5049991607666,14.081873893737791,777400,1227.0400390625
2005-07-22,18.59000015258789,18.69499969482422,18.354999542236328,18.6299991607666,14.17699909210205,367000,1233.6800537109375
2005-07-25,18.69499969482422,18.934999465942383,18.649999618530277,18.799999237060547,14.30635929107666,504800,1229.030029296875
2005-07-26,18.799999237060547,18.979999542236328,18.575000762939453,18.899999618530277,14.382455825805664,672200,1231.1600341796875
2005-07-27,19.0,19.13999938964844,18.940000534057617,19.059999465942383,14.504216194152832,430400,1236.7900390625
2005-07-28,19.05500030517578,19.209999084472656,19.05500030517578,19.18000030517578,14.595531463623049,213400,1243.719970703125
2005-07-29,19.145000457763672,19.19499969482422,18.899999618530277,19.049999237060547,14.496606826782228,621000,1234.1800537109375
2005-08-01,19.05500030517578,19.075000762939453,18.799999237060547,18.81999969482422,14.321582794189451,347400,1235.3499755859375
2005-08-02,18.88999938964844,19.059999465942383,18.88500022888184,18.98500061035156,14.447148323059082,319800,1244.1199951171875
2005-08-03,18.950000762939453,19.0,18.76499938964844,18.979999542236328,14.443337440490724,314000,1245.0400390625
2005-08-04,18.924999237060547,18.924999237060547,18.649999618530277,18.76000022888184,14.275920867919922,181200,1235.8599853515625
2005-08-05,18.73500061035156,18.75,18.549999237060547,18.63999938964844,14.184608459472656,303600,1226.4200439453125
2005-08-08,18.645000457763672,18.799999237060547,18.625,18.684999465942383,14.218852996826172,350000,1223.1300048828125
2005-08-09,18.68000030517578,18.73500061035156,18.575000762939453,18.700000762939453,14.23026180267334,552200,1231.3800048828125
2005-08-10,18.875,18.875,18.51000022888184,18.625,14.173192024230955,213400,1229.1300048828125
2005-08-11,18.625,18.924999237060547,18.600000381469727,18.674999237060547,14.211237907409668,333800,1237.81005859375
2005-08-12,18.600000381469727,18.725000381469727,18.51499938964844,18.655000686645508,14.196026802062988,378600,1230.3900146484375
2005-08-15,18.655000686645508,18.690000534057617,18.375,18.46500015258789,14.051436424255373,341200,1233.8699951171875
2005-08-16,18.434999465942383,18.434999465942383,18.18000030517578,18.225000381469727,13.868803977966309,499400,1219.3399658203125
2005-08-17,18.225000381469727,18.225000381469727,17.94499969482422,18.09499931335449,13.769875526428224,422800,1220.239990234375
2005-08-18,18.084999084472656,18.174999237060547,18.0,18.03499984741211,13.724217414855955,412800,1219.02001953125
2005-08-19,18.100000381469727,18.100000381469727,17.924999237060547,17.979999542236328,13.682360649108888,160800,1219.7099609375
2005-08-22,17.979999542236328,18.239999771118164,17.940000534057617,18.21500015258789,13.861196517944336,286200,1221.72998046875
2005-08-23,18.21500015258789,18.21500015258789,17.594999313354492,17.649999618530273,13.431241035461426,286400,1217.5899658203125
2005-08-24,17.549999237060547,17.770000457763672,17.350000381469727,17.43000030517578,13.263830184936523,380200,1209.5899658203125
2005-08-25,17.5,17.799999237060547,17.3700008392334,17.7450008392334,13.503535270690918,402000,1212.3699951171875
2005-08-26,17.75,17.795000076293945,17.6299991607666,17.725000381469727,13.48831272125244,426800,1205.0999755859375
2005-08-29,17.729999542236328,17.959999084472656,17.704999923706055,17.959999084472656,13.667143821716309,368800,1212.280029296875
2005-08-30,17.959999084472656,17.959999084472656,17.760000228881836,17.924999237060547,13.640509605407717,506000,1208.4100341796875
2005-08-31,17.899999618530273,18.155000686645508,17.78499984741211,18.155000686645508,13.815531730651855,249400,1220.3299560546875
2005-09-01,18.184999465942383,18.295000076293945,17.940000534057617,17.94499969482422,13.655732154846191,192400,1221.5899658203125
2005-09-02,17.954999923706055,18.024999618530277,17.854999542236328,17.885000228881836,13.610068321228027,158800,1218.02001953125
2005-09-06,17.950000762939453,18.23500061035156,17.950000762939453,18.045000076293945,13.731828689575195,223600,1233.3900146484375
2005-09-07,18.100000381469727,18.21999931335449,17.96500015258789,17.9950008392334,13.693774223327637,286800,1236.3599853515625
2005-09-08,17.9950008392334,18.040000915527344,17.899999618530273,18.010000228881836,13.705193519592283,386000,1231.6700439453125
2005-09-09,18.0,18.100000381469727,17.975000381469727,18.065000534057617,13.747047424316406,342200,1241.47998046875
2005-09-12,18.040000915527344,18.100000381469727,17.864999771118164,17.889999389648438,13.613872528076172,446400,1240.56005859375
2005-09-13,17.889999389648438,18.020000457763672,17.790000915527344,17.864999771118164,13.65591049194336,409400,1231.199951171875
2005-09-14,17.940000534057617,18.06999969482422,17.895000457763672,17.979999542236328,13.743818283081056,305400,1227.1600341796875
2005-09-15,17.989999771118164,18.01499938964844,17.8700008392334,18.0049991607666,13.762931823730469,393400,1227.72998046875
2005-09-16,18.0049991607666,18.100000381469727,17.924999237060547,18.024999618530277,13.778215408325195,1225200,1237.9100341796875
2005-09-19,18.03499984741211,18.09499931335449,17.94499969482422,18.01499938964844,13.770574569702148,447000,1231.02001953125
2005-09-20,18.020000457763672,18.11000061035156,16.975000381469727,17.325000762939453,13.243145942687988,3583600,1221.3399658203125
2005-09-21,17.799999237060547,18.350000381469727,17.7549991607666,17.979999542236328,13.743818283081056,2276400,1210.199951171875
2005-09-22,17.979999542236328,18.03499984741211,17.829999923706055,18.0,13.759111404418944,499200,1214.6199951171875
2005-09-23,18.0,18.40999984741211,17.975000381469727,18.399999618530277,14.064868927001951,678400,1215.2900390625
2005-09-26,18.5,18.56999969482422,18.209999084472656,18.274999618530277,13.969313621520996,323000,1215.6300048828125
2005-09-27,18.274999618530277,18.38500022888184,18.020000457763672,18.28499984741211,13.97696018218994,344000,1215.6600341796875
2005-09-28,18.25,18.2549991607666,18.0,18.104999542236328,13.83936882019043,239600,1216.8900146484375
2005-09-29,18.125,18.3799991607666,18.040000915527344,18.28499984741211,13.97696018218994,363400,1227.6800537109375
2005-09-30,18.28499984741211,18.88500022888184,18.26000022888184,18.850000381469727,14.408841133117676,526400,1228.81005859375
2005-10-03,18.88999938964844,19.024999618530277,18.88999938964844,18.950000762939453,14.48528289794922,584400,1226.699951171875
2005-10-04,18.950000762939453,19.0,18.73500061035156,18.790000915527344,14.36298370361328,580200,1214.469970703125
2005-10-05,18.7549991607666,18.7549991607666,18.174999237060547,18.21999931335449,13.927276611328123,449000,1196.3900146484375
2005-10-06,18.274999618530277,18.48500061035156,18.149999618530277,18.299999237060547,13.988431930541992,760000,1191.489990234375
2005-10-07,18.375,18.549999237060547,18.155000686645508,18.2450008392334,13.946381568908691,347800,1195.9000244140625
2005-10-10,18.325000762939453,18.475000381469727,18.165000915527344,18.38999938964844,14.057217597961426,481600,1187.3299560546875
2005-10-11,18.38500022888184,18.670000076293945,18.295000076293945,18.625,14.236858367919922,616000,1184.8699951171875
2005-10-12,18.625,18.700000762939453,17.90999984741211,18.010000228881836,13.76675510406494,1742200,1177.6800537109375
2005-10-13,18.020000457763672,18.09499931335449,17.75,18.065000534057617,13.808795928955078,740200,1176.8399658203125
2005-10-14,18.190000534057617,18.299999237060547,17.924999237060547,18.174999237060547,13.892879486083984,528000,1186.5699462890625
2005-10-17,18.18000030517578,18.30500030517578,18.145000457763672,18.26499938964844,13.961673736572266,349800,1190.0999755859375
2005-10-18,17.825000762939453,17.829999923706055,17.325000762939453,17.7549991607666,13.571834564208984,2306800,1178.1400146484375
2005-10-19,17.700000762939453,17.735000610351562,17.375,17.71500015258789,13.54125690460205,1245000,1195.760009765625
2005-10-20,17.71500015258789,17.81999969482422,17.594999313354492,17.75,13.568012237548828,1049400,1177.800048828125
2005-10-21,17.75,17.9950008392334,17.725000381469727,17.774999618530273,13.587121963500977,625000,1179.5899658203125
2005-10-24,17.850000381469727,17.985000610351562,17.709999084472656,17.915000915527344,13.694138526916504,526800,1199.3800048828125
2005-10-25,17.75,17.7549991607666,17.0,17.385000228881836,13.2890043258667,1032200,1196.5400390625
2005-10-26,17.3799991607666,17.514999389648438,17.290000915527344,17.30500030517578,13.227853775024414,1133400,1191.3800048828125
2005-10-27,17.225000381469727,17.229999542236328,16.700000762939453,16.760000228881836,12.811261177062988,908600,1178.9000244140625
2005-10-28,16.844999313354492,17.114999771118164,16.795000076293945,17.100000381469727,13.071158409118652,731400,1198.4100341796875
2005-10-31,17.5,17.59000015258789,17.350000381469727,17.545000076293945,13.411309242248535,723200,1207.010009765625
2005-11-01,17.4950008392334,17.674999237060547,17.479999542236328,17.639999389648438,13.48392391204834,956600,1202.760009765625
2005-11-02,17.639999389648438,17.834999084472656,17.549999237060547,17.809999465942383,13.613873481750488,466800,1214.760009765625
2005-11-03,18.049999237060547,18.049999237060547,17.90999984741211,17.969999313354492,13.73617935180664,1420800,1219.93994140625
2005-11-04,18.0049991607666,18.0049991607666,17.795000076293945,17.905000686645508,13.686493873596191,430600,1220.1400146484375
2005-11-07,17.875,18.03499984741211,17.84000015258789,17.954999923706055,13.724712371826172,415600,1222.81005859375
2005-11-08,17.954999923706055,18.209999084472656,17.844999313354492,18.165000915527344,13.885241508483888,507200,1218.5899658203125
2005-11-09,18.165000915527344,18.229999542236328,18.020000457763672,18.20499992370605,13.915814399719238,451000,1220.6500244140625
2005-11-10,18.190000534057617,18.51000022888184,18.049999237060547,18.3799991607666,14.04958152770996,596800,1230.9599609375
2005-11-11,18.3799991607666,18.600000381469727,18.3799991607666,18.59000015258789,14.210097312927246,341400,1234.719970703125
2005-11-14,18.59499931335449,18.6200008392334,18.34499931335449,18.56999969482422,14.194812774658203,325200,1233.760009765625
2005-11-15,18.540000915527344,18.625,18.3799991607666,18.43000030517578,14.087797164916992,426600,1229.010009765625
2005-11-16,18.440000534057617,18.5,18.3799991607666,18.46500015258789,14.114553451538086,328400,1231.2099609375
2005-11-17,18.46500015258789,18.655000686645508,18.399999618530277,18.600000381469727,14.21773910522461,269000,1242.800048828125
2005-11-18,18.674999237060547,18.75,18.545000076293945,18.674999237060547,14.27507209777832,254200,1248.27001953125
2005-11-21,18.649999618530277,18.7450008392334,18.540000915527344,18.690000534057617,14.286539077758787,297800,1254.8499755859375
2005-11-22,18.684999465942383,18.7450008392334,18.625,18.69499969482422,14.290363311767578,190600,1261.22998046875
2005-11-23,18.625,18.725000381469727,18.565000534057617,18.625,14.236858367919922,123800,1265.6099853515625
2005-11-25,18.684999465942383,18.75,18.645000457763672,18.73500061035156,14.320938110351562,51000,1268.25
2005-11-28,18.75,18.774999618530277,18.40999984741211,18.549999237060547,14.179522514343262,289600,1257.4599609375
2005-11-29,18.549999237060547,18.76000022888184,18.475000381469727,18.59000015258789,14.210097312927246,479800,1257.47998046875
2005-11-30,18.625,18.780000686645508,18.34000015258789,18.399999618530277,14.064868927001951,370400,1249.47998046875
2005-12-01,18.5,18.690000534057617,18.5,18.684999465942383,14.282722473144531,875800,1264.6700439453125
2005-12-02,18.684999465942383,18.93000030517578,18.600000381469727,18.905000686645508,14.450891494750977,341000,1265.0799560546875
2005-12-05,18.825000762939453,18.84000015258789,18.56999969482422,18.795000076293945,14.36680793762207,271800,1262.0899658203125
2005-12-06,18.875,19.049999237060547,18.725000381469727,19.0,14.523499488830566,274200,1263.699951171875
2005-12-07,18.875,19.18000030517578,18.834999084472656,19.03499984741211,14.550260543823242,475400,1257.3699951171875
2005-12-08,19.0,19.049999237060547,18.690000534057617,18.81999969482422,14.385913848876951,198000,1255.8399658203125
2005-12-09,18.81999969482422,18.84000015258789,18.604999542236328,18.75,14.332402229309082,206000,1259.3699951171875
2005-12-12,18.75,18.78499984741211,18.63999938964844,18.71999931335449,14.30947208404541,257600,1260.4300537109375
2005-12-13,18.61000061035156,19.309999465942383,18.61000061035156,19.13500022888184,14.68947410583496,721600,1267.4300537109375
2005-12-14,19.13500022888184,19.23500061035156,18.94499969482422,19.09499931335449,14.658763885498049,374400,1272.739990234375
2005-12-15,19.100000381469727,19.11000061035156,18.895000457763672,19.0049991607666,14.589674949645996,258800,1270.93994140625
2005-12-16,19.01000022888184,19.05500030517578,18.975000381469727,18.975000381469727,14.56664752960205,288000,1267.3199462890625
2005-12-19,19.0,19.01000022888184,18.645000457763672,18.655000686645508,14.320992469787598,489800,1259.9200439453125
2005-12-20,18.65999984741211,18.815000534057617,18.57999992370605,18.649999618530277,14.317147254943848,240800,1259.6199951171875
2005-12-21,18.649999618530277,18.799999237060547,18.645000457763672,18.649999618530277,14.317147254943848,386000,1262.7900390625
2005-12-22,18.674999237060547,19.059999465942383,18.600000381469727,19.059999465942383,14.631896018981934,201800,1268.1199951171875
2005-12-23,19.084999084472656,19.459999084472656,19.084999084472656,19.43000030517578,14.915948867797852,269600,1268.6600341796875
2005-12-27,19.415000915527344,19.545000076293945,19.209999084472656,19.299999237060547,14.816139221191406,204000,1256.5400390625
2005-12-28,19.38500022888184,19.475000381469727,19.38500022888184,19.45499992370605,14.93513011932373,256200,1258.1700439453125
2005-12-29,19.575000762939453,19.75,19.399999618530277,19.440000534057617,14.923611640930176,236200,1254.4200439453125
2005-12-30,19.350000381469727,19.46500015258789,19.165000915527344,19.174999237060547,14.72017765045166,168800,1248.2900390625
2006-01-03,19.290000915527344,21.0,19.290000915527344,20.48500061035156,15.725839614868164,2859400,1268.800048828125
2006-01-04,20.03499984741211,20.364999771118164,19.780000686645508,20.075000762939453,15.411091804504396,1344000,1273.4599609375
2006-01-05,20.075000762939453,20.184999465942383,19.9950008392334,20.075000762939453,15.411091804504396,520800,1273.47998046875
2006-01-06,20.100000381469727,20.11000061035156,19.854999542236328,19.934999465942383,15.30360984802246,541600,1285.449951171875
2006-01-09,19.825000762939453,20.0,19.700000762939453,19.95499992370605,15.318964958190918,544800,1290.1500244140625
2006-01-10,19.899999618530277,20.0,19.78499984741211,19.90999984741211,15.284422874450684,353800,1289.68994140625
2006-01-11,19.90999984741211,19.93000030517578,19.809999465942383,19.82999992370605,15.22300910949707,235000,1294.1800537109375
2006-01-12,19.834999084472656,19.9950008392334,19.76499938964844,19.80500030517578,15.203819274902344,242600,1286.06005859375
2006-01-13,19.809999465942383,19.98500061035156,19.795000076293945,19.815000534057617,15.211492538452148,143800,1287.6099853515625
2006-01-17,19.75,19.950000762939453,19.700000762939453,19.905000686645508,15.28058910369873,194000,1282.9300537109375
2006-01-18,19.850000381469727,19.90999984741211,19.614999771118164,19.770000457763672,15.176944732666016,214000,1277.9300537109375
2006-01-19,19.809999465942383,20.0,19.7549991607666,19.975000381469727,15.33431625366211,173000,1285.0400390625
2006-01-20,19.96999931335449,19.96999931335449,19.415000915527344,19.415000915527344,14.904424667358398,234600,1261.489990234375
2006-01-23,19.43000030517578,19.899999618530277,19.43000030517578,19.7549991607666,15.165438652038574,253000,1263.8199462890625
2006-01-24,19.780000686645508,20.200000762939453,19.780000686645508,20.1200008392334,15.445630073547363,411200,1266.8599853515625
2006-01-25,20.125,20.325000762939453,19.684999465942383,19.76499938964844,15.17310619354248,322400,1264.6800537109375
2006-01-26,20.5,21.424999237060547,20.28499984741211,21.21999931335449,16.290082931518555,2363000,1273.8299560546875
2006-01-27,21.2450008392334,22.084999084472656,20.799999237060547,22.075000762939453,16.94644546508789,1186800,1283.719970703125
2006-01-30,22.075000762939453,22.075000762939453,21.68000030517578,21.684999465942383,16.647045135498047,962800,1285.18994140625
2006-01-31,21.674999237060547,21.88500022888184,21.670000076293945,21.88500022888184,16.800588607788086,717200,1280.0799560546875
2006-02-01,21.78499984741211,22.07999992370605,21.774999618530277,22.0,16.888864517211914,725600,1282.4599609375
2006-02-02,22.0,23.225000381469727,22.0,22.56999969482422,17.32643699645996,1365600,1270.8399658203125
2006-02-03,21.625,21.84499931335449,20.875,21.63500022888184,16.608661651611328,1451200,1264.030029296875
2006-02-06,21.63500022888184,22.100000381469727,21.625,22.030000686645508,16.91189956665039,747600,1265.02001953125
2006-02-07,21.959999084472656,22.01499938964844,21.59499931335449,21.665000915527344,16.631694793701172,488200,1254.780029296875
2006-02-08,21.690000534057617,21.729999542236328,21.424999237060547,21.65999984741211,16.62784194946289,533000,1265.6500244140625
2006-02-09,21.6299991607666,21.88500022888184,21.32999992370605,21.3799991607666,16.41291618347168,586200,1263.780029296875
2006-02-10,21.350000381469727,21.73500061035156,21.21999931335449,21.625,16.600984573364258,335000,1266.989990234375
2006-02-13,21.549999237060547,21.549999237060547,20.875,21.375,16.4090633392334,1157400,1262.8599853515625
2006-02-14,21.38999938964844,21.71500015258789,21.23500061035156,21.565000534057617,16.554927825927734,468000,1275.530029296875
2006-02-15,21.51499938964844,21.545000076293945,21.31999969482422,21.48500061035156,16.493507385253906,299800,1280.0
2006-02-16,21.549999237060547,21.63999938964844,21.44499969482422,21.524999618530277,16.52422523498535,204600,1289.3800048828125
2006-02-17,21.549999237060547,21.604999542236328,21.38999938964844,21.5,16.505029678344727,256800,1287.239990234375
2006-02-21,21.5,21.59000015258789,21.38999938964844,21.59000015258789,16.574113845825195,268400,1283.030029296875
2006-02-22,21.600000381469727,21.75,21.1299991607666,21.190000534057617,16.26704216003418,554200,1292.6700439453125
2006-02-23,21.125,21.3700008392334,20.825000762939453,21.125,16.217151641845703,719600,1287.7900390625
2006-02-24,21.125,21.174999237060547,20.799999237060547,21.030000686645508,16.144229888916016,770000,1289.4300537109375
2006-02-27,21.030000686645508,21.364999771118164,20.975000381469727,21.225000381469727,16.293914794921875,265000,1294.1199951171875
2006-02-28,21.165000915527344,21.3700008392334,21.075000762939453,21.225000381469727,16.293914794921875,348200,1280.6600341796875
2006-03-01,21.225000381469727,21.88999938964844,21.225000381469727,21.88999938964844,16.804420471191406,599000,1291.239990234375
2006-03-02,21.84000015258789,22.114999771118164,21.78499984741211,21.979999542236328,16.87350845336914,499200,1289.1400146484375
2006-03-03,21.924999237060547,22.165000915527344,21.88500022888184,21.905000686645508,16.815937042236328,308600,1287.22998046875
2006-03-06,21.825000762939453,21.915000915527344,21.57999992370605,21.75,16.69693946838379,297800,1278.260009765625
2006-03-07,21.674999237060547,21.80500030517578,21.350000381469727,21.415000915527344,16.439775466918945,200200,1275.8800048828125
2006-03-08,21.299999237060547,21.31999969482422,20.899999618530277,21.229999542236328,16.297765731811523,222400,1278.469970703125
2006-03-09,21.225000381469727,21.364999771118164,21.0,21.09499931335449,16.194116592407227,400000,1272.22998046875
2006-03-10,21.125,21.21500015258789,20.895000457763672,21.01499938964844,16.132705688476562,380800,1281.4200439453125
2006-03-13,21.0,21.145000457763672,20.84499931335449,20.975000381469727,16.16546058654785,460800,1284.1300048828125
2006-03-14,20.98500061035156,21.395000457763672,20.86000061035156,21.364999771118164,16.46603775024414,759400,1297.47998046875
2006-03-15,21.524999618530277,22.059999465942383,21.5,22.049999237060547,16.993968963623047,279400,1303.02001953125
2006-03-16,22.174999237060547,22.299999237060547,21.73500061035156,21.80500030517578,16.80513572692871,308400,1305.3299560546875
2006-03-17,21.700000762939453,21.76499938964844,21.530000686645508,21.684999465942383,16.71265411376953,931800,1307.25
2006-03-20,21.684999465942383,21.73500061035156,21.2549991607666,21.334999084472656,16.442913055419922,802200,1305.0799560546875
2006-03-21,21.299999237060547,21.700000762939453,21.229999542236328,21.30500030517578,16.41979217529297,369000,1297.22998046875
2006-03-22,21.34000015258789,21.549999237060547,21.21500015258789,21.420000076293945,16.50841522216797,336000,1305.0400390625
2006-03-23,21.350000381469727,21.530000686645508,21.350000381469727,21.420000076293945,16.50841522216797,343000,1301.6700439453125
2006-03-24,21.46500015258789,21.5,21.280000686645508,21.450000762939453,16.531536102294922,437800,1302.949951171875
2006-03-27,21.5,21.51499938964844,21.350000381469727,21.424999237060547,16.512271881103516,309600,1301.6099853515625
2006-03-28,21.475000381469727,21.575000762939453,21.200000762939453,21.350000381469727,16.454471588134766,392400,1293.22998046875
2006-03-29,21.475000381469727,21.739999771118164,21.36000061035156,21.63500022888184,16.674116134643555,569800,1302.8900146484375
2006-03-30,21.674999237060547,22.209999084472656,21.655000686645508,22.165000915527344,17.082595825195312,466800,1300.25
2006-03-31,22.25,22.799999237060547,22.200000762939453,22.674999237060547,17.475650787353516,612000,1294.8699951171875
2006-04-03,22.674999237060547,23.030000686645508,22.6299991607666,22.88999938964844,17.641353607177734,556800,1297.81005859375
2006-04-04,22.950000762939453,23.104999542236328,22.774999618530277,23.049999237060547,17.764665603637695,351800,1305.9300537109375
2006-04-05,23.024999618530277,23.11000061035156,22.709999084472656,23.0049991607666,17.7299747467041,297400,1311.56005859375
2006-04-06,23.174999237060547,23.375,22.575000762939453,22.6200008392334,17.433263778686523,635800,1309.0400390625
2006-04-07,22.649999618530277,22.7450008392334,22.375,22.69499969482422,17.491071701049805,310600,1295.5
2006-04-10,22.68000030517578,22.68000030517578,22.334999084472656,22.51000022888184,17.348487854003906,369800,1296.6199951171875
2006-04-11,22.524999618530277,22.56999969482422,22.40999984741211,22.450000762939453,17.3022403717041,229000,1286.5699462890625
2006-04-12,22.5,22.600000381469727,22.375,22.549999237060547,17.37931251525879,172000,1288.1199951171875
2006-04-13,22.545000076293945,22.65999984741211,22.489999771118164,22.614999771118164,17.42940902709961,189000,1289.1199951171875
2006-04-17,22.575000762939453,22.8799991607666,22.524999618530277,22.69499969482422,17.491071701049805,268600,1285.3299560546875
2006-04-18,22.75,23.049999237060547,22.725000381469727,22.950000762939453,17.687599182128906,330600,1307.280029296875
2006-04-19,22.899999618530277,23.1200008392334,22.84499931335449,22.950000762939453,17.687599182128906,1023000,1309.9300537109375
2006-04-20,22.924999237060547,23.53499984741211,22.924999237060547,23.399999618530277,18.03441047668457,411800,1311.4599609375
2006-04-21,23.450000762939453,23.5,22.95499992370605,23.23500061035156,17.907245635986328,475200,1311.280029296875
2006-04-24,23.200000762939453,23.354999542236328,23.0049991607666,23.354999542236328,17.999727249145508,290200,1308.1099853515625
2006-04-25,23.354999542236328,23.81999969482422,23.34499931335449,23.575000762939453,18.169279098510746,512400,1301.739990234375
2006-04-26,24.375,25.399999618530277,24.149999618530277,24.45499992370605,18.847496032714844,1600200,1305.4100341796875
2006-04-27,24.459999084472656,24.46500015258789,23.84000015258789,23.88999938964844,18.41205406188965,429200,1309.719970703125
2006-04-28,23.905000686645508,24.100000381469727,23.71500015258789,23.90999984741211,18.427467346191406,417600,1310.6099853515625
2006-05-01,24.36000061035156,24.36000061035156,23.70499992370605,23.799999237060547,18.34269142150879,550600,1305.18994140625
2006-05-02,23.924999237060547,24.09000015258789,23.90999984741211,24.09000015258789,18.56618881225586,250800,1313.2099609375
2006-05-03,24.125,24.434999465942383,24.01499938964844,24.34000015258789,18.75887680053711,734800,1308.1199951171875
2006-05-04,24.375,24.625,24.26000022888184,24.274999618530277,18.70876884460449,388400,1312.25
2006-05-05,24.375,24.71999931335449,24.09000015258789,24.709999084472656,19.04401969909668,703400,1325.760009765625
2006-05-08,24.70499992370605,24.729999542236328,24.530000686645508,24.565000534057617,18.932273864746094,253600,1324.6600341796875
2006-05-09,24.549999237060547,24.71999931335449,24.45499992370605,24.565000534057617,18.932273864746094,285000,1325.1400146484375
2006-05-10,24.46500015258789,24.700000762939453,24.38500022888184,24.520000457763672,18.89759635925293,175600,1322.8499755859375
2006-05-11,24.46999931335449,24.549999237060547,24.309999465942383,24.325000762939453,18.747314453125,219000,1305.9200439453125
2006-05-12,24.350000381469727,24.350000381469727,23.94499969482422,23.9950008392334,18.49297332763672,302000,1291.239990234375
2006-05-15,24.024999618530277,24.1200008392334,23.45499992370605,23.78499984741211,18.33112907409668,362400,1294.5
2006-05-16,23.700000762939453,23.790000915527344,23.1299991607666,23.63999938964844,18.21937561035156,323200,1292.0799560546875
2006-05-17,23.540000915527344,23.565000534057617,22.95499992370605,22.9950008392334,17.722274780273438,414400,1270.3199462890625
2006-05-18,22.96999931335449,23.20499992370605,22.56999969482422,22.56999969482422,17.39472007751465,409600,1261.81005859375
2006-05-19,22.670000076293945,22.7450008392334,22.024999618530277,22.09000015258789,17.02479362487793,1260600,1267.030029296875
2006-05-22,22.0,22.065000534057617,21.604999542236328,21.790000915527344,16.793577194213867,1062800,1262.0699462890625
2006-05-23,21.88999938964844,22.25,21.86000061035156,22.0,16.95542335510254,547800,1256.5799560546875
2006-05-24,21.975000381469727,22.280000686645508,21.825000762939453,22.2450008392334,17.144254684448242,529000,1258.5699462890625
2006-05-25,22.700000762939453,23.415000915527344,22.684999465942383,22.795000076293945,17.568130493164062,638000,1272.8800048828125
2006-05-26,22.78499984741211,23.459999084472656,22.78499984741211,23.20499992370605,17.884119033813477,638200,1280.1600341796875
2006-05-30,23.25,23.709999084472656,23.21999931335449,23.25,17.918807983398438,589200,1259.8699951171875
2006-05-31,23.2450008392334,24.045000076293945,23.2450008392334,24.0,18.496828079223636,1085400,1270.0899658203125
2006-06-01,24.049999237060547,24.6200008392334,24.020000457763672,24.30500030517578,18.73188781738281,916000,1285.7099609375
2006-06-02,24.25,24.700000762939453,24.19499969482422,24.375,18.785837173461918,548200,1288.219970703125
2006-06-05,24.375,24.450000762939453,23.790000915527344,23.8700008392334,18.39664077758789,357600,1265.2900390625
2006-06-06,23.895000457763672,23.899999618530277,23.450000762939453,23.725000381469727,18.28489112854004,269000,1263.8499755859375
2006-06-07,23.375,23.65999984741211,23.170000076293945,23.25,17.918807983398438,327000,1256.1500244140625
2006-06-08,23.174999237060547,23.25,22.274999618530277,23.06999969482422,17.780073165893555,420600,1257.9300537109375
2006-06-09,22.75,23.125,22.684999465942383,22.850000381469727,17.610519409179688,518000,1252.300048828125
2006-06-12,22.75,22.84499931335449,22.30500030517578,22.30500030517578,17.190486907958984,316400,1237.43994140625
2006-06-13,22.149999618530277,22.56999969482422,21.920000076293945,22.274999618530277,17.23110008239746,620000,1223.68994140625
2006-06-14,22.280000686645508,22.5,22.0049991607666,22.46500015258789,17.37807846069336,473400,1230.0400390625
2006-06-15,22.46999931335449,23.524999618530277,22.375,23.48500061035156,18.1671142578125,556800,1256.1600341796875
2006-06-16,23.600000381469727,23.815000534057617,23.25,23.36000061035156,18.07041358947754,489200,1251.5400390625
2006-06-19,23.350000381469727,23.350000381469727,22.690000534057617,22.799999237060547,17.637224197387695,339000,1240.1300048828125
2006-06-20,22.899999618530277,22.915000915527344,22.649999618530277,22.809999465942383,17.644956588745117,458000,1240.1199951171875
2006-06-21,22.725000381469727,23.399999618530277,22.665000915527344,23.170000076293945,17.923439025878906,292800,1252.199951171875
2006-06-22,23.100000381469727,23.145000457763672,22.799999237060547,22.959999084472656,17.76099395751953,351000,1245.5999755859375
2006-06-23,22.875,23.51499938964844,22.625,23.299999237060547,18.024002075195312,456000,1244.5
2006-06-26,23.450000762939453,23.51499938964844,23.274999618530277,23.45499992370605,18.143909454345703,433000,1250.56005859375
2006-06-27,23.450000762939453,23.665000915527344,23.0,23.084999084472656,17.857685089111328,441000,1239.199951171875
2006-06-28,23.350000381469727,23.350000381469727,22.979999542236328,22.9950008392334,17.788066864013672,642400,1246.0
2006-06-29,23.01000022888184,23.790000915527344,23.01000022888184,23.790000915527344,18.403053283691406,489000,1272.8699951171875
2006-06-30,23.674999237060547,23.989999771118164,23.61000061035156,23.940000534057617,18.51908302307129,408600,1270.199951171875
2006-07-03,23.940000534057617,24.075000762939453,23.854999542236328,24.020000457763672,18.58097076416016,120200,1280.18994140625
2006-07-05,24.020000457763672,24.020000457763672,23.309999465942383,23.475000381469727,18.15938377380371,416000,1270.9100341796875
2006-07-06,23.524999618530277,23.70499992370605,23.40999984741211,23.57999992370605,18.240602493286133,222400,1274.0799560546875
2006-07-07,23.5,23.709999084472656,23.375,23.40999984741211,18.109094619750977,207000,1265.47998046875
2006-07-10,23.450000762939453,23.71500015258789,23.440000534057617,23.530000686645508,18.201927185058597,223000,1267.3399658203125
2006-07-11,23.549999237060547,23.625,22.975000381469727,23.184999465942383,17.93504524230957,534000,1272.4300537109375
2006-07-12,23.274999618530277,23.524999618530277,23.100000381469727,23.149999618530277,17.907974243164062,234200,1258.5999755859375
2006-07-13,23.049999237060547,23.155000686645508,22.48500061035156,22.575000762939453,17.46317481994629,350200,1242.280029296875
2006-07-14,22.625,22.63500022888184,22.20499992370605,22.475000381469727,17.38581085205078,214000,1236.199951171875
2006-07-17,22.565000534057617,22.59000015258789,22.100000381469727,22.13999938964844,17.126665115356445,185600,1234.489990234375
2006-07-18,22.25,22.8700008392334,22.229999542236328,22.774999618530277,17.617883682250977,382000,1236.8599853515625
2006-07-19,22.850000381469727,23.424999237060547,22.78499984741211,23.34000015258789,18.054950714111328,730800,1259.81005859375
2006-07-20,23.34000015258789,23.424999237060547,22.799999237060547,22.809999465942383,17.644956588745117,423200,1249.1300048828125
2006-07-21,22.774999618530277,22.82999992370605,22.325000762939453,22.549999237060547,17.443836212158203,362400,1240.2900390625
2006-07-24,22.55500030517578,22.915000915527344,22.375,22.825000762939453,17.656558990478516,474400,1260.9100341796875
2006-07-25,23.350000381469727,25.405000686645508,23.280000686645508,25.104999542236328,19.4202823638916,2347800,1268.8800048828125
2006-07-26,25.125,25.825000762939453,25.05500030517578,25.450000762939453,19.68716049194336,1562200,1268.4000244140625
2006-07-27,25.44499969482422,25.5,24.71999931335449,24.75,19.14566802978516,814000,1263.199951171875
2006-07-28,24.76000022888184,25.295000076293945,24.76000022888184,24.96999931335449,19.31585502624512,611600,1278.550048828125
2006-07-31,24.899999618530277,25.25,24.82999992370605,25.209999084472656,19.501502990722656,646400,1276.6600341796875
2006-08-01,25.20499992370605,25.4950008392334,25.01000022888184,25.155000686645508,19.45895767211914,364600,1270.9200439453125
2006-08-02,25.149999618530277,25.75,24.94499969482422,25.625,19.82253074645996,628400,1277.4100341796875
2006-08-03,25.6299991607666,26.030000686645508,25.174999237060547,25.924999237060547,20.05459976196289,478800,1280.27001953125
2006-08-04,26.100000381469727,26.584999084472656,26.075000762939453,26.350000381469727,20.383363723754883,1112000,1279.3599853515625
2006-08-07,26.100000381469727,26.434999465942383,26.09000015258789,26.3700008392334,20.398839950561523,508400,1275.77001953125
2006-08-08,26.399999618530277,26.4950008392334,26.084999084472656,26.18000030517578,20.25187492370605,473600,1271.47998046875
2006-08-09,26.20499992370605,26.40999984741211,25.8799991607666,26.024999618530277,20.1319637298584,507400,1265.949951171875
2006-08-10,25.975000381469727,26.145000457763672,25.899999618530277,26.049999237060547,20.15130043029785,636000,1271.81005859375
2006-08-11,26.049999237060547,26.049999237060547,25.614999771118164,25.850000381469727,19.9965877532959,393200,1266.739990234375
2006-08-14,25.899999618530277,26.26499938964844,25.59499931335449,25.709999084472656,19.88828468322754,520000,1268.2099609375
2006-08-15,25.950000762939453,26.20499992370605,25.899999618530277,26.030000686645508,20.135835647583008,585600,1285.5799560546875
2006-08-16,26.149999618530277,26.940000534057617,26.149999618530277,26.69499969482422,20.650243759155277,725200,1295.4300537109375
2006-08-17,26.69499969482422,26.8700008392334,26.530000686645508,26.670000076293945,20.630908966064453,569000,1297.47998046875
2006-08-18,26.549999237060547,26.959999084472656,26.395000457763672,26.649999618530277,20.615442276000977,400800,1302.300048828125
2006-08-21,26.625,26.975000381469727,26.51499938964844,26.850000381469727,20.77014923095703,812200,1297.52001953125
2006-08-22,26.899999618530277,26.924999237060547,26.424999237060547,26.53499984741211,20.52647590637207,488800,1298.8199462890625
2006-08-23,26.700000762939453,26.76000022888184,25.96999931335449,26.299999237060547,20.344690322875977,1021000,1292.989990234375
2006-08-24,26.424999237060547,26.530000686645508,25.940000534057617,26.13999938964844,20.220922470092773,983400,1296.06005859375
2006-08-25,26.149999618530277,26.51000022888184,26.13500022888184,26.395000457763672,20.41818046569824,601000,1295.0899658203125
2006-08-28,26.5,27.229999542236328,26.5,27.07999992370605,20.94806861877441,809600,1301.780029296875
2006-08-29,27.200000762939453,27.44499969482422,26.94499969482422,27.315000534057617,21.129858016967773,1228400,1304.280029296875
2006-08-30,27.434999465942383,27.895000457763672,27.3799991607666,27.545000076293945,21.30777740478516,1211200,1305.3699951171875
2006-08-31,26.56999969482422,27.530000686645508,26.549999237060547,27.450000762939453,21.23429107666016,1267400,1303.8199462890625
2006-09-01,27.450000762939453,27.75,27.3799991607666,27.545000076293945,21.30777740478516,577800,1311.010009765625
2006-09-05,27.700000762939453,27.84000015258789,27.5,27.799999237060547,21.505035400390625,568400,1313.25
2006-09-06,27.795000076293945,27.795000076293945,27.354999542236328,27.475000381469727,21.253631591796875,399600,1300.260009765625
2006-09-07,27.399999618530277,27.45499992370605,26.98500061035156,27.049999237060547,20.92485237121582,466400,1294.02001953125
2006-09-08,27.100000381469727,27.450000762939453,26.729999542236328,27.2450008392334,21.075702667236328,451000,1298.9200439453125
2006-09-11,27.25,27.25,26.415000915527344,26.5,20.49941062927246,541000,1299.5400390625
2006-09-12,26.09000015258789,26.96500015258789,25.6200008392334,26.799999237060547,20.731470108032227,1349800,1313.0
2006-09-13,26.700000762939453,26.875,26.475000381469727,26.61000061035156,20.653852462768555,699000,1318.0699462890625
2006-09-14,26.625,27.165000915527344,26.489999771118164,27.01000022888184,20.964311599731445,479200,1316.280029296875
2006-09-15,27.075000762939453,27.26000022888184,26.905000686645508,27.049999237060547,20.9953670501709,563800,1319.6600341796875
2006-09-18,26.975000381469727,27.43000030517578,26.815000534057617,27.309999465942383,21.197174072265625,773200,1321.1800537109375
2006-09-19,27.299999237060547,27.600000381469727,27.03499984741211,27.56999969482422,21.398969650268555,981600,1317.6400146484375
2006-09-20,27.674999237060547,28.07999992370605,27.399999618530277,28.040000915527344,21.76378631591797,616000,1325.1800537109375
2006-09-21,28.25,28.2549991607666,27.649999618530277,27.674999237060547,21.480472564697266,847600,1318.030029296875
2006-09-22,27.600000381469727,27.774999618530277,27.45499992370605,27.649999618530277,21.461069107055664,552200,1314.780029296875
2006-09-25,27.649999618530277,27.864999771118164,26.98500061035156,27.71500015258789,21.51152229309082,666200,1326.3699951171875
2006-09-26,27.780000686645508,27.780000686645508,27.15999984741211,27.549999237060547,21.383451461791992,530200,1336.3499755859375
2006-09-27,27.524999618530277,27.770000457763672,27.434999465942383,27.625,21.44166755676269,551600,1336.5899658203125
2006-09-28,27.6299991607666,27.65999984741211,27.2549991607666,27.334999084472656,21.216577529907227,840600,1338.8800048828125
2006-09-29,27.334999084472656,27.399999618530277,27.084999084472656,27.165000915527344,21.08463287353516,609000,1335.8499755859375
2006-10-02,27.024999618530277,27.4950008392334,26.799999237060547,27.270000457763672,21.16613006591797,457800,1331.3199462890625
2006-10-03,27.274999618530277,27.38999938964844,27.0,27.0049991607666,20.9604434967041,352400,1334.1099853515625
2006-10-04,26.975000381469727,27.38999938964844,26.799999237060547,27.200000762939453,21.111793518066406,649000,1350.199951171875
2006-10-05,27.100000381469727,27.63500022888184,27.100000381469727,27.6200008392334,21.43778419494629,406400,1353.219970703125
2006-10-06,27.625,28.075000762939453,27.46500015258789,27.88500022888184,21.64346694946289,602400,1349.5899658203125
2006-10-09,27.88500022888184,28.09000015258789,27.625,28.01000022888184,21.7404899597168,383800,1350.6600341796875
2006-10-10,28.049999237060547,28.174999237060547,27.729999542236328,27.899999618530277,21.65511131286621,330000,1353.4200439453125
2006-10-11,27.799999237060547,27.959999084472656,27.5,27.700000762939453,21.49988174438477,380800,1349.949951171875
2006-10-12,27.799999237060547,28.334999084472656,27.799999237060547,28.225000381469727,21.90736198425293,382800,1362.8299560546875
2006-10-13,28.125,28.32999992370605,27.915000915527344,28.149999618530277,21.849157333374023,357800,1365.6199951171875
2006-10-16,28.25,28.450000762939453,28.229999542236328,28.350000381469727,22.004392623901367,394200,1369.06005859375
2006-10-17,28.299999237060547,28.31999969482422,27.68000030517578,27.774999618530277,21.55809211730957,632600,1364.050048828125
2006-10-18,27.799999237060547,28.030000686645508,27.43000030517578,27.959999084472656,21.701679229736328,1052200,1365.800048828125
2006-10-19,30.530000686645508,32.75,29.850000381469727,30.63500022888184,23.77793312072754,4569600,1366.9599609375
2006-10-20,30.674999237060547,31.049999237060547,30.200000762939453,30.875,23.964216232299805,879000,1368.5999755859375
2006-10-23,31.0,31.70499992370605,30.95499992370605,31.03499984741211,24.08840560913086,1485600,1377.02001953125
2006-10-24,30.924999237060547,31.1299991607666,30.780000686645508,30.95499992370605,24.026309967041016,946400,1377.3800048828125
2006-10-25,30.975000381469727,31.024999618530277,30.6299991607666,30.799999237060547,23.90600204467773,596000,1382.219970703125
2006-10-26,30.975000381469727,31.274999618530277,30.93000030517578,31.149999618530277,24.17765998840332,1032800,1389.0799560546875
2006-10-27,31.145000457763672,32.38999938964844,30.975000381469727,31.530000686645508,24.472612380981445,1151600,1377.3399658203125
2006-10-30,31.75,32.97999954223633,31.75,32.5,25.225494384765625,1832400,1377.9300537109375
2006-10-31,32.625,33.224998474121094,32.21500015258789,32.51499938964844,25.23712539672852,1271400,1377.93994140625
2006-11-01,32.95000076293945,33.07500076293945,31.81999969482422,31.850000381469727,24.72097969055176,801400,1367.81005859375
2006-11-02,31.799999237060547,32.29999923706055,31.799999237060547,31.96500015258789,24.810243606567383,694000,1367.3399658203125
2006-11-03,32.224998474121094,32.400001525878906,31.90999984741211,32.04999923706055,24.876218795776367,593400,1364.300048828125
2006-11-06,32.125,32.70000076293945,31.975000381469727,32.619998931884766,25.318628311157227,538000,1379.780029296875
2006-11-07,32.75,33.15999984741211,32.45500183105469,32.5,25.225494384765625,580000,1382.8399658203125
2006-11-08,32.5,32.79999923706055,32.20000076293945,32.404998779296875,25.151750564575195,786000,1385.719970703125
2006-11-09,32.5,33.08000183105469,32.474998474121094,32.75,25.41952896118164,718000,1378.3299560546875
2006-11-10,32.875,33.29999923706055,32.875,33.029998779296875,25.636857986450195,739400,1380.9000244140625
2006-11-13,33.26499938964844,33.810001373291016,33.26499938964844,33.755001068115234,26.1995792388916,1079600,1384.4200439453125
2006-11-14,33.7599983215332,33.79999923706055,33.44499969482422,33.65999984741211,26.12585830688477,572400,1393.219970703125
2006-11-15,33.775001525878906,34.20000076293945,33.7400016784668,34.0,26.389741897583008,423200,1396.5699462890625
2006-11-16,33.875,33.880001068115234,33.2599983215332,33.56999969482422,26.055992126464844,618400,1399.760009765625
2006-11-17,33.61000061035156,34.16999816894531,33.61000061035156,34.16999816894531,26.52169609069824,575800,1401.199951171875
2006-11-20,34.44499969482422,35.064998626708984,34.28499984741211,34.7599983215332,26.97962951660156,1177800,1400.5
2006-11-21,34.76499938964844,34.85499954223633,34.224998474121094,34.82500076293945,27.030088424682617,490800,1402.81005859375
2006-11-22,34.900001525878906,35.040000915527344,34.625,34.880001068115234,27.07277107238769,423000,1406.0899658203125
2006-11-24,34.755001068115234,34.94499969482422,34.69499969482422,34.915000915527344,27.09994125366211,104000,1400.949951171875
2006-11-27,34.95000076293945,34.95000076293945,34.20500183105469,34.290000915527344,26.614830017089844,986400,1381.9599609375
2006-11-28,34.27000045776367,34.31999969482422,33.86000061035156,34.150001525878906,26.50615501403809,654600,1386.719970703125
2006-11-29,34.275001525878906,34.80500030517578,34.244998931884766,34.709999084472656,26.940813064575195,534200,1399.47998046875
2006-11-30,34.75,34.95000076293945,34.494998931884766,34.869998931884766,27.06502342224121,528800,1400.6300048828125
2006-12-01,35.0,36.04999923706055,34.9900016784668,35.48500061035156,27.542356491088867,1437000,1396.7099609375
2006-12-04,35.875,35.95000076293945,35.54499816894531,35.64500045776367,27.66654586791992,919800,1409.1199951171875
2006-12-05,35.75,36.18000030517578,35.654998779296875,35.94499969482422,27.899391174316406,460600,1414.760009765625
2006-12-06,35.75,36.13999938964844,35.75,35.875,27.84505271911621,427400,1412.9000244140625
2006-12-07,35.8849983215332,36.16999816894531,35.8849983215332,36.01499938964844,27.95372200012207,427200,1407.2900390625
2006-12-08,36.0,36.59000015258789,35.779998779296875,36.55500030517578,28.372852325439453,794000,1409.8399658203125
2006-12-11,37.125,37.345001220703125,36.48500061035156,36.650001525878906,28.44660377502441,934800,1413.0400390625
2006-12-12,36.650001525878906,36.650001525878906,36.05500030517578,36.310001373291016,28.182693481445312,537200,1411.56005859375
2006-12-13,36.345001220703125,36.59000015258789,36.345001220703125,36.470001220703125,28.37721824645996,703600,1413.2099609375
2006-12-14,36.55500030517578,36.77999877929688,36.54999923706055,36.650001525878906,28.51728630065918,702800,1425.489990234375
2006-12-15,36.625,36.625,36.1349983215332,36.15499877929688,28.13212013244629,729000,1427.0899658203125
2006-12-18,36.15499877929688,36.290000915527344,35.685001373291016,35.775001525878906,27.836441040039062,551800,1422.47998046875
2006-12-19,35.599998474121094,36.18000030517578,35.435001373291016,35.9900016784668,28.00372695922852,961600,1425.550048828125
2006-12-20,36.025001525878906,36.310001373291016,36.0,36.04499816894531,28.046537399291992,514400,1423.530029296875
2006-12-21,36.150001525878906,36.22499847412109,35.790000915527344,35.790000915527344,27.84811019897461,357800,1418.300048828125
2006-12-22,35.79999923706055,35.849998474121094,35.345001220703125,35.650001525878906,27.739171981811523,288000,1410.760009765625
2006-12-26,35.900001525878906,36.470001220703125,35.71500015258789,36.334999084472656,28.27217674255371,307200,1416.9000244140625
2006-12-27,36.18000030517578,36.73500061035156,36.06999969482422,36.63999938964844,28.50949478149414,272000,1426.8399658203125
2006-12-28,36.70000076293945,36.70000076293945,36.07500076293945,36.16999816894531,28.143779754638672,373400,1424.72998046875
2006-12-29,36.04999923706055,36.4900016784668,35.8650016784668,35.900001525878906,27.93369674682617,321800,1418.300048828125
2007-01-03,36.5,37.005001068115234,35.79999923706055,35.9900016784668,28.00372695922852,1000600,1416.5999755859375
2007-01-04,36.0,36.0,35.6349983215332,35.82500076293945,27.87534713745117,666400,1418.3399658203125
2007-01-05,35.3849983215332,35.900001525878906,35.189998626708984,35.20000076293945,27.3890380859375,980000,1409.7099609375
2007-01-08,35.025001525878906,35.04999923706055,34.02000045776367,35.02000045776367,27.24898910522461,1388200,1412.8399658203125
2007-01-09,35.150001525878906,35.255001068115234,34.845001220703125,35.224998474121094,27.408485412597656,520000,1412.1099853515625
2007-01-10,35.125,35.525001525878906,34.95500183105469,35.400001525878906,27.54465675354004,409600,1414.8499755859375
2007-01-11,35.5,36.310001373291016,35.474998474121094,36.13999938964844,28.120437622070312,520400,1423.8199462890625
2007-01-12,36.13999938964844,36.65999984741211,36.06499862670898,36.630001068115234,28.5017147064209,354200,1430.72998046875
2007-01-16,36.92499923706055,37.1349983215332,36.43000030517578,36.619998931884766,28.49392509460449,434800,1431.9000244140625
2007-01-17,36.56499862670898,36.744998931884766,36.51499938964844,36.68000030517578,28.54060935974121,393200,1430.6199951171875
2007-01-18,36.70000076293945,36.720001220703125,36.27999877929688,36.40499877929688,28.32664680480957,871200,1426.3699951171875
2007-01-19,36.310001373291016,36.494998931884766,36.09999847412109,36.34999847412109,28.28385353088379,403400,1430.5
2007-01-22,36.625,36.625,35.849998474121094,36.119998931884766,28.10489654541016,716400,1422.949951171875
2007-01-23,35.95000076293945,36.45000076293945,35.88999938964844,36.119998931884766,28.10489654541016,898400,1427.989990234375
2007-01-24,37.150001525878906,39.02999877929688,37.150001525878906,38.505001068115234,29.960643768310547,2271600,1440.1300048828125
2007-01-25,38.619998931884766,39.21500015258789,38.53499984741211,38.73500061035156,30.13961410522461,1392600,1423.9000244140625
2007-01-26,38.95000076293945,39.0,38.52000045776367,38.72999954223633,30.135719299316406,615200,1422.1800537109375
2007-01-29,38.72999954223633,39.165000915527344,38.63999938964844,39.09000015258789,30.415834426879883,799400,1420.6199951171875
2007-01-30,39.18999862670898,39.459999084472656,38.94499969482422,39.2599983215332,30.548097610473636,600400,1428.8199462890625
2007-01-31,39.32500076293945,39.32500076293945,38.64500045776367,38.9900016784668,30.338041305541992,580600,1438.239990234375
2007-02-01,39.25,39.63999938964844,39.005001068115234,39.625,30.832120895385746,654800,1445.93994140625
2007-02-02,39.45000076293945,39.56499862670898,38.95500183105469,39.47499847412109,30.71540641784668,502000,1448.3900146484375
2007-02-05,39.57500076293945,39.8849983215332,39.3650016784668,39.8849983215332,31.03441047668457,627000,1446.989990234375
2007-02-06,39.91999816894531,40.650001525878906,39.91999816894531,40.53499984741211,31.540197372436523,1139200,1448.0
2007-02-07,40.744998931884766,41.20000076293945,40.69499969482422,41.20000076293945,32.057621002197266,1169200,1450.02001953125
2007-02-08,41.5,41.89500045776367,41.25,41.744998931884766,32.48167419433594,1339400,1448.31005859375
2007-02-09,41.744998931884766,41.744998931884766,40.84000015258789,40.88999938964844,31.81640625,839600,1438.06005859375
2007-02-12,41.0,41.22999954223633,40.95500183105469,41.06499862670898,31.952571868896484,654400,1433.3699951171875
2007-02-13,40.97499847412109,41.68000030517578,40.70500183105469,41.67499923706055,32.42720413208008,857000,1444.260009765625
2007-02-14,41.845001220703125,42.3849983215332,41.619998931884766,41.744998931884766,32.48167419433594,678800,1455.300048828125
2007-02-15,41.67499923706055,41.880001068115234,41.38999938964844,41.4900016784668,32.28327178955078,720000,1456.81005859375
2007-02-16,41.505001068115234,41.76499938964844,41.44499969482422,41.68999862670898,32.43887710571289,705800,1455.5400390625
2007-02-20,41.57500076293945,42.125,41.42499923706055,42.08000183105469,32.74235916137695,693400,1459.6800537109375
2007-02-21,42.17499923706055,43.04999923706055,42.17499923706055,43.04999923706055,33.49710464477539,994200,1457.6300048828125
2007-02-22,43.150001525878906,43.244998931884766,42.27000045776367,42.59999847412109,33.14694595336914,547000,1456.3800048828125
2007-02-23,42.5,42.8849983215332,42.04999923706055,42.709999084472656,33.232540130615234,770800,1451.18994140625
2007-02-26,42.994998931884766,43.2599983215332,42.584999084472656,42.71500015258789,33.23642349243164,702400,1449.3699951171875
2007-02-27,41.92499923706055,41.92499923706055,39.875,40.869998931884766,31.80084991455078,1251600,1399.0400390625
2007-02-28,40.869998931884766,41.40999984741211,40.43999862670898,40.97999954223633,31.886430740356445,854000,1406.8199462890625
2007-03-01,40.92499923706055,41.32500076293945,39.380001068115234,40.97499847412109,31.882549285888672,1348200,1403.1700439453125
2007-03-02,40.959999084472656,41.56999969482422,40.61000061035156,40.90999984741211,31.831987380981445,932400,1387.1700439453125
2007-03-05,40.25,41.27999877929688,39.77000045776367,39.77000045776367,30.94495391845703,1276200,1374.1199951171875
2007-03-06,39.77999877929688,40.90999984741211,39.38999938964844,40.58000183105469,31.5752010345459,1227500,1395.4100341796875
2007-03-07,40.59999847412109,41.34999847412109,40.4900016784668,40.65999984741211,31.637434005737305,1084500,1391.969970703125
2007-03-08,41.09999847412109,41.63999938964844,40.880001068115234,41.040000915527344,31.93313407897949,662900,1401.8900146484375
2007-03-09,41.20000076293945,41.25,40.459999084472656,41.22999954223633,32.08095932006836,588600,1402.8399658203125
2007-03-12,41.45000076293945,42.93999862670898,41.45000076293945,42.619998931884766,33.16250228881836,1039900,1406.5999755859375
2007-03-13,42.5099983215332,42.709999084472656,41.04999923706055,41.060001373291016,32.027584075927734,937700,1377.949951171875
2007-03-14,41.25,41.79999923706055,40.2599983215332,40.97999954223633,31.965181350708008,972300,1387.1700439453125
2007-03-15,41.0,41.970001220703125,40.9900016784668,41.72999954223633,32.55020523071289,453200,1392.280029296875
2007-03-16,41.83000183105469,42.02999877929688,41.20000076293945,41.310001373291016,32.22258377075195,409700,1386.949951171875
2007-03-19,41.66999816894531,42.02999877929688,41.56999969482422,41.810001373291016,32.612606048583984,417300,1402.06005859375
2007-03-20,41.79999923706055,41.79999923706055,41.290000915527344,41.43000030517578,32.31620407104492,1009900,1410.93994140625
2007-03-21,41.310001373291016,41.58000183105469,40.880001068115234,41.40999984741211,32.30060577392578,1273200,1435.0400390625
2007-03-22,41.400001525878906,41.5,40.81999969482422,40.970001220703125,31.9573974609375,997100,1434.5400390625
2007-03-23,40.810001373291016,41.04999923706055,40.63999938964844,40.709999084472656,31.754587173461918,632400,1436.1099853515625
2007-03-26,40.90999984741211,41.18000030517578,40.33000183105469,40.93000030517578,31.92619132995605,917100,1437.5
2007-03-27,40.88999938964844,41.869998931884766,40.650001525878906,41.75,32.5657958984375,1163100,1428.6099853515625
2007-03-28,41.75,41.81999969482422,41.29999923706055,41.380001068115234,32.277183532714844,694000,1417.22998046875
2007-03-29,41.61000061035156,41.95000076293945,41.33000183105469,41.72999954223633,32.55020523071289,805900,1422.530029296875
2007-03-30,41.900001525878906,42.040000915527344,40.91999816894531,41.34000015258789,32.246002197265625,754000,1420.8599853515625
2007-04-02,41.52000045776367,42.18000030517578,41.52000045776367,42.02000045776367,32.77639389038086,702100,1424.550048828125
2007-04-03,42.20000076293945,42.68999862670898,42.20000076293945,42.459999084472656,33.119625091552734,474800,1437.77001953125
2007-04-04,42.59999847412109,42.869998931884766,42.470001220703125,42.66999816894531,33.283416748046875,674000,1439.3699951171875
2007-04-05,42.70000076293945,42.970001220703125,42.68000030517578,42.810001373291016,33.39262771606445,303100,1443.760009765625
2007-04-09,43.0,43.31999969482422,42.84999847412109,43.060001373291016,33.5876350402832,332000,1444.6099853515625
2007-04-10,43.13999938964844,43.40999984741211,42.790000915527344,42.95000076293945,33.501827239990234,501700,1448.3900146484375
2007-04-11,43.040000915527344,43.13999938964844,42.29999923706055,42.68000030517578,33.291221618652344,387200,1438.8699951171875
2007-04-12,42.54999923706055,43.22999954223633,42.54999923706055,43.220001220703125,33.712432861328125,424300,1447.800048828125
2007-04-13,43.38999938964844,43.75,42.619998931884766,43.040000915527344,33.57202911376953,370100,1452.8499755859375
2007-04-16,43.18999862670898,43.68000030517578,43.040000915527344,43.56999969482422,33.985435485839844,310700,1468.3299560546875
2007-04-17,43.75,43.959999084472656,43.54999923706055,43.959999084472656,34.28963851928711,453400,1471.47998046875
2007-04-18,44.810001373291016,44.810001373291016,43.2599983215332,43.459999084472656,33.89964294433594,562800,1472.5
2007-04-19,43.290000915527344,43.47999954223633,42.79999923706055,43.15999984741211,33.66563415527344,659800,1470.72998046875
2007-04-20,43.45000076293945,43.7400016784668,43.16999816894531,43.70000076293945,34.086849212646484,345800,1484.3499755859375
2007-04-23,43.70000076293945,44.15999984741211,43.400001525878906,44.08000183105469,34.383262634277344,476000,1480.9300537109375
2007-04-24,44.08000183105469,44.08000183105469,39.29999923706055,40.41999816894531,31.52838516235352,3501700,1480.4100341796875
2007-04-25,42.5,42.88999938964844,41.09999847412109,42.79999923706055,33.38480758666992,1777400,1495.4200439453125
2007-04-26,42.43000030517578,42.68999862670898,42.08000183105469,42.33000183105469,33.018218994140625,688200,1494.25
2007-04-27,42.02999877929688,42.5,42.0,42.38999938964844,33.06499099731445,712200,1494.0699462890625
2007-04-30,42.27000045776367,42.709999084472656,42.11000061035156,42.45000076293945,33.11181640625,842100,1482.3699951171875
2007-05-01,42.400001525878906,42.70000076293945,42.04999923706055,42.4900016784668,33.14302062988281,633700,1486.300048828125
2007-05-02,42.34999847412109,42.88999938964844,42.09000015258789,42.150001525878906,32.87782669067383,747400,1495.9200439453125
2007-05-03,42.29999923706055,43.08000183105469,42.25,42.58000183105469,33.213226318359375,833100,1502.3900146484375
2007-05-04,42.75,42.75,42.150001525878906,42.33000183105469,33.018218994140625,537800,1505.6199951171875
2007-05-07,42.33000183105469,42.54999923706055,41.77000045776367,42.0,32.76080322265625,891800,1509.47998046875
2007-05-08,41.900001525878906,42.0,41.119998931884766,42.0,32.76080322265625,643700,1507.719970703125
2007-05-09,41.93999862670898,42.63999938964844,41.7400016784668,42.59000015258789,33.22101593017578,498500,1512.5799560546875
2007-05-10,42.31999969482422,42.31999969482422,41.220001220703125,41.25,32.1757926940918,660300,1491.469970703125
2007-05-11,41.31999969482422,41.66999816894531,41.20000076293945,41.66999816894531,32.50339889526367,458400,1505.8499755859375
2007-05-14,41.5,42.09999847412109,41.220001220703125,41.459999084472656,32.3395881652832,389400,1503.1500244140625
2007-05-15,41.41999816894531,42.18999862670898,41.36000061035156,41.380001068115234,32.277183532714844,508900,1501.18994140625
2007-05-16,41.38999938964844,41.790000915527344,41.09999847412109,41.790000915527344,32.59698867797852,509300,1514.1400146484375
2007-05-17,41.7599983215332,42.25,41.56999969482422,42.02000045776367,32.77639389038086,617500,1512.75
2007-05-18,42.20000076293945,42.68000030517578,42.150001525878906,42.68000030517578,33.291221618652344,778700,1522.75
2007-05-21,42.880001068115234,43.27999877929688,42.619998931884766,42.68999862670898,33.29902648925781,855700,1525.0999755859375
2007-05-22,42.75,43.13999938964844,42.650001525878906,42.810001373291016,33.39262771606445,590700,1524.1199951171875
2007-05-23,43.0,43.150001525878906,42.09000015258789,42.22999954223633,32.940216064453125,511300,1522.280029296875
2007-05-24,42.150001525878906,42.310001373291016,40.470001220703125,40.5,31.590776443481445,925700,1507.510009765625
2007-05-25,39.75,40.880001068115234,39.29999923706055,40.77000045776367,31.801368713378903,810000,1515.72998046875
2007-05-29,40.720001220703125,41.2599983215332,40.68999862670898,41.119998931884766,32.074405670166016,735100,1518.1099853515625
2007-05-30,41.0,41.79999923706055,40.619998931884766,41.79999923706055,32.60480499267578,836800,1530.22998046875
2007-05-31,42.0,42.0,40.63999938964844,40.63999938964844,31.69998359680176,1920400,1530.6199951171875
2007-06-01,40.84999847412109,41.52000045776367,40.84999847412109,41.43000030517578,32.31620407104492,955300,1536.3399658203125
2007-06-04,41.25,41.75,41.2400016784668,41.709999084472656,32.53459548950195,596200,1539.1800537109375
2007-06-05,41.36000061035156,41.959999084472656,41.36000061035156,41.70000076293945,32.52680206298828,374000,1530.949951171875
2007-06-06,41.5,41.68000030517578,40.810001373291016,41.13999938964844,32.09000015258789,546700,1517.3800048828125
2007-06-07,40.869998931884766,41.18000030517578,40.02000045776367,40.27000045776367,31.41136741638184,866600,1490.719970703125
2007-06-08,40.08000183105469,40.40999984741211,39.790000915527344,40.20000076293945,31.35678100585937,702200,1507.6700439453125
2007-06-11,40.04999923706055,40.31999969482422,39.84000015258789,40.16999816894531,31.3333683013916,519100,1509.1199951171875
2007-06-12,39.869998931884766,40.060001373291016,39.16999816894531,39.34999847412109,30.693756103515625,732300,1493.0
2007-06-13,39.540000915527344,39.959999084472656,39.43000030517578,39.7599983215332,31.09654426574707,968900,1515.6700439453125
2007-06-14,39.75,40.09999847412109,39.33000183105469,39.70000076293945,31.04960250854492,916100,1522.969970703125
2007-06-15,39.95000076293945,40.16999816894531,39.77000045776367,39.869998931884766,31.182580947875977,835800,1532.9100341796875
2007-06-18,39.79999923706055,39.79999923706055,38.2599983215332,38.58000183105469,30.17365264892578,1639000,1531.050048828125
2007-06-19,37.59999847412109,38.08000183105469,36.5,37.41999816894531,29.26640510559082,2921400,1533.699951171875
2007-06-20,37.20000076293945,38.09999847412109,37.150001525878906,37.2400016784668,29.125635147094727,2211900,1512.8399658203125
2007-06-21,37.70000076293945,38.0,37.0,37.68999862670898,29.47757148742676,1567500,1522.18994140625
2007-06-22,38.5,39.52999877929688,38.130001068115234,38.34000015258789,29.985939025878903,1931900,1502.56005859375
2007-06-25,38.0099983215332,38.36000061035156,37.619998931884766,37.720001220703125,29.50104141235352,1086800,1497.739990234375
2007-06-26,37.810001373291016,38.20000076293945,37.470001220703125,37.79999923706055,29.56361389160156,1073600,1492.8900146484375
2007-06-27,37.45000076293945,38.41999816894531,37.41999816894531,38.31999969482422,29.97030639648437,971100,1506.3399658203125
2007-06-28,38.90999984741211,38.93000030517578,38.310001373291016,38.5099983215332,30.1189079284668,995400,1505.7099609375
2007-06-29,38.56999969482422,39.09999847412109,38.310001373291016,38.52999877929688,30.13455390930176,853800,1503.3499755859375
2007-07-02,38.869998931884766,39.40999984741211,38.41999816894531,38.84000015258789,30.377010345458984,647800,1519.4300537109375
2007-07-03,38.86000061035156,39.33000183105469,38.68000030517578,39.22999954223633,30.68201446533203,456000,1524.8699951171875
2007-07-05,41.15999984741211,41.15999984741211,40.11000061035156,40.369998931884766,31.57361602783203,1262200,1525.4000244140625
2007-07-06,40.130001068115234,40.400001525878906,39.880001068115234,40.33000183105469,31.542335510253903,793400,1530.43994140625
2007-07-09,40.38999938964844,40.900001525878906,40.29999923706055,40.79999923706055,31.909931182861328,878700,1531.8499755859375
2007-07-10,40.79999923706055,40.86000061035156,40.34000015258789,40.619998931884766,31.76915168762207,1244800,1510.1199951171875
2007-07-11,40.5,40.90999984741211,40.5,40.86000061035156,31.956865310668945,1218800,1518.760009765625
2007-07-12,40.91999816894531,41.72999954223633,40.810001373291016,41.72999954223633,32.63727951049805,895700,1547.699951171875
2007-07-13,41.52999877929688,42.63999938964844,41.25,42.560001373291016,33.28644561767578,1155500,1552.5
2007-07-16,42.369998931884766,42.43000030517578,41.54999923706055,41.70000076293945,32.61382293701172,760300,1549.52001953125
2007-07-17,41.79999923706055,42.43999862670898,41.58000183105469,42.220001220703125,33.020538330078125,969700,1549.3699951171875
2007-07-18,42.11000061035156,42.52999877929688,41.66999816894531,42.36000061035156,33.1300048828125,828300,1546.1700439453125
2007-07-19,42.43000030517578,42.61000061035156,41.93999862670898,42.02999877929688,32.871917724609375,575600,1553.0799560546875
2007-07-20,41.900001525878906,42.40999984741211,41.310001373291016,42.11000061035156,32.93448638916016,638100,1534.0999755859375
2007-07-23,42.209999084472656,42.25,41.33000183105469,41.400001525878906,32.37919235229492,888800,1541.5699462890625
2007-07-24,40.95000076293945,41.27000045776367,40.36000061035156,40.66999816894531,31.808263778686523,769100,1511.0400390625
2007-07-25,40.75,42.119998931884766,40.61000061035156,41.619998931884766,32.55125427246094,1772900,1518.0899658203125
2007-07-26,41.70000076293945,41.70000076293945,40.2400016784668,40.79999923706055,31.909931182861328,1449200,1482.6600341796875
2007-07-27,40.709999084472656,40.75,39.720001220703125,39.880001068115234,31.190385818481445,1159500,1458.949951171875
2007-07-30,39.75,40.119998931884766,39.0,39.959999084472656,31.252952575683597,1465300,1473.9100341796875
2007-07-31,40.20000076293945,41.209999084472656,39.970001220703125,40.22999954223633,31.46413230895996,966800,1455.27001953125
2007-08-01,40.02000045776367,40.65999984741211,39.56999969482422,40.34000015258789,31.550161361694336,935500,1465.81005859375
2007-08-02,40.45000076293945,40.470001220703125,39.56999969482422,39.810001373291016,31.13565444946289,821500,1472.199951171875
2007-08-03,39.88999938964844,39.900001525878906,38.06999969482422,38.06999969482422,29.7747859954834,828300,1433.06005859375
2007-08-06,38.34999847412109,38.470001220703125,37.290000915527344,38.34999847412109,29.993764877319336,701300,1467.6700439453125
2007-08-07,38.06999969482422,38.2400016784668,37.400001525878906,37.83000183105469,29.58707618713379,1404900,1476.7099609375
2007-08-08,37.59999847412109,39.290000915527344,34.2400016784668,37.150001525878906,29.05524444580078,2644900,1497.489990234375
2007-08-09,36.20000076293945,36.29999923706055,34.540000915527344,35.11000061035156,27.459741592407227,2257200,1453.0899658203125
2007-08-10,34.599998474121094,38.77000045776367,32.91999816894531,37.709999084472656,29.49321174621582,2068500,1453.6400146484375
2007-08-13,38.0,39.77999877929688,38.0,38.27000045776367,29.93120765686035,1253300,1452.9200439453125
2007-08-14,38.290000915527344,38.84000015258789,36.84000015258789,36.90999984741211,28.86754035949707,896800,1426.5400390625
2007-08-15,36.75,37.36000061035156,35.86000061035156,35.900001525878906,28.07761001586914,817300,1406.699951171875
2007-08-16,35.599998474121094,35.880001068115234,34.130001068115234,35.150001525878906,27.49103164672852,1118300,1411.27001953125
2007-08-17,37.0,37.5,35.16999816894531,35.83000183105469,28.022850036621094,1076500,1445.93994140625
2007-08-20,35.75,37.43000030517578,35.47999954223633,37.09000015258789,29.00830841064453,684500,1445.550048828125
2007-08-21,36.7599983215332,37.33000183105469,36.470001220703125,37.040000915527344,28.96922874450684,489300,1447.1199951171875
2007-08-22,37.41999816894531,38.22999954223633,37.09999847412109,37.97999954223633,29.70440101623535,647500,1464.0699462890625
2007-08-23,37.97999954223633,38.220001220703125,37.59999847412109,38.0,29.72002601623535,535200,1462.5
2007-08-24,37.88999938964844,38.77999877929688,37.59999847412109,38.77999877929688,30.330080032348636,335400,1479.3699951171875
2007-08-27,38.5099983215332,38.84000015258789,37.970001220703125,38.630001068115234,30.212745666503903,547800,1466.7900390625
2007-08-28,38.45000076293945,38.619998931884766,38.18000030517578,38.20000076293945,29.87646102905273,540400,1432.3599853515625
2007-08-29,38.5099983215332,40.04999923706055,38.5099983215332,39.880001068115234,31.190385818481445,845500,1463.760009765625
2007-08-30,39.58000183105469,40.02000045776367,39.40999984741211,39.79999923706055,31.127826690673828,1001600,1457.6400146484375
2007-08-31,40.220001220703125,41.0,39.91999816894531,40.470001220703125,31.651824951171875,760500,1473.989990234375
2007-09-04,40.25,41.040000915527344,39.93999862670898,40.52000045776367,31.690940856933597,503200,1489.4200439453125
2007-09-05,39.880001068115234,40.84999847412109,39.880001068115234,40.61000061035156,31.76132202148437,706200,1472.2900390625
2007-09-06,40.650001525878906,41.56999969482422,40.5,41.560001373291016,32.504337310791016,685600,1478.550048828125
2007-09-07,40.900001525878906,41.0099983215332,40.08000183105469,40.5,31.6752986907959,826300,1453.550048828125
2007-09-10,40.5,40.59999847412109,38.040000915527344,38.040000915527344,29.751314163208008,1274900,1451.699951171875
2007-09-11,38.27000045776367,39.709999084472656,38.15999984741211,39.5099983215332,30.90101623535156,896100,1471.489990234375
2007-09-12,39.36000061035156,39.61000061035156,38.4900016784668,38.61000061035156,30.27759552001953,658500,1471.56005859375
2007-09-13,38.70000076293945,38.95000076293945,37.40999984741211,37.93999862670898,29.75217056274414,1044500,1483.949951171875
2007-09-14,37.650001525878906,39.310001373291016,37.560001373291016,39.060001373291016,30.630468368530277,864100,1484.25
2007-09-17,38.72999954223633,39.77999877929688,38.459999084472656,39.310001373291016,30.826509475708008,1180900,1476.6500244140625
2007-09-18,39.5,41.68000030517578,39.09999847412109,41.25,32.347843170166016,1118600,1519.780029296875
2007-09-19,41.650001525878906,42.93000030517578,41.369998931884766,41.95000076293945,32.89678192138672,1198800,1529.030029296875
2007-09-20,41.79999923706055,42.900001525878906,41.52000045776367,42.59999847412109,33.406497955322266,1252100,1518.75
2007-09-21,43.16999816894531,43.18000030517578,42.400001525878906,42.66999816894531,33.461395263671875,1256200,1525.75
2007-09-24,42.33000183105469,42.38999938964844,41.59000015258789,41.81999969482422,32.794830322265625,617200,1517.72998046875
2007-09-25,41.22999954223633,41.84999847412109,40.95000076293945,41.72999954223633,32.724246978759766,766800,1517.2099609375
2007-09-26,42.209999084472656,45.400001525878906,42.02999877929688,45.0,35.288543701171875,1488300,1525.4200439453125
2007-09-27,46.5,48.84000015258789,44.90999984741211,45.18000030517578,35.42971420288086,2098600,1531.3800048828125
2007-09-28,45.22999954223633,45.22999954223633,43.9900016784668,44.20000076293945,34.66121292114258,816100,1526.75
2007-10-01,44.20000076293945,45.040000915527344,43.93000030517578,44.08000183105469,34.56710433959961,937500,1547.0400390625
2007-10-02,44.5,45.220001220703125,44.16999816894531,44.36000061035156,34.78668594360352,783200,1546.6300048828125
2007-10-03,44.29999923706055,44.54999923706055,43.81999969482422,44.09000015258789,34.574951171875,643900,1539.5899658203125
2007-10-04,44.29999923706055,44.720001220703125,43.59999847412109,44.0,34.5043830871582,717100,1542.8399658203125
2007-10-05,44.4900016784668,44.88999938964844,43.84999847412109,44.66999816894531,35.029762268066406,696700,1557.5899658203125
2007-10-08,44.66999816894531,44.68999862670898,43.70000076293945,43.84000015258789,34.3788948059082,351200,1552.5799560546875
2007-10-09,44.06999969482422,44.5,43.86000061035156,44.4900016784668,34.88862228393555,553100,1565.1500244140625
2007-10-10,44.4900016784668,47.2400016784668,44.459999084472656,47.02000045776367,36.87262725830078,1343100,1562.469970703125
2007-10-11,47.27000045776367,48.2400016784668,46.79999923706055,47.66999816894531,37.38232803344727,1065500,1554.4100341796875
2007-10-12,47.81999969482422,48.25,47.18999862670898,47.56999969482422,37.30392074584961,1504700,1561.800048828125
2007-10-15,47.900001525878906,48.369998931884766,46.58000183105469,47.02999877929688,36.88045120239258,788200,1548.7099609375
2007-10-16,47.02999877929688,47.18999862670898,45.209999084472656,45.34999847412109,35.56302261352539,1172000,1538.530029296875
2007-10-17,46.45000076293945,47.310001373291016,46.04999923706055,46.560001373291016,36.51189422607422,869800,1541.239990234375
2007-10-18,46.290000915527344,46.900001525878906,46.04999923706055,46.56999969482422,36.51974105834961,573400,1540.0799560546875
2007-10-19,46.4900016784668,46.900001525878906,46.13999938964844,46.52999877929688,36.48838424682617,948100,1500.6300048828125
2007-10-22,45.86000061035156,47.68000030517578,45.25,47.619998931884766,37.34314727783203,1471300,1506.3299560546875
2007-10-23,44.75,46.36000061035156,44.13999938964844,45.70000076293945,35.83749771118164,3618300,1519.5899658203125
2007-10-24,45.13999938964844,46.33000183105469,45.0099983215332,46.22999954223633,36.25310897827149,1540000,1515.8800048828125
2007-10-25,46.18999862670898,46.79999923706055,45.709999084472656,46.650001525878906,36.58245849609375,1218400,1514.4000244140625
2007-10-26,47.060001373291016,47.119998931884766,45.95000076293945,46.209999084472656,36.237422943115234,594700,1535.280029296875
2007-10-29,46.58000183105469,46.9900016784668,46.29999923706055,46.7599983215332,36.66874313354492,561700,1540.97998046875
2007-10-30,46.720001220703125,47.630001068115234,46.709999084472656,46.83000183105469,36.7236442565918,570900,1531.02001953125
2007-10-31,47.150001525878906,47.880001068115234,46.20000076293945,47.7599983215332,37.452919006347656,868800,1549.3800048828125
2007-11-01,47.130001068115234,47.15999984741211,45.91999816894531,46.02000045776367,36.08842468261719,1210800,1508.43994140625
2007-11-02,46.47999954223633,47.61000061035156,46.11000061035156,47.5,37.24903869628906,1139800,1509.6500244140625
2007-11-05,46.75,47.41999816894531,45.70000076293945,46.09000015258789,36.14332580566406,868500,1502.1700439453125
2007-11-06,46.04999923706055,46.59999847412109,44.95000076293945,46.59999847412109,36.54326629638672,747200,1520.27001953125
2007-11-07,46.09999847412109,46.61000061035156,44.7599983215332,45.0,35.288543701171875,857300,1475.6199951171875
2007-11-08,44.93999862670898,45.619998931884766,43.77999877929688,44.900001525878906,35.21014404296875,1563800,1474.77001953125
2007-11-09,43.97999954223633,44.310001373291016,43.22999954223633,43.22999954223633,33.900543212890625,852600,1453.699951171875
2007-11-12,43.09999847412109,44.58000183105469,42.29999923706055,42.400001525878906,33.249664306640625,1058700,1439.1800537109375
2007-11-13,42.54999923706055,43.52999877929688,41.88999938964844,43.02000045776367,33.73586654663086,997800,1481.050048828125
2007-11-14,43.15999984741211,43.810001373291016,42.95000076293945,43.09999847412109,33.79861068725586,919400,1470.5799560546875
2007-11-15,42.86000061035156,43.0,41.61000061035156,42.060001373291016,32.983036041259766,1054000,1451.1500244140625
2007-11-16,42.27999877929688,42.47999954223633,40.77999877929688,42.0099983215332,32.943824768066406,872500,1458.739990234375
2007-11-19,41.790000915527344,41.790000915527344,40.08000183105469,40.11000061035156,31.45387840270996,618700,1433.27001953125
2007-11-20,40.2400016784668,41.18999862670898,39.4900016784668,40.34999847412109,31.642074584960938,866900,1439.699951171875
2007-11-21,40.0,40.18999862670898,38.75,39.290000915527344,30.81084251403809,664900,1416.77001953125
2007-11-23,39.68999862670898,40.16999816894531,39.2400016784668,39.84999847412109,31.24999046325684,171400,1440.699951171875
2007-11-26,39.77000045776367,40.0099983215332,38.09999847412109,38.15999984741211,29.924707412719727,1104000,1407.219970703125
2007-11-27,38.310001373291016,39.150001525878906,38.060001373291016,38.65999984741211,30.31679344177246,963600,1428.22998046875
2007-11-28,39.150001525878906,41.86000061035156,38.95000076293945,41.68999862670898,32.6928825378418,1997700,1469.02001953125
2007-11-29,41.380001068115234,43.310001373291016,41.369998931884766,42.900001525878906,33.64176177978516,2134300,1469.719970703125
2007-11-30,43.31999969482422,44.13999938964844,43.209999084472656,44.13999938964844,34.614158630371094,1278000,1481.1400146484375
2007-12-03,44.31999969482422,45.11000061035156,43.619998931884766,44.84999847412109,35.170921325683594,1856600,1472.4200439453125
2007-12-04,44.40999984741211,45.09000015258789,44.09000015258789,44.720001220703125,35.068992614746094,1269900,1462.7900390625
2007-12-05,45.220001220703125,45.2400016784668,43.09999847412109,43.68999862670898,34.261268615722656,1308300,1485.010009765625
2007-12-06,43.540000915527344,44.34000015258789,43.2400016784668,43.900001525878906,34.42594528198242,1212600,1507.3399658203125
2007-12-07,44.06999969482422,44.40999984741211,43.52000045776367,44.09999847412109,34.58279037475586,556700,1504.6600341796875
2007-12-10,44.310001373291016,44.68999862670898,43.150001525878906,44.25,34.700416564941406,661900,1515.9599609375
2007-12-11,44.400001525878906,44.40999984741211,42.93999862670898,43.0,33.72016143798828,592500,1477.6500244140625
2007-12-12,43.68999862670898,44.31999969482422,42.25,42.900001525878906,33.72411346435547,685600,1486.5899658203125
2007-12-13,42.540000915527344,43.119998931884766,42.16999816894531,42.84000015258789,33.676944732666016,615500,1488.4100341796875
2007-12-14,41.84000015258789,42.58000183105469,41.68000030517578,42.0099983215332,33.02446746826172,605300,1467.949951171875
2007-12-17,41.83000183105469,41.880001068115234,40.900001525878906,40.93999862670898,32.18333435058594,636400,1445.9000244140625
2007-12-18,41.27999877929688,41.459999084472656,40.20000076293945,40.77999877929688,32.05755615234375,718900,1454.97998046875
2007-12-19,40.630001068115234,41.18000030517578,40.43000030517578,40.7599983215332,32.041847229003906,407100,1453.0
2007-12-20,40.97999954223633,41.22999954223633,40.38999938964844,40.970001220703125,32.2069206237793,479300,1460.1199951171875
2007-12-21,41.68000030517578,42.68000030517578,41.66999816894531,42.29999923706055,33.25244903564453,722800,1484.4599609375
2007-12-24,42.27999877929688,43.060001373291016,41.90999984741211,42.970001220703125,33.77912139892578,169300,1496.449951171875
2007-12-26,42.70000076293945,42.7400016784668,42.02000045776367,42.45000076293945,33.370357513427734,234800,1497.6600341796875
2007-12-27,42.400001525878906,42.47999954223633,41.290000915527344,41.58000183105469,32.68645095825195,447800,1476.27001953125
2007-12-28,42.06999969482422,43.459999084472656,41.630001068115234,42.09000015258789,33.08735656738281,628800,1478.489990234375
2007-12-31,42.119998931884766,42.220001220703125,41.22999954223633,41.25,32.427024841308594,426100,1468.3599853515625
2008-01-02,41.13999938964844,41.150001525878906,40.58000183105469,40.77999877929688,32.05755615234375,444600,1447.1600341796875
2008-01-03,40.70000076293945,40.83000183105469,39.97999954223633,40.310001373291016,31.688106536865234,809900,1447.1600341796875
2008-01-04,39.84999847412109,40.34999847412109,39.560001373291016,39.63999938964844,31.161396026611328,780500,1411.6300048828125
2008-01-07,39.619998931884766,40.83000183105469,39.27999877929688,39.75,31.24785804748535,841800,1416.1800537109375
2008-01-08,39.970001220703125,40.060001373291016,38.380001068115234,38.61000061035156,30.351709365844727,864800,1390.18994140625
2008-01-09,38.4900016784668,38.59999847412109,36.40999984741211,37.400001525878906,29.400503158569336,1331000,1409.1300048828125
2008-01-10,37.08000183105469,38.4900016784668,36.59000015258789,38.040000915527344,29.90360641479492,1033700,1420.3299560546875
2008-01-11,37.790000915527344,38.0,37.0,37.34999847412109,29.36119842529297,610500,1401.02001953125
2008-01-14,37.650001525878906,37.97999954223633,37.34000015258789,37.7400016784668,29.667774200439453,847500,1416.25
2008-01-15,37.2400016784668,37.59000015258789,36.630001068115234,37.02000045776367,29.101789474487305,852900,1380.949951171875
2008-01-16,36.68000030517578,36.81999969482422,35.939998626708984,35.959999084472656,28.26851272583008,1209200,1373.199951171875
2008-01-17,36.02999877929688,36.150001525878906,33.70000076293945,34.5,27.12079620361328,1771200,1333.25
2008-01-18,34.68000030517578,34.83000183105469,33.59000015258789,34.119998931884766,26.822065353393555,1316700,1325.18994140625
2008-01-22,32.75,34.70000076293945,31.989999771118164,34.220001220703125,26.90067481994629,1007200,1310.5
2008-01-23,33.45000076293945,34.060001373291016,32.380001068115234,33.81999969482422,26.58624267578125,1226400,1338.5999755859375
2008-01-24,33.970001220703125,34.529998779296875,33.5099983215332,34.150001525878906,26.845645904541016,2867800,1352.0699462890625
2008-01-25,34.650001525878906,37.77999877929688,34.650001525878906,37.29999923706055,29.321882247924805,2194500,1330.6099853515625
2008-01-28,37.0,39.27999877929688,36.81999969482422,39.09000015258789,30.72903633117676,2328900,1353.9599609375
2008-01-29,36.470001220703125,36.9900016784668,33.72999954223633,35.36000061035156,27.79684829711914,5084200,1362.300048828125
2008-01-30,36.77000045776367,36.93999862670898,35.540000915527344,35.599998474121094,27.98550033569336,2213700,1355.81005859375
2008-01-31,35.13999938964844,36.88999938964844,34.79999923706055,36.25,28.496469497680664,1289800,1378.550048828125
2008-02-01,36.18000030517578,37.4900016784668,36.0,37.380001068115234,29.3847770690918,1059500,1395.4200439453125
2008-02-04,37.369998931884766,39.0,36.84999847412109,38.29999923706055,30.10799598693848,1975800,1380.8199462890625
2008-02-05,38.7400016784668,38.7400016784668,36.86000061035156,37.09999847412109,29.16468048095703,1365500,1336.6400146484375
2008-02-06,38.20000076293945,38.20000076293945,37.0,37.5099983215332,29.48698616027832,1144400,1326.449951171875
2008-02-07,37.54999923706055,38.11000061035156,36.709999084472656,38.040000915527344,29.90360641479492,1328600,1336.9100341796875
2008-02-08,37.970001220703125,38.15999984741211,37.59000015258789,38.060001373291016,29.91932678222656,1301700,1331.2900390625
2008-02-11,37.95000076293945,38.400001525878906,37.290000915527344,38.16999816894531,30.005823135375977,832600,1339.1300048828125
2008-02-12,38.43999862670898,40.5099983215332,38.43999862670898,39.7400016784668,31.239994049072266,1793600,1348.8599853515625
2008-02-13,40.150001525878906,40.150001525878906,39.63999938964844,39.880001068115234,31.35005187988281,1059000,1367.2099609375
2008-02-14,39.75,40.2599983215332,39.150001525878906,39.369998931884766,30.949146270751957,667400,1348.8599853515625
2008-02-15,39.08000183105469,39.66999816894531,38.650001525878906,39.560001373291016,31.0985050201416,668500,1349.989990234375
2008-02-19,40.20000076293945,40.56999969482422,39.720001220703125,39.93000030517578,31.389366149902344,644400,1348.780029296875
2008-02-20,39.65999984741211,40.2400016784668,39.02000045776367,40.150001525878906,31.562305450439453,821100,1360.030029296875
2008-02-21,40.400001525878906,40.43999862670898,39.11000061035156,39.25,30.85480690002441,479200,1342.530029296875
2008-02-22,39.290000915527344,39.43999862670898,37.790000915527344,38.20000076293945,30.02939987182617,1584000,1353.1099853515625
2008-02-25,38.29999923706055,40.34999847412109,38.11000061035156,40.209999084472656,31.609468460083008,729600,1371.800048828125
2008-02-26,40.119998931884766,40.43000030517578,39.459999084472656,40.25,31.640913009643555,786300,1381.2900390625
2008-02-27,39.77000045776367,40.59999847412109,39.560001373291016,39.810001373291016,31.2950382232666,558500,1380.02001953125
2008-02-28,39.68000030517578,40.150001525878906,38.77999877929688,39.29999923706055,30.89409828186035,463300,1367.6800537109375
2008-02-29,38.959999084472656,39.18000030517578,37.75,37.93999862670898,29.825000762939453,782000,1330.6300048828125
2008-03-03,37.630001068115234,37.84000015258789,36.880001068115234,37.5,29.479116439819336,791500,1331.3399658203125
2008-03-04,36.900001525878906,37.45000076293945,36.209999084472656,37.040000915527344,29.117521286010746,661600,1326.75
2008-03-05,37.060001373291016,37.59999847412109,36.790000915527344,37.31999969482422,29.337623596191406,466000,1333.699951171875
2008-03-06,37.08000183105469,37.560001373291016,36.5,36.540000915527344,28.724445343017575,502600,1304.3399658203125
2008-03-07,36.43000030517578,36.77000045776367,35.349998474121094,35.560001373291016,27.954065322875977,633800,1293.3699951171875
2008-03-10,35.560001373291016,35.959999084472656,35.13999938964844,35.27000045776367,27.726089477539062,833900,1273.3699951171875
2008-03-11,36.02999877929688,37.06999969482422,36.0099983215332,37.06999969482422,29.141088485717773,1187500,1320.6500244140625
2008-03-12,37.06999969482422,37.83000183105469,36.77000045776367,37.09999847412109,29.25938606262207,456300,1308.77001953125
2008-03-13,36.61000061035156,37.25,35.68000030517578,36.97999954223633,29.164756774902344,607600,1315.47998046875
2008-03-14,37.209999084472656,37.209999084472656,34.959999084472656,35.34000015258789,27.871353149414062,884000,1288.1400146484375
2008-03-17,34.52000045776367,35.45000076293945,34.09000015258789,34.84000015258789,27.47701835632324,1148500,1276.5999755859375
2008-03-18,35.349998474121094,36.43000030517578,35.11000061035156,36.38999938964844,28.699438095092773,532300,1330.739990234375
2008-03-19,36.619998931884766,37.060001373291016,34.63999938964844,34.63999938964844,27.319271087646484,1099000,1298.4200439453125
2008-03-20,34.599998474121094,34.91999816894531,34.119998931884766,34.31999969482422,27.066909790039062,1219300,1329.510009765625
2008-03-24,34.2599983215332,35.63999938964844,34.099998474121094,34.97999954223633,27.587427139282227,1257700,1349.8800048828125
2008-03-25,34.91999816894531,35.880001068115234,34.40999984741211,35.779998779296875,28.21834945678711,1675500,1352.989990234375
2008-03-26,35.38999938964844,35.97999954223633,35.20000076293945,35.810001373291016,28.242027282714844,645100,1341.1300048828125
2008-03-27,35.880001068115234,36.58000183105469,35.45000076293945,36.02999877929688,28.415512084960938,677400,1325.760009765625
2008-03-28,35.970001220703125,36.27999877929688,35.209999084472656,35.349998474121094,27.87922477722168,426200,1315.219970703125
2008-03-31,35.529998779296875,36.70000076293945,35.4900016784668,36.52000045776367,28.801965713500977,1043800,1322.699951171875
2008-04-01,37.13999938964844,37.13999938964844,36.34999847412109,36.9900016784668,29.172645568847656,1050200,1370.1800537109375
2008-04-02,36.81999969482422,37.68999862670898,36.650001525878906,37.0,29.18052291870117,873300,1367.530029296875
2008-04-03,36.81999969482422,37.22999954223633,36.18999862670898,36.310001373291016,28.63634490966797,915000,1369.31005859375
2008-04-04,36.2400016784668,36.59999847412109,35.540000915527344,35.790000915527344,28.226238250732425,1267400,1370.4000244140625
2008-04-07,36.06999969482422,36.68999862670898,35.439998626708984,35.70000076293945,28.155261993408203,1458500,1372.5400390625
2008-04-08,35.52000045776367,36.34999847412109,35.439998626708984,36.25,28.589017868041992,513600,1365.5400390625
2008-04-09,36.25,36.40999984741211,35.40999984741211,35.59000015258789,28.068511962890625,317900,1354.489990234375
2008-04-10,35.52000045776367,35.709999084472656,35.029998779296875,35.25,27.800365447998047,561300,1360.550048828125
2008-04-11,34.81999969482422,35.40999984741211,34.72999954223633,34.93000030517578,27.54799461364746,551800,1332.8299560546875
2008-04-14,35.09000015258789,35.560001373291016,34.900001525878906,35.13999938964844,27.71360969543457,521300,1328.3199462890625
2008-04-15,35.279998779296875,35.880001068115234,35.20000076293945,35.650001525878906,28.11582565307617,736500,1334.4300537109375
2008-04-16,35.880001068115234,37.06999969482422,35.880001068115234,37.02999877929688,29.204185485839844,671400,1364.7099609375
2008-04-17,36.810001373291016,37.15999984741211,36.470001220703125,36.900001525878906,29.10166549682617,798600,1365.56005859375
2008-04-18,37.369998931884766,38.04999923706055,37.36000061035156,37.75,29.77202033996582,625300,1390.3299560546875
2008-04-21,38.75,39.43999862670898,38.43999862670898,39.0,30.75785446166992,1393200,1388.1700439453125
2008-04-22,39.18999862670898,39.18999862670898,37.29999923706055,37.630001068115234,29.677385330200195,1623100,1375.93994140625
2008-04-23,37.810001373291016,38.869998931884766,37.65999984741211,38.369998931884766,30.2609920501709,1178200,1379.9300537109375
2008-04-24,38.29999923706055,38.52999877929688,37.11000061035156,38.209999084472656,30.13480567932129,999200,1388.8199462890625
2008-04-25,38.16999816894531,38.58000183105469,37.86000061035156,38.36000061035156,30.25309181213379,664300,1397.8399658203125
2008-04-28,38.18999862670898,38.290000915527344,37.70000076293945,38.11000061035156,30.055944442749023,461600,1396.3699951171875
2008-04-29,37.97999954223633,38.09000015258789,37.06999969482422,37.400001525878906,29.49597930908203,447800,1390.93994140625
2008-04-30,37.40999984741211,38.060001373291016,37.29999923706055,37.40999984741211,29.503877639770508,547600,1385.5899658203125
2008-05-01,37.400001525878906,37.970001220703125,36.61000061035156,37.7599983215332,29.7799015045166,553100,1409.3399658203125
2008-05-02,37.90999984741211,38.20000076293945,37.459999084472656,37.75,29.77202033996582,417300,1413.9000244140625
2008-05-05,37.5099983215332,38.33000183105469,37.5099983215332,38.33000183105469,30.22944450378418,601500,1407.489990234375
2008-05-06,38.310001373291016,38.59000015258789,38.02000045776367,38.25,30.16635131835937,423800,1418.260009765625
2008-05-07,37.65999984741211,39.13999938964844,37.650001525878906,38.47999954223633,30.347753524780277,1043600,1392.5699462890625
2008-05-08,38.7400016784668,39.65999984741211,38.34999847412109,39.65999984741211,31.278369903564453,785700,1397.6800537109375
2008-05-09,39.29999923706055,40.0,38.540000915527344,39.83000183105469,31.412446975708008,1662100,1388.280029296875
2008-05-12,41.75,41.75,40.310001373291016,41.59999847412109,32.8083610534668,1244900,1403.5799560546875
2008-05-13,41.869998931884766,42.619998931884766,41.81999969482422,42.59000015258789,33.58915328979492,1198300,1403.0400390625
2008-05-14,42.540000915527344,44.34999847412109,42.4900016784668,43.900001525878906,34.622283935546875,1962000,1408.6600341796875
2008-05-15,44.02999877929688,44.34000015258789,43.43999862670898,44.29999923706055,34.93775939941406,687700,1423.5699462890625
2008-05-16,43.84999847412109,43.93999862670898,42.75,43.52000045776367,34.322601318359375,1642700,1425.3499755859375
2008-05-19,43.59000015258789,43.59000015258789,42.68999862670898,42.9900016784668,33.90461349487305,1051600,1426.6300048828125
2008-05-20,42.86000061035156,43.0,42.22999954223633,42.7400016784668,33.70745086669922,679500,1413.4000244140625
2008-05-21,43.31999969482422,44.040000915527344,42.61000061035156,42.72999954223633,33.69956970214844,1068100,1390.7099609375
2008-05-22,42.91999816894531,43.93999862670898,42.86000061035156,43.68999862670898,34.4566764831543,616500,1394.3499755859375
2008-05-23,43.630001068115234,43.630001068115234,42.41999816894531,42.90999984741211,33.841522216796875,423500,1375.9300537109375
2008-05-27,42.88999938964844,43.04999923706055,42.27999877929688,43.0,33.9124870300293,353400,1385.3499755859375
2008-05-28,43.209999084472656,43.86000061035156,42.81999969482422,43.79999923706055,34.54342269897461,366000,1390.8399658203125
2008-05-29,43.900001525878906,44.93999862670898,43.79999923706055,44.400001525878906,35.01661682128906,737300,1398.260009765625
2008-05-30,44.56999969482422,44.63999938964844,44.119998931884766,44.470001220703125,35.07182693481445,530600,1400.3800048828125
2008-06-02,44.20000076293945,44.470001220703125,43.43999862670898,43.560001373291016,34.354156494140625,475700,1385.6700439453125
2008-06-03,43.5,44.0,43.11000061035156,43.56999969482422,34.362037658691406,737700,1377.6500244140625
2008-06-04,43.52999877929688,44.84999847412109,43.40999984741211,44.58000183105469,35.15857696533203,657000,1377.199951171875
2008-06-05,44.59999847412109,45.900001525878906,44.560001373291016,45.790000915527344,36.11285781860352,953000,1404.050048828125
2008-06-06,45.36000061035156,45.810001373291016,44.29999923706055,44.34000015258789,34.96930313110352,967000,1360.6800537109375
2008-06-09,44.7599983215332,44.91999816894531,43.5099983215332,43.79999923706055,34.54342269897461,658200,1361.760009765625
2008-06-10,43.22999954223633,43.40999984741211,42.59000015258789,42.970001220703125,33.88884735107422,614500,1358.43994140625
2008-06-11,42.77000045776367,43.5099983215332,42.560001373291016,42.58000183105469,33.67531204223633,484200,1335.489990234375
2008-06-12,42.93999862670898,43.90999984741211,42.900001525878906,43.380001068115234,34.30799865722656,628400,1339.8699951171875
2008-06-13,43.77999877929688,44.52999877929688,43.58000183105469,44.470001220703125,35.170047760009766,383400,1360.030029296875
2008-06-16,44.34999847412109,44.84000015258789,44.27999877929688,44.400001525878906,35.114688873291016,585500,1360.1400146484375
2008-06-17,44.61000061035156,44.68999862670898,43.7599983215332,44.4900016784668,35.18587875366211,423900,1350.9300537109375
2008-06-18,44.18000030517578,44.63999938964844,43.54999923706055,44.119998931884766,34.89323806762695,564000,1337.81005859375
2008-06-19,44.0,44.709999084472656,43.7599983215332,44.380001068115234,35.09886932373047,197800,1342.8299560546875
2008-06-20,44.08000183105469,44.34000015258789,43.09999847412109,43.369998931884766,34.300086975097656,669900,1317.9300537109375
2008-06-23,43.65999984741211,44.56999969482422,43.58000183105469,44.34000015258789,35.06724548339844,913200,1318.0
2008-06-24,44.220001220703125,44.540000915527344,42.790000915527344,42.83000183105469,33.87303161621094,766200,1314.2900390625
2008-06-25,42.900001525878906,44.310001373291016,42.61000061035156,44.11000061035156,34.88534164428711,1265700,1321.969970703125
2008-06-26,43.40999984741211,43.5099983215332,41.61000061035156,41.720001220703125,32.99515151977539,1036100,1283.1500244140625
2008-06-27,41.560001373291016,42.09999847412109,40.880001068115234,40.97999954223633,32.409912109375,1270400,1278.3800048828125
2008-06-30,40.27999877929688,41.0,39.79999923706055,39.90999984741211,31.56367301940918,1083200,1280.0
2008-07-01,39.400001525878906,40.15999984741211,38.83000183105469,39.95000076293945,31.59532165527344,1086800,1284.9100341796875
2008-07-02,39.900001525878906,40.54999923706055,38.83000183105469,38.83000183105469,30.70953750610352,1148900,1261.52001953125
2008-07-03,38.68999862670898,39.130001068115234,38.0,38.720001220703125,30.622547149658203,339600,1262.9000244140625
2008-07-07,39.02000045776367,39.400001525878906,38.0,38.27999877929688,30.274568557739254,688500,1252.31005859375
2008-07-08,38.2400016784668,38.77000045776367,37.369998931884766,38.709999084472656,30.61463928222656,937900,1273.699951171875
2008-07-09,38.95000076293945,39.400001525878906,38.369998931884766,38.650001525878906,30.56717872619629,745700,1244.68994140625
2008-07-10,38.709999084472656,42.45000076293945,38.65999984741211,38.970001220703125,30.82025146484375,1464400,1253.3900146484375
2008-07-11,38.7400016784668,39.70000076293945,38.25,38.81999969482422,30.701641082763672,941500,1239.489990234375
2008-07-14,39.060001373291016,39.43000030517578,38.5099983215332,38.709999084472656,30.61463928222656,844000,1228.300048828125
2008-07-15,39.220001220703125,40.20000076293945,38.09000015258789,39.40999984741211,31.168249130249023,825100,1214.9100341796875
2008-07-16,39.34999847412109,39.34999847412109,37.84999847412109,38.95000076293945,30.804447174072266,1016900,1245.3599853515625
2008-07-17,39.220001220703125,39.52999877929688,38.93000030517578,39.20000076293945,31.002161026000977,694000,1260.3199462890625
2008-07-18,39.36000061035156,39.810001373291016,38.2599983215332,38.79999923706055,30.685827255249023,1095000,1260.6800537109375
2008-07-21,37.58000183105469,38.41999816894531,35.709999084472656,38.380001068115234,30.353649139404297,1901900,1260.0
2008-07-22,37.93000030517578,38.04999923706055,36.59000015258789,36.84999847412109,29.14361000061035,1481200,1277.0
2008-07-23,36.66999816894531,37.209999084472656,36.119998931884766,36.75,29.06452751159668,1468500,1282.18994140625
2008-07-24,36.72999954223633,37.04999923706055,35.939998626708984,36.04999923706055,28.51091194152832,676900,1252.5400390625
2008-07-25,36.18000030517578,36.68000030517578,35.79999923706055,36.59999847412109,28.94589233398437,801300,1257.760009765625
2008-07-28,36.459999084472656,36.810001373291016,35.959999084472656,36.59000015258789,28.93798828125,703000,1234.3699951171875
2008-07-29,36.61000061035156,37.70000076293945,36.47999954223633,37.59000015258789,29.728853225708008,889200,1263.199951171875
2008-07-30,37.88999938964844,38.900001525878906,37.7400016784668,38.81999969482422,30.701641082763672,785000,1284.260009765625
2008-07-31,38.61000061035156,39.150001525878906,38.45000076293945,38.93000030517578,30.78862571716309,914000,1267.3800048828125
2008-08-01,38.72999954223633,39.16999816894531,38.380001068115234,38.40999984741211,30.377365112304688,794400,1260.31005859375
2008-08-04,38.4900016784668,38.63999938964844,37.68000030517578,37.70000076293945,29.81585121154785,813600,1249.010009765625
2008-08-05,38.0,39.7599983215332,37.81999969482422,39.68999862670898,31.389686584472656,967000,1284.8800048828125
2008-08-06,39.58000183105469,40.31999969482422,39.150001525878906,39.880001068115234,31.539962768554688,629200,1289.18994140625
2008-08-07,39.709999084472656,39.93999862670898,38.869998931884766,39.220001220703125,31.017974853515625,465900,1266.0699462890625
2008-08-08,38.84000015258789,40.34999847412109,38.84000015258789,40.2599983215332,31.84048080444336,401400,1296.3199462890625
2008-08-11,40.40999984741211,40.970001220703125,39.630001068115234,40.84999847412109,32.30708312988281,573600,1305.3199462890625
2008-08-12,40.869998931884766,41.0,40.27000045776367,40.58000183105469,32.09355926513672,458100,1289.5899658203125
2008-08-13,40.5,40.93000030517578,40.06999969482422,40.79999923706055,32.267539978027344,593900,1285.8299560546875
2008-08-14,40.68000030517578,41.02000045776367,40.27000045776367,40.93000030517578,32.370365142822266,638500,1292.9300537109375
2008-08-15,40.81999969482422,40.9900016784668,40.18999862670898,40.560001373291016,32.07774353027344,353000,1298.199951171875
2008-08-18,40.70000076293945,41.34000015258789,40.290000915527344,40.40999984741211,31.9591121673584,495200,1278.5999755859375
2008-08-19,40.27999877929688,40.27999877929688,38.5099983215332,38.869998931884766,30.74116516113281,750500,1266.68994140625
2008-08-20,39.060001373291016,39.65999984741211,38.790000915527344,39.040000915527344,30.8756160736084,447000,1274.5400390625
2008-08-21,38.97999954223633,39.209999084472656,38.66999816894531,39.02000045776367,30.85979652404785,299700,1277.719970703125
2008-08-22,39.22999954223633,40.04999923706055,39.22999954223633,40.0,31.63485717773437,294500,1292.199951171875
2008-08-25,39.84999847412109,39.84999847412109,38.65999984741211,39.11000061035156,30.930988311767575,300400,1266.8399658203125
2008-08-26,39.18999862670898,39.43999862670898,38.81999969482422,39.43999862670898,31.19196319580078,336800,1271.510009765625
2008-08-27,39.369998931884766,40.0,39.2599983215332,39.7400016784668,31.429235458374023,758400,1281.6600341796875
2008-08-28,40.0099983215332,40.83000183105469,40.0099983215332,40.79999923706055,32.267539978027344,483400,1300.6800537109375
2008-08-29,40.66999816894531,40.790000915527344,39.7400016784668,39.7400016784668,31.429235458374023,351700,1282.8299560546875
2008-09-02,39.83000183105469,40.630001068115234,38.959999084472656,39.09999847412109,30.923057556152344,602600,1277.5799560546875
2008-09-03,39.0,39.45000076293945,37.93000030517578,38.470001220703125,30.42483139038086,661500,1274.97998046875
2008-09-04,38.18999862670898,38.18999862670898,36.93999862670898,37.18999862670898,29.41250228881836,909700,1236.8299560546875
2008-09-05,36.900001525878906,37.18999862670898,35.9900016784668,37.0099983215332,29.2701473236084,873400,1242.31005859375
2008-09-08,37.63999938964844,38.15999984741211,37.09999847412109,37.34000015258789,29.53113555908203,669300,1267.7900390625
2008-09-09,37.09000015258789,37.36000061035156,33.790000915527344,34.06999969482422,26.94498443603516,1846100,1224.510009765625
2008-09-10,34.20000076293945,34.61000061035156,33.75,34.380001068115234,27.190166473388672,1616100,1232.0400390625
2008-09-11,35.81999969482422,35.95000076293945,34.7400016784668,35.439998626708984,28.126657485961918,2194100,1249.050048828125
2008-09-12,35.18000030517578,36.11000061035156,35.060001373291016,36.02999877929688,28.59489631652832,763500,1251.699951171875
2008-09-15,34.65999984741211,36.119998931884766,34.33000183105469,34.4900016784668,27.372699737548828,776000,1192.699951171875
2008-09-16,34.0099983215332,36.02999877929688,33.349998474121094,35.90999984741211,28.499666213989254,1289800,1213.5999755859375
2008-09-17,35.34000015258789,35.72999954223633,33.34000015258789,33.34000015258789,26.460004806518555,1072300,1156.3900146484375
2008-09-18,33.75,34.2599983215332,32.02000045776367,32.900001525878906,26.11080741882324,1518600,1206.510009765625
2008-09-19,34.81999969482422,36.29999923706055,34.47999954223633,36.150001525878906,28.69013786315918,2029500,1255.0799560546875
2008-09-22,36.150001525878906,36.29999923706055,34.290000915527344,34.459999084472656,27.348886489868164,666600,1207.0899658203125
2008-09-23,34.5,34.83000183105469,33.790000915527344,34.09000015258789,27.05524253845215,725900,1188.219970703125
2008-09-24,34.279998779296875,35.34000015258789,33.720001220703125,34.810001373291016,27.62666130065918,962500,1185.8699951171875
2008-09-25,35.040000915527344,35.470001220703125,34.560001373291016,35.20000076293945,27.93619155883789,750900,1209.1800537109375
2008-09-26,34.61000061035156,34.880001068115234,33.7599983215332,34.29999923706055,27.22190284729004,528700,1213.27001953125
2008-09-29,33.689998626708984,33.70000076293945,29.729999542236328,29.920000076293945,23.745752334594727,1304100,1106.4200439453125
2008-09-30,30.549999237060547,31.46999931335449,29.709999084472656,30.84000015258789,24.475908279418945,1131800,1166.3599853515625
2008-10-01,30.600000381469727,30.8799991607666,29.790000915527344,30.0,23.80924797058105,836200,1161.06005859375
2008-10-02,30.899999618530277,30.899999618530277,27.920000076293945,28.26000022888184,22.42831420898437,1325000,1114.280029296875
2008-10-03,28.729999542236328,29.71999931335449,27.950000762939453,28.11000061035156,22.30925941467285,820900,1099.22998046875
2008-10-06,27.25,27.56999969482422,24.229999542236328,26.43000030517578,20.975950241088867,1617400,1056.8900146484375
2008-10-07,26.6299991607666,26.76000022888184,23.950000762939453,23.950000762939453,19.007715225219727,1315000,996.22998046875
2008-10-08,23.600000381469727,26.530000686645508,23.0,25.040000915527344,19.872787475585938,2175700,984.9400024414062
2008-10-09,25.239999771118164,26.309999465942383,23.299999237060547,23.399999618530277,18.57120704650879,1562200,909.9199829101562
2008-10-10,23.899999618530277,25.270000457763672,20.989999771118164,22.51000022888184,17.864877700805664,1922000,899.219970703125
2008-10-13,23.61000061035156,25.81999969482422,23.479999542236328,25.81999969482422,20.4918270111084,1204000,1003.3499755859375
2008-10-14,26.540000915527344,27.81999969482422,24.670000076293945,25.479999542236328,20.221981048583984,1130200,998.010009765625
2008-10-15,25.479999542236328,25.479999542236328,22.739999771118164,22.770000457763672,18.071212768554688,848400,907.8400268554688
2008-10-16,22.90999984741211,24.299999237060547,21.51000022888184,24.209999084472656,19.21406364440918,758200,946.4299926757812
2008-10-17,23.290000915527344,24.790000915527344,23.1299991607666,23.46999931335449,18.626771926879883,1031300,940.5499877929688
2008-10-20,23.59000015258789,24.71999931335449,23.59000015258789,24.71999931335449,19.618824005126957,622100,985.4000244140625
2008-10-21,24.209999084472656,24.31999969482422,22.71999931335449,23.25,18.452167510986328,904900,955.0499877929688
2008-10-22,22.51000022888184,23.01000022888184,21.5,21.899999618530277,17.380752563476562,1314500,896.780029296875
2008-10-23,22.13999938964844,22.8700008392334,20.959999084472656,21.649999618530277,17.18233871459961,1302800,908.1099853515625
2008-10-24,20.11000061035156,21.790000915527344,20.11000061035156,20.920000076293945,16.60297966003418,1010300,876.77001953125
2008-10-27,20.0,20.61000061035156,19.059999465942383,19.059999465942383,15.126808166503906,1268400,848.9199829101562
2008-10-28,19.600000381469727,20.8700008392334,18.96999931335449,20.690000534057617,16.420440673828125,1953200,940.510009765625
2008-10-29,20.600000381469727,22.43000030517578,20.520000457763672,21.899999618530277,17.380752563476562,1481000,930.0900268554688
2008-10-30,22.520000457763672,23.65999984741211,22.040000915527344,23.57999992370605,18.714075088500977,1001300,954.0900268554688
2008-10-31,23.40999984741211,24.690000534057617,22.75,24.350000381469727,19.325180053710938,900600,968.75
2008-11-03,24.280000686645508,25.8799991607666,24.100000381469727,24.920000076293945,19.77754592895508,990900,966.2999877929688
2008-11-04,25.459999084472656,26.18000030517578,24.950000762939453,26.1299991607666,20.73784637451172,623900,1005.75
2008-11-05,25.850000381469727,26.280000686645508,24.3700008392334,24.420000076293945,19.380725860595703,637300,952.77001953125
2008-11-06,24.26000022888184,24.76000022888184,23.8700008392334,23.920000076293945,18.983905792236328,879800,904.8800048828125
2008-11-07,24.020000457763672,25.07999992370605,23.96999931335449,24.739999771118164,19.63469123840332,523300,930.989990234375
2008-11-10,25.32999992370605,25.530000686645508,24.1299991607666,24.479999542236328,19.4283447265625,621600,919.2100219726562
2008-11-11,24.200000762939453,24.809999465942383,23.239999771118164,23.6200008392334,18.745820999145508,980400,898.9500122070312
2008-11-12,22.8799991607666,23.280000686645508,21.68000030517578,21.68000030517578,17.206144332885742,738100,852.2999877929688
2008-11-13,21.90999984741211,24.36000061035156,21.18000030517578,24.36000061035156,19.33310890197754,972000,911.2899780273438
2008-11-14,24.01000022888184,24.309999465942383,22.489999771118164,22.600000381469727,17.93630027770996,524800,873.2899780273438
2008-11-17,22.40999984741211,23.51000022888184,22.25,22.520000457763672,17.872814178466797,637300,850.75
2008-11-18,21.61000061035156,22.21999931335449,20.190000534057617,21.040000915527344,16.698219299316406,1337700,859.1199951171875
2008-11-19,20.979999542236328,21.559999465942383,18.86000061035156,18.8799991607666,14.983954429626465,1040800,806.5800170898438
2008-11-20,18.530000686645508,18.76000022888184,16.3700008392334,16.459999084472656,13.063343048095703,1384000,752.4400024414062
2008-11-21,16.90999984741211,18.31999969482422,16.15999984741211,18.290000915527344,14.515697479248049,1181000,800.030029296875
2008-11-24,18.51000022888184,19.770000457763672,18.31999969482422,19.21999931335449,15.253790855407717,1311700,851.8099975585938
2008-11-25,19.3799991607666,19.549999237060547,17.850000381469727,18.3799991607666,14.587128639221191,1631700,857.3900146484375
2008-11-26,18.1299991607666,19.790000915527344,18.0,19.739999771118164,15.666484832763672,1079500,887.6799926757812
2008-11-28,20.040000915527344,20.489999771118164,19.690000534057617,20.32999992370605,16.13473129272461,471700,896.239990234375
2008-12-01,19.979999542236328,19.979999542236328,17.399999618530273,17.450000762939453,13.84904670715332,862900,816.2100219726562
2008-12-02,17.770000457763672,18.530000686645508,17.65999984741211,18.51000022888184,14.690305709838867,649800,848.8099975585938
2008-12-03,18.010000228881836,19.299999237060547,17.610000610351562,19.18000030517578,15.2220458984375,750900,870.739990234375
2008-12-04,18.709999084472656,19.100000381469727,17.43000030517578,17.8799991607666,14.19031047821045,663000,845.219970703125
2008-12-05,17.739999771118164,18.459999084472656,16.75,18.40999984741211,14.610941886901855,724700,876.0700073242188
2008-12-08,19.11000061035156,20.420000076293945,18.950000762939453,20.200000762939453,16.03155517578125,834400,909.7000122070312
2008-12-09,19.899999618530277,21.06999969482422,19.850000381469727,20.0,15.87282943725586,643500,888.6699829101562
2008-12-10,20.190000534057617,21.31999969482422,20.1299991607666,20.96999931335449,16.642656326293945,585300,899.239990234375
2008-12-11,20.90999984741211,21.5,19.200000762939453,19.43000030517578,15.509207725524902,561100,873.5900268554688
2008-12-12,19.09000015258789,20.6200008392334,18.649999618530277,20.280000686645508,16.18768882751465,660800,879.72998046875
2008-12-15,20.43000030517578,20.780000686645508,18.670000076293945,18.940000534057617,15.118087768554688,896000,868.5700073242188
2008-12-16,19.200000762939453,20.229999542236328,19.200000762939453,19.690000534057617,15.716740608215332,1355400,913.1799926757812
2008-12-17,19.32999992370605,19.6200008392334,18.96999931335449,19.34000015258789,15.437373161315918,1429600,904.4199829101562
2008-12-18,19.51000022888184,19.51000022888184,17.850000381469727,18.350000381469727,14.64714527130127,1875600,885.280029296875
2008-12-19,18.26000022888184,19.6299991607666,17.93000030517578,19.280000686645508,15.389473915100098,2404000,887.8800048828125
2008-12-22,19.450000762939453,19.729999542236328,18.979999542236328,19.6299991607666,15.668848037719728,1495000,871.6300048828125
2008-12-23,19.950000762939453,20.1299991607666,19.170000076293945,19.450000762939453,15.525171279907228,908700,863.1599731445312
2008-12-24,19.479999542236328,19.479999542236328,18.959999084472656,19.25,15.365530014038086,240200,868.1500244140625
2008-12-26,19.40999984741211,19.739999771118164,19.13999938964844,19.700000762939453,15.724722862243652,238500,872.7999877929688
2008-12-29,19.63999938964844,19.68000030517578,18.96999931335449,19.3700008392334,15.461315155029297,458700,869.4199829101562
2008-12-30,19.5,20.950000762939453,19.450000762939453,20.670000076293945,16.498987197875977,666100,890.6400146484375
2008-12-31,21.0,22.5,20.709999084472656,22.299999237060547,17.80006980895996,1122000,903.25
2009-01-02,22.239999771118164,23.18000030517578,21.76000022888184,23.100000381469727,18.438640594482425,687100,931.7999877929688
2009-01-05,22.920000076293945,23.280000686645508,22.530000686645508,23.0,18.358814239501957,898900,927.4500122070312
2009-01-06,23.280000686645508,24.559999465942383,23.100000381469727,24.1299991607666,19.26078224182129,886900,934.7000122070312
2009-01-07,23.940000534057617,24.07999992370605,23.21999931335449,23.38999938964844,18.67011260986328,563800,906.6500244140625
2009-01-08,23.280000686645508,24.13999938964844,23.209999084472656,23.989999771118164,19.149038314819336,621200,909.72998046875
2009-01-09,23.88999938964844,23.989999771118164,22.559999465942383,23.13999938964844,18.47056007385254,494300,890.3499755859375
2009-01-12,22.989999771118164,23.21999931335449,22.020000457763672,22.309999465942383,17.808046340942383,465600,870.260009765625
2009-01-13,21.790000915527344,22.780000686645508,21.790000915527344,22.399999618530277,17.87989044189453,495400,871.7899780273438
2009-01-14,21.899999618530277,22.270000457763672,21.459999084472656,21.989999771118164,17.55261993408203,790700,842.6199951171875
2009-01-15,21.940000534057617,22.950000762939453,21.270000457763672,22.739999771118164,18.15127944946289,674500,843.739990234375
2009-01-16,23.25,23.399999618530277,22.049999237060547,22.6299991607666,18.063474655151367,632200,850.1199951171875
2009-01-20,22.15999984741211,22.600000381469727,21.07999992370605,21.13999938964844,16.874143600463867,868300,805.219970703125
2009-01-21,21.479999542236328,22.3799991607666,21.21999931335449,22.350000381469727,17.83997344970703,739800,840.239990234375
2009-01-22,21.979999542236328,22.489999771118164,21.420000076293945,22.059999465942383,17.608495712280273,710900,827.5
2009-01-23,21.420000076293945,22.75,21.049999237060547,22.40999984741211,17.887874603271484,545900,831.9500122070312
2009-01-26,22.3700008392334,23.6299991607666,22.239999771118164,22.5,17.959707260131836,1103100,836.5700073242188
2009-01-27,21.51000022888184,22.81999969482422,20.31999969482422,21.26000022888184,16.969932556152344,1592400,845.7100219726562
2009-01-28,22.059999465942383,23.209999084472656,21.59000015258789,23.0,18.358814239501957,1239100,874.0900268554688
2009-01-29,22.549999237060547,23.11000061035156,22.030000686645508,22.5,17.959707260131836,1301900,845.1400146484375
2009-01-30,22.780000686645508,23.100000381469727,21.940000534057617,22.25,17.76015853881836,968800,825.8800048828125
2009-02-02,21.8700008392334,22.90999984741211,21.65999984741211,21.979999542236328,17.54463768005371,978600,825.4400024414062
2009-02-03,22.149999618530277,22.959999084472656,21.989999771118164,22.770000457763672,18.17522430419922,931100,838.510009765625
2009-02-04,22.920000076293945,23.739999771118164,22.770000457763672,23.190000534057617,18.51047134399414,889700,832.22998046875
2009-02-05,23.059999465942383,24.25,22.920000076293945,23.899999618530277,19.077207565307617,749500,845.8499755859375
2009-02-06,24.030000686645508,24.770000457763672,23.88999938964844,24.459999084472656,19.52420425415039,940600,868.5999755859375
2009-02-09,24.31999969482422,24.959999084472656,23.959999084472656,24.3700008392334,19.452356338500977,625600,869.8900146484375
2009-02-10,24.049999237060547,24.6200008392334,22.989999771118164,23.1299991607666,18.46258354187012,816300,827.1599731445312
2009-02-11,23.290000915527344,23.84000015258789,22.709999084472656,23.270000457763672,18.57432556152344,594600,833.739990234375
2009-02-12,22.799999237060547,23.61000061035156,22.38999938964844,23.540000915527344,18.789844512939453,951300,835.1900024414062
2009-02-13,23.670000076293945,24.040000915527344,22.940000534057617,22.950000762939453,18.31890296936035,1062400,826.8400268554688
2009-02-17,22.790000915527344,22.790000915527344,21.43000030517578,21.530000686645508,17.18544578552246,1489500,789.1699829101562
2009-02-18,21.75,21.790000915527344,20.8700008392334,21.0,16.762399673461914,1149600,788.4199829101562
2009-02-19,21.549999237060547,21.549999237060547,20.59000015258789,20.690000534057617,16.51494598388672,720300,778.9400024414062
2009-02-20,20.229999542236328,20.489999771118164,19.51000022888184,20.200000762939453,16.123825073242188,1982600,770.0499877929688
2009-02-23,20.350000381469727,20.649999618530277,18.600000381469727,18.770000457763672,14.98238468170166,1155700,743.3300170898438
2009-02-24,19.0,20.030000686645508,18.71999931335449,19.920000076293945,15.900328636169434,1570200,773.1400146484375
2009-02-25,19.780000686645508,19.82999992370605,18.8700008392334,19.1200008392334,15.261754989624023,731700,764.9000244140625
2009-02-26,19.38999938964844,19.8700008392334,18.670000076293945,18.739999771118164,14.958444595336914,745300,752.8300170898438
2009-02-27,18.280000686645508,19.770000457763672,18.18000030517578,19.350000381469727,15.44534683227539,1930700,735.0900268554688
2009-03-02,18.850000381469727,19.26000022888184,18.21999931335449,18.309999465942383,14.61521053314209,1581900,700.8200073242188
2009-03-03,18.700000762939453,19.0,17.18000030517578,17.450000762939453,13.928752899169922,3037200,696.3300170898438
2009-03-04,18.34000015258789,18.34000015258789,17.110000610351562,17.200000762939453,13.729199409484863,2985600,712.8699951171875
2009-03-05,16.850000381469727,17.170000076293945,15.65999984741211,15.8100004196167,12.61968994140625,1812200,682.5499877929688
2009-03-06,16.040000915527344,16.350000381469727,15.539999961853027,16.170000076293945,12.907050132751465,1164900,683.3800048828125
2009-03-09,15.920000076293944,16.559999465942383,15.920000076293944,16.09000015258789,12.84319019317627,1150700,676.530029296875
2009-03-10,16.469999313354492,17.209999084472656,16.360000610351562,17.139999389648438,13.68130588531494,1148000,719.5999755859375
2009-03-11,17.239999771118164,17.780000686645508,16.760000228881836,17.610000610351562,14.15972900390625,1052000,721.3599853515625
2009-03-12,17.520000457763672,18.170000076293945,17.190000534057617,18.0,14.473320960998535,1573500,750.739990234375
2009-03-13,18.1200008392334,18.34000015258789,17.790000915527344,18.209999084472656,14.642175674438477,960100,756.5499877929688
2009-03-16,18.399999618530277,18.979999542236328,18.18000030517578,18.25,14.67434024810791,893100,753.8900146484375
2009-03-17,18.290000915527344,19.459999084472656,18.13999938964844,19.459999084472656,15.64726734161377,1133600,778.1199951171875
2009-03-18,19.399999618530277,20.51000022888184,19.020000457763672,20.38999938964844,16.39505386352539,1456900,794.3499755859375
2009-03-19,20.670000076293945,20.86000061035156,19.93000030517578,20.420000076293945,16.419178009033203,1241200,784.0399780273438
2009-03-20,20.51000022888184,20.76000022888184,19.809999465942383,20.07999992370605,16.145788192749023,955600,768.5399780273438
2009-03-23,20.34000015258789,21.979999542236328,20.34000015258789,21.979999542236328,17.67352867126465,869800,822.9199829101562
2009-03-24,21.6299991607666,22.46999931335449,21.559999465942383,21.959999084472656,17.657451629638672,967700,806.1199951171875
2009-03-25,22.1299991607666,22.709999084472656,21.059999465942383,21.940000534057617,17.641359329223633,967700,813.8800048828125
2009-03-26,22.239999771118164,22.690000534057617,22.11000061035156,22.649999618530277,18.212263107299805,1160600,832.8599853515625
2009-03-27,22.32999992370605,22.43000030517578,21.6200008392334,21.81999969482422,17.544883728027344,865100,815.9400024414062
2009-03-30,20.93000030517578,21.40999984741211,20.649999618530277,21.34000015258789,17.158920288085938,635900,787.530029296875
2009-03-31,21.65999984741211,22.149999618530277,21.3799991607666,21.770000457763672,17.504669189453125,908600,797.8699951171875
2009-04-01,21.290000915527344,22.6299991607666,20.989999771118164,22.450000762939453,18.05144691467285,855600,811.0800170898438
2009-04-02,23.399999618530277,24.3700008392334,23.030000686645508,23.950000762939453,19.2575626373291,1289700,834.3800048828125
2009-04-03,23.899999618530277,24.88999938964844,23.71999931335449,24.8700008392334,19.9973087310791,1088100,842.5
2009-04-06,24.520000457763672,24.82999992370605,24.229999542236328,24.739999771118164,19.89277458190918,1069700,835.47998046875
2009-04-07,24.190000534057617,24.479999542236328,23.700000762939453,23.76000022888184,19.104782104492188,601900,815.5499877929688
2009-04-08,23.93000030517578,24.780000686645508,23.56999969482422,24.63999938964844,19.81236457824707,659700,825.1599731445312
2009-04-09,25.399999618530277,26.040000915527344,25.34000015258789,25.809999465942383,20.75313377380371,937600,856.5599975585938
2009-04-13,25.86000061035156,26.06999969482422,25.15999984741211,25.940000534057617,20.8576602935791,407500,858.72998046875
2009-04-14,26.600000381469727,27.71999931335449,26.21999931335449,26.290000915527344,21.139087677001957,1214400,841.5
2009-04-15,25.290000915527344,25.440000534057617,23.65999984741211,25.3700008392334,20.399341583251957,1252200,852.0599975585938
2009-04-16,25.420000076293945,26.809999465942383,25.32999992370605,26.549999237060547,21.34814453125,765500,865.2999877929688
2009-04-17,26.51000022888184,26.68000030517578,25.940000534057617,26.520000457763672,21.32402610778809,702500,869.5999755859375
2009-04-20,26.18000030517578,26.290000915527344,24.63999938964844,24.729999542236328,19.884729385375977,698000,832.3900146484375
2009-04-21,24.43000030517578,25.450000762939453,24.40999984741211,25.450000762939453,20.463661193847656,1113700,850.0800170898438
2009-04-22,24.979999542236328,26.280000686645508,24.71999931335449,25.5,20.50387382507324,592500,843.5499877929688
2009-04-23,25.530000686645508,25.940000534057617,25.13999938964844,25.75,20.70488548278809,508000,851.9199829101562
2009-04-24,25.989999771118164,27.309999465942383,25.989999771118164,27.200000762939453,21.870790481567383,903600,866.22998046875
2009-04-27,26.81999969482422,27.450000762939453,26.739999771118164,27.0,21.709980010986328,1100300,857.510009765625
2009-04-28,26.61000061035156,26.61000061035156,25.36000061035156,25.809999465942383,20.75313377380371,1181100,855.1599731445312
2009-04-29,25.809999465942383,26.549999237060547,25.56999969482422,26.34000015258789,21.179292678833008,656600,873.6400146484375
2009-04-30,26.549999237060547,27.809999465942383,26.40999984741211,26.81999969482422,21.56524085998535,1035000,872.8099975585938
2009-05-01,27.020000457763672,27.190000534057617,26.600000381469727,26.920000076293945,21.645652770996094,741400,877.52001953125
2009-05-04,27.190000534057617,28.43000030517578,27.190000534057617,28.43000030517578,22.859806060791016,672300,907.239990234375
2009-05-05,28.3700008392334,28.61000061035156,27.729999542236328,27.96999931335449,22.48992729187012,620600,903.7999877929688
2009-05-06,28.43000030517578,28.440000534057617,27.290000915527344,27.65999984741211,22.240665435791016,830900,919.530029296875
2009-05-07,28.309999465942383,28.309999465942383,26.25,26.559999465942383,21.35618019104004,630400,907.3900146484375
2009-05-08,26.8700008392334,27.86000061035156,26.790000915527344,27.799999237060547,22.35323715209961,377600,929.22998046875
2009-05-11,27.100000381469727,27.3700008392334,26.6200008392334,26.790000915527344,21.541128158569336,392700,909.239990234375
2009-05-12,27.059999465942383,27.190000534057617,26.149999618530277,26.76000022888184,21.517000198364254,574000,908.3499755859375
2009-05-13,26.239999771118164,26.440000534057617,25.07999992370605,25.350000381469727,20.38325881958008,628900,883.9199829101562
2009-05-14,25.56999969482422,26.43000030517578,25.06999969482422,26.190000534057617,21.058673858642575,596500,893.0700073242188
2009-05-15,25.82999992370605,26.71999931335449,25.600000381469727,26.65999984741211,21.43659782409668,1147200,882.8800048828125
2009-05-18,26.8700008392334,27.32999992370605,26.489999771118164,27.31999969482422,21.96727752685547,796700,909.7100219726562
2009-05-19,27.09000015258789,27.59000015258789,26.86000061035156,27.059999465942383,21.75821876525879,657600,908.1300048828125
2009-05-20,27.450000762939453,29.459999084472656,27.399999618530277,28.559999465942383,22.964332580566406,1867900,903.469970703125
2009-05-21,28.049999237060547,28.09000015258789,27.25,27.549999237060547,22.152217864990234,948300,888.3300170898438
2009-05-22,27.61000061035156,27.649999618530277,27.11000061035156,27.299999237060547,21.951202392578125,617900,887.0
2009-05-26,26.959999084472656,28.32999992370605,26.790000915527344,28.040000915527344,22.54621315002441,842400,910.3300170898438
2009-05-27,27.899999618530277,28.15999984741211,27.31999969482422,27.40999984741211,22.03965377807617,655400,893.0599975585938
2009-05-28,27.540000915527344,28.1200008392334,27.200000762939453,27.8700008392334,22.409523010253903,597500,906.8300170898438
2009-05-29,28.040000915527344,28.309999465942383,27.71999931335449,28.21999931335449,22.690942764282227,564800,919.1400146484375
2009-06-01,28.729999542236328,29.809999465942383,28.649999618530277,29.709999084472656,23.88901901245117,736800,942.8699951171875
2009-06-02,29.3700008392334,30.0,29.3700008392334,29.479999542236328,23.704082489013672,1004100,944.739990234375
2009-06-03,29.190000534057617,29.31999969482422,28.26000022888184,28.670000076293945,23.05278205871582,708700,931.760009765625
2009-06-04,28.809999465942383,29.11000061035156,28.40999984741211,29.059999465942383,23.366369247436523,596300,942.4600219726562
2009-06-05,29.270000457763672,29.489999771118164,28.71999931335449,29.0,23.3181266784668,677900,940.0900268554688
2009-06-08,28.86000061035156,28.86000061035156,27.84000015258789,27.90999984741211,22.441688537597656,1001400,939.1400146484375
2009-06-09,28.1299991607666,28.290000915527344,27.670000076293945,28.040000915527344,22.54621315002441,614000,942.4299926757812
2009-06-10,28.26000022888184,28.479999542236328,27.21999931335449,27.799999237060547,22.35323715209961,500600,939.1500244140625
2009-06-11,27.809999465942383,28.84000015258789,27.76000022888184,28.670000076293945,23.156906127929688,604900,944.8900146484375
2009-06-12,28.34000015258789,28.43000030517578,27.670000076293945,28.100000381469727,22.69650077819824,320200,946.2100219726562
2009-06-15,27.75,27.75,26.540000915527344,26.920000076293945,21.74342155456543,345800,923.719970703125
2009-06-16,27.049999237060547,27.229999542236328,26.1299991607666,26.13999938964844,21.113405227661133,450600,911.969970703125
2009-06-17,26.07999992370605,26.600000381469727,25.450000762939453,26.1299991607666,21.105337142944336,448400,910.7100219726562
2009-06-18,26.07999992370605,26.51000022888184,25.84000015258789,26.36000061035156,21.291099548339844,342300,918.3699951171875
2009-06-19,26.65999984741211,26.959999084472656,26.01000022888184,26.280000686645508,21.226491928100582,346800,921.22998046875
2009-06-22,25.8799991607666,25.899999618530277,24.63999938964844,24.649999618530277,19.909927368164062,576300,893.0399780273438
2009-06-23,24.68000030517578,24.979999542236328,24.36000061035156,24.649999618530277,19.909927368164062,375900,895.0999755859375
2009-06-24,24.93000030517578,25.229999542236328,24.450000762939453,24.600000381469727,19.86954498291016,585300,900.9400024414062
2009-06-25,24.549999237060547,25.280000686645508,24.31999969482422,25.149999618530277,20.313777923583984,595600,920.260009765625
2009-06-26,24.88999938964844,25.440000534057617,24.6200008392334,25.31999969482422,20.45108985900879,1580400,918.9000244140625
2009-06-29,25.309999465942383,25.96999931335449,25.100000381469727,25.84000015258789,20.87109375,471100,927.22998046875
2009-06-30,25.729999542236328,26.059999465942383,25.46999931335449,25.56999969482422,20.65301513671875,720400,919.3200073242188
2009-07-01,25.739999771118164,26.420000076293945,25.65999984741211,25.71999931335449,20.774171829223636,737200,923.3300170898438
2009-07-02,25.290000915527344,25.290000915527344,24.65999984741211,24.81999969482422,20.047239303588867,337300,896.4199829101562
2009-07-06,24.51000022888184,24.920000076293945,24.09000015258789,24.8799991607666,20.09569549560547,422100,898.719970703125
2009-07-07,24.780000686645508,24.84000015258789,23.790000915527344,23.799999237060547,19.223377227783203,526200,881.030029296875
2009-07-08,23.920000076293945,24.059999465942383,23.309999465942383,23.559999465942383,19.029529571533203,610300,879.5599975585938
2009-07-09,23.700000762939453,23.979999542236328,23.38999938964844,23.68000030517578,19.126449584960938,434600,882.6799926757812
2009-07-10,23.38999938964844,24.01000022888184,23.38999938964844,23.75,19.182992935180664,410300,879.1300048828125
2009-07-13,24.01000022888184,24.520000457763672,23.46999931335449,24.40999984741211,19.716083526611328,626600,901.0499877929688
2009-07-14,24.31999969482422,24.56999969482422,24.13999938964844,24.56999969482422,19.845314025878903,384000,905.8400268554688
2009-07-15,24.979999542236328,25.940000534057617,24.979999542236328,25.90999984741211,20.927640914916992,656400,932.6799926757812
2009-07-16,25.809999465942383,26.739999771118164,25.739999771118164,26.57999992370605,21.468793869018555,507500,940.739990234375
2009-07-17,26.56999969482422,26.57999992370605,26.1299991607666,26.209999084472656,21.169944763183597,340700,940.3800048828125
2009-07-20,26.270000457763672,26.770000457763672,26.09000015258789,26.3799991607666,21.307268142700195,578000,951.1300048828125
2009-07-21,26.670000076293945,26.76000022888184,25.68000030517578,26.350000381469727,21.283021926879883,771800,954.5800170898438
2009-07-22,26.049999237060547,27.450000762939453,25.920000076293945,27.190000534057617,21.96150779724121,807700,954.0700073242188
2009-07-23,27.71999931335449,30.6299991607666,27.71999931335449,30.149999618530277,24.352298736572266,1973100,976.2899780273438
2009-07-24,29.920000076293945,30.489999771118164,29.68000030517578,30.399999618530277,24.554229736328125,556600,979.260009765625
2009-07-27,30.21999931335449,30.989999771118164,29.739999771118164,29.920000076293945,24.16653060913086,772000,982.1799926757812
2009-07-28,29.65999984741211,30.11000061035156,29.350000381469727,29.96999931335449,24.2069149017334,562400,979.6199951171875
2009-07-29,29.6299991607666,30.049999237060547,29.520000457763672,29.6299991607666,23.932300567626957,462200,975.1500244140625
2009-07-30,29.8799991607666,30.559999465942383,29.82999992370605,29.989999771118164,24.22307586669922,544400,986.75
2009-07-31,29.920000076293945,30.299999237060547,29.6299991607666,29.709999084472656,23.99691772460937,668100,987.47998046875
2009-08-03,30.020000457763672,30.649999618530277,29.959999084472656,30.649999618530277,24.75615882873535,647900,1002.6300048828125
2009-08-04,30.3700008392334,31.15999984741211,30.290000915527344,30.940000534057617,24.99039459228516,483700,1005.6500244140625
2009-08-05,30.850000381469727,31.299999237060547,30.350000381469727,30.84000015258789,24.909624099731445,422300,1002.719970703125
2009-08-06,31.950000762939453,32.119998931884766,31.46999931335449,31.899999618530277,25.76579093933105,1517600,997.0800170898438
2009-08-07,32.36000061035156,32.47999954223633,31.959999084472656,32.04999923706055,25.886943817138672,648200,1010.47998046875
2009-08-10,31.71999931335449,31.86000061035156,31.270000457763672,31.700000762939453,25.604248046875,396900,1007.0999755859375
2009-08-11,31.6299991607666,31.809999465942383,31.239999771118164,31.649999618530277,25.563867568969727,592100,994.3499755859375
2009-08-12,31.56999969482422,32.72999954223633,31.56999969482422,32.439998626708984,26.201953887939453,901000,1005.8099975585938
2009-08-13,32.58000183105469,32.650001525878906,32.02000045776367,32.25,26.048484802246094,545400,1012.72998046875
2009-08-14,32.130001068115234,32.130001068115234,30.920000076293945,31.59000015258789,25.51540184020996,695100,1004.0900268554688
2009-08-17,30.729999542236328,31.030000686645508,30.299999237060547,30.459999084472656,24.602693557739254,430000,979.72998046875
2009-08-18,30.6200008392334,31.309999465942383,30.5,30.88999938964844,24.94999885559082,341000,989.6699829101562
2009-08-19,30.36000061035156,31.540000915527344,30.1299991607666,30.959999084472656,25.006542205810547,612500,996.4600219726562
2009-08-20,30.86000061035156,31.25,30.799999237060547,31.149999618530277,25.160011291503903,313500,1007.3699951171875
2009-08-21,31.270000457763672,32.2599983215332,31.270000457763672,32.150001525878906,25.967716217041016,704700,1026.1300048828125
2009-08-24,32.34000015258789,32.709999084472656,32.09000015258789,32.41999816894531,26.1857967376709,820400,1025.5699462890625
2009-08-25,32.619998931884766,32.810001373291016,32.18000030517578,32.36000061035156,26.137340545654297,642000,1028.0
2009-08-26,32.209999084472656,32.86000061035156,32.029998779296875,32.33000183105469,26.11309814453125,738900,1028.1199951171875
2009-08-27,32.38999938964844,32.689998626708984,31.559999465942383,32.209999084472656,26.01618003845215,508300,1030.97998046875
2009-08-28,32.36000061035156,32.77000045776367,32.209999084472656,32.41999816894531,26.1857967376709,535300,1028.9300537109375
2009-08-31,31.96999931335449,32.36000061035156,31.850000381469727,32.22999954223633,26.03233337402344,551300,1020.6199951171875
2009-09-01,32.11000061035156,32.75,30.84000015258789,30.920000076293945,24.974239349365234,701900,998.0399780273438
2009-09-02,30.82999992370605,31.700000762939453,30.600000381469727,31.38999938964844,25.35385131835937,534100,994.75
2009-09-03,31.5,31.86000061035156,30.959999084472656,31.82999992370605,25.709259033203125,388900,1003.239990234375
2009-09-04,31.82999992370605,32.33000183105469,31.40999984741211,32.31999969482422,26.10503196716309,334200,1016.4000244140625
2009-09-08,32.72999954223633,33.93000030517578,32.72999954223633,33.349998474121094,26.93696975708008,1188400,1025.3900146484375
2009-09-09,33.400001525878906,34.31999969482422,33.25,34.22999954223633,27.647748947143555,905400,1033.3699951171875
2009-09-10,34.099998474121094,34.220001220703125,33.459999084472656,34.189998626708984,27.615421295166016,725000,1044.1400146484375
2009-09-11,34.2400016784668,34.2599983215332,33.15999984741211,33.779998779296875,27.384389877319336,673400,1042.72998046875
2009-09-14,33.439998626708984,34.18000030517578,33.349998474121094,34.13999938964844,27.67623519897461,462700,1049.3399658203125
2009-09-15,34.02000045776367,34.9900016784668,33.97999954223633,34.720001220703125,28.146425247192383,846600,1052.6300048828125
2009-09-16,34.939998626708984,35.22999954223633,34.52000045776367,35.130001068115234,28.478796005249023,550900,1068.760009765625
2009-09-17,34.95000076293945,35.2400016784668,34.540000915527344,34.619998931884766,28.06535148620605,559400,1065.489990234375
2009-09-18,34.7599983215332,34.959999084472656,34.369998931884766,34.52000045776367,27.984285354614254,601600,1068.300048828125
2009-09-21,34.150001525878906,35.08000183105469,34.029998779296875,34.77000045776367,28.186960220336918,415500,1064.6600341796875
2009-09-22,35.099998474121094,35.099998474121094,34.41999816894531,35.0,28.37339973449707,532400,1071.6600341796875
2009-09-23,35.20000076293945,35.400001525878906,34.290000915527344,34.290000915527344,27.797836303710938,540700,1060.8699951171875
2009-09-24,34.470001220703125,34.65999984741211,33.220001220703125,33.720001220703125,27.335756301879883,443700,1050.780029296875
2009-09-25,33.650001525878906,33.83000183105469,33.02000045776367,33.06999969482422,26.808813095092773,294900,1044.3800048828125
2009-09-28,33.150001525878906,34.41999816894531,33.13999938964844,34.029998779296875,27.58705139160156,447300,1062.97998046875
2009-09-29,34.06999969482422,34.31999969482422,33.790000915527344,34.0099983215332,27.570846557617188,324200,1060.6099853515625
2009-09-30,33.959999084472656,34.90999984741211,33.400001525878906,34.599998474121094,28.04914093017578,1283600,1057.0799560546875
2009-10-01,34.40999984741211,34.439998626708984,32.529998779296875,32.560001373291016,26.395376205444336,870100,1029.8499755859375
2009-10-02,32.04999923706055,32.369998931884766,31.600000381469727,31.76000022888184,25.74684333801269,999200,1025.2099609375
2009-10-05,31.959999084472656,33.04999923706055,31.8799991607666,33.0099983215332,26.760177612304688,814700,1040.4599609375
2009-10-06,33.41999816894531,34.150001525878906,33.150001525878906,33.54999923706055,27.19793510437012,546300,1054.719970703125
2009-10-07,33.5,33.790000915527344,33.04999923706055,33.36000061035156,27.043920516967773,284600,1057.5799560546875
2009-10-08,33.75,33.880001068115234,33.290000915527344,33.5,27.15740966796875,569800,1065.47998046875
2009-10-09,33.33000183105469,33.529998779296875,33.11000061035156,33.400001525878906,27.076339721679688,343500,1071.489990234375
2009-10-12,33.66999816894531,34.13999938964844,33.540000915527344,33.810001373291016,27.408716201782227,295600,1076.18994140625
2009-10-13,33.619998931884766,34.18000030517578,33.279998779296875,33.84000015258789,27.43303871154785,383200,1073.18994140625
2009-10-14,34.439998626708984,35.09000015258789,34.20000076293945,35.0,28.37339973449707,649300,1092.02001953125
2009-10-15,34.70000076293945,35.2599983215332,34.4900016784668,35.189998626708984,28.52744674682617,432900,1096.56005859375
2009-10-16,34.900001525878906,34.900001525878906,34.16999816894531,34.41999816894531,27.903215408325195,568800,1087.6800537109375
2009-10-19,34.58000183105469,35.2400016784668,34.38999938964844,34.810001373291016,28.219379425048828,469100,1097.9100341796875
2009-10-20,34.970001220703125,34.97999954223633,34.029998779296875,34.369998931884766,27.86268615722656,483200,1091.06005859375
2009-10-21,34.150001525878906,35.0,33.849998474121094,33.90999984741211,27.48978042602539,487500,1081.4000244140625
2009-10-22,33.95000076293945,34.54999923706055,33.38999938964844,34.5099983215332,27.976184844970703,556600,1092.9100341796875
2009-10-23,34.59000015258789,34.70000076293945,33.939998626708984,34.560001373291016,28.0167179107666,798200,1079.5999755859375
2009-10-26,34.470001220703125,35.310001373291016,33.34000015258789,33.91999816894531,27.49789810180664,1195800,1066.949951171875
2009-10-27,33.400001525878906,33.95000076293945,32.09000015258789,33.02000045776367,26.768291473388672,1944900,1063.4100341796875
2009-10-28,33.41999816894531,33.91999816894531,31.81999969482422,31.86000061035156,25.827919006347656,1178600,1042.6300048828125
2009-10-29,32.09000015258789,33.38999938964844,32.02000045776367,33.18000030517578,26.89798927307129,753400,1066.1099853515625
2009-10-30,32.90999984741211,33.16999816894531,31.209999084472656,31.57999992370605,25.60092163085937,1234100,1036.18994140625
2009-11-02,31.75,32.310001373291016,31.0,31.700000762939453,25.69820022583008,825900,1042.8800048828125
2009-11-03,31.479999542236328,32.2400016784668,31.100000381469727,32.13999938964844,26.054893493652344,551900,1045.4100341796875
2009-11-04,32.45000076293945,32.630001068115234,31.559999465942383,31.649999618530277,25.65767478942871,688200,1046.5
2009-11-05,31.940000534057617,32.9900016784668,31.86000061035156,32.97999954223633,26.73586082458496,604400,1066.6300048828125
2009-11-06,32.599998474121094,33.7400016784668,32.540000915527344,33.33000183105469,27.019594192504883,600800,1069.300048828125
2009-11-09,33.77000045776367,34.560001373291016,33.66999816894531,34.52000045776367,27.984285354614254,593000,1093.0799560546875
2009-11-10,34.310001373291016,34.970001220703125,34.2400016784668,34.86000061035156,28.259912490844727,764000,1093.010009765625
2009-11-11,35.13999938964844,35.47999954223633,34.790000915527344,35.060001373291016,28.422048568725582,699100,1098.510009765625
2009-11-12,35.06999969482422,35.2599983215332,34.20000076293945,34.27000045776367,27.781625747680664,404500,1087.239990234375
2009-11-13,34.41999816894531,34.630001068115234,34.0,34.470001220703125,27.94375228881836,773100,1093.47998046875
2009-11-16,34.70000076293945,35.31999969482422,34.619998931884766,35.11000061035156,28.46257972717285,469300,1109.300048828125
2009-11-17,35.040000915527344,35.290000915527344,34.560001373291016,34.68000030517578,28.113996505737305,583200,1110.3199462890625
2009-11-18,34.66999816894531,34.77000045776367,34.279998779296875,34.47999954223633,27.951868057250977,296600,1109.800048828125
2009-11-19,34.220001220703125,34.40999984741211,33.5,34.08000183105469,27.62759017944336,537900,1094.9000244140625
2009-11-20,33.77000045776367,34.38999938964844,33.77000045776367,34.099998474121094,27.643802642822266,471300,1091.3800048828125
2009-11-23,34.83000183105469,35.0,34.150001525878906,34.400001525878906,27.88700485229492,491400,1106.239990234375
2009-11-24,34.189998626708984,34.439998626708984,33.77000045776367,34.130001068115234,27.66812515258789,266300,1105.6500244140625
2009-11-25,34.33000183105469,34.709999084472656,34.119998931884766,34.61000061035156,28.057239532470703,304800,1110.6300048828125
2009-11-27,33.099998474121094,34.2599983215332,33.060001373291016,33.84000015258789,27.43303871154785,169800,1091.489990234375
2009-11-30,33.689998626708984,33.97999954223633,33.38999938964844,33.75,27.360069274902344,471300,1095.6300048828125
2009-12-01,34.130001068115234,34.61000061035156,34.06999969482422,34.209999084472656,27.732988357543945,433500,1108.8599853515625
2009-12-02,34.27000045776367,35.15999984741211,34.18000030517578,35.04999923706055,28.41394424438477,512500,1109.239990234375
2009-12-03,35.290000915527344,35.290000915527344,33.7400016784668,33.7599983215332,27.36818122863769,727400,1099.9200439453125
2009-12-04,34.349998474121094,34.7599983215332,33.380001068115234,34.09000015258789,27.635704040527344,1127500,1105.97998046875
2009-12-07,34.099998474121094,35.2400016784668,34.0,35.209999084472656,28.543649673461918,972500,1103.25
2009-12-08,34.900001525878906,35.4900016784668,34.83000183105469,35.11000061035156,28.46257972717285,911200,1091.93994140625
2009-12-09,34.9900016784668,35.349998474121094,34.470001220703125,35.310001373291016,28.624717712402344,944600,1095.949951171875
2009-12-10,35.75,36.369998931884766,35.65999984741211,35.970001220703125,29.15976333618164,932200,1102.3499755859375
2009-12-11,36.060001373291016,36.25,35.349998474121094,36.09999847412109,29.367191314697266,386900,1106.4100341796875
2009-12-14,36.400001525878906,36.720001220703125,35.79999923706055,36.63999938964844,29.806489944458008,362900,1114.1099853515625
2009-12-15,36.310001373291016,36.900001525878906,36.20000076293945,36.43999862670898,29.64379119873047,401100,1107.9300537109375
2009-12-16,36.54999923706055,36.97999954223633,36.29999923706055,36.33000183105469,29.5543212890625,512300,1109.1800537109375
2009-12-17,35.88999938964844,36.15999984741211,35.43000030517578,35.5,28.87909698486328,644200,1096.0799560546875
2009-12-18,35.61000061035156,35.91999816894531,35.13999938964844,35.63999938964844,28.992992401123047,773000,1102.469970703125
2009-12-21,36.040000915527344,36.560001373291016,35.61000061035156,35.7599983215332,29.090614318847656,581300,1114.050048828125
2009-12-22,35.95000076293945,36.20000076293945,35.720001220703125,35.90999984741211,29.212646484375,580500,1118.02001953125
2009-12-23,36.08000183105469,36.79999923706055,35.68000030517578,36.75,29.89597511291504,295100,1120.5899658203125
2009-12-24,36.91999816894531,37.25,36.81999969482422,37.2400016784668,30.294580459594727,109600,1126.47998046875
2009-12-28,37.29999923706055,37.619998931884766,36.97999954223633,37.27000045776367,30.318986892700195,306000,1127.780029296875
2009-12-29,37.41999816894531,37.41999816894531,37.02999877929688,37.18000030517578,30.245779037475582,210500,1126.199951171875
2009-12-30,36.900001525878906,37.45000076293945,36.88999938964844,37.02999877929688,30.123762130737305,180800,1126.4200439453125
2009-12-31,37.060001373291016,37.18000030517578,36.369998931884766,36.369998931884766,29.58684730529785,297500,1115.0999755859375
2010-01-04,36.90999984741211,38.2400016784668,36.900001525878906,38.09000015258789,30.98606300354004,712900,1132.989990234375
2010-01-05,38.70000076293945,38.70000076293945,37.59999847412109,38.02000045776367,30.92911148071289,398900,1136.52001953125
2010-01-06,37.959999084472656,38.47999954223633,37.88999938964844,38.09000015258789,30.98606300354004,717200,1137.1400146484375
2010-01-07,38.02999877929688,38.16999816894531,37.79999923706055,37.81999969482422,30.76640510559082,603700,1141.68994140625
2010-01-08,37.65999984741211,38.56999969482422,37.65999984741211,38.38999938964844,31.230100631713867,759000,1144.97998046875
2010-01-11,38.63999938964844,38.790000915527344,37.86000061035156,38.220001220703125,31.091806411743164,763000,1146.97998046875
2010-01-12,37.88999938964844,38.040000915527344,37.400001525878906,37.68999862670898,30.660663604736328,323400,1136.219970703125
2010-01-13,37.900001525878906,38.11000061035156,37.4900016784668,38.06999969482422,30.96978759765625,330500,1145.6800537109375
2010-01-14,38.0099983215332,38.290000915527344,37.709999084472656,37.91999816894531,30.84776306152344,221100,1148.4599609375
2010-01-15,38.79999923706055,38.88999938964844,37.63999938964844,37.88999938964844,30.82335090637207,450400,1136.030029296875
2010-01-19,37.970001220703125,38.369998931884766,37.88999938964844,38.369998931884766,31.213842391967773,474100,1150.22998046875
2010-01-20,37.90999984741211,38.08000183105469,37.59000015258789,37.959999084472656,30.880311965942383,360900,1138.0400390625
2010-01-21,37.88999938964844,38.290000915527344,37.119998931884766,37.119998931884766,30.196971893310547,624700,1116.47998046875
2010-01-22,37.0,37.290000915527344,35.970001220703125,36.09000015258789,29.359073638916016,607800,1091.760009765625
2010-01-25,36.630001068115234,37.09999847412109,36.400001525878906,36.5,29.69259452819824,831500,1096.780029296875
2010-01-26,37.11000061035156,38.77999877929688,37.08000183105469,37.369998931884766,30.400339126586918,1156200,1092.1700439453125
2010-01-27,37.2599983215332,37.619998931884766,36.54999923706055,36.86000061035156,29.98545455932617,669000,1097.5
2010-01-28,36.95000076293945,37.040000915527344,36.0099983215332,36.43999862670898,29.64379119873047,545300,1084.530029296875
2010-01-29,36.560001373291016,36.869998931884766,35.720001220703125,35.720001220703125,29.058074951171875,852200,1073.8699951171875
2010-02-01,35.95000076293945,36.34999847412109,35.79999923706055,36.25,29.48922348022461,1012700,1089.18994140625
2010-02-02,36.380001068115234,37.119998931884766,35.9900016784668,36.900001525878906,30.01800346374512,951800,1103.3199462890625
2010-02-03,36.77999877929688,37.29999923706055,36.54999923706055,36.630001068115234,29.798355102539062,704100,1097.280029296875
2010-02-04,36.220001220703125,36.47999954223633,35.38999938964844,35.38999938964844,28.789609909057617,486000,1063.1099853515625
2010-02-05,35.47999954223633,35.68000030517578,34.4900016784668,35.15999984741211,28.602514266967773,759400,1066.18994140625
2010-02-08,35.20000076293945,35.29999923706055,34.560001373291016,34.86000061035156,28.35846710205078,682600,1056.739990234375
2010-02-09,35.58000183105469,35.650001525878906,34.93000030517578,35.31999969482422,28.7326717376709,440500,1070.52001953125
2010-02-10,35.11000061035156,35.529998779296875,34.59000015258789,35.380001068115234,28.78148078918457,417500,1068.1300048828125
2010-02-11,35.29999923706055,35.959999084472656,34.959999084472656,35.869998931884766,29.180103302001957,407100,1078.469970703125
2010-02-12,35.40999984741211,36.650001525878906,35.31999969482422,36.59999847412109,29.773944854736328,788700,1075.510009765625
2010-02-16,36.91999816894531,37.709999084472656,36.77000045776367,37.709999084472656,30.67692375183105,633600,1094.8699951171875
2010-02-17,37.880001068115234,38.040000915527344,37.52000045776367,37.77000045776367,30.725738525390625,946500,1099.510009765625
2010-02-18,37.77000045776367,38.11000061035156,37.7599983215332,37.869998931884766,30.807092666625977,708300,1106.75
2010-02-19,37.84000015258789,38.290000915527344,37.70000076293945,38.130001068115234,31.018611907958984,462500,1109.1700439453125
2010-02-22,38.34000015258789,38.34000015258789,37.81999969482422,38.13999938964844,31.026729583740234,285400,1108.010009765625
2010-02-23,37.91999816894531,38.20000076293945,36.7400016784668,36.970001220703125,30.074939727783203,710900,1094.5999755859375
2010-02-24,37.040000915527344,37.36000061035156,36.65999984741211,36.880001068115234,30.0017204284668,734400,1105.239990234375
2010-02-25,36.43000030517578,37.08000183105469,36.11000061035156,36.90999984741211,30.026138305664062,648700,1102.93994140625
2010-02-26,37.04999923706055,37.52999877929688,36.66999816894531,37.4900016784668,30.49795913696289,632600,1104.489990234375
2010-03-01,37.560001373291016,39.459999084472656,37.560001373291016,39.43999862670898,32.08427810668945,1212000,1115.7099609375
2010-03-02,39.86000061035156,40.86000061035156,39.84999847412109,40.33000183105469,32.808292388916016,1359800,1118.31005859375
2010-03-03,40.290000915527344,40.630001068115234,40.09000015258789,40.34999847412109,32.82454299926758,597800,1118.7900390625
2010-03-04,40.31999969482422,40.7400016784668,40.08000183105469,40.290000915527344,32.775753021240234,338200,1122.969970703125
2010-03-05,40.52000045776367,41.43999862670898,40.34000015258789,41.16999816894531,33.49163055419922,565400,1138.699951171875
2010-03-08,41.08000183105469,41.77000045776367,41.08000183105469,41.25,33.55670547485352,466500,1138.5
2010-03-09,41.0,41.290000915527344,40.59999847412109,41.0,33.35331726074219,360000,1140.449951171875
2010-03-10,40.90999984741211,41.4900016784668,40.70000076293945,41.33000183105469,33.62178039550781,358300,1145.6099853515625
2010-03-11,40.90999984741211,41.400001525878906,40.459999084472656,41.400001525878906,33.793190002441406,359300,1150.239990234375
2010-03-12,41.65999984741211,42.09000015258789,41.65999984741211,41.93999862670898,34.233978271484375,863300,1149.989990234375
2010-03-15,41.84999847412109,42.41999816894531,41.75,42.20000076293945,34.44621276855469,760200,1150.510009765625
2010-03-16,42.40999984741211,42.720001220703125,42.29999923706055,42.59999847412109,34.7727165222168,924800,1159.4599609375
2010-03-17,42.77999877929688,43.0,42.66999816894531,42.83000183105469,34.9604606628418,485600,1166.2099609375
2010-03-18,42.70000076293945,43.0,42.459999084472656,42.84999847412109,34.97677230834961,331500,1165.8299560546875
2010-03-19,42.2400016784668,43.11000061035156,42.16999816894531,42.2400016784668,34.47886657714844,646200,1159.9000244140625
2010-03-22,41.970001220703125,43.20000076293945,41.79999923706055,43.04999923706055,35.140037536621094,431000,1165.81005859375
2010-03-23,43.16999816894531,43.380001068115234,42.65999984741211,43.20000076293945,35.26247787475586,420400,1174.1700439453125
2010-03-24,43.040000915527344,43.119998931884766,42.400001525878906,42.5099983215332,34.69925308227539,428700,1167.719970703125
2010-03-25,42.93000030517578,43.13999938964844,41.79999923706055,41.83000183105469,34.144195556640625,455100,1165.72998046875
2010-03-26,41.869998931884766,42.2400016784668,41.0099983215332,41.470001220703125,33.850337982177734,869000,1166.5899658203125
2010-03-29,41.709999084472656,42.59999847412109,41.709999084472656,42.150001525878906,34.4054069519043,745500,1173.219970703125
2010-03-30,42.290000915527344,42.650001525878906,41.93999862670898,42.52999877929688,34.715576171875,427900,1173.27001953125
2010-03-31,42.400001525878906,43.79999923706055,42.380001068115234,42.630001068115234,34.797203063964844,993700,1169.4300537109375
2010-04-01,43.15999984741211,43.43999862670898,42.459999084472656,42.869998931884766,34.993106842041016,571400,1178.0999755859375
2010-04-05,42.93000030517578,43.2400016784668,42.77999877929688,43.15999984741211,35.229820251464844,467300,1187.43994140625
2010-04-06,43.0099983215332,43.66999816894531,42.77999877929688,43.619998931884766,35.60530471801758,638000,1189.43994140625
2010-04-07,43.650001525878906,44.04999923706055,43.369998931884766,43.61000061035156,35.59711837768555,540300,1182.449951171875
2010-04-08,43.369998931884766,43.70000076293945,42.900001525878906,43.68000030517578,35.65427780151367,311600,1186.43994140625
2010-04-09,43.7599983215332,44.310001373291016,43.43999862670898,44.310001373291016,36.16851806640625,333100,1194.3699951171875
2010-04-12,44.369998931884766,44.5,43.310001373291016,43.5099983215332,35.5155143737793,454300,1196.47998046875
2010-04-13,43.369998931884766,43.380001068115234,42.93000030517578,43.13999938964844,35.213497161865234,614200,1197.300048828125
2010-04-14,43.43999862670898,44.61000061035156,43.34000015258789,44.52000045776367,36.33993148803711,674800,1210.6500244140625
2010-04-15,44.38999938964844,44.75,44.18000030517578,44.5099983215332,36.33177185058594,487600,1211.6700439453125
2010-04-16,44.38999938964844,44.86000061035156,43.81999969482422,43.900001525878906,35.83384704589844,657600,1192.1300048828125
2010-04-19,43.630001068115234,43.86000061035156,42.880001068115234,43.72999954223633,35.69508743286133,451100,1197.52001953125
2010-04-20,44.13999938964844,44.27999877929688,43.75,44.20000076293945,36.0787239074707,368300,1207.1700439453125
2010-04-21,44.34999847412109,44.400001525878906,43.7400016784668,43.81999969482422,35.768558502197266,778700,1205.93994140625
2010-04-22,43.4900016784668,44.13999938964844,43.43000030517578,43.91999816894531,35.85016250610352,1313800,1208.6700439453125
2010-04-23,44.11000061035156,44.77000045776367,43.38999938964844,44.65999984741211,36.4542121887207,1208000,1217.280029296875
2010-04-26,44.54999923706055,45.31999969482422,44.43000030517578,44.790000915527344,36.56032943725586,721200,1212.050048828125
2010-04-27,44.68999862670898,45.540000915527344,44.0,44.25,36.11952972412109,1851700,1183.7099609375
2010-04-28,44.720001220703125,45.68999862670898,44.11000061035156,45.2400016784668,36.92763519287109,1314600,1191.3599853515625
2010-04-29,45.77999877929688,46.75,45.59999847412109,46.4900016784668,37.947975158691406,867100,1206.780029296875
2010-04-30,46.56999969482422,46.970001220703125,45.56999969482422,45.65999984741211,37.27046203613281,891400,1186.68994140625
2010-05-03,46.0,46.34000015258789,45.56999969482422,46.0,37.54800415039063,1112800,1202.260009765625
2010-05-04,45.33000183105469,45.45000076293945,43.9900016784668,44.43000030517578,36.266483306884766,1219500,1173.5999755859375
2010-05-05,43.97999954223633,44.060001373291016,42.970001220703125,43.130001068115234,35.205322265625,1010400,1165.8699951171875
2010-05-06,42.84000015258789,43.560001373291016,38.47999954223633,40.790000915527344,33.295284271240234,2202500,1128.1500244140625
2010-05-07,40.43000030517578,40.43000030517578,38.310001373291016,39.22999954223633,32.02191925048828,2738400,1110.8800048828125
2010-05-10,41.119998931884766,43.630001068115234,41.119998931884766,42.650001525878906,34.813533782958984,1386500,1159.72998046875
2010-05-11,42.08000183105469,43.02000045776367,41.61000061035156,42.2599983215332,34.49517822265625,1140300,1155.7900390625
2010-05-12,42.470001220703125,43.52000045776367,42.470001220703125,43.470001220703125,35.48286819458008,797600,1171.6700439453125
2010-05-13,43.130001068115234,43.66999816894531,42.91999816894531,43.119998931884766,35.19717025756836,517400,1157.43994140625
2010-05-14,42.70000076293945,42.72999954223633,41.61000061035156,41.9900016784668,34.2747917175293,969200,1135.6800537109375
2010-05-17,42.13999938964844,42.38999938964844,40.369998931884766,41.709999084472656,34.04623794555664,1014400,1136.93994140625
2010-05-18,42.38999938964844,42.63999938964844,41.68999862670898,41.970001220703125,34.25847244262695,1732600,1120.800048828125
2010-05-19,41.84000015258789,42.11000061035156,40.900001525878906,41.56999969482422,33.931968688964844,1703000,1115.050048828125
2010-05-20,40.0099983215332,41.15999984741211,39.63999938964844,39.91999816894531,32.585140228271484,2919400,1071.5899658203125
2010-05-21,39.09000015258789,40.880001068115234,38.77999877929688,40.81999969482422,33.31975555419922,1308300,1087.68994140625
2010-05-24,40.52000045776367,41.33000183105469,40.45000076293945,40.52999877929688,33.08305740356445,866400,1073.6500244140625
2010-05-25,39.18000030517578,40.54999923706055,38.209999084472656,40.43000030517578,33.00141906738281,1825600,1074.030029296875
2010-05-26,40.75,42.209999084472656,40.709999084472656,41.45000076293945,33.83400344848633,1408900,1067.949951171875
2010-05-27,42.47999954223633,43.27000045776367,41.93999862670898,43.27000045776367,35.31959915161133,616600,1103.06005859375
2010-05-28,43.2599983215332,43.709999084472656,42.79999923706055,43.060001373291016,35.1481819152832,1083900,1089.4100341796875
2010-06-01,42.75,43.09000015258789,41.540000915527344,41.540000915527344,33.90748977661133,650900,1070.7099609375
2010-06-02,42.400001525878906,42.84999847412109,41.29999923706055,42.84999847412109,34.97677230834961,603400,1098.3800048828125
2010-06-03,42.9900016784668,43.13999938964844,42.41999816894531,43.0,35.09920883178711,606900,1102.8299560546875
2010-06-04,40.58000183105469,42.70000076293945,40.18999862670898,41.04999923706055,33.50751495361328,1510700,1064.8800048828125
2010-06-07,41.09000015258789,41.310001373291016,39.72999954223633,39.869998931884766,32.5443229675293,1504500,1050.469970703125
2010-06-08,39.63999938964844,40.18000030517578,38.66999816894531,39.33000183105469,32.1035270690918,2074300,1062.0
2010-06-09,39.75,40.95000076293945,39.5099983215332,39.880001068115234,32.5524787902832,1193600,1055.68994140625
2010-06-10,40.86000061035156,42.02999877929688,40.83000183105469,41.83000183105469,34.144195556640625,1064800,1086.8399658203125
2010-06-11,41.119998931884766,42.2599983215332,41.119998931884766,42.16999816894531,34.53730392456055,620500,1091.5999755859375
2010-06-14,42.59000015258789,43.130001068115234,41.880001068115234,42.040000915527344,34.43085479736328,872800,1089.6300048828125
2010-06-15,42.34999847412109,43.22999954223633,42.310001373291016,43.220001220703125,35.397254943847656,631800,1115.22998046875
2010-06-16,42.81999969482422,43.310001373291016,42.68999862670898,42.86000061035156,35.102420806884766,563200,1114.6099853515625
2010-06-17,43.209999084472656,43.25,42.18999862670898,42.540000915527344,34.8403434753418,918200,1116.0400390625
2010-06-18,42.560001373291016,42.93999862670898,42.290000915527344,42.72999954223633,34.99596405029297,899200,1117.510009765625
2010-06-21,43.400001525878906,44.09999847412109,42.619998931884766,42.970001220703125,35.1925163269043,648400,1113.199951171875
2010-06-22,42.93999862670898,43.04999923706055,41.61000061035156,41.65999984741211,34.11961364746094,961600,1095.31005859375
2010-06-23,41.65999984741211,41.880001068115234,40.7599983215332,41.40999984741211,33.91487121582031,946500,1092.0400390625
2010-06-24,41.11000061035156,41.45000076293945,40.369998931884766,40.52000045776367,33.18596267700195,677100,1073.68994140625
2010-06-25,40.63999938964844,41.52000045776367,40.27999877929688,40.56999969482422,33.22690963745117,2780000,1076.760009765625
2010-06-28,40.900001525878906,41.79999923706055,40.59999847412109,41.15999984741211,33.710113525390625,1281300,1074.5699462890625
2010-06-29,40.29999923706055,40.54999923706055,39.7599983215332,40.0,32.76007461547852,1317800,1041.239990234375
2010-06-30,40.0099983215332,41.09999847412109,39.59999847412109,39.709999084472656,32.52257537841797,735600,1030.7099609375
2010-07-01,39.630001068115234,40.02999877929688,38.470001220703125,39.58000183105469,32.41610336303711,820400,1027.3699951171875
2010-07-02,39.91999816894531,39.959999084472656,38.84000015258789,39.20000076293945,32.10488510131836,580000,1022.5800170898438
2010-07-06,39.959999084472656,40.34000015258789,38.7400016784668,39.09999847412109,32.02298355102539,753000,1028.06005859375
2010-07-07,39.25,40.869998931884766,39.25,40.869998931884766,33.472599029541016,1024200,1060.27001953125
2010-07-08,41.290000915527344,41.72999954223633,40.93000030517578,41.459999084472656,33.955810546875,488100,1070.25
2010-07-09,41.5,41.83000183105469,41.18999862670898,41.52999877929688,34.013153076171875,736400,1077.9599609375
2010-07-12,41.27000045776367,41.43000030517578,40.369998931884766,40.7400016784668,33.36612701416016,801600,1078.75
2010-07-13,41.29999923706055,42.43000030517578,41.060001373291016,42.25,34.60282516479492,491400,1095.3399658203125
2010-07-14,41.97999954223633,41.9900016784668,41.380001068115234,41.790000915527344,34.226097106933594,1054200,1095.1700439453125
2010-07-15,41.70000076293945,42.16999816894531,40.93999862670898,41.93999862670898,34.348934173583984,666400,1096.47998046875
2010-07-16,41.66999816894531,41.66999816894531,40.11000061035156,40.310001373291016,33.01398086547852,737400,1064.8800048828125
2010-07-19,40.56999969482422,40.77999877929688,39.84999847412109,40.77000045776367,33.39070510864258,438500,1071.25
2010-07-20,40.06999969482422,41.70000076293945,39.84999847412109,41.650001525878906,34.11142349243164,599600,1083.47998046875
2010-07-21,42.13999938964844,42.61000061035156,41.13999938964844,41.29999923706055,33.82477951049805,715300,1069.5899658203125
2010-07-22,42.20000076293945,43.31999969482422,42.06999969482422,43.2599983215332,35.43002700805664,1048800,1093.6700439453125
2010-07-23,43.18999862670898,44.34000015258789,43.119998931884766,44.220001220703125,36.21626663208008,566500,1102.6600341796875
2010-07-26,44.5,45.95000076293945,44.18000030517578,45.25,37.05984878540039,1141500,1115.010009765625
2010-07-27,45.7400016784668,46.310001373291016,43.130001068115234,44.5,36.445579528808594,1567000,1113.8399658203125
2010-07-28,44.54999923706055,44.54999923706055,42.959999084472656,43.29999923706055,35.4627799987793,1588900,1106.1300048828125
2010-07-29,43.869998931884766,44.04999923706055,42.86000061035156,43.400001525878906,35.544677734375,874100,1101.530029296875
2010-07-30,42.7400016784668,43.970001220703125,42.72999954223633,43.619998931884766,35.72487258911133,728500,1101.5999755859375
2010-08-02,44.459999084472656,45.040000915527344,44.25,44.650001525878906,36.56844329833984,470200,1125.8599853515625
2010-08-03,44.34000015258789,44.63999938964844,43.75,44.290000915527344,36.27359008789063,567500,1120.4599609375
2010-08-04,44.38999938964844,45.38999938964844,44.18000030517578,45.38999938964844,37.17449569702149,616600,1127.239990234375
2010-08-05,45.08000183105469,45.58000183105469,45.0,45.27000045776367,37.07620620727539,356800,1125.81005859375
2010-08-06,44.72999954223633,45.630001068115234,44.560001373291016,45.40999984741211,37.19088745117188,740800,1121.6400146484375
2010-08-09,45.66999816894531,45.95000076293945,45.31999969482422,45.869998931884766,37.567626953125,452300,1127.7900390625
2010-08-10,45.11000061035156,45.310001373291016,44.43000030517578,44.9900016784668,36.84689331054688,694700,1121.06005859375
2010-08-11,43.790000915527344,43.93000030517578,42.97999954223633,43.27999877929688,35.446407318115234,577500,1089.469970703125
2010-08-12,42.34000015258789,42.810001373291016,41.91999816894531,42.15999984741211,34.52912521362305,1178700,1083.6099853515625
2010-08-13,41.7400016784668,42.400001525878906,41.650001525878906,41.72999954223633,34.17695617675781,1103400,1079.25
2010-08-16,41.470001220703125,42.119998931884766,41.310001373291016,41.810001373291016,34.24247741699219,1067400,1079.3800048828125
2010-08-17,42.29999923706055,43.43999862670898,42.290000915527344,42.86000061035156,35.102420806884766,864700,1092.5400390625
2010-08-18,42.86000061035156,43.09999847412109,42.52000045776367,42.93000030517578,35.159751892089844,684200,1094.1600341796875
2010-08-19,42.560001373291016,42.68000030517578,41.52999877929688,41.869998931884766,34.2916145324707,476800,1075.6300048828125
2010-08-20,41.56999969482422,41.720001220703125,40.720001220703125,41.22999954223633,33.76744842529297,1034000,1071.68994140625
2010-08-23,41.43999862670898,41.66999816894531,40.68999862670898,40.810001373291016,33.423465728759766,499400,1067.3599853515625
2010-08-24,40.29999923706055,40.40999984741211,39.81999969482422,40.02999877929688,32.78465270996094,677800,1051.8699951171875
2010-08-25,39.61000061035156,40.04999923706055,39.0099983215332,39.91999816894531,32.69456481933594,1039400,1055.3299560546875
2010-08-26,40.119998931884766,40.4900016784668,39.63999938964844,39.68999862670898,32.506195068359375,891600,1047.219970703125
2010-08-27,40.16999816894531,40.650001525878906,38.75,40.63999938964844,33.28424072265625,1098700,1064.5899658203125
2010-08-30,40.40999984741211,40.56999969482422,39.88999938964844,39.88999938964844,32.66999435424805,540000,1048.9200439453125
2010-08-31,39.720001220703125,40.4900016784668,39.34000015258789,40.09000015258789,32.83378982543945,796500,1049.3299560546875
2010-09-01,40.93999862670898,42.09000015258789,40.59999847412109,41.93999862670898,34.348934173583984,735100,1080.2900390625
2010-09-02,41.81999969482422,42.470001220703125,41.709999084472656,42.38999938964844,34.717491149902344,469500,1090.0999755859375
2010-09-03,43.0,43.58000183105469,43.0,43.31999969482422,35.47916030883789,523100,1104.510009765625
2010-09-07,43.040000915527344,43.31999969482422,42.2599983215332,42.34999847412109,34.68473434448242,568700,1091.8399658203125
2010-09-08,42.4900016784668,42.84999847412109,42.400001525878906,42.459999084472656,34.77482986450195,456400,1098.8699951171875
2010-09-09,43.040000915527344,43.04999923706055,41.63999938964844,41.65999984741211,34.11961364746094,722400,1104.1800537109375
2010-09-10,41.720001220703125,41.84999847412109,40.9900016784668,41.040000915527344,33.61184310913086,926900,1109.550048828125
2010-09-13,41.470001220703125,42.2599983215332,41.369998931884766,42.130001068115234,34.6226692199707,874600,1121.9000244140625
2010-09-14,41.9900016784668,42.650001525878906,41.77000045776367,42.31999969482422,34.77878952026367,710500,1121.0999755859375
2010-09-15,42.31999969482422,43.34999847412109,42.20000076293945,43.25,35.543087005615234,715200,1125.0699462890625
2010-09-16,43.33000183105469,43.38999938964844,43.02000045776367,43.150001525878906,35.46088790893555,859200,1124.6600341796875
2010-09-17,43.36000061035156,43.59999847412109,43.0,43.380001068115234,35.64990997314453,823600,1125.5899658203125
2010-09-20,43.630001068115234,44.2400016784668,42.97999954223633,44.18000030517578,36.30734634399414,636000,1142.7099609375
2010-09-21,44.150001525878906,44.34000015258789,43.709999084472656,43.959999084472656,36.12655258178711,496300,1139.780029296875
2010-09-22,43.880001068115234,44.20000076293945,43.560001373291016,43.630001068115234,35.85537338256836,488900,1134.280029296875
2010-09-23,43.119998931884766,44.2599983215332,42.959999084472656,43.290000915527344,35.575950622558594,678600,1124.8299560546875
2010-09-24,44.0,44.58000183105469,43.88999938964844,44.54999923706055,36.61142349243164,853000,1148.6700439453125
2010-09-27,44.5,45.22999954223633,44.5,44.84000015258789,36.84974670410156,533800,1142.1600341796875
2010-09-28,44.86000061035156,45.41999816894531,44.31999969482422,45.33000183105469,37.252437591552734,616000,1147.699951171875
2010-09-29,45.04999923706055,46.34000015258789,45.0099983215332,46.130001068115234,37.90987777709961,1552800,1144.72998046875
2010-09-30,46.4900016784668,47.150001525878906,46.18999862670898,46.810001373291016,38.46870803833008,2219400,1141.199951171875
2010-10-01,47.18000030517578,47.34999847412109,46.5,47.2599983215332,38.83851623535156,1432400,1146.239990234375
2010-10-04,47.130001068115234,47.29999923706055,46.15999984741211,46.70000076293945,38.37831115722656,682000,1137.030029296875
2010-10-05,47.400001525878906,48.27999877929688,47.060001373291016,48.13999938964844,39.56170654296875,945700,1160.75
2010-10-06,48.06999969482422,48.18000030517578,47.2599983215332,47.91999816894531,39.38088607788086,716100,1159.969970703125
2010-10-07,48.2599983215332,48.709999084472656,47.61000061035156,47.75,39.241207122802734,1300100,1158.06005859375
2010-10-08,47.84000015258789,48.09000015258789,47.66999816894531,47.810001373291016,39.290523529052734,958800,1165.1500244140625
2010-10-11,47.84000015258789,48.59999847412109,47.84000015258789,48.040000915527344,39.47953796386719,694600,1165.3199462890625
2010-10-12,47.86000061035156,48.18999862670898,47.34000015258789,48.02000045776367,39.46310424804688,408600,1169.77001953125
2010-10-13,48.34000015258789,48.93000030517578,48.310001373291016,48.81999969482422,40.12053680419922,684800,1178.0999755859375
2010-10-14,48.7400016784668,48.84999847412109,48.20000076293945,48.52000045776367,39.87399291992188,291200,1173.81005859375
2010-10-15,48.91999816894531,49.27000045776367,47.93999862670898,48.4900016784668,39.84933853149414,279500,1176.18994140625
2010-10-18,48.65999984741211,48.88999938964844,48.130001068115234,48.380001068115234,39.75894546508789,686000,1184.7099609375
2010-10-19,47.630001068115234,48.20000076293945,47.02000045776367,47.34999847412109,38.912479400634766,568300,1165.9000244140625
2010-10-20,47.40999984741211,48.720001220703125,47.34999847412109,48.36000061035156,39.74250411987305,565400,1178.1700439453125
2010-10-21,48.66999816894531,49.34999847412109,48.06999969482422,48.68000030517578,40.00548553466797,620800,1180.260009765625
2010-10-22,49.630001068115234,51.150001525878906,48.83000183105469,49.02000045776367,40.2849006652832,1576600,1183.0799560546875
2010-10-25,49.650001525878906,50.86000061035156,49.540000915527344,50.06999969482422,41.147796630859375,839800,1185.6199951171875
2010-10-26,49.52999877929688,50.68999862670898,49.43000030517578,50.16999816894531,41.22998046875,576200,1185.6400146484375
2010-10-27,49.81999969482422,49.88999938964844,49.06999969482422,49.84000015258789,40.958778381347656,612000,1182.449951171875
2010-10-28,50.119998931884766,50.29999923706055,49.310001373291016,49.470001220703125,40.65470504760742,620400,1183.780029296875
2010-10-29,49.27000045776367,50.2599983215332,49.18999862670898,50.130001068115234,41.19709777832031,462700,1183.260009765625
2010-11-01,50.59000015258789,50.86000061035156,49.88999938964844,50.18999862670898,41.24640655517578,372100,1184.3800048828125
2010-11-02,50.83000183105469,51.15999984741211,50.619998931884766,50.75,41.70661926269531,477800,1193.5699462890625
2010-11-03,50.70000076293945,51.06999969482422,50.45000076293945,50.9900016784668,41.90385437011719,770300,1197.9599609375
2010-11-04,51.630001068115234,52.93999862670898,51.5099983215332,52.77999877929688,43.37488555908203,1243700,1221.06005859375
2010-11-05,52.95000076293945,53.220001220703125,52.40999984741211,53.09999847412109,43.63785934448242,880200,1225.8499755859375
2010-11-08,52.93999862670898,53.22999954223633,52.56999969482422,52.880001068115234,43.45707321166992,350300,1223.25
2010-11-09,53.06999969482422,53.54999923706055,52.27999877929688,52.5,43.144779205322266,709600,1213.4000244140625
2010-11-10,52.52999877929688,53.22999954223633,52.02000045776367,53.0,43.55569076538086,508800,1218.7099609375
2010-11-11,52.43999862670898,53.08000183105469,52.40999984741211,52.959999084472656,43.5228271484375,535600,1213.5400390625
2010-11-12,52.5099983215332,52.84000015258789,51.7400016784668,51.959999084472656,42.70100784301758,263900,1199.2099609375
2010-11-15,52.18999862670898,52.88999938964844,52.02999877929688,52.13999938964844,42.84892272949219,363100,1197.75
2010-11-16,51.58000183105469,51.58000183105469,50.31999969482422,51.18000030517578,42.060001373291016,804200,1178.3399658203125
2010-11-17,51.22999954223633,51.72999954223633,50.790000915527344,51.2400016784668,42.10932540893555,331800,1178.5899658203125
2010-11-18,52.11000061035156,53.83000183105469,52.02999877929688,52.79999923706055,43.39131546020508,652500,1196.68994140625
2010-11-19,52.65999984741211,53.540000915527344,52.41999816894531,53.47999954223633,43.95014572143555,289000,1199.72998046875
2010-11-22,53.06999969482422,53.9900016784668,52.75,53.93000030517578,44.3199577331543,440800,1197.8399658203125
2010-11-23,53.16999816894531,53.38999938964844,52.77999877929688,52.900001525878906,43.4734992980957,566000,1180.72998046875
2010-11-24,53.380001068115234,54.56999969482422,53.36000061035156,54.54999923706055,44.82948303222656,455400,1198.3499755859375
2010-11-26,54.09000015258789,54.43000030517578,53.790000915527344,54.11000061035156,44.46788787841797,113100,1189.4000244140625
2010-11-29,53.65999984741211,54.540000915527344,52.970001220703125,54.29999923706055,44.6240234375,522700,1187.760009765625
2010-11-30,53.66999816894531,54.459999084472656,53.58000183105469,54.09000015258789,44.451446533203125,791900,1180.550048828125
2010-12-01,55.02000045776367,55.4900016784668,54.84999847412109,55.369998931884766,45.50336456298828,692300,1206.0699462890625
2010-12-02,55.369998931884766,55.43000030517578,54.34999847412109,55.0,45.19929122924805,957400,1221.530029296875
2010-12-03,54.83000183105469,55.43999862670898,54.47999954223633,55.22999954223633,45.388309478759766,709600,1224.7099609375
2010-12-06,55.209999084472656,55.630001068115234,54.95000076293945,55.36000061035156,45.495147705078125,296200,1223.1199951171875
2010-12-07,54.900001525878906,56.130001068115234,54.900001525878906,55.56999969482422,45.66771697998047,437700,1223.75
2010-12-08,55.70000076293945,55.7400016784668,54.09000015258789,54.41999816894531,44.7226448059082,1319600,1228.280029296875
2010-12-09,54.81999969482422,55.11000061035156,54.34999847412109,55.06999969482422,45.25680541992188,472400,1233.0
2010-12-10,55.27000045776367,55.540000915527344,55.08000183105469,55.38999938964844,45.51980209350586,387800,1240.4000244140625
2010-12-13,55.4900016784668,55.810001373291016,54.91999816894531,55.04999923706055,45.355010986328125,390900,1240.4599609375
2010-12-14,55.2400016784668,56.060001373291016,55.16999816894531,55.63999938964844,45.84111785888672,486500,1241.5899658203125
2010-12-15,55.34999847412109,56.630001068115234,54.7400016784668,54.810001373291016,45.15728378295898,1106800,1235.22998046875
2010-12-16,54.869998931884766,56.040000915527344,54.34999847412109,55.459999084472656,45.69281005859375,939100,1242.8699951171875
2010-12-17,55.59999847412109,56.41999816894531,55.08000183105469,56.29999923706055,46.3848876953125,1163300,1243.9100341796875
2010-12-20,56.29999923706055,56.65999984741211,55.68999862670898,55.77999877929688,45.95646286010742,568500,1247.0799560546875
2010-12-21,55.970001220703125,57.34000015258789,55.869998931884766,56.72999954223633,46.7391471862793,463900,1254.5999755859375
2010-12-22,56.88999938964844,56.91999816894531,55.86000061035156,56.15999984741211,46.2695426940918,334400,1258.8399658203125
2010-12-23,56.150001525878906,56.540000915527344,56.02000045776367,56.150001525878906,46.26130294799805,171500,1256.77001953125
2010-12-27,55.970001220703125,56.15999984741211,55.54999923706055,56.04999923706055,46.17892456054688,179500,1257.5400390625
2010-12-28,56.20000076293945,56.209999084472656,55.58000183105469,55.93000030517578,46.08003234863281,226600,1258.510009765625
2010-12-29,56.0,56.66999816894531,56.0,56.36000061035156,46.43431854248047,338700,1259.780029296875
2010-12-30,56.20000076293945,56.68000030517578,56.08000183105469,56.130001068115234,46.24483489990234,153900,1257.8800048828125
2010-12-31,56.060001373291016,56.31999969482422,55.7599983215332,55.77999877929688,45.95646286010742,301100,1257.6400146484375
2011-01-03,56.119998931884766,57.119998931884766,55.72999954223633,55.86000061035156,46.022369384765625,663800,1271.8699951171875
2011-01-04,56.08000183105469,56.18000030517578,54.72999954223633,55.34000015258789,45.59394073486328,715400,1270.199951171875
2011-01-05,55.0099983215332,55.33000183105469,54.68000030517578,55.15999984741211,45.445648193359375,503800,1276.56005859375
2011-01-06,55.380001068115234,55.54999923706055,54.709999084472656,54.810001373291016,45.15728378295898,651800,1273.8499755859375
2011-01-07,54.959999084472656,55.130001068115234,54.33000183105469,54.68000030517578,45.05019378662109,486900,1271.5
2011-01-10,54.36000061035156,55.47999954223633,53.7599983215332,55.04999923706055,45.355010986328125,723100,1269.75
2011-01-11,55.400001525878906,56.18000030517578,55.18999862670898,55.79999923706055,45.97293472290039,501800,1274.47998046875
2011-01-12,56.400001525878906,58.959999084472656,56.400001525878906,58.810001373291016,48.45284652709961,1443800,1285.9599609375
2011-01-13,59.27999877929688,59.27999877929688,58.290000915527344,58.43999862670898,48.14801406860352,737000,1283.760009765625
2011-01-14,58.47999954223633,60.540000915527344,58.220001220703125,59.86000061035156,49.31792449951172,1021700,1293.239990234375
2011-01-18,59.95000076293945,60.70000076293945,59.560001373291016,60.65999984741211,49.9770393371582,1094400,1295.02001953125
2011-01-19,58.83000183105469,59.040000915527344,56.93000030517578,57.25,47.167579650878906,1920000,1281.9200439453125
2011-01-20,56.650001525878906,57.5,56.36000061035156,56.869998931884766,46.85449981689453,875200,1280.260009765625
2011-01-21,57.29999923706055,58.119998931884766,56.93999862670898,57.68999862670898,47.530086517333984,1010700,1283.3499755859375
2011-01-24,57.560001373291016,58.02000045776367,57.290000915527344,57.70000076293945,47.53832626342773,1224700,1290.8399658203125
2011-01-25,58.0,58.56999969482422,56.40999984741211,57.0,46.96160507202149,1643900,1291.1800537109375
2011-01-26,56.790000915527344,58.25,56.720001220703125,57.11000061035156,47.052223205566406,1756000,1296.6300048828125
2011-01-27,57.38999938964844,57.38999938964844,56.77999877929688,56.880001068115234,46.86273956298828,1066400,1299.5400390625
2011-01-28,56.720001220703125,57.0099983215332,55.38999938964844,55.58000183105469,45.79167556762695,1387300,1276.3399658203125
2011-01-31,55.59999847412109,56.29999923706055,54.77999877929688,56.15999984741211,46.2695426940918,1240200,1286.1199951171875
2011-02-01,57.09999847412109,57.95000076293945,56.54999923706055,57.7400016784668,47.5712890625,1610400,1307.5899658203125
2011-02-02,57.65999984741211,58.25,57.15999984741211,57.63999938964844,47.48888397216797,1196200,1304.030029296875
2011-02-03,57.33000183105469,57.900001525878906,56.79999923706055,57.5099983215332,47.38178634643555,600700,1307.0999755859375
2011-02-04,57.68999862670898,58.709999084472656,57.20000076293945,57.84000015258789,47.65367126464844,974600,1310.8699951171875
2011-02-07,57.959999084472656,58.369998931884766,57.20000076293945,57.43000030517578,47.31587600708008,861700,1319.050048828125
2011-02-08,57.5099983215332,57.83000183105469,57.060001373291016,57.56999969482422,47.43122482299805,881000,1324.5699462890625
2011-02-09,57.22999954223633,57.540000915527344,56.93999862670898,57.220001220703125,47.142852783203125,823400,1320.8800048828125
2011-02-10,56.83000183105469,57.79999923706055,56.810001373291016,57.18000030517578,47.10989761352539,733000,1321.8699951171875
2011-02-11,57.130001068115234,57.58000183105469,56.900001525878906,57.36000061035156,47.25821304321289,1321300,1329.1500244140625
2011-02-14,57.34999847412109,57.83000183105469,57.33000183105469,57.619998931884766,47.47239685058594,548300,1332.3199462890625
2011-02-15,57.459999084472656,57.84999847412109,57.380001068115234,57.77000045776367,47.59599304199219,581900,1328.010009765625
2011-02-16,57.959999084472656,58.70000076293945,57.83000183105469,58.560001373291016,48.246864318847656,761500,1336.3199462890625
2011-02-17,58.619998931884766,59.130001068115234,58.36000061035156,59.04999923706055,48.650577545166016,726300,1340.4300537109375
2011-02-18,59.27999877929688,59.709999084472656,59.04999923706055,59.34999847412109,48.897727966308594,647500,1343.010009765625
2011-02-22,58.77999877929688,58.9900016784668,57.04999923706055,57.130001068115234,47.06870651245117,1061500,1315.43994140625
2011-02-23,56.650001525878906,57.040000915527344,55.31999969482422,56.72999954223633,46.7391471862793,839900,1307.4000244140625
2011-02-24,56.63999938964844,56.790000915527344,55.16999816894531,56.02000045776367,46.15419769287109,1076600,1306.0999755859375
2011-02-25,56.400001525878906,57.2599983215332,56.27000045776367,57.2400016784668,47.15932083129883,625300,1319.8800048828125
2011-02-28,57.54999923706055,57.84000015258789,57.02999877929688,57.560001373291016,47.422977447509766,624600,1327.219970703125
2011-03-01,57.900001525878906,58.040000915527344,56.06999969482422,56.34000015258789,46.4178352355957,845100,1306.3299560546875
2011-03-02,56.150001525878906,56.810001373291016,55.84000015258789,56.02000045776367,46.15419769287109,426200,1308.43994140625
2011-03-03,56.84000015258789,58.34999847412109,56.83000183105469,58.310001373291016,48.04088973999024,534400,1330.969970703125
2011-03-04,58.43000030517578,59.220001220703125,57.68999862670898,58.27999877929688,48.01618194580078,878300,1321.1500244140625
2011-03-07,58.77000045776367,58.84000015258789,56.459999084472656,56.7400016784668,46.74738311767578,692900,1310.1300048828125
2011-03-08,56.52999877929688,57.43999862670898,56.060001373291016,56.77999877929688,46.78035354614258,718800,1321.8199462890625
2011-03-09,56.58000183105469,56.77000045776367,55.66999816894531,56.41999816894531,46.48374557495117,814300,1320.02001953125
2011-03-10,55.59000015258789,56.02000045776367,54.560001373291016,54.880001068115234,45.214962005615234,723000,1295.1099853515625
2011-03-11,54.29999923706055,55.130001068115234,53.310001373291016,54.900001525878906,45.36783981323242,950900,1304.280029296875
2011-03-14,54.88999938964844,56.31999969482422,54.88999938964844,56.119998931884766,46.3759994506836,1055300,1296.3900146484375
2011-03-15,54.0099983215332,55.04999923706055,53.68999862670898,54.63999938964844,45.15298843383789,1489200,1281.8699951171875
2011-03-16,54.58000183105469,54.88999938964844,52.63999938964844,53.09000015258789,43.87211608886719,1440200,1256.8800048828125
2011-03-17,53.970001220703125,54.560001373291016,53.5099983215332,53.84000015258789,44.49188232421875,1333600,1273.719970703125
2011-03-18,54.630001068115234,54.65999984741211,53.5099983215332,54.06999969482422,44.68194961547852,1358000,1279.2099609375
2011-03-21,54.81999969482422,55.59999847412109,54.5,55.52000045776367,45.88018798828125,606300,1298.3800048828125
2011-03-22,55.459999084472656,55.709999084472656,55.040000915527344,55.27000045776367,45.67359924316406,362200,1293.77001953125
2011-03-23,55.040000915527344,55.90999984741211,54.38999938964844,55.70000076293945,46.02893829345703,591600,1297.5400390625
2011-03-24,56.09000015258789,56.59000015258789,55.11000061035156,56.56999969482422,46.74788284301758,606900,1309.6600341796875
2011-03-25,56.83000183105469,58.40999984741211,56.81999969482422,57.22999954223633,47.29328155517578,1157900,1313.800048828125
2011-03-28,57.27000045776367,58.09999847412109,57.27000045776367,57.75,47.7230110168457,832700,1310.18994140625
2011-03-29,57.52999877929688,58.77999877929688,57.25,58.45000076293945,48.30146408081055,712000,1319.43994140625
2011-03-30,59.15999984741211,59.84999847412109,58.560001373291016,59.369998931884766,49.06172180175781,974900,1328.260009765625
2011-03-31,59.25,59.97999954223633,59.09999847412109,59.77000045776367,49.392276763916016,635800,1325.8299560546875
2011-04-01,60.2599983215332,60.470001220703125,59.709999084472656,60.09999847412109,49.66497802734375,597500,1332.4100341796875
2011-04-04,60.36000061035156,60.4900016784668,59.77000045776367,59.810001373291016,49.425331115722656,709100,1332.8699951171875
2011-04-05,59.66999816894531,60.31999969482422,59.5099983215332,59.86000061035156,49.46664810180664,1265800,1332.6300048828125
2011-04-06,60.310001373291016,60.540000915527344,59.68999862670898,60.31999969482422,49.84677505493164,784100,1335.5400390625
2011-04-07,60.34000015258789,60.9900016784668,59.84000015258789,60.18000030517578,49.731082916259766,531800,1333.510009765625
2011-04-08,60.47999954223633,60.75,59.77000045776367,60.04999923706055,49.623653411865234,582600,1328.1700439453125
2011-04-11,60.20000076293945,60.27000045776367,58.880001068115234,59.130001068115234,48.86338424682617,664200,1324.4599609375
2011-04-12,58.66999816894531,58.84000015258789,57.790000915527344,57.880001068115234,47.83044052124024,940900,1314.1600341796875
2011-04-13,58.25,58.34999847412109,57.18000030517578,57.83000183105469,47.78910827636719,758100,1314.4100341796875
2011-04-14,57.25,58.040000915527344,57.22999954223633,57.83000183105469,47.78910827636719,929800,1314.52001953125
2011-04-15,58.0,58.5,57.59999847412109,58.150001525878906,48.05355072021485,1064400,1319.6800537109375
2011-04-18,57.20000076293945,57.369998931884766,56.27999877929688,56.90999984741211,47.028846740722656,855100,1305.1400146484375
2011-04-19,56.97999954223633,57.869998931884766,56.4900016784668,57.81999969482422,47.78084182739258,884600,1312.6199951171875
2011-04-20,62.43999862670898,66.5199966430664,61.93000030517578,64.87000274658203,53.606781005859375,3356500,1330.3599853515625
2011-04-21,65.13999938964844,65.3499984741211,63.959999084472656,64.98999786376953,53.7059326171875,1542800,1337.3800048828125
2011-04-25,64.86000061035156,69.73999786376953,64.86000061035156,69.55999755859375,57.482460021972656,3229200,1335.25
2011-04-26,69.6500015258789,69.87999725341797,68.30000305175781,68.51000213623047,56.61474990844727,1200000,1347.239990234375
2011-04-27,68.77999877929688,68.77999877929688,67.13999938964844,68.0999984741211,56.27595520019531,954400,1355.6600341796875
2011-04-28,68.06999969482422,68.87999725341797,67.81999969482422,68.7300033569336,56.79657745361328,649100,1360.47998046875
2011-04-29,68.87000274658203,70.73999786376953,68.73999786376953,70.55000305175781,58.30058288574219,1252800,1363.6099853515625
2011-05-02,71.18000030517578,71.18000030517578,69.51000213623047,69.95999908447266,57.81300735473633,993900,1361.219970703125
2011-05-03,69.72000122070312,70.18000030517578,67.8499984741211,68.27999877929688,56.42470550537109,925500,1356.6199951171875
2011-05-04,68.13999938964844,68.13999938964844,65.9800033569336,66.0999984741211,54.62320709228516,1401100,1347.3199462890625
2011-05-05,64.62999725341797,68.12999725341797,64.55999755859375,67.94999694824219,56.15199661254883,1656500,1335.0999755859375
2011-05-06,68.7300033569336,69.81999969482422,68.27999877929688,69.0,57.01968765258789,1468300,1340.199951171875
2011-05-09,68.91000366210938,69.52999877929688,68.44999694824219,69.27999877929688,57.25108337402344,664800,1346.2900390625
2011-05-10,69.6500015258789,71.3499984741211,69.55000305175781,71.11000061035156,58.76332473754883,915300,1357.1600341796875
2011-05-11,70.79000091552734,70.8499984741211,69.27999877929688,69.87999725341797,57.74690246582031,928700,1342.0799560546875
2011-05-12,69.4000015258789,69.66999816894531,68.23999786376953,68.95999908447266,56.98664855957031,761000,1348.6500244140625
2011-05-13,69.83000183105469,69.8499984741211,68.12999725341797,68.26000213623047,56.40817260742188,502600,1337.77001953125
2011-05-16,68.11000061035156,69.4800033569336,67.55999755859375,67.76000213623047,55.994998931884766,500700,1329.469970703125
2011-05-17,67.3499984741211,67.95999908447266,66.27999877929688,67.27999877929688,55.598331451416016,698500,1328.97998046875
2011-05-18,67.63999938964844,69.45999908447266,67.1500015258789,69.37999725341797,57.333717346191406,496400,1340.6800537109375
2011-05-19,69.5199966430664,70.12000274658203,68.80999755859375,69.05999755859375,57.06925201416016,433000,1343.5999755859375
2011-05-20,68.8499984741211,69.1500015258789,67.80000305175781,68.55000305175781,56.6478157043457,457600,1333.27001953125
2011-05-23,67.05000305175781,67.54000091552734,66.36000061035156,67.20999908447266,55.54048538208008,611400,1317.3699951171875
2011-05-24,67.66999816894531,68.62000274658203,67.51000213623047,67.91000366210938,56.11891555786133,576100,1316.280029296875
2011-05-25,67.56999969482422,69.30000305175781,67.26000213623047,68.91000366210938,56.945308685302734,665700,1320.469970703125
2011-05-26,68.6500015258789,69.5,68.16000366210938,69.2300033569336,57.209739685058594,547700,1325.68994140625
2011-05-27,69.5,70.77999877929688,69.43000030517578,70.55000305175781,58.30058288574219,501100,1331.0999755859375
2011-05-31,71.70999908447266,71.79000091552734,69.9000015258789,70.83999633789062,58.54020690917969,754400,1345.199951171875
2011-06-01,70.79000091552734,71.16000366210938,68.37000274658203,68.47000122070312,56.58172225952149,489100,1314.550048828125
2011-06-02,68.72000122070312,69.30999755859375,67.33999633789062,67.75,55.98672866821289,750000,1312.93994140625
2011-06-03,66.4800033569336,68.27999877929688,65.7699966430664,67.19000244140625,55.52394485473633,886300,1300.1600341796875
2011-06-06,66.8499984741211,67.55000305175781,65.5999984741211,65.86000061035156,54.42488098144531,904200,1286.1700439453125
2011-06-07,66.33000183105469,67.30000305175781,65.76000213623047,66.04000091552734,54.5736198425293,790200,1284.93994140625
2011-06-08,65.70999908447266,65.8499984741211,65.11000061035156,65.44999694824219,54.086063385009766,580600,1279.56005859375
2011-06-09,65.80000305175781,67.2300033569336,65.4000015258789,66.61000061035156,55.04465866088867,520100,1289.0
2011-06-10,66.12000274658203,66.58999633789062,65.45999908447266,65.5199966430664,54.143890380859375,624300,1270.97998046875
2011-06-13,65.58999633789062,65.87000274658203,64.69999694824219,65.04000091552734,53.882938385009766,455200,1271.8299560546875
2011-06-14,65.87000274658203,66.91000366210938,65.6500015258789,66.16999816894531,54.819114685058594,496800,1287.8699951171875
2011-06-15,65.5,66.44999694824219,65.37999725341797,65.55999755859375,54.313751220703125,585200,1265.4200439453125
2011-06-16,65.73999786376953,66.33000183105469,64.12000274658203,64.8499984741211,53.72553634643555,582700,1267.6400146484375
2011-06-17,65.52999877929688,65.75,64.55999755859375,64.69999694824219,53.60127639770508,657900,1271.5
2011-06-20,64.6500015258789,66.01000213623047,64.55999755859375,65.68000030517578,54.41316986083984,374800,1278.3599853515625
2011-06-21,66.27999877929688,67.94999694824219,65.88999938964844,67.68000030517578,56.07008361816406,416400,1295.52001953125
2011-06-22,67.31999969482422,68.0199966430664,67.06999969482422,67.27999877929688,55.73869705200195,398200,1287.1400146484375
2011-06-23,66.30000305175781,67.44999694824219,65.5,66.9800033569336,55.49016571044922,747800,1283.5
2011-06-24,67.05999755859375,67.22000122070312,66.02999877929688,66.13999938964844,54.79425048828125,516900,1268.449951171875
2011-06-27,66.1500015258789,66.4800033569336,65.4000015258789,66.1500015258789,54.80255126953125,433200,1280.0999755859375
2011-06-28,66.44000244140625,67.31999969482422,66.2699966430664,67.31999969482422,55.77182769775391,690700,1296.6700439453125
2011-06-29,67.73999786376953,68.8499984741211,67.33999633789062,68.5199966430664,56.76597595214844,772300,1307.4100341796875
2011-06-30,68.63999938964844,69.29000091552734,68.13999938964844,69.19999694824219,57.329349517822266,790300,1320.6400146484375
2011-07-01,69.55000305175781,70.55999755859375,69.04000091552734,70.4800033569336,58.38977813720703,473200,1339.6700439453125
2011-07-05,70.76000213623047,70.76000213623047,69.83000183105469,70.05999755859375,58.041805267333984,588300,1337.8800048828125
2011-07-06,69.93000030517578,70.56999969482422,69.5,70.19999694824219,58.15781021118164,781900,1339.219970703125
2011-07-07,71.01000213623047,71.20999908447266,70.06999969482422,70.55000305175781,58.44777297973633,858900,1353.219970703125
2011-07-08,69.58999633789062,70.69999694824219,69.2300033569336,70.55999755859375,58.4560432434082,668800,1343.800048828125
2011-07-11,69.37999725341797,69.87000274658203,68.58999633789062,69.0999984741211,57.24648284912109,625100,1319.489990234375
2011-07-12,68.77999877929688,69.55000305175781,68.4000015258789,68.66000366210938,56.88197326660156,602800,1313.6400146484375
2011-07-13,69.0999984741211,69.33999633789062,68.3499984741211,68.44000244140625,56.69969940185547,801200,1317.719970703125
2011-07-14,68.76000213623047,69.16999816894531,67.58000183105469,67.91999816894531,56.26889419555664,851700,1308.8699951171875
2011-07-15,68.23999786376953,68.25,67.41999816894531,68.1500015258789,56.45945739746094,560900,1316.1400146484375
2011-07-18,67.8499984741211,68.11000061035156,66.48999786376953,67.38999938964844,55.82982635498047,698500,1305.43994140625
2011-07-19,67.97000122070312,69.33999633789062,67.94000244140625,68.87999725341797,57.064239501953125,1094000,1326.72998046875
2011-07-20,69.08000183105469,69.08000183105469,67.62999725341797,68.11000061035156,56.42632675170898,568600,1325.8399658203125
2011-07-21,68.37999725341797,70.06999969482422,68.0,69.91000366210938,57.91752243041992,1071900,1343.800048828125
2011-07-22,68.97000122070312,69.55999755859375,66.41000366210938,66.88999938964844,55.41558456420898,2162100,1345.02001953125
2011-07-25,66.31999969482422,69.02999877929688,66.18000030517578,68.69999694824219,56.91508865356445,1490500,1337.4300537109375
2011-07-26,68.62999725341797,68.8499984741211,67.56999969482422,68.33999633789062,56.61685943603516,1376100,1331.93994140625
2011-07-27,67.7699966430664,68.87000274658203,67.76000213623047,67.95999908447266,56.30204772949219,1367700,1304.8900146484375
2011-07-28,67.94000244140625,68.4000015258789,67.30000305175781,67.41999816894531,55.85466384887695,1079600,1300.6700439453125
2011-07-29,66.1500015258789,67.58000183105469,65.80000305175781,66.58000183105469,55.15876770019531,758600,1292.280029296875
2011-08-01,67.48999786376953,67.58000183105469,65.5,66.52999877929688,55.11734771728516,1114700,1286.93994140625
2011-08-02,65.93000030517578,66.81999969482422,63.08000183105469,63.18000030517578,52.342018127441406,881100,1254.050048828125
2011-08-03,62.869998931884766,63.43999862670898,61.02999877929688,63.33000183105469,52.46628952026367,1243800,1260.3399658203125
2011-08-04,62.369998931884766,62.369998931884766,57.27999877929688,57.40999984741211,47.561805725097656,2177900,1200.0699462890625
2011-08-05,58.43000030517578,58.75,54.04999923706055,56.27999877929688,46.62564086914063,2743200,1199.3800048828125
2011-08-08,53.88999938964844,54.61000061035156,51.45000076293945,51.459999084472656,42.63247299194336,2641400,1119.4599609375
2011-08-09,52.95000076293945,56.08000183105469,51.470001220703125,56.02999877929688,46.41852951049805,1932100,1172.530029296875
2011-08-10,53.52999877929688,55.22999954223633,52.619998931884766,52.7599983215332,43.70946502685547,2217600,1120.760009765625
2011-08-11,52.900001525878906,58.0,52.900001525878906,57.0,47.22214889526367,1762900,1172.6400146484375
2011-08-12,57.59000015258789,58.52999877929688,57.0,58.119998931884766,48.1500244140625,1207700,1178.81005859375
2011-08-15,58.869998931884766,59.4900016784668,58.22999954223633,59.45000076293945,49.25187301635742,755800,1204.489990234375
2011-08-16,57.380001068115234,58.0,53.470001220703125,55.2599983215332,45.78062057495117,3536700,1192.760009765625
2011-08-17,55.7400016784668,56.150001525878906,53.84000015258789,53.9900016784668,44.72848129272461,1613500,1193.8900146484375
2011-08-18,52.2400016784668,52.25,47.52999877929688,48.380001068115234,40.08083724975586,3296400,1140.6500244140625
2011-08-19,47.75,49.0,46.150001525878906,46.310001373291016,38.36592102050781,2032600,1123.530029296875
2011-08-22,47.79999923706055,48.18000030517578,45.20000076293945,45.61000061035156,37.78599548339844,2587200,1123.8199462890625
2011-08-23,46.08000183105469,47.36000061035156,45.61000061035156,47.09000015258789,39.01210021972656,1692400,1162.3499755859375
2011-08-24,47.15999984741211,48.650001525878906,46.68999862670898,48.47999954223633,40.163673400878906,1305700,1177.5999755859375
2011-08-25,48.84000015258789,49.119998931884766,47.34999847412109,47.61000061035156,39.44291687011719,1259700,1159.27001953125
2011-08-26,47.150001525878906,49.709999084472656,46.459999084472656,49.459999084472656,40.975563049316406,1209300,1176.800048828125
2011-08-29,50.22999954223633,51.970001220703125,50.09999847412109,51.88999938964844,42.98870849609375,1586200,1210.0799560546875
2011-08-30,51.4900016784668,51.72999954223633,50.43000030517578,50.84000015258789,42.11884307861328,1136100,1212.9200439453125
2011-08-31,51.45000076293945,52.27000045776367,50.16999816894531,50.709999084472656,42.01114273071289,1431600,1218.8900146484375
2011-09-01,50.900001525878906,51.5099983215332,49.90999984741211,49.93999862670898,41.37322235107422,1112700,1204.4200439453125
2011-09-02,48.70000076293945,49.119998931884766,47.09000015258789,47.63999938964844,39.46777725219727,1648300,1173.969970703125
2011-09-06,45.61000061035156,47.02999877929688,45.61000061035156,46.91999816894531,38.871280670166016,1416400,1165.239990234375
2011-09-07,47.75,49.18999862670898,47.66999816894531,48.84000015258789,40.4619255065918,776300,1198.6199951171875
2011-09-08,48.619998931884766,48.90999984741211,47.56999969482422,47.72999954223633,39.54232406616211,665600,1185.9000244140625
2011-09-09,47.040000915527344,47.25,45.560001373291016,45.84999847412109,37.98483276367188,1191800,1154.22998046875
2011-09-12,45.02999877929688,45.77999877929688,43.65999984741211,44.68999862670898,37.0238151550293,1785100,1162.27001953125
2011-09-13,44.84000015258789,46.18000030517578,44.66999816894531,45.61000061035156,37.926025390625,1065700,1172.8699951171875
2011-09-14,45.84000015258789,46.70000076293945,44.459999084472656,46.15999984741211,38.38336944580078,1096600,1188.6800537109375
2011-09-15,46.709999084472656,47.40999984741211,46.27999877929688,46.83000183105469,38.94049453735352,789400,1209.1099853515625
2011-09-16,46.9900016784668,47.119998931884766,45.91999816894531,46.29999923706055,38.499786376953125,1002200,1216.010009765625
2011-09-19,45.119998931884766,46.25,44.86000061035156,45.86000061035156,38.13390350341797,830100,1204.0899658203125
2011-09-20,45.97999954223633,47.09000015258789,44.95000076293945,44.9900016784668,37.41047286987305,1378000,1202.0899658203125
2011-09-21,45.060001373291016,45.22999954223633,43.43000030517578,43.43000030517578,36.1132926940918,1028400,1166.760009765625
2011-09-22,41.65999984741211,42.060001373291016,39.84000015258789,40.220001220703125,33.4440803527832,2573100,1129.56005859375
2011-09-23,40.02000045776367,41.459999084472656,39.7599983215332,40.91999816894531,34.02614212036133,999400,1136.4300537109375
2011-09-26,41.47999954223633,42.4900016784668,40.119998931884766,42.43999862670898,35.290077209472656,845100,1162.949951171875
2011-09-27,43.79999923706055,45.58000183105469,43.59999847412109,44.0099983215332,36.5955810546875,1216800,1175.3800048828125
2011-09-28,43.95000076293945,44.130001068115234,40.84999847412109,41.0099983215332,34.10098648071289,929900,1151.06005859375
2011-09-29,42.43000030517578,42.84999847412109,41.209999084472656,42.34000015258789,35.206932067871094,1032800,1160.4000244140625
2011-09-30,41.43000030517578,41.84999847412109,40.380001068115234,40.400001525878906,33.59375762939453,1475500,1131.4200439453125
2011-10-03,40.15999984741211,41.52000045776367,38.970001220703125,39.0,32.429630279541016,1568300,1099.22998046875
2011-10-04,38.41999816894531,40.31999969482422,38.02000045776367,40.27000045776367,33.48565673828125,1800000,1123.949951171875
2011-10-05,40.52000045776367,42.93999862670898,39.84999847412109,42.4900016784668,35.331661224365234,1649400,1144.030029296875
2011-10-06,42.22999954223633,43.5,41.619998931884766,43.0,35.7557487487793,995300,1164.969970703125
2011-10-07,43.18000030517578,43.45000076293945,41.54999923706055,43.400001525878906,36.088356018066406,1966400,1155.4599609375
2011-10-10,43.95000076293945,46.0,43.84000015258789,45.959999084472656,38.217044830322266,1609600,1194.8900146484375
2011-10-11,45.31999969482422,46.81999969482422,45.18000030517578,46.13999938964844,38.36674118041992,931300,1195.5400390625
2011-10-12,46.75,48.40999984741211,46.2599983215332,47.43999862670898,39.447715759277344,1322700,1207.25
2011-10-13,47.650001525878906,47.869998931884766,46.25,47.5,39.49761962890625,965900,1203.6600341796875
2011-10-14,48.25,48.72999954223633,47.2599983215332,48.630001068115234,40.4372444152832,693000,1224.5799560546875
2011-10-17,48.4900016784668,48.65999984741211,46.900001525878906,47.43000030517578,39.43940353393555,1070700,1200.8599853515625
2011-10-18,47.41999816894531,49.18000030517578,46.27999877929688,48.959999084472656,40.71163940429688,1023600,1225.3800048828125
2011-10-19,48.560001373291016,48.59999847412109,44.5,44.83000183105469,37.27743148803711,2641100,1209.8800048828125
2011-10-20,45.130001068115234,45.720001220703125,44.16999816894531,45.43999862670898,37.784664154052734,2001000,1215.3900146484375
2011-10-21,46.04999923706055,46.959999084472656,45.27999877929688,46.52999877929688,38.69102478027344,1996700,1238.25
2011-10-24,46.720001220703125,48.959999084472656,46.18999862670898,48.61000061035156,40.42060470581055,1558200,1254.18994140625
2011-10-25,48.52999877929688,53.060001373291016,45.75,50.959999084472656,42.37471008300781,4549100,1229.050048828125
2011-10-26,52.27000045776367,53.20000076293945,49.77999877929688,52.720001220703125,43.83819961547852,2632400,1242.0
2011-10-27,55.79999923706055,56.91999816894531,54.119998931884766,55.2599983215332,45.95028305053711,1774200,1284.5899658203125
2011-10-28,54.59999847412109,55.900001525878906,54.4900016784668,55.130001068115234,45.8421745300293,1035500,1285.0899658203125
2011-10-31,54.43000030517578,54.43000030517578,53.08000183105469,53.290000915527344,44.31215286254883,1226800,1253.300048828125
2011-11-01,51.83000183105469,52.13999938964844,50.31999969482422,50.970001220703125,42.38301467895508,1382400,1218.280029296875
2011-11-02,52.45000076293945,53.84000015258789,52.29999923706055,52.91999816894531,44.0045051574707,1282500,1237.9000244140625
2011-11-03,54.0099983215332,54.58000183105469,52.27000045776367,54.400001525878906,45.23515701293945,801400,1261.1500244140625
2011-11-04,53.65999984741211,54.56999969482422,52.4900016784668,54.369998931884766,45.21021270751953,701800,1253.22998046875
2011-11-07,54.5099983215332,55.25,53.15999984741211,54.59999847412109,45.40147399902344,956300,1261.1199951171875
2011-11-08,55.02000045776367,55.02000045776367,52.900001525878906,54.52999877929688,45.34326934814453,1234500,1275.9200439453125
2011-11-09,52.880001068115234,53.2400016784668,51.5099983215332,51.880001068115234,43.13970184326172,1372100,1229.0999755859375
2011-11-10,52.959999084472656,53.15999984741211,51.61000061035156,52.5,43.65525436401367,537100,1239.699951171875
2011-11-11,53.34000015258789,54.560001373291016,53.25,53.84000015258789,44.76951217651367,805400,1263.8499755859375
2011-11-14,53.65999984741211,53.91999816894531,52.75,53.290000915527344,44.31215286254883,534900,1251.780029296875
2011-11-15,52.880001068115234,53.0099983215332,51.18000030517578,52.310001373291016,43.49726486206055,1425400,1257.81005859375
2011-11-16,51.68999862670898,53.79999923706055,51.400001525878906,52.15999984741211,43.372535705566406,764000,1236.9100341796875
2011-11-17,51.86000061035156,52.09000015258789,50.02999877929688,50.34999847412109,41.86747741699219,1020700,1216.1300048828125
2011-11-18,50.56999969482422,50.81999969482422,49.75,50.29999923706055,41.82588577270508,490600,1215.6500244140625
2011-11-21,49.400001525878906,50.060001373291016,48.61000061035156,49.75,41.36855697631836,646800,1192.97998046875
2011-11-22,49.52000045776367,49.93999862670898,48.4900016784668,49.04999923706055,40.78648376464844,641900,1188.0400390625
2011-11-23,48.209999084472656,48.459999084472656,46.93000030517578,47.0,39.081844329833984,740200,1161.7900390625
2011-11-25,46.66999816894531,47.88999938964844,46.619998931884766,47.22999954223633,39.27310180664063,335900,1158.6700439453125
2011-11-28,49.400001525878906,49.95000076293945,49.13999938964844,49.630001068115234,41.26876449584961,735300,1192.550048828125
2011-11-29,49.959999084472656,50.25,49.25,50.02000045776367,41.59306335449219,505400,1195.18994140625
2011-11-30,52.720001220703125,54.540000915527344,52.41999816894531,54.52999877929688,45.34326934814453,1317900,1246.9599609375
2011-12-01,54.130001068115234,54.66999816894531,53.119998931884766,53.5,44.48679733276367,509200,1244.5799560546875
2011-12-02,54.34000015258789,54.7599983215332,53.09999847412109,53.290000915527344,44.31215286254883,469200,1244.280029296875
2011-12-05,54.45000076293945,54.880001068115234,53.47999954223633,53.75,44.69466400146485,862500,1257.0799560546875
2011-12-06,54.34999847412109,54.34999847412109,53.0,53.7400016784668,44.68636703491211,418100,1258.469970703125
2011-12-07,53.31999969482422,54.880001068115234,53.06999969482422,54.58000183105469,45.38482284545898,649200,1261.010009765625
2011-12-08,53.84999847412109,54.47999954223633,52.880001068115234,53.08000183105469,44.13754653930664,632900,1234.3499755859375
2011-12-09,53.040000915527344,53.540000915527344,50.84000015258789,53.09000015258789,44.14587020874024,1353000,1255.18994140625
2011-12-12,52.150001525878906,52.290000915527344,50.209999084472656,50.90999984741211,42.333126068115234,1054700,1236.469970703125
2011-12-13,51.209999084472656,51.970001220703125,49.63999938964844,50.4900016784668,42.12870407104492,938700,1225.72998046875
2011-12-14,49.869998931884766,49.880001068115234,48.04999923706055,48.06999969482422,40.10946273803711,1266800,1211.8199462890625
2011-12-15,49.0,49.34000015258789,48.18000030517578,48.81999969482422,40.73525238037109,712400,1215.75
2011-12-16,49.27000045776367,50.619998931884766,48.86000061035156,50.15999984741211,41.85335922241211,1310300,1219.6600341796875
2011-12-19,50.290000915527344,50.68999862670898,47.81999969482422,48.0099983215332,40.05938720703125,729500,1205.3499755859375
2011-12-20,49.220001220703125,50.540000915527344,49.130001068115234,50.04999923706055,41.76155471801758,811200,1241.300048828125
2011-12-21,49.880001068115234,49.970001220703125,48.77999877929688,49.81999969482422,41.56965255737305,476100,1243.719970703125
2011-12-22,49.88999938964844,51.119998931884766,49.77999877929688,50.7599983215332,42.35398483276367,457100,1254.0
2011-12-23,50.83000183105469,51.33000183105469,50.59999847412109,51.13999938964844,42.67104721069336,242300,1265.3299560546875
2011-12-27,51.040000915527344,52.45000076293945,50.97999954223633,51.4900016784668,42.96310424804688,322200,1265.4300537109375
2011-12-28,51.31999969482422,51.43000030517578,50.060001373291016,50.16999816894531,41.86169052124024,394600,1249.6400146484375
2011-12-29,50.310001373291016,51.56999969482422,50.22999954223633,51.4900016784668,42.96310424804688,337100,1263.02001953125
2011-12-30,51.54999923706055,52.02999877929688,51.27000045776367,51.5099983215332,42.97978210449219,425300,1257.5999755859375
2012-01-03,52.90999984741211,54.15999984741211,52.54999923706055,52.72999954223633,43.99773788452149,548700,1277.06005859375
2012-01-04,52.68000030517578,53.720001220703125,52.27000045776367,53.5,44.640235900878906,402800,1277.300048828125
2012-01-05,52.77999877929688,53.7599983215332,52.31999969482422,53.58000183105469,44.70698547363281,618800,1281.06005859375
2012-01-06,53.68000030517578,54.40999984741211,53.25,53.470001220703125,44.61520385742188,710800,1277.81005859375
2012-01-09,53.72999954223633,53.90999984741211,52.66999816894531,53.43000030517578,44.58182907104492,465600,1280.699951171875
2012-01-10,54.34999847412109,55.470001220703125,54.27999877929688,55.09000015258789,45.9669303894043,592100,1292.0799560546875
2012-01-11,54.79999923706055,55.619998931884766,54.52000045776367,55.369998931884766,46.20055770874024,297400,1292.47998046875
2012-01-12,55.70000076293945,57.70000076293945,55.18000030517578,57.4900016784668,47.96947860717773,773300,1295.5
2012-01-13,56.95000076293945,56.9900016784668,55.709999084472656,56.79999923706055,47.393741607666016,404000,1289.0899658203125
2012-01-17,57.970001220703125,58.45000076293945,57.119998931884766,57.34000015258789,47.84431838989258,525600,1293.6700439453125
2012-01-18,57.0,58.52000045776367,56.90999984741211,58.5099983215332,48.820560455322266,729700,1308.0400390625
2012-01-19,58.630001068115234,61.22999954223633,58.619998931884766,60.09000015258789,50.138916015625,1048200,1314.5
2012-01-20,60.0,60.09999847412109,59.4900016784668,59.63999938964844,49.76342010498047,883500,1315.3800048828125
2012-01-23,59.77000045776367,61.04999923706055,59.54999923706055,60.09000015258789,50.138916015625,756300,1316.0
2012-01-24,60.0099983215332,63.47999954223633,58.400001525878906,62.65999984741211,52.2833251953125,1455100,1314.6500244140625
2012-01-25,62.70000076293945,62.810001373291016,61.43999862670898,62.09000015258789,51.807708740234375,895100,1326.06005859375
2012-01-26,62.70000076293945,63.88999938964844,62.65999984741211,63.02000045776367,52.58369445800781,919900,1318.4300537109375
2012-01-27,63.06999969482422,64.0,62.95000076293945,63.25,52.77560424804688,728200,1316.3299560546875
2012-01-30,62.70000076293945,64.05000305175781,62.540000915527344,63.41999816894531,52.91743469238281,661200,1313.010009765625
2012-01-31,63.790000915527344,64.45999908447266,63.130001068115234,64.30999755859375,53.66007614135742,835400,1312.4100341796875
2012-02-01,65.16000366210938,66.5999984741211,65.0,66.4000015258789,55.40394973754883,930700,1324.0899658203125
2012-02-02,66.62000274658203,66.62000274658203,65.56999969482422,65.66999816894531,54.79485321044922,684900,1325.5400390625
2012-02-03,66.80999755859375,67.76000213623047,66.51000213623047,66.98999786376953,55.89626693725586,768700,1344.9000244140625
2012-02-06,66.44000244140625,67.55000305175781,66.0,67.5,56.32178497314453,540500,1344.3299560546875
2012-02-07,67.44999694824219,67.8499984741211,66.55999755859375,66.9000015258789,55.8211555480957,769900,1347.050048828125
2012-02-08,67.12999725341797,67.87999725341797,66.33999633789062,66.7300033569336,55.679298400878906,356600,1349.9599609375
2012-02-09,66.91999816894531,68.51000213623047,65.66000366210938,66.51000213623047,55.49573516845703,580600,1351.949951171875
2012-02-10,65.45999908447266,66.0,64.58000183105469,65.2300033569336,54.42770385742188,889300,1342.6400146484375
2012-02-13,65.80999755859375,66.54000091552734,65.63999938964844,66.13999938964844,55.1870002746582,509200,1351.77001953125
2012-02-14,65.7699966430664,66.01000213623047,64.45999908447266,65.25,54.44440078735352,948100,1350.5
2012-02-15,65.5999984741211,65.83999633789062,64.19999694824219,64.70999908447266,53.99381637573242,1422500,1343.22998046875
2012-02-16,64.79000091552734,66.45999908447266,64.66000366210938,66.37999725341797,55.38727188110352,512900,1358.0400390625
2012-02-17,66.69000244140625,67.0,66.08999633789062,66.27999877929688,55.303836822509766,404000,1361.22998046875
2012-02-21,66.5199966430664,66.62000274658203,65.29000091552734,65.7699966430664,54.87828063964844,342500,1362.2099609375
2012-02-22,65.98999786376953,66.61000061035156,65.29000091552734,66.19000244140625,55.22872543334961,417500,1357.6600341796875
2012-02-23,66.08000183105469,66.83999633789062,65.86000061035156,66.58000183105469,55.554161071777344,414200,1363.4599609375
2012-02-24,66.54000091552734,67.05000305175781,66.02999877929688,66.13999938964844,55.1870002746582,442500,1365.739990234375
2012-02-27,65.5,67.33999633789062,65.04000091552734,66.88999938964844,55.81280517578125,475700,1367.5899658203125
2012-02-28,66.87999725341797,67.54000091552734,66.33999633789062,66.7300033569336,55.679298400878906,284600,1372.1800537109375
2012-02-29,66.88999938964844,67.62000274658203,66.41000366210938,66.5199966430664,55.50408554077149,728100,1365.6800537109375
2012-03-01,66.94999694824219,68.26000213623047,66.66999816894531,67.69999694824219,56.48867416381836,445200,1374.0899658203125
2012-03-02,67.44999694824219,67.91999816894531,65.6500015258789,65.91999816894531,55.003448486328125,652200,1369.6300048828125
2012-03-05,65.23999786376953,65.26000213623047,61.77999877929688,62.400001525878906,52.06637573242188,1142000,1364.3299560546875
2012-03-06,63.380001068115234,63.380001068115234,59.40999984741211,60.04999923706055,50.10553741455078,1018900,1343.3599853515625
2012-03-07,60.11000061035156,61.81999969482422,60.09000015258789,61.5,51.31540298461914,872000,1352.6300048828125
2012-03-08,62.38999938964844,63.18000030517578,62.02999877929688,62.93000030517578,52.50860595703125,426300,1365.9100341796875
2012-03-09,62.93999862670898,63.59999847412109,62.56999969482422,63.04999923706055,52.60871887207031,347300,1370.8699951171875
2012-03-12,62.9900016784668,63.040000915527344,62.33000183105469,62.75,52.358394622802734,344300,1371.0899658203125
2012-03-13,62.81999969482422,63.65999984741211,62.41999816894531,63.65999984741211,53.28754806518555,794200,1395.949951171875
2012-03-14,63.650001525878906,64.0,63.369998931884766,63.90999984741211,53.49681854248047,550200,1394.280029296875
2012-03-15,64.0,64.66999816894531,63.84000015258789,64.5999984741211,54.07438659667969,671700,1402.5999755859375
2012-03-16,64.79000091552734,64.98999786376953,64.02999877929688,64.37000274658203,53.88187789916992,650100,1404.1700439453125
2012-03-19,64.18000030517578,64.94999694824219,63.540000915527344,64.37999725341797,53.89023208618164,359900,1409.75
2012-03-20,63.880001068115234,64.25,63.18000030517578,64.0199966430664,53.58888626098633,432700,1405.52001953125
2012-03-21,64.25,64.7699966430664,63.95000076293945,64.27999877929688,53.806522369384766,470400,1402.8900146484375
2012-03-22,63.59000015258789,63.959999084472656,62.93000030517578,63.43000030517578,53.09502029418945,488300,1392.780029296875
2012-03-23,63.52999877929688,63.54999923706055,62.33000183105469,62.66999816894531,52.45884704589844,696900,1397.1099853515625
2012-03-26,63.27999877929688,64.38999938964844,63.27000045776367,64.38999938964844,53.89861297607422,409300,1416.510009765625
2012-03-27,64.44000244140625,65.0199966430664,64.4000015258789,64.62999725341797,54.09950256347656,234200,1412.52001953125
2012-03-28,64.48999786376953,64.48999786376953,62.77000045776367,63.15999984741211,52.86901473999024,383000,1405.5400390625
2012-03-29,62.75,63.84000015258789,62.34999847412109,63.68999862670898,53.31266021728516,328000,1403.280029296875
2012-03-30,64.4000015258789,64.58000183105469,63.310001373291016,63.91999816894531,53.50518035888672,326300,1408.469970703125
2012-04-02,63.650001525878906,65.5,63.47999954223633,65.18000030517578,54.55988311767578,687700,1419.0400390625
2012-04-03,65.19000244140625,65.45999908447266,63.88999938964844,64.41999816894531,53.92372512817383,507200,1413.3800048828125
2012-04-04,63.720001220703125,64.38999938964844,63.36000061035156,63.63999938964844,53.270809173583984,945600,1398.9599609375
2012-04-05,63.43999862670898,64.38999938964844,62.93000030517578,63.02000045776367,52.75181579589844,503100,1398.0799560546875
2012-04-09,61.91999816894531,63.150001525878906,61.790000915527344,63.02999877929688,52.76020050048828,619800,1382.199951171875
2012-04-10,63.02999877929688,63.38999938964844,61.220001220703125,61.310001373291016,51.32044219970703,631600,1358.5899658203125
2012-04-11,62.38999938964844,62.709999084472656,61.68999862670898,61.97999954223633,51.88127517700195,521900,1368.7099609375
2012-04-12,62.11000061035156,64.06999969482422,62.09999847412109,63.720001220703125,53.3377685546875,374900,1387.5699462890625
2012-04-13,63.43999862670898,63.88999938964844,62.81999969482422,62.84999847412109,52.60951614379883,366800,1370.260009765625
2012-04-16,63.060001373291016,63.79999923706055,62.34000015258789,63.369998931884766,53.04479598999024,574100,1369.5699462890625
2012-04-17,64.0999984741211,64.87000274658203,63.72999954223633,64.12000274658203,53.67260360717773,459500,1390.780029296875
2012-04-18,63.7599983215332,66.05999755859375,63.43000030517578,65.25,54.61846923828125,1159900,1385.1400146484375
2012-04-19,64.97000122070312,65.48999786376953,62.2599983215332,63.72999954223633,53.34614181518555,1379100,1376.9200439453125
2012-04-20,63.560001373291016,66.13999938964844,63.119998931884766,65.44000244140625,54.777530670166016,1666100,1378.530029296875
2012-04-23,62.66999816894531,64.56999969482422,62.41999816894531,64.41000366210938,53.91534805297852,688900,1366.93994140625
2012-04-24,64.19000244140625,64.36000061035156,63.119998931884766,63.22999954223633,52.9276008605957,694100,1371.969970703125
2012-04-25,64.44000244140625,64.87000274658203,63.95000076293945,64.55999755859375,54.0409049987793,612200,1390.68994140625
2012-04-26,64.19999694824219,65.48999786376953,64.0199966430664,65.12999725341797,54.51801681518555,525300,1399.97998046875
2012-04-27,65.41000366210938,66.5199966430664,65.4000015258789,66.2300033569336,55.43881988525391,682800,1403.3599853515625
2012-04-30,65.86000061035156,66.1500015258789,64.88999938964844,65.30000305175781,54.66032028198242,527400,1397.9100341796875
2012-05-01,65.30000305175781,67.13999938964844,65.30000305175781,66.06999969482422,55.30485916137695,737300,1405.8199462890625
2012-05-02,65.80000305175781,66.33999633789062,65.30999755859375,66.05999755859375,55.296478271484375,606100,1402.31005859375
2012-05-03,66.05999755859375,66.36000061035156,65.29000091552734,65.5,54.82775115966797,502800,1391.5699462890625
2012-05-04,64.98999786376953,65.05000305175781,63.31999969482422,63.65999984741211,53.28754806518555,483500,1369.0999755859375
2012-05-07,63.2400016784668,64.83000183105469,63.13999938964844,64.25,53.78140640258789,641600,1369.5799560546875
2012-05-08,63.650001525878906,63.7400016784668,62.459999084472656,63.25,52.94435119628906,786500,1363.719970703125
2012-05-09,62.0,62.83000183105469,60.77000045776367,62.61000061035156,52.408634185791016,1107400,1354.5799560546875
2012-05-10,63.34999847412109,63.650001525878906,62.68000030517578,62.900001525878906,52.65137481689453,543800,1357.989990234375
2012-05-11,62.18000030517578,63.77000045776367,62.060001373291016,63.27999877929688,52.96945190429688,477700,1353.3900146484375
2012-05-14,62.09999847412109,62.45000076293945,60.84999847412109,60.970001220703125,51.03584289550781,778500,1338.3499755859375
2012-05-15,60.97999954223633,61.95000076293945,60.5099983215332,61.84999847412109,51.77246475219727,1198200,1330.6600341796875
2012-05-16,62.9900016784668,64.88999938964844,62.22999954223633,62.810001373291016,52.57604217529297,2187300,1324.800048828125
2012-05-17,62.7400016784668,62.970001220703125,59.93000030517578,59.97999954223633,50.207149505615234,1257500,1304.8599853515625
2012-05-18,60.290000915527344,60.630001068115234,59.150001525878906,59.29999923706055,49.63795471191406,1501500,1295.219970703125
2012-05-21,59.400001525878906,62.04999923706055,58.880001068115234,61.68999862670898,51.63853073120117,1643500,1315.989990234375
2012-05-22,61.34999847412109,61.650001525878906,59.09999847412109,59.56999969482422,49.86394500732422,1809600,1316.6300048828125
2012-05-23,58.970001220703125,60.18999862670898,57.869998931884766,60.09999847412109,50.3076057434082,1653400,1318.8599853515625
2012-05-24,60.43999862670898,61.06999969482422,59.36000061035156,60.4900016784668,50.63405227661133,909500,1320.6800537109375
2012-05-25,61.060001373291016,61.709999084472656,60.40999984741211,61.43000030517578,51.42089080810547,923900,1317.8199462890625
2012-05-29,62.34999847412109,63.97999954223633,62.33000183105469,63.68000030517578,53.30427551269531,1489700,1332.4200439453125
2012-05-30,62.72999954223633,63.040000915527344,60.709999084472656,60.77999877929688,50.87678909301758,950000,1313.3199462890625
2012-05-31,61.0,61.09000015258789,59.290000915527344,60.70000076293945,50.809837341308594,3770500,1310.3299560546875
2012-06-01,58.209999084472656,59.0,56.70000076293945,56.900001525878906,47.62897872924805,1400100,1278.0400390625
2012-06-04,57.25,57.65999984741211,55.86000061035156,57.2599983215332,47.93033599853516,1000100,1278.1800537109375
2012-06-05,57.18000030517578,59.720001220703125,57.18000030517578,59.380001068115234,49.70491027832031,1043000,1285.5
2012-06-06,59.77999877929688,61.20000076293945,59.77999877929688,60.5099983215332,50.65079879760742,682700,1315.1300048828125
2012-06-07,61.5,62.959999084472656,60.25,60.34000015258789,50.508487701416016,802700,1314.989990234375
2012-06-08,60.13999938964844,60.90999984741211,59.290000915527344,60.83000183105469,50.91865539550781,560200,1325.6600341796875
2012-06-11,61.70000076293945,61.77000045776367,58.560001373291016,58.66999816894531,49.110595703125,640300,1308.9300537109375
2012-06-12,59.119998931884766,59.77999877929688,58.72999954223633,59.70000076293945,49.97277069091797,521800,1324.1800537109375
2012-06-13,59.2599983215332,59.459999084472656,57.560001373291016,57.7400016784668,48.49458312988281,704200,1314.8800048828125
2012-06-14,57.7400016784668,58.34000015258789,57.18000030517578,57.93000030517578,48.65415954589844,1248400,1329.0999755859375
2012-06-15,58.369998931884766,59.43999862670898,58.2400016784668,59.27999877929688,49.78799057006836,716100,1342.8399658203125
2012-06-18,58.95000076293945,60.38999938964844,58.560001373291016,60.31999969482422,50.661468505859375,574200,1344.780029296875
2012-06-19,60.70000076293945,62.02999877929688,60.70000076293945,61.75,51.86248779296875,466500,1357.97998046875
2012-06-20,61.75,62.59000015258789,61.34000015258789,61.81999969482422,51.921295166015625,707500,1355.68994140625
2012-06-21,61.72999954223633,61.900001525878906,58.66999816894531,59.04999923706055,49.59482192993164,779200,1325.510009765625
2012-06-22,59.33000183105469,59.41999816894531,58.060001373291016,58.7400016784668,49.334449768066406,1363400,1335.02001953125
2012-06-25,57.70000076293945,57.880001068115234,56.720001220703125,57.70000076293945,48.46099090576172,957900,1313.719970703125
2012-06-26,57.869998931884766,59.0,57.4900016784668,58.470001220703125,49.10770034790039,642800,1319.989990234375
2012-06-27,58.66999816894531,58.97999954223633,57.5,57.75,48.50297546386719,837600,1331.8499755859375
2012-06-28,57.060001373291016,57.95000076293945,57.060001373291016,57.88999938964844,48.62055206298828,865400,1329.0400390625
2012-06-29,59.540000915527344,59.880001068115234,59.13999938964844,59.63999938964844,50.0903549194336,803800,1362.1600341796875
2012-07-02,59.93999862670898,60.2599983215332,59.0099983215332,60.18999862670898,50.55229187011719,604700,1365.510009765625
2012-07-03,60.27999877929688,62.18999862670898,60.22999954223633,61.900001525878906,51.98848724365234,317600,1374.02001953125
2012-07-05,61.63999938964844,62.34000015258789,61.36000061035156,61.56999969482422,51.71131896972656,462200,1367.5799560546875
2012-07-06,60.65999984741211,61.06999969482422,59.709999084472656,59.9900016784668,50.38431930541992,645500,1354.6800537109375
2012-07-09,60.02000045776367,60.09999847412109,58.93999862670898,59.45000076293945,49.930782318115234,400400,1352.4599609375
2012-07-10,60.040000915527344,60.41999816894531,58.400001525878906,58.880001068115234,49.452056884765625,558600,1341.469970703125
2012-07-11,58.9900016784668,59.040000915527344,56.93000030517578,57.29999923706055,48.12504577636719,814900,1341.449951171875
2012-07-12,57.04999923706055,57.04999923706055,55.65999984741211,56.52999877929688,47.47831726074219,799600,1334.760009765625
2012-07-13,57.11000061035156,58.13999938964844,57.11000061035156,57.93999862670898,48.66256713867188,707800,1356.780029296875
2012-07-16,57.81999969482422,57.900001525878906,56.77999877929688,57.31999969482422,48.1418342590332,660500,1353.6400146484375
2012-07-17,57.79999923706055,57.84999847412109,56.77000045776367,57.22999954223633,48.06625747680664,1047900,1363.6700439453125
2012-07-18,55.2400016784668,56.02000045776367,53.18000030517578,55.61000061035156,46.70563888549805,2089100,1372.780029296875
2012-07-19,55.70000076293945,57.7599983215332,55.0099983215332,57.52999877929688,48.31821060180664,1485700,1376.510009765625
2012-07-20,57.0,57.459999084472656,56.709999084472656,57.06999969482422,47.93185806274414,1509200,1362.6600341796875
2012-07-23,56.0,56.97999954223633,55.40999984741211,56.70000076293945,47.62111282348633,1547800,1350.52001953125
2012-07-24,56.7599983215332,56.93999862670898,54.38999938964844,54.84000015258789,46.05894470214844,1152300,1338.31005859375
2012-07-25,55.40999984741211,55.900001525878906,54.90999984741211,55.13999938964844,46.31089782714844,685900,1337.8900146484375
2012-07-26,56.09999847412109,56.43000030517578,55.4900016784668,56.369998931884766,47.34394454956055,557600,1360.02001953125
2012-07-27,56.810001373291016,58.290000915527344,56.5099983215332,58.119998931884766,48.81373977661133,733100,1385.969970703125
2012-07-30,58.09000015258789,58.88999938964844,57.52999877929688,58.220001220703125,48.89772415161133,718300,1385.300048828125
2012-07-31,57.88999938964844,58.63999938964844,57.75,58.220001220703125,48.89772415161133,670000,1379.3199462890625
2012-08-01,58.470001220703125,58.86000061035156,57.75,57.75,48.50297546386719,452600,1375.3199462890625
2012-08-02,56.91999816894531,57.68000030517578,55.65999984741211,56.52999877929688,47.47831726074219,718900,1365.0
2012-08-03,58.11000061035156,59.09999847412109,58.09999847412109,58.52999877929688,49.15809631347656,447000,1390.989990234375
2012-08-06,58.91999816894531,59.41999816894531,58.709999084472656,59.11000061035156,49.64520263671875,436100,1394.22998046875
2012-08-07,59.68000030517578,60.459999084472656,59.29999923706055,60.22999954223633,50.58589172363281,673300,1401.3499755859375
2012-08-08,59.90999984741211,60.43000030517578,59.68000030517578,60.18000030517578,50.543888092041016,337900,1402.219970703125
2012-08-09,60.20000076293945,61.119998931884766,60.18000030517578,60.869998931884766,51.12340927124024,326800,1402.800048828125
2012-08-10,60.59999847412109,61.040000915527344,60.02999877929688,60.9900016784668,51.22420120239258,274800,1405.8699951171875
2012-08-13,60.5,61.09000015258789,60.310001373291016,61.06999969482422,51.29137802124024,462600,1404.1099853515625
2012-08-14,61.18999862670898,61.43000030517578,60.22999954223633,60.43999862670898,50.76225662231445,566400,1403.9300537109375
2012-08-15,60.34000015258789,60.9900016784668,60.34000015258789,60.869998931884766,51.12340927124024,336100,1405.530029296875
2012-08-16,61.0099983215332,61.41999816894531,60.59999847412109,61.20000076293945,51.40056228637695,504800,1415.510009765625
2012-08-17,61.09999847412109,61.45000076293945,60.880001068115234,61.310001373291016,51.49295425415039,423500,1418.1600341796875
2012-08-20,61.04999923706055,61.18999862670898,60.54999923706055,61.15999984741211,51.36695098876953,440400,1418.1300048828125
2012-08-21,60.880001068115234,61.040000915527344,58.130001068115234,58.86000061035156,49.43523788452149,1414500,1413.1700439453125
2012-08-22,58.619998931884766,58.7400016784668,57.630001068115234,57.95000076293945,48.67095565795898,1449100,1413.489990234375
2012-08-23,57.93999862670898,57.93999862670898,56.43000030517578,56.70000076293945,47.62111282348633,1539600,1402.0799560546875
2012-08-24,56.72999954223633,56.86000061035156,55.95000076293945,56.400001525878906,47.3691520690918,907400,1411.1300048828125
2012-08-27,56.61000061035156,56.61000061035156,55.119998931884766,55.310001373291016,46.45368194580078,1473600,1410.43994140625
2012-08-28,55.310001373291016,55.5099983215332,54.4900016784668,54.52000045776367,45.79016876220703,1507500,1409.300048828125
2012-08-29,54.72999954223633,54.81999969482422,54.209999084472656,54.72999954223633,45.96654891967773,1713300,1410.489990234375
2012-08-30,54.20000076293945,54.66999816894531,54.040000915527344,54.400001525878906,45.689395904541016,1073700,1399.47998046875
2012-08-31,54.84000015258789,55.20000076293945,54.09999847412109,54.72999954223633,45.96654891967773,1075700,1406.5799560546875
2012-09-04,54.43999862670898,54.7599983215332,53.27999877929688,54.08000183105469,45.42063522338867,930200,1404.93994140625
2012-09-05,54.09999847412109,54.2599983215332,53.41999816894531,54.060001373291016,45.40382766723633,995400,1403.43994140625
2012-09-06,54.68999862670898,56.41999816894531,54.68000030517578,55.75,46.8232307434082,965900,1432.1199951171875
2012-09-07,56.0,56.970001220703125,55.66999816894531,56.91999816894531,47.80587768554688,1003900,1437.9200439453125
2012-09-10,56.65999984741211,57.02999877929688,56.52000045776367,56.75,47.66311264038086,695000,1429.0799560546875
2012-09-11,56.66999816894531,56.959999084472656,56.33000183105469,56.77999877929688,47.68830871582031,560400,1433.56005859375
2012-09-12,56.43999862670898,56.720001220703125,54.459999084472656,54.68000030517578,46.086891174316406,1450400,1436.56005859375
2012-09-13,54.119998931884766,54.2400016784668,52.869998931884766,53.47999954223633,45.075469970703125,2785200,1459.989990234375
2012-09-14,53.68999862670898,54.13999938964844,53.650001525878906,53.88999938964844,45.421043395996094,1577500,1465.77001953125
2012-09-17,53.68000030517578,53.7400016784668,53.369998931884766,53.459999084472656,45.05861282348633,728600,1461.18994140625
2012-09-18,52.86000061035156,53.09999847412109,51.86000061035156,52.68000030517578,44.40119934082031,1350900,1459.3199462890625
2012-09-19,52.93999862670898,54.63999938964844,52.810001373291016,54.27000045776367,45.7413215637207,1951200,1461.050048828125
2012-09-20,53.630001068115234,53.720001220703125,53.2599983215332,53.58000183105469,45.15975189208984,971700,1460.260009765625
2012-09-21,53.970001220703125,54.31999969482422,53.18000030517578,53.209999084472656,44.847904205322266,982200,1460.1500244140625
2012-09-24,52.75,53.09000015258789,52.650001525878906,52.869998931884766,44.56133270263672,678200,1456.8900146484375
2012-09-25,52.97999954223633,53.22999954223633,51.63999938964844,51.650001525878906,43.5330696105957,772100,1441.5899658203125
2012-09-26,51.68000030517578,51.91999816894531,50.880001068115234,51.560001373291016,43.457218170166016,753100,1433.3199462890625
2012-09-27,51.72999954223633,52.52999877929688,51.52000045776367,52.40999984741211,44.17363357543945,795300,1447.1500244140625
2012-09-28,52.0,52.79999923706055,51.77000045776367,52.68000030517578,44.40119934082031,807900,1440.6700439453125
2012-10-01,53.15999984741211,53.709999084472656,52.43000030517578,52.70000076293945,44.41805648803711,1104100,1444.489990234375
2012-10-02,52.880001068115234,53.060001373291016,52.52000045776367,53.0,44.6709098815918,703100,1445.75
2012-10-03,52.970001220703125,53.34999847412109,52.720001220703125,53.0099983215332,44.67934036254883,658900,1450.989990234375
2012-10-04,53.34999847412109,53.97999954223633,53.18999862670898,53.75,45.30303192138672,718900,1461.4000244140625
2012-10-05,54.130001068115234,54.630001068115234,53.93999862670898,54.34999847412109,45.80874633789063,992400,1460.9300537109375
2012-10-08,53.77999877929688,53.97999954223633,53.27000045776367,53.59000015258789,45.16817474365234,613500,1455.8800048828125
2012-10-09,53.54999923706055,53.54999923706055,52.5099983215332,52.68000030517578,44.40119934082031,872300,1441.47998046875
2012-10-10,52.81999969482422,52.84999847412109,51.77000045776367,51.84000015258789,43.69321060180664,561100,1432.56005859375
2012-10-11,52.40999984741211,52.77999877929688,52.22999954223633,52.33000183105469,44.10621643066406,398700,1432.8399658203125
2012-10-12,52.400001525878906,52.88999938964844,51.86000061035156,52.0099983215332,43.83649444580078,344200,1428.5899658203125
2012-10-15,52.060001373291016,52.619998931884766,51.86000061035156,52.34999847412109,44.1230583190918,1245600,1440.1300048828125
2012-10-16,52.7400016784668,53.880001068115234,52.18000030517578,53.79999923706055,45.34519577026367,896800,1454.9200439453125
2012-10-17,53.95000076293945,54.43000030517578,53.720001220703125,54.27999877929688,45.749755859375,840100,1460.9100341796875
2012-10-18,52.84999847412109,56.09999847412109,52.0,55.720001220703125,46.96345138549805,2688100,1457.3399658203125
2012-10-19,55.68999862670898,56.2599983215332,54.88999938964844,55.33000183105469,46.63473892211914,1820200,1433.18994140625
2012-10-22,55.130001068115234,56.22999954223633,55.130001068115234,56.18000030517578,47.35115814208984,1466400,1433.8199462890625
2012-10-23,54.79999923706055,55.77999877929688,54.40999984741211,55.43000030517578,46.719024658203125,1385100,1413.1099853515625
2012-10-24,55.88999938964844,56.0,54.90999984741211,55.0099983215332,46.36503219604492,1086800,1408.75
2012-10-25,55.38999938964844,55.54999923706055,54.650001525878906,55.09000015258789,46.43246078491211,796500,1412.969970703125
2012-10-26,55.08000183105469,55.66999816894531,54.880001068115234,55.290000915527344,46.60103225708008,753600,1411.93994140625
2012-10-31,55.459999084472656,55.5,54.970001220703125,55.11000061035156,46.449317932128906,719700,1412.1600341796875
2012-11-01,55.380001068115234,57.06999969482422,54.630001068115234,56.790000915527344,47.86530303955078,1062800,1427.5899658203125
2012-11-02,57.11000061035156,57.18999862670898,55.77999877929688,56.22999954223633,47.393310546875,721500,1414.199951171875
2012-11-05,55.97999954223633,56.869998931884766,55.97999954223633,56.810001373291016,47.88216400146485,688900,1417.260009765625
2012-11-06,56.88999938964844,57.43999862670898,56.70000076293945,57.02000045776367,48.05916595458984,734900,1428.3900146484375
2012-11-07,56.08000183105469,56.43000030517578,55.06999969482422,55.5099983215332,46.78644180297852,831600,1394.530029296875
2012-11-08,55.52999877929688,56.18000030517578,54.47999954223633,54.4900016784668,45.92673873901367,912200,1377.510009765625
2012-11-09,54.290000915527344,55.25,53.880001068115234,54.209999084472656,45.69075775146485,740700,1379.8499755859375
2012-11-12,54.560001373291016,55.54999923706055,54.560001373291016,55.11000061035156,46.449317932128906,444100,1380.030029296875
2012-11-13,55.15999984741211,56.61000061035156,55.15999984741211,55.650001525878906,46.90445327758789,854100,1374.530029296875
2012-11-14,55.709999084472656,56.380001068115234,54.220001220703125,54.34000015258789,45.800323486328125,485100,1355.489990234375
2012-11-15,54.83000183105469,54.90999984741211,53.59999847412109,54.08000183105469,45.58119201660156,636800,1353.3299560546875
2012-11-16,54.310001373291016,54.77000045776367,53.97999954223633,54.310001373291016,45.7750358581543,879800,1359.8800048828125
2012-11-19,55.18999862670898,56.790000915527344,55.18999862670898,56.380001068115234,47.51973724365234,820100,1386.8900146484375
2012-11-20,56.310001373291016,56.95000076293945,56.209999084472656,56.40999984741211,47.54501724243164,857700,1387.81005859375
2012-11-21,56.61000061035156,56.91999816894531,56.130001068115234,56.40999984741211,47.54501724243164,457000,1391.030029296875
2012-11-23,56.77999877929688,58.09999847412109,56.68999862670898,57.540000915527344,48.49744415283203,335800,1409.1500244140625
2012-11-26,57.25,57.81999969482422,57.0099983215332,57.4900016784668,48.45529556274414,503000,1406.2900390625
2012-11-27,57.119998931884766,58.08000183105469,56.02999877929688,57.90999984741211,48.80929183959961,752400,1398.93994140625
2012-11-28,57.84999847412109,59.220001220703125,57.43000030517578,59.18999862670898,49.88813400268555,1013600,1409.9300537109375
2012-11-29,59.47999954223633,60.52999877929688,59.25,60.16999816894531,50.714134216308594,1151600,1415.949951171875
2012-11-30,60.0,60.709999084472656,59.540000915527344,59.790000915527344,50.39384460449219,1041600,1416.1800537109375
2012-12-03,60.11000061035156,60.540000915527344,58.7599983215332,58.83000183105469,49.5847053527832,939400,1409.4599609375
2012-12-04,58.93000030517578,59.38999938964844,58.61000061035156,58.959999084472656,49.694278717041016,548800,1407.050048828125
2012-12-05,58.9900016784668,59.47999954223633,58.52000045776367,59.13999938964844,49.845985412597656,462500,1409.280029296875
2012-12-06,59.150001525878906,59.43000030517578,58.84999847412109,59.18000030517578,49.87970352172852,439500,1413.93994140625
2012-12-07,59.380001068115234,59.40999984741211,58.93999862670898,59.20000076293945,49.89655685424805,478300,1418.0699462890625
2012-12-10,59.20000076293945,59.959999084472656,58.4900016784668,59.7599983215332,50.36855697631836,437100,1418.550048828125
2012-12-11,59.900001525878906,60.630001068115234,59.68000030517578,59.900001525878906,50.48656463623047,715500,1427.8399658203125
2012-12-12,60.06999969482422,60.220001220703125,59.150001525878906,59.38999938964844,50.22439193725586,370100,1428.47998046875
2012-12-13,59.34000015258789,60.0,58.880001068115234,59.27000045776367,50.12290191650391,609800,1419.449951171875
2012-12-14,59.36000061035156,59.880001068115234,59.0099983215332,59.369998931884766,50.20748519897461,365500,1413.5799560546875
2012-12-17,59.380001068115234,60.220001220703125,59.380001068115234,60.18999862670898,50.90092468261719,734000,1430.3599853515625
2012-12-18,60.18000030517578,61.81999969482422,60.18000030517578,61.790000915527344,52.254005432128906,774700,1446.7900390625
2012-12-19,61.75,62.5099983215332,61.75,62.02000045776367,52.448509216308594,792000,1435.81005859375
2012-12-20,61.970001220703125,62.27000045776367,61.47999954223633,62.04999923706055,52.47387313842773,474600,1443.68994140625
2012-12-21,61.130001068115234,62.11000061035156,60.72999954223633,61.65999984741211,52.14406967163086,1179400,1430.1500244140625
2012-12-24,61.43000030517578,61.97999954223633,61.11000061035156,61.93000030517578,52.37240219116211,156700,1426.6600341796875
2012-12-26,62.060001373291016,62.400001525878906,61.54999923706055,61.66999816894531,52.152530670166016,327400,1419.8299560546875
2012-12-27,61.81999969482422,62.13999938964844,60.720001220703125,61.70000076293945,52.17790222167969,372900,1418.0999755859375
2012-12-28,61.27000045776367,61.61000061035156,60.86000061035156,60.88999938964844,51.492897033691406,228000,1402.4300537109375
2012-12-31,60.61000061035156,62.36000061035156,60.61000061035156,62.119998931884766,52.53308868408203,343700,1426.18994140625
2013-01-02,63.68999862670898,64.72000122070312,63.68999862670898,64.30000305175781,54.37664413452149,568100,1462.4200439453125
2013-01-03,64.33000183105469,64.69999694824219,63.56999969482422,63.880001068115234,54.02145767211914,408000,1459.3699951171875
2013-01-04,63.81999969482422,64.80999755859375,63.77999877929688,64.62999725341797,54.655704498291016,441300,1466.469970703125
2013-01-07,64.12000274658203,65.08000183105469,64.0,64.94999694824219,54.92631149291992,668600,1461.8900146484375
2013-01-08,64.4000015258789,64.58999633789062,63.52000045776367,63.77000045776367,53.92844009399414,318000,1457.1500244140625
2013-01-09,63.900001525878906,64.30999755859375,63.59000015258789,64.12000274658203,54.22441482543945,389800,1461.02001953125
2013-01-10,64.41000366210938,64.70999908447266,63.720001220703125,64.16999816894531,54.26670837402344,403400,1472.1199951171875
2013-01-11,64.16000366210938,64.23999786376953,63.54999923706055,63.970001220703125,54.09757614135742,406300,1472.050048828125
2013-01-14,63.90999984741211,64.62999725341797,63.75,64.62999725341797,54.655704498291016,259200,1470.6800537109375
2013-01-15,64.5999984741211,65.3499984741211,64.29000091552734,65.0999984741211,55.053184509277344,793000,1472.3399658203125
2013-01-16,64.87000274658203,65.0,64.41999816894531,64.61000061035156,54.6388053894043,377600,1472.6300048828125
2013-01-17,65.0199966430664,65.58000183105469,64.8499984741211,65.26000213623047,55.18849182128906,640800,1480.93994140625
2013-01-18,65.54000091552734,65.54000091552734,64.33000183105469,64.44000244140625,54.49505233764648,754700,1485.97998046875
2013-01-22,64.52999877929688,64.69999694824219,63.97999954223633,64.33000183105469,54.40201187133789,1056600,1492.56005859375
2013-01-23,65.7300033569336,67.75,63.880001068115234,64.66999816894531,54.68952941894531,2728900,1494.81005859375
2013-01-24,63.4900016784668,63.59000015258789,60.709999084472656,62.11000061035156,52.52461624145508,1892000,1494.8199462890625
2013-01-25,62.52000045776367,62.79999923706055,61.41999816894531,62.43000030517578,52.79524993896485,1025300,1502.9599609375
2013-01-28,62.5,63.34999847412109,62.09999847412109,63.15999984741211,53.41257858276367,879900,1500.1800537109375
2013-01-29,62.9900016784668,63.5,62.869998931884766,63.18999862670898,53.43794631958008,663600,1507.8399658203125
2013-01-30,63.2599983215332,63.2599983215332,62.33000183105469,62.4900016784668,52.84598159790039,552400,1501.9599609375
2013-01-31,61.9900016784668,62.02999877929688,61.27999877929688,61.310001373291016,51.848087310791016,715100,1498.1099853515625
2013-02-01,61.970001220703125,61.970001220703125,61.15999984741211,61.75,52.22017288208008,725300,1513.1700439453125
2013-02-04,61.2400016784668,61.9900016784668,61.119998931884766,61.59999847412109,52.09333038330078,609600,1495.7099609375
2013-02-05,61.900001525878906,62.70000076293945,61.900001525878906,62.27000045776367,52.65991973876953,687200,1511.2900390625
2013-02-06,61.790000915527344,62.63999938964844,61.650001525878906,62.02999877929688,52.456974029541016,562700,1512.1199951171875
2013-02-07,62.06999969482422,62.09000015258789,61.18999862670898,61.58000183105469,52.076419830322266,509300,1509.3900146484375
2013-02-08,61.77999877929688,63.02000045776367,61.77999877929688,62.65999984741211,52.98973846435547,422700,1517.9300537109375
2013-02-11,62.68000030517578,62.93999862670898,62.400001525878906,62.7599983215332,53.07430267333984,428200,1517.010009765625
2013-02-12,62.45000076293945,62.93999862670898,62.27000045776367,62.70000076293945,53.02356719970703,376300,1519.4300537109375
2013-02-13,64.05000305175781,66.83000183105469,64.05000305175781,66.1500015258789,55.94112014770508,1949000,1520.3299560546875
2013-02-14,65.8499984741211,65.98999786376953,65.27999877929688,65.41000366210938,55.315338134765625,585300,1521.3800048828125
2013-02-15,65.37000274658203,65.86000061035156,65.0,65.41999816894531,55.32379913330078,378800,1519.7900390625
2013-02-19,65.6500015258789,66.80999755859375,65.6500015258789,65.83999633789062,55.67897415161133,731100,1530.93994140625
2013-02-20,65.69999694824219,65.93000030517578,64.05000305175781,64.05999755859375,54.17367935180664,462100,1511.949951171875
2013-02-21,63.7599983215332,64.27999877929688,63.2599983215332,64.12999725341797,54.23287963867188,694100,1502.4200439453125
2013-02-22,64.4800033569336,65.25,64.38999938964844,65.0,54.96861267089844,551300,1515.5999755859375
2013-02-25,65.30999755859375,65.30999755859375,63.400001525878906,63.400001525878906,53.61555099487305,665100,1487.8499755859375
2013-02-26,63.68000030517578,64.16000366210938,63.5,63.86000061035156,54.00453186035156,515600,1496.93994140625
2013-02-27,63.86000061035156,65.5199966430664,63.790000915527344,65.22000122070312,55.1546630859375,244900,1515.989990234375
2013-02-28,65.20999908447266,65.72000122070312,65.08000183105469,65.08000183105469,55.03628158569336,350400,1514.6800537109375
2013-03-01,64.41000366210938,64.6500015258789,63.380001068115234,64.29000091552734,54.3681869506836,718200,1518.199951171875
2013-03-04,64.0999984741211,64.4800033569336,63.31999969482422,63.59000015258789,53.77622222900391,704200,1525.199951171875
2013-03-05,64.01000213623047,64.76000213623047,63.459999084472656,63.560001373291016,53.7508430480957,1125300,1539.7900390625
2013-03-06,63.95000076293945,65.25,63.77999877929688,64.62999725341797,54.655704498291016,921400,1541.4599609375
2013-03-07,64.73999786376953,65.18000030517578,64.02999877929688,64.20999908447266,54.300514221191406,545900,1544.260009765625
2013-03-08,64.68000030517578,65.63999938964844,64.31999969482422,65.61000061035156,55.484466552734375,648700,1551.1800537109375
2013-03-11,65.4000015258789,65.4800033569336,64.80999755859375,65.41999816894531,55.32379913330078,415000,1556.219970703125
2013-03-12,65.47000122070312,65.81999969482422,64.88999938964844,64.9000015258789,54.88405227661133,439200,1552.47998046875
2013-03-13,64.88999938964844,65.2699966430664,64.44999694824219,64.9800033569336,55.155670166015625,388600,1554.52001953125
2013-03-14,65.19000244140625,65.5999984741211,64.73999786376953,65.55999755859375,55.647979736328125,271400,1563.22998046875
2013-03-15,65.33000183105469,65.33999633789062,63.09999847412109,63.209999084472656,53.65326690673828,1321200,1560.699951171875
2013-03-18,62.34999847412109,62.79999923706055,62.08000183105469,62.43999862670898,52.99967575073242,1054200,1552.0999755859375
2013-03-19,62.560001373291016,62.79999923706055,61.9900016784668,62.61000061035156,53.14398193359375,597400,1548.3399658203125
2013-03-20,62.959999084472656,63.16999816894531,62.02999877929688,62.20000076293945,52.79597091674805,526500,1558.7099609375
2013-03-21,61.75,62.470001220703125,60.959999084472656,62.18999862670898,52.78749084472656,922000,1545.800048828125
2013-03-22,62.38999938964844,62.43999862670898,60.97999954223633,61.16999816894531,51.92171096801758,678600,1556.8900146484375
2013-03-25,61.34000015258789,62.150001525878906,60.7400016784668,61.81999969482422,52.47341537475586,737000,1551.68994140625
2013-03-26,61.9900016784668,62.45000076293945,61.77000045776367,62.0099983215332,52.63469314575195,471700,1563.77001953125
2013-03-27,61.52999877929688,62.33000183105469,61.2599983215332,61.75,52.41399765014648,658700,1562.8499755859375
2013-03-28,61.63999938964844,62.68000030517578,61.33000183105469,62.52000045776367,53.06759262084961,436100,1569.18994140625
2013-04-01,62.220001220703125,62.540000915527344,60.91999816894531,61.29999923706055,52.032039642333984,746900,1562.1700439453125
2013-04-02,61.5,61.52999877929688,60.93000030517578,61.15999984741211,51.91320037841797,581200,1570.25
2013-04-03,61.20000076293945,61.68000030517578,59.77999877929688,60.2599983215332,51.1492805480957,597900,1553.68994140625
2013-04-04,60.369998931884766,61.290000915527344,60.369998931884766,61.04999923706055,51.81984329223633,387400,1559.97998046875
2013-04-05,60.119998931884766,62.02999877929688,60.06999969482422,61.77000045776367,52.43098068237305,770100,1553.280029296875
2013-04-08,61.61000061035156,62.63999938964844,61.04999923706055,62.18999862670898,52.78749084472656,632600,1563.0699462890625
2013-04-09,62.40999984741211,62.68999862670898,61.27000045776367,61.91999816894531,52.55829620361328,676200,1568.6099853515625
2013-04-10,61.08000183105469,62.27999877929688,60.45000076293945,62.2400016784668,52.82992935180664,1075800,1587.72998046875
2013-04-11,62.34000015258789,63.27000045776367,61.86000061035156,61.93000030517578,52.56679153442383,937900,1593.3699951171875
2013-04-12,61.900001525878906,62.060001373291016,60.4900016784668,60.869998931884766,51.66704559326172,731200,1588.8499755859375
2013-04-15,60.36000061035156,60.5,58.90999984741211,59.2400016784668,50.28349304199219,861200,1552.3599853515625
2013-04-16,59.95000076293945,61.63999938964844,59.380001068115234,61.61000061035156,52.29518127441406,719500,1574.5699462890625
2013-04-17,60.810001373291016,61.09000015258789,60.02000045776367,60.2400016784668,51.13229751586914,950100,1552.010009765625
2013-04-18,58.959999084472656,58.9900016784668,57.0099983215332,57.75,49.01876068115234,2157100,1541.6099853515625
2013-04-19,57.06999969482422,58.970001220703125,56.63999938964844,58.81999969482422,49.92698669433594,1526500,1555.25
2013-04-22,58.790000915527344,59.47999954223633,57.93999862670898,58.9900016784668,50.07129669189453,774800,1562.5
2013-04-23,59.25,59.65999984741211,58.810001373291016,59.119998931884766,50.18163299560547,843500,1578.780029296875
2013-04-24,59.34999847412109,59.90999984741211,58.790000915527344,59.0,50.07976913452149,1667900,1578.7900390625
2013-04-25,59.47999954223633,59.56999969482422,59.06999969482422,59.27999877929688,50.31744384765625,1125800,1585.1600341796875
2013-04-26,59.400001525878906,59.619998931884766,58.4900016784668,58.86000061035156,49.96095275878906,610700,1582.239990234375
2013-04-29,58.97999954223633,59.66999816894531,58.7400016784668,59.470001220703125,50.47872924804688,845100,1593.6099853515625
2013-04-30,59.650001525878906,61.25,59.25,61.25,51.989593505859375,1170600,1597.5699462890625
2013-05-01,60.81999969482422,61.2400016784668,59.04999923706055,59.130001068115234,50.19011688232422,648000,1582.699951171875
2013-05-02,59.41999816894531,60.0,59.02999877929688,59.880001068115234,50.82673263549805,465700,1597.5899658203125
2013-05-03,60.540000915527344,61.95000076293945,60.540000915527344,61.27000045776367,52.0065803527832,466100,1614.4200439453125
2013-05-06,61.220001220703125,61.68999862670898,60.95000076293945,61.54999923706055,52.24424362182617,563900,1617.5
2013-05-07,61.560001373291016,62.45000076293945,61.45000076293945,62.18000030517578,52.77898788452149,686500,1625.9599609375
2013-05-08,62.0,63.52999877929688,61.90999984741211,63.52999877929688,53.92488861083984,807400,1632.68994140625
2013-05-09,63.380001068115234,63.900001525878906,62.93000030517578,63.369998931884766,53.78907012939453,534400,1626.6700439453125
2013-05-10,63.560001373291016,64.20999908447266,63.380001068115234,64.1500015258789,54.45115280151367,600800,1633.699951171875
2013-05-13,64.1500015258789,64.20999908447266,63.630001068115234,63.970001220703125,54.29836654663086,710200,1633.77001953125
2013-05-14,63.86000061035156,65.0,63.86000061035156,64.86000061035156,55.05380630493164,557100,1650.3399658203125
2013-05-15,64.69000244140625,65.83999633789062,64.68000030517578,65.83000183105469,55.87714385986328,635600,1658.780029296875
2013-05-16,65.68000030517578,66.66999816894531,65.6500015258789,66.2699966430664,56.25061798095703,837000,1650.469970703125
2013-05-17,66.61000061035156,67.6500015258789,66.4800033569336,67.33999633789062,57.15884399414063,715400,1667.469970703125
2013-05-20,67.20999908447266,67.20999908447266,66.0,66.31999969482422,56.293067932128906,887800,1666.2900390625
2013-05-21,66.45999908447266,67.44999694824219,66.45999908447266,66.94000244140625,56.8193359375,431400,1669.1600341796875
2013-05-22,66.94000244140625,67.95999908447266,66.0199966430664,66.43000030517578,56.38643264770508,444200,1655.3499755859375
2013-05-23,65.61000061035156,66.62000274658203,65.01000213623047,66.61000061035156,56.53921890258789,600700,1650.510009765625
2013-05-24,66.22000122070312,66.5999984741211,66.08000183105469,66.44000244140625,56.39493179321289,439500,1649.5999755859375
2013-05-28,67.31999969482422,67.7699966430664,67.19000244140625,67.75,57.50687026977539,781700,1660.06005859375
2013-05-29,67.08000183105469,67.79000091552734,66.91999816894531,67.48999786376953,57.28619384765625,448800,1648.3599853515625
2013-05-30,67.54000091552734,69.02999877929688,67.44999694824219,69.0,58.5678825378418,1031500,1654.4100341796875
2013-05-31,68.31999969482422,68.55000305175781,66.83000183105469,66.91999816894531,56.802371978759766,992000,1630.739990234375
2013-06-03,66.9000015258789,67.06999969482422,65.16000366210938,65.73999786376953,55.800758361816406,933800,1640.4200439453125
2013-06-04,65.79000091552734,66.63999938964844,65.3499984741211,65.8499984741211,55.89413833618164,345700,1631.3800048828125
2013-06-05,65.62999725341797,65.91000366210938,64.63999938964844,64.79000091552734,54.9943962097168,450700,1608.9000244140625
2013-06-06,64.80000305175781,65.38999938964844,63.40999984741211,64.37000274658203,54.63787841796875,1116700,1622.56005859375
2013-06-07,64.4000015258789,64.52999877929688,63.33000183105469,64.13999938964844,54.44265365600586,673400,1643.3800048828125
2013-06-10,64.31999969482422,64.51000213623047,63.02999877929688,63.5,53.8994255065918,942800,1642.81005859375
2013-06-11,62.75,63.400001525878906,61.959999084472656,62.84000015258789,53.33919525146485,583400,1626.1300048828125
2013-06-12,63.11000061035156,63.29999923706055,61.83000183105469,61.880001068115234,52.7257194519043,593700,1612.52001953125
2013-06-13,61.66999816894531,63.560001373291016,61.52000045776367,63.36000061035156,53.986778259277344,398800,1636.3599853515625
2013-06-14,63.38999938964844,63.68999862670898,62.900001525878906,62.97999954223633,53.66299819946289,409600,1626.72998046875
2013-06-17,63.59000015258789,63.84000015258789,62.900001525878906,63.29999923706055,53.93565368652344,524100,1639.0400390625
2013-06-18,63.220001220703125,64.41000366210938,63.220001220703125,63.9900016784668,54.52357864379883,267100,1651.81005859375
2013-06-19,63.97999954223633,64.08999633789062,63.36000061035156,63.400001525878906,54.02086639404297,368700,1628.9300537109375
2013-06-20,62.43000030517578,63.06999969482422,61.959999084472656,62.25,53.040977478027344,851100,1588.18994140625
2013-06-21,62.619998931884766,62.720001220703125,61.470001220703125,61.970001220703125,52.80240631103516,976900,1592.4300537109375
2013-06-24,61.29999923706055,61.75,60.25,61.22999954223633,52.171875,802800,1573.0899658203125
2013-06-25,61.93000030517578,62.470001220703125,61.75,62.209999084472656,53.00690460205078,600400,1588.030029296875
2013-06-26,62.93999862670898,63.18000030517578,62.18000030517578,62.65999984741211,53.39031600952149,468100,1603.260009765625
2013-06-27,63.02000045776367,63.29999923706055,62.54999923706055,62.75,53.46701049804688,430300,1613.199951171875
2013-06-28,62.56999969482422,63.790000915527344,61.709999084472656,62.290000915527344,53.07506561279297,996300,1606.280029296875
2013-07-01,62.59000015258789,63.59000015258789,62.58000183105469,63.02999877929688,53.70561218261719,780700,1614.9599609375
2013-07-02,63.08000183105469,63.68999862670898,62.70000076293945,63.040000915527344,53.71410751342773,540500,1614.0799560546875
2013-07-03,62.72999954223633,63.2400016784668,62.54999923706055,62.84999847412109,53.552223205566406,272600,1615.4100341796875
2013-07-05,63.41999816894531,63.90999984741211,63.08000183105469,63.66999816894531,54.25091171264648,338800,1631.8900146484375
2013-07-08,63.70000076293945,64.27999877929688,63.06999969482422,63.369998931884766,53.99528884887695,530600,1640.4599609375
2013-07-09,63.81999969482422,65.1500015258789,63.720001220703125,64.69000244140625,55.12001800537109,466900,1652.3199462890625
2013-07-10,64.77999877929688,65.5999984741211,64.66000366210938,65.20999908447266,55.56308364868164,518600,1652.6199951171875
2013-07-11,66.33000183105469,66.38999938964844,64.7699966430664,65.05999755859375,55.435279846191406,599200,1675.02001953125
2013-07-12,65.02999877929688,65.06999969482422,64.19000244140625,64.80000305175781,55.21375274658203,654200,1680.18994140625
2013-07-15,64.80000305175781,65.2699966430664,64.33999633789062,64.63999938964844,55.077423095703125,587200,1682.5
2013-07-16,64.87000274658203,65.23999786376953,63.88999938964844,64.69999694824219,55.128536224365234,645000,1676.260009765625
2013-07-17,64.95999908447266,65.5,64.69999694824219,64.79000091552734,55.20523452758789,689400,1680.9100341796875
2013-07-18,63.06999969482422,63.27000045776367,60.15999984741211,62.77000045776367,53.48405838012695,2510200,1689.3699951171875
2013-07-19,62.459999084472656,63.02000045776367,61.790000915527344,62.81999969482422,53.52665710449219,1027800,1692.0899658203125
2013-07-22,62.720001220703125,62.91999816894531,62.09000015258789,62.560001373291016,53.30514526367188,1004700,1695.530029296875
2013-07-23,62.84000015258789,63.11000061035156,62.470001220703125,62.810001373291016,53.51815032958984,603800,1692.3900146484375
2013-07-24,62.97999954223633,63.150001525878906,62.29999923706055,62.63999938964844,53.3733024597168,798000,1685.93994140625
2013-07-25,62.560001373291016,62.95000076293945,62.20000076293945,62.47999954223633,53.236961364746094,1172100,1690.25
2013-07-26,62.20000076293945,62.41999816894531,61.47999954223633,61.7400016784668,52.60643005371094,1034500,1691.6500244140625
2013-07-29,61.43000030517578,62.0099983215332,61.25,61.75,52.61494827270508,946200,1685.3299560546875
2013-07-30,61.79999923706055,62.900001525878906,61.52999877929688,61.880001068115234,52.7257194519043,1418200,1685.9599609375
2013-07-31,61.88999938964844,62.9900016784668,61.84000015258789,62.0099983215332,52.83649063110352,1172000,1685.72998046875
2013-08-01,62.4900016784668,62.88999938964844,62.310001373291016,62.380001068115234,53.1517448425293,1296900,1706.8699951171875
2013-08-02,62.29999923706055,62.68000030517578,61.880001068115234,62.31999969482422,53.10062789916992,1831200,1709.6700439453125
2013-08-05,62.33000183105469,63.36000061035156,62.130001068115234,63.2599983215332,53.90156555175781,1351900,1707.1400146484375
2013-08-06,63.0,63.27000045776367,62.7400016784668,63.13999938964844,53.79932022094727,1008200,1697.3699951171875
2013-08-07,62.810001373291016,63.33000183105469,62.56999969482422,63.119998931884766,53.78227615356445,1038500,1690.9100341796875
2013-08-08,63.36000061035156,63.59999847412109,62.900001525878906,63.16999816894531,53.824893951416016,696000,1697.47998046875
2013-08-09,62.9900016784668,63.4900016784668,62.72999954223633,62.90999984741211,53.60335159301758,589000,1691.4200439453125
2013-08-12,62.70000076293945,63.63999938964844,62.70000076293945,63.400001525878906,54.02086639404297,438400,1689.469970703125
2013-08-13,63.29999923706055,63.5099983215332,62.869998931884766,63.27000045776367,53.91010284423828,415900,1694.1600341796875
2013-08-14,63.25,63.63999938964844,62.650001525878906,62.91999816894531,53.61186218261719,556700,1685.3900146484375
2013-08-15,62.43000030517578,62.66999816894531,62.0,62.459999084472656,53.219913482666016,788200,1661.3199462890625
2013-08-16,62.25,62.459999084472656,61.869998931884766,62.29999923706055,53.08358383178711,494300,1655.8299560546875
2013-08-19,62.09999847412109,62.630001068115234,61.959999084472656,62.400001525878906,53.16880035400391,503600,1646.06005859375
2013-08-20,62.33000183105469,63.040000915527344,62.209999084472656,62.41999816894531,53.18583679199219,335600,1652.3499755859375
2013-08-21,62.290000915527344,62.75,61.90999984741211,62.02999877929688,52.8535270690918,311800,1642.800048828125
2013-08-22,62.2400016784668,62.97999954223633,62.02000045776367,62.63999938964844,53.3733024597168,253900,1656.9599609375
2013-08-23,62.93000030517578,63.08000183105469,62.380001068115234,62.84000015258789,53.5436897277832,485200,1663.5
2013-08-26,62.869998931884766,63.61000061035156,62.81999969482422,62.91999816894531,53.61186218261719,586600,1656.780029296875
2013-08-27,62.34999847412109,63.040000915527344,62.0,62.59000015258789,53.3306884765625,633700,1630.47998046875
2013-08-28,62.5,62.869998931884766,62.369998931884766,62.54999923706055,53.296607971191406,467700,1634.9599609375
2013-08-29,62.400001525878906,63.22999954223633,62.369998931884766,62.7599983215332,53.475528717041016,407500,1638.1700439453125
2013-08-30,62.75,63.20000076293945,62.06999969482422,62.369998931884766,53.14323425292969,578100,1632.969970703125
2013-09-03,63.04999923706055,63.27999877929688,61.70000076293945,62.130001068115234,52.9387321472168,1022300,1639.77001953125
2013-09-04,62.08000183105469,62.79999923706055,61.77000045776367,62.2599983215332,53.04951095581055,793500,1653.0799560546875
2013-09-05,62.40999984741211,62.970001220703125,62.09000015258789,62.34000015258789,53.11767578125,560300,1655.0799560546875
2013-09-06,62.58000183105469,62.880001068115234,61.61000061035156,61.959999084472656,52.79389190673828,674500,1655.1700439453125
2013-09-09,62.18999862670898,62.709999084472656,61.91999816894531,62.20000076293945,52.998382568359375,488100,1671.7099609375
2013-09-10,62.7400016784668,64.0999984741211,62.68999862670898,64.08999633789062,54.60877990722656,1054900,1683.989990234375
2013-09-11,63.91999816894531,64.01000213623047,62.75,63.52999877929688,54.33509826660156,602600,1689.1300048828125
2013-09-12,63.380001068115234,63.619998931884766,62.650001525878906,63.18000030517578,54.035762786865234,678300,1683.4200439453125
2013-09-13,63.11000061035156,63.650001525878906,62.709999084472656,63.09999847412109,53.96733093261719,432500,1687.989990234375
2013-09-16,63.709999084472656,63.7400016784668,62.970001220703125,63.52000045776367,54.326541900634766,838700,1697.5999755859375
2013-09-17,63.41999816894531,63.75,62.880001068115234,63.34999847412109,54.1811637878418,641000,1704.760009765625
2013-09-18,63.380001068115234,63.5099983215332,62.72999954223633,63.25,54.09562683105469,1035500,1725.52001953125
2013-09-19,63.43000030517578,64.38999938964844,63.33000183105469,63.58000183105469,54.37785339355469,653000,1722.3399658203125
2013-09-20,63.650001525878906,64.16000366210938,62.970001220703125,63.16999816894531,54.02721405029297,1176400,1709.9100341796875
2013-09-23,63.0,63.41999816894531,62.709999084472656,63.02000045776367,53.8989143371582,696000,1701.8399658203125
2013-09-24,62.27000045776367,62.7400016784668,60.88999938964844,62.470001220703125,53.42851257324219,965000,1697.4200439453125
2013-09-25,62.369998931884766,62.79999923706055,62.040000915527344,62.27000045776367,53.25746536254883,501800,1692.77001953125
2013-09-26,62.43999862670898,63.400001525878906,62.43999862670898,62.95000076293945,53.83903503417969,738000,1698.6700439453125
2013-09-27,62.77999877929688,63.06999969482422,62.40999984741211,62.77000045776367,53.68510055541992,352700,1691.75
2013-09-30,62.09999847412109,63.040000915527344,62.02000045776367,62.93999862670898,53.83050155639648,643200,1681.550048828125
2013-10-01,62.650001525878906,64.23999786376953,62.5,63.68999862670898,54.47194290161133,884600,1695.0
2013-10-02,63.29999923706055,63.81999969482422,62.9900016784668,63.77000045776367,54.54036712646485,799800,1693.8699951171875
2013-10-03,63.59000015258789,64.30999755859375,63.27999877929688,63.95000076293945,54.69430541992188,841600,1678.6600341796875
2013-10-04,63.880001068115234,64.73999786376953,63.68999862670898,64.6500015258789,55.29298782348633,909900,1690.5
2013-10-07,64.19000244140625,64.79000091552734,62.93000030517578,64.13999938964844,54.8568115234375,559600,1676.1199951171875
2013-10-08,64.01000213623047,64.12000274658203,63.290000915527344,63.33000183105469,54.16404724121094,937200,1655.449951171875
2013-10-09,63.36000061035156,63.619998931884766,62.77000045776367,63.040000915527344,53.916011810302734,860000,1656.4000244140625
2013-10-10,63.380001068115234,63.83000183105469,63.34999847412109,63.7599983215332,54.53180694580078,559500,1692.56005859375
2013-10-11,63.31999969482422,63.650001525878906,63.0,63.52999877929688,54.33509826660156,1220400,1703.199951171875
2013-10-14,63.400001525878906,64.19000244140625,63.29999923706055,63.9900016784668,54.72852325439453,654400,1710.1400146484375
2013-10-15,64.0,64.55999755859375,63.630001068115234,64.23999786376953,54.94233703613281,769600,1698.06005859375
2013-10-16,64.56999969482422,64.83999633789062,64.16000366210938,64.41999816894531,55.096282958984375,1072700,1721.5400390625
2013-10-17,64.6500015258789,67.44999694824219,64.0199966430664,67.44999694824219,57.68773651123047,2281400,1733.1500244140625
2013-10-18,66.88999938964844,67.41000366210938,66.44000244140625,67.30000305175781,57.5594596862793,931600,1744.5
2013-10-21,67.44000244140625,67.48999786376953,66.55000305175781,66.79000091552734,57.12325286865234,850600,1744.6600341796875
2013-10-22,67.01000213623047,67.44000244140625,66.9000015258789,67.19000244140625,57.465370178222656,559500,1754.6700439453125
2013-10-23,67.0,67.44000244140625,66.80000305175781,67.38999938964844,57.63642883300781,407800,1746.3800048828125
2013-10-24,67.30000305175781,67.7699966430664,67.16999816894531,67.5999984741211,57.81605911254883,417500,1752.0699462890625
2013-10-25,67.58000183105469,67.9800033569336,66.68000030517578,67.5999984741211,57.81605911254883,378000,1759.77001953125
2013-10-28,67.47000122070312,67.77999877929688,66.77999877929688,67.12000274658203,57.405521392822266,472400,1762.1099853515625
2013-10-29,67.0999984741211,67.43000030517578,66.25,66.83999633789062,57.1660270690918,564400,1771.949951171875
2013-10-30,66.91999816894531,67.12999725341797,65.9800033569336,66.26000213623047,56.66996765136719,527300,1763.31005859375
2013-10-31,66.3499984741211,66.66000366210938,65.91999816894531,66.19000244140625,56.61009216308594,654100,1756.5400390625
2013-11-01,66.12000274658203,67.01000213623047,66.11000061035156,66.7699966430664,57.10615921020508,412700,1761.6400146484375
2013-11-04,66.79000091552734,67.37000274658203,66.79000091552734,67.16000366210938,57.43972396850586,484900,1767.9300537109375
2013-11-05,66.91999816894531,67.26000213623047,66.25,66.69000244140625,57.03775024414063,296600,1762.969970703125
2013-11-06,66.88999938964844,67.44999694824219,66.72000122070312,67.08000183105469,57.37129974365234,208500,1770.489990234375
2013-11-07,67.18000030517578,67.5199966430664,66.44000244140625,66.58000183105469,56.94367980957031,328400,1747.1500244140625
2013-11-08,66.45999908447266,67.33999633789062,66.45999908447266,67.33999633789062,57.59366226196289,513100,1770.6099853515625
2013-11-11,67.19999694824219,67.54000091552734,66.88999938964844,67.3499984741211,57.60221481323242,317200,1771.8900146484375
2013-11-12,67.2300033569336,67.87999725341797,66.91000366210938,67.23999786376953,57.50814056396485,620900,1767.68994140625
2013-11-13,67.0199966430664,67.58999633789062,66.87000274658203,67.41000366210938,57.65352630615234,432100,1782.0
2013-11-14,67.56999969482422,67.91000366210938,67.29000091552734,67.55000305175781,57.77327346801758,328100,1790.6199951171875
2013-11-15,67.51000213623047,67.68000030517578,67.31999969482422,67.58000183105469,57.79892349243164,372000,1798.1800537109375
2013-11-18,67.7699966430664,67.81999969482422,67.25,67.52999877929688,57.75616455078125,357300,1791.530029296875
2013-11-19,67.47000122070312,67.69000244140625,66.91000366210938,67.23999786376953,57.50814056396485,381300,1787.8699951171875
2013-11-20,67.33000183105469,67.58000183105469,67.05999755859375,67.27999877929688,57.5423469543457,374700,1781.3699951171875
2013-11-21,67.41000366210938,68.33000183105469,67.08999633789062,68.12999725341797,58.26933670043945,468700,1795.8499755859375
2013-11-22,68.0999984741211,68.38999938964844,67.70999908447266,68.29000091552734,58.40616989135742,305600,1804.760009765625
2013-11-25,68.25,68.69000244140625,68.12000274658203,68.5,58.58575820922852,395500,1802.47998046875
2013-11-26,68.5,68.6500015258789,67.91999816894531,67.98999786376953,58.14957427978516,678300,1802.75
2013-11-27,68.02999877929688,69.02999877929688,67.76000213623047,69.0,59.01341247558594,522900,1807.22998046875
2013-11-29,69.19000244140625,69.5,68.68000030517578,68.70999908447266,58.76539611816406,267000,1805.81005859375
2013-12-02,68.87000274658203,69.83000183105469,68.51000213623047,68.88999938964844,58.91934967041016,643500,1800.9000244140625
2013-12-03,68.62999725341797,69.08000183105469,67.7300033569336,68.26000213623047,58.38051223754883,503300,1795.1500244140625
2013-12-04,68.02999877929688,68.69000244140625,67.30999755859375,67.91999816894531,58.08971786499024,407200,1792.81005859375
2013-12-05,67.76000213623047,68.72000122070312,67.41000366210938,68.30000305175781,58.41470718383789,532700,1785.030029296875
2013-12-06,68.93000030517578,69.68000030517578,68.83999633789062,69.5199966430664,59.458152770996094,349000,1805.0899658203125
2013-12-09,69.54000091552734,69.79000091552734,69.2699966430664,69.55000305175781,59.48380661010742,393400,1808.3699951171875
2013-12-10,69.37999725341797,70.0,69.3499984741211,69.48999786376953,59.4324951171875,418900,1802.6199951171875
2013-12-11,69.4000015258789,69.8499984741211,67.9800033569336,68.16000366210938,58.49702072143555,462900,1782.219970703125
2013-12-12,67.97000122070312,68.41000366210938,67.44000244140625,67.54000091552734,57.96491241455078,584600,1775.5
2013-12-13,67.75,67.9800033569336,67.5199966430664,67.93000030517578,58.299617767333984,281300,1775.3199462890625
2013-12-16,68.2699966430664,69.33000183105469,67.93000030517578,68.05999755859375,58.41120147705078,320600,1786.5400390625
2013-12-17,68.12000274658203,68.80999755859375,67.81999969482422,68.7699966430664,59.02053451538086,519800,1781.0
2013-12-18,66.0,66.33000183105469,63.630001068115234,63.810001373291016,54.76372146606445,2349100,1810.6500244140625
2013-12-19,63.43000030517578,63.68999862670898,62.47999954223633,63.130001068115234,54.18012237548828,1333600,1809.5999755859375
2013-12-20,62.90999984741211,63.91999816894531,62.790000915527344,63.59000015258789,54.57489013671875,1135800,1818.3199462890625
2013-12-23,63.83000183105469,63.83000183105469,62.41999816894531,62.459999084472656,53.60509490966797,1068500,1827.989990234375
2013-12-24,62.29999923706055,62.959999084472656,62.02000045776367,62.65999984741211,53.7767333984375,412500,1833.3199462890625
2013-12-26,63.0099983215332,63.560001373291016,63.0,63.369998931884766,54.38608932495117,363300,1842.02001953125
2013-12-27,63.5099983215332,63.93999862670898,63.369998931884766,63.560001373291016,54.54914474487305,276600,1841.4000244140625
2013-12-30,63.560001373291016,63.95000076293945,63.2599983215332,63.2599983215332,54.29168319702149,476300,1841.0699462890625
2013-12-31,63.18000030517578,63.54999923706055,63.119998931884766,63.38999938964844,54.40325164794922,386900,1848.3599853515625
2014-01-02,63.380001068115234,63.59999847412109,62.59999847412109,63.13999938964844,54.18869400024414,548800,1831.97998046875
2014-01-03,63.2400016784668,63.34000015258789,62.77999877929688,63.25,54.28310394287109,402000,1831.3699951171875
2014-01-06,63.369998931884766,63.369998931884766,62.38999938964844,63.11000061035156,54.1629524230957,842700,1826.77001953125
2014-01-07,63.52999877929688,63.959999084472656,62.900001525878906,63.540000915527344,54.532005310058594,662700,1837.8800048828125
2014-01-08,63.63999938964844,64.9000015258789,63.63999938964844,64.87000274658203,55.673439025878906,1125600,1837.489990234375
2014-01-09,65.55000305175781,66.37999725341797,65.0,65.83000183105469,56.49733352661133,1037300,1838.1300048828125
2014-01-10,65.87000274658203,66.51000213623047,65.41999816894531,66.48999786376953,57.06377410888672,929800,1842.3699951171875
2014-01-13,66.29000091552734,66.55999755859375,65.4800033569336,65.75,56.42868423461914,744800,1819.199951171875
2014-01-14,65.81999969482422,66.62000274658203,65.5,66.61000061035156,57.16675567626953,535700,1838.8800048828125
2014-01-15,66.62999725341797,67.30999755859375,66.62999725341797,66.73999786376953,57.2783203125,444400,1848.3800048828125
2014-01-16,66.69000244140625,66.86000061035156,66.16000366210938,66.37000274658203,56.960784912109375,342000,1845.8900146484375
2014-01-17,66.38999938964844,66.38999938964844,65.73999786376953,66.0,56.64322662353516,382000,1838.699951171875
2014-01-21,66.19000244140625,66.48999786376953,65.91000366210938,66.1500015258789,56.771968841552734,420300,1843.800048828125
2014-01-22,66.54000091552734,66.7699966430664,66.0,66.30000305175781,56.90071487426758,254500,1844.8599853515625
2014-01-23,65.93000030517578,66.23999786376953,65.22000122070312,65.5199966430664,56.23126983642578,389800,1828.4599609375
2014-01-24,65.29000091552734,65.29000091552734,63.22999954223633,63.310001373291016,54.3345947265625,758500,1790.2900390625
2014-01-27,63.27000045776367,64.16999816894531,62.65999984741211,63.59000015258789,54.57489013671875,550000,1781.56005859375
2014-01-28,63.68999862670898,63.77999877929688,62.56999969482422,63.20000076293945,54.240196228027344,717000,1792.5
2014-01-29,63.83000183105469,66.52999877929688,63.22999954223633,65.25,55.99957275390625,1610000,1774.199951171875
2014-01-30,65.2699966430664,65.63999938964844,64.18000030517578,64.62000274658203,55.45887756347656,723400,1794.18994140625
2014-01-31,64.05999755859375,65.0999984741211,64.01000213623047,64.18000030517578,55.08125686645508,646600,1782.5899658203125
2014-02-03,64.4800033569336,64.54000091552734,62.150001525878906,62.22999954223633,53.40771865844727,1334800,1741.8900146484375
2014-02-04,63.18000030517578,63.18000030517578,61.880001068115234,62.209999084472656,53.39054870605469,1088200,1755.199951171875
2014-02-05,62.09999847412109,62.61000061035156,60.91999816894531,62.4900016784668,53.6308479309082,820400,1751.6400146484375
2014-02-06,62.54999923706055,63.040000915527344,62.29999923706055,62.880001068115234,53.96556091308594,409600,1773.4300537109375
2014-02-07,63.09999847412109,63.56999969482422,62.83000183105469,63.47999954223633,54.48049545288086,337500,1797.02001953125
2014-02-10,63.150001525878906,64.11000061035156,63.150001525878906,63.709999084472656,54.67789459228516,356300,1799.8399658203125
2014-02-11,63.59999847412109,64.44999694824219,63.459999084472656,64.0999984741211,55.01259613037109,377200,1819.75
2014-02-12,64.08000183105469,64.58999633789062,64.08000183105469,64.47000122070312,55.33013916015625,451500,1819.260009765625
2014-02-13,64.16000366210938,65.06999969482422,63.59999847412109,64.80999755859375,55.62194442749024,392500,1829.8299560546875
2014-02-14,64.87000274658203,65.4800033569336,64.58999633789062,65.26000213623047,56.00814437866211,245400,1838.6300048828125
2014-02-18,65.38999938964844,65.38999938964844,64.31999969482422,64.4800033569336,55.33872604370117,451500,1840.760009765625
2014-02-19,64.5,65.1500015258789,64.36000061035156,64.41000366210938,55.27865982055664,749300,1828.75
2014-02-20,64.44999694824219,64.75,64.36000061035156,64.44000244140625,55.30440521240234,553600,1839.780029296875
2014-02-21,64.58000183105469,64.83999633789062,63.81999969482422,63.90999984741211,54.84952926635742,666900,1836.25
2014-02-24,63.91999816894531,64.12999725341797,63.59000015258789,63.84000015258789,54.78945541381836,513900,1847.6099853515625
2014-02-25,63.9900016784668,64.66000366210938,63.59000015258789,64.27999877929688,55.16707992553711,481100,1845.1199951171875
2014-02-26,65.66000366210938,65.66000366210938,64.31999969482422,65.55999755859375,56.265625,565900,1845.1600341796875
2014-02-27,65.37999725341797,65.66999816894531,65.06999969482422,65.58000183105469,56.28277969360352,274300,1854.2900390625
2014-02-28,65.48999786376953,66.47000122070312,65.3499984741211,65.98999786376953,56.63465881347656,380700,1859.449951171875
2014-03-03,65.2300033569336,66.25,65.16000366210938,65.73999786376953,56.42010116577149,729600,1845.72998046875
2014-03-04,66.16999816894531,67.25,65.8499984741211,66.04000091552734,56.67757034301758,1408300,1873.9100341796875
2014-03-05,66.0999984741211,66.37999725341797,65.66999816894531,66.04000091552734,56.67757034301758,365300,1873.81005859375
2014-03-06,66.18000030517578,66.95999908447266,66.16999816894531,66.58000183105469,57.14102554321289,245700,1877.030029296875
2014-03-07,66.77999877929688,66.98999786376953,66.19000244140625,66.55000305175781,57.11526107788086,405000,1878.0400390625
2014-03-10,66.30000305175781,66.69999694824219,65.55000305175781,65.97000122070312,56.61748123168945,467300,1877.1700439453125
2014-03-11,65.45999908447266,66.11000061035156,65.44999694824219,65.54000091552734,56.24845504760742,479500,1867.6300048828125
2014-03-12,64.83999633789062,65.20999908447266,64.63999938964844,65.01000213623047,56.02867889404297,615600,1868.199951171875
2014-03-13,65.04000091552734,65.41999816894531,64.12000274658203,64.19999694824219,55.33057403564453,606800,1846.3399658203125
2014-03-14,64.04000091552734,64.80000305175781,63.43999862670898,63.52999877929688,54.753150939941406,603200,1841.1300048828125
2014-03-17,64.06999969482422,64.51000213623047,63.61000061035156,64.3499984741211,55.4598503112793,460900,1858.8299560546875
2014-03-18,64.54000091552734,64.81999969482422,64.18000030517578,64.76000213623047,55.81321334838867,437200,1872.25
2014-03-19,64.80999755859375,65.06999969482422,64.08000183105469,64.30000305175781,55.41677474975586,241200,1860.77001953125
2014-03-20,64.27999877929688,64.44000244140625,63.65999984741211,64.08000183105469,55.22716522216797,690800,1872.010009765625
2014-03-21,64.43000030517578,65.23999786376953,64.19000244140625,64.66000366210938,55.72704315185547,1080700,1866.52001953125
2014-03-24,64.83000183105469,65.47000122070312,64.16000366210938,64.41999816894531,55.52019119262695,643500,1857.43994140625
2014-03-25,65.16999816894531,65.48999786376953,64.62000274658203,64.8499984741211,55.89078140258789,336100,1865.6199951171875
2014-03-26,65.05000305175781,65.52999877929688,64.3499984741211,64.36000061035156,55.468482971191406,420500,1852.56005859375
2014-03-27,64.48999786376953,65.11000061035156,64.3499984741211,64.88999938964844,55.92525863647461,495000,1849.0400390625
2014-03-28,64.87999725341797,65.29000091552734,64.69000244140625,65.0999984741211,56.10625076293945,351400,1857.6199951171875
2014-03-31,65.5,66.62999725341797,65.2300033569336,66.41999816894531,57.24388122558594,510900,1872.3399658203125
2014-04-01,66.58999633789062,66.87000274658203,65.87999725341797,66.44999694824219,57.26974105834961,475300,1885.52001953125
2014-04-02,66.66999816894531,67.08000183105469,66.11000061035156,66.91999816894531,57.67481994628906,329400,1890.9000244140625
2014-04-03,67.0199966430664,67.5,66.62999725341797,66.80000305175781,57.571380615234375,444500,1888.77001953125
2014-04-04,67.2300033569336,67.2300033569336,65.56999969482422,66.11000061035156,56.97672271728516,546000,1865.0899658203125
2014-04-07,66.08000183105469,66.08999633789062,64.91000366210938,65.02999877929688,56.04590606689453,415500,1845.0400390625
2014-04-08,64.87999725341797,65.69999694824219,64.69000244140625,65.37000274658203,56.33895111083984,499300,1851.9599609375
2014-04-09,65.5999984741211,66.47000122070312,65.48999786376953,66.06999969482422,56.94223403930664,754500,1872.1800537109375
2014-04-10,65.9800033569336,66.37000274658203,65.05000305175781,65.12999725341797,56.13211441040039,719500,1833.0799560546875
2014-04-11,64.9000015258789,65.69999694824219,64.6500015258789,64.86000061035156,55.899410247802734,497300,1815.68994140625
2014-04-14,65.18000030517578,65.80000305175781,64.88999938964844,65.58999633789062,56.52855682373047,572300,1830.6099853515625
2014-04-15,65.72000122070312,65.83999633789062,64.55000305175781,65.62000274658203,56.55441665649414,686200,1842.97998046875
2014-04-16,66.05000305175781,66.43000030517578,65.63999938964844,66.27999877929688,57.12322998046875,492600,1862.31005859375
2014-04-17,66.94999694824219,67.02999877929688,65.30000305175781,66.68000030517578,57.467960357666016,437400,1864.8499755859375
2014-04-21,66.55000305175781,67.23999786376953,66.1500015258789,67.19999694824219,57.91611862182617,706300,1871.8900146484375
2014-04-22,67.4000015258789,67.86000061035156,67.19000244140625,67.73999786376953,58.38151931762695,448500,1879.550048828125
2014-04-23,67.79000091552734,68.2300033569336,66.81999969482422,67.06999969482422,57.80407333374024,705200,1875.3900146484375
2014-04-24,67.0999984741211,67.19000244140625,66.73999786376953,66.83999633789062,57.60585784912109,677100,1878.6099853515625
2014-04-25,66.61000061035156,66.7300033569336,65.75,65.8499984741211,56.75264358520508,363800,1863.4000244140625
2014-04-28,66.22000122070312,66.30999755859375,65.37000274658203,66.0199966430664,56.89914321899414,507900,1869.4300537109375
2014-04-29,66.30999755859375,67.08000183105469,66.30999755859375,66.58999633789062,57.3903923034668,410500,1878.3299560546875
2014-04-30,66.61000061035156,67.2300033569336,66.2699966430664,67.04000091552734,57.77824020385742,481100,1883.949951171875
2014-05-01,67.54000091552734,67.95999908447266,67.26000213623047,67.73999786376953,58.38151931762695,450600,1883.6800537109375
2014-05-02,67.83000183105469,68.62999725341797,67.45999908447266,68.0999984741211,58.69179534912109,633700,1881.1400146484375
2014-05-05,67.80000305175781,68.91000366210938,67.80000305175781,68.56999969482422,59.09685134887695,548100,1884.6600341796875
2014-05-06,68.31999969482422,68.75,68.06999969482422,68.23999786376953,58.812442779541016,803500,1867.719970703125
2014-05-07,68.45999908447266,68.69000244140625,68.0,68.5,59.0365104675293,555800,1878.2099609375
2014-05-08,68.33000183105469,68.87999725341797,67.97000122070312,68.13999938964844,58.726261138916016,628700,1875.6300048828125
2014-05-09,68.04000091552734,68.5,67.68000030517578,68.2699966430664,58.83829116821289,381400,1878.47998046875
2014-05-12,68.5999984741211,69.58000183105469,68.5999984741211,69.36000061035156,59.77770614624024,383500,1896.6500244140625
2014-05-13,69.36000061035156,69.88999938964844,69.04000091552734,69.06999969482422,59.527793884277344,401600,1897.449951171875
2014-05-14,68.9000015258789,69.33999633789062,68.69999694824219,68.9800033569336,59.4502067565918,349900,1888.530029296875
2014-05-15,68.81999969482422,69.12999725341797,67.5,67.66999816894531,58.32118988037109,728100,1870.8499755859375
2014-05-16,67.7300033569336,67.88999938964844,67.0199966430664,67.72000122070312,58.3642807006836,673100,1877.8599853515625
2014-05-19,67.58000183105469,68.63999938964844,67.47000122070312,67.88999938964844,58.51080322265625,607600,1885.0799560546875
2014-05-20,67.91999816894531,68.08000183105469,67.25,67.47000122070312,58.14882278442383,561600,1872.8299560546875
2014-05-21,67.73999786376953,68.31999969482422,67.5199966430664,68.06999969482422,58.665958404541016,507100,1888.030029296875
2014-05-22,68.0,68.47000122070312,67.77999877929688,68.06999969482422,58.665958404541016,396000,1892.489990234375
2014-05-23,68.08999633789062,68.87999725341797,67.93000030517578,68.66000366210938,59.174442291259766,434100,1900.530029296875
2014-05-27,68.94000244140625,69.30000305175781,68.5199966430664,68.58000183105469,59.10546875,226600,1911.9100341796875
2014-05-28,68.41999816894531,68.62000274658203,67.88999938964844,68.44000244140625,58.98482894897461,375600,1909.780029296875
2014-05-29,68.62999725341797,69.38999938964844,68.19999694824219,69.33000183105469,59.751861572265625,407400,1920.030029296875
2014-05-30,69.18000030517578,69.4800033569336,68.86000061035156,69.19000244140625,59.63120651245117,323900,1923.5699462890625
2014-06-02,69.29000091552734,69.81999969482422,68.86000061035156,69.66000366210938,60.0362663269043,379200,1924.969970703125
2014-06-03,69.37999725341797,70.30999755859375,69.1500015258789,70.0199966430664,60.34653472900391,503500,1924.239990234375
2014-06-04,69.83000183105469,70.91000366210938,69.6500015258789,70.8499984741211,61.06187057495117,697200,1927.8800048828125
2014-06-05,71.12999725341797,71.86000061035156,70.75,71.47000122070312,61.59621810913086,658900,1940.4599609375
2014-06-06,71.58000183105469,72.31999969482422,71.45999908447266,72.18000030517578,62.208126068115234,540000,1949.43994140625
2014-06-09,72.05999755859375,72.69000244140625,72.0199966430664,72.2300033569336,62.251224517822266,474600,1951.27001953125
2014-06-10,72.12999725341797,72.41999816894531,71.68000030517578,72.22000122070312,62.24259948730469,379300,1950.7900390625
2014-06-11,71.70999908447266,72.37000274658203,71.30000305175781,71.5999984741211,61.94412612915039,381900,1943.8900146484375
2014-06-12,71.5199966430664,71.83999633789062,70.73999786376953,70.83000183105469,61.277950286865234,356600,1930.1099853515625
2014-06-13,70.80999755859375,71.19999694824219,70.73999786376953,71.0,61.42505645751953,598800,1936.1600341796875
2014-06-16,71.05999755859375,71.19000244140625,70.37999725341797,70.44000244140625,60.9405632019043,495000,1937.780029296875
2014-06-17,70.4000015258789,71.69999694824219,70.26000213623047,71.33999633789062,61.719200134277344,723300,1941.989990234375
2014-06-18,71.41999816894531,71.6500015258789,70.58000183105469,71.08000183105469,61.4942626953125,402300,1956.97998046875
2014-06-19,71.06999969482422,71.55999755859375,71.06999969482422,71.31999969482422,61.70186996459961,276400,1959.47998046875
2014-06-20,71.62999725341797,71.83000183105469,71.08000183105469,71.5199966430664,61.87491226196289,422300,1962.8699951171875
2014-06-23,71.47000122070312,71.58999633789062,71.01000213623047,71.19000244140625,61.58941268920898,356200,1962.6099853515625
2014-06-24,71.13999938964844,71.87999725341797,70.47000122070312,70.55000305175781,61.03572845458984,472700,1949.97998046875
2014-06-25,70.62000274658203,71.38999938964844,70.55000305175781,71.22000122070312,61.615379333496094,377200,1959.530029296875
2014-06-26,71.29000091552734,71.47000122070312,70.58999633789062,71.06999969482422,61.48561096191406,310500,1957.219970703125
2014-06-27,70.79000091552734,71.8499984741211,70.51000213623047,71.8499984741211,62.160423278808594,775800,1960.9599609375
2014-06-30,71.93000030517578,71.93000030517578,70.94000244140625,71.5,61.85758972167969,520500,1960.22998046875
2014-07-01,71.81999969482422,72.58000183105469,71.75,72.12000274658203,62.394004821777344,453500,1973.3199462890625
2014-07-02,71.91999816894531,72.23999786376953,71.62999725341797,71.93000030517578,62.229618072509766,462400,1974.6199951171875
2014-07-03,72.05999755859375,72.55000305175781,72.0199966430664,72.45999908447266,62.68812561035156,331400,1985.43994140625
2014-07-07,71.9800033569336,72.41000366210938,71.91000366210938,72.22000122070312,62.48051071166992,376500,1977.6500244140625
2014-07-08,72.1500015258789,72.44999694824219,71.91000366210938,72.26000213623047,62.51511764526367,339200,1963.7099609375
2014-07-09,72.5999984741211,72.79000091552734,71.81999969482422,72.08000183105469,62.35939407348633,346400,1972.8299560546875
2014-07-10,71.0999984741211,71.93000030517578,70.87999725341797,71.5999984741211,61.94412612915039,340300,1964.6800537109375
2014-07-11,71.58000183105469,72.05000305175781,71.38999938964844,72.0,62.29019165039063,311900,1967.5699462890625
2014-07-14,72.41999816894531,72.79000091552734,72.1500015258789,72.62000274658203,62.82656097412109,478000,1977.0999755859375
2014-07-15,76.02999877929688,76.27999877929688,68.31999969482422,70.02999877929688,60.58586120605469,14564100,1973.280029296875
2014-07-16,70.3499984741211,71.06999969482422,68.7300033569336,69.06999969482422,59.75532150268555,2726300,1981.5699462890625
2014-07-17,68.61000061035156,70.19999694824219,68.11000061035156,69.43000030517578,60.06675720214844,2059000,1958.1199951171875
2014-07-18,69.63999938964844,70.51000213623047,69.5,70.19999694824219,60.7328987121582,1422300,1978.219970703125
2014-07-21,69.73999786376953,70.36000061035156,69.12000274658203,69.12999725341797,59.80722427368164,802100,1973.6300048828125
2014-07-22,69.2699966430664,69.72000122070312,68.48999786376953,68.48999786376953,59.25352096557617,980900,1983.530029296875
2014-07-23,68.62999725341797,69.08999633789062,67.95999908447266,68.38999938964844,59.16701889038086,1500100,1987.010009765625
2014-07-24,68.5999984741211,68.5999984741211,67.19000244140625,67.54000091552734,58.43164443969727,1654700,1987.97998046875
2014-07-25,67.58000183105469,69.16999816894531,67.58000183105469,69.06999969482422,59.75532150268555,1928200,1978.3399658203125
2014-07-28,68.94000244140625,69.12999725341797,68.13999938964844,68.87999725341797,59.59092330932617,1056500,1978.9100341796875
2014-07-29,70.0,70.0199966430664,67.22000122070312,67.25,58.18074798583984,1585100,1969.949951171875
2014-07-30,67.58000183105469,68.08999633789062,66.58000183105469,66.70999908447266,57.71358108520508,1572400,1970.0699462890625
2014-07-31,66.70999908447266,66.70999908447266,59.86000061035156,61.34000015258789,53.06777572631836,5793300,1930.6700439453125
2014-08-01,60.970001220703125,62.470001220703125,60.75,61.75,53.4224853515625,3081300,1925.1500244140625
2014-08-04,61.790000915527344,62.09999847412109,61.04999923706055,61.970001220703125,53.61281967163086,1451700,1938.989990234375
2014-08-05,61.5,62.59000015258789,61.22999954223633,61.459999084472656,53.17159271240234,2230100,1920.2099609375
2014-08-06,61.34999847412109,61.75,60.900001525878906,61.27999877929688,53.01586532592773,1040800,1920.239990234375
2014-08-07,61.77000045776367,61.91999816894531,60.36000061035156,60.59999847412109,52.42758560180664,1356200,1909.5699462890625
2014-08-08,60.65999984741211,61.02000045776367,60.130001068115234,60.91999816894531,52.70440673828125,1765200,1931.5899658203125
2014-08-11,61.70000076293945,61.77999877929688,60.83000183105469,60.88999938964844,52.67845916748047,992100,1936.9200439453125
2014-08-12,60.63999938964844,60.959999084472656,60.27000045776367,60.52000045776367,52.358360290527344,1243200,1933.75
2014-08-13,60.77000045776367,61.68999862670898,60.5,61.38999938964844,53.11103820800781,1019600,1946.719970703125
2014-08-14,61.290000915527344,61.41999816894531,60.400001525878906,60.66999816894531,52.488128662109375,1122200,1955.1800537109375
2014-08-15,60.65999984741211,61.209999084472656,60.310001373291016,61.15999984741211,52.91204452514648,1478900,1955.06005859375
2014-08-18,61.38999938964844,62.16999816894531,61.38999938964844,61.65999984741211,53.3446159362793,741100,1971.739990234375
2014-08-19,61.72999954223633,61.970001220703125,61.470001220703125,61.970001220703125,53.61281967163086,772900,1981.5999755859375
2014-08-20,61.68999862670898,62.02999877929688,61.380001068115234,61.93000030517578,53.57820892333984,1183100,1986.510009765625
2014-08-21,62.0,62.47999954223633,61.70000076293945,61.91999816894531,53.56954574584961,683000,1992.3699951171875
2014-08-22,61.7599983215332,62.15999984741211,61.36000061035156,61.810001373291016,53.474388122558594,591100,1988.4000244140625
2014-08-25,62.15999984741211,62.33000183105469,61.77000045776367,62.29999923706055,53.89831161499024,481000,1997.9200439453125
2014-08-26,62.52000045776367,62.540000915527344,62.09000015258789,62.34000015258789,53.93291473388672,817900,2000.02001953125
2014-08-27,62.11000061035156,62.59999847412109,62.11000061035156,62.400001525878906,53.984825134277344,859900,2000.1199951171875
2014-08-28,62.09000015258789,63.68000030517578,61.61000061035156,63.209999084472656,54.68559646606445,1413500,1996.739990234375
2014-08-29,63.400001525878906,63.86000061035156,63.20000076293945,63.58000183105469,55.00569152832031,666200,2003.3699951171875
2014-09-02,63.650001525878906,64.12000274658203,63.58000183105469,63.91999816894531,55.29983139038086,871200,2002.280029296875
2014-09-03,64.13999938964844,64.5,63.5,63.560001373291016,54.98838424682617,493600,2000.719970703125
2014-09-04,63.52999877929688,64.0,63.34999847412109,63.540000915527344,54.97109222412109,636000,1997.6500244140625
2014-09-05,63.38999938964844,63.7599983215332,63.08000183105469,63.720001220703125,55.126800537109375,427000,2007.7099609375
2014-09-08,63.709999084472656,64.44000244140625,63.66999816894531,63.84999847412109,55.23927307128906,832400,2001.5400390625
2014-09-09,63.720001220703125,63.869998931884766,63.18000030517578,63.41999816894531,54.86725997924805,615700,1988.43994140625
2014-09-10,63.29999923706055,64.97000122070312,63.2400016784668,64.69999694824219,55.9746322631836,1633900,1995.68994140625
2014-09-11,64.0199966430664,64.9000015258789,63.93999862670898,64.3499984741211,55.90948867797852,1368100,1997.449951171875
2014-09-12,64.37000274658203,64.45999908447266,63.20000076293945,63.790000915527344,55.42293548583984,992600,1985.5400390625
2014-09-15,64.05999755859375,64.47000122070312,63.43999862670898,64.29000091552734,55.85736083984375,669100,1984.1300048828125
2014-09-16,64.25,65.23999786376953,64.0199966430664,64.9800033569336,56.45685577392578,1178700,1998.97998046875
2014-09-17,65.0,65.44999694824219,64.63999938964844,64.94000244140625,56.422096252441406,1016700,2001.5699462890625
2014-09-18,65.19000244140625,65.25,64.83000183105469,65.04000091552734,56.50897979736328,705000,2011.3599853515625
2014-09-19,65.05000305175781,65.12999725341797,63.880001068115234,64.05000305175781,55.64884185791016,1136300,2010.4000244140625
2014-09-22,64.01000213623047,64.43000030517578,63.22999954223633,63.2599983215332,54.96245193481445,1349000,1994.2900390625
2014-09-23,63.18999862670898,63.54999923706055,62.84000015258789,63.060001373291016,54.788700103759766,834100,1982.77001953125
2014-09-24,63.209999084472656,63.52000045776367,62.65999984741211,63.16999816894531,54.8842658996582,824800,1998.300048828125
2014-09-25,62.79999923706055,62.79999923706055,60.560001373291016,60.630001068115234,52.67742156982422,1480500,1965.989990234375
2014-09-26,60.619998931884766,61.060001373291016,60.310001373291016,60.880001068115234,52.894630432128906,919400,1982.8499755859375
2014-09-29,60.11000061035156,60.52999877929688,59.84999847412109,60.02999877929688,52.15611267089844,1047400,1977.800048828125
2014-09-30,59.97999954223633,60.20000076293945,58.369998931884766,58.900001525878906,51.174346923828125,1877700,1972.2900390625
2014-10-01,58.72999954223633,58.77000045776367,57.27999877929688,57.790000915527344,50.20994186401367,2150800,1946.1600341796875
2014-10-02,57.77999877929688,58.95000076293945,57.220001220703125,58.880001068115234,51.15696716308594,1686600,1946.1700439453125
2014-10-03,58.91999816894531,59.27000045776367,58.2400016784668,58.97999954223633,51.24384307861328,1592900,1967.9000244140625
2014-10-06,60.13999938964844,60.900001525878906,59.2400016784668,59.5099983215332,51.70432662963867,1072100,1964.8199462890625
2014-10-07,59.20000076293945,59.7400016784668,58.40999984741211,58.459999084472656,50.79205322265625,1204200,1935.0999755859375
2014-10-08,58.2599983215332,58.7400016784668,57.25,58.68999862670898,50.99189758300781,1095700,1968.8900146484375
2014-10-09,58.5,58.68000030517578,56.25,56.29999923706055,48.91536331176758,1300200,1928.2099609375
2014-10-10,56.33000183105469,56.43000030517578,54.650001525878906,55.02999877929688,47.81195068359375,1671800,1906.1300048828125
2014-10-13,55.040000915527344,55.7400016784668,53.08000183105469,53.15999984741211,46.18722534179688,1113300,1874.739990234375
2014-10-14,53.72999954223633,54.36000061035156,52.84000015258789,53.5099983215332,46.49131393432617,1590600,1877.699951171875
2014-10-15,52.54999923706055,54.060001373291016,51.34999847412109,53.720001220703125,46.67378234863281,2058200,1862.489990234375
2014-10-16,52.650001525878906,54.25,52.43999862670898,53.88999938964844,46.82149505615234,1971100,1862.760009765625
2014-10-17,54.540000915527344,55.650001525878906,54.25,54.59000015258789,47.42966079711914,1935200,1886.760009765625
2014-10-20,54.52000045776367,55.38999938964844,53.84999847412109,55.36000061035156,48.09866714477539,1406500,1904.010009765625
2014-10-21,55.81999969482422,56.7599983215332,55.630001068115234,56.52999877929688,49.11520004272461,1795400,1941.280029296875
2014-10-22,56.970001220703125,57.130001068115234,55.15999984741211,55.2400016784668,47.99440383911133,1849800,1927.1099853515625
2014-10-23,57.2400016784668,58.34999847412109,55.970001220703125,56.79999923706055,49.349796295166016,2413700,1950.8199462890625
2014-10-24,56.7400016784668,57.27999877929688,56.09000015258789,57.20000076293945,49.69731140136719,847100,1964.5799560546875
2014-10-27,56.630001068115234,56.970001220703125,55.52999877929688,56.52999877929688,49.11520004272461,1046000,1961.6300048828125
2014-10-28,57.060001373291016,58.09000015258789,56.4900016784668,57.9900016784668,50.38370895385742,1824900,1985.050048828125
2014-10-29,58.060001373291016,58.09000015258789,56.79999923706055,57.18999862670898,49.68863296508789,1701100,1982.300048828125
2014-10-30,57.0,57.66999816894531,56.68000030517578,57.34999847412109,49.82765197753906,1264300,1994.6500244140625
2014-10-31,58.20000076293945,58.52000045776367,57.709999084472656,58.380001068115234,50.72255706787109,1302000,2018.050048828125
2014-11-03,58.459999084472656,59.02000045776367,58.2599983215332,58.72999954223633,51.02664566040039,1306200,2017.81005859375
2014-11-04,59.02999877929688,59.220001220703125,58.54999923706055,58.79999923706055,51.08746719360352,1421500,2012.0999755859375
2014-11-05,59.33000183105469,60.77000045776367,59.0099983215332,60.75,52.78168487548828,1551700,2023.5699462890625
2014-11-06,60.630001068115234,60.97999954223633,59.900001525878906,60.86000061035156,52.87726211547852,1168000,2031.2099609375
2014-11-07,60.86000061035156,61.38999938964844,60.560001373291016,61.18000030517578,53.15528106689453,1043600,2031.9200439453125
2014-11-10,61.11000061035156,61.59000015258789,60.900001525878906,61.45000076293945,53.38986587524414,1113500,2038.260009765625
2014-11-11,61.34000015258789,62.25,61.09000015258789,62.040000915527344,53.90247344970703,1344500,2039.6800537109375
2014-11-12,61.91999816894531,62.20000076293945,61.43999862670898,61.560001373291016,53.48544692993164,1412700,2038.25
2014-11-13,61.68000030517578,62.41999816894531,61.29999923706055,61.880001068115234,53.763458251953125,1624300,2039.3299560546875
2014-11-14,61.630001068115234,62.11000061035156,61.119998931884766,61.7400016784668,53.64183807373047,3264700,2039.8199462890625
2014-11-17,61.61000061035156,61.93000030517578,61.43000030517578,61.59999847412109,53.52018737792969,1322900,2041.3199462890625
2014-11-18,61.560001373291016,61.97999954223633,61.470001220703125,61.68999862670898,53.59838485717773,1207900,2051.800048828125
2014-11-19,61.7400016784668,61.77999877929688,61.15999984741211,61.54999923706055,53.47674560546875,1336400,2048.719970703125
2014-11-20,61.04999923706055,61.83000183105469,60.79999923706055,61.54999923706055,53.47674560546875,1183700,2052.75
2014-11-21,62.470001220703125,62.540000915527344,61.52000045776367,61.77999877929688,53.67658233642578,1298600,2063.5
2014-11-24,62.119998931884766,62.16999816894531,61.59000015258789,61.84999847412109,53.737403869628906,770300,2069.409912109375
2014-11-25,62.02000045776367,62.06999969482422,61.20000076293945,61.31999969482422,53.27691650390625,1221600,2067.030029296875
2014-11-26,61.40999984741211,61.709999084472656,60.88999938964844,61.66999816894531,53.58100128173828,678000,2072.830078125
2014-11-28,61.34000015258789,61.34000015258789,58.68999862670898,59.040000915527344,51.29597473144531,757200,2067.56005859375
2014-12-01,59.0,59.380001068115234,58.08000183105469,58.34000015258789,50.687801361083984,1527500,2053.43994140625
2014-12-02,58.470001220703125,58.959999084472656,57.86000061035156,58.880001068115234,51.15696716308594,1026600,2066.550048828125
2014-12-03,59.15999984741211,61.59999847412109,58.84000015258789,61.400001525878906,53.34641647338867,1702600,2074.330078125
2014-12-04,61.16999816894531,61.79999923706055,60.540000915527344,61.79999923706055,53.69395446777344,1273500,2071.919921875
2014-12-05,61.650001525878906,63.380001068115234,61.650001525878906,62.380001068115234,54.1978874206543,1572100,2075.3701171875
2014-12-08,62.13999938964844,62.540000915527344,61.66999816894531,61.83000183105469,53.72002410888672,1164700,2060.31005859375
2014-12-09,61.150001525878906,62.400001525878906,61.06999969482422,62.34000015258789,54.16314315795898,942600,2059.820068359375
2014-12-10,62.04999923706055,62.04999923706055,58.5099983215332,59.0,51.26123046875,1922700,2026.1400146484375
2014-12-11,58.95000076293945,59.9900016784668,57.68000030517578,57.869998931884766,50.51488876342773,1480800,2035.3299560546875
2014-12-12,57.22999954223633,57.5,55.470001220703125,55.59999847412109,48.53340911865234,1332300,2002.3299560546875
2014-12-15,56.150001525878906,56.43999862670898,54.470001220703125,54.7599983215332,47.80015563964844,1429500,1989.6300048828125
2014-12-16,54.45000076293945,56.25,54.290000915527344,54.970001220703125,47.98347091674805,1156200,1972.739990234375
2014-12-17,55.040000915527344,57.2400016784668,54.95000076293945,57.20000076293945,49.9300422668457,1601700,2012.8900146484375
2014-12-18,58.0099983215332,58.84000015258789,57.5,58.84000015258789,51.361610412597656,1300200,2061.22998046875
2014-12-19,58.959999084472656,59.470001220703125,58.22999954223633,58.68999862670898,51.23067855834961,1902100,2070.64990234375
2014-12-22,58.81999969482422,60.0,58.540000915527344,60.0,52.37417602539063,1929500,2078.5400390625
2014-12-23,60.43999862670898,61.38999938964844,60.13999938964844,60.81999969482422,53.089962005615234,999600,2082.169921875
2014-12-24,60.77000045776367,61.02000045776367,60.47999954223633,60.47999954223633,52.79316711425781,429800,2081.8798828125
2014-12-26,60.88999938964844,61.209999084472656,60.63999938964844,60.88999938964844,53.15106201171875,768500,2088.77001953125
2014-12-29,60.75,61.5,60.65999984741211,60.93999862670898,53.1947135925293,569000,2090.570068359375
2014-12-30,60.86000061035156,61.29999923706055,60.7599983215332,60.79999923706055,53.07250213623047,571700,2080.35009765625
2014-12-31,60.91999816894531,60.970001220703125,60.09000015258789,60.130001068115234,52.48765563964844,517100,2058.89990234375
2015-01-02,60.369998931884766,60.63999938964844,59.68999862670898,60.310001373291016,52.644779205322266,740900,2058.199951171875
2015-01-05,59.900001525878906,60.08000183105469,58.27000045776367,58.310001373291016,50.89897155761719,1544700,2020.5799560546875
2015-01-06,58.43999862670898,58.5,57.130001068115234,57.16999816894531,49.90385437011719,1625500,2002.6099853515625
2015-01-07,57.97999954223633,57.97999954223633,56.75,56.93999862670898,49.70309066772461,953900,2025.9000244140625
2015-01-08,57.52999877929688,58.90999984741211,57.36000061035156,58.72999954223633,51.26559066772461,1533700,2062.139892578125
2015-01-09,58.7599983215332,59.709999084472656,57.43999862670898,59.02000045776367,51.51872634887695,5402600,2044.81005859375
2015-01-12,58.97999954223633,60.52000045776367,58.459999084472656,59.70000076293945,52.11229705810547,8195200,2028.260009765625
2015-01-13,60.20000076293945,62.22999954223633,59.95000076293945,60.9900016784668,53.23834609985352,2911700,2023.030029296875
2015-01-14,59.88999938964844,60.22999954223633,58.58000183105469,59.52000045776367,51.95518493652344,1580300,2011.27001953125
2015-01-15,59.7599983215332,59.970001220703125,57.86000061035156,58.08000183105469,50.69821166992188,1632700,1992.6700439453125
2015-01-16,57.970001220703125,58.58000183105469,57.310001373291016,58.52000045776367,51.08228302001953,1460000,2019.4200439453125
2015-01-20,59.0,59.0,57.56999969482422,57.79999923706055,50.45378875732422,1505000,2022.550048828125
2015-01-21,57.65999984741211,58.630001068115234,57.36000061035156,58.61000061035156,51.16084671020508,1685100,2032.1199951171875
2015-01-22,58.93000030517578,59.7400016784668,58.43000030517578,59.54999923706055,51.98137664794922,1380000,2063.14990234375
2015-01-23,59.150001525878906,59.43999862670898,56.25,56.84000015258789,49.61580657958984,3089100,2051.820068359375
2015-01-26,57.22999954223633,57.5099983215332,56.66999816894531,57.13999938964844,49.87768173217773,2054300,2057.090087890625
2015-01-27,56.18999862670898,56.86000061035156,56.08000183105469,56.369998931884766,49.205543518066406,1614500,2029.550048828125
2015-01-28,56.91999816894531,57.7599983215332,54.70000076293945,55.369998931884766,48.33263397216797,3878300,2002.1600341796875
2015-01-29,53.810001373291016,56.16999816894531,46.93999862670898,47.77000045776367,41.69858169555664,10098600,2021.25
2015-01-30,47.02999877929688,48.83000183105469,46.77999877929688,48.2599983215332,42.12630081176758,6710200,1994.989990234375
2015-02-02,48.43999862670898,48.7599983215332,47.310001373291016,47.91999816894531,41.82950210571289,3066300,2020.8499755859375
2015-02-03,48.70000076293945,49.540000915527344,47.83000183105469,49.380001068115234,43.10395812988281,3064900,2050.030029296875
2015-02-04,48.88999938964844,49.45000076293945,48.43999862670898,48.84999847412109,42.641300201416016,1878900,2041.510009765625
2015-02-05,49.02999877929688,49.95000076293945,48.880001068115234,49.75,43.42690658569336,2318000,2062.52001953125
2015-02-06,49.77000045776367,51.13999938964844,49.7599983215332,51.08000183105469,44.5878791809082,2703800,2055.469970703125
2015-02-09,50.90999984741211,52.150001525878906,50.83000183105469,52.13999938964844,45.51315307617188,2196100,2046.739990234375
2015-02-10,52.400001525878906,52.400001525878906,51.59999847412109,52.16999816894531,45.53933334350586,1429700,2068.590087890625
2015-02-11,51.7599983215332,53.75,51.47999954223633,53.18000030517578,46.42098236083984,1821500,2068.530029296875
2015-02-12,52.93999862670898,54.119998931884766,52.75,53.959999084472656,47.101837158203125,1660100,2088.47998046875
2015-02-13,54.11000061035156,54.70000076293945,53.33000183105469,54.59000015258789,47.65176773071289,2322400,2096.989990234375
2015-02-17,54.40999984741211,55.220001220703125,53.880001068115234,54.790000915527344,47.82634735107422,1030600,2100.340087890625
2015-02-18,54.38999938964844,54.880001068115234,54.220001220703125,54.86000061035156,47.8874626159668,1070400,2099.679931640625
2015-02-19,54.34000015258789,54.7599983215332,53.93999862670898,54.43000030517578,47.51210784912109,1293000,2097.449951171875
2015-02-20,54.52999877929688,55.470001220703125,53.77999877929688,55.470001220703125,48.41992568969727,1080100,2110.300048828125
2015-02-23,55.02999877929688,55.70000076293945,54.9900016784668,55.560001373291016,48.49850082397461,904300,2109.659912109375
2015-02-24,55.43000030517578,56.13999938964844,55.33000183105469,56.08000183105469,48.95238494873047,975200,2115.47998046875
2015-02-25,55.79999923706055,56.5099983215332,55.79999923706055,56.33000183105469,49.17062759399414,770900,2113.860107421875
2015-02-26,56.34000015258789,56.720001220703125,55.88999938964844,56.29999923706055,49.14443588256836,738200,2110.739990234375
2015-02-27,56.27000045776367,56.9900016784668,56.09999847412109,56.56999969482422,49.380126953125,751100,2104.5
2015-03-02,56.56999969482422,57.08000183105469,55.83000183105469,56.68000030517578,49.47613143920898,1315800,2117.389892578125
2015-03-03,56.38999938964844,56.84999847412109,56.29999923706055,56.7400016784668,49.52851104736328,886700,2107.780029296875
2015-03-04,56.650001525878906,56.650001525878906,55.2599983215332,55.400001525878906,48.35882186889648,1602200,2098.530029296875
2015-03-05,55.43999862670898,55.540000915527344,54.70000076293945,55.27999877929688,48.25407409667969,943700,2101.0400390625
2015-03-06,54.59999847412109,55.18000030517578,54.52000045776367,54.83000183105469,47.86128234863281,1369700,2071.260009765625
2015-03-09,55.0099983215332,55.06999969482422,54.75,54.900001525878906,47.92236328125,1003300,2079.429931640625
2015-03-10,54.209999084472656,54.560001373291016,54.04999923706055,54.34000015258789,47.43354797363281,969400,2044.1600341796875
2015-03-11,54.310001373291016,54.400001525878906,53.34999847412109,53.540000915527344,46.7352180480957,1686600,2040.239990234375
2015-03-12,53.5,54.380001068115234,53.25,53.650001525878906,47.08628082275391,952800,2065.949951171875
2015-03-13,53.41999816894531,53.65999984741211,52.7400016784668,52.93999862670898,46.463157653808594,794100,2053.39990234375
2015-03-16,53.04999923706055,53.20000076293945,52.56999969482422,52.790000915527344,46.33149337768555,1185700,2081.18994140625
2015-03-17,52.52000045776367,52.7400016784668,51.77999877929688,52.4900016784668,46.06820297241211,1474600,2074.280029296875
2015-03-18,52.380001068115234,53.11000061035156,51.5,52.75,46.29640197753906,2347500,2099.5
2015-03-19,52.5,52.70000076293945,51.47999954223633,51.66999816894531,45.348514556884766,1211200,2089.27001953125
2015-03-20,51.75,52.52999877929688,51.7400016784668,52.25,45.85755157470703,1732800,2108.10009765625
2015-03-23,52.25,52.709999084472656,51.88999938964844,51.90999984741211,45.55915832519531,928600,2104.419921875
2015-03-24,51.91999816894531,52.34999847412109,51.58000183105469,52.0,45.63814926147461,949400,2091.5
2015-03-25,52.0,52.29999923706055,51.13999938964844,51.18000030517578,44.91848373413086,554200,2061.050048828125
2015-03-26,51.04999923706055,51.31999969482422,50.84000015258789,51.0,44.760498046875,788000,2056.14990234375
2015-03-27,52.9900016784668,53.02999877929688,51.369998931884766,51.54999923706055,45.24320602416992,1493300,2061.02001953125
2015-03-30,51.959999084472656,52.54999923706055,51.63999938964844,52.43000030517578,46.01554107666016,930400,2086.239990234375
2015-03-31,52.27999877929688,52.91999816894531,51.880001068115234,52.84000015258789,46.3753776550293,1126100,2067.889892578125
2015-04-01,52.54999923706055,52.709999084472656,52.22999954223633,52.56999969482422,46.1384162902832,1047000,2059.68994140625
2015-04-02,52.52000045776367,53.459999084472656,52.27000045776367,52.88999938964844,46.41926574707031,931100,2066.9599609375
2015-04-06,52.79999923706055,55.220001220703125,52.79999923706055,55.0,48.27111053466797,1530900,2080.6201171875
2015-04-07,55.0,55.47999954223633,54.619998931884766,55.25,48.49055099487305,1199400,2076.330078125
2015-04-08,55.43000030517578,56.06999969482422,55.27000045776367,55.880001068115234,49.0434684753418,1365400,2081.89990234375
2015-04-09,56.09999847412109,59.02999877929688,56.08000183105469,59.0099983215332,51.79051971435547,2317900,2091.179931640625
2015-04-10,59.4900016784668,59.880001068115234,58.56999969482422,58.75,51.56233596801758,1231600,2102.06005859375
2015-04-13,58.61000061035156,58.93999862670898,58.290000915527344,58.380001068115234,51.23760986328125,766600,2092.429931640625
2015-04-14,58.52999877929688,58.970001220703125,58.06999969482422,58.970001220703125,51.75541305541992,830300,2095.840087890625
2015-04-15,59.09999847412109,59.68000030517578,58.459999084472656,59.310001373291016,52.053829193115234,1122100,2106.6298828125
2015-04-16,59.2400016784668,59.2599983215332,58.540000915527344,58.7400016784668,51.55355453491211,1291700,2104.989990234375
2015-04-17,58.41999816894531,59.06999969482422,58.13999938964844,59.04999923706055,51.82563018798828,890400,2081.179931640625
2015-04-20,59.2599983215332,59.470001220703125,58.790000915527344,59.18999862670898,51.94850540161133,594300,2100.39990234375
2015-04-21,59.310001373291016,59.40999984741211,58.16999816894531,58.75,51.56233596801758,974800,2097.2900390625
2015-04-22,58.77999877929688,59.290000915527344,58.5099983215332,58.93999862670898,51.72908401489258,815300,2107.9599609375
2015-04-23,58.650001525878906,59.06999969482422,58.54999923706055,58.95000076293945,51.73786544799805,755500,2112.929931640625
2015-04-24,59.06999969482422,59.65999984741211,58.720001220703125,59.0,51.7817497253418,709600,2117.68994140625
2015-04-27,59.08000183105469,59.38999938964844,58.400001525878906,58.52000045776367,51.360469818115234,805500,2108.919921875
2015-04-28,58.45000076293945,59.5,57.95000076293945,59.45000076293945,52.17669677734375,756600,2114.760009765625
2015-04-29,58.77000045776367,60.29999923706055,58.7400016784668,60.25,52.87881088256836,852700,2106.85009765625
2015-04-30,60.25,60.77999877929688,59.470001220703125,59.70000076293945,52.3961067199707,1485500,2085.510009765625
2015-05-01,60.13999938964844,60.77000045776367,59.810001373291016,60.43999862670898,53.04557037353516,735100,2108.2900390625
2015-05-04,60.68999862670898,60.88999938964844,59.9900016784668,60.119998931884766,52.76473236083984,885900,2114.489990234375
2015-05-05,60.130001068115234,60.70000076293945,59.59000015258789,60.0,52.659400939941406,1174000,2089.4599609375
2015-05-06,60.52999877929688,60.72999954223633,59.7599983215332,60.0,52.659400939941406,1487400,2080.14990234375
2015-05-07,62.27999877929688,64.54000091552734,61.43999862670898,62.83000183105469,55.14316177368164,3725400,2088.0
2015-05-08,63.720001220703125,64.98999786376953,63.119998931884766,63.15999984741211,55.43281173706055,1781800,2116.10009765625
2015-05-11,63.15999984741211,63.59999847412109,62.709999084472656,63.25,55.51178359985352,1268200,2105.330078125
2015-05-12,63.06999969482422,63.209999084472656,62.0099983215332,62.68000030517578,55.01152420043945,1059900,2099.1201171875
2015-05-13,62.72999954223633,62.959999084472656,62.43999862670898,62.540000915527344,54.88865661621094,860700,2098.47998046875
2015-05-14,62.810001373291016,63.86000061035156,62.61000061035156,63.630001068115234,55.84530258178711,1085300,2121.10009765625
2015-05-15,63.33000183105469,64.80000305175781,62.91999816894531,64.37999725341797,56.503543853759766,1142500,2122.72998046875
2015-05-18,64.23999786376953,64.23999786376953,63.11000061035156,63.2599983215332,55.52056884765625,1318800,2129.199951171875
2015-05-19,63.22999954223633,63.34999847412109,62.16999816894531,62.70000076293945,55.029083251953125,1140500,2127.830078125
2015-05-20,62.790000915527344,62.880001068115234,62.34000015258789,62.540000915527344,54.88865661621094,909500,2125.85009765625
2015-05-21,62.22999954223633,62.810001373291016,62.04999923706055,62.709999084472656,55.037845611572266,669900,2130.820068359375
2015-05-22,62.27999877929688,62.5,61.65999984741211,61.869998931884766,54.30061340332031,1022300,2126.06005859375
2015-05-26,61.45000076293945,61.650001525878906,60.790000915527344,61.15999984741211,53.67749786376953,825400,2104.199951171875
2015-05-27,61.15999984741211,61.56999969482422,60.959999084472656,61.31999969482422,53.81792449951172,642900,2123.47998046875
2015-05-28,61.310001373291016,61.560001373291016,60.27000045776367,60.59000015258789,53.17722702026367,867500,2120.7900390625
2015-05-29,60.59999847412109,60.65999984741211,59.900001525878906,60.150001525878906,52.79105758666992,1374100,2107.389892578125
2015-06-01,60.380001068115234,60.720001220703125,59.790000915527344,59.84999847412109,52.527740478515625,1272000,2111.72998046875
2015-06-02,59.84000015258789,60.86000061035156,59.77000045776367,60.65999984741211,53.23865509033203,840600,2109.60009765625
2015-06-03,60.90999984741211,61.95000076293945,60.869998931884766,61.45000076293945,53.932010650634766,617800,2114.070068359375
2015-06-04,61.04999923706055,61.70000076293945,60.869998931884766,61.27000045776367,53.774024963378906,1100600,2095.840087890625
2015-06-05,61.040000915527344,61.36000061035156,60.54999923706055,61.130001068115234,53.651161193847656,688800,2092.830078125
2015-06-08,61.16999816894531,61.5099983215332,60.630001068115234,60.68999862670898,53.26499176025391,647300,2079.280029296875
2015-06-09,60.72999954223633,61.119998931884766,60.470001220703125,60.59999847412109,53.18600463867188,499100,2080.14990234375
2015-06-10,61.06999969482422,61.40999984741211,60.70000076293945,61.16999816894531,53.68626403808594,758700,2105.199951171875
2015-06-11,61.29999923706055,61.68000030517578,61.18999862670898,61.459999084472656,53.94078063964844,600400,2108.860107421875
2015-06-12,61.060001373291016,61.060001373291016,59.58000183105469,59.77999877929688,52.71505737304688,857600,2094.110107421875
2015-06-15,59.52999877929688,59.52999877929688,57.52999877929688,57.91999816894531,51.07487106323242,1206000,2084.429931640625
2015-06-16,57.91999816894531,58.40999984741211,57.63999938964844,57.97999954223633,51.12779235839844,997100,2096.2900390625
2015-06-17,58.41999816894531,58.90999984741211,57.84000015258789,58.45000076293945,51.54224395751953,805000,2100.43994140625
2015-06-18,58.540000915527344,59.70000076293945,58.22999954223633,59.63999938964844,52.59160614013672,1274000,2121.239990234375
2015-06-19,59.59999847412109,59.630001068115234,58.54999923706055,58.59999847412109,51.67451095581055,918400,2109.989990234375
2015-06-22,58.84000015258789,59.09000015258789,58.40999984741211,59.0099983215332,52.03605651855469,649200,2122.85009765625
2015-06-23,59.119998931884766,59.209999084472656,58.400001525878906,58.959999084472656,51.99196243286133,489000,2124.199951171875
2015-06-24,59.150001525878906,59.290000915527344,57.619998931884766,57.63999938964844,50.82796859741211,881200,2108.580078125
2015-06-25,57.84999847412109,58.470001220703125,57.66999816894531,58.27000045776367,51.38351440429688,805900,2102.31005859375
2015-06-26,58.54999923706055,59.20000076293945,58.290000915527344,59.09999847412109,52.11543273925781,1577700,2101.489990234375
2015-06-29,58.66999816894531,59.0,56.11000061035156,56.2400016784668,49.59341049194336,1295800,2057.639892578125
2015-06-30,56.720001220703125,56.84000015258789,54.90999984741211,55.27000045776367,48.73806381225586,1213900,2063.110107421875
2015-07-01,55.459999084472656,55.83000183105469,53.81999969482422,54.459999084472656,48.02379608154297,1871900,2077.419921875
2015-07-02,54.540000915527344,55.130001068115234,54.29999923706055,55.02999877929688,48.52641677856445,1462100,2076.780029296875
2015-07-06,54.2599983215332,54.90999984741211,54.0,54.25,47.83860778808594,1247700,2068.760009765625
2015-07-07,54.220001220703125,54.43999862670898,52.970001220703125,54.25,47.83860778808594,1092100,2081.340087890625
2015-07-08,53.869998931884766,54.22999954223633,52.959999084472656,53.06999969482422,46.79805755615234,986600,2046.6800537109375
2015-07-09,53.88999938964844,54.15999984741211,53.41999816894531,53.43999862670898,47.12434768676758,918500,2051.31005859375
2015-07-10,54.18000030517578,54.40999984741211,53.81999969482422,54.0,47.618160247802734,528500,2076.6201171875
2015-07-13,54.33000183105469,55.650001525878906,54.18999862670898,55.380001068115234,48.83506393432617,878900,2099.60009765625
2015-07-14,55.2599983215332,55.40999984741211,54.81999969482422,55.33000183105469,48.79097366333008,692200,2108.949951171875
2015-07-15,55.220001220703125,55.290000915527344,54.040000915527344,54.27000045776367,47.856239318847656,571700,2107.39990234375
2015-07-16,54.31999969482422,54.68000030517578,53.619998931884766,54.41999816894531,47.98852157592773,977500,2124.2900390625
2015-07-17,54.22999954223633,54.22999954223633,52.970001220703125,53.0099983215332,46.745155334472656,668000,2126.639892578125
2015-07-20,52.88999938964844,53.119998931884766,52.41999816894531,52.75,46.51589584350586,809900,2128.280029296875
2015-07-21,52.77999877929688,53.369998931884766,51.970001220703125,52.09000015258789,45.93387222290039,557400,2119.2099609375
2015-07-22,51.9900016784668,52.209999084472656,51.4900016784668,51.709999084472656,45.59879684448242,592900,2114.14990234375
2015-07-23,51.84000015258789,52.08000183105469,51.290000915527344,51.31999969482422,45.2548942565918,694000,2102.14990234375
2015-07-24,51.209999084472656,51.310001373291016,49.400001525878906,49.810001373291016,43.92333221435547,800700,2079.64990234375
2015-07-27,49.40999984741211,50.11000061035156,49.02999877929688,49.810001373291016,43.92333221435547,842700,2067.639892578125
2015-07-28,49.900001525878906,50.970001220703125,49.59000015258789,50.77999877929688,44.77870178222656,893700,2093.25
2015-07-29,50.91999816894531,52.0099983215332,50.54999923706055,51.90999984741211,45.775146484375,1146400,2108.570068359375
2015-07-30,51.93999862670898,53.540000915527344,51.5,53.400001525878906,47.08906555175781,1830700,2108.6298828125
2015-07-31,53.83000183105469,54.810001373291016,53.34000015258789,54.20000076293945,47.79452133178711,2140100,2103.840087890625
2015-08-03,54.09999847412109,54.310001373291016,53.0,53.290000915527344,46.9920539855957,889900,2098.0400390625
2015-08-04,53.40999984741211,54.209999084472656,53.29999923706055,53.630001068115234,47.29187774658203,985200,2093.320068359375
2015-08-05,54.2400016784668,54.25,52.52999877929688,53.2599983215332,46.96560287475586,1484800,2099.840087890625
2015-08-06,53.68000030517578,53.68000030517578,49.54999923706055,51.77000045776367,45.65170669555664,3863700,2083.56005859375
2015-08-07,51.93000030517578,53.02999877929688,51.04999923706055,51.2400016784668,45.1843376159668,955900,2077.570068359375
2015-08-10,51.2400016784668,52.72999954223633,51.15999984741211,52.68999862670898,46.46297836303711,849100,2104.179931640625
2015-08-11,51.97999954223633,52.119998931884766,51.40999984741211,52.0,45.8545150756836,785400,2084.070068359375
2015-08-12,51.45000076293945,51.83000183105469,50.290000915527344,51.119998931884766,45.078521728515625,979600,2086.050048828125
2015-08-13,51.040000915527344,51.33000183105469,50.119998931884766,50.41999816894531,44.461238861083984,966800,2083.389892578125
2015-08-14,50.45000076293945,51.27999877929688,50.290000915527344,51.11000061035156,45.06968307495117,600700,2091.5400390625
2015-08-17,50.81999969482422,51.95000076293945,50.45000076293945,51.77000045776367,45.65170669555664,1194100,2102.43994140625
2015-08-18,51.619998931884766,51.72999954223633,50.9900016784668,51.11000061035156,45.06968307495117,807200,2096.919921875
2015-08-19,50.83000183105469,51.25,49.40999984741211,49.880001068115234,43.98507690429688,946600,2079.610107421875
2015-08-20,49.40999984741211,49.93999862670898,49.0099983215332,49.31999969482422,43.49125671386719,831300,2035.72998046875
2015-08-21,48.83000183105469,48.84999847412109,46.66999816894531,46.810001373291016,41.27788925170898,1381200,1970.8900146484375
2015-08-24,44.27000045776367,45.83000183105469,42.38999938964844,44.34000015258789,39.099796295166016,2099600,1893.2099609375
2015-08-25,45.61000061035156,45.720001220703125,42.77999877929688,42.79999923706055,37.741790771484375,1288400,1867.6099853515625
2015-08-26,43.56999969482422,43.65999984741211,42.310001373291016,43.06999969482422,37.97988510131836,3192700,1940.510009765625
2015-08-27,43.7400016784668,46.20000076293945,43.59999847412109,45.130001068115234,39.79643249511719,2054100,1987.6600341796875
2015-08-28,44.93999862670898,46.58000183105469,44.77000045776367,45.29999923706055,39.94633483886719,1459800,1988.8699951171875
2015-08-31,44.95000076293945,45.52000045776367,43.97999954223633,45.209999084472656,39.866981506347656,1435800,1972.1800537109375
2015-09-01,44.13999938964844,44.54999923706055,42.59999847412109,42.84999847412109,37.78588104248047,2076100,1913.8499755859375
2015-09-02,43.5,43.650001525878906,42.400001525878906,42.72999954223633,37.6800651550293,1618600,1948.8599853515625
2015-09-03,43.060001373291016,43.060001373291016,42.27999877929688,42.869998931884766,37.803524017333984,2688500,1951.1300048828125
2015-09-04,42.16999816894531,42.52000045776367,41.88999938964844,42.43000030517578,37.415523529052734,1528800,1921.219970703125
2015-09-08,43.27000045776367,43.27000045776367,42.77000045776367,43.02000045776367,37.93579864501953,2991800,1969.4100341796875
2015-09-09,43.4900016784668,44.02999877929688,42.90999984741211,43.02999877929688,37.944610595703125,1483200,1942.0400390625
2015-09-10,42.97999954223633,43.25,42.4900016784668,42.79999923706055,37.741790771484375,1659400,1952.2900390625
2015-09-11,42.47999954223633,42.83000183105469,41.59999847412109,42.0,37.03633880615234,873900,1961.050048828125
2015-09-14,41.7400016784668,42.22999954223633,41.369998931884766,41.880001068115234,37.18729019165039,1203300,1953.030029296875
2015-09-15,42.2400016784668,44.52999877929688,42.2400016784668,44.27000045776367,39.30949783325195,4852000,1978.0899658203125
2015-09-16,44.52999877929688,45.13999938964844,44.150001525878906,44.7400016784668,39.72682571411133,1408200,1995.31005859375
2015-09-17,44.59000015258789,45.7400016784668,44.560001373291016,45.04999923706055,40.00210189819336,1665400,1990.199951171875
2015-09-18,44.41999816894531,45.75,44.36000061035156,45.709999084472656,40.588134765625,2980200,1958.030029296875
2015-09-21,46.09000015258789,47.18999862670898,45.59999847412109,46.400001525878906,41.20081329345703,2045500,1966.969970703125
2015-09-22,45.880001068115234,46.0,45.11000061035156,45.709999084472656,40.588134765625,1777900,1942.739990234375
2015-09-23,45.54999923706055,46.18999862670898,45.18000030517578,45.310001373291016,40.23295974731445,1409000,1938.760009765625
2015-09-24,44.56999969482422,45.52999877929688,43.459999084472656,45.220001220703125,40.15304183959961,1622000,1932.239990234375
2015-09-25,45.47999954223633,46.040000915527344,44.79999923706055,45.130001068115234,40.0731315612793,1426700,1931.3399658203125
2015-09-28,44.81999969482422,44.88999938964844,41.650001525878906,41.77999877929688,37.0984992980957,1738200,1881.77001953125
2015-09-29,41.52000045776367,42.70000076293945,41.5,42.52999877929688,37.764461517333984,1479700,1884.0899658203125
2015-09-30,43.02999877929688,44.38999938964844,42.970001220703125,44.09999847412109,39.15853500366211,1366800,1920.030029296875
2015-10-01,44.290000915527344,45.22999954223633,44.09999847412109,45.16999816894531,40.10865020751953,1621200,1923.8199462890625
2015-10-02,44.540000915527344,46.150001525878906,44.31999969482422,46.150001525878906,40.97883987426758,1231400,1951.3599853515625
2015-10-05,46.47999954223633,47.61000061035156,46.380001068115234,47.43000030517578,42.11539840698242,1024800,1987.050048828125
2015-10-06,47.810001373291016,48.84000015258789,47.540000915527344,47.61000061035156,42.275238037109375,1637200,1979.9200439453125
2015-10-07,47.900001525878906,49.11000061035156,47.66999816894531,48.90999984741211,43.42956161499024,1903300,1995.8299560546875
2015-10-08,48.7400016784668,50.9900016784668,48.630001068115234,50.56999969482422,44.903564453125,1726100,2013.4300537109375
2015-10-09,51.369998931884766,51.880001068115234,50.54999923706055,50.720001220703125,45.036766052246094,1927900,2014.8900146484375
2015-10-12,51.08000183105469,51.2599983215332,50.310001373291016,50.5099983215332,44.850284576416016,1161600,2017.4599609375
2015-10-13,50.18000030517578,50.91999816894531,49.869998931884766,50.2599983215332,44.6282958984375,917200,2003.68994140625
2015-10-14,50.150001525878906,51.720001220703125,50.06999969482422,51.43999862670898,45.67609024047852,905800,1994.239990234375
2015-10-15,51.72999954223633,51.81999969482422,50.0099983215332,51.470001220703125,45.702728271484375,1460100,2023.8599853515625
2015-10-16,51.70000076293945,52.72999954223633,51.560001373291016,52.45000076293945,46.57292556762695,2035000,2033.1099853515625
2015-10-19,52.08000183105469,52.400001525878906,51.84000015258789,52.2599983215332,46.40419769287109,1555600,2033.6600341796875
2015-10-20,52.18999862670898,52.93999862670898,52.060001373291016,52.09999847412109,46.26213073730469,939800,2030.77001953125
2015-10-21,52.400001525878906,52.84000015258789,51.02000045776367,51.18000030517578,45.445220947265625,1160100,2018.93994140625
2015-10-22,51.81999969482422,53.119998931884766,51.36000061035156,52.38999938964844,46.51963424682617,1463700,2052.510009765625
2015-10-23,52.869998931884766,53.65999984741211,52.4900016784668,52.58000183105469,46.68835067749024,1266200,2075.14990234375
2015-10-26,52.43000030517578,52.970001220703125,52.04999923706055,52.68000030517578,46.777137756347656,1085400,2071.179931640625
2015-10-27,52.2400016784668,52.5,51.02000045776367,51.93000030517578,46.11116790771485,1697700,2065.889892578125
2015-10-28,52.04999923706055,54.06999969482422,51.77999877929688,53.58000183105469,47.57628631591797,1772600,2090.35009765625
2015-10-29,53.33000183105469,54.59000015258789,53.09000015258789,54.290000915527344,48.20674133300781,1433500,2089.409912109375
2015-10-30,54.33000183105469,54.369998931884766,52.93000030517578,53.52000045776367,47.52301406860352,1412200,2079.360107421875
2015-11-02,54.2599983215332,54.869998931884766,54.060001373291016,54.2400016784668,48.16233444213867,2509400,2104.050048828125
2015-11-03,54.43000030517578,55.47999954223633,54.2599983215332,54.66999816894531,48.54415512084961,1563700,2109.7900390625
2015-11-04,54.93999862670898,55.29999923706055,53.77999877929688,54.220001220703125,48.14458084106445,2019500,2102.31005859375
2015-11-05,52.5,52.81999969482422,48.15999984741211,49.43000030517578,43.89131164550781,5880300,2099.929931640625
2015-11-06,49.47999954223633,50.84000015258789,49.34000015258789,50.68000030517578,45.00123596191406,2224200,2099.199951171875
2015-11-09,50.380001068115234,50.81999969482422,49.47999954223633,49.91999816894531,44.32640075683594,2509600,2078.580078125
2015-11-10,49.93999862670898,50.33000183105469,49.2599983215332,49.58000183105469,44.02450942993164,1199000,2081.719970703125
2015-11-11,49.84999847412109,49.9900016784668,48.43999862670898,48.900001525878906,43.42069625854492,1645300,2075.0
2015-11-12,48.13999938964844,48.86000061035156,46.84999847412109,46.91999816894531,41.66255569458008,1314500,2045.969970703125
2015-11-13,46.75,48.2400016784668,46.4900016784668,47.619998931884766,42.28411483764648,2017100,2023.0400390625
2015-11-16,47.43000030517578,48.06999969482422,47.02000045776367,47.97999954223633,42.6037712097168,1024500,2053.18994140625
2015-11-17,48.11000061035156,48.93000030517578,47.66999816894531,48.52000045776367,43.083274841308594,1743000,2050.43994140625
2015-11-18,48.63999938964844,50.86000061035156,48.47999954223633,50.810001373291016,45.116676330566406,1593600,2083.580078125
2015-11-19,50.5,51.13999938964844,50.310001373291016,50.68999862670898,45.01012420654297,1066300,2081.239990234375
2015-11-20,50.93999862670898,51.970001220703125,50.75,51.66999816894531,45.88031768798828,1304600,2089.169921875
2015-11-23,51.56999969482422,52.150001525878906,51.2400016784668,52.11000061035156,46.27101135253906,1609500,2086.590087890625
2015-11-24,51.95000076293945,53.09000015258789,51.66999816894531,53.0099983215332,47.070159912109375,1567700,2089.139892578125
2015-11-25,52.88999938964844,53.209999084472656,52.54999923706055,52.900001525878906,46.97249221801758,649700,2088.8701171875
2015-11-27,52.900001525878906,53.34000015258789,52.7599983215332,53.11000061035156,47.1589469909668,312000,2090.110107421875
2015-11-30,53.290000915527344,53.68999862670898,53.09999847412109,53.560001373291016,47.55853271484375,814900,2080.409912109375
2015-12-01,53.68000030517578,53.79999923706055,52.83000183105469,52.95000076293945,47.016883850097656,1255800,2102.6298828125
2015-12-02,52.75,53.06999969482422,51.79999923706055,52.27999877929688,46.42195892333984,934900,2079.510009765625
2015-12-03,52.27000045776367,52.959999084472656,51.79999923706055,52.83000183105469,46.91032791137695,1451100,2049.6201171875
2015-12-04,52.5099983215332,53.52000045776367,51.93999862670898,52.9900016784668,47.05241012573242,1189800,2091.68994140625
2015-12-07,52.52999877929688,52.65999984741211,50.880001068115234,51.09999847412109,45.37417984008789,968500,2077.070068359375
2015-12-08,50.54999923706055,50.709999084472656,49.66999816894531,49.77999877929688,44.202091217041016,731400,2063.590087890625
2015-12-09,50.77000045776367,51.41999816894531,49.619998931884766,50.02000045776367,44.41519927978516,1564900,2047.6199951171875
2015-12-10,49.93000030517578,49.959999084472656,49.02999877929688,49.209999084472656,43.69596481323242,833800,2052.22998046875
2015-12-11,47.970001220703125,48.400001525878906,47.310001373291016,47.95000076293945,42.82954788208008,1399600,2012.3699951171875
2015-12-14,47.83000183105469,47.970001220703125,46.34000015258789,47.7599983215332,42.65982055664063,1586600,2021.93994140625
2015-12-15,48.09999847412109,49.34000015258789,48.0,48.68000030517578,43.481590270996094,1032400,2043.4100341796875
2015-12-16,49.150001525878906,52.060001373291016,48.75,51.83000183105469,46.29520797729492,2259400,2073.070068359375
2015-12-17,51.9900016784668,53.09999847412109,51.33000183105469,52.41999816894531,46.822208404541016,1716100,2041.8900146484375
2015-12-18,52.0099983215332,53.310001373291016,50.970001220703125,51.18000030517578,45.714622497558594,2112400,2005.550048828125
2015-12-21,51.59999847412109,51.869998931884766,50.790000915527344,51.459999084472656,45.9647102355957,841100,2021.1500244140625
2015-12-22,51.59999847412109,54.77000045776367,51.43000030517578,54.310001373291016,48.5103759765625,1159400,2038.969970703125
2015-12-23,54.560001373291016,56.45000076293945,54.4900016784668,56.290000915527344,50.2789306640625,1068400,2064.2900390625
2015-12-24,56.25,56.5,55.79999923706055,55.95000076293945,49.97524642944336,380700,2060.989990234375
2015-12-28,55.720001220703125,56.790000915527344,55.130001068115234,56.75,50.689823150634766,856400,2056.5
2015-12-29,57.40999984741211,57.9900016784668,56.2400016784668,56.72999954223633,50.67195129394531,759600,2078.360107421875
2015-12-30,56.41999816894531,57.20000076293945,56.2599983215332,56.34000015258789,50.32358932495117,733700,2063.360107421875
2015-12-31,56.060001373291016,57.4900016784668,55.83000183105469,56.0099983215332,50.02884292602539,663000,2043.93994140625
2016-01-04,54.970001220703125,55.68999862670898,54.27000045776367,55.54999923706055,49.617950439453125,1284700,2012.6600341796875
2016-01-05,55.54999923706055,56.09999847412109,53.880001068115234,54.70000076293945,48.85872268676758,1232100,2016.7099609375
2016-01-06,53.470001220703125,54.25,51.84000015258789,52.310001373291016,46.72396087646485,1240000,1990.260009765625
2016-01-07,51.2599983215332,51.70000076293945,49.47999954223633,49.95000076293945,44.6159782409668,1521000,1943.0899658203125
2016-01-08,50.45000076293945,51.08000183105469,48.970001220703125,49.0099983215332,43.77635192871094,1127400,1922.030029296875
2016-01-11,49.2400016784668,49.52999877929688,47.380001068115234,48.040000915527344,42.90992736816406,1313200,1923.6700439453125
2016-01-12,48.790000915527344,49.18000030517578,48.04999923706055,48.95000076293945,43.7227668762207,1299100,1938.6800537109375
2016-01-13,49.619998931884766,51.27000045776367,47.310001373291016,47.709999084472656,42.61516571044922,1463300,1890.280029296875
2016-01-14,48.02999877929688,49.650001525878906,46.84000015258789,48.900001525878906,43.67808151245117,1303200,1921.8399658203125
2016-01-15,47.63999938964844,48.02000045776367,45.77999877929688,47.90999984741211,42.7938117980957,1446900,1880.3299560546875
2016-01-19,48.47999954223633,49.5,47.56999969482422,48.41999816894531,43.24935150146485,1699800,1881.3299560546875
2016-01-20,47.560001373291016,48.790000915527344,46.15999984741211,48.0099983215332,42.88314056396485,1356500,1859.3299560546875
2016-01-21,47.9900016784668,50.7400016784668,47.41999816894531,49.43000030517578,44.151493072509766,1844300,1868.989990234375
2016-01-22,50.65999984741211,52.27000045776367,50.650001525878906,51.290000915527344,45.81286239624024,1533300,1906.9000244140625
2016-01-25,51.09000015258789,51.25,49.70000076293945,49.97999954223633,44.64276123046875,1634100,1877.0799560546875
2016-01-26,50.369998931884766,52.470001220703125,50.08000183105469,51.880001068115234,46.3398666381836,1524200,1903.6300048828125
2016-01-27,51.54999923706055,52.2599983215332,50.43999862670898,50.93000030517578,45.49131774902344,1429600,1882.949951171875
2016-01-28,51.650001525878906,52.52000045776367,51.27999877929688,51.7599983215332,46.232688903808594,1176700,1893.3599853515625
2016-01-29,51.790000915527344,52.65999984741211,51.150001525878906,52.63999938964844,47.01870727539063,2887700,1940.239990234375
2016-02-01,51.869998931884766,52.95000076293945,50.970001220703125,52.81999969482422,47.17948913574219,1463300,1939.3800048828125
2016-02-02,52.16999816894531,53.02000045776367,51.34999847412109,51.86000061035156,46.32200622558594,1279500,1903.030029296875
2016-02-03,52.65999984741211,53.619998931884766,51.15999984741211,53.52000045776367,47.80474090576172,1447600,1912.530029296875
2016-02-04,53.63999938964844,54.2599983215332,51.22999954223633,51.95000076293945,46.40241241455078,2213800,1915.449951171875
2016-02-05,51.380001068115234,52.70000076293945,50.720001220703125,51.540000915527344,46.03617477416992,1380300,1880.050048828125
2016-02-08,50.90999984741211,50.90999984741211,47.4900016784668,48.790000915527344,43.57984924316406,1940700,1853.43994140625
2016-02-09,48.220001220703125,50.02999877929688,48.08000183105469,49.88999938964844,44.56237030029297,1709400,1852.2099609375
2016-02-10,50.59999847412109,51.04999923706055,49.40999984741211,50.09000015258789,44.74100875854492,1101400,1851.8599853515625
2016-02-11,48.77999877929688,50.83000183105469,48.41999816894531,50.09000015258789,44.74100875854492,1186000,1829.0799560546875
2016-02-12,50.68000030517578,52.02000045776367,50.040000915527344,51.380001068115234,45.89326095581055,1183300,1864.780029296875
2016-02-16,52.18999862670898,52.619998931884766,51.04999923706055,52.31999969482422,46.732872009277344,1652000,1895.5799560546875
2016-02-17,52.93999862670898,54.25,52.5099983215332,52.77000045776367,47.13483810424805,1782800,1926.8199462890625
2016-02-18,51.34000015258789,55.59999847412109,50.95000076293945,54.52999877929688,48.70687484741211,3044500,1917.8299560546875
2016-02-19,54.41999816894531,54.540000915527344,53.27000045776367,54.47999954223633,48.6622200012207,1036900,1917.780029296875
2016-02-22,54.84000015258789,55.4900016784668,54.650001525878906,54.83000183105469,48.97486114501953,1382600,1945.5
2016-02-23,54.470001220703125,55.59000015258789,52.5099983215332,52.65999984741211,47.03657531738281,1223900,1921.27001953125
2016-02-24,51.970001220703125,53.36000061035156,51.02999877929688,53.310001373291016,47.61715698242188,971000,1929.800048828125
2016-02-25,53.59999847412109,55.459999084472656,53.2599983215332,55.43999862670898,49.51971054077149,833000,1951.699951171875
2016-02-26,55.93999862670898,56.86000061035156,55.54999923706055,56.560001373291016,50.52009963989258,885000,1948.050048828125
2016-02-29,56.59999847412109,57.95000076293945,56.11000061035156,56.220001220703125,50.216407775878906,1441700,1932.22998046875
2016-03-01,57.119998931884766,58.86000061035156,57.0,58.65999984741211,52.39585113525391,1483700,1978.3499755859375
2016-03-02,58.2599983215332,59.41999816894531,57.369998931884766,57.709999084472656,51.54731369018555,1144900,1986.449951171875
2016-03-03,57.47999954223633,57.88999938964844,56.02999877929688,57.220001220703125,51.109619140625,1257200,1993.4000244140625
2016-03-04,57.52000045776367,59.880001068115234,57.34999847412109,59.16999816894531,52.85138702392578,1393700,1999.989990234375
2016-03-07,59.02000045776367,59.970001220703125,57.91999816894531,58.79999923706055,52.52089309692383,1807600,2001.760009765625
2016-03-08,58.33000183105469,59.130001068115234,58.04999923706055,58.47999954223633,52.23506927490234,1502500,1979.260009765625
2016-03-09,58.79999923706055,60.34000015258789,58.59999847412109,60.2400016784668,53.807125091552734,1418000,1989.260009765625
2016-03-10,59.88999938964844,60.540000915527344,58.93000030517578,59.380001068115234,53.03895950317383,1364600,1989.5699462890625
2016-03-11,59.790000915527344,61.900001525878906,59.45000076293945,61.2400016784668,54.700340270996094,1109500,2022.18994140625
2016-03-14,60.380001068115234,60.959999084472656,59.72999954223633,60.02000045776367,53.87897109985352,1350700,2019.6400146484375
2016-03-15,59.34000015258789,60.040000915527344,58.84000015258789,59.18999862670898,53.13387298583984,1318000,2015.9300537109375
2016-03-16,59.09999847412109,61.68999862670898,59.09999847412109,61.619998931884766,55.31525421142578,1461300,2027.219970703125
2016-03-17,61.470001220703125,62.869998931884766,60.7599983215332,62.43000030517578,56.04237747192383,1335400,2040.5899658203125
2016-03-18,62.36000061035156,62.75,60.70000076293945,61.380001068115234,55.09981918334961,1907600,2049.580078125
2016-03-21,61.380001068115234,61.93000030517578,60.95000076293945,61.63999938964844,55.333194732666016,1155200,2051.60009765625
2016-03-22,61.36000061035156,62.560001373291016,61.18999862670898,62.15999984741211,55.79999542236328,1225700,2049.800048828125
2016-03-23,61.95000076293945,62.18999862670898,61.2599983215332,61.38999938964844,55.10878753662109,1054500,2036.7099609375
2016-03-24,60.66999816894531,62.09000015258789,60.34000015258789,61.91999816894531,55.58454513549805,711000,2035.93994140625
2016-03-28,61.9900016784668,62.2599983215332,61.52000045776367,62.119998931884766,55.76409149169922,811800,2037.050048828125
2016-03-29,62.09000015258789,63.0,61.5099983215332,62.959999084472656,56.51813888549805,798000,2055.010009765625
2016-03-30,63.290000915527344,64.25,62.90999984741211,63.9900016784668,57.44275665283203,1074200,2063.949951171875
2016-03-31,63.880001068115234,64.33000183105469,63.650001525878906,63.93000030517578,57.3889045715332,1224800,2059.739990234375
2016-04-01,63.43999862670898,65.5,63.400001525878906,65.19999694824219,58.52896881103516,2455900,2072.780029296875
2016-04-04,65.37999725341797,65.9000015258789,64.98999786376953,65.33000183105469,58.64566802978516,1470100,2066.1298828125
2016-04-05,64.62000274658203,65.4800033569336,64.05999755859375,64.5,57.90058517456055,822600,2045.1700439453125
2016-04-06,64.43000030517578,66.08000183105469,63.72999954223633,66.02999877929688,59.27403259277344,1237200,2066.659912109375
2016-04-07,65.9000015258789,66.93000030517578,64.23999786376953,64.69000244140625,58.071136474609375,1328200,2041.9100341796875
2016-04-08,65.63999938964844,65.72000122070312,64.45999908447266,64.8499984741211,58.21476364135742,1559600,2047.5999755859375
2016-04-11,65.12999725341797,65.94000244140625,65.04000091552734,65.25,58.5738410949707,1117900,2041.989990234375
2016-04-12,65.58000183105469,65.8499984741211,65.26000213623047,65.30000305175781,58.61873245239258,1070000,2061.719970703125
2016-04-13,65.80000305175781,66.31999969482422,64.43000030517578,65.0,58.349422454833984,2325100,2082.419921875
2016-04-14,65.23999786376953,65.88999938964844,64.88999938964844,65.44999694824219,58.75338363647461,1849600,2082.780029296875
2016-04-15,65.73999786376953,65.8499984741211,65.04000091552734,65.37000274658203,58.68156051635742,1499200,2080.72998046875
2016-04-18,64.88999938964844,65.55000305175781,64.75,65.48999786376953,58.78927993774414,939500,2094.340087890625
2016-04-19,65.8499984741211,65.8499984741211,64.5999984741211,65.33999633789062,58.65463638305664,1958200,2100.800048828125
2016-04-20,65.2300033569336,65.76000213623047,64.5,65.6500015258789,58.93290328979492,1518300,2102.39990234375
2016-04-21,65.6500015258789,65.98999786376953,65.52999877929688,65.63999938964844,58.923927307128906,1288100,2091.47998046875
2016-04-22,65.66000366210938,66.70999908447266,65.66000366210938,66.23999786376953,59.462528228759766,1269600,2091.580078125
2016-04-25,66.37000274658203,66.87000274658203,66.1500015258789,66.58999633789062,59.7767333984375,1004900,2087.7900390625
2016-04-26,66.97000122070312,67.94999694824219,66.77999877929688,67.76000213623047,60.8270149230957,1231400,2091.699951171875
2016-04-27,67.66999816894531,68.75,67.27999877929688,67.86000061035156,60.91679763793945,817100,2095.14990234375
2016-04-28,67.47000122070312,67.6500015258789,66.1500015258789,66.41999816894531,59.624122619628906,649500,2075.81005859375
2016-04-29,66.44999694824219,66.44999694824219,65.56999969482422,66.16000366210938,59.39073181152344,1069200,2065.300048828125
2016-05-02,66.41999816894531,68.36000061035156,66.18000030517578,67.9000015258789,60.95269775390625,1176900,2081.429931640625
2016-05-03,67.55999755859375,68.08999633789062,66.83000183105469,67.33000183105469,60.44101333618164,871900,2063.3701171875
2016-05-04,66.98999786376953,67.56999969482422,66.36000061035156,66.58999633789062,59.7767333984375,788400,2051.1201171875
2016-05-05,66.77999877929688,68.12999725341797,66.77999877929688,67.0999984741211,60.23454284667969,1051400,2050.6298828125
2016-05-06,66.97000122070312,69.06999969482422,66.66999816894531,68.62999725341797,61.60799407958984,1424500,2057.139892578125
2016-05-09,68.37000274658203,70.22000122070312,67.06999969482422,67.27999877929688,60.39612579345703,1778600,2058.68994140625
2016-05-10,67.37999725341797,68.41000366210938,67.05999755859375,67.86000061035156,60.91679763793945,1516100,2084.389892578125
2016-05-11,70.76000213623047,75.75,70.66999816894531,74.6500015258789,67.01203918457031,5794600,2064.4599609375
2016-05-12,75.61000061035156,76.43000030517578,74.76000213623047,75.87000274658203,68.10723114013672,2190900,2064.110107421875
2016-05-13,75.58999633789062,76.33000183105469,74.3499984741211,76.16000366210938,68.36756134033203,2189200,2046.6099853515625
2016-05-16,76.81999969482422,78.4000015258789,76.75,77.80999755859375,69.84873962402344,1842500,2066.659912109375
2016-05-17,77.81999969482422,78.26000213623047,75.94999694824219,76.16999816894531,68.37653350830078,1829700,2047.2099609375
2016-05-18,75.83000183105469,77.25,75.7699966430664,76.16999816894531,68.37653350830078,1598100,2047.6300048828125
2016-05-19,75.69000244140625,76.66999816894531,75.0,75.7699966430664,68.0174560546875,1619700,2040.0400390625
2016-05-20,76.41999816894531,77.37999725341797,76.12000274658203,76.36000061035156,68.54711151123047,1246300,2052.320068359375
2016-05-23,75.86000061035156,76.75,75.86000061035156,76.37000274658203,68.55608367919922,1177900,2048.0400390625
2016-05-24,76.88999938964844,77.4800033569336,76.30999755859375,76.33999633789062,68.52912902832031,1827400,2076.06005859375
2016-05-25,76.9000015258789,79.04000091552734,76.38999938964844,78.87000274658203,70.80028533935547,1200200,2090.5400390625
2016-05-26,79.2699966430664,79.7300033569336,78.1500015258789,79.04000091552734,70.95289611816406,1216800,2090.10009765625
2016-05-27,79.0,80.20999908447266,78.80999755859375,80.08999633789062,71.89546203613281,1091700,2099.06005859375
2016-05-31,80.0,80.06999969482422,78.01000213623047,78.5,70.46812438964844,1486700,2096.949951171875
2016-06-01,78.5,80.0,77.52999877929688,79.68000030517578,71.52741241455078,1293200,2099.330078125
2016-06-02,79.12999725341797,79.94999694824219,79.12000274658203,79.83999633789062,71.67103576660156,629900,2105.260009765625
2016-06-03,80.0,80.3499984741211,79.1500015258789,80.0,71.81463623046875,855100,2099.1298828125
2016-06-06,80.4800033569336,82.16000366210938,80.0999984741211,80.95999908447266,72.67643737792969,1048000,2109.409912109375
2016-06-07,81.38999938964844,81.81999969482422,80.80000305175781,81.29000091552734,72.97268676757812,853800,2112.1298828125
2016-06-08,81.61000061035156,82.37000274658203,80.81999969482422,81.20999908447266,72.90086364746094,1524300,2119.1201171875
2016-06-09,80.63999938964844,81.0199966430664,79.83000183105469,80.26000213623047,72.0480728149414,1124600,2115.47998046875
2016-06-10,80.0,80.41999816894531,79.25,79.83000183105469,71.66205596923828,1024700,2096.070068359375
2016-06-13,79.36000061035156,79.7699966430664,78.11000061035156,78.1500015258789,70.4229965209961,1109400,2079.06005859375
2016-06-14,78.0,78.4800033569336,77.0199966430664,78.4000015258789,70.64830780029297,1162900,2075.320068359375
2016-06-15,78.58000183105469,80.05000305175781,78.41999816894531,79.70999908447266,71.82878112792969,1434100,2071.5
2016-06-16,79.30999755859375,80.05000305175781,78.91000366210938,79.98999786376953,72.08106994628906,909000,2077.989990234375
2016-06-17,83.19000244140625,84.98999786376953,82.20999908447266,82.80000305175781,74.61327362060547,3531100,2071.219970703125
2016-06-20,83.51000213623047,83.9800033569336,82.66000366210938,83.01000213623047,74.80250549316406,1736500,2083.25
2016-06-21,82.94999694824219,83.83999633789062,82.0,83.62000274658203,75.35218811035156,1203400,2088.89990234375
2016-06-22,83.62000274658203,83.87000274658203,82.80999755859375,83.31999969482422,75.08184814453125,1014000,2085.449951171875
2016-06-23,83.94999694824219,84.70999908447266,83.79000091552734,84.4000015258789,76.05506134033203,799000,2113.320068359375
2016-06-24,81.2699966430664,82.45999908447266,78.5999984741211,78.9800033569336,71.17094421386719,2465400,2037.4100341796875
2016-06-27,77.44000244140625,78.08999633789062,74.86000061035156,75.33999633789062,67.8908462524414,2709400,2000.5400390625
2016-06-28,76.80999755859375,78.48999786376953,76.13999938964844,78.29000091552734,70.5491714477539,2707400,2036.0899658203125
2016-06-29,79.45999908447266,79.8499984741211,78.58999633789062,79.12000274658203,71.2970962524414,1928400,2070.77001953125
2016-06-30,79.12999725341797,80.5,77.91999816894531,79.30999755859375,71.46831512451172,24895500,2098.860107421875
2016-07-01,79.44999694824219,82.27999877929688,79.44999694824219,81.31999969482422,73.27959442138672,1588400,2102.949951171875
2016-07-05,80.08000183105469,80.20999908447266,79.43000030517578,79.9000015258789,72.0,1366400,2088.550048828125
2016-07-06,79.38999938964844,80.95999908447266,78.80999755859375,80.86000061035156,72.8650894165039,1341100,2099.72998046875
2016-07-07,81.18000030517578,82.19999694824219,80.87999725341797,81.31999969482422,73.27959442138672,865300,2097.89990234375
2016-07-08,82.19999694824219,83.98999786376953,81.98999786376953,83.58000183105469,75.31612396240234,1267800,2129.89990234375
2016-07-11,83.91999816894531,84.0,83.11000061035156,83.62999725341797,75.36119842529297,1277100,2137.159912109375
2016-07-12,84.37999725341797,86.06999969482422,84.26000213623047,85.22000122070312,76.79397583007812,1297800,2152.139892578125
2016-07-13,85.5199966430664,85.75,85.0199966430664,85.55000305175781,77.0913314819336,955300,2152.429931640625
2016-07-14,85.97000122070312,86.97000122070312,85.81999969482422,86.04000091552734,77.53289031982422,707600,2163.75
2016-07-15,86.41999816894531,87.29000091552734,86.01000213623047,86.3499984741211,77.81224060058594,899500,2161.739990234375
2016-07-18,86.2300033569336,86.43000030517578,85.33999633789062,86.20999908447266,77.68607330322266,700900,2166.889892578125
2016-07-19,85.94999694824219,86.36000061035156,85.55999755859375,85.91999816894531,77.42475128173828,630100,2163.780029296875
2016-07-20,86.04000091552734,86.88999938964844,85.9000015258789,86.62000274658203,78.05554962158203,948500,2173.02001953125
2016-07-21,86.26000213623047,86.5999984741211,83.8499984741211,84.2699966430664,75.93792724609375,1257500,2165.169921875
2016-07-22,84.62999725341797,85.43000030517578,84.11000061035156,85.01000213623047,76.60472106933594,875000,2175.030029296875
2016-07-25,85.0,86.2300033569336,84.77999877929688,86.19999694824219,77.67707824707031,1229800,2168.47998046875
2016-07-26,86.19999694824219,86.20999908447266,84.87999725341797,85.5199966430664,77.06432342529297,909200,2169.179931640625
2016-07-27,85.37000274658203,85.51000213623047,84.12000274658203,84.81999969482422,76.43354034423828,841100,2166.580078125
2016-07-28,84.66000366210938,86.13999938964844,84.25,85.11000061035156,76.69486236572266,1037700,2170.06005859375
2016-07-29,84.79000091552734,84.80000305175781,83.30999755859375,84.16999816894531,75.84779357910156,1702200,2173.60009765625
2016-08-01,84.22000122070312,84.48999786376953,83.58000183105469,83.91000366210938,75.61348724365234,1782700,2170.840087890625
2016-08-02,84.26000213623047,84.76000213623047,83.66999816894531,84.37000274658203,76.02801513671875,2035300,2157.030029296875
2016-08-03,84.51000213623047,84.58000183105469,83.11000061035156,83.98999786376953,75.68557739257812,2404000,2163.7900390625
2016-08-04,84.16999816894531,84.66000366210938,80.38999938964844,82.12000274658203,74.00049591064453,2906600,2164.25
2016-08-05,82.22000122070312,82.6500015258789,81.48999786376953,82.33000183105469,74.1897201538086,1723300,2182.8701171875
2016-08-08,82.33000183105469,82.66000366210938,81.54000091552734,82.16999816894531,74.04553985595703,1495500,2180.889892578125
2016-08-09,82.48999786376953,82.66999816894531,81.72000122070312,82.01000213623047,73.90135955810547,1487400,2181.739990234375
2016-08-10,82.02999877929688,82.33000183105469,81.4000015258789,82.08999633789062,73.97343444824219,1297800,2175.489990234375
2016-08-11,82.12000274658203,83.11000061035156,81.62000274658203,82.58000183105469,74.41500854492188,1133100,2185.7900390625
2016-08-12,82.41000366210938,83.7300033569336,82.20999908447266,83.01000213623047,74.80250549316406,1139600,2184.050048828125
2016-08-15,83.4800033569336,84.79000091552734,83.27999877929688,84.08000183105469,75.76667022705078,1135700,2190.14990234375
2016-08-16,84.27999877929688,84.33000183105469,81.62999725341797,81.7300033569336,73.64905548095703,1066100,2178.14990234375
2016-08-17,81.77999877929688,81.83000183105469,80.18000030517578,80.55000305175781,72.58570861816406,1183200,2182.219970703125
2016-08-18,81.01000213623047,81.31999969482422,80.80000305175781,81.27999877929688,73.24354553222656,1070100,2187.02001953125
2016-08-19,81.0,82.91999816894531,80.81999969482422,82.73999786376953,74.55917358398438,1755900,2183.8701171875
2016-08-22,82.27999877929688,83.8499984741211,81.73999786376953,83.8499984741211,75.55941772460938,1089000,2182.639892578125
2016-08-23,84.5,86.5,84.16000366210938,84.16999816894531,75.84779357910156,1299800,2186.89990234375
2016-08-24,83.83999633789062,84.41000366210938,81.94999694824219,82.19000244140625,74.06356811523438,1566100,2175.43994140625
2016-08-25,82.30999755859375,83.37999725341797,82.12999725341797,82.56999969482422,74.40599822998047,753400,2172.469970703125
2016-08-26,82.91999816894531,83.5199966430664,81.33000183105469,81.79000091552734,73.70309448242188,879000,2169.0400390625
2016-08-29,81.93000030517578,82.94999694824219,81.6500015258789,82.75,74.56819915771484,740900,2180.3798828125
2016-08-30,82.75,83.5,81.5999984741211,81.7300033569336,73.64905548095703,760400,2176.1201171875
2016-08-31,81.25,81.25,79.70999908447266,79.97000122070312,72.06306457519531,1308200,2170.949951171875
2016-09-01,79.94999694824219,81.30000305175781,79.55999755859375,81.30000305175781,73.26153564453125,1181500,2170.860107421875
2016-09-02,82.45999908447266,82.48999786376953,81.0999984741211,81.95999908447266,73.85630798339844,895200,2179.97998046875
2016-09-06,82.12999725341797,83.04000091552734,81.8499984741211,83.04000091552734,74.82952117919922,956200,2186.47998046875
2016-09-07,82.70999908447266,83.06999969482422,82.12999725341797,82.94999694824219,74.74840545654297,924700,2186.159912109375
2016-09-08,82.76000213623047,83.04000091552734,80.87000274658203,80.91999816894531,72.91912841796875,984300,2181.300048828125
2016-09-09,79.91000366210938,80.5,76.51000213623047,76.81999969482422,69.22449493408203,1849100,2127.81005859375
2016-09-12,75.5999984741211,77.72000122070312,75.11000061035156,77.44000244140625,69.7832260131836,1525900,2159.0400390625
2016-09-13,76.77999877929688,77.52999877929688,75.7300033569336,76.08999633789062,68.83782958984375,1372700,2127.02001953125
2016-09-14,76.05000305175781,76.44000244140625,75.12999725341797,75.72000122070312,68.5030746459961,1657700,2125.77001953125
2016-09-15,75.9000015258789,77.30999755859375,75.38999938964844,77.25,69.88726043701172,1789900,2147.260009765625
2016-09-16,76.83000183105469,77.1500015258789,75.77999877929688,76.7300033569336,69.41682434082031,2304900,2139.159912109375
2016-09-19,77.11000061035156,77.9800033569336,77.04000091552734,77.63999938964844,70.24007415771484,776700,2139.1201171875
2016-09-20,77.93000030517578,78.55999755859375,76.79000091552734,76.79000091552734,69.47110748291016,958300,2139.760009765625
2016-09-21,77.55999755859375,80.2300033569336,77.51000213623047,80.19000244140625,72.54704284667969,1483300,2163.1201171875
2016-09-22,81.0199966430664,81.80000305175781,80.91000366210938,81.19999694824219,73.46076965332031,1587400,2177.179931640625
2016-09-23,80.7699966430664,81.08000183105469,80.20999908447266,80.75,73.05367279052734,1194000,2164.68994140625
2016-09-26,80.86000061035156,82.18000030517578,80.77999877929688,81.69999694824219,73.91313171386719,1350700,2146.10009765625
2016-09-27,81.41000366210938,82.86000061035156,81.41000366210938,82.75,74.86305236816406,831400,2159.929931640625
2016-09-28,83.44000244140625,84.98999786376953,83.0199966430664,84.87000274658203,76.78099822998047,1027700,2171.3701171875
2016-09-29,84.87000274658203,85.30999755859375,83.06999969482422,83.1500015258789,75.22492218017578,1199900,2151.1298828125
2016-09-30,83.93000030517578,85.83999633789062,83.48999786376953,85.48999786376953,77.34188079833984,1380500,2168.27001953125
2016-10-03,85.19999694824219,85.44999694824219,84.08999633789062,84.83000183105469,76.74479675292969,966400,2161.199951171875
2016-10-04,84.97000122070312,85.37999725341797,82.54000091552734,82.62000274658203,74.74541473388672,1056200,2150.489990234375
2016-10-05,83.41999816894531,83.93000030517578,82.72000122070312,83.44000244140625,75.48727416992188,974600,2159.72998046875
2016-10-06,83.02999877929688,83.87000274658203,82.91000366210938,83.63999938964844,75.6682357788086,979600,2160.77001953125
2016-10-07,83.83000183105469,83.83000183105469,81.62999725341797,82.37000274658203,74.51927185058594,974000,2153.739990234375
2016-10-10,83.22000122070312,84.4800033569336,83.0999984741211,83.4800033569336,75.52347564697266,623000,2163.659912109375
2016-10-11,83.02999877929688,83.19999694824219,81.30999755859375,81.72000122070312,73.93120574951172,522600,2136.72998046875
2016-10-12,81.70999908447266,81.70999908447266,80.2699966430664,81.1500015258789,73.41552734375,807800,2139.179931640625
2016-10-13,80.26000213623047,80.94999694824219,79.08000183105469,80.44000244140625,72.7732162475586,662900,2132.550048828125
2016-10-14,81.13999938964844,81.77999877929688,80.7699966430664,80.86000061035156,73.15319061279297,621200,2132.97998046875
2016-10-17,80.80999755859375,81.51000213623047,80.75,81.26000213623047,73.51504516601562,595900,2126.5
2016-10-18,82.47000122070312,82.70999908447266,81.62999725341797,81.66000366210938,73.87692260742188,503400,2139.60009765625
2016-10-19,81.80000305175781,82.6500015258789,81.01000213623047,82.58999633789062,74.7182846069336,552900,2144.2900390625
2016-10-20,81.94999694824219,83.44000244140625,81.87999725341797,83.0199966430664,75.1072998046875,436700,2141.340087890625
2016-10-21,82.88999938964844,82.88999938964844,81.54000091552734,82.19999694824219,74.365478515625,594400,2141.159912109375
2016-10-24,83.04000091552734,83.48999786376953,82.19999694824219,83.36000061035156,75.41488647460938,607800,2151.330078125
2016-10-25,83.19000244140625,83.19000244140625,82.0,82.0999984741211,74.27498626708984,424600,2143.159912109375
2016-10-26,81.29000091552734,82.0,80.68000030517578,81.08999633789062,73.36125183105469,697200,2139.429931640625
2016-10-27,81.76000213623047,82.41000366210938,81.2699966430664,82.05000305175781,74.22978210449219,634700,2133.0400390625
2016-10-28,82.25,84.04000091552734,82.2300033569336,82.91000366210938,75.00779724121094,647900,2126.409912109375
2016-10-31,82.95999908447266,84.16999816894531,82.73999786376953,83.55000305175781,75.5868148803711,1104600,2126.14990234375
2016-11-01,83.56999969482422,84.26000213623047,82.22000122070312,82.9000015258789,74.99874877929688,1071200,2111.719970703125
2016-11-02,82.51000213623047,82.93000030517578,81.80000305175781,82.25,74.41068267822266,626800,2097.93994140625
2016-11-03,82.5999984741211,84.4800033569336,82.30000305175781,83.80000305175781,75.81298828125,1009200,2088.659912109375
2016-11-04,83.5999984741211,84.41000366210938,82.69999694824219,83.4800033569336,75.52347564697266,845400,2085.179931640625
2016-11-07,85.0199966430664,86.87999725341797,84.69000244140625,86.27999877929688,78.05661010742188,1412300,2131.52001953125
2016-11-08,85.98999786376953,86.87999725341797,82.68000030517578,82.75,74.86305236816406,1818200,2139.56005859375
2016-11-09,81.91000366210938,82.20999908447266,79.20999908447266,80.41999816894531,72.755126953125,2626400,2163.260009765625
2016-11-10,80.7300033569336,82.0,80.0999984741211,81.5199966430664,73.7502670288086,1302200,2167.47998046875
2016-11-11,81.0,81.4800033569336,80.13999938964844,80.43000030517578,72.76417541503906,1115400,2164.449951171875
2016-11-14,80.72000122070312,81.0,76.31999969482422,77.08000183105469,69.73347473144531,1933600,2164.199951171875
2016-11-15,77.25,80.16000366210938,77.25,80.12000274658203,72.48372650146484,1270800,2180.389892578125
2016-11-16,80.29000091552734,81.81999969482422,79.83999633789062,81.55000305175781,73.77742004394531,1076200,2176.93994140625
2016-11-17,81.93000030517578,83.22000122070312,81.77999877929688,82.97000122070312,75.06207275390625,899900,2187.1201171875
2016-11-18,82.94999694824219,83.27999877929688,82.18000030517578,82.45999908447266,74.6006851196289,529800,2181.89990234375
2016-11-21,82.80999755859375,83.9000015258789,82.58000183105469,83.8499984741211,75.85820770263672,743300,2198.179931640625
2016-11-22,84.01000213623047,84.5999984741211,83.5199966430664,84.30000305175781,76.26532745361328,653900,2202.93994140625
2016-11-23,83.9000015258789,84.19000244140625,83.04000091552734,83.87999725341797,75.8853530883789,536100,2204.719970703125
2016-11-25,83.93000030517578,84.5,83.70999908447266,84.0,75.99391174316406,200200,2213.35009765625
2016-11-28,84.0999984741211,84.77999877929688,83.91000366210938,83.95999908447266,75.95772552490234,547000,2201.719970703125
2016-11-29,83.58000183105469,87.16999816894531,83.0999984741211,85.94999694824219,77.758056640625,1158600,2204.659912109375
2016-11-30,86.61000061035156,88.7300033569336,86.61000061035156,87.77999877929688,79.41364288330078,1720700,2198.81005859375
2016-12-01,88.29000091552734,88.29000091552734,85.4000015258789,85.6500015258789,77.48665618896484,1159000,2191.080078125
2016-12-02,85.68000030517578,85.9800033569336,84.37000274658203,84.86000061035156,76.77193450927734,677900,2191.949951171875
2016-12-05,85.55999755859375,86.44999694824219,85.41000366210938,86.27999877929688,78.05661010742188,1173800,2204.7099609375
2016-12-06,85.73999786376953,86.62999725341797,85.5999984741211,86.31999969482422,78.09278869628906,1332600,2212.22998046875
2016-12-07,86.23999786376953,88.87000274658203,86.23999786376953,88.80000305175781,80.33641052246094,805200,2241.35009765625
2016-12-08,90.0,92.23999786376952,89.30999755859375,91.8000030517578,83.05048370361328,1564400,2246.18994140625
2016-12-09,91.68000030517578,91.68000030517578,90.12999725341795,90.69000244140624,82.04627990722656,869400,2259.530029296875
2016-12-12,90.9000015258789,91.5999984741211,90.66000366210938,91.31999969482422,82.61622619628906,710700,2256.9599609375
2016-12-13,91.47000122070312,91.73999786376952,90.29000091552734,91.12000274658205,82.71153259277344,974000,2271.719970703125
2016-12-14,91.1500015258789,91.8000030517578,89.87999725341797,89.94000244140625,81.64042663574219,1428600,2253.280029296875
2016-12-15,90.33999633789062,90.79000091552734,89.31999969482422,89.81999969482422,81.53150939941406,811200,2262.030029296875
2016-12-16,90.05000305175781,90.51000213623048,88.08000183105469,89.2300033569336,80.9959487915039,1634600,2258.070068359375
2016-12-19,89.45999908447266,89.66000366210938,88.37999725341797,89.0,80.78717803955078,811200,2262.530029296875
2016-12-20,89.0999984741211,89.80999755859375,88.66999816894531,89.33999633789062,81.09577178955078,460200,2270.760009765625
2016-12-21,89.33999633789062,89.98999786376953,89.08000183105469,89.27999877929688,81.04135131835938,396100,2265.179931640625
2016-12-22,89.0,89.52999877929688,88.20999908447266,88.41999816894531,80.26068115234375,379100,2260.9599609375
2016-12-23,88.4800033569336,88.8499984741211,87.72000122070312,88.81999969482422,80.62378692626953,226900,2263.7900390625
2016-12-27,88.88999938964844,89.45999908447266,88.5999984741211,89.01000213623047,80.7962417602539,228700,2268.8798828125
2016-12-28,89.05000305175781,89.41000366210938,86.5,86.58000183105469,78.59050750732422,604200,2249.919921875
2016-12-29,86.7300033569336,87.13999938964844,86.30999755859375,87.06999969482422,79.0352783203125,355200,2249.260009765625
2016-12-30,87.33999633789062,87.73999786376953,85.5999984741211,86.08000183105469,78.13663482666016,470100,2238.830078125
2017-01-03,87.1500015258789,88.12000274658203,86.9800033569336,88.05000305175781,79.92485046386719,975600,2257.830078125
2017-01-04,88.72000122070312,91.1500015258789,88.69000244140625,90.6999969482422,82.33029174804688,1147600,2270.75
2017-01-05,90.63999938964844,91.38999938964844,89.7300033569336,90.38999938964844,82.04890441894531,913200,2269.0
2017-01-06,90.62000274658205,91.0,89.86000061035156,90.80999755859376,82.43014526367188,550900,2276.97998046875
2017-01-09,90.7300033569336,90.9800033569336,90.37000274658205,90.4800033569336,82.13059997558594,936100,2268.89990234375
2017-01-10,90.86000061035156,91.16999816894533,89.08999633789062,89.87999725341797,81.58597564697266,825000,2268.89990234375
2017-01-11,90.56999969482422,94.12999725341795,90.08000183105467,93.3000030517578,84.69037628173828,1807500,2275.320068359375
2017-01-12,93.52999877929688,94.30999755859376,92.1999969482422,93.75,85.09886169433594,1042200,2270.43994140625
2017-01-13,94.16999816894533,94.94000244140624,93.33999633789062,94.0,85.32577514648438,603400,2274.639892578125
2017-01-17,95.13999938964844,95.79000091552734,93.91000366210938,94.3499984741211,85.64348602294922,844600,2267.889892578125
2017-01-18,94.83999633789062,95.01000213623048,92.3000030517578,92.5999984741211,84.05496978759766,1104800,2271.889892578125
2017-01-19,92.75,94.41000366210938,92.54000091552734,93.0500030517578,84.46347045898438,609600,2263.68994140625
2017-01-20,93.55999755859376,94.0500030517578,92.83999633789062,93.36000061035156,84.7448501586914,701600,2271.31005859375
2017-01-23,93.37999725341795,93.91000366210938,92.8499984741211,93.6999969482422,85.053466796875,349400,2265.199951171875
2017-01-24,93.94000244140624,95.83999633789062,93.70999908447266,95.5500030517578,86.73274993896484,921900,2280.070068359375
2017-01-25,95.81999969482422,95.86000061035156,93.25,94.0,85.32577514648438,1083700,2298.3701171875
2017-01-26,94.08999633789062,95.88999938964844,94.04000091552734,95.4800033569336,86.66920471191406,795800,2296.679931640625
2017-01-27,95.33999633789062,95.87000274658205,94.76000213623048,95.41999816894533,86.61473083496094,452800,2294.68994140625
2017-01-30,94.79000091552734,94.8499984741211,93.51000213623048,94.56999969482422,85.84317016601562,677400,2280.89990234375
2017-01-31,94.61000061035156,94.68000030517578,92.5199966430664,92.63999938964844,84.0912857055664,1453700,2278.8701171875
2017-02-01,93.19000244140624,93.63999938964844,91.66000366210938,93.41000366210938,84.79023742675781,855100,2279.550048828125
2017-02-02,93.4000015258789,93.4000015258789,91.5,92.91000366210938,84.33635711669922,588900,2280.85009765625
2017-02-03,93.37999725341795,94.4499969482422,93.0,94.2699966430664,85.57086181640625,446800,2297.419921875
2017-02-06,94.04000091552734,94.47000122070312,93.7699966430664,94.29000091552734,85.58901977539062,478100,2292.56005859375
2017-02-07,94.0,94.4499969482422,92.26000213623048,92.8000030517578,84.23651885986328,756200,2293.080078125
2017-02-08,92.91000366210938,94.38999938964844,92.1999969482422,94.3499984741211,85.64348602294922,661600,2294.669921875
2017-02-09,94.3499984741211,94.8499984741211,93.6500015258789,93.91000366210938,85.24411010742188,498300,2307.8701171875
2017-02-10,94.4499969482422,94.4499969482422,93.2699966430664,93.6999969482422,85.053466796875,637800,2316.10009765625
2017-02-13,94.33000183105467,95.41000366210938,93.6500015258789,94.75,86.006591796875,660400,2328.25
2017-02-14,94.37000274658205,94.37000274658205,90.3499984741211,91.19000244140624,82.77507019042969,1654700,2337.580078125
2017-02-15,91.30999755859376,93.01000213623048,91.0199966430664,92.76000213623048,84.2001953125,1510500,2349.25
2017-02-16,92.87999725341795,93.98999786376952,92.06999969482422,92.41000366210938,83.88251495361328,593700,2347.219970703125
2017-02-17,92.44000244140624,92.8000030517578,91.56999969482422,91.91999816894533,83.4377212524414,1016700,2351.159912109375
2017-02-21,92.51000213623048,93.83000183105467,92.41000366210938,93.77999877929688,85.12606811523438,790200,2365.3798828125
2017-02-22,93.41000366210938,93.6500015258789,92.37999725341795,92.44000244140624,83.90973663330078,652200,2362.820068359375
2017-02-23,93.12000274658205,93.23999786376952,91.7699966430664,92.41000366210938,83.88251495361328,738600,2363.81005859375
2017-02-24,91.93000030517578,93.13999938964844,91.0199966430664,92.93000030517578,84.35453033447266,700000,2367.340087890625
2017-02-27,92.98999786376952,93.4000015258789,92.22000122070312,92.45999908447266,83.92788696289062,930600,2369.75
2017-02-28,95.8000030517578,102.55999755859376,95.73999786376952,101.51000213623048,92.14275360107422,4246500,2363.639892578125
2017-03-01,102.9000015258789,104.33000183105467,102.0,102.66000366210938,93.18665313720705,2591800,2395.9599609375
2017-03-02,102.80999755859376,104.77999877929688,102.1500015258789,103.05999755859376,93.54972076416016,2040100,2381.919921875
2017-03-03,103.4000015258789,105.1999969482422,103.08000183105467,104.7699966430664,95.10193634033205,1153200,2383.1201171875
2017-03-06,101.91999816894533,102.66999816894533,98.62999725341795,102.11000061035156,92.68739318847656,2329000,2375.31005859375
2017-03-07,102.11000061035156,104.81999969482422,101.56999969482422,103.79000091552734,94.21238708496094,1396700,2368.389892578125
2017-03-08,103.58999633789062,103.88999938964844,102.23999786376952,102.73999786376952,93.25927734375,1285100,2362.97998046875
2017-03-09,102.95999908447266,103.37000274658205,102.02999877929688,102.5,93.0414047241211,1457100,2364.8701171875
2017-03-10,102.6999969482422,104.01000213623048,102.36000061035156,103.0500030517578,93.54065704345705,1422600,2372.60009765625
2017-03-13,102.58000183105467,104.5500030517578,102.1500015258789,104.5,95.15233612060548,1336600,2373.469970703125
2017-03-14,104.01000213623048,104.38999938964844,103.05999755859376,103.9499969482422,94.65153503417967,752600,2365.449951171875
2017-03-15,104.5,105.51000213623048,103.86000061035156,105.22000122070312,95.80792999267578,781700,2385.260009765625
2017-03-16,105.0999984741211,105.7300033569336,103.70999908447266,104.01000213623048,94.70616149902344,1017400,2381.3798828125
2017-03-17,104.48999786376952,106.52999877929688,104.4000015258789,106.20999908447266,96.7093505859375,1436900,2378.25
2017-03-20,106.04000091552734,106.19000244140624,105.12000274658205,106.06999969482422,96.58189392089844,1032400,2373.469970703125
2017-03-21,106.06999969482422,107.55999755859376,104.06999969482422,104.25,94.92469024658205,1249500,2344.02001953125
2017-03-22,104.5999984741211,105.47000122070312,103.3000030517578,105.22000122070312,95.80792999267578,984800,2348.449951171875
2017-03-23,105.18000030517578,106.38999938964844,104.8499984741211,105.1500015258789,95.74417877197266,690000,2345.9599609375
2017-03-24,105.54000091552734,106.18000030517578,104.02999877929688,104.4499969482422,95.10680389404295,527400,2343.97998046875
2017-03-27,103.62000274658205,104.9499969482422,102.6500015258789,104.5999984741211,95.24340057373048,841100,2341.590087890625
2017-03-28,104.58000183105467,105.45999908447266,104.12999725341795,104.87999725341795,95.49832916259766,805000,2358.570068359375
2017-03-29,105.0,105.9499969482422,104.9000015258789,105.04000091552734,95.6440200805664,916300,2361.1298828125
2017-03-30,105.08000183105467,106.08999633789062,104.83999633789062,105.13999938964844,95.7350845336914,671400,2368.06005859375
2017-03-31,104.95999908447266,106.48999786376952,104.37999725341795,105.63999938964844,96.19033813476562,936800,2362.719970703125
2017-04-03,105.7300033569336,106.3000030517578,103.83000183105467,105.02999877929688,95.63492584228516,991500,2358.840087890625
2017-04-04,104.97000122070312,105.91999816894533,104.80999755859376,105.5,96.0628662109375,884000,2360.159912109375
2017-04-05,105.69000244140624,106.6999969482422,104.91000366210938,105.20999908447266,95.79882049560548,1168300,2352.949951171875
2017-04-06,105.33000183105467,106.16999816894533,104.9000015258789,106.02999877929688,96.54546356201172,705100,2357.489990234375
2017-04-07,106.0199966430664,106.3000030517578,105.51000213623048,105.94000244140624,96.46351623535156,1211600,2355.5400390625
2017-04-10,105.95999908447266,106.20999908447266,104.58000183105467,104.86000061035156,95.4801254272461,984200,2357.159912109375
2017-04-11,104.55999755859376,105.6999969482422,104.33000183105467,105.61000061035156,96.1630401611328,645700,2353.780029296875
2017-04-12,106.0,106.08000183105467,103.8000030517578,104.12000274658205,94.80630493164062,689600,2344.929931640625
2017-04-13,104.0,104.80999755859376,103.41999816894533,103.62000274658205,94.35104370117188,499300,2328.949951171875
2017-04-17,103.75,104.62999725341795,103.45999908447266,104.62999725341795,95.27069854736328,721100,2349.010009765625
2017-04-18,103.9499969482422,105.80999755859376,103.9499969482422,105.7699966430664,96.30870819091795,890800,2342.18994140625
2017-04-19,106.0500030517578,106.93000030517578,105.37000274658205,105.83999633789062,96.37242889404295,948500,2338.169921875
2017-04-20,106.13999938964844,106.25,105.38999938964844,105.5199966430664,96.08109283447266,888800,2355.840087890625
2017-04-21,105.5999984741211,106.0199966430664,104.88999938964844,105.0999984741211,95.69866180419922,1106600,2348.68994140625
2017-04-24,106.0199966430664,106.94000244140624,105.87999725341795,106.83000183105467,97.27391815185548,934000,2374.14990234375
2017-04-25,107.44000244140624,108.45999908447266,107.37000274658205,108.08999633789062,98.42115783691406,706500,2388.610107421875
2017-04-26,108.11000061035156,108.55999755859376,107.23999786376952,108.3000030517578,98.61239624023438,671200,2387.449951171875
2017-04-27,108.27999877929688,109.2300033569336,107.77999877929688,108.18000030517578,98.50315856933594,759300,2388.77001953125
2017-04-28,108.23999786376952,109.0500030517578,108.1999969482422,108.91000366210938,99.16783905029295,1206100,2384.199951171875
2017-05-01,109.08999633789062,110.12999725341795,107.0,109.38999938964844,99.60490417480467,854800,2388.330078125
2017-05-02,109.33999633789062,109.33999633789062,108.0,108.37999725341795,98.6852569580078,831000,2391.169921875
2017-05-03,108.3499984741211,108.62999725341795,107.19000244140624,107.6500015258789,98.02053833007812,968600,2388.1298828125
2017-05-04,111.98999786376952,112.7300033569336,108.44000244140624,108.70999908447266,98.98575592041016,1977000,2389.52001953125
2017-05-05,109.36000061035156,110.9000015258789,108.8499984741211,110.01000213623048,100.1694564819336,1116500,2399.2900390625
2017-05-08,110.0199966430664,110.30999755859376,108.72000122070312,109.55999755859376,99.75969696044922,864000,2399.3798828125
2017-05-09,109.5,109.91999816894533,108.6999969482422,109.33000183105467,99.5502700805664,709800,2396.919921875
2017-05-10,109.5,110.5999984741211,109.16000366210938,110.56999969482422,100.67937469482422,819200,2399.6298828125
2017-05-11,110.56999969482422,110.94000244140624,110.08000183105467,110.73999786376952,100.83413696289062,549000,2394.43994140625
2017-05-12,110.44000244140624,110.73999786376952,110.08999633789062,110.37999725341795,100.50635528564452,601900,2390.89990234375
2017-05-15,111.08999633789062,112.81999969482422,110.72000122070312,112.0500030517578,102.0269546508789,654200,2402.320068359375
2017-05-16,112.4499969482422,112.87999725341795,111.6999969482422,112.37000274658205,102.31832885742188,759900,2400.669921875
2017-05-17,112.37000274658205,112.37000274658205,110.48999786376952,110.54000091552734,100.65206146240234,981300,2357.030029296875
2017-05-18,109.9800033569336,110.66999816894533,108.87000274658205,110.0,100.16033172607422,921000,2365.719970703125
2017-05-19,110.4499969482422,111.8000030517578,110.16000366210938,110.31999969482422,100.45172882080078,897000,2381.72998046875
2017-05-22,110.91000366210938,111.05999755859376,109.73999786376952,110.58000183105467,100.6884765625,797800,2394.02001953125
2017-05-23,110.91000366210938,112.0,110.58999633789062,111.70999908447266,101.7173843383789,592100,2398.419921875
2017-05-24,111.70999908447266,112.5500030517578,111.5500030517578,112.0500030517578,102.0269546508789,548600,2404.389892578125
2017-05-25,112.52999877929688,113.6999969482422,112.26000213623048,112.58999633789062,102.5186538696289,635900,2415.070068359375
2017-05-26,112.5,113.05999755859376,112.1999969482422,112.86000061035156,102.76451873779295,601000,2415.820068359375
2017-05-30,112.79000091552734,112.88999938964844,111.44000244140624,112.45999908447266,102.40030670166016,772000,2412.909912109375
2017-05-31,112.27999877929688,113.7300033569336,111.88999938964844,113.5999984741211,103.43830108642578,1136200,2411.800048828125
2017-06-01,113.68000030517578,114.29000091552734,112.88999938964844,113.36000061035156,103.21978759765624,813600,2430.06005859375
2017-06-02,113.4000015258789,114.4000015258789,113.05999755859376,114.08999633789062,103.88450622558594,605100,2439.070068359375
2017-06-05,113.8000030517578,114.48999786376952,113.16000366210938,113.61000061035156,103.44744873046876,689500,2436.10009765625
2017-06-06,113.5,113.95999908447266,112.62000274658205,112.68000030517578,102.6006088256836,754600,2429.330078125
2017-06-07,112.68000030517578,113.16999816894533,112.37999725341795,112.8000030517578,102.70987701416016,1068500,2433.139892578125
2017-06-08,112.8000030517578,114.76000213623048,112.37000274658205,114.2699966430664,104.04837799072266,1440700,2433.7900390625
2017-06-09,114.75,116.63999938964844,114.08999633789062,115.4000015258789,105.07731628417967,1131500,2431.77001953125
2017-06-12,115.22000122070312,115.4000015258789,110.97000122070312,111.19000244140624,101.243896484375,1804700,2429.389892578125
2017-06-13,112.33000183105467,112.91000366210938,110.9800033569336,112.66000366210938,102.87848663330078,1111600,2440.35009765625
2017-06-14,112.61000061035156,112.66000366210938,108.55999755859376,109.2699966430664,99.78280639648438,1710400,2437.919921875
2017-06-15,107.95999908447266,108.0,103.62999725341795,106.0500030517578,96.8424072265625,2579100,2432.4599609375
2017-06-16,106.1999969482422,108.12000274658205,105.8499984741211,108.08999633789062,98.70524597167967,1704100,2433.14990234375
2017-06-19,108.5,109.2300033569336,106.9000015258789,108.33000183105467,98.92440795898438,1114700,2453.4599609375
2017-06-20,107.8499984741211,109.13999938964844,107.0,107.73999786376952,98.38565826416016,804900,2437.030029296875
2017-06-21,107.56999969482422,107.62000274658205,105.87000274658205,106.19000244140624,96.97023010253906,1274100,2435.610107421875
2017-06-22,106.47000122070312,106.6999969482422,105.11000061035156,105.1999969482422,96.0661849975586,1180000,2434.5
2017-06-23,105.30999755859376,105.91000366210938,104.41999816894533,104.8499984741211,95.74657440185548,3099700,2438.300048828125
2017-06-26,105.11000061035156,106.55999755859376,104.25,105.0199966430664,95.9018096923828,1826300,2439.070068359375
2017-06-27,105.38999938964844,105.69000244140624,104.3000030517578,104.47000122070312,95.3995590209961,1313000,2419.3798828125
2017-06-28,105.12999725341795,107.33000183105467,104.62999725341795,106.91999816894533,97.63682556152344,1201500,2440.68994140625
2017-06-29,107.18000030517578,107.26000213623048,103.7699966430664,104.66999816894533,95.58219909667967,985700,2419.699951171875
2017-06-30,105.22000122070312,106.52999877929688,105.12000274658205,105.54000091552734,96.37667083740234,807200,2423.409912109375
2017-07-03,106.33999633789062,106.52999877929688,105.33999633789062,106.02999877929688,96.82411193847656,555400,2429.010009765625
2017-07-05,106.0,108.66000366210938,106.0,108.0199966430664,98.64134216308594,1356400,2432.5400390625
2017-07-06,107.86000061035156,109.08000183105467,107.3000030517578,108.0500030517578,98.66873168945312,1173700,2409.75
2017-07-07,108.31999969482422,110.4499969482422,108.1500015258789,109.98999786376952,100.4402847290039,1567300,2425.179931640625
2017-07-10,110.20999908447266,111.9000015258789,110.0,111.33999633789062,101.67308807373048,1443600,2427.429931640625
2017-07-11,111.68000030517578,113.08000183105467,110.8499984741211,112.9499969482422,103.14330291748048,1321700,2425.530029296875
2017-07-12,113.5,117.12999725341795,113.37999725341795,116.54000091552734,106.42159271240234,2115100,2443.25
2017-07-13,116.5999984741211,119.0,116.5999984741211,117.68000030517578,107.46263885498048,2336800,2447.830078125
2017-07-14,118.37000274658205,118.98999786376952,117.01000213623048,117.56999969482422,107.36217498779295,1723100,2459.27001953125
2017-07-17,117.66000366210938,117.7699966430664,116.45999908447266,116.86000061035156,106.7138214111328,863700,2459.139892578125
2017-07-18,116.81999969482422,118.18000030517578,116.16999816894533,117.7300033569336,107.50830841064452,688900,2460.610107421875
2017-07-19,117.97000122070312,119.58999633789062,116.66000366210938,119.16000366210938,108.81414031982422,1215400,2473.830078125
2017-07-20,119.0,119.16000366210938,117.63999938964844,117.91000366210938,107.67264556884766,928700,2473.449951171875
2017-07-21,117.98999786376952,118.87999725341795,117.58999633789062,118.33999633789062,108.0653076171875,1017200,2472.5400390625
2017-07-24,118.52999877929688,119.38999938964844,117.83999633789062,118.5999984741211,108.30274963378906,1596600,2469.909912109375
2017-07-25,119.5,119.5,118.4000015258789,118.8000030517578,108.48536682128906,1128000,2477.1298828125
2017-07-26,119.16000366210938,119.27999877929688,117.0,117.1999969482422,107.02429962158205,870700,2477.830078125
2017-07-27,117.80999755859376,118.30999755859376,115.1999969482422,116.37000274658205,106.2663803100586,955900,2475.419921875
2017-07-28,116.36000061035156,116.9800033569336,115.9000015258789,116.5,106.38507843017578,1388000,2472.10009765625
2017-07-31,116.8000030517578,117.01000213623048,115.7300033569336,115.8000030517578,105.74584197998048,925200,2470.300048828125
2017-08-01,116.05999755859376,117.68000030517578,115.3000030517578,117.43000030517578,107.23434448242188,916200,2476.35009765625
2017-08-02,117.5,119.95999908447266,117.0500030517578,119.4499969482422,109.07897186279295,1527100,2477.570068359375
2017-08-03,119.79000091552734,119.95999908447266,118.4800033569336,118.8000030517578,108.48536682128906,1321400,2472.159912109375
2017-08-04,118.97000122070312,119.98999786376952,118.75,119.5999984741211,109.21593475341795,1077200,2476.830078125
2017-08-07,120.62000274658205,123.4800033569336,120.0,123.08000183105467,112.39379119873048,3815400,2480.909912109375
2017-08-08,119.12999725341795,119.16999816894533,113.68000030517578,115.41000366210938,105.3896942138672,5311600,2474.919921875
2017-08-09,114.66000366210938,115.70999908447266,111.2300033569336,113.16000366210938,103.3350830078125,2603600,2474.02001953125
2017-08-10,112.5,112.51000213623048,110.25,110.9499969482422,101.3169403076172,2603500,2438.2099609375
2017-08-11,110.0,110.27999877929688,108.5999984741211,109.36000061035156,99.86498260498048,2137700,2441.320068359375
2017-08-14,110.13999938964844,111.4800033569336,110.0500030517578,110.83000183105467,101.2073745727539,1620100,2465.840087890625
2017-08-15,111.0,112.43000030517578,110.01000213623048,111.87999725341795,102.16619873046876,1179300,2464.610107421875
2017-08-16,112.0,113.83999633789062,111.26000213623048,113.41999816894533,103.57249450683594,1289000,2468.110107421875
2017-08-17,113.94000244140624,113.94000244140624,112.0,112.11000061035156,102.37622833251952,1046000,2430.010009765625
2017-08-18,112.04000091552734,113.31999969482422,111.55999755859376,112.58999633789062,102.81455993652344,872700,2425.550048828125
2017-08-21,112.6500015258789,113.58999633789062,112.2300033569336,113.4800033569336,103.62728881835938,686000,2428.3701171875
2017-08-22,113.88999938964844,116.19000244140624,113.7699966430664,115.81999969482422,105.76412963867188,974200,2452.510009765625
2017-08-23,115.56999969482422,116.41000366210938,115.11000061035156,115.38999938964844,105.37145233154295,609300,2444.0400390625
2017-08-24,115.62999725341795,116.2699966430664,114.72000122070312,114.86000061035156,104.887451171875,948100,2438.969970703125
2017-08-25,115.12999725341795,115.45999908447266,114.26000213623048,114.9499969482422,104.96963500976562,605600,2443.050048828125
2017-08-28,115.93000030517578,116.0,114.45999908447266,115.43000030517578,105.40799713134766,594800,2444.239990234375
2017-08-29,114.8000030517578,114.8000030517578,113.47000122070312,114.45999908447266,104.5221939086914,627300,2446.300048828125
2017-08-30,114.5500030517578,115.54000091552734,113.86000061035156,115.16999816894533,105.17057037353516,717600,2457.590087890625
2017-08-31,116.22000122070312,117.1500015258789,115.95999908447266,116.26000213623048,106.16593933105467,909200,2471.64990234375
2017-09-01,117.05999755859376,118.86000061035156,116.62999725341795,118.62999725341795,108.33013916015624,909300,2476.550048828125
2017-09-05,119.0,120.02999877929688,116.16000366210938,116.66999816894533,106.5403060913086,1177800,2457.85009765625
2017-09-06,116.9499969482422,119.6500015258789,116.22000122070312,118.66000366210938,108.3575439453125,1263000,2465.5400390625
2017-09-07,118.75,119.7300033569336,117.88999938964844,118.08999633789062,107.8370132446289,891800,2465.10009765625
2017-09-08,118.08000183105467,119.0,117.79000091552734,118.27999877929688,108.01053619384766,688600,2461.429931640625
2017-09-11,120.12000274658205,124.31999969482422,119.5199966430664,123.8499984741211,113.096923828125,1724200,2488.110107421875
2017-09-12,124.5,126.31999969482422,124.2699966430664,124.63999938964844,113.81834411621094,1402000,2496.47998046875
2017-09-13,124.66000366210938,126.1500015258789,124.44000244140624,125.5999984741211,114.6949691772461,1284400,2498.3701171875
2017-09-14,125.27999877929688,126.1999969482422,124.75,126.0,115.35416412353516,1220500,2495.6201171875
2017-09-15,126.3000030517578,127.83000183105467,125.3000030517578,127.29000091552734,116.53516387939452,1617800,2500.22998046875
2017-09-18,128.5,131.66000366210938,128.16000366210938,131.02000427246094,119.95003509521484,1694500,2503.8701171875
2017-09-19,131.5,135.25999450683594,131.22000122070312,134.64999389648438,123.2733154296875,1990900,2506.64990234375
2017-09-20,135.2899932861328,136.9499969482422,134.0800018310547,136.0800018310547,124.58248138427734,2917300,2508.239990234375
2017-09-21,136.5,136.5,134.0800018310547,134.88999938964844,123.4930419921875,2017900,2500.60009765625
2017-09-22,134.39999389648438,134.8800048828125,133.25999450683594,134.2899932861328,122.94371032714844,1324200,2502.219970703125
2017-09-25,132.27999877929688,132.64999389648438,127.30999755859376,128.88999938964844,117.9999771118164,2642500,2496.659912109375
2017-09-26,129.0,129.91000366210938,127.41000366210938,128.4199981689453,117.56967163085938,1422100,2496.840087890625
2017-09-27,129.16000366210938,131.1199951171875,128.88999938964844,130.02000427246094,119.03450012207033,1235600,2507.0400390625
2017-09-28,130.57000732421875,132.5500030517578,130.1999969482422,132.32000732421875,121.14016723632812,1299900,2510.06005859375
2017-09-29,132.8000030517578,137.47999572753906,132.5,136.30999755859375,124.79307556152344,2103600,2519.360107421875
2017-10-02,136.25,136.8800048828125,133.83999633789062,136.6199951171875,125.07683563232422,1180300,2529.1201171875
2017-10-03,137.22000122070312,137.8300018310547,136.32000732421875,137.4199981689453,125.80925750732422,889400,2534.580078125
2017-10-04,137.89999389648438,138.58999633789062,137.08999633789062,138.22000122070312,126.54166412353516,1113100,2537.739990234375
2017-10-05,138.67999267578125,140.10000610351562,138.22999572753906,139.66000366210938,127.8600082397461,820000,2552.070068359375
2017-10-06,135.69000244140625,137.22000122070312,134.5399932861328,137.19000244140625,125.59870910644533,1988400,2549.330078125
2017-10-09,137.5500030517578,138.10000610351562,135.22999572753906,136.5500030517578,125.0127944946289,893400,2544.72998046875
2017-10-10,137.24000549316406,138.14999389648438,135.8300018310547,137.77000427246094,126.12969207763672,832400,2550.639892578125
2017-10-11,138.0,138.22000122070312,136.3699951171875,137.4199981689453,125.80925750732422,1205400,2555.239990234375
2017-10-12,137.0,138.3300018310547,136.9600067138672,137.3000030517578,125.6994171142578,932000,2550.929931640625
2017-10-13,138.75,139.47999572753906,137.52999877929688,138.94000244140625,127.20082092285156,906400,2553.169921875
2017-10-16,139.83999633789062,141.30999755859375,138.61000061035156,140.16000366210938,128.3177947998047,1332600,2557.639892578125
2017-10-17,140.6699981689453,140.6999969482422,138.88999938964844,139.41000366210938,127.63116455078124,1049200,2559.360107421875
2017-10-18,140.05999755859375,140.27999877929688,139.3000030517578,139.66000366210938,127.8600082397461,719900,2561.260009765625
2017-10-19,138.22000122070312,139.52000427246094,137.14999389648438,139.49000549316406,127.704345703125,798300,2562.10009765625
2017-10-20,140.6999969482422,141.2899932861328,140.05999755859375,140.77999877929688,128.88534545898438,925000,2575.2099609375
2017-10-23,141.0,141.39999389648438,137.77000427246094,138.52999877929688,126.82546997070312,1535500,2564.97998046875
2017-10-24,138.89999389648438,139.47999572753906,137.86000061035156,138.72000122070312,126.99944305419922,1332800,2569.1298828125
2017-10-25,139.5,140.44000244140625,136.8800048828125,138.52999877929688,126.82546997070312,1778700,2557.14990234375
2017-10-26,139.39999389648438,139.75999450683594,137.60000610351562,139.0399932861328,127.2923812866211,1375900,2560.39990234375
2017-10-27,139.63999938964844,139.97000122070312,137.8699951171875,139.0800018310547,127.32901000976562,1204800,2581.070068359375
2017-10-30,139.0800018310547,140.1699981689453,138.52999877929688,139.50999450683594,127.72267150878906,834800,2572.830078125
2017-10-31,139.02000427246094,140.88999938964844,139.02000427246094,140.88999938964844,128.98609924316406,1576300,2575.260009765625
2017-11-01,142.0,142.4199981689453,140.85000610351562,142.3300018310547,130.30441284179688,906700,2579.360107421875
2017-11-02,142.5,143.69000244140625,135.61000061035156,136.91000366210938,125.34233856201172,2364000,2579.85009765625
2017-11-03,136.5500030517578,140.35000610351562,135.25,140.0399932861328,128.2078857421875,1395300,2587.840087890625
2017-11-06,140.24000549316406,142.0,140.13999938964844,141.97000122070312,129.97483825683594,950800,2591.1298828125
2017-11-07,142.0,143.57000732421875,141.86000061035156,143.1300048828125,131.03680419921875,1560600,2590.639892578125
2017-11-08,143.52999877929688,144.99000549316406,142.5,144.5800018310547,132.3643035888672,1750000,2594.3798828125
2017-11-09,142.11000061035156,142.44000244140625,136.38999938964844,140.83999633789062,128.94029235839844,2589200,2584.6201171875
2017-11-10,141.02000427246094,142.69000244140625,140.4199981689453,140.6199951171875,128.73887634277344,1056300,2582.300048828125
2017-11-13,139.5399932861328,143.66000366210938,139.52000427246094,143.3699951171875,131.2565460205078,948500,2584.840087890625
2017-11-14,139.52000427246094,139.6199951171875,136.80999755859375,137.64999389648438,126.01982879638672,1715600,2578.8701171875
2017-11-15,136.0,136.1999969482422,131.14999389648438,134.5399932861328,123.17259216308594,1987100,2564.6201171875
2017-11-16,135.5,136.75,134.67999267578125,135.3300018310547,123.89582061767578,1915200,2585.639892578125
2017-11-17,135.9199981689453,136.32000732421875,134.63999938964844,136.2100067138672,124.70147705078124,1441700,2578.85009765625
2017-11-20,135.47999572753906,136.1999969482422,135.00999450683594,135.39999389648438,123.95994567871094,1009300,2582.139892578125
2017-11-21,136.2899932861328,137.72000122070312,136.0500030517578,136.6999969482422,125.15007781982422,958500,2599.030029296875
2017-11-22,137.75,137.83999633789062,135.1699981689453,135.25,123.82261657714844,715400,2597.080078125
2017-11-24,135.61000061035156,137.50999450683594,135.5,137.05999755859375,125.47972106933594,415500,2602.419921875
2017-11-27,137.05999755859375,137.35000610351562,136.19000244140625,136.22999572753906,124.71979522705078,773900,2601.419921875
2017-11-28,136.75999450683594,137.5399932861328,135.89999389648438,136.88999938964844,125.32404327392578,690700,2627.0400390625
2017-11-29,137.14999389648438,137.14999389648438,130.6300048828125,131.9499969482422,120.8014144897461,1529700,2626.070068359375
2017-11-30,132.02999877929688,134.80999755859375,131.75999450683594,134.32000732421875,122.97119140625,1291000,2647.580078125
2017-12-01,134.86000061035156,135.39999389648438,130.00999450683594,132.14999389648438,120.98452758789062,1240100,2642.219970703125
2017-12-04,133.42999267578125,133.89999389648438,129.1699981689453,129.35000610351562,118.42111206054688,1595600,2639.43994140625
2017-12-05,128.5,130.25,127.18000030517578,127.98999786376952,117.17601776123048,1414300,2629.570068359375
2017-12-06,127.52999877929688,128.1999969482422,126.30999755859376,127.4800033569336,116.7091064453125,1675300,2629.27001953125
2017-12-07,127.05999755859376,130.5399932861328,127.0,129.0800018310547,118.17390441894533,979500,2636.97998046875
2017-12-08,129.92999267578125,131.85000610351562,129.88999938964844,130.60000610351562,119.56551361083984,1557300,2651.5
2017-12-11,130.9199981689453,132.14999389648438,130.1699981689453,131.13999938964844,120.05986785888672,970900,2659.989990234375
2017-12-12,131.0,131.1199951171875,130.1199951171875,130.36000061035156,119.34577178955078,1025700,2664.110107421875
2017-12-13,130.3699951171875,131.10000610351562,129.77999877929688,130.10000610351562,119.10775756835938,960800,2662.85009765625
2017-12-14,130.0,130.05999755859375,127.5199966430664,127.58000183105467,117.08865356445312,1015000,2652.010009765625
2017-12-15,129.19000244140625,132.0399932861328,128.99000549316406,129.57000732421875,118.91503143310548,2133700,2675.81005859375
2017-12-18,131.6300048828125,132.80999755859375,131.1300048828125,132.0800018310547,121.21861267089844,1387600,2690.159912109375
2017-12-19,132.1199951171875,132.99000549316406,131.60000610351562,132.02000427246094,121.16352081298828,1047100,2681.469970703125
2017-12-20,132.5,132.80999755859375,131.3000030517578,131.3300018310547,120.53025817871094,832300,2679.25
2017-12-21,131.69000244140625,131.97000122070312,128.47000122070312,128.64999389648438,118.07066345214844,1102100,2684.570068359375
2017-12-22,128.3699951171875,129.4600067138672,128.0,129.2899932861328,118.65801239013672,781100,2683.340087890625
2017-12-26,129.24000549316406,129.39999389648438,128.05999755859375,129.0399932861328,118.42858123779295,326200,2680.5
2017-12-27,129.0,129.60000610351562,128.17999267578125,128.42999267578125,117.8687515258789,667800,2682.6201171875
2017-12-28,128.5500030517578,128.80999755859375,127.37000274658205,128.4499969482422,117.88710021972656,998200,2687.5400390625
2017-12-29,128.77000427246094,129.1999969482422,127.5199966430664,127.88999938964844,117.3731460571289,714600,2673.610107421875
2018-01-02,128.92999267578125,131.91000366210938,128.49000549316406,131.52999877929688,120.71383666992188,1118600,2695.81005859375
2018-01-03,132.0399932861328,133.94000244140625,130.6199951171875,131.7899932861328,120.95242309570312,1042100,2713.06005859375
2018-01-04,132.25,132.9600067138672,130.11000061035156,130.22000122070312,119.51155090332033,820600,2723.989990234375
2018-01-05,131.0399932861328,132.7899932861328,130.50999450683594,131.72000122070312,120.8882293701172,806500,2743.14990234375
2018-01-08,134.3000030517578,138.6699981689453,133.5800018310547,137.4499969482422,126.14702606201172,1945200,2747.7099609375
2018-01-09,137.52000427246094,137.97999572753906,135.00999450683594,135.44000244140625,124.30227661132812,1198100,2751.2900390625
2018-01-10,135.11000061035156,135.25,132.2899932861328,132.9600067138672,122.02622985839844,884600,2748.22998046875
2018-01-11,133.3000030517578,134.75999450683594,132.60000610351562,134.69000244140625,123.61398315429688,838400,2767.56005859375
2018-01-12,135.3300018310547,135.80999755859375,133.08999633789062,133.52000427246094,122.54021453857422,990100,2786.239990234375
2018-01-16,134.11000061035156,134.8699951171875,125.6999969482422,128.0,117.47410583496094,2879600,2776.419921875
2018-01-17,129.1999969482422,129.4499969482422,126.0,126.9499969482422,116.51046752929688,2017000,2802.56005859375
2018-01-18,115.1999969482422,118.75,112.54000091552734,117.91000366210938,108.21385955810548,8622300,2798.030029296875
2018-01-19,118.9000015258789,119.4000015258789,115.5,116.01000213623048,106.4700927734375,4275100,2810.300048828125
2018-01-22,115.77999877929688,115.93000030517578,113.05999755859376,113.52999877929688,104.19403839111328,3648000,2832.969970703125
2018-01-23,114.30999755859376,115.0,112.12000274658205,113.0,103.70764923095705,2972100,2839.1298828125
2018-01-24,114.0,114.16000366210938,112.04000091552734,112.4000015258789,103.1569595336914,2727500,2837.5400390625
2018-01-25,112.66000366210938,116.94000244140624,112.66000366210938,116.9000015258789,107.28690338134766,2499800,2839.25
2018-01-26,117.0,117.81999969482422,114.01000213623048,114.41000366210938,105.00167083740234,1916700,2872.8701171875
2018-01-29,114.2300033569336,114.45999908447266,111.30999755859376,111.68000030517578,102.49615478515624,2250800,2853.530029296875
2018-01-30,112.37999725341795,113.73999786376952,111.0500030517578,111.37000274658205,102.21163177490234,2146000,2822.429931640625
2018-01-31,111.8499984741211,112.08000183105467,110.25,111.58999633789062,102.41355895996094,2606200,2823.81005859375
2018-02-01,110.91999816894533,111.56999969482422,108.95999908447266,109.1999969482422,100.2200927734375,1961800,2821.97998046875
2018-02-02,108.5199966430664,109.12000274658205,104.91999816894533,105.51000213623048,96.8335418701172,2738600,2762.1298828125
2018-02-05,104.27999877929688,109.9000015258789,102.8499984741211,105.1500015258789,96.5031509399414,3838000,2648.93994140625
2018-02-06,103.51000213623048,108.5199966430664,103.30999755859376,107.54000091552734,98.6966323852539,2903900,2695.139892578125
2018-02-07,107.45999908447266,109.4800033569336,106.55999755859376,106.62999725341795,97.8614501953125,1668300,2681.659912109375
2018-02-08,106.94000244140624,108.6999969482422,105.13999938964844,105.18000030517578,96.53067779541016,2377500,2581.0
2018-02-09,106.0,108.70999908447266,103.75,107.72000122070312,98.86180877685548,2573800,2619.550048828125
2018-02-12,109.27999877929688,112.1500015258789,109.01000213623048,111.58999633789062,102.41355895996094,2637100,2656.0
2018-02-13,111.5999984741211,112.5999984741211,108.08000183105467,108.4499969482422,99.5317840576172,2763500,2662.93994140625
2018-02-14,107.18000030517578,112.16000366210938,106.62999725341795,111.72000122070312,102.5328598022461,2051700,2698.6298828125
2018-02-15,112.43000030517578,114.6500015258789,111.37999725341795,114.61000061035156,105.18521881103516,1760200,2731.199951171875
2018-02-16,114.36000061035156,114.58999633789062,111.95999908447266,112.23999786376952,103.01011657714844,1668900,2732.219970703125
2018-02-20,112.0,115.38999938964844,112.0,114.58000183105467,105.1576690673828,1431700,2716.260009765625
2018-02-21,115.3499984741211,116.5,112.87000274658205,113.01000213623048,103.71678161621094,1775000,2701.330078125
2018-02-22,113.87999725341795,114.75,113.16000366210938,113.68000030517578,104.3316879272461,1021900,2703.9599609375
2018-02-23,115.83999633789062,118.83000183105467,115.61000061035156,118.75,108.98477935791016,2142300,2747.300048828125
2018-02-26,114.3499984741211,114.9000015258789,107.12000274658205,110.0999984741211,101.04607391357422,7152000,2779.60009765625
2018-02-27,110.55999755859376,113.0999984741211,110.55999755859376,111.56999969482422,102.39519500732422,2665700,2744.280029296875
2018-02-28,112.5999984741211,112.9000015258789,98.93000030517578,100.43000030517578,92.17129516601562,6717200,2713.830078125
2018-03-01,101.2699966430664,101.30999755859376,94.6999969482422,96.01000213623048,88.11474609375,7170800,2677.669921875
2018-03-02,95.69000244140624,95.8499984741211,90.48999786376952,95.0199966430664,87.2061767578125,5718000,2691.25
2018-03-05,94.22000122070312,97.66000366210938,93.5,96.44000244140624,88.50940704345703,2503300,2720.93994140625
2018-03-06,98.4000015258789,100.88999938964844,97.79000091552734,100.13999938964844,91.9051284790039,3587400,2728.1201171875
2018-03-07,99.0,100.62000274658205,98.58000183105467,100.0500030517578,91.8225326538086,1567900,2726.800048828125
2018-03-08,100.16000366210938,101.3499984741211,98.6500015258789,99.27999877929688,91.1158447265625,1274400,2738.969970703125
2018-03-09,99.70999908447266,102.41999816894533,99.08000183105467,101.76000213623048,93.39190673828124,1510000,2786.570068359375
2018-03-12,101.98999786376952,103.97000122070312,101.5999984741211,102.98999786376952,94.5207748413086,1509000,2783.02001953125
2018-03-13,103.0,104.38999938964844,102.5500030517578,103.12999725341795,94.64925384521484,1373100,2765.31005859375
2018-03-14,103.12999725341795,104.30999755859376,100.0999984741211,100.33000183105467,92.3795928955078,1965700,2749.47998046875
2018-03-15,100.52999877929688,100.93000030517578,97.8499984741211,98.06999969482422,90.29869079589844,1506900,2747.330078125
2018-03-16,97.91000366210938,98.80999755859376,96.5,98.37000274658205,90.57491302490234,2101800,2752.010009765625
2018-03-19,97.56999969482422,98.0,95.80999755859376,96.91000366210938,89.23060607910156,1186300,2712.919921875
2018-03-20,96.95999908447266,96.95999908447266,94.0,95.31999969482422,87.76659393310547,3660000,2716.93994140625
2018-03-21,95.68000030517578,98.7699966430664,94.61000061035156,97.47000122070312,89.74623107910156,1780300,2711.929931640625
2018-03-22,96.30999755859376,97.6999969482422,94.0500030517578,94.11000061035156,86.6524887084961,1536200,2643.68994140625
2018-03-23,94.0,95.58000183105467,93.02999877929688,93.23999786376952,85.85139465332031,1356700,2588.260009765625
2018-03-26,94.56999969482422,95.33000183105467,93.13999938964844,94.36000061035156,86.8826675415039,1691600,2658.550048828125
2018-03-27,94.77999877929688,95.75,92.80999755859376,93.43000030517578,86.02635192871094,1644700,2612.6201171875
2018-03-28,93.43000030517578,93.83999633789062,89.27999877929688,89.55999755859375,82.46302032470703,2906300,2605.0
2018-03-29,90.45999908447266,93.69000244140624,90.05000305175781,92.73999786376952,85.39104461669922,2275700,2640.8701171875
2018-04-02,92.0500030517578,92.4499969482422,88.62999725341797,88.95999908447266,81.91059112548828,1919800,2581.8798828125
2018-04-03,89.58000183105469,90.6500015258789,87.55999755859375,90.41999816894533,83.25489044189453,1883800,2614.449951171875
2018-04-04,87.77999877929688,91.63999938964844,86.75,91.5999984741211,84.34137725830078,2280800,2644.68994140625
2018-04-05,92.27999877929688,98.48999786376952,91.86000061035156,95.7699966430664,88.18092346191406,2884300,2662.840087890625
2018-04-06,94.51000213623048,95.62000274658205,91.2300033569336,91.8000030517578,84.5255355834961,2707900,2604.469970703125
2018-04-09,92.7699966430664,92.7699966430664,90.77999877929688,91.22000122070312,83.99150848388672,1161400,2613.159912109375
2018-04-10,92.87000274658205,93.62999725341795,91.68000030517578,92.33000183105467,85.0135269165039,1453300,2656.8701171875
2018-04-11,91.83999633789062,93.98999786376952,91.20999908447266,93.30999755859376,85.91585540771484,1072800,2642.18994140625
2018-04-12,93.6500015258789,94.08999633789062,92.31999969482422,93.38999938964844,85.9895248413086,1185400,2663.989990234375
2018-04-13,96.13999938964844,96.44000244140624,94.44000244140624,95.5,87.9323501586914,1999300,2656.300048828125
2018-04-16,96.4499969482422,97.56999969482422,94.54000091552734,96.87000274658205,89.19377899169922,1415800,2677.840087890625
2018-04-17,97.63999938964844,97.95999908447266,95.83999633789062,96.62999725341795,88.97276306152344,1164200,2706.389892578125
2018-04-18,97.26000213623048,99.77999877929688,97.0500030517578,98.79000091552734,90.96163940429688,1145700,2708.639892578125
2018-04-19,99.0,99.6999969482422,96.91999816894533,98.58999633789062,90.77745819091795,1526400,2693.1298828125
2018-04-20,98.2300033569336,98.31999969482422,97.11000061035156,97.75,90.00403594970703,912300,2670.139892578125
2018-04-23,97.66999816894533,98.5,97.02999877929688,97.33999633789062,89.62651062011719,804900,2670.2900390625
2018-04-24,97.8499984741211,98.5,94.11000061035156,95.77999877929688,88.19014739990234,1328600,2634.56005859375
2018-04-25,95.8000030517578,96.22000122070312,94.4800033569336,95.45999908447266,87.8955078125,870800,2639.39990234375
2018-04-26,95.83999633789062,97.30999755859376,94.55999755859376,96.5500030517578,88.8991470336914,1030400,2666.93994140625
2018-04-27,96.41000366210938,97.66000366210938,96.13999938964844,96.9499969482422,89.26744842529297,857100,2669.909912109375
2018-04-30,96.95999908447266,98.83999633789062,96.70999908447266,96.95999908447266,89.27664947509766,1441900,2648.050048828125
2018-05-01,96.2699966430664,97.62000274658205,95.66000366210938,97.62000274658205,89.88434600830078,1221600,2654.800048828125
2018-05-02,97.5999984741211,99.7699966430664,97.55999755859376,97.83999633789062,90.08692932128906,1398300,2635.669921875
2018-05-03,97.8499984741211,99.23999786376952,96.51000213623048,97.88999938964844,90.13292694091795,1384000,2629.72998046875
2018-05-04,97.61000061035156,100.77999877929688,97.5199966430664,100.05999755859376,92.1309814453125,1294300,2663.419921875
2018-05-07,100.11000061035156,102.37999725341795,99.69000244140624,100.11000061035156,92.17703247070312,1388200,2672.6298828125
2018-05-08,100.0,101.38999938964844,99.5,100.72000122070312,92.73868560791016,1680600,2671.919921875
2018-05-09,101.72000122070312,102.7699966430664,100.16999816894533,101.75,93.6870574951172,1934900,2697.7900390625
2018-05-10,101.45999908447266,101.88999938964844,96.63999938964844,98.38999938964844,90.59331512451172,3860700,2723.070068359375
2018-05-11,98.0,99.02999877929688,97.76000213623048,98.54000091552734,90.7314453125,1683200,2727.719970703125
2018-05-14,99.3000030517578,101.12999725341795,98.9800033569336,99.23999786376952,91.37596893310548,1525200,2730.1298828125
2018-05-15,99.08000183105467,101.75,98.02999877929688,100.80999755859376,92.82156372070312,1728400,2711.449951171875
2018-05-16,101.1500015258789,102.9000015258789,101.06999969482422,102.3499984741211,94.2395248413086,1545800,2722.4599609375
2018-05-17,102.62000274658205,105.87000274658205,102.5,104.8000030517578,96.4953842163086,2770400,2720.1298828125
2018-05-18,105.0,106.3000030517578,104.1500015258789,104.91999816894533,96.60587310791016,2305800,2712.969970703125
2018-05-21,105.5,106.4000015258789,103.51000213623048,104.06999969482422,95.82321166992188,1853900,2733.010009765625
2018-05-22,104.54000091552734,105.13999938964844,102.12999725341795,102.33999633789062,94.23031616210938,1034200,2724.43994140625
2018-05-23,101.33999633789062,102.25,100.8000030517578,101.83999633789062,93.76995086669922,907200,2733.2900390625
2018-05-24,99.58000183105467,99.97000122070312,94.9499969482422,95.0199966430664,87.49036407470703,3516900,2727.760009765625
2018-05-25,94.4000015258789,95.30999755859376,93.37000274658205,94.81999969482422,87.30621337890625,1741900,2721.330078125
2018-05-29,94.58000183105467,94.79000091552734,92.61000061035156,93.02999877929688,85.65805053710938,1612200,2689.860107421875
2018-05-30,93.58999633789062,94.4499969482422,93.0,93.58999633789062,86.17367553710938,1241000,2724.010009765625
2018-05-31,93.55999755859376,94.31999969482422,93.25,93.47000122070312,86.06320190429688,1430000,2705.27001953125
2018-06-01,93.5,95.08000183105467,93.5,94.26000213623048,86.79060363769531,1242800,2734.6201171875
2018-06-04,94.56999969482422,95.0,93.83000183105467,94.44000244140624,86.9563217163086,962300,2746.8701171875
2018-06-05,94.5,95.33999633789062,94.29000091552734,94.6500015258789,87.14971160888672,973300,2748.800048828125
2018-06-06,94.8000030517578,95.68000030517578,93.9499969482422,95.66999816894533,88.08885955810547,1738000,2772.35009765625
2018-06-07,95.63999938964844,96.43000030517578,94.69000244140624,95.22000122070312,87.67451477050781,887500,2770.3701171875
2018-06-08,95.1999969482422,95.8000030517578,94.63999938964844,95.37000274658205,87.8126449584961,1044200,2779.030029296875
2018-06-11,95.4499969482422,96.37999725341795,94.62999725341795,95.37000274658205,87.8126449584961,815800,2782.0
2018-06-12,97.11000061035156,97.75,95.36000061035156,95.73999786376952,88.1533203125,1584600,2786.85009765625
2018-06-13,95.83000183105467,96.02999877929688,94.0999984741211,94.18000030517578,86.71693420410156,1598200,2775.6298828125
2018-06-14,94.19000244140624,94.97000122070312,93.3499984741211,93.66000366210938,86.54598236083984,1148200,2782.489990234375
2018-06-15,93.12999725341795,93.62000274658205,92.1999969482422,93.33000183105467,86.2410659790039,1698900,2779.659912109375
2018-06-18,93.11000061035156,93.13999938964844,92.27999877929688,92.87000274658205,85.81597900390625,1675600,2773.75
2018-06-19,91.80999755859376,91.87000274658205,90.23999786376952,91.4000015258789,84.45764923095703,1841100,2762.590087890625
2018-06-20,92.08000183105467,92.62999725341795,91.30999755859376,91.61000061035156,84.65168762207031,1333700,2767.320068359375
2018-06-21,91.41000366210938,92.55999755859376,91.25,91.97000122070312,84.98434448242188,1319600,2749.760009765625
2018-06-22,92.37999725341795,93.62000274658205,92.16000366210938,93.45999908447266,86.36116027832031,1380200,2754.8798828125
2018-06-25,93.6500015258789,94.97000122070312,91.29000091552734,91.95999908447266,84.97511291503906,1414900,2717.070068359375
2018-06-26,92.33000183105467,93.0999984741211,91.88999938964844,92.5199966430664,85.4925765991211,1070700,2723.06005859375
2018-06-27,93.73999786376952,96.33000183105467,93.2699966430664,93.41000366210938,86.31497955322266,1967800,2699.6298828125
2018-06-28,93.25,93.76000213623048,92.5,93.63999938964844,86.5274887084961,943700,2716.31005859375
2018-06-29,94.12999725341795,96.9499969482422,93.8000030517578,94.33000183105467,87.16509246826172,1768400,2718.3701171875
2018-07-02,93.94000244140624,94.79000091552734,92.9800033569336,93.4800033569336,86.37965393066406,1182400,2726.7099609375
2018-07-03,96.66000366210938,97.81999969482422,95.87999725341795,96.62000274658205,89.28114318847656,1726500,2713.219970703125
2018-07-05,96.87999725341795,97.37000274658205,93.3000030517578,94.77999877929688,87.5809097290039,1850900,2736.610107421875
2018-07-06,94.37999725341795,96.2699966430664,93.83999633789062,95.54000091552734,88.28318786621094,1171900,2759.820068359375
2018-07-09,95.75,96.5199966430664,95.4800033569336,95.9800033569336,88.68976593017578,1003600,2784.169921875
2018-07-10,95.9800033569336,96.83999633789062,95.04000091552734,95.80999755859376,88.53268432617188,1124600,2793.840087890625
2018-07-11,95.0,95.20999908447266,94.0999984741211,94.68000030517578,87.48851013183594,1173300,2774.02001953125
2018-07-12,95.97000122070312,96.29000091552734,94.87000274658205,95.3499984741211,88.10762023925781,996500,2798.2900390625
2018-07-13,95.5,96.0,94.86000061035156,95.56999969482422,88.31092834472656,847300,2801.31005859375
2018-07-16,95.48999786376952,95.70999908447266,94.66999816894533,94.95999908447266,87.74722290039062,2343000,2798.429931640625
2018-07-17,94.8499984741211,97.29000091552734,94.5,96.97000122070312,89.60459899902344,1103900,2809.550048828125
2018-07-18,96.91000366210938,97.86000061035156,96.05999755859376,96.73999786376952,89.39204406738281,1394600,2815.6201171875
2018-07-19,95.98999786376952,96.5500030517578,95.04000091552734,96.20999908447266,88.90229797363281,976000,2804.489990234375
2018-07-20,95.66000366210938,95.70999908447266,93.55999755859376,93.9000015258789,86.76774597167969,1803800,2801.830078125
2018-07-23,93.73999786376952,93.73999786376952,90.0199966430664,90.91999816894533,84.01410675048828,2490600,2806.97998046875
2018-07-24,91.83999633789062,92.43000030517578,90.66000366210938,90.9000015258789,83.99563598632812,1318400,2820.39990234375
2018-07-25,90.54000091552734,91.93000030517578,90.30999755859376,91.79000091552734,84.81803131103516,1115600,2846.070068359375
2018-07-26,91.9000015258789,93.43000030517578,91.12999725341795,93.05999755859376,85.99156188964844,1209000,2837.43994140625
2018-07-27,93.2699966430664,94.13999938964844,92.01000213623048,93.26000213623048,86.1763916015625,889900,2818.820068359375
2018-07-30,93.26000213623048,93.26000213623048,91.62000274658205,92.41999816894533,85.40018463134766,1272200,2802.60009765625
2018-07-31,92.62999725341795,94.52999877929688,92.30999755859376,94.1999969482422,87.04496765136719,989500,2816.2900390625
2018-08-01,94.0,94.16000366210938,90.08999633789062,91.01000213623048,84.09728240966797,1763100,2813.360107421875
2018-08-02,90.6500015258789,92.36000061035156,90.08000183105467,92.0199966430664,85.03052520751953,1494900,2827.219970703125
2018-08-03,92.26000213623048,92.91000366210938,91.80999755859376,92.61000061035156,85.57572174072266,786700,2840.35009765625
2018-08-06,92.3000030517578,92.93000030517578,91.87999725341795,92.66000366210938,85.6219482421875,1110100,2850.39990234375
2018-08-07,93.0,93.7300033569336,92.5999984741211,92.80999755859376,85.76055908203125,1603600,2858.449951171875
2018-08-08,97.41000366210938,100.48999786376952,96.5199966430664,98.7699966430664,91.26783752441406,5215100,2857.699951171875
2018-08-09,99.1500015258789,103.11000061035156,98.62000274658205,100.76000213623048,93.10671997070312,3463900,2853.580078125
2018-08-10,100.0500030517578,100.8000030517578,98.20999908447266,98.5,91.01837921142578,1340100,2833.280029296875
2018-08-13,98.12999725341795,98.41999816894533,95.5500030517578,95.62999725341795,88.36636352539062,2108700,2821.929931640625
2018-08-14,95.75,97.41999816894533,95.5999984741211,97.33000183105467,89.93724060058594,1152900,2839.9599609375
2018-08-15,96.16999816894533,96.6999969482422,93.54000091552734,95.54000091552734,88.28318786621094,1930600,2818.3701171875
2018-08-16,96.48999786376952,98.1500015258789,96.48999786376952,97.05999755859376,89.68775177001953,1116900,2840.68994140625
2018-08-17,96.61000061035156,96.72000122070312,94.27999877929688,95.44000244140624,88.19078063964844,1334900,2850.1298828125
2018-08-20,95.5999984741211,96.33000183105467,95.31999969482422,95.54000091552734,88.28318786621094,1129700,2857.050048828125
2018-08-21,95.47000122070312,95.61000061035156,94.44000244140624,94.83999633789062,87.63634490966797,1384300,2862.9599609375
2018-08-22,95.0,95.3499984741211,94.3000030517578,94.52999877929688,87.34990692138672,1236100,2861.820068359375
2018-08-23,94.5,94.5999984741211,92.41000366210938,93.7699966430664,86.64762878417969,3337400,2856.97998046875
2018-08-24,94.26000213623048,96.9800033569336,94.0,96.0,88.7082748413086,1612700,2874.68994140625
2018-08-27,96.3000030517578,97.98999786376952,96.0999984741211,96.88999938964844,89.5306396484375,883900,2896.739990234375
2018-08-28,96.94000244140624,98.11000061035156,96.37999725341795,96.94000244140624,89.57685852050781,1058300,2897.52001953125
2018-08-29,96.8000030517578,97.22000122070312,95.58000183105467,96.72000122070312,89.3735580444336,753800,2914.0400390625
2018-08-30,96.19000244140624,96.45999908447266,94.55999755859376,95.0500030517578,87.83039093017578,985200,2901.1298828125
2018-08-31,94.70999908447266,96.43000030517578,94.4499969482422,95.5199966430664,88.26472473144531,762900,2901.52001953125
2018-09-04,97.0,97.58000183105467,95.01000213623048,96.56999969482422,89.2349624633789,1488400,2896.719970703125
2018-09-05,96.56999969482422,96.86000061035156,95.05999755859376,96.4499969482422,89.12407684326172,1333800,2888.60009765625
2018-09-06,96.69000244140624,98.48999786376952,96.63999938964844,97.66000366210938,90.24217224121094,1355700,2878.050048828125
2018-09-07,96.9000015258789,97.97000122070312,95.77999877929688,97.19000244140624,89.80785369873047,1280100,2871.679931640625
2018-09-10,97.41999816894533,97.91999816894533,96.83000183105467,97.38999938964844,89.99268341064453,1227000,2877.1298828125
2018-09-11,97.08000183105467,99.45999908447266,96.38999938964844,98.83999633789062,91.3325424194336,1536400,2887.889892578125
2018-09-12,98.81999969482422,100.08000183105467,98.1500015258789,99.45999908447266,91.90544891357422,1221000,2888.919921875
2018-09-13,99.86000061035156,101.23999786376952,99.5999984741211,100.61000061035156,93.28229522705078,1415100,2904.179931640625
2018-09-14,100.87000274658205,101.5500030517578,99.47000122070312,100.9000015258789,93.55115509033205,1250400,2904.97998046875
2018-09-17,100.9000015258789,103.48999786376952,100.62999725341795,102.4499969482422,94.98828125,1769500,2888.800048828125
2018-09-18,102.4499969482422,103.18000030517578,101.2300033569336,103.05999755859376,95.55384063720705,1301500,2904.31005859375
2018-09-19,103.3499984741211,106.3499984741211,103.33999633789062,105.48999786376952,97.80685424804688,1644800,2907.949951171875
2018-09-20,105.5999984741211,107.0,105.41000366210938,106.5999984741211,98.83601379394533,1523400,2930.75
2018-09-21,106.97000122070312,107.41999816894533,104.54000091552734,105.41999816894533,97.74195861816406,2066900,2929.669921875
2018-09-24,105.13999938964844,106.0999984741211,104.45999908447266,104.94000244140624,97.29693603515624,1230600,2919.3701171875
2018-09-25,105.3000030517578,105.4499969482422,102.31999969482422,102.52999877929688,95.06244659423828,1454700,2915.56005859375
2018-09-26,102.08000183105467,102.58000183105467,101.12999725341795,101.31999969482422,93.94056701660156,1491500,2905.969970703125
2018-09-27,101.41000366210938,101.76000213623048,99.7300033569336,100.9499969482422,93.59754180908205,1079100,2914.0
2018-09-28,100.73999786376952,101.16000366210938,99.72000122070312,99.77999877929688,92.51273345947266,1421000,2913.97998046875
2018-10-01,100.66999816894533,101.12999725341795,100.0999984741211,100.83999633789062,93.49552917480467,758200,2924.590087890625
2018-10-02,101.13999938964844,102.01000213623048,100.56999969482422,101.8499984741211,94.43197631835938,1035500,2923.429931640625
2018-10-03,102.02999877929688,105.0,101.7699966430664,104.04000091552734,96.46247863769533,1352400,2925.510009765625
2018-10-04,104.0,104.70999908447266,102.61000061035156,104.22000122070312,96.62936401367188,1168100,2901.610107421875
2018-10-05,104.16000366210938,105.25,101.97000122070312,103.05999755859376,95.55384063720705,1521000,2885.570068359375
2018-10-08,102.12999725341795,102.5199966430664,100.52999877929688,102.25,94.8028335571289,2145400,2884.429931640625
2018-10-09,101.1999969482422,101.1999969482422,96.97000122070312,97.27999877929688,90.19481658935548,2716200,2880.340087890625
2018-10-10,97.23999786376952,97.3499984741211,95.4800033569336,95.66999816894533,88.70208740234375,1833300,2785.679931640625
2018-10-11,94.5999984741211,96.4000015258789,94.02999877929688,94.36000061035156,87.48747253417969,1614000,2728.3701171875
2018-10-12,95.58000183105467,96.12000274658205,94.11000061035156,95.08999633789062,88.16431427001953,1048200,2767.1298828125
2018-10-15,95.16000366210938,96.70999908447266,95.0999984741211,96.0500030517578,89.05441284179688,759200,2750.7900390625
2018-10-16,96.47000122070312,97.41999816894533,95.4000015258789,97.13999938964844,90.0650405883789,993400,2809.919921875
2018-10-17,96.4800033569336,97.36000061035156,96.08999633789062,96.31999969482422,89.30474853515625,1183100,2809.2099609375
2018-10-18,96.23999786376952,96.8499984741211,94.5500030517578,95.66999816894533,88.70208740234375,1202400,2768.780029296875
2018-10-19,95.55999755859376,96.29000091552734,95.06999969482422,95.62999725341795,88.66500091552734,880100,2767.780029296875
2018-10-22,96.2699966430664,98.0199966430664,95.37999725341795,97.26000213623048,90.17628479003906,1317800,2755.8798828125
2018-10-23,95.62999725341795,96.77999877929688,93.76000213623048,96.16000366210938,89.15640258789062,1497800,2740.68994140625
2018-10-24,96.2699966430664,96.41000366210938,93.4800033569336,93.63999938964844,86.81993103027344,1538100,2656.10009765625
2018-10-25,94.37000274658205,95.56999969482422,93.68000030517578,95.41000366210938,88.4610366821289,1135900,2705.570068359375
2018-10-26,94.01000213623048,95.7699966430664,92.6500015258789,95.23999786376952,88.30340576171875,1621200,2658.68994140625
2018-10-29,96.5,97.9000015258789,93.95999908447266,95.16000366210938,88.2292251586914,1448600,2641.25
2018-10-30,95.0,97.37000274658205,93.68000030517578,97.12000274658205,90.04647827148438,1305700,2682.6298828125
2018-10-31,98.08999633789062,100.25,97.87999725341795,99.22000122070312,91.9935073852539,2166800,2711.739990234375
2018-11-01,100.37999725341795,105.83999633789062,100.0,105.41999816894533,97.74195861816406,2981900,2740.3701171875
2018-11-02,105.80999755859376,108.47000122070312,105.58999633789062,106.44000244140624,98.68766784667967,1710800,2723.06005859375
2018-11-05,106.12000274658205,106.8499984741211,104.98999786376952,106.20999908447266,98.47441864013672,829800,2738.31005859375
2018-11-06,106.25,107.88999938964844,106.0999984741211,107.79000091552734,99.9393310546875,1222100,2755.449951171875
2018-11-07,108.0,108.73999786376952,106.66000366210938,107.98999786376952,100.12477111816406,1751800,2813.889892578125
2018-11-08,104.3000030517578,107.0,101.5999984741211,105.87000274658205,98.15919494628906,2643900,2806.830078125
2018-11-09,104.0,104.5,100.48999786376952,102.37999725341795,94.92337036132812,1455000,2781.010009765625
2018-11-12,102.26000213623048,102.27999877929688,97.9499969482422,98.06999969482422,90.9272918701172,1241600,2726.219970703125
2018-11-13,98.37999725341795,100.93000030517578,98.33000183105467,99.1999969482422,91.9749755859375,1453900,2722.179931640625
2018-11-14,100.0,101.0199966430664,99.47000122070312,99.94000244140624,92.6610870361328,785700,2701.580078125
2018-11-15,99.7300033569336,103.37000274658205,99.06999969482422,102.6999969482422,95.2200698852539,1139600,2730.199951171875
2018-11-16,102.0999984741211,102.79000091552734,99.86000061035156,100.9800033569336,93.62535858154295,1379700,2736.27001953125
2018-11-19,100.63999938964844,102.1999969482422,99.30999755859376,99.61000061035156,92.3551254272461,981100,2690.72998046875
2018-11-20,97.86000061035156,98.13999938964844,95.04000091552734,95.73999786376952,88.76696014404297,1643800,2641.889892578125
2018-11-21,96.01000213623048,96.66999816894533,93.29000091552734,95.5199966430664,88.56302642822266,1202700,2649.929931640625
2018-11-23,94.9499969482422,98.08000183105467,94.62000274658205,96.7699966430664,89.72197723388672,482900,2632.56005859375
2018-11-26,97.33999633789062,98.01000213623048,95.88999938964844,96.61000061035156,89.57361602783203,977600,2673.449951171875
2018-11-27,95.66000366210938,96.9499969482422,94.62000274658205,95.43000030517578,88.47956085205078,1014200,2682.169921875
2018-11-28,95.1500015258789,96.69000244140624,94.02999877929688,96.62000274658205,89.58287811279297,1093400,2743.7900390625
2018-11-29,96.6999969482422,96.87000274658205,94.38999938964844,96.41999816894533,89.39746856689453,894300,2737.800048828125
2018-11-30,96.0,97.29000091552734,95.22000122070312,96.31999969482422,89.30474853515625,1037800,2760.169921875
2018-12-03,98.58999633789062,100.36000061035156,97.5999984741211,98.45999908447266,91.28887176513672,1698000,2790.3701171875
2018-12-04,98.18000030517578,99.81999969482422,93.01000213623048,93.19000244140624,86.40270233154297,2421500,2700.06005859375
2018-12-06,92.04000091552734,92.04000091552734,88.0199966430664,91.19000244140624,84.54837799072266,2034900,2695.949951171875
2018-12-07,91.31999969482422,92.2300033569336,88.08000183105469,88.6500015258789,82.1933822631836,1523500,2633.080078125
2018-12-10,88.9800033569336,89.80999755859375,87.25,89.04000091552734,82.5549545288086,1088000,2637.719970703125
2018-12-11,91.02999877929688,92.08999633789062,88.70999908447266,89.08000183105469,82.59207153320312,1060200,2636.780029296875
2018-12-12,90.2699966430664,90.54000091552734,88.70999908447266,88.77999877929688,82.31391906738281,973000,2651.070068359375
2018-12-13,88.5999984741211,89.0999984741211,87.22000122070312,87.94000244140625,81.84392547607422,955700,2650.5400390625
2018-12-14,87.06999969482422,87.63999938964844,84.01000213623047,84.97000122070312,79.07980346679688,1719900,2599.949951171875
2018-12-17,84.52999877929688,84.61000061035156,79.69999694824219,80.51000213623047,74.92896270751953,2762400,2545.93994140625
2018-12-18,81.22000122070312,82.66999816894531,80.63999938964844,81.02999877929688,75.41291809082031,1690000,2546.159912109375
2018-12-19,81.33000183105469,82.63999938964844,79.06999969482422,79.80000305175781,74.26819610595703,1764700,2506.9599609375
2018-12-20,77.55999755859375,78.13999938964844,73.66999816894531,76.16000366210938,70.88050079345703,4684500,2467.419921875
2018-12-21,76.33000183105469,77.66000366210938,74.5999984741211,74.83999633789062,69.6520004272461,2776000,2416.6201171875
2018-12-24,73.95999908447266,74.83000183105469,72.44000244140625,73.12999725341797,68.0605239868164,870200,2351.10009765625
2018-12-26,73.43000030517578,76.30999755859375,71.88999938964844,76.27999877929688,70.99219512939453,1500300,2467.699951171875
2018-12-27,75.27999877929688,77.30999755859375,74.0,77.22000122070312,71.8670425415039,1657000,2488.830078125
2018-12-28,77.58000183105469,78.38999938964844,76.11000061035156,76.73999786376953,71.42030334472656,1202500,2485.739990234375
2018-12-31,77.0,77.75,76.02999877929688,77.06999969482422,71.72742462158203,1040100,2506.85009765625
2019-01-02,75.80000305175781,79.02999877929688,75.12999725341797,78.11000061035156,72.69532012939453,1052300,2510.030029296875
2019-01-03,76.8499984741211,76.87999725341797,72.58000183105469,72.69000244140625,67.65103912353516,1968100,2447.889892578125
2019-01-04,74.56999969482422,77.27999877929688,74.37000274658203,76.23999786376953,70.9549560546875,2089500,2531.93994140625
2019-01-07,76.29000091552734,77.13999938964844,75.3499984741211,76.58000183105469,71.27140045166016,1413300,2549.68994140625
2019-01-08,77.27999877929688,77.70999908447266,76.5999984741211,77.33000183105469,71.96939849853516,1622800,2574.409912109375
2019-01-09,77.77999877929688,78.08000183105469,75.93000030517578,76.83999633789062,71.51336669921875,1113900,2584.9599609375
2019-01-10,76.2300033569336,77.9800033569336,75.54000091552734,77.2699966430664,71.9135513305664,1929400,2596.639892578125
2019-01-11,76.72000122070312,77.8499984741211,75.37000274658203,77.41000366210938,72.04387664794922,1526200,2596.260009765625
2019-01-14,76.5999984741211,77.4800033569336,76.08999633789062,76.97000122070312,71.63436889648438,1374900,2582.610107421875
2019-01-15,74.97000122070312,76.0199966430664,73.12999725341797,73.63999938964844,68.53520202636719,2128200,2610.300048828125
2019-01-16,73.91999816894531,74.93000030517578,73.5,73.93000030517578,68.80509948730469,2634300,2616.10009765625
2019-01-17,73.83999633789062,75.7300033569336,73.55000305175781,75.29000091552734,70.07080841064453,2020800,2635.9599609375
2019-01-18,75.83000183105469,77.25,75.7699966430664,76.62999725341797,71.31792449951172,1457300,2670.7099609375
2019-01-22,75.48999786376953,75.70999908447266,74.0999984741211,75.37000274658203,70.14529418945312,1435800,2632.89990234375
2019-01-23,75.63999938964844,75.83999633789062,73.4800033569336,73.91999816894531,68.7957763671875,1271100,2638.699951171875
2019-01-24,73.97000122070312,75.19000244140625,73.6500015258789,74.0199966430664,68.88884735107422,1660300,2642.330078125
2019-01-25,75.77999877929688,77.36000061035156,75.58999633789062,76.58000183105469,71.27140045166016,2234900,2664.760009765625
2019-01-28,76.2300033569336,77.54000091552734,76.0199966430664,77.08999633789062,71.74603271484375,1273500,2643.85009765625
2019-01-29,77.48999786376953,78.77999877929688,77.48999786376953,78.31999969482422,72.89077758789062,1815100,2640.0
2019-01-30,79.08999633789062,80.47000122070312,78.3499984741211,80.20999908447266,74.6497802734375,1592500,2681.050048828125
2019-01-31,80.73999786376953,81.55000305175781,79.5999984741211,80.7300033569336,75.13372802734375,1971400,2704.10009765625
2019-02-01,80.88999938964844,81.88999938964844,80.51000213623047,81.30000305175781,75.66419219970703,969200,2706.530029296875
2019-02-04,81.30000305175781,82.0,80.97000122070312,81.94000244140625,76.25984191894531,885100,2724.8701171875
2019-02-05,81.25,81.94000244140625,80.13999938964844,81.31999969482422,75.68280792236328,1410600,2737.699951171875
2019-02-06,80.93000030517578,82.87999725341797,80.8499984741211,82.19000244140625,76.49250030517578,1154500,2731.610107421875
2019-02-07,81.37000274658203,81.77999877929688,79.29000091552734,80.63999938964844,75.04994201660156,1222800,2706.050048828125
2019-02-08,79.83000183105469,81.02999877929688,79.5199966430664,81.01000213623047,75.39431762695312,712500,2707.8798828125
2019-02-11,81.56999969482422,81.88999938964844,80.30999755859375,80.86000061035156,75.25469970703125,659900,2709.800048828125
2019-02-12,80.33999633789062,80.88999938964844,78.41999816894531,80.44999694824219,74.87313079833984,1947500,2744.72998046875
2019-02-13,81.0199966430664,82.16000366210938,80.95999908447266,81.7300033569336,76.06439971923828,886600,2753.030029296875
2019-02-14,81.41000366210938,81.86000061035156,80.4000015258789,80.41999816894531,74.84519958496094,1362500,2745.72998046875
2019-02-15,81.80000305175781,81.80000305175781,80.33000183105469,81.37000274658203,75.7293472290039,1549800,2775.60009765625
2019-02-19,81.05000305175781,83.47000122070312,80.41999816894531,83.12999725341797,77.36734771728516,1616100,2779.760009765625
2019-02-20,83.31999969482422,84.16999816894531,82.73999786376953,82.80999755859375,77.06951904296875,1770900,2784.699951171875
2019-02-21,88.58999633789062,92.0,85.83000183105469,89.26000213623047,83.0724105834961,5503500,2774.8798828125
2019-02-22,89.83000183105469,89.9000015258789,88.01000213623047,89.18000030517578,82.99794006347656,1511000,2792.669921875
2019-02-25,89.98999786376953,92.0,89.94000244140625,91.56999969482422,85.2222900390625,1607600,2796.110107421875
2019-02-26,91.22000122070312,92.29000091552734,90.86000061035156,91.0,84.6917724609375,1265400,2793.89990234375
2019-02-27,91.01000213623048,93.13999938964844,90.6500015258789,92.27999877929688,85.88307189941406,1128300,2792.3798828125
2019-02-28,92.18000030517578,92.18000030517578,90.91000366210938,91.29000091552734,84.96168518066406,1338800,2784.489990234375
2019-03-01,92.0,92.4800033569336,90.61000061035156,90.79000091552734,84.49635314941406,1320900,2803.68994140625
2019-03-04,91.0,91.0,87.0999984741211,88.48999786376953,82.35578918457031,1691500,2792.81005859375
2019-03-05,88.3499984741211,88.66000366210938,87.37000274658203,87.93000030517578,81.8345947265625,960800,2789.64990234375
2019-03-06,87.94999694824219,88.2300033569336,86.16000366210938,86.37000274658203,80.38274383544922,754600,2771.449951171875
2019-03-07,85.7300033569336,86.0,83.95999908447266,84.5999984741211,78.7354507446289,1296800,2748.929931640625
2019-03-08,83.13999938964844,83.23999786376953,80.80000305175781,82.97000122070312,77.21842956542969,1779500,2743.070068359375
2019-03-11,83.37000274658203,85.5199966430664,83.0999984741211,85.51000213623047,79.5823745727539,1016000,2783.300048828125
2019-03-12,85.86000061035156,86.12999725341797,85.04000091552734,85.47000122070312,79.54511260986328,850400,2791.52001953125
2019-03-13,86.02999877929688,86.86000061035156,85.62000274658203,86.20999908447266,80.23384094238281,1013400,2810.919921875
2019-03-14,85.83000183105469,86.19999694824219,84.58000183105469,84.7300033569336,79.19448852539062,787300,2808.47998046875
2019-03-15,85.06999969482422,86.0,85.06999969482422,85.41999816894531,79.83940124511719,1498800,2822.47998046875
2019-03-18,85.58999633789062,86.44000244140625,85.0,86.43000030517578,80.78341674804688,759800,2832.93994140625
2019-03-19,87.3499984741211,87.3499984741211,84.87999725341797,85.2300033569336,79.66181945800781,891600,2832.570068359375
2019-03-20,85.25,85.33999633789062,83.91000366210938,84.44000244140625,78.9234390258789,734500,2824.22998046875
2019-03-21,84.44000244140625,86.11000061035156,84.26000213623047,85.51000213623047,79.92353057861328,916900,2854.8798828125
2019-03-22,85.0,85.38999938964844,82.51000213623047,82.72000122070312,77.31580352783203,890500,2800.7099609375
2019-03-25,82.13999938964844,82.25,80.8499984741211,81.58000183105469,76.25028228759766,1013400,2798.360107421875
2019-03-26,81.81999969482422,82.87000274658203,80.38999938964844,81.04000091552734,75.74557495117188,1568200,2818.4599609375
2019-03-27,81.05000305175781,81.3499984741211,79.80000305175781,80.1500015258789,74.9136962890625,1091900,2805.3701171875
2019-03-28,80.0,81.41999816894531,79.80000305175781,81.16999816894531,75.86705017089844,975000,2815.43994140625
2019-03-29,81.31999969482422,82.37000274658203,80.80999755859375,81.9800033569336,76.62415313720703,1794400,2834.39990234375
2019-04-01,82.43000030517578,84.55999755859375,82.43000030517578,84.19999694824219,78.69910430908203,1439100,2867.18994140625
2019-04-02,84.37000274658203,84.5,82.0199966430664,82.9000015258789,77.48404693603516,1782900,2867.239990234375
2019-04-03,83.72000122070312,84.55000305175781,83.38999938964844,84.20999908447266,78.70844268798828,1976500,2873.39990234375
2019-04-04,84.44999694824219,85.9800033569336,84.12000274658203,85.55000305175781,79.96092224121094,1544500,2879.389892578125
2019-04-05,85.86000061035156,86.62999725341797,85.41999816894531,86.13999938964844,80.51236724853516,1424500,2892.739990234375
2019-04-08,86.19999694824219,86.94999694824219,85.77999877929688,86.94000244140625,81.2601089477539,964300,2895.77001953125
2019-04-09,86.70999908447266,86.88999938964844,84.66999816894531,84.77999877929688,79.2412109375,1484000,2878.199951171875
2019-04-10,84.87999725341797,85.80000305175781,84.13999938964844,85.55000305175781,79.96092224121094,821500,2888.2099609375
2019-04-11,85.19999694824219,85.30000305175781,82.62999725341797,82.70999908447266,77.30644226074219,1404700,2888.320068359375
2019-04-12,83.08000183105469,84.25,82.73999786376953,83.66000366210938,78.19439697265625,1090200,2907.409912109375
2019-04-15,83.58000183105469,83.62999725341797,81.98999786376953,82.26000213623047,76.88584899902344,1352400,2905.580078125
2019-04-16,82.52999877929688,83.44999694824219,82.11000061035156,83.20999908447266,77.77378845214844,1399300,2907.06005859375
2019-04-17,83.86000061035156,85.20999908447266,82.0999984741211,82.0999984741211,76.73631286621094,1357500,2900.449951171875
2019-04-18,82.18000030517578,82.6500015258789,81.19000244140625,82.56999969482422,77.17558288574219,790800,2905.030029296875
2019-04-22,82.45999908447266,82.56999969482422,81.55999755859375,82.16999816894531,76.8017349243164,576400,2907.969970703125
2019-04-23,81.63999938964844,81.63999938964844,77.63999938964844,79.05000305175781,73.88557434082031,2307300,2933.679931640625
2019-04-24,79.0999984741211,79.68000030517578,76.68000030517578,76.80000305175781,71.78256225585938,1653900,2927.25
2019-04-25,76.5999984741211,76.75,74.80000305175781,74.87000274658203,69.97865295410156,1545300,2926.169921875
2019-04-26,74.69999694824219,75.86000061035156,73.56999969482422,75.55999755859375,70.62356567382812,1622300,2939.8798828125
2019-04-29,75.5,76.11000061035156,74.70999908447266,75.70999908447266,70.76375579833984,1191800,2943.030029296875
2019-04-30,75.8499984741211,76.30999755859375,74.93000030517578,75.05999755859375,70.1562271118164,1239900,2945.830078125
2019-05-01,75.0,75.4000015258789,73.95999908447266,74.06999969482422,69.23090362548828,1045500,2923.72998046875
2019-05-02,73.87999725341797,76.16999816894531,73.25,76.08999633789062,71.11894226074219,2306400,2917.52001953125
2019-05-03,76.7699966430664,77.4000015258789,76.30999755859375,77.05000305175781,72.0162353515625,1515800,2945.639892578125
2019-05-06,75.66000366210938,77.22000122070312,75.08999633789062,77.05000305175781,72.0162353515625,1968300,2932.469970703125
2019-05-07,76.5199966430664,76.8499984741211,75.0999984741211,75.8499984741211,70.89462280273438,2447500,2884.050048828125
2019-05-08,72.02999877929688,73.4800033569336,71.2300033569336,72.58000183105469,67.8382568359375,3919100,2879.419921875
2019-05-09,71.54000091552734,73.11000061035156,69.01000213623047,72.61000061035156,67.86630249023438,3164500,2870.719970703125
2019-05-10,72.7300033569336,73.05999755859375,70.19999694824219,72.62999725341797,67.88497161865234,2037100,2881.39990234375
2019-05-13,71.27999877929688,71.48999786376953,68.44999694824219,68.55000305175781,64.07154846191406,3315500,2811.8701171875
2019-05-14,68.86000061035156,70.55999755859375,68.76000213623047,70.22000122070312,65.6324234008789,1605800,2834.409912109375
2019-05-15,69.27999877929688,70.66999816894531,69.04000091552734,69.58000183105469,65.03425598144531,2012600,2850.9599609375
2019-05-16,70.0999984741211,70.41000366210938,69.22000122070312,69.41000366210938,64.87535858154297,1497200,2876.320068359375
2019-05-17,68.73999786376953,68.98999786376953,67.5999984741211,67.76000213623047,63.33317184448242,1406300,2859.530029296875
2019-05-20,67.55000305175781,68.16999816894531,67.05999755859375,67.77999877929688,63.351844787597656,1206300,2840.22998046875
2019-05-21,68.08999633789062,69.41000366210938,67.9000015258789,68.5,64.02479553222656,1100100,2864.360107421875
2019-05-22,68.08000183105469,68.61000061035156,67.86000061035156,67.95999908447266,63.52008056640625,734100,2856.27001953125
2019-05-23,66.5,67.22000122070312,65.9800033569336,66.33999633789062,62.00594329833984,2144900,2822.239990234375
2019-05-24,66.97000122070312,67.43000030517578,66.08000183105469,66.80000305175781,62.435882568359375,1544400,2826.06005859375
2019-05-28,67.06999969482422,67.80000305175781,66.5999984741211,67.43000030517578,63.02471160888672,1514500,2802.389892578125
2019-05-29,66.5,66.91999816894531,65.45999908447266,65.80000305175781,61.50120544433594,1783800,2783.02001953125
2019-05-30,65.5999984741211,66.5,65.30000305175781,65.56999969482422,61.2862434387207,1167400,2788.860107421875
2019-05-31,65.0,65.0,63.130001068115234,63.29999923706055,59.164527893066406,1593200,2752.06005859375
2019-06-03,63.209999084472656,65.12999725341797,63.09999847412109,65.05000305175781,60.80021286010742,2087900,2744.449951171875
2019-06-04,65.43000030517578,67.56999969482422,65.43000030517578,67.54000091552734,63.12752914428711,1452700,2803.27001953125
2019-06-05,68.30999755859375,68.30999755859375,66.13999938964844,67.37000274658203,62.96862411499024,1044400,2826.14990234375
2019-06-06,67.13999938964844,68.54000091552734,67.04000091552734,68.45999908447266,63.987422943115234,1177000,2843.489990234375
2019-06-07,68.97000122070312,69.63999938964844,68.25,69.08000183105469,64.56690979003906,1311800,2873.340087890625
2019-06-10,69.83000183105469,71.16000366210938,69.6500015258789,70.93000030517578,66.29605865478516,1278800,2886.72998046875
2019-06-11,72.23999786376953,73.8499984741211,71.7300033569336,73.43000030517578,68.63272094726562,2485400,2885.719970703125
2019-06-12,73.37000274658203,73.94000244140625,72.01000213623047,72.18000030517578,67.46440124511719,1366300,2879.840087890625
2019-06-13,72.0999984741211,72.77999877929688,71.5199966430664,72.76000213623047,68.35499572753906,920600,2891.639892578125
2019-06-14,72.7300033569336,72.8499984741211,70.54000091552734,70.87999725341797,66.58880615234375,966800,2886.97998046875
2019-06-17,70.69000244140625,71.86000061035156,69.7699966430664,71.23999786376953,66.92701721191406,1008100,2889.669921875
2019-06-18,71.83999633789062,72.47000122070312,70.7300033569336,70.7699966430664,66.48546600341797,1230200,2917.75
2019-06-19,71.12000274658203,71.16999816894531,68.16999816894531,68.94000244140625,64.76624298095703,1805400,2926.4599609375
2019-06-20,69.91999816894531,70.18000030517578,68.19999694824219,69.48999786376953,65.282958984375,1999900,2954.179931640625
2019-06-21,69.01000213623047,69.12999725341797,67.25,68.33999633789062,64.20258331298828,1889800,2950.4599609375
2019-06-24,68.2699966430664,68.86000061035156,67.58000183105469,68.01000213623047,63.8925666809082,988000,2945.35009765625
2019-06-25,68.1500015258789,68.43000030517578,67.5199966430664,67.79000091552734,63.68587875366211,1372700,2917.3798828125
2019-06-26,68.22000122070312,69.4000015258789,68.01000213623047,69.16000366210938,64.97293090820312,1252100,2913.780029296875
2019-06-27,69.61000061035156,70.97000122070312,69.44000244140625,69.5199966430664,65.31114959716797,778900,2924.919921875
2019-06-28,70.0,70.93000030517578,68.37000274658203,70.41000366210938,66.14727020263672,2059500,2941.760009765625
2019-07-01,71.19999694824219,71.79000091552734,69.73999786376953,70.33000183105469,66.07210540771484,932000,2964.330078125
2019-07-02,70.68000030517578,70.68000030517578,69.4000015258789,69.87000274658203,65.63996124267578,682500,2973.010009765625
2019-07-03,70.19000244140625,71.5999984741211,69.87000274658203,71.54000091552734,67.20883178710938,626300,2995.820068359375
2019-07-05,71.25,71.33000183105469,69.97000122070312,70.51000213623047,66.24121856689453,732900,2990.409912109375
2019-07-08,70.43000030517578,71.12000274658203,69.55000305175781,70.19000244140625,65.9405746459961,787900,2975.949951171875
2019-07-09,69.75,70.63999938964844,69.52999877929688,70.62000274658203,66.34456634521484,926300,2979.6298828125
2019-07-10,70.93000030517578,70.93000030517578,69.80999755859375,70.48999786376953,66.222412109375,1376500,2993.070068359375
2019-07-11,70.3499984741211,70.91999816894531,70.12000274658203,70.58000183105469,66.3069839477539,813300,2999.909912109375
2019-07-12,70.80000305175781,72.80999755859375,70.55999755859375,72.62999725341797,68.23284912109375,1272600,3013.77001953125
2019-07-15,72.83999633789062,73.01000213623047,71.05999755859375,72.41999816894531,68.03557586669922,975400,3014.300048828125
2019-07-16,72.0,73.2300033569336,71.47000122070312,73.05000305175781,68.62742614746094,1188200,3004.0400390625
2019-07-17,73.0199966430664,73.05000305175781,71.7300033569336,72.63999938964844,68.24224853515625,1101700,2984.419921875
2019-07-18,72.4800033569336,73.4000015258789,72.37999725341797,73.0,68.58045959472656,736700,2995.110107421875
2019-07-19,73.26000213623047,75.16999816894531,73.01000213623047,74.47000122070312,69.96146392822266,1455300,2976.610107421875
2019-07-22,74.55000305175781,75.33000183105469,73.08000183105469,73.18000030517578,68.74957275390625,1548900,2985.030029296875
2019-07-23,73.76000213623047,74.79000091552734,73.26000213623047,74.58000183105469,70.06481170654297,818700,3005.469970703125
2019-07-24,74.3499984741211,75.91999816894531,74.06999969482422,75.52999877929688,70.95729064941406,856800,3019.56005859375
2019-07-25,74.91999816894531,75.05999755859375,73.94000244140625,74.61000061035156,70.09300231933594,781300,3003.669921875
2019-07-26,74.61000061035156,75.02999877929688,73.37000274658203,74.58000183105469,70.06481170654297,930600,3025.860107421875
2019-07-29,74.37000274658203,74.66000366210938,72.9800033569336,73.08999633789062,68.66502380371094,1074900,3020.969970703125
2019-07-30,72.66999816894531,73.80000305175781,72.05999755859375,73.5999984741211,69.14413452148438,1056200,3013.179931640625
2019-07-31,73.4800033569336,74.3499984741211,72.37999725341797,72.95999908447266,68.54289245605469,1361500,2980.3798828125
2019-08-01,72.55000305175781,73.38999938964844,69.16999816894531,69.58999633789062,65.37689971923828,1568800,2953.56005859375
2019-08-02,68.98999786376953,70.05000305175781,67.44000244140625,68.68000030517578,64.5219955444336,1457500,2932.050048828125
2019-08-05,67.19999694824219,67.19999694824219,64.3499984741211,65.41000366210938,61.449974060058594,2421400,2844.739990234375
2019-08-06,65.80000305175781,66.0,64.0999984741211,65.44999694824219,61.487552642822266,1731500,2881.77001953125
2019-08-07,64.5999984741211,68.01000213623047,64.51000213623047,67.58999633789062,63.49800109863281,2620800,2883.97998046875
2019-08-08,74.70999908447266,74.93000030517578,69.69000244140625,73.48999786376953,69.04080963134766,4385400,2938.090087890625
2019-08-09,71.9000015258789,72.33000183105469,69.4000015258789,70.25,65.9969253540039,2188000,2918.64990234375
2019-08-12,69.80000305175781,70.0199966430664,67.05999755859375,67.37999725341797,63.300689697265625,1516600,2882.699951171875
2019-08-13,67.4000015258789,71.18000030517578,66.80000305175781,68.44999694824219,64.30592346191406,1597200,2926.320068359375
2019-08-14,66.45999908447266,66.94999694824219,64.01000213623047,64.29000091552734,60.39778518676758,2087400,2840.60009765625
2019-08-15,64.33999633789062,64.33999633789062,61.2400016784668,61.65999984741211,57.92700958251953,2688300,2847.60009765625
2019-08-16,62.27999877929688,64.33999633789062,61.2400016784668,63.09000015258789,59.27043151855469,1666700,2888.679931640625
2019-08-19,64.20999908447266,65.33000183105469,63.93999862670898,64.91999816894531,60.98963928222656,1388200,2923.64990234375
2019-08-20,64.44999694824219,64.68000030517578,63.709999084472656,64.16999816894531,60.28504180908203,1091500,2900.510009765625
2019-08-21,65.31999969482422,66.29000091552734,64.69999694824219,65.91000366210938,61.919708251953125,1003800,2924.429931640625
2019-08-22,64.70999908447266,65.12000274658203,62.68999862670898,63.220001220703125,59.3925666809082,1850400,2922.949951171875
2019-08-23,62.56999969482422,62.68999862670898,59.709999084472656,59.95000076293945,56.32052993774414,1778100,2847.110107421875
2019-08-26,60.84999847412109,61.459999084472656,60.15999984741211,60.810001373291016,57.12847137451172,805200,2878.3798828125
2019-08-27,61.43000030517578,61.43999862670898,59.130001068115234,59.29999923706055,55.70988082885742,1066600,2869.159912109375
2019-08-28,59.060001373291016,59.7400016784668,58.630001068115234,59.31999969482422,55.72867202758789,2283800,2887.93994140625
2019-08-29,60.58000183105469,61.40999984741211,60.09999847412109,60.4900016784668,56.82783889770508,2307100,2924.580078125
2019-08-30,61.290000915527344,63.27000045776367,61.290000915527344,61.72999954223633,57.99277114868164,1403500,2926.4599609375
2019-09-03,61.0,61.0,59.5099983215332,60.22999954223633,56.58358001708984,1372100,2906.27001953125
2019-09-04,61.59999847412109,61.97999954223633,60.86000061035156,61.310001373291016,57.59820175170898,898800,2937.780029296875
2019-09-05,62.33000183105469,63.40999984741211,62.33000183105469,62.970001220703125,59.15770721435547,1854400,2976.0
2019-09-06,63.040000915527344,63.77999877929688,61.93000030517578,63.22999954223633,59.40196228027344,1023700,2978.7099609375
2019-09-09,63.4900016784668,65.44000244140625,63.27999877929688,65.36000061035156,61.40299987792969,1216400,2978.429931640625
2019-09-10,65.48999786376953,68.5,65.48999786376953,68.27999877929688,64.14622497558594,2358000,2979.389892578125
2019-09-11,68.80000305175781,69.37999725341797,67.19999694824219,69.25,65.0574951171875,1839300,3000.929931640625
2019-09-12,69.19999694824219,69.95999908447266,67.81999969482422,69.27999877929688,65.43340301513672,986700,3009.570068359375
2019-09-13,69.88999938964844,70.41000366210938,68.19999694824219,69.27999877929688,65.43340301513672,1169900,3007.389892578125
2019-09-16,68.91999816894531,69.79000091552734,68.63999938964844,68.83999633789062,65.01782989501953,1003000,2997.9599609375
2019-09-17,68.19000244140625,68.66000366210938,67.20999908447266,67.76000213623047,63.99781799316406,1120500,3005.699951171875
2019-09-18,67.3499984741211,68.27999877929688,66.52999877929688,67.4000015258789,63.65780258178711,1131000,3006.72998046875
2019-09-19,67.4000015258789,68.47000122070312,66.70999908447266,68.29000091552734,64.49835205078125,1238600,3006.7900390625
2019-09-20,68.66999816894531,70.41999816894531,68.52999877929688,68.86000061035156,65.0367202758789,2741900,2992.070068359375
2019-09-23,67.97000122070312,69.41000366210938,67.6500015258789,68.22000122070312,64.4322509765625,990400,2991.780029296875
2019-09-24,68.5,68.70999908447266,66.97000122070312,67.88999938964844,64.12059020996094,1382700,2966.60009765625
2019-09-25,67.81999969482422,68.51000213623047,67.38999938964844,68.30000305175781,64.5078125,999500,2984.8701171875
2019-09-26,68.0999984741211,68.12999725341797,66.76000213623047,67.19000244140625,63.45943832397461,989000,2977.6201171875
2019-09-27,67.37000274658203,68.22000122070312,66.7699966430664,68.13999938964844,64.356689453125,1667600,2961.7900390625
2019-09-30,68.25,69.87000274658203,67.98999786376953,69.5199966430664,65.66006469726562,1387800,2976.739990234375
2019-10-01,69.94999694824219,70.83999633789062,67.91000366210938,68.30999755859375,64.51722717285156,1721400,2940.25
2019-10-02,67.37999725341797,67.47000122070312,66.0999984741211,66.56999969482422,62.87386322021485,1202800,2887.610107421875
2019-10-03,66.05000305175781,67.2300033569336,64.9000015258789,67.2300033569336,63.49720764160156,1122100,2910.6298828125
2019-10-04,67.05000305175781,67.33999633789062,65.94000244140625,66.31999969482422,62.63774490356445,974100,2952.010009765625
2019-10-07,65.87999725341797,66.5,64.66999816894531,65.68000030517578,62.03327941894531,1073600,2938.7900390625
2019-10-08,65.0,65.0,63.459999084472656,63.70000076293945,60.16321563720703,1148000,2893.06005859375
2019-10-09,64.36000061035156,64.7300033569336,62.77000045776367,63.59999847412109,60.06876373291016,1144100,2919.39990234375
2019-10-10,64.01000213623047,65.79000091552734,63.790000915527344,65.45999908447266,61.82548522949219,1093100,2938.1298828125
2019-10-11,66.52999877929688,69.30000305175781,66.25,68.91000366210938,65.08394622802734,1318400,2970.27001953125
2019-10-14,68.2300033569336,68.58000183105469,67.37000274658203,67.55999755859375,63.808895111083984,1194500,2966.14990234375
2019-10-15,67.9000015258789,68.7300033569336,67.12999725341797,67.87000274658203,64.1016845703125,803200,2995.679931640625
2019-10-16,67.86000061035156,68.93000030517578,67.45999908447266,67.58000183105469,63.82778549194336,721600,2989.68994140625
2019-10-17,68.3499984741211,69.08999633789062,67.75,68.22000122070312,64.4322509765625,1062800,2997.949951171875
2019-10-18,68.2300033569336,68.73999786376953,67.11000061035156,67.12999725341797,63.40275955200195,908400,2986.199951171875
2019-10-21,67.91000366210938,68.18000030517578,66.80999755859375,67.23999786376953,63.50665664672852,1153100,3006.719970703125
2019-10-22,67.23999786376953,67.87000274658203,64.87999725341797,66.79000091552734,63.08164596557617,1271000,2995.989990234375
2019-10-23,67.38999938964844,68.16000366210938,66.94000244140625,67.45999908447266,63.71444320678711,766400,3004.52001953125
2019-10-24,68.16999816894531,69.68000030517578,68.05999755859375,69.44999694824219,65.59395599365234,1374200,3010.2900390625
2019-10-25,63.790000915527344,65.48999786376953,62.5,63.59000015258789,60.05931854248047,5988000,3022.550048828125
2019-10-28,62.75,64.58000183105469,62.59000015258789,63.7400016784668,60.20099639892578,2780700,3039.419921875
2019-10-29,63.45000076293945,64.4800033569336,62.75,63.02999877929688,59.53041076660156,2192200,3036.889892578125
2019-10-30,62.86000061035156,63.43999862670898,61.81999969482422,62.66999816894531,59.19038772583008,2227400,3046.77001953125
2019-10-31,62.310001373291016,62.5,60.20000076293945,60.7400016784668,57.36756896972656,2912300,3037.56005859375
2019-11-01,61.459999084472656,64.5,61.119998931884766,64.48999786376953,60.90935134887695,2339900,3066.909912109375
2019-11-04,65.16000366210938,67.76000213623047,65.0999984741211,67.69999694824219,63.94111251831055,2246900,3078.27001953125
2019-11-05,68.37000274658203,68.66000366210938,66.73999786376953,67.37000274658203,63.62944793701172,2004600,3074.6201171875
2019-11-06,66.79000091552734,67.83000183105469,66.22000122070312,66.72000122070312,63.01554107666016,2319200,3076.780029296875
2019-11-07,67.63999938964844,72.27999877929688,67.0,71.38999938964844,67.42623138427734,3003500,3085.179931640625
2019-11-08,69.4800033569336,69.58000183105469,66.20999908447266,67.9800033569336,64.20556640625,3410000,3093.080078125
2019-11-11,67.48999786376953,67.88999938964844,66.62000274658203,67.7300033569336,63.96945190429688,1164300,3087.010009765625
2019-11-12,67.0,67.8499984741211,64.9800033569336,65.30999755859375,61.68382263183594,1820100,3091.840087890625
2019-11-13,63.720001220703125,65.47000122070312,63.369998931884766,65.18000030517578,61.561031341552734,1554000,3094.0400390625
2019-11-14,64.37000274658203,65.58999633789062,64.02999877929688,65.54000091552734,61.90105056762695,1079200,3096.6298828125
2019-11-15,66.0999984741211,67.37000274658203,65.62000274658203,66.13999938964844,62.46773910522461,1028800,3120.4599609375
2019-11-18,66.12000274658203,67.36000061035156,65.23999786376953,67.0999984741211,63.37444305419922,1190100,3122.030029296875
2019-11-19,67.76000213623047,67.76000213623047,65.45999908447266,66.45999908447266,62.76996994018555,926100,3120.179931640625
2019-11-20,65.70999908447266,66.54000091552734,64.73999786376953,65.05000305175781,61.43825912475586,1496800,3108.4599609375
2019-11-21,65.29000091552734,66.23999786376953,64.52999877929688,65.12999725341797,61.51380920410156,1386700,3103.5400390625
2019-11-22,64.11000061035156,65.45999908447266,63.75,64.9000015258789,61.29658889770508,1147000,3110.2900390625
2019-11-25,65.11000061035156,65.9000015258789,64.66000366210938,65.13999938964844,61.52326202392578,1086300,3133.639892578125
2019-11-26,65.1500015258789,65.77999877929688,64.31999969482422,65.58999633789062,61.94826126098633,1417100,3140.52001953125
2019-11-27,65.7300033569336,65.94000244140625,64.73999786376953,65.5,61.86326599121094,930000,3153.6298828125
2019-11-29,65.31999969482422,65.8499984741211,64.91999816894531,65.37999725341797,61.74993515014648,440500,3140.97998046875
2019-12-02,65.66999816894531,66.81999969482422,64.97000122070312,65.04000091552734,61.428810119628906,1128200,3113.8701171875
2019-12-03,63.65999984741211,63.869998931884766,62.11000061035156,63.650001525878906,60.115997314453125,1559200,3093.199951171875
2019-12-04,64.19999694824219,65.19000244140625,62.88999938964844,62.91999816894531,59.426517486572266,1550100,3112.760009765625
2019-12-05,63.27000045776367,63.970001220703125,62.61000061035156,63.68000030517578,60.14432144165039,1379600,3117.429931640625
2019-12-06,64.29000091552734,64.9000015258789,63.619998931884766,64.30000305175781,60.72990036010742,1195900,3145.909912109375
2019-12-09,64.25,65.5,64.0,64.72000122070312,61.1265869140625,908900,3135.9599609375
2019-12-10,64.61000061035156,65.5199966430664,64.11000061035156,65.30000305175781,61.67437362670898,1020600,3132.52001953125
2019-12-11,65.33999633789062,66.05999755859375,65.01000213623047,65.66999816894531,62.02383041381836,1034600,3141.6298828125
2019-12-12,65.69999694824219,68.19999694824219,65.5999984741211,68.0199966430664,64.60538482666016,1771700,3168.570068359375
2019-12-13,68.2699966430664,68.44000244140625,66.31999969482422,66.62999725341797,63.28516387939453,1536000,3168.800048828125
2019-12-16,67.55999755859375,67.88999938964844,66.0,66.19999694824219,62.87675094604492,1431800,3191.449951171875
2019-12-17,66.30000305175781,68.95999908447266,66.0,68.7699966430664,65.31774139404297,1525600,3192.52001953125
2019-12-18,68.9000015258789,69.54000091552734,68.58000183105469,68.9000015258789,65.44121551513672,1382100,3191.139892578125
2019-12-19,69.0,70.44000244140625,68.27999877929688,69.44999694824219,65.96359252929688,1945900,3205.3701171875
2019-12-20,70.37000274658203,70.98999786376953,69.56999969482422,70.36000061035156,66.8279037475586,2492200,3221.219970703125
2019-12-23,70.36000061035156,72.66000366210938,69.66999816894531,72.43000030517578,68.79402160644531,2011200,3224.010009765625
2019-12-24,72.41000366210938,72.95999908447266,72.02999877929688,72.31999969482422,68.68954467773438,640700,3223.3798828125
2019-12-26,72.33000183105469,72.5,71.69999694824219,72.48999786376953,68.85099792480469,730300,3239.909912109375
2019-12-27,72.55999755859375,72.93000030517578,71.81999969482422,72.01000213623047,68.39510345458984,741600,3240.02001953125
2019-12-30,72.0999984741211,72.8499984741211,71.69999694824219,71.93000030517578,68.31910705566406,802200,3221.2900390625
2019-12-31,71.61000061035156,73.36000061035156,71.5,73.04000091552734,69.37338256835938,1016000,3230.780029296875
2020-01-02,73.5,73.87999725341797,72.19000244140625,72.61000061035156,68.9649658203125,1620800,3257.85009765625
2020-01-03,71.41000366210938,72.38999938964844,71.22000122070312,71.56999969482422,67.9771957397461,1337600,3234.85009765625
2020-01-06,71.0,72.16999816894531,70.19000244140625,71.48999786376953,67.90119171142578,1330000,3246.280029296875
2020-01-07,71.6500015258789,73.48999786376953,71.12999725341797,72.43000030517578,68.79402160644531,1574400,3237.179931640625
2020-01-08,70.5999984741211,71.5,69.61000061035156,71.18000030517578,67.60675811767578,2029500,3253.050048828125
2020-01-09,71.31999969482422,73.06999969482422,70.7300033569336,72.73999786376953,69.08843231201172,1301100,3274.699951171875
2020-01-10,73.01000213623047,73.83000183105469,71.8499984741211,72.0999984741211,68.4805679321289,1493300,3265.35009765625
2020-01-13,72.94999694824219,76.0,72.88999938964844,75.86000061035156,72.05182647705078,2668000,3288.1298828125
2020-01-14,76.22000122070312,78.87000274658203,75.5999984741211,78.18000030517578,74.25536346435547,3835800,3283.14990234375
2020-01-15,78.9000015258789,80.93000030517578,78.0,80.12000274658203,76.09796905517578,3101800,3289.2900390625
2020-01-16,80.36000061035156,81.5,78.51000213623047,80.41999816894531,76.3829116821289,2178700,3316.81005859375
2020-01-17,80.9800033569336,81.30000305175781,79.77999877929688,80.9000015258789,76.83881378173828,2151400,3329.6201171875
2020-01-21,80.79000091552734,81.41999816894531,80.58000183105469,81.31999969482422,77.23773956298828,2312700,3320.7900390625
2020-01-22,81.18000030517578,81.95999908447266,80.7699966430664,81.37999725341797,77.29470825195312,2138400,3321.75
2020-01-23,80.33000183105469,82.0999984741211,79.51000213623047,81.9000015258789,77.78861236572266,1654700,3325.5400390625
2020-01-24,82.0,82.12999725341797,80.37999725341797,81.18000030517578,77.1047592163086,1409600,3295.469970703125
2020-01-27,78.62999725341797,79.66000366210938,78.01000213623047,78.94000244140625,74.97721862792969,2060800,3243.6298828125
2020-01-28,79.69999694824219,81.22000122070312,79.51000213623047,80.19999694824219,76.17395782470703,1130900,3276.239990234375
2020-01-29,80.83000183105469,81.61000061035156,79.73999786376953,80.7300033569336,76.67735290527344,1084500,3273.39990234375
2020-01-30,80.08999633789062,80.9800033569336,79.37999725341797,80.77999877929688,76.72483825683594,1261400,3283.659912109375
2020-01-31,79.80000305175781,80.36000061035156,78.72000122070312,80.27999877929688,76.24992370605469,5676000,3225.52001953125
2020-02-03,80.79000091552734,81.27999877929688,79.72000122070312,80.79000091552734,76.73432922363281,2220200,3248.919921875
2020-02-04,82.5,91.93000030517578,82.41999816894531,90.43000030517578,85.8904037475586,4739800,3297.590087890625
2020-02-05,88.76000213623047,89.0,85.55000305175781,87.58000183105469,83.18347930908203,3418600,3334.68994140625
2020-02-06,87.56999969482422,87.98999786376953,85.54000091552734,86.94999694824219,82.58511352539062,1849600,3345.780029296875
2020-02-07,85.5199966430664,85.72000122070312,82.0999984741211,82.54000091552734,78.39647674560547,2337700,3327.7099609375
2020-02-10,83.11000061035156,84.69999694824219,83.11000061035156,83.25,79.07084655761719,1553700,3352.090087890625
2020-02-11,83.7699966430664,85.38999938964844,83.26000213623047,84.70999908447266,80.45755767822266,1311100,3357.75
2020-02-12,87.0199966430664,88.08999633789062,86.0999984741211,86.83000183105469,82.47113800048828,1311800,3379.449951171875
2020-02-13,85.94000244140625,88.66999816894531,85.0999984741211,87.93000030517578,83.51591491699219,1725100,3373.93994140625
2020-02-14,88.54000091552734,90.54000091552734,88.48999786376953,89.63999938964844,85.14005279541016,2105500,3380.159912109375
2020-02-18,88.79000091552734,89.58000183105469,86.69000244140625,88.69999694824219,84.24723815917969,1448800,3370.2900390625
2020-02-19,89.0,90.6999969482422,88.69000244140625,89.33999633789062,84.85514068603516,2041200,3386.14990234375
2020-02-20,89.0,99.4000015258789,88.3499984741211,94.30999755859376,89.57563018798828,4973600,3373.22998046875
2020-02-21,92.1500015258789,93.31999969482422,90.45999908447266,92.43000030517578,87.78998565673828,2263400,3337.75
2020-02-24,87.87000274658203,90.52999877929688,87.20999908447266,89.61000061035156,85.111572265625,1682200,3225.889892578125
2020-02-25,90.38999938964844,91.16999816894533,85.68000030517578,85.83000183105469,81.52130889892578,2195600,3128.2099609375
2020-02-26,85.19000244140625,87.77999877929688,84.30999755859375,85.6500015258789,81.3503646850586,1583900,3116.389892578125
2020-02-27,83.11000061035156,84.94000244140625,80.73999786376953,80.80000305175781,76.74385070800781,2530000,2978.760009765625
2020-02-28,78.11000061035156,82.0,76.66999816894531,81.8499984741211,77.74112701416016,2580200,2954.219970703125
2020-03-02,82.48999786376953,84.30000305175781,80.1500015258789,84.30000305175781,80.0681381225586,1661200,3090.22998046875
2020-03-03,83.70999908447266,85.23999786376953,80.87999725341797,82.79000091552734,78.6339340209961,1932300,3003.3701171875
2020-03-04,85.05999755859375,86.37000274658203,83.2699966430664,86.2699966430664,81.93923950195312,1198000,3130.1201171875
2020-03-05,83.83000183105469,86.77999877929688,83.51000213623047,84.7699966430664,80.5145263671875,1490200,3023.93994140625
2020-03-06,82.36000061035156,83.95999908447266,80.63999938964844,82.5999984741211,78.4534683227539,1490700,2972.3701171875
2020-03-09,75.5,76.3499984741211,69.58999633789062,72.95999908447266,69.29740142822266,2627400,2746.56005859375
2020-03-10,77.11000061035156,77.62999725341797,72.22000122070312,75.19000244140625,71.41545867919922,2771400,2882.22998046875
2020-03-11,73.37999725341797,73.37999725341797,69.05999755859375,70.06999969482422,66.55247497558594,2059300,2741.3798828125
2020-03-12,63.970001220703125,68.55999755859375,60.56999969482422,64.79000091552734,61.87752532958984,2619400,2480.639892578125
2020-03-13,69.45999908447266,69.77999877929688,62.119998931884766,68.01000213623047,64.9527816772461,2067800,2711.02001953125
2020-03-16,61.34000015258789,63.02000045776367,58.93000030517578,58.959999084472656,56.30959701538086,2388300,2386.1298828125
2020-03-17,60.290000915527344,68.26000213623047,57.310001373291016,67.05999755859375,64.04548645019531,3062400,2529.18994140625
2020-03-18,62.40999984741211,69.11000061035156,58.619998931884766,68.63999938964844,65.55445098876953,2762300,2398.10009765625
2020-03-19,66.55000305175781,67.83000183105469,60.25,61.93999862670898,59.1556282043457,2016200,2409.389892578125
2020-03-20,62.68000030517578,63.40999984741211,53.02000045776367,53.45000076293945,51.04728698730469,2963600,2304.919921875
2020-03-23,52.380001068115234,54.380001068115234,48.88999938964844,50.900001525878906,48.61191940307617,2507500,2237.39990234375
2020-03-24,53.88999938964844,57.869998931884766,53.04999923706055,56.02999877929688,53.51129913330078,1839500,2447.330078125
2020-03-25,56.38999938964844,63.86000061035156,55.380001068115234,60.02000045776367,57.32194137573242,2295600,2475.56005859375
2020-03-26,60.0,60.720001220703125,57.20000076293945,60.459999084472656,57.742164611816406,2245100,2630.070068359375
2020-03-27,58.0,58.0,54.75,55.02000045776367,52.54670715332031,2439600,2541.469970703125
2020-03-30,55.61000061035156,56.4900016784668,54.5099983215332,55.59999847412109,53.10064315795898,2045800,2626.64990234375
2020-03-31,55.52000045776367,57.72999954223633,55.11000061035156,56.369998931884766,53.83602142333984,2585900,2584.590087890625
2020-04-01,54.2599983215332,57.040000915527344,53.619998931884766,54.84000015258789,52.37480545043945,2253900,2470.5
2020-04-02,54.880001068115234,59.0099983215332,52.95000076293945,53.65999984741211,51.247840881347656,1911400,2526.89990234375
2020-04-03,53.630001068115234,55.380001068115234,52.68999862670898,52.70000076293945,50.33100128173828,1749700,2488.64990234375
2020-04-06,55.130001068115234,57.68000030517578,54.47999954223633,56.93000030517578,54.370849609375,1725800,2663.679931640625
2020-04-07,58.310001373291016,60.34999847412109,56.4900016784668,57.0,54.43770980834961,1952000,2659.409912109375
2020-04-08,57.61000061035156,62.43000030517578,57.31999969482422,61.81999969482422,59.04103469848633,1706000,2749.97998046875
2020-04-09,62.34999847412109,67.23999786376953,62.16999816894531,67.0199966430664,64.00726318359375,1775400,2789.820068359375
2020-04-13,66.77999877929688,67.3499984741211,61.66999816894531,63.310001373291016,60.464054107666016,1678600,2761.6298828125
2020-04-14,64.75,65.83999633789062,63.25,63.68000030517578,60.817420959472656,1068400,2846.06005859375
2020-04-15,61.43999862670898,61.720001220703125,57.86000061035156,58.25,55.63150787353516,1335900,2783.360107421875
2020-04-16,58.2599983215332,58.91999816894531,56.70000076293945,58.56999969482422,55.937129974365234,1618100,2799.550048828125
2020-04-17,60.58000183105469,62.790000915527344,60.5,61.470001220703125,58.706764221191406,1011000,2874.56005859375
2020-04-20,60.0,61.68000030517578,59.5,60.0,57.30284118652344,1270600,2823.159912109375
2020-04-21,58.5,59.2400016784668,57.709999084472656,57.86000061035156,55.259033203125,1381600,2736.56005859375
2020-04-22,58.959999084472656,60.08000183105469,58.59999847412109,59.45000076293945,56.77757263183594,684800,2799.31005859375
2020-04-23,60.66999816894531,62.25,60.2599983215332,60.65999984741211,57.93317413330078,816500,2797.800048828125
2020-04-24,61.11000061035156,61.959999084472656,59.68000030517578,61.52999877929688,58.76407241821289,1027100,2836.739990234375
2020-04-27,61.81999969482422,62.83000183105469,61.650001525878906,62.25,59.45170211791992,736800,2878.47998046875
2020-04-28,64.0,65.69999694824219,63.25,64.30999755859375,61.41909790039063,1087700,2863.389892578125
2020-04-29,64.05999755859375,66.37000274658203,64.05999755859375,64.66999816894531,61.76291275024414,1447900,2939.510009765625
2020-04-30,63.79999923706055,64.1500015258789,61.11000061035156,61.43000030517578,58.66856002807617,2007200,2912.429931640625
2020-05-01,60.5,60.5,56.93999862670898,57.43999862670898,54.8579216003418,1924900,2830.7099609375
2020-05-04,56.81999969482422,57.81999969482422,55.75,57.2599983215332,54.68601608276367,1275400,2842.739990234375
2020-05-05,58.369998931884766,60.34000015258789,58.310001373291016,58.470001220703125,55.84162521362305,1109000,2868.43994140625
2020-05-06,59.16999816894531,60.2400016784668,57.79999923706055,57.93000030517578,55.32590103149414,1885300,2848.419921875
2020-05-07,59.900001525878906,61.86000061035156,57.38999938964844,59.7400016784668,57.05453109741211,2206600,2881.18994140625
2020-05-08,60.630001068115234,64.5,60.20000076293945,64.25,61.36178970336914,1514500,2929.800048828125
2020-05-11,63.15999984741211,65.72000122070312,62.880001068115234,64.41000366210938,61.514610290527344,1471300,2930.18994140625
2020-05-12,63.0,63.709999084472656,59.0099983215332,59.2599983215332,56.59609603881836,1881900,2870.1201171875
2020-05-13,59.02000045776367,60.29999923706055,57.77000045776367,59.91999816894531,57.22643661499024,1770000,2820.0
2020-05-14,59.0,59.77999877929688,56.16999816894531,59.709999084472656,57.025875091552734,1333300,2852.5
2020-05-15,59.5,61.619998931884766,59.41999816894531,61.34999847412109,58.5921516418457,1428000,2863.699951171875
2020-05-18,64.0,65.31999969482422,63.25,63.93000030517578,61.05617904663086,1288900,2953.909912109375
2020-05-19,63.81999969482422,65.29000091552734,63.0,63.5099983215332,60.655052185058594,1329900,2922.93994140625
2020-05-20,65.19000244140625,68.61000061035156,65.01000213623047,68.13999938964844,65.07693481445312,1641500,2971.610107421875
2020-05-21,67.81999969482422,69.79000091552734,67.41000366210938,67.97000122070312,64.91456604003906,1428300,2948.510009765625
2020-05-22,67.80000305175781,68.41999816894531,66.87000274658203,68.11000061035156,65.04828643798828,825400,2955.449951171875
2020-05-26,70.66000366210938,75.75,70.51000213623047,74.93000030517578,71.56169891357422,2391600,2991.77001953125
2020-05-27,76.38999938964844,79.12999725341797,74.04000091552734,75.04000091552734,71.66675567626953,1592500,3036.1298828125
2020-05-28,76.4800033569336,78.43000030517578,75.55000305175781,75.93000030517578,72.5167465209961,1408600,3029.72998046875
2020-05-29,75.44999694824219,77.31999969482422,74.3499984741211,76.5199966430664,73.08023071289062,1589800,3044.31005859375
2020-06-01,76.66000366210938,78.5999984741211,76.5199966430664,77.41999816894531,73.93978118896484,1061900,3055.72998046875
2020-06-02,78.31999969482422,79.44000244140625,77.02999877929688,78.58999633789062,75.05716705322266,1268300,3080.820068359375
2020-06-03,79.62999725341797,80.95999908447266,78.8499984741211,78.94000244140625,75.39144897460938,1685100,3122.8701171875
2020-06-04,78.0,80.0,77.7300033569336,79.97000122070312,76.37516021728516,1493700,3112.35009765625
2020-06-05,81.72000122070312,84.97000122070312,80.77999877929688,84.30999755859375,80.5200424194336,1950000,3193.929931640625
2020-06-08,84.62000274658203,86.91000366210938,84.25,86.73999786376953,82.8408203125,1304100,3232.389892578125
2020-06-09,85.0,86.0,84.06999969482422,85.0,81.17902374267578,962300,3207.179931640625
2020-06-10,85.31999969482422,85.5999984741211,83.69999694824219,83.86000061035156,80.09027099609375,957900,3190.139892578125
2020-06-11,78.94999694824219,80.04000091552734,74.0199966430664,74.5199966430664,71.49836730957031,1656600,3002.10009765625
2020-06-12,78.0,78.66999816894531,75.36000061035156,77.31999969482422,74.18484497070312,1219900,3041.31005859375
2020-06-15,74.18000030517578,77.72000122070312,74.0,76.41000366210938,73.31173706054688,1134900,3066.590087890625
2020-06-16,79.7699966430664,80.30999755859375,77.26000213623047,79.2300033569336,76.01740264892578,1060000,3124.739990234375
2020-06-17,79.25,80.30000305175781,78.81999969482422,79.16999816894531,75.95983123779297,727000,3113.489990234375
2020-06-18,78.25,79.55000305175781,77.54000091552734,78.80999755859375,75.61442565917969,863700,3115.340087890625
2020-06-19,80.22000122070312,80.97000122070312,77.62999725341797,78.3499984741211,75.17308044433594,1243100,3097.739990234375
2020-06-22,75.51000213623047,76.93000030517578,74.66000366210938,75.77999877929688,72.7072982788086,1023200,3117.860107421875
2020-06-23,76.83999633789062,77.20999908447266,76.01000213623047,76.12000274658203,73.03350067138672,781700,3131.2900390625
2020-06-24,75.41000366210938,75.41999816894531,72.38999938964844,73.31999969482422,70.34703063964844,965600,3050.330078125
2020-06-25,73.26000213623047,74.22000122070312,72.58999633789062,73.94999694824219,70.9515151977539,727200,3083.760009765625
2020-06-26,74.93000030517578,75.83000183105469,73.19999694824219,74.63999938964844,71.61351776123047,1652200,3009.050048828125
2020-06-29,75.97000122070312,77.37000274658203,75.02999877929688,76.33000183105469,73.23497772216797,843100,3053.239990234375
2020-06-30,75.80999755859375,77.55999755859375,75.73999786376953,77.20999908447266,74.07930755615234,1033100,3100.2900390625
2020-07-01,76.94999694824219,77.66999816894531,75.2699966430664,76.05999755859375,72.9759292602539,891600,3115.860107421875
2020-07-02,77.66999816894531,79.63999938964844,77.63999938964844,78.55999755859375,75.37456512451172,886000,3130.010009765625
2020-07-06,80.0,81.30000305175781,79.38999938964844,81.22000122070312,77.92670440673828,1045200,3179.719970703125
2020-07-07,80.26000213623047,80.44000244140625,77.62000274658203,78.0,74.83727264404297,1281300,3145.320068359375
2020-07-08,77.93000030517578,79.73999786376953,76.44999694824219,77.94999694824219,74.78929901123047,1351200,3169.93994140625
2020-07-09,78.19000244140625,78.19000244140625,74.77999877929688,75.75,72.67852020263672,1154300,3152.050048828125
2020-07-10,76.0,79.04000091552734,75.33999633789062,78.88999938964844,75.6911849975586,1071800,3185.0400390625
2020-07-13,80.30000305175781,84.45999908447266,80.1500015258789,81.55999755859375,78.25292205810547,2213100,3155.219970703125
2020-07-14,81.55999755859375,84.36000061035156,80.91999816894531,84.1500015258789,80.73789978027344,1353700,3197.52001953125
2020-07-15,85.87999725341797,86.83000183105469,85.1500015258789,86.5999984741211,83.08856201171875,1385100,3226.56005859375
2020-07-16,86.30999755859375,86.7699966430664,85.44000244140625,86.44999694824219,82.94463348388672,852600,3215.570068359375
2020-07-17,87.0,89.62000274658203,86.93000030517578,88.45999908447266,84.87313079833984,1360300,3224.72998046875
2020-07-20,88.75,89.16999816894531,86.6500015258789,87.04000091552734,83.51073455810547,816800,3251.840087890625
2020-07-21,87.56999969482422,88.12999725341797,87.02999877929688,87.18000030517578,83.64503479003906,821300,3257.300048828125
2020-07-22,87.19999694824219,88.38999938964844,86.66999816894531,87.69000244140625,84.13436126708984,726100,3276.02001953125
2020-07-23,87.76000213623047,89.41000366210938,86.97000122070312,87.93000030517578,84.36463165283203,756600,3235.659912109375
2020-07-24,87.0,87.91999816894531,86.19999694824219,87.04000091552734,83.51073455810547,586000,3215.6298828125
2020-07-27,85.5199966430664,86.11000061035156,83.8499984741211,85.77999877929688,82.30181884765625,1164900,3239.409912109375
2020-07-28,85.30000305175781,85.79000091552734,83.61000061035156,83.69999694824219,80.30615234375,883600,3218.43994140625
2020-07-29,84.58999633789062,84.58999633789062,81.95999908447266,83.83000183105469,80.43089294433594,1161800,3258.43994140625
2020-07-30,82.47000122070312,83.88999938964844,81.05000305175781,83.0,79.6345443725586,900600,3246.219970703125
2020-07-31,82.61000061035156,82.95999908447266,80.5,82.45999908447266,79.11642456054688,2397900,3271.1201171875
2020-08-03,82.9800033569336,83.9000015258789,82.08999633789062,83.33000183105469,79.9511489868164,1124700,3294.610107421875
2020-08-04,83.11000061035156,87.04000091552734,82.38999938964844,85.33000183105469,81.87006378173828,1634100,3306.510009765625
2020-08-05,86.79000091552734,89.2300033569336,86.23999786376953,88.5999984741211,85.00747680664062,2177700,3327.77001953125
2020-08-06,86.63999938964844,87.80999755859375,82.31999969482422,83.33999633789062,79.96073913574219,2453400,3349.159912109375
2020-08-07,83.0,86.41999816894531,82.6500015258789,84.44000244140625,81.01615905761719,1236300,3351.280029296875
2020-08-10,85.44999694824219,87.27999877929688,85.16999816894531,87.22000122070312,83.68342590332031,810900,3360.469970703125
2020-08-11,88.62999725341797,92.77999877929688,88.5,92.4499969482422,88.70135498046875,1931300,3333.68994140625
2020-08-12,93.22000122070312,93.9000015258789,90.20999908447266,91.0199966430664,87.32933807373047,1070700,3380.35009765625
2020-08-13,90.41000366210938,92.13999938964844,89.5999984741211,91.5999984741211,87.88582611083984,1008000,3373.429931640625
2020-08-14,91.31999969482422,92.5999984741211,90.97000122070312,92.38999938964844,88.64379119873047,838200,3372.85009765625
2020-08-17,92.72000122070312,93.27999877929688,91.36000061035156,91.7699966430664,88.04893493652344,604500,3381.989990234375
2020-08-18,91.98999786376952,93.0199966430664,91.3499984741211,92.1999969482422,88.46147918701172,557400,3389.780029296875
2020-08-19,92.5,93.55999755859376,91.76000213623048,92.25,88.50947570800781,760800,3374.85009765625
2020-08-20,91.06999969482422,91.7300033569336,89.5999984741211,91.0500030517578,87.35813903808594,940900,3385.510009765625
2020-08-21,90.48999786376952,91.27999877929688,89.12000274658203,89.73999786376953,86.10124206542969,885200,3397.159912109375
2020-08-24,90.75,92.0,89.61000061035156,91.9800033569336,88.25041198730469,668900,3431.280029296875
2020-08-25,92.0500030517578,92.73999786376952,90.69000244140624,91.08999633789062,87.396484375,420500,3443.6201171875
2020-08-26,92.12999725341795,92.37999725341795,91.31999969482422,91.9000015258789,88.17366790771484,653200,3478.72998046875
2020-08-27,92.16999816894533,92.83999633789062,90.02999877929688,91.12999725341795,87.43487548828125,474500,3484.550048828125
2020-08-28,91.12999725341795,92.37000274658205,90.47000122070312,92.31999969482422,88.57662963867188,412000,3508.010009765625
2020-08-31,92.3000030517578,93.41000366210938,90.91000366210938,91.01000213623048,87.31974792480469,718500,3500.31005859375
2020-09-01,91.0999984741211,97.43000030517578,90.04000091552734,97.38999938964844,93.44104766845705,1561100,3526.64990234375
2020-09-02,97.0,99.80999755859376,96.75,99.6500015258789,95.6094207763672,1311100,3580.840087890625
2020-09-03,98.8499984741211,99.61000061035156,91.73999786376952,93.18000030517578,89.40177154541016,1731400,3455.06005859375
2020-09-04,93.04000091552734,95.54000091552734,90.7699966430664,94.72000122070312,90.87931060791016,1100800,3426.9599609375
2020-09-08,93.0,95.0,92.12000274658205,93.13999938964844,89.3633804321289,835700,3331.840087890625
2020-09-09,94.3499984741211,96.75,94.02999877929688,95.41999816894533,91.5509262084961,643900,3398.9599609375
2020-09-10,95.61000061035156,96.45999908447266,93.48999786376952,93.5,89.70879364013672,667800,3339.18994140625
2020-09-11,94.63999938964844,96.08000183105467,93.8000030517578,94.95999908447266,91.1095962524414,650900,3340.969970703125
2020-09-14,95.87000274658205,98.70999908447266,95.1500015258789,98.16999816894533,94.1894073486328,671800,3383.5400390625
2020-09-15,99.0,100.30999755859376,98.33000183105467,98.38999938964844,94.40049743652344,1192300,3401.199951171875
2020-09-16,99.0,99.58999633789062,97.6999969482422,97.8000030517578,93.83443450927734,998300,3385.489990234375
2020-09-17,96.27999877929688,100.97000122070312,95.5199966430664,100.4499969482422,96.75788116455078,937100,3357.010009765625
2020-09-18,100.37999725341795,101.0,97.12999725341795,97.95999908447266,94.3593978881836,1337200,3319.469970703125
2020-09-21,96.38999938964844,96.38999938964844,90.5199966430664,95.12999725341795,91.6333999633789,1406500,3281.06005859375
2020-09-22,94.70999908447266,95.54000091552734,92.93000030517578,95.23999786376952,91.7393569946289,656600,3315.570068359375
2020-09-23,88.9800033569336,89.3499984741211,80.1500015258789,80.41999816894531,77.46408081054688,5194900,3236.919921875
2020-09-24,80.06999969482422,85.5999984741211,79.05999755859375,83.30999755859375,80.24785614013672,2368200,3246.590087890625
2020-09-25,82.9800033569336,85.25,82.54000091552734,84.5199966430664,81.41339874267578,1197800,3298.4599609375
2020-09-28,86.1500015258789,87.4000015258789,83.87999725341797,84.83999633789062,81.72163391113281,1433100,3351.60009765625
2020-09-29,84.94999694824219,87.62999725341797,84.77999877929688,86.86000061035156,83.6673812866211,1252900,3335.469970703125
2020-09-30,87.41000366210938,90.12999725341795,87.22000122070312,89.27999877929688,85.99842834472656,1369100,3363.0
2020-10-01,90.01000213623047,90.97000122070312,86.47000122070312,86.7300033569336,83.54216766357422,1371800,3380.800048828125
2020-10-02,85.44000244140625,91.08000183105467,84.56999969482422,89.29000091552734,86.00807189941406,1204200,3348.419921875
2020-10-05,91.26000213623048,95.88999938964844,91.13999938964844,94.76000213623048,91.27702331542967,1598300,3408.60009765625
2020-10-06,96.27999877929688,96.97000122070312,93.5199966430664,93.73999786376952,90.29450225830078,1381400,3360.969970703125
2020-10-07,96.0,97.98999786376952,95.5999984741211,96.69000244140624,93.13606262207033,1129100,3419.43994140625
2020-10-08,98.12000274658205,98.37000274658205,95.95999908447266,96.9499969482422,93.38652801513672,1133500,3446.830078125
2020-10-09,98.0999984741211,99.12999725341795,95.66000366210938,96.02999877929688,92.50033569335938,767800,3477.139892578125
2020-10-12,96.7300033569336,96.7300033569336,94.6500015258789,94.94000244140624,91.4503936767578,798100,3534.219970703125
2020-10-13,94.3499984741211,95.58999633789062,93.91000366210938,95.13999938964844,91.6430435180664,863900,3511.929931640625
2020-10-14,92.76000213623048,95.33999633789062,91.8499984741211,94.58999633789062,91.11325073242188,1070500,3488.669921875
2020-10-15,92.98999786376952,94.75,91.8000030517578,94.3499984741211,90.88207244873048,923200,3483.340087890625
2020-10-16,95.12999725341795,95.83000183105467,93.4000015258789,93.41999816894533,89.98627471923828,655600,3483.81005859375
2020-10-19,93.33999633789062,94.51000213623048,92.22000122070312,92.56999969482422,89.1675033569336,641400,3426.919921875
2020-10-20,93.48999786376952,95.22000122070312,92.79000091552734,93.55999755859376,90.1211166381836,740600,3443.1201171875
2020-10-21,95.2699966430664,97.29000091552734,94.5999984741211,95.87000274658205,92.34622955322266,793400,3435.56005859375
2020-10-22,95.58000183105467,96.11000061035156,93.75,94.95999908447266,91.46967315673828,669300,3453.489990234375
2020-10-23,95.87000274658205,97.4499969482422,95.3499984741211,96.4800033569336,92.9338150024414,669200,3465.389892578125
2020-10-26,94.77999877929688,94.77999877929688,92.83999633789062,94.4800033569336,91.00730895996094,952300,3400.969970703125
2020-10-27,95.33999633789062,96.87000274658205,94.75,95.18000030517578,91.68157958984376,987800,3390.679931640625
2020-10-28,92.30999755859376,93.83999633789062,90.06999969482422,90.77999877929688,87.44329071044922,982100,3271.030029296875
2020-10-29,90.5,94.56999969482422,90.2300033569336,93.7699966430664,90.3233871459961,819600,3310.110107421875
2020-10-30,92.94000244140624,94.05999755859376,90.86000061035156,93.20999908447266,89.7839584350586,1275000,3269.9599609375
2020-11-02,94.73999786376952,97.8499984741211,93.79000091552734,96.83999633789062,93.28054809570312,924900,3310.239990234375
2020-11-03,96.75,98.27999877929688,96.33999633789062,97.62000274658205,94.03189849853516,971900,3369.159912109375
2020-11-04,97.5199966430664,97.5199966430664,93.0999984741211,93.43000030517578,89.99590301513672,1656900,3443.43994140625
2020-11-05,96.0500030517578,106.33000183105467,93.0,105.5,101.62226104736328,3231500,3510.449951171875
2020-11-06,104.83000183105467,113.33000183105467,102.8000030517578,112.22000122070312,108.0952606201172,2609200,3509.43994140625
2020-11-09,114.9499969482422,120.80999755859376,114.8000030517578,116.7300033569336,112.4394760131836,2138400,3550.5
2020-11-10,116.0,118.3000030517578,113.06999969482422,117.93000030517578,113.59537506103516,1244200,3545.530029296875
2020-11-11,117.48999786376952,119.9800033569336,116.5,118.56999969482422,114.21185302734376,881900,3572.659912109375
2020-11-12,117.5,120.69000244140624,116.63999938964844,118.63999938964844,114.27928161621094,839200,3537.010009765625
2020-11-13,118.91999816894533,122.97000122070312,117.69000244140624,122.4800033569336,117.9781265258789,1014700,3585.14990234375
2020-11-16,123.0,129.14999389648438,123.0,128.9199981689453,124.18142700195312,1526100,3626.909912109375
2020-11-17,127.52999877929688,128.60000610351562,124.4000015258789,127.9499969482422,123.2470932006836,1904500,3609.530029296875
2020-11-18,127.9499969482422,130.2100067138672,126.52999877929688,126.54000091552734,121.888916015625,870800,3567.7900390625
2020-11-19,126.01000213623048,126.48999786376952,122.4499969482422,125.8000030517578,121.17610168457033,1138500,3581.8701171875
2020-11-20,126.0,128.5,125.5,127.88999938964844,123.18927764892578,748700,3557.5400390625
2020-11-23,129.3000030517578,134.75999450683594,129.02999877929688,134.05999755859375,129.1325225830078,1400100,3577.590087890625
2020-11-24,135.6699981689453,137.7100067138672,134.2899932861328,137.25999450683594,132.2148895263672,1428200,3635.409912109375
2020-11-25,135.1999969482422,136.4199981689453,133.24000549316406,134.72999572753906,129.7778778076172,1126200,3629.64990234375
2020-11-27,136.4199981689453,138.19000244140625,136.25999450683594,137.66000366210938,132.60018920898438,531400,3638.35009765625
2020-11-30,137.25,137.5,134.16000366210938,135.97000122070312,130.97232055664062,1096100,3621.6298828125
2020-12-01,137.5,138.19000244140625,134.82000732421875,135.8800048828125,130.88558959960938,1719800,3662.449951171875
2020-12-02,134.82000732421875,136.0,132.16000366210938,135.25,130.27874755859375,1576100,3669.010009765625
2020-12-03,135.32000732421875,136.22999572753906,130.75999450683594,131.72000122070312,126.87850952148438,1969300,3666.719970703125
2020-12-04,132.50999450683594,139.22999572753906,132.2100067138672,139.22000122070312,134.1028594970703,1157900,3699.1201171875
2020-12-07,139.44000244140625,141.0399932861328,138.10000610351562,140.0,134.85415649414062,1122100,3691.9599609375
2020-12-08,139.2100067138672,144.1199951171875,138.1999969482422,143.9499969482422,138.65896606445312,892700,3702.25
2020-12-09,144.08999633789062,146.11000061035156,140.6300048828125,142.5500030517578,137.3104705810547,1444400,3672.820068359375
2020-12-10,141.0,143.6999969482422,140.2100067138672,141.42999267578125,136.60055541992188,1102900,3668.10009765625
2020-12-11,140.14999389648438,141.94000244140625,136.61000061035156,138.64999389648438,133.91546630859375,962400,3663.4599609375
2020-12-14,140.55999755859375,141.0,134.25,134.57000732421875,129.9748077392578,1387300,3647.489990234375
2020-12-15,136.77000427246094,138.22000122070312,135.00999450683594,137.94000244140625,133.22972106933594,1211900,3694.6201171875
2020-12-16,138.69000244140625,139.99000549316406,135.52999877929688,135.77999877929688,131.14349365234375,908800,3701.169921875
2020-12-17,137.24000549316406,137.97000122070312,134.14999389648438,137.47999572753906,132.78543090820312,1127700,3722.47998046875
2020-12-18,137.5,139.2899932861328,137.0500030517578,138.89999389648438,134.1569061279297,2447400,3709.409912109375
2020-12-21,135.77999877929688,142.17999267578125,135.41000366210938,142.02000427246094,137.17039489746094,1180900,3694.919921875
2020-12-22,143.44000244140625,147.99000549316406,142.64999389648438,146.27000427246094,141.27525329589844,1294200,3687.260009765625
2020-12-23,147.85000610351562,152.82000732421875,147.25999450683594,149.91000366210938,144.79098510742188,1718100,3690.010009765625
2020-12-24,149.89999389648438,150.3699951171875,148.2899932861328,149.63999938964844,144.53018188476562,487400,3703.06005859375
2020-12-28,151.38999938964844,153.47999572753906,149.60000610351562,149.72000122070312,144.6074676513672,1228600,3735.360107421875
2020-12-29,149.47999572753906,149.91000366210938,144.74000549316406,146.22000122070312,141.2270050048828,1112800,3727.0400390625
2020-12-30,148.1699981689453,151.6300048828125,147.75999450683594,149.2899932861328,144.19212341308594,1041100,3732.0400390625
2020-12-31,148.75999450683594,149.3699951171875,146.80999755859375,147.52000427246094,142.48257446289062,779200,3756.070068359375
2021-01-04,152.89999389648438,156.75999450683594,150.2899932861328,152.6300048828125,147.41810607910156,2898700,3700.64990234375
2021-01-05,152.6699981689453,166.77999877929688,152.6699981689453,162.92999267578125,157.3664093017578,2628000,3726.860107421875
2021-01-06,165.5,178.58999633789062,165.5,175.10000610351562,169.1208038330078,3335500,3748.139892578125
2021-01-07,183.47999572753903,187.25,180.5500030517578,184.0,177.7169189453125,2947800,3803.7900390625
2021-01-08,184.4900054931641,186.92999267578125,178.66000366210938,184.1000061035156,177.81349182128906,1659400,3824.679931640625
2021-01-11,178.8000030517578,180.0,173.4199981689453,177.2899932861328,171.23602294921875,2940000,3799.610107421875
2021-01-12,177.2899932861328,183.13999938964844,176.5,182.5,176.26809692382812,1655200,3801.18994140625
2021-01-13,182.8999938964844,182.9900054931641,178.00999450683594,179.9199981689453,173.7762451171875,1481400,3809.840087890625
2021-01-14,180.5,184.08999633789065,180.5,182.3699951171875,176.14254760742188,1037800,3795.5400390625
2021-01-15,180.0,183.77999877929688,177.74000549316406,180.13999938964844,173.98867797851562,1196600,3768.25
2021-01-19,181.0,185.6300048828125,178.38999938964844,185.25,178.92420959472656,1520700,3798.909912109375
2021-01-20,187.50999450683597,188.3500061035156,179.3800048828125,180.19000244140625,174.03700256347656,1404400,3851.85009765625
2021-01-21,181.5,181.9900054931641,174.4199981689453,176.41000366210938,170.38609313964844,1321300,3853.070068359375
2021-01-22,173.24000549316406,174.8699951171875,171.1699981689453,173.7100067138672,167.7782745361328,2034500,3841.469970703125
2021-01-25,174.0,179.5,172.0800018310547,176.9199981689453,170.878662109375,1372300,3855.360107421875
2021-01-26,177.82000732421875,178.8300018310547,172.6300048828125,175.3800048828125,169.3912353515625,1406100,3849.6201171875
2021-01-27,170.25999450683594,170.60000610351562,161.36000061035156,168.85000610351562,163.084228515625,2907700,3750.77001953125
2021-01-28,170.6199951171875,171.14999389648438,163.8800048828125,166.3699951171875,160.6889190673828,1706500,3787.3798828125
2021-01-29,165.0800018310547,169.4600067138672,160.4199981689453,162.66000366210938,157.10562133789062,3133400,3714.239990234375
2021-02-01,165.77999877929688,167.89999389648438,163.30999755859375,166.3699951171875,160.6889190673828,1233900,3773.860107421875
2021-02-02,169.4499969482422,171.64999389648438,167.72000122070312,169.25,163.4705810546875,1177200,3826.31005859375
2021-02-03,166.5,171.1199951171875,160.41000366210938,161.8800048828125,156.3522186279297,2278800,3830.169921875
2021-02-04,152.94000244140625,156.5,151.63999938964844,154.89999389648438,149.61056518554688,8388900,3871.739990234375
2021-02-05,157.0,159.10000610351562,154.33999633789062,157.1699981689453,151.8030548095703,4970300,3886.830078125
2021-02-08,160.0,163.86000061035156,158.82000732421875,161.55999755859375,156.0431365966797,2523900,3915.590087890625
2021-02-09,160.36000061035156,161.27999877929688,155.80999755859375,158.69000244140625,153.27117919921875,1537600,3911.22998046875
2021-02-10,161.25999450683594,161.8000030517578,155.11000061035156,156.0500030517578,150.72134399414062,1485500,3909.8798828125
2021-02-11,156.08999633789062,160.4499969482422,154.52000427246094,159.85000610351562,154.39157104492188,1455000,3916.3798828125
2021-02-12,164.47000122070312,165.9499969482422,161.07000732421875,164.63999938964844,159.01795959472656,1590000,3934.830078125
2021-02-16,170.5,171.35000610351562,161.6699981689453,162.1999969482422,156.6613311767578,1869300,3932.590087890625
2021-02-17,162.6300048828125,162.75999450683594,154.33999633789062,157.47000122070312,152.0928192138672,2300400,3931.330078125
2021-02-18,150.47999572753906,151.25,140.72999572753906,141.4600067138672,136.62953186035156,4075000,3913.969970703125
2021-02-19,144.75999450683594,156.97999572753906,144.5,156.1699981689453,150.83721923828125,3729900,3906.7099609375
2021-02-22,154.13999938964844,159.8800048828125,153.60000610351562,156.49000549316406,151.1463165283203,2317400,3876.5
2021-02-23,150.2100067138672,155.25999450683594,141.13999938964844,154.6199951171875,149.3401336669922,2314500,3881.3701171875
2021-02-24,155.0,162.1300048828125,152.7899932861328,160.89999389648438,155.4057159423828,1816500,3925.429931640625
2021-02-25,161.47999572753906,162.89999389648438,151.91000366210938,153.47999572753906,148.23907470703125,1326300,3829.340087890625
2021-02-26,152.97999572753906,158.91000366210938,151.82000732421875,157.2100067138672,151.84173583984375,1718100,3811.14990234375
2021-03-01,160.0500030517578,161.27999877929688,151.5,152.9499969482422,147.72715759277344,2385400,3901.820068359375
2021-03-02,153.88999938964844,158.6300048828125,153.3699951171875,153.72000122070312,148.4708709716797,1321400,3870.2900390625
2021-03-03,153.91000366210938,154.69000244140625,146.72999572753906,147.0,141.98033142089844,1523100,3819.719970703125
2021-03-04,145.94000244140625,146.64999389648438,137.1199951171875,141.50999450683594,136.6778106689453,2915300,3768.469970703125
2021-03-05,144.27000427246094,144.5800018310547,133.82000732421875,143.8800048828125,138.9668731689453,1416700,3841.93994140625
2021-03-08,144.97000122070312,146.6999969482422,140.25,140.69000244140625,135.88580322265625,1322900,3821.35009765625
2021-03-09,143.9199981689453,148.3300018310547,142.3000030517578,145.77000427246094,140.7923583984375,1218900,3875.43994140625
2021-03-10,150.0,156.30999755859375,149.13999938964844,152.3000030517578,147.09939575195312,1937200,3898.81005859375
2021-03-11,156.3000030517578,162.0,154.24000549316406,161.27000427246094,156.16294860839844,1589700,3939.340087890625
2021-03-12,160.05999755859375,161.92999267578125,155.85000610351562,157.27999877929688,152.29928588867188,984800,3943.340087890625
2021-03-15,156.0800018310547,159.74000549316406,156.0800018310547,158.8300018310547,153.8002166748047,704300,3968.93994140625
2021-03-16,159.92999267578125,159.92999267578125,154.30999755859375,155.36000061035156,150.44009399414062,957600,3962.7099609375
2021-03-17,153.27000427246094,156.83999633789062,151.5800018310547,155.91000366210938,150.97267150878906,1014400,3974.1201171875
2021-03-18,155.47000122070312,158.5500030517578,152.41000366210938,152.52000427246094,147.69004821777344,1326800,3915.4599609375
2021-03-19,152.69000244140625,153.41000366210938,148.63999938964844,151.5,146.70236206054688,1670700,3913.10009765625
2021-03-22,151.60000610351562,153.0,148.75,152.14999389648438,147.33175659179688,740300,3940.590087890625
2021-03-23,150.82000732421875,152.0399932861328,145.42999267578125,146.47000122070312,141.83163452148438,765200,3910.52001953125
2021-03-24,148.02999877929688,151.10000610351562,146.55999755859375,146.6300048828125,141.98658752441406,1039800,3889.139892578125
2021-03-25,145.42999267578125,149.3000030517578,141.94000244140625,148.92999267578125,144.21371459960938,964200,3909.52001953125
2021-03-26,151.0,151.0,146.63999938964844,150.39999389648438,145.63719177246094,722500,3974.5400390625
2021-03-29,149.6199951171875,149.6199951171875,145.39999389648438,146.41000366210938,141.77354431152344,758800,3971.090087890625
2021-03-30,146.1999969482422,146.57000732421875,143.82000732421875,145.38999938964844,140.7858428955078,1348000,3958.550048828125
2021-03-31,147.1300048828125,148.47000122070312,145.6999969482422,146.11000061035156,141.48306274414062,1990000,3972.889892578125
2021-04-01,148.19000244140625,151.82000732421875,147.5399932861328,150.74000549316406,145.96641540527344,1126200,4019.8701171875
2021-04-05,153.47000122070312,153.83999633789062,149.0,150.22000122070312,145.46286010742188,776000,4077.909912109375
2021-04-06,149.50999450683594,153.6999969482422,149.0500030517578,152.88999938964844,148.04830932617188,888000,4073.93994140625
2021-04-07,152.58999633789062,152.88999938964844,143.25999450683594,143.6999969482422,139.14935302734375,1292200,4079.949951171875
2021-04-08,144.94000244140625,146.85000610351562,144.27000427246094,146.1699981689453,141.54112243652344,852600,4097.169921875
2021-04-09,146.1999969482422,147.5,144.82000732421875,147.32000732421875,142.6547393798828,638900,4128.7998046875
2021-04-12,147.35000610351562,148.3300018310547,145.63999938964844,147.7100067138672,143.0323944091797,793000,4127.990234375
2021-04-13,148.02999877929688,149.27000427246094,145.94000244140625,148.5800018310547,143.87481689453125,1061900,4141.58984375
2021-04-14,148.72999572753906,154.47999572753906,148.22999572753906,152.92999267578125,148.0870819091797,1104600,4124.66015625
2021-04-15,154.02999877929688,154.32000732421875,149.11000061035156,150.50999450683594,145.7436981201172,1036700,4170.419921875
2021-04-16,151.83999633789062,153.0,150.89999389648438,152.02999877929688,147.215576171875,727900,4185.47021484375
2021-04-19,155.44000244140625,159.75999450683594,154.7899932861328,157.5,152.51231384277344,1259300,4163.259765625
2021-04-20,156.0500030517578,156.3300018310547,146.77999877929688,148.52000427246094,143.81674194335938,1072200,4134.93994140625
2021-04-21,147.86000061035156,153.13999938964844,146.52000427246094,153.0500030517578,148.20326232910156,690300,4173.419921875
2021-04-22,156.0,159.8699951171875,153.6300048828125,155.8000030517578,150.86618041992188,1417900,4134.97998046875
2021-04-23,156.0500030517578,167.86000061035156,154.6699981689453,161.22999572753906,156.12420654296875,1576800,4180.169921875
2021-04-26,162.75,171.9600067138672,162.0,170.57000732421875,165.16844177246094,1351300,4187.6201171875
2021-04-27,169.0,171.60000610351562,167.4600067138672,169.75,164.37440490722656,948800,4186.72021484375
2021-04-28,168.75,170.64999389648438,167.17999267578125,169.39999389648438,164.0354766845703,594000,4183.18017578125
2021-04-29,171.02999877929688,171.8699951171875,164.3699951171875,167.6199951171875,162.31182861328125,771700,4211.47021484375
2021-04-30,165.39999389648438,169.0500030517578,165.1999969482422,168.1699981689453,162.8444366455078,1372300,4181.169921875
2021-05-03,169.50999450683594,169.99000549316406,165.47000122070312,165.99000549316406,160.73348999023438,652000,4192.66015625
2021-05-04,163.50999450683594,163.9199981689453,158.5399932861328,162.11000061035156,156.9763641357422,949100,4164.66015625
2021-05-05,165.97999572753906,168.5800018310547,163.58999633789062,167.14999389648438,161.8567657470703,991400,4167.58984375
2021-05-06,157.74000549316406,159.1300048828125,150.0,152.85000610351562,148.00958251953125,2553600,4201.6201171875
2021-05-07,154.4600067138672,163.1300048828125,154.0,162.72000122070312,157.56703186035156,1115900,4232.60009765625
2021-05-10,163.38999938964844,165.13999938964844,159.19000244140625,159.47999572753906,154.42962646484375,1127000,4188.43017578125
2021-05-11,155.64999389648438,160.89999389648438,153.67999267578125,160.5,155.41734313964844,600900,4152.10009765625
2021-05-12,158.5,159.5,154.08999633789062,154.60000610351562,149.70419311523438,1022300,4063.0400390625
2021-05-13,158.0500030517578,160.72000122070312,155.25,157.69000244140625,152.69635009765625,681900,4112.5
2021-05-14,159.1300048828125,164.99000549316406,158.86000061035156,163.80999755859375,158.6225128173828,820200,4173.85009765625
2021-05-17,162.5,163.80999755859375,155.49000549316406,157.7899932861328,152.7931671142578,1032500,4163.2900390625
2021-05-18,158.9499969482422,161.89999389648438,156.9199981689453,159.35000610351562,154.3037567138672,904900,4127.830078125
2021-05-19,155.0,157.75,152.5800018310547,156.97999572753906,152.00880432128906,735800,4115.68017578125
2021-05-20,156.66000366210938,158.3000030517578,154.44000244140625,157.99000549316406,152.98683166503906,721700,4159.1201171875
2021-05-21,159.44000244140625,162.27000427246094,158.85000610351562,159.5800018310547,154.52647399902344,1082800,4155.85986328125
2021-05-24,160.5500030517578,160.8000030517578,154.22999572753906,159.58999633789062,154.53616333007812,553500,4197.0498046875
2021-05-25,160.44000244140625,161.77000427246094,157.47999572753906,158.02000427246094,153.0159149169922,801200,4188.1298828125
2021-05-26,158.02000427246094,162.24000549316406,157.97999572753906,162.1999969482422,157.06350708007812,573900,4195.990234375
2021-05-27,164.02000427246094,169.6999969482422,162.3699951171875,168.55999755859375,163.22210693359375,2357400,4200.8798828125
2021-05-28,168.49000549316406,169.16000366210938,165.22000122070312,167.0800018310547,161.7889404296875,749800,4204.10986328125
2021-06-01,170.0,173.7899932861328,169.5,171.42999267578125,166.00120544433594,1281300,4202.0400390625
2021-06-02,171.0399932861328,172.24000549316406,168.74000549316406,170.36000061035156,164.96510314941406,649900,4208.1201171875
2021-06-03,168.9499969482422,170.0,165.77999877929688,168.1699981689453,162.8444366455078,537600,4192.85009765625
2021-06-04,169.05999755859375,173.83999633789062,168.89999389648438,173.5399932861328,168.0443878173828,634100,4229.89013671875
2021-06-07,174.0,174.2100067138672,168.52999877929688,170.77999877929688,165.37181091308594,758600,4226.52001953125
2021-06-08,171.3000030517578,177.5800018310547,170.64999389648438,176.00999450683594,170.43614196777344,819800,4227.259765625
2021-06-09,175.3699951171875,176.07000732421875,173.47000122070312,174.3699951171875,168.84808349609375,914300,4219.5498046875
2021-06-10,174.2899932861328,174.2899932861328,167.33999633789062,167.77999877929688,162.8309783935547,786300,4239.18017578125
2021-06-11,168.9199981689453,170.38999938964844,167.55999755859375,170.17999267578125,165.16018676757812,680800,4247.43994140625
2021-06-14,169.6300048828125,170.38999938964844,167.2100067138672,168.33999633789062,163.3744659423828,473600,4255.14990234375
2021-06-15,168.5,168.72999572753906,162.9499969482422,166.02999877929688,161.13262939453125,998100,4246.58984375
2021-06-16,165.08999633789062,166.41000366210938,162.75999450683594,165.27999877929688,160.40472412109375,706100,4223.7001953125
2021-06-17,164.14999389648438,164.91000366210938,159.1699981689453,163.8699951171875,159.0363311767578,1231700,4221.85986328125
2021-06-18,160.4600067138672,162.64999389648438,157.82000732421875,157.97000122070312,153.31036376953125,1348200,4166.4501953125
2021-06-21,159.92999267578125,162.52000427246094,159.4499969482422,161.41000366210938,156.64889526367188,1026900,4224.7900390625
2021-06-22,161.39999389648438,162.4199981689453,158.9199981689453,161.5800018310547,156.8138885498047,803500,4246.43994140625
2021-06-23,162.67999267578125,165.85000610351562,162.67999267578125,163.6699981689453,158.84222412109375,701100,4241.83984375
2021-06-24,166.2899932861328,166.2899932861328,163.00999450683594,165.97000122070312,161.07440185546875,840600,4266.490234375
2021-06-25,167.94000244140625,169.86000061035156,166.10000610351562,166.77000427246094,161.85076904296875,1648700,4280.7001953125
2021-06-28,167.8300018310547,170.9499969482422,165.97000122070312,169.0500030517578,164.06353759765625,670700,4290.60986328125
2021-06-29,170.0,170.52999877929688,166.85000610351562,167.5399932861328,162.5980682373047,606000,4291.7998046875
2021-06-30,166.66000366210938,168.60000610351562,166.3699951171875,168.4600067138672,163.49093627929688,589300,4297.5
2021-07-01,170.0,172.24000549316406,169.3699951171875,172.02999877929688,166.9556121826172,677000,4319.93994140625
2021-07-02,172.13999938964844,172.52000427246094,169.88999938964844,170.64999389648438,165.61631774902344,501300,4352.33984375
2021-07-06,171.0,171.16000366210938,166.57000732421875,168.55999755859375,163.58798217773438,665800,4343.5400390625
2021-07-07,168.0,171.60000610351562,166.7899932861328,170.0399932861328,165.0243377685547,741100,4358.1298828125
2021-07-08,165.69000244140625,168.4499969482422,163.1999969482422,167.91000366210938,162.95718383789062,731500,4320.81982421875
2021-07-09,170.5,176.32000732421875,169.5,175.50999450683594,170.33294677734375,1314100,4369.5498046875
2021-07-12,176.7100067138672,192.7700042724609,176.00999450683594,187.4900054931641,181.9595947265625,3652500,4384.6298828125
2021-07-13,185.8999938964844,188.9900054931641,184.0500030517578,184.8600006103516,179.40716552734375,1098900,4369.2099609375
2021-07-14,185.5,190.52999877929688,181.33999633789065,182.5200042724609,177.13621520996094,1126600,4374.2998046875
2021-07-15,182.6499938964844,190.32000732421875,182.6499938964844,185.8300018310547,180.3485565185547,1478700,4360.02978515625
2021-07-16,187.0,188.94000244140625,179.4600067138672,180.66000366210935,175.33106994628906,978100,4327.16015625
2021-07-19,174.1999969482422,179.64999389648438,170.24000549316406,178.0800018310547,172.82713317871094,1756500,4258.490234375
2021-07-20,179.0,188.7100067138672,178.57000732421875,187.25,181.7266845703125,1268200,4323.06005859375
2021-07-21,194.0,198.3300018310547,189.22999572753903,190.22000122070312,184.60906982421875,1826100,4358.68994140625
2021-07-22,191.94000244140625,194.3300018310547,189.2899932861328,192.75999450683597,187.07415771484372,811300,4367.47998046875
2021-07-23,192.07000732421875,193.67999267578125,186.25,190.3500061035156,184.7352294921875,905500,4411.7900390625
2021-07-26,191.0,194.9199981689453,190.5200042724609,194.83999633789065,189.09280395507807,1038200,4422.2998046875
2021-07-27,191.57000732421875,191.9900054931641,184.9499969482422,188.9900054931641,183.4153594970703,1197000,4401.4599609375
2021-07-28,190.00999450683597,195.5,189.3800048828125,194.5399932861328,188.80162048339844,774900,4400.64013671875
2021-07-29,197.19000244140625,211.0,195.80999755859372,202.82000732421875,196.8374481201172,2550000,4419.14990234375
2021-07-30,202.82000732421875,207.58999633789065,201.50999450683597,206.0399932861328,199.96243286132807,1556400,4395.259765625
2021-08-02,208.3600006103516,208.9600067138672,204.6300048828125,206.8999938964844,200.79702758789065,1109900,4387.16015625
2021-08-03,204.7899932861328,207.80999755859372,201.5500030517578,206.97999572753903,200.87469482421875,1046900,4423.14990234375
2021-08-04,209.1000061035156,212.0399932861328,206.07000732421875,206.83999633789065,200.73883056640625,1153700,4402.66015625
2021-08-05,209.8600006103516,226.22000122070312,208.30999755859372,218.6199951171875,212.17135620117188,2505200,4429.10009765625
2021-08-06,221.0,227.38999938964844,215.0200042724609,226.7100067138672,220.0227203369141,1651300,4436.52001953125
2021-08-09,224.7100067138672,232.52999877929688,220.0800018310547,231.3800048828125,224.55499267578125,1425200,4432.35009765625
2021-08-10,232.3000030517578,242.00999450683597,232.3000030517578,239.02999877929688,231.97933959960935,1977900,4436.75
2021-08-11,240.0,242.07000732421875,227.7400054931641,235.9900054931641,229.02899169921875,1916300,4442.41015625
2021-08-12,235.6100006103516,237.55999755859372,230.4199981689453,236.5399932861328,229.562744140625,1089600,4460.830078125
2021-08-13,237.9600067138672,239.9600067138672,233.1499938964844,235.22000122070312,228.2817230224609,849200,4468.0
2021-08-16,232.4499969482422,232.4499969482422,221.3500061035156,225.8999938964844,219.2366180419922,2147800,4479.7099609375
2021-08-17,221.3800048828125,223.75,210.75999450683597,216.4499969482422,210.0653533935547,2133000,4448.080078125
2021-08-18,217.30999755859372,221.67999267578125,215.1499938964844,217.72999572753903,211.30755615234372,946100,4400.27001953125
2021-08-19,211.1000061035156,217.07000732421875,210.5200042724609,213.3500061035156,207.0568084716797,1361800,4405.7998046875
2021-08-20,213.82000732421875,220.50999450683597,213.72999572753903,219.67999267578125,213.20008850097656,1116800,4441.669921875
2021-08-23,225.1300048828125,230.2400054931641,222.57000732421875,227.94000244140625,221.21646118164065,1550100,4479.52978515625
2021-08-24,228.1300048828125,229.3000030517578,222.0500030517578,229.1999969482422,222.4392852783203,1208600,4486.22998046875
2021-08-25,229.5500030517578,240.5399932861328,227.5,234.1699981689453,227.26266479492188,1834600,4496.18994140625
2021-08-26,232.8999938964844,236.3999938964844,230.4499969482422,230.6999969482422,223.89501953125,908400,4470.0
2021-08-27,232.69000244140625,237.8500061035156,232.69000244140625,236.6499938964844,229.6695709228516,985000,4509.3701171875
2021-08-30,240.7100067138672,244.42999267578125,236.8800048828125,236.97999572753903,229.9897918701172,1119600,4528.7900390625
2021-08-31,237.00999450683597,237.1000061035156,230.5800018310547,236.7400054931641,229.75689697265625,833100,4522.68017578125
2021-09-01,236.7400054931641,241.3000030517578,233.66000366210935,239.1999969482422,232.1443023681641,924000,4524.08984375
2021-09-02,240.0,248.7100067138672,240.0,244.02999877929688,236.83184814453125,1092800,4536.9501953125
2021-09-03,243.4600067138672,245.5399932861328,239.66000366210935,241.8600006103516,234.7258758544922,860500,4535.43017578125
2021-09-07,241.0,241.8699951171875,238.13999938964844,238.77999877929688,231.73667907714844,1042300,4520.02978515625
2021-09-08,243.75,243.75,235.33999633789065,239.27999877929688,232.221923828125,1203200,4514.06982421875
2021-09-09,238.0,247.92999267578125,237.72999572753903,243.41000366210935,236.23016357421875,1172100,4493.27978515625
2021-09-10,249.83999633789065,253.1000061035156,240.97000122070312,241.1699981689453,234.05621337890625,1536200,4458.580078125
2021-09-13,242.92999267578125,243.25,222.4499969482422,229.1300048828125,222.37136840820312,2522900,4468.72998046875
2021-09-14,232.1999969482422,235.0,228.7400054931641,230.47000122070312,223.6717987060547,1322400,4443.0498046875
2021-09-15,230.55999755859372,236.6000061035156,230.41000366210935,233.97999572753903,227.0782928466797,1469300,4480.7001953125
2021-09-16,232.3000030517578,232.55999755859372,225.3500061035156,231.25,224.80352783203125,1323100,4473.75
2021-09-17,228.44000244140625,230.0,223.75,226.8500061035156,220.5261688232422,2097300,4432.990234375
2021-09-20,216.6499938964844,218.0,210.2400054931641,215.47999572753903,209.47311401367188,2246600,4357.72998046875
2021-09-21,218.63999938964844,220.3500061035156,213.52999877929688,216.4900054931641,210.45497131347656,1008900,4354.18994140625
2021-09-22,219.6999969482422,226.63999938964844,217.0200042724609,223.27999877929688,217.05567932128903,904500,4395.64013671875
2021-09-23,226.88999938964844,232.2400054931641,226.88999938964844,229.1499938964844,222.7620391845703,1055100,4448.97998046875
2021-09-24,227.88999938964844,229.6699981689453,224.72000122070312,226.3999938964844,220.08871459960935,704200,4455.47998046875
2021-09-27,225.9900054931641,226.67999267578125,220.02999877929688,222.25,216.0543670654297,843700,4443.10986328125
2021-09-28,219.00999450683597,219.94000244140625,215.05999755859372,216.4499969482422,210.4160614013672,984200,4352.6298828125
2021-09-29,218.80999755859372,220.9199981689453,216.3999938964844,218.97000122070312,212.8658142089844,740400,4359.4599609375
2021-09-30,223.63999938964844,228.8500061035156,218.83999633789065,218.97000122070312,212.8658142089844,1019700,4307.5400390625
2021-10-01,219.47000122070312,221.6300048828125,210.4900054931641,218.88999938964844,212.7880859375,1116200,4357.0400390625
2021-10-04,219.0,220.0500030517578,212.6100006103516,215.2100067138672,209.2106475830078,1015800,4300.4599609375
2021-10-05,217.0200042724609,223.82000732421875,215.1499938964844,222.38999938964844,216.19049072265625,1049600,4345.72021484375
2021-10-06,220.0,222.7700042724609,214.55999755859372,222.3699951171875,216.1710357666016,1005800,4363.5498046875
2021-10-07,226.0,226.94000244140625,221.8999938964844,222.3000030517578,216.1030120849609,641000,4399.759765625
2021-10-08,221.97999572753903,222.75999450683597,213.55999755859372,215.05999755859372,209.06483459472656,1260600,4391.33984375
2021-10-11,215.1000061035156,219.17999267578125,213.8999938964844,214.16000366210935,208.1899261474609,743100,4361.18994140625
2021-10-12,217.9600067138672,218.9499969482422,214.8699951171875,216.8699951171875,210.8243865966797,707300,4350.64990234375
2021-10-13,218.5,226.22000122070312,217.8999938964844,223.66000366210935,217.4251251220703,1016400,4363.7998046875
2021-10-14,225.0500030517578,232.3800048828125,225.0399932861328,231.3300018310547,224.8812561035156,1127900,4438.259765625
2021-10-15,233.58999633789065,234.5399932861328,228.6199951171875,228.7700042724609,222.3926544189453,908300,4471.3701171875
2021-10-18,227.83999633789065,237.8699951171875,227.5399932861328,236.91000366210935,230.30572509765625,1223100,4486.4599609375
2021-10-19,243.7700042724609,244.3600006103516,233.07000732421875,235.9499969482422,229.3724822998047,1069900,4519.6298828125
2021-10-20,238.38999938964844,238.9900054931641,232.6300048828125,235.1699981689453,228.6142578125,911700,4536.18994140625
2021-10-21,233.9199981689453,235.8000030517578,230.3999938964844,234.16000366210935,227.6324005126953,656500,4549.77978515625
2021-10-22,235.47999572753903,237.69000244140625,230.92999267578125,231.50999450683597,225.05625915527344,761800,4544.89990234375
2021-10-25,234.8999938964844,243.0,232.13999938964844,239.44000244140625,232.7652130126953,1600500,4566.47998046875
2021-10-26,239.44000244140625,242.1499938964844,234.0,236.16000366210935,229.57666015625,1121200,4574.7900390625
2021-10-27,236.6999969482422,238.63999938964844,230.6300048828125,231.75,225.28958129882807,1140400,4551.68017578125
2021-10-28,233.25999450683597,246.2100067138672,232.75,246.2100067138672,239.34649658203125,1569900,4596.419921875
2021-10-29,239.75,251.8000030517578,236.08999633789065,250.47000122070312,243.4877014160156,4261200,4605.3798828125
2021-11-01,256.0,259.17999267578125,249.58999633789065,255.8699951171875,248.73719787597656,1638100,4613.669921875
2021-11-02,256.0,260.989990234375,251.5500030517578,260.0199890136719,252.7714691162109,1631500,4630.64990234375
2021-11-03,258.489990234375,263.5,255.4900054931641,261.95001220703125,254.64773559570312,1172500,4660.56982421875
2021-11-04,273.7699890136719,276.0,264.04998779296875,272.6600036621094,265.0591125488281,1841800,4680.06005859375
2021-11-05,273.7900085449219,274.989990234375,267.4800109863281,272.510009765625,264.9133605957031,990800,4697.52978515625
2021-11-08,275.79998779296875,279.95001220703125,272.6199951171875,278.5199890136719,270.7557983398437,1234600,4701.7001953125
2021-11-09,280.0,282.8699951171875,271.07000732421875,274.57000732421875,266.9158630371094,1051000,4685.25
2021-11-10,269.8900146484375,274.0799865722656,263.57000732421875,265.75,258.3417358398437,1331100,4646.7099609375
2021-11-11,266.57000732421875,273.3800048828125,263.9599914550781,272.3099975585937,264.7189025878906,785700,4649.27001953125
2021-11-12,272.489990234375,276.6199951171875,270.1000061035156,276.3999938964844,268.69482421875,767700,4682.85009765625
2021-11-15,275.8299865722656,276.5299987792969,265.32000732421875,271.2900085449219,263.72735595703125,946100,4682.7998046875
2021-11-16,269.5599975585937,273.489990234375,267.0299987792969,272.4700012207031,264.8744506835937,674400,4700.89990234375
2021-11-17,273.20001220703125,275.8999938964844,270.25,273.3900146484375,265.768798828125,603300,4688.669921875
2021-11-18,277.0,278.239990234375,269.5899963378906,274.6600036621094,267.00341796875,823400,4704.5400390625
2021-11-19,274.04998779296875,282.54998779296875,272.8800048828125,281.42999267578125,273.58465576171875,1028800,4697.9599609375
2021-11-22,287.260009765625,291.4800109863281,281.1000061035156,283.79998779296875,275.8886108398437,2346100,4682.93994140625
2021-11-23,282.0,286.489990234375,271.0400085449219,275.1600036621094,267.4894714355469,1329500,4690.7001953125
2021-11-24,272.2799987792969,275.0,267.1099853515625,274.4800109863281,266.8283996582031,974400,4701.4599609375
2021-11-26,265.0,269.67999267578125,262.8399963378906,266.8500061035156,259.4110717773437,884300,4594.6201171875
2021-11-29,271.2900085449219,277.4700012207031,268.20001220703125,275.8900146484375,268.1991271972656,1004800,4655.27001953125
2021-11-30,275.0,277.5899963378906,264.29998779296875,266.489990234375,259.0611572265625,1377500,4567.0
2021-12-01,270.010009765625,276.0,259.79998779296875,259.8500061035156,252.6062469482422,1247400,4513.0400390625
2021-12-02,261.0,264.8999938964844,255.3500061035156,261.3900146484375,254.1032867431641,1204300,4577.10009765625
2021-12-03,262.260009765625,267.8099975585937,247.1199951171875,251.47000122070312,244.4598388671875,1623500,4538.43017578125
2021-12-06,251.9499969482422,252.69000244140625,239.1100006103516,248.5399932861328,241.6115264892578,1036000,4591.669921875
2021-12-07,253.25999450683597,263.19000244140625,253.25999450683597,259.5299987792969,252.295166015625,888200,4686.75
2021-12-08,261.0,265.8599853515625,258.69000244140625,264.6400146484375,257.2627258300781,832600,4701.2099609375
2021-12-09,261.44000244140625,266.489990234375,257.29998779296875,257.4700012207031,250.2925720214844,682200,4667.4501953125
2021-12-10,260.510009765625,263.5599975585937,257.2200012207031,262.8699951171875,255.5420379638672,667500,4712.02001953125
2021-12-13,263.0,263.0799865722656,247.9499969482422,248.8000030517578,241.86427307128903,1101600,4668.97021484375
2021-12-14,245.94000244140625,247.6499938964844,239.7100067138672,243.8300018310547,237.0328063964844,1207700,4634.08984375
2021-12-15,229.32000732421875,240.47999572753903,226.94000244140625,239.7899932861328,233.10543823242188,1854800,4709.85009765625
2021-12-16,242.69000244140625,243.0,228.3999938964844,230.9199981689453,224.84841918945312,1470100,4668.669921875
2021-12-17,227.07000732421875,232.5200042724609,222.25999450683597,229.8699951171875,223.8260040283203,2350400,4620.64013671875
2021-12-20,220.1100006103516,223.1699981689453,215.67999267578125,218.1300048828125,212.39471435546875,1703200,4568.02001953125
2021-12-21,222.4199981689453,225.0,219.7700042724609,224.1499938964844,218.2563934326172,805800,4649.22998046875
2021-12-22,224.0,228.92999267578125,223.4199981689453,225.22999572753903,219.3080139160156,779100,4696.56005859375
2021-12-23,225.69000244140625,229.47999572753903,223.1699981689453,227.8999938964844,221.90782165527344,810000,4725.7900390625
2021-12-27,229.5399932861328,233.33999633789065,227.5,233.1000061035156,226.9710998535156,593400,4791.18994140625
2021-12-28,236.1100006103516,236.7100067138672,231.0200042724609,232.8000030517578,226.678955078125,704600,4786.35009765625
2021-12-29,231.5,232.91000366210935,227.07000732421875,232.52999877929688,226.4160614013672,573800,4793.06005859375
2021-12-30,231.0,237.22000122070312,231.0,234.3500061035156,228.18826293945312,610200,4778.72998046875
2021-12-31,234.00999450683597,237.1300048828125,233.47000122070312,233.7700042724609,227.62347412109372,380300,4766.18017578125
2022-01-03,236.72999572753903,239.0500030517578,229.3999938964844,236.6699981689453,230.4471893310547,1130500,4796.56005859375
2022-01-04,239.0200042724609,247.9499969482422,238.47000122070312,242.5800018310547,236.2018585205078,1142500,4793.5400390625
2022-01-05,240.0,247.42999267578125,235.3800048828125,235.63999938964844,229.4443206787109,1072100,4700.580078125
2022-01-06,234.0,235.6699981689453,227.1699981689453,233.3800048828125,227.2437438964844,1002400,4696.0498046875
2022-01-07,234.00999450683597,238.8699951171875,231.72999572753903,236.0200042724609,229.8143310546875,795700,4677.02978515625
2022-01-10,231.0,233.0,220.0800018310547,226.97000122070312,221.00228881835935,1105400,4670.2900390625
2022-01-11,227.66000366210935,240.8999938964844,227.1499938964844,240.1699981689453,233.85520935058597,987000,4713.06982421875
2022-01-12,245.0,248.0,239.57000732421875,241.07000732421875,234.7315368652344,1143300,4726.35009765625
2022-01-13,242.9600067138672,246.7899932861328,234.5200042724609,235.22999572753903,229.0450592041016,610700,4659.02978515625
2022-01-14,232.0,235.8800048828125,228.92999267578125,233.6699981689453,227.526123046875,557100,4662.85009765625
2022-01-18,230.97000122070312,232.2700042724609,224.32000732421875,226.3000030517578,220.3498992919922,773900,4577.10986328125
2022-01-19,227.82000732421875,229.19000244140625,219.5800018310547,219.69000244140625,213.91368103027344,705600,4532.759765625
2022-01-20,220.69000244140625,227.2700042724609,214.8000030517578,217.1499938964844,211.44046020507807,1190800,4482.72998046875
2022-01-21,214.0399932861328,219.4900054931641,207.7400054931641,212.75,207.1561584472656,1345200,4397.93994140625
2022-01-24,205.9600067138672,212.77999877929688,197.13999938964844,211.9199981689453,206.3479766845703,1994700,4410.1298828125
2022-01-25,208.1100006103516,210.83999633789065,204.13999938964844,206.00999450683597,200.5933532714844,1231900,4356.4501953125
2022-01-26,211.5500030517578,214.6499938964844,202.55999755859372,205.6199951171875,200.213623046875,1082600,4349.93017578125
2022-01-27,212.8300018310547,214.88999938964844,203.22000122070312,205.42999267578125,200.0286102294922,942500,4326.509765625
2022-01-28,204.8300018310547,206.4499969482422,197.0,206.22999572753903,200.80758666992188,819500,4431.85009765625
2022-01-31,207.0,220.9600067138672,207.0,220.7400054931641,214.9361114501953,1137000,4515.5498046875
2022-02-01,227.55999755859372,229.41000366210935,219.8500061035156,225.1999969482422,219.27880859375,916700,4546.5400390625
2022-02-02,225.91000366210935,226.9600067138672,220.97000122070312,221.4900054931641,215.66636657714844,818600,4589.3798828125
2022-02-03,218.0,220.9900054931641,214.5800018310547,215.05999755859372,209.4054107666016,654300,4477.43994140625
2022-02-04,214.5,219.0,213.4499969482422,216.0200042724609,210.34017944335935,720600,4500.52978515625
2022-02-07,217.4600067138672,223.8800048828125,217.22000122070312,219.77999877929688,214.0013427734375,780100,4483.8701171875
2022-02-08,218.92999267578125,227.41000366210935,218.2899932861328,226.69000244140625,220.72964477539065,1128400,4521.5400390625
2022-02-09,231.0800018310547,237.82000732421875,231.0800018310547,236.42999267578125,230.2135009765625,972400,4587.18017578125
2022-02-10,233.4499969482422,244.30999755859372,232.1499938964844,236.0399932861328,229.83377075195312,795700,4504.080078125
2022-02-11,233.47000122070312,239.08999633789065,228.6100006103516,230.88999938964844,224.81919860839844,1009800,4418.64013671875
2022-02-14,230.17999267578125,233.8800048828125,224.91000366210935,227.67999267578125,221.693603515625,875100,4401.669921875
2022-02-15,232.1199951171875,242.8699951171875,232.1199951171875,241.38999938964844,235.04312133789065,1042100,4471.06982421875
2022-02-16,241.00999450683597,247.97999572753903,236.1999969482422,246.0,239.5319061279297,1394800,4475.009765625
2022-02-17,218.4900054931641,221.0,194.8300018310547,197.0200042724609,191.83973693847656,6180600,4380.259765625
2022-02-18,200.0200042724609,201.41000366210935,187.00999450683597,190.75999450683597,185.74435424804688,3060900,4348.8701171875
2022-02-22,189.1000061035156,199.6300048828125,188.6000061035156,191.8500061035156,186.8056640625,1635500,4304.759765625
2022-02-23,193.0,196.1199951171875,180.82000732421875,182.0,177.21466064453125,1644000,4225.5
2022-02-24,172.25999450683594,184.9600067138672,169.92999267578125,184.1999969482422,179.3568115234375,1979800,4288.7001953125
2022-02-25,184.3999938964844,192.0,180.17999267578125,191.9499969482422,186.90304565429688,1135300,4384.64990234375
2022-02-28,192.6000061035156,200.8800048828125,190.52999877929688,195.88999938964844,190.7394561767578,1583600,4373.93994140625
2022-03-01,194.47999572753903,196.94000244140625,184.2400054931641,186.44000244140625,181.5379180908203,992000,4306.259765625
2022-03-02,189.1499938964844,192.1100006103516,183.7700042724609,191.1199951171875,186.0948638916016,840600,4386.5400390625
2022-03-03,193.5,194.8300018310547,184.50999450683597,186.3300018310547,181.4308013916016,1071900,4363.490234375
2022-03-04,182.9900054931641,184.75999450683597,174.72000122070312,179.07000732421875,174.36172485351562,1313900,4328.8701171875
2022-03-07,180.5800018310547,181.80999755859372,171.13999938964844,172.08999633789062,167.56524658203125,1051400,4201.08984375
2022-03-08,171.52999877929688,184.6199951171875,170.00999450683594,180.7400054931641,175.98780822753906,1463500,4170.7001953125
2022-03-09,188.5399932861328,189.92999267578125,182.22999572753903,187.1300048828125,182.2097625732422,1332400,4277.8798828125
2022-03-10,184.6199951171875,189.30999755859372,183.50999450683597,188.3699951171875,183.4171905517578,785600,4259.52001953125
2022-03-11,188.7700042724609,191.4499969482422,184.63999938964844,184.75999450683597,179.902099609375,769600,4204.31005859375
2022-03-14,184.8699951171875,186.1699981689453,175.25999450683594,176.2899932861328,171.65478515625,973200,4173.10986328125
2022-03-15,175.36000061035156,182.6999969482422,172.77999877929688,181.9499969482422,177.16598510742188,834400,4262.4501953125
2022-03-16,185.8699951171875,193.97999572753903,185.75999450683597,191.25,186.2214508056641,890700,4357.85986328125
2022-03-17,187.83999633789065,196.6000061035156,187.83999633789065,196.3699951171875,191.6025390625,706600,4411.669921875
2022-03-18,196.6499938964844,199.07000732421875,194.6499938964844,198.2400054931641,193.42713928222656,1347100,4463.1201171875
2022-03-21,199.0200042724609,200.6300048828125,193.0,198.67999267578125,193.85646057128903,818500,4461.18017578125
2022-03-22,198.97999572753903,206.3500061035156,197.91000366210935,205.6000061035156,200.6084747314453,990600,4511.60986328125
2022-03-23,203.2100067138672,212.22000122070312,202.66000366210935,208.2100067138672,203.1551055908203,903500,4456.240234375
2022-03-24,208.0,214.67999267578125,206.47999572753903,214.1499938964844,208.9508819580078,753000,4520.16015625
2022-03-25,214.1100006103516,218.0200042724609,212.4199981689453,217.5800018310547,212.2976226806641,836300,4543.06005859375
2022-03-28,217.41000366210935,218.97000122070312,210.3300018310547,214.33999633789065,209.13626098632807,832800,4575.52001953125
2022-03-29,218.0,223.88999938964844,214.1300048828125,222.47999572753903,217.07867431640625,859500,4631.60009765625
2022-03-30,220.8800048828125,226.6000061035156,219.4199981689453,223.1499938964844,217.732421875,934100,4602.4501953125
2022-03-31,222.3300018310547,230.0,221.07000732421875,221.1499938964844,215.7809600830078,1141500,4530.41015625
2022-04-01,224.0,228.3800048828125,222.3800048828125,224.9199981689453,219.45944213867188,864500,4545.85986328125
2022-04-04,224.13999938964844,226.3600006103516,220.13999938964844,226.0399932861328,220.55224609375,744000,4582.64013671875
2022-04-05,226.9900054931641,228.25999450683597,217.0800018310547,217.3000030517578,212.02442932128903,1136100,4525.1201171875
2022-04-06,215.9499969482422,215.9499969482422,205.50999450683597,211.47000122070312,206.3359832763672,1381700,4481.14990234375
2022-04-07,212.0,215.0,205.82000732421875,211.8500061035156,206.7067413330078,847200,4500.2099609375
2022-04-08,212.66000366210935,214.69000244140625,206.1999969482422,211.0,205.8773956298828,736900,4488.27978515625
2022-04-11,207.33999633789065,209.1499938964844,201.4600067138672,206.0,200.99874877929688,1054000,4412.52978515625
2022-04-12,208.6999969482422,212.9900054931641,202.47999572753903,205.0200042724609,200.0425720214844,710100,4397.4501953125
2022-04-13,206.7700042724609,212.6999969482422,206.0200042724609,212.5,207.3409576416016,517400,4446.58984375
2022-04-14,212.97000122070312,215.22000122070312,210.22000122070312,210.88999938964844,205.77005004882807,572600,4392.58984375
2022-04-18,210.8500061035156,213.44000244140625,208.44000244140625,209.6699981689453,204.5796813964844,565900,4391.68994140625
2022-04-19,210.13999938964844,218.72999572753903,207.1699981689453,218.1499938964844,212.85379028320312,718300,4462.2099609375
2022-04-20,221.6699981689453,222.2100067138672,215.5800018310547,217.19000244140625,211.9171295166016,774000,4459.4501953125
2022-04-21,220.97999572753903,222.6999969482422,206.1000061035156,207.2400054931641,202.20867919921875,1190600,4393.66015625
2022-04-22,207.5200042724609,210.6999969482422,200.3699951171875,200.63999938964844,195.7689208984375,877300,4271.77978515625
2022-04-25,198.1000061035156,200.19000244140625,191.1000061035156,198.4600067138672,193.64181518554688,1530000,4296.1201171875
2022-04-26,197.0399932861328,198.5,187.6300048828125,187.75999450683597,183.2015838623047,1013000,4175.2001953125
2022-04-27,187.3600006103516,196.3800048828125,187.3600006103516,192.22999572753903,187.5630645751953,1006900,4183.9599609375
2022-04-28,194.19000244140625,196.2899932861328,187.77999877929688,195.25999450683597,190.5195159912109,942300,4287.5
2022-04-29,195.3600006103516,202.05999755859372,191.8000030517578,192.8300018310547,188.1485290527344,986900,4131.93017578125
2022-05-02,191.92999267578125,194.3500061035156,185.1499938964844,191.4199981689453,186.77273559570312,1020600,4155.3798828125
2022-05-03,190.57000732421875,198.44000244140625,190.3699951171875,197.1199951171875,192.33436584472656,928300,4175.47998046875
2022-05-04,210.8999938964844,215.47000122070312,204.3000030517578,215.47000122070312,210.23887634277344,2090100,4300.169921875
2022-05-05,238.0,243.17999267578125,221.33999633789065,236.5,230.75830078125,3740500,4146.8701171875
2022-05-06,235.5,242.91000366210935,228.0,242.41000366210935,236.5248260498047,2321100,4123.33984375
2022-05-09,238.0,239.3999938964844,220.7700042724609,221.63999938964844,216.25906372070312,2422200,3991.239990234375
2022-05-10,227.17999267578125,229.5,213.5,221.42999267578125,216.05416870117188,1907400,4001.050048828125
2022-05-11,221.0,227.9499969482422,212.6300048828125,213.02999877929688,207.85809326171875,1203900,3935.179931640625
2022-05-12,212.0500030517578,218.0,204.50999450683597,213.4499969482422,208.2678985595703,1387900,3930.080078125
2022-05-13,217.3000030517578,231.2100067138672,215.5,228.82000732421875,223.2647705078125,1078500,4023.889892578125
2022-05-16,226.0800018310547,233.9600067138672,223.6699981689453,226.32000732421875,220.8254547119141,974500,4008.010009765625
2022-05-17,232.4900054931641,239.3300018310547,231.22999572753903,239.22999572753903,233.42202758789065,1141400,4088.85009765625
2022-05-18,237.1199951171875,244.8999938964844,234.08999633789065,235.97999572753903,230.25091552734372,1109200,3923.679931640625
2022-05-19,234.67999267578125,243.1199951171875,233.8800048828125,239.0800018310547,233.2756805419922,1067900,3900.7900390625
2022-05-20,241.66000366210935,243.1199951171875,228.1000061035156,236.44000244140625,230.6997528076172,1120100,3901.360107421875
2022-05-23,240.0,243.6300048828125,235.47999572753903,242.94000244140625,237.0419464111328,1003400,3973.75
2022-05-24,243.27999877929688,249.8999938964844,237.4199981689453,243.1499938964844,237.2468414306641,2202500,3941.47998046875
2022-05-25,243.9900054931641,247.19000244140625,232.38999938964844,237.50999450683597,231.74375915527344,1532600,3978.72998046875
2022-05-26,239.13999938964844,258.2900085449219,237.30999755859372,255.0500030517578,248.85794067382807,2265500,4057.840087890625
2022-05-27,259.0,273.67999267578125,257.57000732421875,270.9200134277344,264.3426208496094,1952600,4158.240234375
2022-05-31,265.0899963378906,265.760009765625,254.25999450683597,260.4200134277344,254.0976104736328,2705900,4132.14990234375
2022-06-01,252.5,253.58999633789065,232.75,240.1199951171875,234.2904052734375,3401900,4101.22998046875
2022-06-02,233.58999633789065,251.47999572753903,233.0,251.2899932861328,245.189208984375,1657700,4176.81982421875
2022-06-03,246.07000732421875,251.8300018310547,245.27999877929688,250.75999450683597,244.67208862304688,927500,4108.5400390625
2022-06-06,254.22999572753903,259.760009765625,253.0,257.7900085449219,251.5314178466797,1281000,4121.43017578125
2022-06-07,254.41000366210935,258.82000732421875,252.5,257.8900146484375,251.62901306152344,986000,4160.68017578125
2022-06-08,256.82000732421875,259.8699951171875,251.3000030517578,253.6199951171875,247.462646484375,864200,4115.77001953125
2022-06-09,251.17999267578125,252.1499938964844,241.47999572753903,241.77999877929688,236.278076171875,1211000,4017.820068359375
2022-06-10,238.88999938964844,241.1499938964844,234.8999938964844,236.8699951171875,231.47984313964844,1096100,3900.860107421875
2022-06-13,228.22000122070312,229.08999633789065,219.1000061035156,222.22000122070312,217.1632232666016,1652500,3749.6298828125
2022-06-14,223.4600067138672,228.16000366210935,221.02999877929688,223.3300018310547,218.24794006347656,1033100,3735.47998046875
2022-06-15,225.8000030517578,225.97999572753903,210.8800048828125,215.0800018310547,210.18569946289065,1951800,3789.989990234375
2022-06-16,209.1999969482422,209.57000732421875,198.6699981689453,202.1699981689453,197.5694732666016,2158500,3666.77001953125
2022-06-17,203.1000061035156,213.5399932861328,200.3500061035156,212.0399932861328,207.21485900878903,2401400,3674.840087890625
2022-06-21,217.1499938964844,218.9600067138672,213.3800048828125,216.3300018310547,211.40725708007807,1347800,3764.7900390625
2022-06-22,209.4499969482422,220.6999969482422,208.3699951171875,216.2400054931641,211.3192901611328,1243200,3759.889892578125
2022-06-23,217.02999877929688,219.6000061035156,209.30999755859372,213.6199951171875,208.7588806152344,1163100,3795.72998046875
2022-06-24,216.75,226.58999633789065,214.41000366210935,224.7899932861328,219.6747131347656,2392000,3911.739990234375
2022-06-27,221.63999938964844,228.58999633789065,221.00999450683597,226.6199951171875,221.46310424804688,1238400,3900.110107421875
2022-06-28,226.0,232.77999877929688,222.22000122070312,223.19000244140625,218.1111602783203,1586100,3821.550048828125
2022-06-29,222.16000366210935,223.1300048828125,208.63999938964844,211.88999938964844,207.0682678222656,1405600,3818.830078125
2022-06-30,207.9600067138672,211.9499969482422,203.8600006103516,208.97999572753903,204.2244873046875,1250700,3785.3798828125
2022-07-01,205.67999267578125,208.77999877929688,200.4499969482422,205.1499938964844,200.4816436767578,1003000,3825.330078125
2022-07-05,201.22000122070312,201.22000122070312,195.0800018310547,200.42999267578125,195.8690185546875,1203300,3831.389892578125
2022-07-06,200.13999938964844,202.16000366210935,193.6999969482422,198.3000030517578,193.7875518798828,1486500,3845.080078125
2022-07-07,203.67999267578125,206.50999450683597,202.33999633789065,203.0,198.3805694580078,1594100,3902.6201171875
2022-07-08,203.5500030517578,208.5500030517578,200.27999877929688,205.92999267578125,201.243896484375,907900,3899.3798828125
2022-07-11,201.67999267578125,202.25999450683597,197.19000244140625,199.82000732421875,195.27296447753903,897700,3854.429931640625
2022-07-12,197.7400054931641,199.58999633789065,193.16000366210935,195.82000732421875,191.36395263671875,938500,3818.800048828125
2022-07-13,191.6000061035156,198.1100006103516,189.25,196.0,191.5398712158203,881900,3801.780029296875
2022-07-14,192.6699981689453,196.75999450683597,190.17999267578125,196.66000366210935,192.1848297119141,992300,3790.3798828125
2022-07-15,200.3500061035156,201.50999450683597,195.3300018310547,200.6999969482422,196.1329040527344,912500,3863.159912109375
2022-07-18,206.25,208.2100067138672,202.5500030517578,203.8800048828125,199.24057006835935,940300,3830.85009765625
2022-07-19,207.8600006103516,212.30999755859372,207.00999450683597,211.5200042724609,206.7067108154297,780900,3936.68994140625
2022-07-20,213.77999877929688,220.5200042724609,210.6300048828125,219.50999450683597,214.51487731933597,933400,3959.89990234375
2022-07-21,219.5,226.07000732421875,219.25,225.6000061035156,220.4662933349609,865200,3998.949951171875
2022-07-22,228.0,228.2700042724609,220.2400054931641,221.4600067138672,216.4204864501953,707700,3961.6298828125
2022-07-25,221.5800018310547,227.7899932861328,217.16000366210935,227.57000732421875,222.3914794921875,720600,3966.840087890625
2022-07-26,228.2700042724609,229.1199951171875,224.44000244140625,225.1000061035156,219.9777069091797,881500,3921.050048828125
2022-07-27,228.33999633789065,235.6699981689453,225.0399932861328,234.2899932861328,228.95852661132807,786900,4023.610107421875
2022-07-28,237.08999633789065,239.05999755859372,232.58999633789065,236.32000732421875,230.9423675537109,1084000,4072.429931640625
2022-07-29,238.5,245.7100067138672,237.0,244.30999755859372,238.75051879882807,1506600,4130.2900390625
2022-08-01,242.5,243.9499969482422,237.47000122070312,239.9600067138672,234.49952697753903,957300,4118.6298828125
2022-08-02,239.0,246.6199951171875,238.63999938964844,243.88999938964844,238.3401031494141,1025400,4091.18994140625
2022-08-03,246.0,246.0,234.1699981689453,239.5399932861328,234.08908081054688,1407700,4155.169921875
2022-08-04,246.1999969482422,250.1499938964844,230.0200042724609,234.88999938964844,229.54489135742188,2192000,4151.93994140625
2022-08-05,232.22999572753903,243.8000030517578,231.7700042724609,237.9900054931641,232.5743560791016,1428000,4145.18994140625
2022-08-08,243.5399932861328,253.57000732421875,242.9600067138672,244.83999633789065,239.2684783935547,1468800,4140.06005859375
2022-08-09,244.6300048828125,247.97000122070312,241.07000732421875,244.66000366210935,239.0925445556641,762000,4122.47021484375
2022-08-10,249.9900054931641,259.3999938964844,248.67999267578125,259.29998779296875,253.3993682861328,1359900,4210.240234375
2022-08-11,263.0899963378906,272.45001220703125,263.0899963378906,265.70001220703125,259.6537475585937,1983300,4207.27001953125
2022-08-12,267.0,281.6499938964844,266.45001220703125,281.57000732421875,275.16265869140625,1995700,4280.14990234375
2022-08-15,276.5799865722656,289.0899963378906,276.2099914550781,284.0799865722656,277.6155090332031,1793900,4297.14013671875
2022-08-16,283.4700012207031,284.54998779296875,276.8800048828125,280.8099975585937,274.41998291015625,1297800,4305.2001953125
2022-08-17,275.5,283.6099853515625,273.8999938964844,277.6199951171875,271.30255126953125,987700,4274.0400390625
2022-08-18,278.8999938964844,282.010009765625,275.9200134277344,279.510009765625,273.1495361328125,1070700,4283.740234375
2022-08-19,275.9200134277344,276.0,266.29998779296875,270.0199890136719,263.8754272460937,1223700,4228.47998046875
2022-08-22,265.0,277.1000061035156,263.3500061035156,275.70001220703125,269.4262390136719,1454300,4137.990234375
2022-08-23,277.5899963378906,283.9100036621094,276.20001220703125,281.0299987792969,274.6349182128906,1038700,4128.72998046875
2022-08-24,282.0,288.6000061035156,280.010009765625,287.8800048828125,281.3290710449219,795200,4140.77001953125
2022-08-25,290.5899963378906,298.1700134277344,290.1499938964844,295.67999267578125,288.9515380859375,1370000,4199.1201171875
2022-08-26,296.1099853515625,296.5400085449219,286.5199890136719,288.1600036621094,281.6026611328125,920700,4057.659912109375
2022-08-29,282.8699951171875,290.3399963378906,280.3500061035156,284.9700012207031,278.4853210449219,744300,4030.610107421875
2022-08-30,286.8099975585937,288.0,271.6099853515625,272.7699890136719,266.5629272460937,1913400,3986.159912109375
2022-08-31,272.760009765625,273.0899963378906,267.3699951171875,267.9599914550781,261.86236572265625,1558200,3955.0
2022-09-01,264.2699890136719,264.2699890136719,249.5800018310547,256.9599914550781,251.11265563964844,1725600,3966.85009765625
2022-09-02,262.8399963378906,265.9599914550781,257.7699890136719,259.8800048828125,253.9662322998047,1194600,3924.260009765625
2022-09-06,268.989990234375,270.5,258.7200012207031,266.70001220703125,260.6310119628906,1411900,3908.18994140625
2022-09-07,265.0599975585937,279.67999267578125,264.4700012207031,279.20001220703125,272.8466186523437,1386900,3979.8701171875
2022-09-08,277.69000244140625,292.2900085449219,276.9800109863281,291.42999267578125,284.7982482910156,1635200,4006.179931640625
2022-09-09,295.0,302.5400085449219,295.0,300.3699951171875,293.53485107421875,1580700,4067.360107421875
2022-09-12,300.3900146484375,300.4100036621094,291.79998779296875,296.9700012207031,290.2122497558594,1060900,4110.41015625
2022-09-13,286.5599975585937,307.1199951171875,285.54998779296875,298.0899963378906,291.30670166015625,1957100,3932.68994140625
2022-09-14,296.4800109863281,308.239990234375,295.1000061035156,307.04998779296875,300.0628356933594,1590600,3946.010009765625
2022-09-15,302.1499938964844,303.8500061035156,286.4700012207031,286.75,280.585693359375,1618900,3901.35009765625
2022-09-16,281.260009765625,288.04998779296875,277.0299987792969,287.32000732421875,281.1435241699219,1925100,3873.330078125
2022-09-19,281.8500061035156,297.7099914550781,281.82000732421875,296.95001220703125,290.5664978027344,1134700,3899.889892578125
2022-09-20,293.3900146484375,294.0,284.3099975585937,287.6499938964844,281.46636962890625,903700,3855.929931640625
2022-09-21,290.8099975585937,297.5299987792969,284.8500061035156,285.0299987792969,278.9027099609375,995100,3789.929931640625
2022-09-22,289.1199951171875,289.8699951171875,270.739990234375,272.1499938964844,266.2995910644531,1576200,3757.989990234375
2022-09-23,265.0,269.8500061035156,260.3099975585937,269.45001220703125,263.6576538085937,1485300,3693.22998046875
2022-09-26,266.7900085449219,274.6099853515625,264.42999267578125,265.0299987792969,259.3326721191406,1256300,3655.0400390625
2022-09-27,271.19000244140625,276.3299865722656,265.0799865722656,269.67999267578125,263.8827514648437,1160400,3647.2900390625
2022-09-28,267.0,279.0,264.54998779296875,277.95001220703125,271.97491455078125,1179200,3719.0400390625
2022-09-29,273.82000732421875,274.0799865722656,262.1000061035156,265.44000244140625,259.73388671875,1014400,3640.469970703125
2022-09-30,263.20001220703125,270.5299987792969,261.7300109863281,264.44000244140625,258.75537109375,1078000,3585.6201171875
2022-10-03,270.75,275.7300109863281,262.3699951171875,273.7300109863281,267.8456115722656,1524700,3678.429931640625
2022-10-04,284.9100036621094,289.04998779296875,278.70001220703125,283.7799987792969,277.6795654296875,1266500,3790.929931640625
2022-10-05,280.4200134277344,281.1700134277344,268.69000244140625,276.79998779296875,270.8496398925781,1118800,3783.280029296875
2022-10-06,274.3900146484375,285.29998779296875,274.3900146484375,280.94000244140625,274.900634765625,1359600,3744.52001953125
2022-10-07,276.4800109863281,276.9700012207031,266.2699890136719,272.5299987792969,266.6714172363281,1031600,3639.659912109375
2022-10-10,273.5400085449219,278.45001220703125,269.7300109863281,278.1000061035156,272.1217041015625,1030000,3612.389892578125
2022-10-11,274.1099853515625,275.8699951171875,267.54998779296875,272.989990234375,267.1215209960937,1412400,3588.840087890625
2022-10-12,272.0,272.8299865722656,245.44000244140625,251.4499969482422,246.0445709228516,3589500,3577.030029296875
2022-10-13,237.5,257.94000244140625,231.6699981689453,256.0,250.49676513671875,2691200,3669.909912109375
2022-10-14,258.989990234375,261.0299987792969,236.8800048828125,237.47000122070312,232.3651123046875,1985700,3583.070068359375
2022-10-17,245.0200042724609,251.41000366210935,243.6999969482422,248.02999877929688,242.69810485839844,1327600,3677.949951171875
2022-10-18,255.50999450683597,257.94000244140625,249.6499938964844,251.6699981689453,246.2598419189453,973900,3719.97998046875
2022-10-19,250.0,256.8299865722656,247.8600006103516,256.510009765625,250.99583435058597,1151200,3695.159912109375
2022-10-20,258.3299865722656,261.2200012207031,252.6100006103516,255.38999938964844,249.8998870849609,1067800,3665.780029296875
2022-10-21,255.97000122070312,271.3699951171875,254.50999450683597,270.010009765625,264.20562744140625,1318400,3752.75
2022-10-24,269.0,270.8800048828125,258.8800048828125,270.57000732421875,264.75360107421875,991600,3797.340087890625
2022-10-25,270.04998779296875,282.2099914550781,268.8699951171875,281.42999267578125,275.3800964355469,1103500,3859.110107421875
2022-10-26,283.4200134277344,287.07000732421875,279.3900146484375,282.1499938964844,276.0845642089844,1051200,3830.60009765625
2022-10-27,284.0,284.5,274.29998779296875,282.1700134277344,276.10418701171875,1000200,3807.300048828125
2022-10-28,281.20001220703125,285.8299865722656,276.1199951171875,280.1600036621094,274.13739013671875,940600,3901.06005859375
2022-10-31,277.8800048828125,281.5299987792969,273.7300109863281,279.8699951171875,273.8536376953125,2300800,3871.97998046875
2022-11-01,285.6600036621094,287.8800048828125,278.8900146484375,279.0,273.0023193359375,1276200,3856.10009765625
2022-11-02,276.17999267578125,279.5,265.5,266.5199890136719,260.7906188964844,1594800,3759.68994140625
2022-11-03,253.0,278.5,250.5,274.5599975585937,268.6578063964844,2240900,3719.889892578125
2022-11-04,283.8900146484375,286.739990234375,275.44000244140625,284.989990234375,278.8635559082031,1480500,3770.550048828125
2022-11-07,286.82000732421875,288.2799987792969,281.67999267578125,286.489990234375,280.331298828125,871800,3806.800048828125
2022-11-08,290.3399963378906,311.5299987792969,288.5199890136719,306.010009765625,299.4316711425781,2023100,3828.110107421875
2022-11-09,304.510009765625,310.5,297.5899963378906,300.1300048828125,293.6781311035156,1428100,3748.570068359375
2022-11-10,311.1199951171875,320.8099975585937,304.2799987792969,320.7699890136719,313.8743591308594,1473300,3956.3701171875
2022-11-11,323.0,334.54998779296875,319.2300109863281,325.3800048828125,318.38531494140625,1421500,3992.929931640625
2022-11-14,322.75,323.7200012207031,309.6600036621094,316.3500061035156,309.5494689941406,1628600,3957.25
2022-11-15,300.6700134277344,301.3299865722656,280.6000061035156,295.8599853515625,289.4998779296875,3161100,3991.72998046875
2022-11-16,295.3599853515625,296.739990234375,285.32000732421875,286.7699890136719,280.60528564453125,1486600,3958.7900390625
2022-11-17,283.6400146484375,284.0,275.0199890136719,277.45001220703125,271.4856872558594,1683400,3946.56005859375
2022-11-18,281.0,281.0,274.3599853515625,276.9800109863281,271.0257568359375,1266200,3965.340087890625
2022-11-21,275.1600036621094,286.5299987792969,269.57000732421875,282.8800048828125,276.7989807128906,1363100,3949.93994140625
2022-11-22,283.6600036621094,285.7699890136719,277.44000244140625,283.0899963378906,277.00439453125,1239300,4003.580078125
2022-11-23,282.0899963378906,289.0400085449219,279.82000732421875,283.8999938964844,277.7970275878906,994300,4027.260009765625
2022-11-25,276.79998779296875,277.67999267578125,266.7099914550781,272.82000732421875,266.9552001953125,1341900,4026.1201171875
2022-11-28,267.1700134277344,268.3900146484375,263.5,266.1099853515625,260.38946533203125,1662900,3963.93994140625
2022-11-29,269.1000061035156,274.4200134277344,266.3900146484375,270.0199890136719,264.21533203125,1219000,3957.6298828125
2022-11-30,270.20001220703125,278.32000732421875,268.3500061035156,277.989990234375,272.0140686035156,1604800,4080.110107421875
2022-12-01,280.25,280.5199890136719,268.760009765625,275.2900085449219,269.3721008300781,1086100,4076.570068359375
2022-12-02,273.69000244140625,285.3999938964844,272.69000244140625,284.2799987792969,278.1687927246094,1178200,4071.699951171875
2022-12-05,281.3599853515625,282.3599853515625,265.1199951171875,265.2300109863281,259.5283508300781,1872000,3998.840087890625
2022-12-06,267.3800048828125,267.3800048828125,255.38999938964844,257.989990234375,252.4439697265625,1775700,3941.260009765625
2022-12-07,260.7300109863281,265.3800048828125,256.57000732421875,257.6099853515625,252.07211303710935,1240400,3933.919921875
2022-12-08,263.6600036621094,263.6600036621094,254.3500061035156,256.0299987792969,250.5261383056641,1412600,3963.510009765625
2022-12-09,256.9700012207031,257.7200012207031,252.3699951171875,253.25,247.80587768554688,1186400,3934.3798828125
2022-12-12,252.3699951171875,261.1000061035156,250.58999633789065,259.3599853515625,253.78453063964844,1243500,3990.56005859375
2022-12-13,268.8500061035156,269.0,259.54998779296875,261.9100036621094,256.2797241210937,940800,4019.64990234375
2022-12-14,260.4700012207031,263.0799865722656,246.66000366210935,247.8600006103516,242.53175354003903,1988600,3995.320068359375
2022-12-15,240.72999572753903,246.58999633789065,237.7700042724609,240.5,235.7056121826172,1955800,3895.75
2022-12-16,238.72000122070312,244.58999633789065,236.91000366210935,242.8600006103516,238.0185546875,2508600,3852.360107421875
2022-12-19,242.75,243.1300048828125,231.2899932861328,233.33999633789065,228.68832397460935,1271400,3817.659912109375
2022-12-20,230.1199951171875,236.2899932861328,229.07000732421875,233.5,228.84515380859372,1033700,3821.6201171875
2022-12-21,234.2899932861328,237.6999969482422,227.0500030517578,232.6300048828125,227.9924774169922,1381400,3878.43994140625
2022-12-22,229.13999938964844,229.3800048828125,222.13999938964844,225.97999572753903,221.47503662109372,1228600,3822.389892578125
2022-12-23,224.47999572753903,227.16000366210935,221.2400054931641,226.9600067138672,222.435546875,678700,3844.820068359375
2022-12-27,225.2899932861328,226.1699981689453,213.5200042724609,214.16000366210935,209.89068603515625,1871700,3829.25
2022-12-28,213.44000244140625,217.0200042724609,210.4199981689453,214.0399932861328,209.7730865478516,1754800,3783.219970703125
2022-12-29,217.8699951171875,221.8500061035156,216.8699951171875,217.47000122070312,213.1347198486328,1285600,3849.280029296875
2022-12-30,215.13999938964844,218.47999572753903,213.6000061035156,216.8600006103516,212.5368804931641,951800,3839.5
2023-01-03,219.1499938964844,219.47999572753903,208.57000732421875,214.5,210.2239532470703,2293400,3824.139892578125
2023-01-04,219.1000061035156,224.8600006103516,215.6699981689453,223.57000732421875,219.1131134033203,1734700,3852.969970703125
2023-01-05,222.27999877929688,224.82000732421875,217.0500030517578,218.6100006103516,214.2519989013672,1549000,3808.10009765625
2023-01-06,220.0,223.0,215.2899932861328,221.63999938964844,217.2215881347656,1618100,3895.080078125
2023-01-09,224.67999267578125,230.44000244140625,224.0,224.0,219.5345458984375,1467700,3892.090087890625
2023-01-10,225.3500061035156,227.38999938964844,220.6699981689453,223.8999938964844,219.4365081787109,896500,3919.25
2023-01-11,228.30999755859372,238.0500030517578,227.4499969482422,236.55999755859372,231.8441467285156,1931400,3969.610107421875
2023-01-12,238.05999755859372,244.7700042724609,235.66000366210935,243.2100067138672,238.361572265625,1462200,3983.169921875
2023-01-13,236.0,242.32000732421875,233.33999633789065,242.22999572753903,237.4011383056641,1262900,3999.090087890625
2023-01-17,243.5200042724609,245.42999267578125,241.75999450683597,243.07000732421875,238.224365234375,1354300,3990.969970703125
2023-01-18,245.6100006103516,251.8800048828125,243.5500030517578,243.8000030517578,238.9398193359375,1181600,3928.860107421875
2023-01-19,242.19000244140625,244.0,235.8300018310547,239.1100006103516,234.34332275390625,1452500,3898.85009765625
2023-01-20,241.3699951171875,248.8600006103516,239.7100067138672,248.4900054931641,243.53631591796875,1266600,3972.610107421875
2023-01-23,249.5,261.1000061035156,248.91000366210935,260.6400146484375,255.4441680908203,1977000,4019.81005859375
2023-01-24,257.0,267.0,252.6499938964844,264.5299987792969,259.25653076171875,1740700,4016.949951171875
2023-01-25,264.2300109863281,271.29998779296875,260.7300109863281,270.9800109863281,265.5779724121094,1272900,4016.219970703125
2023-01-26,277.6700134277344,285.44000244140625,275.760009765625,279.45001220703125,273.8791809082031,1849400,4060.429931640625
2023-01-27,281.239990234375,285.3299865722656,278.1700134277344,281.7200012207031,276.1038818359375,1234100,4070.56005859375
2023-01-30,276.8599853515625,280.79998779296875,271.7300109863281,271.9800109863281,266.5580749511719,1129000,4017.77001953125
2023-01-31,272.3500061035156,282.44000244140625,271.0899963378906,281.45001220703125,275.8392639160156,1554400,4076.60009765625
2023-02-01,280.1400146484375,289.2699890136719,279.4700012207031,285.8999938964844,280.2005310058594,1329400,4119.2099609375
2023-02-02,288.70001220703125,291.0899963378906,285.5,290.1499938964844,284.3658142089844,1209300,4179.759765625
2023-02-03,288.4200134277344,291.9800109863281,285.1199951171875,287.2300109863281,281.5040283203125,1166900,4136.47998046875
2023-02-06,286.3599853515625,290.17999267578125,276.5899963378906,276.8099975585937,271.2917785644531,1415700,4111.080078125
2023-02-07,277.3999938964844,280.2799987792969,273.260009765625,279.3399963378906,273.7713317871094,1068000,4164.0
2023-02-08,277.989990234375,281.3399963378906,267.7900085449219,268.1499938964844,262.80438232421875,1523600,4117.85986328125
2023-02-09,271.0,276.5199890136719,266.1000061035156,267.3900146484375,262.0595703125,1202900,4081.5
2023-02-10,264.9800109863281,268.8399963378906,259.3099975585937,268.2900085449219,262.94158935546875,1391300,4090.4599609375
2023-02-13,268.3999938964844,271.6000061035156,267.8900146484375,269.92999267578125,264.5489196777344,843500,4137.2900390625
2023-02-14,267.239990234375,273.8399963378906,266.4200134277344,270.70001220703125,265.3035583496094,1168500,4136.1298828125
2023-02-15,268.19000244140625,273.0899963378906,268.1099853515625,272.7900085449219,267.3518981933594,1542100,4147.60009765625
2023-02-16,276.5,293.010009765625,263.0299987792969,285.6199951171875,279.9261474609375,3076300,4090.409912109375
2023-02-17,278.8699951171875,279.0400085449219,252.5200042724609,258.010009765625,252.86656188964844,5758300,4079.090087890625
2023-02-21,256.4700012207031,256.9100036621094,241.3800048828125,241.9600067138672,237.1365203857422,3003300,3997.340087890625
2023-02-22,243.0,247.6100006103516,242.1699981689453,246.4499969482422,241.5369873046875,1993500,3991.050048828125
2023-02-23,250.0,254.6499938964844,245.63999938964844,253.8500061035156,248.78948974609372,2271300,4012.320068359375
2023-02-24,248.83999633789065,251.0,244.55999755859372,249.5200042724609,244.5457763671875,1301700,3970.0400390625
2023-02-27,253.25999450683597,260.20001220703125,252.16000366210935,257.0199890136719,251.89627075195312,1907600,3982.239990234375
2023-02-28,257.4599914550781,260.989990234375,254.25999450683597,254.30999755859372,249.2403106689453,1630900,3970.14990234375
2023-03-01,255.4900054931641,256.3299865722656,249.80999755859372,252.63999938964844,247.6035919189453,1311500,3951.389892578125
2023-03-02,246.3699951171875,252.0800018310547,242.5,250.3800048828125,245.3886566162109,1801000,3981.35009765625
2023-03-03,251.3999938964844,259.5299987792969,249.7100067138672,259.3699951171875,254.19943237304688,1186100,4045.639892578125
2023-03-06,260.2300109863281,263.25,255.1499938964844,256.8900146484375,251.76889038085935,971800,4048.419921875
2023-03-07,254.4600067138672,257.04998779296875,247.02999877929688,248.8999938964844,243.9381561279297,1331500,3986.3701171875
2023-03-08,248.92999267578125,254.3500061035156,248.22999572753903,253.25,248.20144653320312,921800,3992.010009765625
2023-03-09,252.91000366210935,255.32000732421875,236.2400054931641,236.75,232.03038024902344,1708800,3918.320068359375
2023-03-10,235.0,235.02999877929688,223.91000366210935,225.1300048828125,220.6420135498047,2619300,3861.590087890625
2023-03-13,220.1199951171875,230.05999755859372,215.82000732421875,222.9900054931641,218.544677734375,1838300,3855.760009765625
2023-03-14,228.6499938964844,229.6100006103516,222.16000366210935,225.3600006103516,220.86741638183597,2037900,3919.2900390625
2023-03-15,218.00999450683597,219.27999877929688,210.1000061035156,214.3999938964844,210.1259002685547,3029300,3891.929931640625
2023-03-16,212.67999267578125,215.4600067138672,207.2700042724609,214.6100006103516,210.72488403320312,1928100,3960.280029296875
2023-03-17,213.19000244140625,213.19000244140625,206.63999938964844,208.4900054931641,204.71566772460935,2300300,3916.639892578125
2023-03-20,208.75,215.3999938964844,204.66000366210935,213.1999969482422,209.3403778076172,1795300,3951.570068359375
2023-03-21,218.5800018310547,223.91000366210935,216.7700042724609,222.92999267578125,218.89427185058597,1905100,4002.8701171875
2023-03-22,223.38999938964844,225.83999633789065,216.07000732421875,216.1100006103516,212.1977081298828,1515900,3936.969970703125
2023-03-23,218.5800018310547,224.55999755859372,213.07000732421875,215.63999938964844,211.73622131347656,1422800,3948.719970703125
2023-03-24,212.41000366210935,217.94000244140625,208.6699981689453,217.7899932861328,213.8473052978516,1588200,3970.989990234375
2023-03-27,220.9499969482422,221.9600067138672,216.6000061035156,218.8800048828125,214.9175720214844,2045000,3977.530029296875
2023-03-28,222.3000030517578,224.7100067138672,216.47000122070312,218.16000366210935,214.21060180664065,1817500,3971.27001953125
2023-03-29,223.0,224.7100067138672,218.55999755859372,224.4600067138672,220.3965606689453,1373900,4027.81005859375
2023-03-30,228.66000366210935,229.32000732421875,222.42999267578125,222.44000244140625,218.41314697265625,1294000,4050.830078125
2023-03-31,223.22999572753903,224.57000732421875,219.22000122070312,221.0399932861328,217.03846740722656,1835400,4109.31005859375
2023-04-03,221.22000122070312,223.2899932861328,217.30999755859372,218.42999267578125,214.4757080078125,1507600,4124.509765625
2023-04-04,216.94000244140625,216.94000244140625,207.1999969482422,209.57000732421875,205.77610778808597,2212500,4100.60009765625
2023-04-05,200.9600067138672,201.1199951171875,193.25999450683597,196.7100067138672,193.1489105224609,4657500,4090.3798828125
2023-04-06,195.17999267578125,195.9900054931641,193.0200042724609,194.67999267578125,191.15565490722656,2014400,4105.02001953125
2023-04-10,194.47000122070312,199.8999938964844,193.58999633789065,199.82000732421875,196.2026214599609,2008200,4109.10986328125
2023-04-11,201.30999755859372,202.3500061035156,197.0500030517578,201.7100067138672,198.05841064453125,1736700,4108.93994140625
2023-04-12,205.8500061035156,206.75999450683597,201.44000244140625,201.6999969482422,198.04856872558597,1320100,4091.949951171875
2023-04-13,203.19000244140625,205.33999633789065,199.9600067138672,203.00999450683597,199.3348693847656,1280100,4146.22021484375
2023-04-14,204.58999633789065,212.47000122070312,203.52999877929688,204.0,200.3069610595703,2266800,4137.64013671875
2023-04-17,205.0200042724609,208.3699951171875,204.52999877929688,205.8999938964844,202.17254638671875,3497800,4151.31982421875
2023-04-18,209.6499938964844,212.22000122070312,203.94000244140625,205.2700042724609,201.553955078125,2059800,4154.8701171875
2023-04-19,202.44000244140625,205.0,201.50999450683597,203.77999877929688,200.0909423828125,1092600,4154.52001953125
2023-04-20,198.3600006103516,200.3500061035156,193.0500030517578,193.0500030517578,189.55519104003903,2432500,4129.7900390625
2023-04-21,188.5,188.55999755859372,171.82000732421875,173.75,170.60458374023438,8800100,4133.52001953125
2023-04-24,178.55999755859375,184.8000030517578,177.7100067138672,183.9600067138672,180.62974548339844,5918200,4137.0400390625
2023-04-25,179.94000244140625,180.6300048828125,176.33999633789062,176.66000366210938,173.46188354492188,2720700,4071.6298828125
2023-04-26,177.52999877929688,182.9900054931641,177.52999877929688,181.1999969482422,177.91970825195312,3286500,4055.989990234375
2023-04-27,181.8500061035156,188.92999267578125,180.5,186.0,182.6327972412109,2417800,4135.35009765625
2023-04-28,185.3000030517578,186.0,182.7100067138672,185.4600067138672,182.1025848388672,2516500,4169.47998046875
2023-05-01,187.52999877929688,187.7899932861328,177.0800018310547,177.27000427246094,174.0608367919922,1906200,4167.8701171875
2023-05-02,175.35000610351562,176.2100067138672,172.25999450683594,173.39999389648438,170.26089477539062,2315100,4119.580078125
2023-05-03,180.4499969482422,182.3800048828125,172.69000244140625,172.91000366210938,169.77975463867188,3640800,4090.75
2023-05-04,173.0,184.92999267578125,172.6199951171875,175.64999389648438,172.47018432617188,4558400,4061.219970703125
2023-05-05,179.42999267578125,185.0,179.42999267578125,179.6999969482422,176.44686889648438,2363000,4136.25
2023-05-08,184.0,186.88999938964844,183.05999755859372,185.8800048828125,182.51498413085935,2718600,4138.1201171875
2023-05-09,187.5,197.38999938964844,187.5,195.1699981689453,191.6368103027344,3323700,4119.169921875
2023-05-10,198.8300018310547,199.8000030517578,192.2400054931641,194.50999450683597,190.9887237548828,2329100,4137.64013671875
2023-05-11,199.44000244140625,201.67999267578125,197.3000030517578,198.5200042724609,194.9261474609375,2400600,4130.6201171875
2023-05-12,198.5800018310547,200.75999450683597,194.3699951171875,195.7899932861328,192.24557495117188,1428900,4124.080078125
2023-05-15,200.66000366210935,208.1699981689453,200.66000366210935,203.75,200.06146240234372,2564300,4136.27978515625
2023-05-16,202.2700042724609,207.77999877929688,201.6000061035156,205.6699981689453,201.9467315673828,2260200,4109.89990234375
2023-05-17,205.1100006103516,209.6300048828125,203.32000732421875,207.9900054931641,204.22471618652344,1581100,4158.77001953125
2023-05-18,212.07000732421875,212.67999267578125,208.2899932861328,210.13999938964844,206.33578491210935,2021800,4198.0498046875
2023-05-19,208.5,209.42999267578125,203.4499969482422,204.1499938964844,200.45420837402344,1577600,4191.97998046875
2023-05-22,209.5,210.57000732421875,205.22000122070312,206.5,202.7616729736328,1882300,4192.6298828125
2023-05-23,206.4199981689453,220.1000061035156,206.00999450683597,216.07000732421875,212.158447265625,4014300,4145.580078125
2023-05-24,214.2899932861328,214.80999755859372,209.4900054931641,212.22999572753903,208.3879547119141,1787200,4115.240234375
2023-05-25,211.5,211.8600006103516,202.8000030517578,204.97000122070312,201.2593994140625,2912500,4151.27978515625
2023-05-26,208.3000030517578,208.6300048828125,201.0200042724609,203.9900054931641,200.29714965820312,1743500,4205.4501953125
2023-05-30,204.75,206.02999877929688,199.1000061035156,201.8600006103516,198.2057037353516,1690100,4205.52001953125
2023-05-31,199.92999267578125,200.97000122070312,192.42999267578125,193.52999877929688,190.0264892578125,2551600,4179.830078125
2023-06-01,193.32000732421875,197.6300048828125,191.6499938964844,195.5399932861328,192.0000915527344,1614900,4221.02001953125
2023-06-02,203.22000122070312,210.1699981689453,202.4600067138672,208.3600006103516,204.5880126953125,2112300,4282.3701171875
2023-06-05,209.3600006103516,209.5399932861328,204.7100067138672,206.1699981689453,202.43765258789065,1242500,4273.7900390625
2023-06-06,204.0,215.3500061035156,203.52999877929688,213.1100006103516,209.2520294189453,1607600,4283.85009765625
2023-06-07,213.91000366210935,219.13999938964844,213.2700042724609,218.82000732421875,214.8586578369141,1918500,4267.52001953125
2023-06-08,218.8000030517578,220.5500030517578,216.33999633789065,219.6199951171875,215.64419555664065,1609700,4293.93017578125
2023-06-09,220.0500030517578,222.8300018310547,218.3600006103516,220.5,216.5082244873047,1492600,4298.85986328125
2023-06-12,220.1699981689453,220.57000732421875,217.1000061035156,218.5500030517578,214.5935516357422,1478700,4338.93017578125
2023-06-13,220.8500061035156,229.5800018310547,219.5399932861328,228.8500061035156,224.7070770263672,2178500,4369.009765625
2023-06-14,231.3000030517578,233.7400054931641,225.00999450683597,226.8000030517578,222.69419860839844,1942700,4372.58984375
2023-06-15,225.25,232.3600006103516,224.66000366210935,230.91000366210935,227.13037109375,1367900,4425.83984375
2023-06-16,231.3600006103516,231.8999938964844,227.1999969482422,228.1699981689453,224.43521118164065,2348800,4409.58984375
2023-06-20,228.57000732421875,233.6000061035156,225.08999633789065,232.22000122070312,228.4189453125,2286600,4388.7099609375
2023-06-21,230.0,233.02999877929688,229.17999267578125,230.3800048828125,226.60903930664065,1553500,4365.68994140625
2023-06-22,228.7700042724609,228.7700042724609,222.41000366210935,226.0,222.30072021484372,1594700,4381.89013671875
2023-06-23,221.69000244140625,221.9600067138672,218.1999969482422,220.17999267578125,216.5760040283203,3467300,4348.330078125
2023-06-26,221.8500061035156,228.02999877929688,221.3699951171875,225.22000122070312,221.53350830078125,1688700,4328.81982421875
2023-06-27,224.8000030517578,227.9900054931641,221.3999938964844,227.07000732421875,223.3532257080078,1174900,4378.41015625
2023-06-28,225.47999572753903,225.6499938964844,216.6999969482422,217.0,213.4480438232422,1901300,4376.85986328125
2023-06-29,217.1300048828125,219.6199951171875,215.6199951171875,218.97999572753903,215.3956298828125,1604900,4396.43994140625
2023-06-30,219.2899932861328,223.8300018310547,216.6000061035156,223.08999633789065,219.4383544921875,1347900,4450.3798828125
2023-07-03,224.25999450683597,232.16000366210935,224.25999450683597,229.25999450683597,225.5073699951172,1496100,4455.58984375
2023-07-05,228.1999969482422,232.19000244140625,226.42999267578125,229.0200042724609,225.27130126953125,1485200,4446.81982421875
2023-07-06,225.47999572753903,227.9600067138672,219.8699951171875,227.57000732421875,223.8450469970703,1690400,4411.58984375
2023-07-07,227.0,240.25999450683597,227.0,237.5200042724609,233.63217163085935,2140800,4398.9501953125
2023-07-10,237.5,241.19000244140625,236.80999755859372,239.8600006103516,235.9338836669922,1281700,4409.52978515625
2023-07-11,244.4900054931641,247.44000244140625,238.00999450683597,239.08999633789065,235.1764678955078,1526200,4439.259765625
2023-07-12,240.0,246.7100067138672,240.0,243.44000244140625,239.4552764892578,1181900,4472.16015625
2023-07-13,246.0,246.0,240.1199951171875,241.6699981689453,237.7142333984375,994800,4510.0400390625
2023-07-14,241.4900054931641,241.7400054931641,234.5,235.2700042724609,231.4189910888672,1080400,4505.419921875
2023-07-17,234.1199951171875,239.4499969482422,234.0,237.66000366210935,233.76988220214844,880100,4522.7900390625
2023-07-18,238.00999450683597,239.1300048828125,235.0800018310547,237.02999877929688,233.1501617431641,1071300,4554.97998046875
2023-07-19,237.0,237.5500030517578,231.5399932861328,232.5200042724609,228.7140045166016,1242500,4565.72021484375
2023-07-20,230.0,231.52999877929688,221.57000732421875,223.1100006103516,219.45803833007807,2255800,4534.8701171875
2023-07-21,220.75,221.1199951171875,211.57000732421875,215.9900054931641,212.45458984375,2832600,4536.33984375
2023-07-24,213.9199981689453,214.38999938964844,208.3500061035156,210.8000030517578,207.34954833984372,2291700,4554.64013671875
2023-07-25,212.63999938964844,217.7700042724609,211.41000366210935,212.50999450683597,209.03152465820312,2097700,4567.4599609375
2023-07-26,211.47000122070312,213.1100006103516,208.13999938964844,210.0200042724609,206.58230590820312,1626900,4566.75
2023-07-27,210.92999267578125,210.9499969482422,205.1100006103516,205.9499969482422,202.5789031982422,2250200,4537.41015625
2023-07-28,210.3300018310547,211.9600067138672,205.6199951171875,208.0500030517578,204.64456176757807,1828100,4582.22998046875
2023-07-31,208.07000732421875,215.82000732421875,206.80999755859372,212.27999877929688,208.8052978515625,3307800,4588.9599609375
2023-08-01,210.0,211.0399932861328,205.92999267578125,207.9900054931641,204.5855407714844,1944300,4576.72998046875
2023-08-02,205.4900054931641,205.72000122070312,201.0,202.88999938964844,199.5690155029297,2041500,4513.39013671875
2023-08-03,214.5399932861328,214.9900054931641,198.82000732421875,199.3500061035156,196.0869598388672,3202400,4501.89013671875
2023-08-04,200.8999938964844,205.8600006103516,199.25999450683597,200.08999633789065,196.8148498535156,2147300,4478.02978515625
2023-08-07,200.1499938964844,200.44000244140625,194.72000122070312,196.75,193.52952575683597,1723500,4518.43994140625
2023-08-08,193.91000366210935,195.6999969482422,191.52999877929688,195.6499938964844,192.4475250244141,1505900,4499.3798828125
2023-08-09,196.5,197.5399932861328,194.1100006103516,194.22000122070312,191.0409240722656,1077800,4467.7099609375
2023-08-10,195.5500030517578,195.82000732421875,191.16000366210935,191.6699981689453,188.53265380859372,1954200,4468.830078125
2023-08-11,190.3300018310547,190.50999450683597,186.75999450683597,187.4900054931641,184.42108154296875,1782700,4464.0498046875
2023-08-14,184.77999877929688,185.97999572753903,182.0800018310547,185.5399932861328,182.5030059814453,2802500,4489.72021484375
2023-08-15,182.8800048828125,184.9600067138672,179.27999877929688,184.0399932861328,181.02752685546875,2676500,4437.85986328125
2023-08-16,182.1999969482422,186.7899932861328,179.85000610351562,181.52999877929688,178.55860900878906,1851200,4404.330078125
2023-08-17,181.27999877929688,184.69000244140625,180.0399932861328,182.67999267578125,179.68980407714844,2091300,4370.35986328125
2023-08-18,180.7899932861328,183.6699981689453,180.32000732421875,183.38999938964844,180.38818359375,1775100,4369.7099609375
2023-08-21,185.97999572753903,188.5399932861328,185.6999969482422,188.07000732421875,184.99159240722656,1787100,4399.77001953125
2023-08-22,189.75999450683597,190.47000122070312,185.8800048828125,188.16000366210935,185.0801239013672,1869900,4387.5498046875
2023-08-23,188.5200042724609,192.3500061035156,186.75999450683597,191.77999877929688,188.64085388183597,1189200,4436.009765625
2023-08-24,192.0399932861328,192.92999267578125,189.3500061035156,190.7400054931641,187.61788940429688,1281300,4376.31005859375
2023-08-25,190.0,190.8699951171875,185.66000366210935,189.7400054931641,186.63424682617188,1761100,4405.7099609375
2023-08-28,189.47000122070312,192.97999572753903,189.00999450683597,189.63999938964844,186.535888671875,1176300,4433.31005859375
2023-08-29,190.6300048828125,198.7899932861328,189.4600067138672,197.75,194.5131378173828,1713000,4497.6298828125
2023-08-30,197.2100067138672,199.22000122070312,195.7100067138672,198.58999633789065,195.33937072753903,1081400,4514.8701171875
2023-08-31,199.58999633789065,199.97000122070312,197.8999938964844,198.7100067138672,195.4574279785156,1001100,4507.66015625
2023-09-01,200.66000366210935,202.0399932861328,198.6000061035156,200.25999450683597,196.98204040527344,1158100,4515.77001953125
2023-09-05,200.2400054931641,203.6199951171875,197.3300018310547,200.8000030517578,197.51321411132807,2580900,4496.830078125
2023-09-06,200.4499969482422,201.75999450683597,187.88999938964844,189.8300018310547,186.7227783203125,2544100,4465.47998046875
2023-09-07,186.69000244140625,188.3600006103516,184.02999877929688,187.57000732421875,184.49978637695312,1766700,4451.14013671875
2023-09-08,187.0500030517578,187.50999450683597,182.30999755859372,184.42999267578125,181.41116333007807,1531400,4457.490234375
2023-09-11,186.3000030517578,189.19000244140625,185.6499938964844,186.32000732421875,183.27024841308597,1297900,4487.4599609375
2023-09-12,186.0,188.3999938964844,183.6100006103516,184.3500061035156,181.33248901367188,1480700,4461.89990234375
2023-09-13,185.30999755859372,186.82000732421875,182.97999572753903,184.5800018310547,181.5587158203125,1437600,4467.43994140625
2023-09-14,186.1499938964844,186.6300048828125,183.80999755859372,184.97000122070312,182.3374938964844,1552600,4505.10009765625
2023-09-15,184.3300018310547,188.47000122070312,182.92999267578125,183.83999633789065,181.2235565185547,1980400,4450.31982421875
2023-09-18,183.3800048828125,183.5,179.47000122070312,181.6199951171875,179.03517150878906,1419800,4453.52978515625
2023-09-19,181.3000030517578,182.25,178.41000366210938,179.99000549316406,177.42835998535156,1397000,4443.9501953125
2023-09-20,180.08999633789062,181.47999572753903,174.2100067138672,174.44000244140625,171.95733642578125,1729600,4402.2001953125
2023-09-21,172.5,172.72000122070312,167.6699981689453,168.94000244140625,166.53562927246094,2246100,4330.0
2023-09-22,172.14999389648438,173.50999450683594,167.67999267578125,168.2100067138672,165.8159942626953,1288100,4320.06005859375
2023-09-25,166.38999938964844,167.89999389648438,164.22999572753906,166.88999938964844,164.51480102539062,1788700,4337.43994140625
2023-09-26,164.50999450683594,166.16000366210938,162.0,163.64999389648438,161.32090759277344,2295000,4273.52978515625
2023-09-27,165.11000061035156,165.5800018310547,162.07000732421875,162.6300048828125,160.31541442871094,2245600,4274.509765625
2023-09-28,163.97999572753906,173.27999877929688,163.52000427246094,172.39999389648438,169.9463653564453,2547500,4299.7001953125
2023-09-29,175.0,176.8300018310547,169.69000244140625,170.0399932861328,167.6199493408203,1969600,4288.0498046875
2023-10-02,169.19000244140625,169.58999633789062,161.3699951171875,162.41000366210938,160.0985565185547,1949900,4288.39013671875
2023-10-03,160.0,161.3000030517578,155.14999389648438,156.77000427246094,154.538818359375,2514900,4229.4501953125
2023-10-04,157.55999755859375,158.8800048828125,152.1300048828125,158.39999389648438,156.1456298828125,2304300,4263.75
2023-10-05,157.2100067138672,157.6699981689453,152.0,155.02999877929688,152.82357788085938,1948500,4258.18994140625
2023-10-06,154.66000366210938,161.1699981689453,153.66000366210938,159.83999633789062,157.56512451171875,1834200,4308.5
2023-10-09,157.19000244140625,158.5,153.1999969482422,155.75,153.53334045410156,2607400,4335.66015625
2023-10-10,158.75999450683594,164.0,158.00999450683594,162.0800018310547,159.77325439453125,2484900,4358.240234375
2023-10-11,162.0800018310547,166.33999633789062,162.0800018310547,164.8000030517578,162.4545440673828,1777300,4376.9501953125
2023-10-12,174.8000030517578,177.52000427246094,165.94000244140625,170.8000030517578,168.36915588378906,3322900,4349.60986328125
2023-10-13,171.83999633789062,175.1999969482422,162.8000030517578,163.3800048828125,161.05474853515625,2288900,4327.77978515625
2023-10-16,165.97000122070312,169.83999633789062,165.5800018310547,167.72999572753906,165.3428192138672,1884300,4373.6298828125
2023-10-17,166.22000122070312,172.08999633789062,165.50999450683594,169.47999572753906,167.06793212890625,1594500,4373.2001953125
2023-10-18,163.64999389648438,164.05999755859375,152.05999755859375,152.88999938964844,150.71405029296875,5773400,4314.60009765625
2023-10-19,150.57000732421875,151.60000610351562,142.6699981689453,144.55999755859375,142.50259399414062,4207900,4278.0
2023-10-20,142.94000244140625,144.6199951171875,138.5500030517578,138.67999267578125,136.70626831054688,3655200,4224.16015625
2023-10-23,136.55999755859375,138.85000610351562,134.33999633789062,136.27999877929688,134.34042358398438,3210900,4217.0400390625
2023-10-24,137.0,141.8000030517578,136.94000244140625,139.24000549316406,137.25833129882812,2326400,4247.68017578125
2023-10-25,136.0,138.11000061035156,133.22000122070312,135.32000732421875,133.3941192626953,2988400,4186.77001953125
2023-10-26,136.38999938964844,138.9499969482422,134.67999267578125,135.2100067138672,133.28567504882812,2272300,4137.22998046875
2023-10-27,136.7899932861328,138.35000610351562,133.80999755859375,134.44000244140625,132.52662658691406,1508000,4117.3701171875
2023-10-30,136.0,137.47999572753906,126.7699966430664,127.41000366210938,125.5966796875,3854400,4166.81982421875
2023-10-31,126.66999816894533,127.3499984741211,123.16999816894533,126.77999877929688,124.9756317138672,6601200,4193.7998046875
2023-11-01,125.77999877929688,126.0,119.61000061035156,122.95999908447266,121.21002197265624,4793400,4237.85986328125
2023-11-02,119.0,127.0,116.3499984741211,124.62000274658205,122.84638214111328,7173500,4317.77978515625
2023-11-03,127.80999755859376,134.22000122070312,126.51000213623048,127.9800033569336,126.1585693359375,4234900,4358.33984375
2023-11-06,125.08999633789062,125.73999786376952,118.5,119.45999908447266,117.75982666015624,4014100,4365.97998046875
2023-11-07,119.0,123.12000274658205,118.5999984741211,122.11000061035156,120.37210845947266,2695000,4378.3798828125
2023-11-08,121.61000061035156,123.4000015258789,117.86000061035156,119.01000213623048,117.31623077392578,2398500,4382.77978515625
2023-11-09,119.9800033569336,120.5999984741211,113.63999938964844,114.5999984741211,112.96898651123048,2744600,4347.35009765625
2023-11-10,114.75,117.76000213623048,113.18000030517578,116.9800033569336,115.31513214111328,2647000,4415.240234375
2023-11-13,114.61000061035156,116.87999725341795,112.0,114.19000244140624,112.56483459472656,4332900,4411.5498046875
2023-11-14,118.75,126.31999969482422,118.75,125.31999969482422,123.5364227294922,4044100,4495.7001953125
2023-11-15,127.16999816894533,134.4600067138672,127.16000366210938,127.72000122070312,125.90226745605467,3351300,4502.8798828125
2023-11-16,124.8000030517578,127.04000091552734,120.4800033569336,122.5999984741211,120.85513305664062,3561700,4508.240234375
2023-11-17,125.0,127.43000030517578,123.04000091552734,127.38999938964844,125.57696533203124,2016300,4514.02001953125
2023-11-20,127.56999969482422,131.50999450683594,126.25,130.36000061035156,128.50469970703125,2915700,4547.3798828125
2023-11-21,128.6999969482422,130.72000122070312,125.41000366210938,126.12999725341795,124.33489227294922,2553500,4538.18994140625
2023-11-22,126.12999725341795,126.62999725341795,121.0,126.58999633789062,124.78834533691406,2590700,4556.6201171875
2023-11-24,125.23999786376952,130.27999877929688,125.1999969482422,128.8699951171875,127.03589630126952,1429500,4559.33984375
2023-11-27,125.4000015258789,125.79000091552734,118.31999969482422,120.77999877929688,119.06103515625,4314700,4550.43017578125
2023-11-28,121.5,125.9499969482422,120.16999816894533,123.91000366210938,122.14649200439452,2438800,4554.89013671875
2023-11-29,126.45999908447266,128.4499969482422,121.62999725341795,123.37999725341795,121.62403106689452,2546400,4550.580078125
2023-11-30,124.20999908447266,124.20999908447266,118.8000030517578,121.2699966430664,119.54405975341795,4047900,4567.7998046875
2023-12-01,119.72000122070312,126.22000122070312,119.1999969482422,126.16000366210938,124.3644790649414,2803400,4594.6298828125
2023-12-04,123.9000015258789,125.95999908447266,119.20999908447266,119.9800033569336,118.27243041992188,3416700,4569.77978515625
2023-12-05,116.22000122070312,116.9499969482422,112.12000274658205,113.26000213623048,111.6480712890625,4357500,4567.18017578125
2023-12-06,117.5,122.16999816894533,116.70999908447266,118.3000030517578,116.61634063720705,5036100,4549.33984375
2023-12-07,121.2300033569336,126.08000183105467,120.9499969482422,125.3499984741211,123.56600189208984,3971300,4585.58984375
2023-12-08,129.0,133.25,127.7300033569336,127.98999786376952,126.16842651367188,4842700,4604.3701171875
2023-12-11,124.0,127.04000091552734,120.75,126.54000091552734,124.73906707763672,2798200,4622.43994140625
2023-12-12,126.54000091552734,128.6300048828125,123.4499969482422,127.94000244140624,126.11913299560548,3062200,4643.7001953125
2023-12-13,129.36000061035156,140.80999755859375,129.33999633789062,140.05999755859375,138.066650390625,4955100,4707.08984375
2023-12-14,143.5,148.77000427246094,143.35000610351562,145.88999938964844,144.22555541992188,5668500,4719.5498046875
2023-12-15,147.16000366210938,151.22999572753906,145.50999450683594,147.05999755859375,145.38221740722656,5938100,4719.18994140625
2023-12-18,147.13999938964844,147.4199981689453,143.9199981689453,145.91000366210938,144.24533081054688,2652800,4740.56005859375
2023-12-19,148.4199981689453,151.2899932861328,147.52999877929688,148.92999267578125,147.23086547851562,2276800,4768.3701171875
2023-12-20,148.6199951171875,150.07000732421875,141.77000427246094,142.52999877929688,140.9038848876953,2627600,4698.35009765625
2023-12-21,146.1199951171875,147.3300018310547,143.47999572753906,145.4499969482422,143.79055786132812,1799800,4746.75
2023-12-22,145.94000244140625,153.5399932861328,145.4499969482422,150.08999633789062,148.37762451171875,2599100,4754.6298828125
2023-12-26,152.08999633789062,153.08999633789062,149.10000610351562,152.38999938964844,150.65139770507812,1958100,4774.75
2023-12-27,153.19000244140625,153.2100067138672,147.22999572753906,149.32000732421875,147.61643981933594,2027600,4781.580078125
2023-12-28,149.3000030517578,151.7899932861328,149.0,149.42999267578125,147.7251739501953,1378400,4783.35009765625
2023-12-29,149.02999877929688,149.02999877929688,142.14999389648438,144.47999572753906,142.83164978027344,2834100,4769.830078125
2024-01-02,143.0,149.61000061035156,141.25999450683594,146.88999938964844,145.2141571044922,1962300,4742.830078125
2024-01-03,142.58999633789062,142.89999389648438,136.6999969482422,140.17999267578125,138.58070373535156,2731000,4704.81005859375
2024-01-04,141.0800018310547,141.0800018310547,135.02999877929688,135.92999267578125,134.37918090820312,3208000,4688.68017578125
2024-01-05,135.4199981689453,138.22000122070312,133.9499969482422,135.8300018310547,134.28033447265625,2283800,4697.240234375
2024-01-08,134.1999969482422,136.99000549316406,132.75,136.5800018310547,135.0217742919922,1879300,4763.5400390625
2024-01-09,133.99000549316406,135.1199951171875,131.10000610351562,133.6699981689453,132.1449737548828,1832400,4756.5
2024-01-10,131.7899932861328,134.08999633789062,130.1199951171875,132.94000244140625,131.42332458496094,2145700,4783.4501953125
2024-01-11,132.74000549316406,133.17999267578125,127.93000030517578,128.64999389648438,127.1822509765625,2976800,4780.240234375
2024-01-12,128.7899932861328,130.1199951171875,125.6500015258789,126.0500030517578,124.61192321777344,1636800,4783.830078125
2024-01-16,125.5,127.0500030517578,123.83999633789062,125.9499969482422,124.51304626464844,2256600,4765.97998046875
2024-01-17,123.0199966430664,124.61000061035156,120.23999786376952,120.6999969482422,119.3229522705078,2818600,4739.2099609375
2024-01-18,121.08999633789062,121.37000274658205,115.12000274658205,117.98999786376952,116.64386749267578,3418700,4780.93994140625
2024-01-19,118.08000183105467,118.08999633789062,112.29000091552734,115.12999725341795,113.81649780273438,4168300,4839.81005859375
2024-01-22,113.77999877929688,122.79000091552734,113.0,120.75,119.37238311767578,4026800,4850.43017578125
2024-01-23,123.91999816894533,127.23999786376952,120.81999969482422,122.58999633789062,121.19139099121094,2877400,4864.60009765625
2024-01-24,125.3499984741211,126.08000183105467,120.0199966430664,121.69000244140624,120.3016586303711,2026500,4868.5498046875
2024-01-25,122.0,123.37000274658205,115.95999908447266,118.4499969482422,117.09861755371094,2810400,4894.16015625
2024-01-26,120.06999969482422,122.12999725341795,119.0,119.83999633789062,118.4727554321289,1525000,4890.97021484375
2024-01-29,118.6500015258789,123.27999877929688,117.37999725341795,123.1999969482422,121.79442596435548,1996400,4927.93017578125
2024-01-30,121.2699966430664,122.98999786376952,118.8000030517578,120.30999755859376,118.9374008178711,1948700,4924.97021484375
2024-01-31,119.25,120.0999984741211,114.4800033569336,114.73999786376952,113.43094635009766,3653300,4845.64990234375
2024-02-01,117.0,118.0999984741211,113.29000091552734,116.77999877929688,115.44766998291016,3398400,4906.18994140625
2024-02-02,114.33999633789062,115.58000183105467,112.5,114.25,112.94654083251952,2852400,4958.60986328125
2024-02-05,111.77999877929688,112.6999969482422,108.38999938964844,108.7300033569336,107.48951721191406,3891700,4942.81005859375
2024-02-06,109.8000030517578,114.02999877929688,109.5999984741211,113.0199966430664,111.73057556152344,3042900,4954.22998046875
2024-02-07,114.12999725341795,115.98999786376952,111.5,115.0500030517578,113.73741149902344,2427500,4995.06005859375
2024-02-08,114.06999969482422,115.33999633789062,112.27999877929688,114.33000183105467,113.02562713623048,2473800,4997.91015625
2024-02-09,113.5,116.19000244140624,113.12999725341795,115.77999877929688,114.45907592773438,2491700,5026.60986328125
2024-02-12,115.75,122.6500015258789,115.66000366210938,120.08999633789062,118.71990966796876,2865800,5021.83984375
2024-02-13,114.0,114.81999969482422,111.16999816894533,112.1999969482422,110.919921875,3997300,4953.169921875
2024-02-14,113.7300033569336,114.5,111.68000030517578,114.38999938964844,113.08494567871094,3134200,5000.6201171875
2024-02-15,112.0,124.18000030517578,112.0,117.5,116.15945434570312,6739200,5029.72998046875
2024-02-16,118.87000274658205,125.8499984741211,118.7699966430664,122.58999633789062,121.19139099121094,4405100,5005.56982421875
2024-02-20,122.0999984741211,122.0999984741211,113.4000015258789,114.81999969482422,113.5100326538086,3840200,4975.509765625
2024-02-21,115.1999969482422,120.56999969482422,114.05999755859376,118.5500030517578,117.19747924804688,3683300,4981.7998046875
2024-02-22,117.9499969482422,120.4000015258789,116.76000213623048,118.18000030517578,116.83170318603516,2018300,5087.02978515625
2024-02-23,118.4800033569336,122.0500030517578,115.91999816894533,120.6500015258789,119.27351379394533,2762300,5088.7998046875
2024-02-26,120.0,124.25,118.75,121.5199966430664,120.1335906982422,2081000,5069.52978515625
2024-02-27,127.44000244140624,130.32000732421875,126.5,128.58999633789062,127.12293243408205,3540300,5078.18017578125
2024-02-28,130.66000366210938,133.75,129.97999572753906,132.05999755859375,130.5533447265625,2733100,5069.759765625
2024-02-29,136.5399932861328,140.63999938964844,135.75999450683594,137.85000610351562,136.27728271484375,4563000,5096.27001953125
2024-03-01,138.3800048828125,143.19000244140625,137.8800048828125,142.8000030517578,141.1708221435547,3279700,5137.080078125
2024-03-04,140.14999389648438,140.22000122070312,133.1199951171875,133.1999969482422,131.68032836914062,4216900,5130.9501953125
2024-03-05,122.05999755859376,122.44000244140624,106.69000244140624,109.4000015258789,108.15187072753906,19347700,5078.64990234375
2024-03-06,110.27999877929688,119.83000183105467,110.27999877929688,119.58999633789062,118.2256088256836,15606700,5104.759765625
2024-03-07,119.0500030517578,123.29000091552734,118.29000091552734,122.66000366210938,121.2605972290039,4235500,5157.35986328125
2024-03-08,123.30999755859376,124.25,118.0,118.33000183105467,116.97998809814452,3478700,5123.68994140625
2024-03-11,119.37000274658205,125.83999633789062,119.37000274658205,124.75,123.32675170898438,4130100,5117.93994140625
2024-03-12,127.06999969482422,128.5,121.33999633789062,123.93000030517578,122.51610565185548,3443100,5175.27001953125
2024-03-13,122.87999725341795,126.9000015258789,122.22000122070312,125.79000091552734,124.3548812866211,2176900,5165.31005859375
2024-03-14,122.5,123.25,119.12999725341795,119.88999938964844,118.90028381347656,3010000,5150.47998046875
2024-03-15,119.0,123.0,116.7699966430664,122.13999938964844,121.1317138671875,3203000,5117.08984375
2024-03-18,123.7300033569336,125.73999786376952,120.5,124.58000183105467,123.55157470703124,1886200,5149.419921875
2024-03-19,121.5,123.36000061035156,120.25,120.54000091552734,119.544921875,2326600,5178.509765625
2024-03-20,120.2699966430664,126.7300033569336,119.5,124.4499969482422,123.42263793945312,2529000,5224.6201171875
2024-03-21,125.8499984741211,127.56999969482422,124.12000274658205,124.86000061035156,123.82925415039062,2350900,5241.52978515625
2024-03-22,121.98999786376952,125.12999725341795,120.79000091552734,120.86000061035156,119.8622817993164,2454800,5234.18017578125
2024-03-25,120.58000183105467,122.2300033569336,118.25,118.3499984741211,117.3730010986328,2129300,5218.18994140625
2024-03-26,119.25,120.54000091552734,117.27999877929688,119.01000213623048,118.02754974365234,2506100,5203.580078125
2024-03-27,119.6500015258789,129.02000427246094,119.63999938964844,128.8000030517578,127.73673248291016,4722600,5248.490234375
2024-03-28,128.97999572753906,132.4199981689453,127.2699966430664,131.74000549316406,130.6524658203125,3988800,5254.35009765625
2024-04-01,132.0,132.8000030517578,126.87999725341795,129.17999267578125,128.11358642578125,2088100,5243.77001953125
2024-04-02,127.0500030517578,127.79000091552734,124.9000015258789,126.4800033569336,125.43588256835938,2335400,5205.81005859375
2024-04-03,127.29000091552734,129.99000549316406,125.4000015258789,128.8699951171875,127.80614471435548,1946300,5211.490234375
2024-04-04,130.41000366210938,131.00999450683594,120.91999816894533,121.12000274658205,120.12013244628906,3032900,5147.2099609375
2024-04-05,120.23999786376952,123.73999786376952,119.63999938964844,123.4499969482422,122.43089294433594,1900800,5204.33984375
2024-04-08,125.19000244140624,133.08999633789062,124.51000213623048,131.69000244140625,130.60287475585938,3560800,5202.39013671875
2024-04-09,132.9199981689453,133.72000122070312,127.37999725341795,129.16000366210938,128.09376525878906,3003500,5209.91015625
2024-04-10,129.35000610351562,131.74000549316406,125.41000366210938,127.6500015258789,126.59622955322266,3605200,5160.64013671875
2024-04-11,129.2899932861328,130.8300018310547,125.0999984741211,130.30999755859375,129.2342529296875,3169600,5199.06005859375
2024-04-12,129.8800048828125,130.86000061035156,122.11000061035156,122.58000183105467,121.56808471679688,2803100,5123.41015625
2024-04-15,123.66000366210938,124.73999786376952,119.9000015258789,120.5,119.5052490234375,1943500,5061.81982421875
2024-04-16,116.87999725341795,119.0500030517578,113.88999938964844,114.11000061035156,113.16799926757812,3493100,5051.41015625
2024-04-17,115.3499984741211,117.91000366210938,114.33000183105467,114.38999938964844,113.44568634033205,2080400,5022.2099609375
2024-04-18,114.62000274658205,114.93000030517578,110.51000213623048,111.8000030517578,110.8770751953125,2208200,5011.1201171875
2024-04-19,111.68000030517578,114.75,111.2699966430664,112.1500015258789,111.22418212890624,1975700,4967.22998046875
2024-04-22,111.7699966430664,113.77999877929688,108.3000030517578,112.29000091552734,111.36302185058594,2281900,5010.60009765625
2024-04-23,111.25,115.93000030517578,110.27999877929688,114.20999908447266,113.26717376708984,1782700,5070.5498046875
2024-04-24,114.3000030517578,115.7300033569336,112.18000030517578,115.2699966430664,114.31842041015624,2235300,5071.6298828125
2024-04-25,113.52999877929688,115.52999877929688,111.0500030517578,114.9800033569336,114.03082275390624,1421100,5048.419921875
2024-04-26,116.01000213623048,118.06999969482422,114.83000183105467,116.87999725341795,115.91513061523438,1723600,5099.9599609375
2024-04-29,122.5,125.88999938964844,122.19000244140624,125.7300033569336,124.69207763671876,3866300,5116.169921875
2024-04-30,122.98999786376952,124.43000030517578,119.62000274658205,120.30999755859376,119.31681060791016,3574600,5035.68994140625
2024-05-01,120.5199966430664,123.05999755859376,117.73999786376952,119.0,118.01763153076172,2700200,5018.39013671875
2024-05-02,117.5,127.4800033569336,117.3499984741211,125.3000030517578,124.265625,4490000,5064.2001953125
2024-05-03,128.10000610351562,130.92999267578125,127.37999725341795,128.10000610351562,127.04251861572266,2600100,5127.7900390625
2024-05-06,130.47999572753906,131.5,127.6500015258789,130.77999877929688,129.7003936767578,1959500,5180.740234375
2024-05-07,130.35000610351562,135.75,130.00999450683594,131.5500030517578,130.4640350341797,2429600,5187.7001953125
2024-05-08,128.11000061035156,130.8800048828125,126.8000030517578,130.4600067138672,129.38302612304688,1810400,5187.669921875
2024-05-09,131.2100067138672,133.88999938964844,129.5,133.5500030517578,132.44752502441406,1963900,5214.080078125
2024-05-10,133.89999389648438,133.89999389648438,129.05999755859375,129.6199951171875,128.54995727539062,1920500,5222.68017578125
2024-05-13,131.11000061035156,134.2899932861328,130.47000122070312,131.50999450683594,130.4243621826172,1562500,5221.419921875
2024-05-14,133.0,137.0,132.8699951171875,135.4600067138672,134.3417510986328,2161800,5246.68017578125
2024-05-15,137.25999450683594,137.5,126.6500015258789,127.56999969482422,126.51688385009766,3929700,5308.14990234375
2024-05-16,128.61000061035156,130.44000244140625,126.75,129.19000244140625,128.12351989746094,1743400,5297.10009765625
2024-05-17,129.6699981689453,134.75,129.25,131.1199951171875,130.03756713867188,2283300,5303.27001953125
2024-05-20,131.0,131.0,126.3000030517578,130.14999389648438,129.07557678222656,2202900,5308.1298828125
2024-05-21,128.8300018310547,130.8000030517578,126.63999938964844,126.63999938964844,125.59455871582033,1655300,5321.41015625
2024-05-22,124.0,128.35000610351562,122.8000030517578,126.4800033569336,125.43588256835938,2423500,5307.009765625
2024-05-23,126.76000213623048,126.76000213623048,122.66999816894533,122.9499969482422,121.93502044677734,1754400,5267.83984375
2024-05-24,123.95999908447266,127.6999969482422,123.63999938964844,127.58999633789062,126.5367202758789,1445200,5304.72021484375
2024-05-28,128.27999877929688,129.5,125.9000015258789,127.76000213623048,126.70531463623048,2105200,5306.0400390625
2024-05-29,124.70999908447266,126.36000061035156,123.41000366210938,123.44000244140624,122.42098236083984,1765900,5266.9501953125
2024-05-30,123.56999969482422,125.94000244140624,123.31999969482422,123.77999877929688,122.75817108154295,1557400,5235.47998046875
2024-05-31,124.19000244140624,125.3000030517578,120.20999908447266,122.58999633789062,121.57799530029295,3525200,5277.509765625
2024-06-03,124.83999633789062,124.83999633789062,119.79000091552734,120.88999938964844,119.89202880859376,2123800,5283.39990234375
2024-06-04,119.75,120.62999725341795,118.04000091552734,118.30999755859376,117.33332824707033,2119400,5291.33984375
2024-06-05,119.05999755859376,120.27999877929688,117.4800033569336,118.6500015258789,117.67051696777344,1645800,5354.02978515625
2024-06-06,117.0,118.5199966430664,114.43000030517578,118.18000030517578,117.20439910888672,3002600,5352.9599609375
2024-06-07,116.77999877929688,117.55999755859376,114.2300033569336,114.94000244140624,113.99114990234376,2056800,5346.990234375
2024-06-10,114.0,114.88999938964844,112.41999816894533,114.05999755859376,113.118408203125,1701700,5360.7900390625
2024-06-11,113.54000091552734,114.16000366210938,112.13999938964844,113.97000122070312,113.0291519165039,1957100,5375.31982421875
2024-06-12,117.0,118.8000030517578,111.77999877929688,112.6500015258789,111.72005462646484,2723600,5421.02978515625
2024-06-13,111.5999984741211,113.29000091552734,107.66999816894533,108.2300033569336,107.33654022216795,4262400,5433.740234375
2024-06-14,107.0999984741211,108.58999633789062,103.31999969482422,103.51000213623048,103.03631591796876,3910600,5431.60009765625
2024-06-17,102.73999786376952,104.16000366210938,98.9499969482422,100.62999725341795,100.16948699951172,4291400,5473.22998046875
2024-06-18,100.36000061035156,102.5,98.6999969482422,99.54000091552734,99.08448028564452,3526900,5487.02978515625
2024-06-20,97.6999969482422,97.98999786376952,93.7300033569336,93.79000091552734,93.3607940673828,5663800,5473.169921875
2024-06-21,93.0,96.0,92.29000091552734,94.66000366210938,94.22681427001952,5567400,5464.6201171875
2024-06-24,93.5500030517578,96.52999877929688,93.19000244140624,96.4000015258789,95.95884704589844,3280600,5447.8701171875
2024-06-25,95.1999969482422,96.11000061035156,92.61000061035156,92.7699966430664,92.345458984375,3220900,5469.2998046875
2024-06-26,95.5199966430664,100.62999725341795,95.02999877929688,100.27999877929688,99.8210906982422,4847600,5477.89990234375
2024-06-27,98.4800033569336,99.0999984741211,94.87999725341795,96.2699966430664,95.82943725585938,4049900,5482.8701171875
2024-06-28,96.5,96.5999984741211,93.54000091552734,95.5199966430664,95.08287048339844,4489200,5460.47998046875
2024-07-01,95.25,97.44000244140624,94.81999969482422,97.41000366210938,96.9642333984375,2451700,5475.08984375
2024-07-02,98.80999755859376,102.55999755859376,96.0,97.05999755859376,96.6158218383789,4115200,5509.009765625
2024-07-03,98.0999984741211,101.37999725341795,97.0,100.08999633789062,99.6319580078125,2309100,5537.02001953125
2024-07-05,98.77999877929688,100.33999633789062,97.11000061035156,98.3499984741211,97.8999252319336,2229800,5567.18994140625
2024-07-08,99.1500015258789,101.6500015258789,99.11000061035156,99.1500015258789,98.6962661743164,2194000,5572.85009765625
2024-07-09,96.8499984741211,98.0199966430664,90.31999969482422,90.47000122070312,90.05598449707031,6421000,5576.97998046875
2024-07-10,91.04000091552734,97.3000030517578,90.75,96.9000015258789,96.45655822753906,4153900,5633.91015625
2024-07-11,98.36000061035156,100.1999969482422,96.91000366210938,97.9499969482422,97.5017547607422,2705800,5584.5400390625
2024-07-12,98.9800033569336,99.6999969482422,96.83000183105467,97.87000274658205,97.42212677001952,1968400,5615.35009765625
2024-07-15,93.5999984741211,96.9499969482422,93.12000274658205,95.48999786376952,95.05300903320312,2640000,5631.22021484375
2024-07-16,95.36000061035156,98.08999633789062,94.2699966430664,97.70999908447266,97.26285552978516,2586700,5667.2001953125
2024-07-17,97.30999755859376,99.26000213623048,92.6500015258789,95.08000183105467,94.64488983154295,2469000,5588.27001953125
2024-07-18,94.61000061035156,98.22000122070312,93.4499969482422,93.80999755859376,93.38069915771484,2324900,5544.58984375
2024-07-19,92.73999786376952,92.93000030517578,90.0199966430664,92.08999633789062,91.66857147216795,2235700,5505.0
2024-07-22,93.12999725341795,93.98999786376952,91.4000015258789,93.56999969482422,93.1417999267578,2075700,5564.41015625
2024-07-23,92.37999725341795,93.04000091552734,91.05999755859376,91.4800033569336,91.06136322021484,1896500,5555.740234375
2024-07-24,91.0,93.16999816894533,90.75,90.87999725341795,90.46410369873048,2100600,5427.1298828125
2024-07-25,90.5500030517578,94.72000122070312,90.1999969482422,91.0,90.58355712890624,2776600,5399.22021484375
2024-07-26,92.54000091552734,93.16000366210938,90.5999984741211,92.8000030517578,92.37532806396484,1868500,5459.10009765625
2024-07-29,91.41000366210938,92.4499969482422,90.27999877929688,91.66999816894533,91.25048828125,1915100,5463.5400390625
2024-07-30,91.02999877929688,93.16000366210938,90.4800033569336,92.51000213623048,92.08665466308594,2449400,5436.43994140625
2024-07-31,91.91999816894533,95.9499969482422,91.7699966430664,93.66999816894533,93.24134063720705,5757000,5522.2998046875
2024-08-01,94.0,99.47000122070312,91.87999725341795,93.16999816894533,92.7436294555664,4807500,5446.68017578125
2024-08-02,88.79000091552734,88.79000091552734,82.25,86.98999786376953,86.59191131591797,5807200,5346.56005859375
2024-08-05,80.30000305175781,85.44000244140625,79.9000015258789,83.5199966430664,83.13778686523438,5285400,5186.330078125
2024-08-06,84.05000305175781,84.11000061035156,79.45999908447266,79.52999877929688,79.16604614257812,3707800,5240.02978515625
2024-08-07,82.23999786376953,84.47000122070312,79.0,79.05999755859375,78.69819641113281,3367700,5199.5
2024-08-08,80.0,83.30999755859375,79.08999633789062,81.83000183105469,81.45552825927734,3296800,5319.31005859375
2024-08-09,82.2699966430664,82.61000061035156,80.0,81.6500015258789,81.27635192871094,2165700,5344.16015625
2024-08-12,81.58000183105469,81.66000366210938,74.81999969482422,76.0,75.65220642089844,4590200,5344.39013671875
2024-08-13,76.9000015258789,77.93000030517578,75.45999908447266,77.22000122070312,76.86662292480469,3969300,5434.43017578125
2024-08-14,77.0,77.0,71.97000122070312,72.8499984741211,72.51661682128906,4528400,5455.2099609375
2024-08-15,74.1500015258789,79.30999755859375,73.58999633789062,79.13999938964844,78.77783203125,6098800,5543.22021484375
2024-08-16,78.94999694824219,79.87999725341797,77.48999786376953,79.37000274658203,79.00678253173828,2921300,5554.25
2024-08-19,79.75,83.37000274658203,79.23999786376953,82.77999877929688,82.40117645263672,2947300,5608.25
2024-08-20,82.80000305175781,85.8499984741211,82.5999984741211,84.22000122070312,83.83458709716797,3463400,5597.1201171875
2024-08-21,85.5999984741211,88.8499984741211,84.91000366210938,88.5999984741211,88.19454193115234,3287700,5620.85009765625
2024-08-22,87.88999938964844,87.88999938964844,85.58999633789062,86.87999725341797,86.48241424560547,2588100,5570.64013671875
2024-08-23,87.83000183105469,90.83000183105467,87.0,90.5,90.08584594726562,2203800,5634.60986328125
2024-08-26,91.26000213623048,91.68000030517578,88.37999725341797,88.94000244140625,88.53298950195312,2020000,5616.83984375
2024-08-27,88.9800033569336,89.73999786376953,88.54000091552734,88.9800033569336,88.57280731201172,1165700,5625.7998046875
2024-08-28,88.05000305175781,88.66999816894531,87.55000305175781,88.0,87.5972900390625,1802100,5592.18017578125
2024-08-29,88.95999908447266,93.0,86.79000091552734,91.6500015258789,91.23058319091795,1875000,5591.9599609375
2024-08-30,93.0,94.69000244140624,89.52999877929688,90.25,89.83699035644531,2063100,5648.39990234375
2024-09-03,87.30000305175781,88.0,82.7300033569336,84.12000274658203,83.73504638671875,2748100,5528.93017578125
2024-09-04,83.12999725341797,87.19000244140625,83.12999725341797,84.75,84.3621597290039,2158200,5520.06982421875
2024-09-05,84.81999969482422,85.20999908447266,82.51000213623047,82.5999984741211,82.22200012207031,1421600,5503.41015625
2024-09-06,81.23999786376953,81.45999908447266,75.36000061035156,76.9000015258789,76.54808807373047,3495900,5408.419921875
2024-09-09,78.0,79.76000213623047,76.7699966430664,78.41000366210938,78.05117797851562,2238700,5471.0498046875
2024-09-10,78.01000213623047,78.69000244140625,75.44000244140625,78.62000274658203,78.26021575927734,2058300,5495.52001953125
2024-09-11,90.20999908447266,91.80999755859376,84.75,89.30000305175781,88.89134216308594,6391800,5554.1298828125
2024-09-12,89.30000305175781,89.87000274658203,86.73999786376953,88.5,88.09500122070312,2865000,5595.759765625
2024-09-13,88.9000015258789,89.80999755859375,85.87000274658203,87.44000244140625,87.44000244140625,2181700,5626.02001953125
2024-09-16,87.98999786376953,90.12000274658205,86.97000122070312,89.3499984741211,89.3499984741211,1566200,5633.08984375
2024-09-17,90.51000213623048,91.9000015258789,89.76000213623047,89.81999969482422,89.81999969482422,1925600,5634.580078125
2024-09-18,90.55999755859376,90.73999786376952,86.0999984741211,86.58999633789062,86.58999633789062,3200600,5618.259765625
2024-09-19,90.1999969482422,90.37000274658205,87.83999633789062,89.33000183105469,89.33000183105469,1976000,5713.64013671875
2024-09-20,88.47000122070312,88.97000122070312,85.44999694824219,86.02999877929688,86.02999877929688,4531400,5702.5498046875
2024-09-23,87.33000183105469,90.2699966430664,85.93000030517578,88.70999908447266,88.70999908447266,2005300,5718.56982421875
2024-09-24,92.6999969482422,94.8499984741211,90.45999908447266,90.45999908447266,90.45999908447266,3650500,5732.93017578125
2024-09-25,90.62000274658205,90.83999633789062,86.44999694824219,86.58000183105469,86.58000183105469,2170500,5722.259765625
2024-09-26,92.0,95.52999877929688,90.51000213623048,95.16999816894533,95.16999816894533,4339600,5745.3701171875
2024-09-27,97.1999969482422,98.25,94.81999969482422,96.0500030517578,96.0500030517578,2592800,5738.169921875
2024-09-30,96.19000244140624,98.0999984741211,94.1999969482422,94.70999908447266,94.70999908447266,1743200,5762.47998046875
2024-10-01,94.16000366210938,94.9499969482422,92.70999908447266,94.31999969482422,94.31999969482422,1269900,5708.75
2024-10-02,94.38999938964844,95.62999725341795,92.55999755859376,94.06999969482422,94.06999969482422,1271200,5709.5400390625
2024-10-03,92.0500030517578,95.0,91.9000015258789,94.30999755859376,94.30999755859376,1785600,5699.93994140625
2024-10-04,99.1999969482422,102.0999984741211,98.4000015258789,102.08999633789062,102.08999633789062,4783300,5751.06982421875
