Date,Open,High,Low,Close,Adj Close,Volume,SP500_Close
1993-06-03,14.875,15.0,14.5,14.6875,7.067939758300781,56603000,452.489990234375
1993-06-04,14.5625,14.6875,14.3125,14.3125,6.887483596801758,12644400,450.05999755859375
1993-06-07,14.125,14.25,14.0,14.0625,6.767177581787109,10043800,447.69000244140625
1993-06-08,14.0625,14.125,13.8125,13.875,6.676950454711914,6974600,444.7099914550781
1993-06-09,13.9375,14.25,13.9375,14.125,6.7972517013549805,4043200,445.7799987792969
1993-06-10,14.0625,14.125,13.9375,14.0,6.737102031707764,2605400,445.3800048828125
1993-06-11,14.0,14.1875,14.0,14.0,6.737102031707764,2641600,447.260009765625
1993-06-14,14.0625,14.125,13.875,13.875,6.676950454711914,1806200,447.7099914550781
1993-06-15,14.0,14.0,13.875,13.9375,6.707022666931152,2257600,446.2699890136719
1993-06-16,13.9375,14.0,13.875,14.0,6.737102031707764,2391600,447.42999267578125
1993-06-17,14.0,14.125,13.9375,14.0,6.737102031707764,2126800,448.5400085449219
1993-06-18,14.0,14.0,13.8125,13.8125,6.646872997283936,2128600,443.67999267578125
1993-06-21,13.8125,13.8125,13.5625,13.6875,6.586717128753662,2101000,446.2200012207031
1993-06-22,13.6875,13.875,13.6875,13.875,6.676950454711914,1593600,445.92999267578125
1993-06-23,13.875,14.0,13.8125,13.8125,6.646872997283936,1948000,443.19000244140625
1993-06-24,13.8125,14.0625,13.625,14.0625,6.767177581787109,3305200,446.6199951171875
1993-06-25,14.25,14.3125,14.0625,14.25,6.857408046722412,2468000,447.6000061035156
1993-06-28,14.1875,14.5,14.1875,14.5,6.977713108062744,2522600,451.8500061035156
1993-06-29,14.4375,14.5,14.125,14.375,6.917558670043945,1190800,450.69000244140625
1993-06-30,14.5,14.625,14.4375,14.5,6.977713108062744,2553800,450.5299987792969
1993-07-01,14.6875,14.75,14.3125,14.75,7.09801721572876,2857800,449.0199890136719
1993-07-02,14.4375,14.4375,14.3125,14.375,6.917558670043945,1077200,445.8399963378906
1993-07-06,14.4375,14.5625,14.3125,14.3125,6.887483596801758,1237600,441.42999267578125
1993-07-07,14.25,14.375,14.1875,14.25,6.857408046722412,1667200,442.8299865722656
1993-07-08,14.3125,14.5,14.25,14.4375,6.947634696960449,1588600,448.6400146484375
1993-07-09,14.5625,14.625,14.25,14.25,6.857408046722412,1731200,448.1099853515625
1993-07-12,14.375,14.375,13.9375,14.125,6.7972517013549805,1738600,448.9800109863281
1993-07-13,14.1875,14.4375,14.1875,14.3125,6.887483596801758,1305000,448.0899963378906
1993-07-14,14.3125,14.625,14.3125,14.625,7.03786563873291,1805600,450.0799865722656
1993-07-15,14.625,14.6875,14.5625,14.6875,7.067939758300781,1235400,449.2200012207031
1993-07-16,14.875,15.0625,14.75,14.9375,7.188247203826904,2590200,445.75
1993-07-19,15.0,15.1875,14.9375,15.1875,7.308548927307129,2590000,446.0299987792969
1993-07-20,15.75,15.75,15.3125,15.3125,7.368709564208984,3977600,447.30999755859375
1993-07-21,15.4375,15.4375,14.9375,14.9375,7.188247203826904,1779000,447.17999267578125
1993-07-22,15.0,15.0,14.75,14.8125,7.128096580505371,1095200,444.510009765625
1993-07-23,14.8125,15.0625,14.8125,14.9375,7.188247203826904,1060400,447.1000061035156
1993-07-26,15.0,15.25,14.9375,15.25,7.338626861572266,990000,449.0899963378906
1993-07-27,15.25,15.5625,15.25,15.25,7.338626861572266,942200,448.239990234375
1993-07-28,15.25,15.3125,15.125,15.1875,7.308548927307129,346200,447.19000244140625
1993-07-29,15.0625,15.375,15.0,15.25,7.338626861572266,1070400,450.239990234375
1993-07-30,15.25,15.5625,15.25,15.5625,7.489009857177734,1271200,448.1300048828125
1993-08-02,15.5625,15.6875,15.4375,15.5,7.458933353424072,1062200,450.1499938964844
1993-08-03,15.5625,15.8125,15.5625,15.6875,7.549164295196533,1316000,449.2699890136719
1993-08-04,15.75,15.875,15.5,15.625,7.519087791442871,752200,448.5400085449219
1993-08-05,15.6875,15.6875,15.25,15.25,7.338626861572266,910600,448.1300048828125
1993-08-06,15.4375,15.625,15.4375,15.5,7.458933353424072,718200,448.67999267578125
1993-08-09,15.5,15.5625,15.375,15.5,7.458933353424072,492000,450.7200012207031
1993-08-10,15.5,15.625,15.3125,15.3125,7.368709564208984,1608600,449.45001220703125
1993-08-11,15.4375,15.4375,15.1875,15.25,7.338626861572266,337400,450.4599914550781
1993-08-12,15.25,15.25,15.0,15.125,7.2784743309021,496200,448.9599914550781
1993-08-13,15.1875,15.1875,15.0,15.0,7.218322277069092,375200,450.1400146484375
1993-08-16,14.9375,15.0625,14.8125,14.875,7.158170223236084,1067800,452.3800048828125
1993-08-17,14.875,15.125,14.875,15.0,7.218322277069092,1069400,453.1300048828125
1993-08-18,15.0625,15.1875,15.0625,15.1875,7.308548927307129,809800,456.0400085449219
1993-08-19,15.1875,15.625,15.1875,15.625,7.519087791442871,861200,456.42999267578125
1993-08-20,15.5625,16.0,15.5625,16.0,7.699548721313477,2957000,456.1600036621094
1993-08-23,16.0625,16.0625,15.875,16.0,7.699548721313477,853000,455.2300109863281
1993-08-24,15.875,16.0625,15.875,15.9375,7.669469356536865,759800,459.7699890136719
1993-08-25,15.875,16.0,15.875,15.875,7.639393329620361,951200,460.1300048828125
1993-08-26,15.9375,16.0,15.75,16.0,7.699548721313477,721200,461.0400085449219
1993-08-27,16.0,16.0625,15.9375,16.0,7.699548721313477,316600,460.5400085449219
1993-08-30,15.875,15.9375,15.5625,15.625,7.519087791442871,945800,461.8999938964844
1993-08-31,15.5,15.625,15.4375,15.5,7.458933353424072,590000,463.55999755859375
1993-09-01,15.6875,15.9375,15.6875,15.9375,7.669469356536865,355400,463.1499938964844
1993-09-02,15.875,16.0,15.75,15.8125,7.609316825866699,682200,461.29998779296875
1993-09-03,15.8125,16.0625,15.8125,15.9375,7.669469356536865,550400,461.3399963378906
1993-09-07,16.0625,16.375,16.0,16.125,7.759695053100586,873000,458.5199890136719
1993-09-08,16.0,16.0,15.8125,15.875,7.639393329620361,1367800,456.6499938964844
1993-09-09,15.75,16.0625,15.75,15.9375,7.713201999664307,625400,457.5
1993-09-10,16.0,16.125,16.0,16.0625,7.773687362670898,664600,461.7200012207031
1993-09-13,16.0625,16.125,15.9375,16.0,7.74344539642334,344600,462.05999755859375
1993-09-14,16.0625,16.375,16.0,16.375,7.924931526184082,453200,459.8999938964844
1993-09-15,16.125,16.125,15.9375,16.0625,7.773687362670898,599200,461.6000061035156
1993-09-16,16.0,16.125,15.875,16.125,7.803936958312988,403400,459.42999267578125
1993-09-17,16.0,16.125,15.875,16.125,7.803936958312988,501600,458.8299865722656
1993-09-20,16.0625,16.0625,15.875,16.0,7.74344539642334,567400,455.04998779296875
1993-09-21,15.9375,15.9375,15.6875,15.875,7.682949066162109,816200,452.95001220703125
1993-09-22,15.875,16.0625,15.875,16.0,7.74344539642334,945800,456.20001220703125
1993-09-23,15.875,16.1875,15.875,16.1875,7.834189414978027,693600,457.739990234375
1993-09-24,16.125,16.1875,16.0625,16.0625,7.773687362670898,1074200,457.6300048828125
1993-09-27,16.1875,16.5625,16.1875,16.5,7.985429763793945,1146000,461.79998779296875
1993-09-28,16.5,16.6875,16.375,16.625,8.04592514038086,1109200,461.5299987792969
1993-09-29,16.5,16.625,16.1875,16.25,7.864435195922852,607800,460.1099853515625
1993-09-30,16.3125,16.3125,15.875,15.875,7.682949066162109,875400,458.92999267578125
1993-10-01,16.0,16.1875,15.875,16.1875,7.834189414978027,404800,461.2799987792969
1993-10-04,16.1875,16.375,16.125,16.1875,7.834189414978027,429400,461.3399963378906
1993-10-05,16.1875,16.5625,16.1875,16.5625,8.01567268371582,414400,461.20001220703125
1993-10-06,16.5,16.5625,16.3125,16.5,7.985429763793945,551200,460.739990234375
1993-10-07,16.4375,16.625,16.4375,16.4375,7.955180644989014,441000,459.17999267578125
1993-10-08,16.6875,16.75,16.375,16.5,7.985429763793945,400400,460.30999755859375
1993-10-11,16.5625,16.6875,16.5,16.625,8.04592514038086,280200,460.8800048828125
1993-10-12,16.625,16.875,16.625,16.625,8.04592514038086,777600,461.1199951171875
1993-10-13,16.625,16.75,16.5625,16.6875,8.076172828674316,240400,461.489990234375
1993-10-14,16.75,17.125,16.75,17.0,8.227410316467285,663200,466.8299865722656
1993-10-15,16.9375,16.9375,16.6875,16.8125,8.136670112609863,576400,469.5
1993-10-18,16.875,16.9375,16.75,16.8125,8.136670112609863,439800,468.45001220703125
1993-10-19,16.875,16.875,16.5,16.5,7.985429763793945,537600,466.2099914550781
1993-10-20,16.375,16.625,15.875,16.25,7.864435195922852,559000,466.07000732421875
1993-10-21,16.25,16.8125,16.1875,16.5,7.985429763793945,1191400,465.3599853515625
1993-10-22,16.5625,16.8125,16.375,16.5625,8.01567268371582,523400,463.2699890136719
1993-10-25,16.375,16.4375,16.0,16.125,7.803936958312988,724400,464.20001220703125
1993-10-26,16.1875,16.1875,16.0,16.125,7.803936958312988,488200,464.29998779296875
1993-10-27,16.1875,16.1875,15.75,15.75,7.622458457946777,497800,464.6099853515625
1993-10-28,15.375,15.875,15.1875,15.75,7.622458457946777,807600,467.7300109863281
1993-10-29,15.6875,15.6875,15.5625,15.6875,7.592209339141846,807400,467.8299865722656
1993-11-01,15.625,16.0625,15.625,16.0,7.74344539642334,184000,469.1000061035156
1993-11-02,15.9375,15.9375,15.5,15.625,7.561957836151123,953600,468.44000244140625
1993-11-03,15.125,15.375,14.8125,15.1875,7.350222587585449,1373800,463.0199890136719
1993-11-04,15.25,15.3125,15.0625,15.125,7.319975852966309,814000,457.489990234375
1993-11-05,15.25,15.25,15.0,15.0,7.25947904586792,701000,459.57000732421875
1993-11-08,15.0,15.25,14.875,15.125,7.319975852966309,978200,460.2099914550781
1993-11-09,15.375,15.375,15.1875,15.25,7.380470752716064,1091400,460.3299865722656
1993-11-10,15.25,15.25,14.9375,15.0,7.25947904586792,1181400,463.7200012207031
1993-11-11,15.0,15.0,14.8125,14.8125,7.168739318847656,587400,462.6400146484375
1993-11-12,14.9375,14.9375,14.625,14.8125,7.168739318847656,545000,465.3900146484375
1993-11-15,14.8125,14.8125,14.5625,14.6875,7.108240604400635,1031600,463.75
1993-11-16,14.625,14.6875,14.4375,14.625,7.077992916107178,803400,466.739990234375
1993-11-17,14.5625,14.6875,14.5625,14.5625,7.047746658325195,316800,464.80999755859375
1993-11-18,14.5625,14.8125,14.5,14.625,7.077992916107178,1104200,463.6199951171875
1993-11-19,14.625,14.625,13.8125,14.3125,6.926756381988525,1719000,462.6000061035156
1993-11-22,14.3125,14.375,14.0625,14.125,6.836008548736572,470400,459.1300048828125
1993-11-23,14.25,14.4375,14.1875,14.375,6.957001686096191,523400,461.0299987792969
1993-11-24,14.4375,14.9375,14.4375,14.8125,7.168739318847656,474800,462.3599853515625
1993-11-26,14.9375,15.0,14.8125,14.875,7.1989827156066895,99800,463.05999755859375
1993-11-29,15.0,15.0625,14.875,14.875,7.1989827156066895,370800,461.8999938964844
1993-11-30,14.875,14.875,14.5,14.75,7.138490200042725,399600,461.7900085449219
1993-12-01,14.875,14.9375,14.6875,14.8125,7.168739318847656,335800,461.8900146484375
1993-12-02,14.625,14.8125,14.5625,14.8125,7.212562561035156,235400,463.1099853515625
1993-12-03,14.75,14.8125,14.25,14.5,7.060394287109375,770000,464.8900146484375
1993-12-06,14.375,14.5,14.25,14.375,6.999530792236328,356400,466.42999267578125
1993-12-07,14.5,14.5625,14.0625,14.125,6.877798080444336,894400,466.760009765625
1993-12-08,14.125,14.6875,14.125,14.5625,7.090830326080322,415800,466.2900085449219
1993-12-09,14.4375,14.5,14.375,14.5,7.060394287109375,434000,464.17999267578125
1993-12-10,14.4375,14.4375,14.1875,14.3125,6.969100475311279,521800,463.92999267578125
1993-12-13,14.3125,14.375,14.25,14.25,6.93866491317749,850400,465.70001220703125
1993-12-14,14.3125,14.5,14.3125,14.3125,6.969100475311279,673200,463.05999755859375
1993-12-15,14.3125,14.375,14.1875,14.3125,6.969100475311279,821800,461.8399963378906
1993-12-16,14.1875,14.5,14.1875,14.4375,7.02996301651001,407800,463.3399963378906
1993-12-17,14.5625,14.75,14.5,14.6875,7.151694297790527,278000,466.3800048828125
1993-12-20,14.75,14.875,14.625,14.8125,7.212562561035156,398200,465.8500061035156
1993-12-21,14.875,14.9375,14.8125,14.9375,7.273423671722412,320200,465.29998779296875
1993-12-22,14.875,15.0,14.75,14.75,7.182128429412842,392400,467.32000732421875
1993-12-23,14.75,14.9375,14.75,14.875,7.242990970611572,759600,467.3800048828125
1993-12-27,14.8125,14.9375,14.6875,14.6875,7.151694297790527,293400,470.5400085449219
1993-12-28,14.75,14.75,14.4375,14.75,7.182128429412842,350800,470.94000244140625
1993-12-29,14.6875,15.0,14.6875,15.0,7.303857326507568,436400,470.5799865722656
1993-12-30,14.9375,15.0625,14.8125,14.875,7.242990970611572,299400,468.6400146484375
1993-12-31,14.9375,14.9375,14.75,14.75,7.182128429412842,143200,466.45001220703125
1994-01-03,14.75,14.8125,14.5625,14.8125,7.212562561035156,480800,465.44000244140625
1994-01-04,14.75,14.75,14.4375,14.625,7.121261596679688,422400,466.8900146484375
1994-01-05,14.625,14.625,14.375,14.5625,7.090830326080322,560600,467.54998779296875
1994-01-06,14.5,14.625,14.25,14.375,6.999530792236328,522800,467.1199951171875
1994-01-07,14.3125,14.4375,14.125,14.3125,6.969100475311279,395800,469.8999938964844
1994-01-10,14.25,14.4375,14.1875,14.375,6.999530792236328,437600,475.2699890136719
1994-01-11,14.3125,14.3125,14.0625,14.1875,6.908233165740967,425200,474.1300048828125
1994-01-12,14.25,14.375,14.125,14.3125,6.969100475311279,619400,474.1700134277344
1994-01-13,14.3125,14.5625,14.3125,14.4375,7.02996301651001,560000,472.4700012207031
1994-01-14,14.375,14.9375,14.375,14.8125,7.212562561035156,490400,474.9100036621094
1994-01-17,14.375,14.75,14.1875,14.3125,6.969100475311279,885400,473.29998779296875
1994-01-18,14.375,14.75,14.375,14.375,6.999530792236328,1397400,474.25
1994-01-19,14.3125,14.4375,14.1875,14.375,6.999530792236328,333800,474.29998779296875
1994-01-20,14.375,14.4375,14.25,14.3125,6.969100475311279,561400,474.9800109863281
1994-01-21,14.3125,14.4375,14.1875,14.4375,7.02996301651001,798000,474.7200012207031
1994-01-24,14.25,14.5625,14.25,14.5,7.060394287109375,717200,471.9700012207031
1994-01-25,14.5,14.5625,14.3125,14.375,6.999530792236328,369000,470.9200134277344
1994-01-26,14.375,14.5625,14.375,14.375,6.999530792236328,978600,473.20001220703125
1994-01-27,14.25,14.5,14.25,14.4375,7.02996301651001,416400,477.04998779296875
1994-01-28,14.375,14.4375,14.1875,14.25,6.93866491317749,494000,478.70001220703125
1994-01-31,14.25,14.3125,14.1875,14.25,6.93866491317749,558600,481.6099853515625
1994-02-01,14.125,14.25,14.125,14.25,6.93866491317749,551600,479.6199951171875
1994-02-02,14.0,14.0625,13.25,14.0,6.816930294036865,3226400,482.0
1994-02-03,14.0,14.25,13.8125,13.9375,6.786500453948975,1710600,480.7099914550781
1994-02-04,14.0,14.0,13.5625,13.5625,6.603907585144043,1556000,469.80999755859375
1994-02-07,13.5,13.75,13.4375,13.625,6.634336471557617,1745400,471.760009765625
1994-02-08,13.5,13.875,13.5,13.875,6.756068229675293,1441600,471.04998779296875
1994-02-09,13.8125,13.875,13.6875,13.75,6.695204257965088,112600,472.7699890136719
1994-02-10,13.6875,13.6875,13.25,13.25,6.4517436027526855,348200,468.92999267578125
1994-02-11,13.25,13.4375,13.25,13.3125,6.482173919677734,216600,470.17999267578125
1994-02-14,13.25,13.4375,13.25,13.375,6.512604713439941,820400,470.2300109863281
1994-02-15,13.3125,13.3125,13.125,13.125,6.390875816345215,1011200,472.5199890136719
1994-02-16,13.3125,13.3125,13.125,13.1875,6.421307563781738,524200,472.7900085449219
1994-02-17,13.0,13.0,12.5,12.9375,6.299578666687012,2348800,470.3399963378906
1994-02-18,12.9375,13.1875,12.8125,13.125,6.390875816345215,613400,467.69000244140625
1994-02-22,13.125,13.125,12.9375,13.0625,6.3604416847229,618200,471.4599914550781
1994-02-23,13.125,13.3125,13.125,13.1875,6.421307563781738,535000,470.69000244140625
1994-02-24,13.1875,13.375,13.0625,13.3125,6.482173919677734,543000,464.260009765625
1994-02-25,13.3125,13.375,13.125,13.125,6.390875816345215,474200,466.07000732421875
1994-02-28,13.1875,13.1875,12.875,13.0,6.330009460449219,740600,467.1400146484375
1994-03-01,12.875,12.875,12.5625,12.625,6.1474127769470215,2269800,464.44000244140625
1994-03-02,12.5,12.5,12.25,12.375,6.025681495666504,2328600,464.80999755859375
1994-03-03,12.4375,12.5,12.25,12.3125,5.995253086090088,2279000,463.010009765625
1994-03-04,12.375,12.6875,12.375,12.625,6.1474127769470215,2508400,464.739990234375
1994-03-07,12.625,12.625,12.4375,12.4375,6.05611515045166,1500200,466.9100036621094
1994-03-08,12.5,12.5625,12.1875,12.25,5.964818000793457,1876200,465.8800048828125
1994-03-09,12.25,12.25,11.6875,11.875,5.782221794128418,7103800,467.05999755859375
1994-03-10,12.0,12.1875,11.9375,12.1875,5.934385776519775,2845400,463.8999938964844
1994-03-11,12.0625,12.5625,12.0625,12.375,6.025681495666504,2153400,466.44000244140625
1994-03-14,12.375,12.4375,12.3125,12.3125,6.0391716957092285,805800,467.3900146484375
1994-03-15,12.375,12.5,12.3125,12.5,6.131140232086182,1881800,467.010009765625
1994-03-16,12.5,12.5625,12.375,12.375,6.069823265075684,577600,469.4200134277344
1994-03-17,12.375,12.4375,12.1875,12.1875,5.977859973907471,1151400,470.8999938964844
1994-03-18,12.1875,12.25,12.1875,12.25,6.008515357971191,1208600,471.05999755859375
1994-03-21,12.0,12.0625,11.75,12.0,5.885891914367676,2024600,468.5400085449219
1994-03-22,12.0625,12.125,11.8125,11.875,5.824582099914551,1638400,468.79998779296875
1994-03-23,12.0,12.0,11.6875,11.6875,5.732614517211914,2671600,468.5400085449219
1994-03-24,11.6875,11.8125,11.6875,11.8125,5.793927192687988,2079000,464.3500061035156
1994-03-25,11.75,11.8125,11.5,11.625,5.701959609985352,1589400,460.5799865722656
1994-03-28,11.625,11.875,11.625,11.875,5.824582099914551,3313800,460.0
1994-03-29,11.8125,12.0,11.75,12.0,5.885891914367676,601400,452.4800109863281
1994-03-30,11.9375,12.125,11.8125,11.9375,5.855238914489746,1123200,445.54998779296875
1994-03-31,11.9375,12.4375,11.9375,12.0,5.885891914367676,1697400,445.7699890136719
1994-04-04,11.875,11.875,11.6875,11.75,5.763269424438477,373000,438.9200134277344
1994-04-05,11.75,11.875,11.6875,11.6875,5.732614517211914,873000,448.2900085449219
1994-04-06,11.75,11.8125,11.5625,11.8125,5.793927192687988,698400,448.04998779296875
1994-04-07,11.75,11.8125,11.625,11.75,5.763269424438477,502800,450.8800048828125
1994-04-08,11.8125,11.875,11.625,11.625,5.701959609985352,758800,447.1000061035156
1994-04-11,11.6875,11.8125,11.4375,11.8125,5.793927192687988,1387200,449.8699951171875
1994-04-12,11.9375,12.0,11.8125,11.9375,5.855238914489746,758600,447.57000732421875
1994-04-13,12.0,12.0625,11.875,12.0625,5.916548728942871,754400,446.260009765625
1994-04-14,12.0,12.1875,11.875,12.125,5.947205066680908,367600,446.3800048828125
1994-04-15,12.1875,12.25,12.0,12.0,5.885891914367676,324400,446.17999267578125
1994-04-18,12.125,12.25,12.0,12.0625,5.916548728942871,579000,442.4599914550781
1994-04-19,12.125,12.1875,11.9375,12.0,5.885891914367676,732800,442.5400085449219
1994-04-20,11.8125,11.8125,11.4375,11.5,5.640648365020752,2401600,441.9599914550781
1994-04-21,11.5,11.5625,11.3125,11.4375,5.609992504119873,560600,448.7300109863281
1994-04-22,11.5,11.75,11.5,11.75,5.763269424438477,2422400,447.6300048828125
1994-04-25,11.875,12.0625,11.8125,12.0,5.885891914367676,417800,452.7099914550781
1994-04-26,12.0625,12.125,11.9375,11.9375,5.855238914489746,301800,451.8699951171875
1994-04-28,12.0625,12.1875,11.8125,12.0,5.885891914367676,638400,449.1000061035156
1994-04-29,11.9375,12.125,11.9375,11.9375,5.855238914489746,383800,450.9100036621094
1994-05-02,11.9375,11.9375,11.625,11.75,5.763269424438477,691400,453.0199890136719
1994-05-03,11.8125,11.8125,11.6875,11.75,5.763269424438477,191600,453.0299987792969
1994-05-04,11.8125,12.0625,11.6875,12.0625,5.916548728942871,420200,451.7200012207031
1994-05-05,12.125,12.4375,12.0625,12.375,6.069823265075684,377800,451.3800048828125
1994-05-06,12.25,12.75,12.1875,12.625,6.192451000213623,915400,447.82000732421875
1994-05-09,12.625,12.6875,12.5,12.5625,6.161796569824219,347200,442.32000732421875
1994-05-10,12.6875,12.6875,12.125,12.1875,5.977859973907471,1337600,446.010009765625
1994-05-11,12.1875,12.375,12.125,12.3125,6.0391716957092285,284200,441.489990234375
1994-05-12,12.375,12.375,12.0625,12.125,5.947205066680908,628800,443.75
1994-05-13,12.125,12.1875,12.0,12.1875,5.977859973907471,232000,444.1400146484375
1994-05-16,12.125,12.25,12.125,12.25,6.008515357971191,156600,444.489990234375
1994-05-17,12.1875,12.375,12.1875,12.3125,6.0391716957092285,213400,449.3699951171875
1994-05-18,12.4375,12.4375,12.3125,12.3125,6.0391716957092285,294600,453.69000244140625
1994-05-19,12.3125,12.4375,12.1875,12.3125,6.0391716957092285,975000,456.4800109863281
1994-05-20,12.375,12.4375,12.3125,12.375,6.069823265075684,329600,454.9200134277344
1994-05-23,12.5,12.5,12.1875,12.25,6.008515357971191,376400,453.20001220703125
1994-05-24,12.4375,12.4375,12.25,12.25,6.008515357971191,388000,454.80999755859375
1994-05-25,12.3125,12.3125,12.0625,12.125,5.947205066680908,987400,456.3399963378906
1994-05-26,12.3125,12.3125,12.125,12.1875,5.977859973907471,392000,457.05999755859375
1994-05-27,12.25,12.4375,12.1875,12.4375,6.1004838943481445,363400,457.3299865722656
1994-05-31,12.375,13.25,12.3125,13.125,6.4376959800720215,1146600,456.5
1994-06-01,13.0625,13.0625,12.75,12.9375,6.345729351043701,413400,457.6300048828125
1994-06-02,12.875,13.0625,12.8125,12.9375,6.390182495117188,882200,457.6499938964844
1994-06-03,12.875,12.875,12.6875,12.6875,6.266699314117432,305200,460.1300048828125
1994-06-06,12.75,13.0625,12.6875,13.0625,6.451920986175537,578600,458.8800048828125
1994-06-07,13.0625,13.25,13.0,13.125,6.482794284820557,184200,458.2099914550781
1994-06-08,13.125,13.1875,13.0625,13.0625,6.451920986175537,257800,457.05999755859375
1994-06-09,13.0625,13.1875,13.0,13.125,6.482794284820557,136000,457.8599853515625
1994-06-10,13.1875,13.1875,13.125,13.1875,6.513662338256836,87600,458.6700134277344
1994-06-13,13.1875,13.1875,13.0,13.0,6.4210524559021,190800,459.1000061035156
1994-06-14,13.0,13.0,12.75,12.8125,6.328436851501465,114600,462.3699951171875
1994-06-15,12.875,12.875,12.5,12.625,6.235830783843994,199800,460.6099853515625
1994-06-16,12.5625,12.8125,12.5,12.5,6.174090385437012,265200,461.92999267578125
1994-06-17,12.625,12.625,12.375,12.5,6.174090385437012,242800,458.45001220703125
1994-06-20,12.5,12.5,12.375,12.375,6.112344264984131,209800,455.4800109863281
1994-06-21,12.375,12.375,12.0,12.0,5.9271240234375,285000,451.3399963378906
1994-06-22,12.0625,12.125,12.0,12.125,5.988867282867432,559600,453.0899963378906
1994-06-23,12.125,12.25,12.125,12.125,5.988867282867432,575600,449.6300048828125
1994-06-24,12.0625,12.125,12.0,12.0625,5.957995414733887,149600,442.79998779296875
1994-06-27,12.0,12.0,11.8125,11.8125,5.834515571594238,186800,447.30999755859375
1994-06-28,11.875,11.875,11.6875,11.8125,5.834515571594238,68000,446.07000732421875
1994-06-29,11.875,11.875,11.75,11.8125,5.834515571594238,409200,447.6300048828125
1994-06-30,11.8125,11.875,11.75,11.875,5.865385055541992,282800,444.2699890136719
1994-07-01,11.9375,11.9375,11.8125,11.9375,5.896255970001221,139600,446.20001220703125
1994-07-05,11.875,12.1875,11.875,12.1875,6.0197367668151855,545000,446.3699951171875
1994-07-06,12.25,12.3125,12.1875,12.25,6.05060625076294,236800,446.1300048828125
1994-07-07,12.1875,12.4375,12.125,12.375,6.112344264984131,278800,448.3800048828125
1994-07-08,12.3125,12.375,12.0,12.0,5.9271240234375,655000,449.54998779296875
1994-07-11,12.0625,12.0625,11.875,12.0,5.9271240234375,423800,448.05999755859375
1994-07-12,12.0625,12.0625,12.0,12.0,5.9271240234375,265800,447.95001220703125
1994-07-13,12.0,12.25,12.0,12.125,5.988867282867432,336800,448.7300109863281
1994-07-14,12.1875,12.5,12.1875,12.375,6.112344264984131,193800,453.4100036621094
1994-07-15,12.375,12.375,12.1875,12.1875,6.0197367668151855,103600,454.1600036621094
1994-07-18,12.25,12.25,12.125,12.1875,6.0197367668151855,134400,455.2200012207031
1994-07-19,12.25,12.25,11.875,12.0,5.9271240234375,272800,453.8599853515625
1994-07-20,12.25,12.5625,12.25,12.5625,6.204961776733398,966200,451.6000061035156
1994-07-21,13.0,13.1875,12.9375,13.0625,6.451920986175537,1291200,452.6099853515625
1994-07-22,13.125,13.375,12.625,12.9375,6.390182495117188,1537400,453.1099853515625
1994-07-25,12.9375,13.0,12.8125,13.0,6.4210524559021,528800,454.25
1994-07-26,13.0625,13.0625,12.875,12.9375,6.390182495117188,303400,453.3599853515625
1994-07-27,12.9375,12.9375,12.75,12.75,6.297567367553711,351200,452.57000732421875
1994-07-28,12.8125,12.8125,12.4375,12.4375,6.143218994140625,433800,454.239990234375
1994-07-29,12.5,12.5625,12.3125,12.5,6.174090385437012,147400,458.260009765625
1994-08-01,12.5,12.6875,12.5,12.5625,6.204961776733398,551200,461.010009765625
1994-08-02,12.5625,12.625,12.4375,12.4375,6.143218994140625,291600,460.55999755859375
1994-08-03,12.375,12.6875,12.3125,12.625,6.235830783843994,797800,461.45001220703125
1994-08-04,12.8125,12.8125,12.6875,12.6875,6.266699314117432,115600,458.3999938964844
1994-08-05,12.6875,12.8125,12.625,12.8125,6.328436851501465,562400,457.0899963378906
1994-08-08,12.8125,12.9375,12.75,12.9375,6.390182495117188,178400,457.8900146484375
1994-08-09,12.9375,12.9375,12.875,12.9375,6.390182495117188,126600,457.9200134277344
1994-08-10,12.875,13.0,12.875,12.875,6.359312534332275,276000,460.29998779296875
1994-08-11,12.9375,12.9375,12.625,12.6875,6.266699314117432,789000,458.8800048828125
1994-08-12,12.6875,12.6875,12.5625,12.6875,6.266699314117432,186200,461.94000244140625
1994-08-15,12.6875,12.6875,12.625,12.6875,6.266699314117432,111600,461.2300109863281
1994-08-16,12.6875,12.75,12.625,12.625,6.235830783843994,242400,465.010009765625
1994-08-17,12.75,12.8125,12.6875,12.75,6.297567367553711,111400,465.1700134277344
1994-08-18,12.75,12.75,12.625,12.625,6.235830783843994,455400,463.1700134277344
1994-08-19,12.5,12.5625,12.3125,12.375,6.112344264984131,997200,463.67999267578125
1994-08-22,12.4375,12.4375,12.25,12.375,6.112344264984131,437800,462.32000732421875
1994-08-23,12.4375,12.6875,12.4375,12.6875,6.266699314117432,462200,464.510009765625
1994-08-24,12.625,12.875,12.625,12.75,6.297567367553711,164000,469.0299987792969
1994-08-25,12.75,12.875,12.75,12.875,6.359312534332275,180800,468.0799865722656
1994-08-26,13.0,13.3125,13.0,13.3125,6.575403690338135,450400,473.79998779296875
1994-08-29,13.3125,13.375,13.25,13.3125,6.575403690338135,347800,474.5899963378906
1994-08-30,13.3125,13.375,13.0625,13.0625,6.451920986175537,410400,476.07000732421875
1994-08-31,13.1875,13.1875,13.0,13.0,6.4210524559021,394400,475.489990234375
1994-09-01,13.0,13.25,12.9375,13.1875,6.559073925018311,304000,473.1700134277344
1994-09-02,13.125,13.25,13.0625,13.125,6.527984619140625,112000,470.989990234375
1994-09-06,13.125,13.4375,13.125,13.3125,6.621246337890625,620400,471.8599853515625
1994-09-07,13.3125,13.3125,13.0625,13.1875,6.559073925018311,439200,470.989990234375
1994-09-08,13.1875,13.1875,13.0,13.125,6.527984619140625,312800,473.1400146484375
1994-09-09,13.0625,13.25,13.0,13.125,6.527984619140625,208800,468.17999267578125
1994-09-12,13.1875,13.1875,13.0,13.0,6.465813636779785,336600,466.2099914550781
1994-09-13,13.0,13.0625,12.875,12.875,6.403645992279053,278600,467.510009765625
1994-09-14,12.9375,12.9375,12.75,12.875,6.403645992279053,465800,468.79998779296875
1994-09-15,12.875,12.875,12.75,12.75,6.341468811035156,56200,474.80999755859375
1994-09-16,12.875,13.0,12.8125,12.9375,6.434730529785156,1517600,471.19000244140625
1994-09-19,12.9375,12.9375,12.6875,12.6875,6.310385704040527,222600,470.8500061035156
1994-09-20,12.75,12.75,12.4375,12.5,6.217134475708008,312400,463.3599853515625
1994-09-21,12.5625,12.5625,12.25,12.25,6.092789173126221,301600,461.4599914550781
1994-09-22,12.25,12.25,12.0625,12.1875,6.061700344085693,489600,461.2699890136719
1994-09-23,12.1875,12.1875,12.0,12.0625,5.999532222747803,182400,459.6700134277344
1994-09-26,12.1875,12.3125,12.125,12.3125,6.123871803283691,137600,460.82000732421875
1994-09-27,12.3125,12.375,11.9375,12.0,5.96844482421875,436200,462.04998779296875
1994-09-28,12.125,12.25,12.0,12.0625,5.999532222747803,817000,464.8399963378906
1994-09-29,12.1875,12.1875,11.875,12.0625,5.999532222747803,1054400,462.239990234375
1994-09-30,12.125,12.125,11.875,11.9375,5.937358856201172,220600,462.7099914550781
1994-10-03,11.9375,12.0625,11.9375,12.0625,5.999532222747803,128200,461.739990234375
1994-10-04,12.0,12.125,11.75,11.75,5.844103813171387,209200,454.5899963378906
1994-10-05,11.8125,11.875,11.625,11.75,5.844103813171387,530800,453.5199890136719
1994-10-06,11.6875,11.75,11.5,11.5,5.71976375579834,327000,452.3599853515625
1994-10-07,11.5625,11.8125,11.5,11.8125,5.875185489654541,224800,455.1000061035156
1994-10-10,11.8125,11.875,11.6875,11.6875,5.81301736831665,152600,459.0400085449219
1994-10-11,11.625,11.625,11.4375,11.4375,5.6886725425720215,385400,465.7900085449219
1994-10-12,11.5,11.625,11.5,11.5625,5.750849723815918,363200,465.4700012207031
1994-10-13,11.625,11.6875,11.625,11.625,5.781927585601807,410800,467.7900085449219
1994-10-14,11.75,11.9375,11.75,11.875,5.90627384185791,214400,469.1000061035156
1994-10-17,11.875,12.0625,11.875,11.9375,5.937358856201172,346400,468.9599914550781
1994-10-18,12.0,12.0,11.875,11.9375,5.937358856201172,130000,467.6600036621094
1994-10-19,11.9375,12.0625,11.875,11.9375,5.937358856201172,305200,470.2799987792969
1994-10-20,11.9375,12.0625,11.9375,12.0,5.96844482421875,154400,466.8500061035156
1994-10-21,11.875,12.0,11.875,12.0,5.96844482421875,185000,464.8900146484375
1994-10-24,11.9375,12.1875,11.9375,12.125,6.030615329742432,343800,460.8299865722656
1994-10-25,12.125,12.125,12.0,12.0,5.96844482421875,72600,461.5299987792969
1994-10-26,12.0,12.125,11.9375,12.0625,5.999532222747803,209600,462.6199951171875
1994-10-27,12.0625,12.125,11.75,11.9375,5.937358856201172,456200,465.8500061035156
1994-10-28,11.9375,12.0,11.875,11.9375,5.937358856201172,718400,473.7699890136719
1994-10-31,11.9375,12.0625,11.8125,12.0625,5.999532222747803,1211400,472.3500061035156
1994-11-01,12.0,12.375,12.0,12.3125,6.123871803283691,434200,468.4200134277344
1994-11-02,12.3125,12.75,12.3125,12.5625,6.248217582702637,813400,466.510009765625
1994-11-03,12.5,12.625,12.5,12.5625,6.248217582702637,278000,467.9100036621094
1994-11-04,12.5,12.5625,12.4375,12.5,6.217134475708008,268400,462.2799987792969
1994-11-07,12.5,12.5,12.4375,12.4375,6.186041831970215,122400,463.07000732421875
1994-11-08,12.4375,12.5,12.375,12.375,6.154956340789795,88200,465.6499938964844
1994-11-09,12.375,12.5,12.375,12.4375,6.186041831970215,248600,465.3999938964844
1994-11-10,12.25,12.25,11.875,12.0625,5.999532222747803,1045800,464.3699951171875
1994-11-11,11.9375,11.9375,11.6875,11.6875,5.81301736831665,1355600,462.3500061035156
1994-11-14,11.625,11.9375,11.5625,11.9375,5.937358856201172,839000,466.0400085449219
1994-11-15,11.9375,11.9375,11.75,11.75,5.844103813171387,534200,465.0299987792969
1994-11-16,11.75,11.875,11.75,11.875,5.90627384185791,472000,465.6199951171875
1994-11-17,11.8125,11.9375,11.75,11.9375,5.937358856201172,354000,463.57000732421875
1994-11-18,11.875,11.9375,11.6875,11.875,5.90627384185791,319200,461.4700012207031
1994-11-21,11.875,12.0625,11.875,11.875,5.90627384185791,503200,458.29998779296875
1994-11-22,11.8125,11.875,11.75,11.75,5.844103813171387,550000,450.0899963378906
1994-11-23,11.6875,11.8125,11.6875,11.75,5.844103813171387,352800,449.92999267578125
1994-11-25,11.6875,11.9375,11.6875,11.875,5.90627384185791,143200,452.2900085449219
1994-11-28,11.8125,11.9375,11.8125,11.875,5.90627384185791,132200,454.1600036621094
1994-11-29,11.9375,12.0,11.8125,11.875,5.90627384185791,215400,455.1700134277344
1994-11-30,11.875,12.0,11.8125,11.8125,5.875185489654541,469200,453.69000244140625
1994-12-01,11.8125,11.9375,11.8125,11.9375,5.937358856201172,310400,448.9200134277344
1994-12-02,11.75,11.75,11.6875,11.75,5.888498783111572,226200,453.29998779296875
1994-12-05,11.6875,11.875,11.6875,11.8125,5.919816493988037,697000,453.32000732421875
1994-12-06,11.8125,11.8125,11.75,11.8125,5.919816493988037,610200,453.1099853515625
1994-12-07,11.8125,11.9375,11.75,11.75,5.888498783111572,703000,451.2300109863281
1994-12-08,11.75,11.8125,11.625,11.625,5.825850486755371,526000,445.45001220703125
1994-12-09,11.625,11.625,11.5,11.5,5.763214111328125,846000,446.9599914550781
1994-12-12,11.5,11.5,11.3125,11.4375,5.731886863708496,507600,449.4700012207031
1994-12-13,11.375,11.5625,11.375,11.5625,5.794536113739014,818000,450.1499938964844
1994-12-14,11.5,11.8125,11.5,11.75,5.888498783111572,993600,454.9700012207031
1994-12-15,11.75,11.875,11.6875,11.875,5.951140880584717,730000,455.3399963378906
1994-12-16,11.875,11.9375,11.75,11.8125,5.919816493988037,451800,458.79998779296875
1994-12-19,11.8125,11.875,11.75,11.875,5.951140880584717,769200,457.9100036621094
1994-12-20,11.8125,11.9375,11.75,11.9375,5.982462406158447,875400,457.1000061035156
1994-12-21,11.9375,12.1875,11.875,11.875,5.951140880584717,681800,459.6099853515625
1994-12-22,11.875,12.0,11.8125,11.875,5.951140880584717,456000,459.67999267578125
1994-12-23,11.875,11.9375,11.8125,11.875,5.951140880584717,145600,459.8299865722656
1994-12-27,11.875,12.125,11.875,12.0625,6.045107841491699,311000,462.4700012207031
1994-12-28,12.0,12.0625,11.8125,11.8125,5.919816493988037,244200,460.8599853515625
1994-12-29,11.875,12.0,11.8125,11.9375,5.982462406158447,1003000,461.1700134277344
1994-12-30,11.875,11.875,11.75,11.875,5.951140880584717,373200,459.2699890136719
1995-01-03,11.75,12.125,11.75,12.125,6.076426982879639,503400,459.1099853515625
1995-01-04,12.0625,12.1875,12.0,12.0625,6.045107841491699,319000,460.7099914550781
1995-01-05,12.0625,12.1875,12.0625,12.0625,6.045107841491699,471800,460.3399963378906
1995-01-06,12.0625,12.25,12.0625,12.1875,6.107748508453369,243800,460.67999267578125
1995-01-09,12.125,12.375,12.125,12.375,6.201712608337402,473000,460.8299865722656
1995-01-10,12.3125,12.4375,12.3125,12.375,6.201712608337402,344000,461.67999267578125
1995-01-11,12.375,12.5625,12.375,12.5,6.2643632888793945,381200,461.6600036621094
1995-01-12,12.375,12.4375,12.1875,12.25,6.139073371887207,362000,461.6400146484375
1995-01-13,12.25,12.25,12.0625,12.25,6.139073371887207,662600,465.9700012207031
1995-01-16,12.1875,12.3125,12.125,12.25,6.139073371887207,387800,469.3800048828125
1995-01-17,12.25,12.3125,12.125,12.1875,6.107748508453369,474400,470.04998779296875
1995-01-18,12.0,12.1875,12.0,12.1875,6.107748508453369,402400,469.7099914550781
1995-01-19,12.0625,12.125,12.0625,12.125,6.076426982879639,445200,466.95001220703125
1995-01-20,12.0,12.0,11.875,11.875,5.951140880584717,341200,464.7799987792969
1995-01-23,11.9375,12.0625,11.875,12.0625,6.045107841491699,1031000,465.82000732421875
1995-01-24,12.1875,12.1875,12.0625,12.125,6.076426982879639,380400,465.8599853515625
1995-01-25,12.0625,12.1875,12.0,12.125,6.076426982879639,355000,467.44000244140625
1995-01-26,12.125,12.1875,11.9375,11.9375,5.982462406158447,655400,468.32000732421875
1995-01-27,12.0625,12.0625,11.9375,11.9375,5.982462406158447,343400,470.3900146484375
1995-01-30,11.875,12.125,11.875,12.0,6.013784408569336,590200,468.510009765625
1995-01-31,11.9375,12.125,11.9375,12.0625,6.045107841491699,520800,470.4200134277344
1995-02-01,12.0625,12.25,12.0625,12.1875,6.107748508453369,446000,470.3999938964844
1995-02-02,12.25,12.3125,12.25,12.3125,6.170392036437988,292400,472.7900085449219
1995-02-03,12.25,12.8125,12.25,12.8125,6.420969486236572,702000,478.6499938964844
1995-02-06,12.875,12.875,12.75,12.875,6.452291488647461,234000,481.1400146484375
1995-02-07,12.8125,12.875,12.6875,12.6875,6.358322620391846,485800,480.80999755859375
1995-02-08,12.75,13.125,12.6875,13.125,6.577574729919434,1854200,481.19000244140625
1995-02-09,13.1875,13.4375,13.1875,13.3125,6.671545028686523,927200,480.19000244140625
1995-02-10,13.3125,13.375,13.1875,13.1875,6.60890007019043,474800,481.4599914550781
1995-02-13,13.25,13.25,13.125,13.25,6.640219211578369,947400,481.6499938964844
1995-02-14,13.25,13.375,13.1875,13.3125,6.671545028686523,300400,482.54998779296875
1995-02-15,13.25,13.25,13.0,13.125,6.577574729919434,578000,484.5400085449219
1995-02-16,13.0625,13.0625,12.8125,12.875,6.452291488647461,626400,485.2200012207031
1995-02-17,12.875,13.0,12.875,12.9375,6.483612060546875,1516200,481.9700012207031
1995-02-21,13.0625,13.1875,13.0,13.1875,6.60890007019043,800800,482.7200012207031
1995-02-22,13.1875,13.25,13.125,13.25,6.640219211578369,1015600,485.07000732421875
1995-02-23,13.25,13.5,13.25,13.3125,6.671545028686523,1590000,486.9100036621094
1995-02-24,13.3125,13.5,13.3125,13.5,6.765509605407715,1236200,488.1099853515625
1995-02-27,13.5,13.5,13.375,13.5,6.765509605407715,934200,483.80999755859375
1995-02-28,13.375,13.75,13.375,13.75,6.890798568725586,889400,487.3900146484375
1995-03-01,13.75,13.75,13.5625,13.625,6.828151702880859,960800,485.6499938964844
1995-03-02,13.625,13.625,13.4375,13.5,6.765509605407715,1152000,485.1300048828125
1995-03-03,13.375,13.4375,13.25,13.375,6.75162935256958,616800,485.4200134277344
1995-03-06,13.3125,13.375,13.1875,13.25,6.688527584075928,406000,485.6300048828125
1995-03-07,13.3125,13.3125,13.125,13.1875,6.656979084014893,554800,482.1199951171875
1995-03-08,13.125,13.1875,13.0625,13.1875,6.656979084014893,332600,483.1400146484375
1995-03-09,13.125,13.3125,13.125,13.25,6.688527584075928,336800,483.1600036621094
1995-03-10,13.25,13.375,13.25,13.3125,6.720076084136963,407200,489.57000732421875
1995-03-13,13.3125,13.5625,13.25,13.5625,6.846275329589844,533200,490.04998779296875
1995-03-14,13.5,13.6875,13.5,13.6875,6.909372329711914,514800,492.8900146484375
1995-03-15,13.625,13.625,13.5625,13.5625,6.846275329589844,655000,491.8800048828125
1995-03-16,13.5,13.5625,13.4375,13.5,6.814726829528809,471800,495.4100036621094
1995-03-17,13.4375,13.6875,13.4375,13.6875,6.909372329711914,783200,495.5199890136719
1995-03-20,13.625,13.875,13.5625,13.875,7.00402307510376,523400,496.1400146484375
1995-03-21,13.875,14.25,13.875,14.0,7.0671257972717285,1328600,495.07000732421875
1995-03-22,13.8125,13.875,13.75,13.75,6.940924644470215,764000,495.6700134277344
1995-03-23,13.8125,14.0625,13.8125,14.0625,7.098672866821289,366000,495.95001220703125
1995-03-24,14.0,14.25,14.0,14.25,7.193321228027344,710600,500.9700012207031
1995-03-27,14.1875,14.3125,14.1875,14.25,7.193321228027344,855400,503.20001220703125
1995-03-28,14.3125,14.4375,14.3125,14.4375,7.287967681884766,547200,503.8999938964844
1995-03-29,14.375,14.5,14.25,14.3125,7.2248735427856445,1026400,503.1199951171875
1995-03-30,14.25,14.5,14.25,14.5,7.319519996643066,510800,502.2200012207031
1995-03-31,14.4375,14.4375,14.25,14.375,7.256419658660889,590000,500.7099914550781
1995-04-03,14.375,14.4375,14.25,14.375,7.256419658660889,397400,501.8500061035156
1995-04-04,14.3125,14.3125,14.0625,14.125,7.130220413208008,277400,505.239990234375
1995-04-05,14.1875,14.4375,14.1875,14.4375,7.287967681884766,527600,505.57000732421875
1995-04-06,14.375,14.4375,14.375,14.375,7.256419658660889,255200,506.0799865722656
1995-04-07,14.3125,14.375,14.1875,14.1875,7.161774158477783,528000,506.4200134277344
1995-04-10,14.1875,14.625,14.125,14.5625,7.35106897354126,862000,507.010009765625
1995-04-11,14.5,14.625,14.4375,14.5,7.319519996643066,1108200,505.5299987792969
1995-04-12,14.5,14.5,14.375,14.4375,7.287967681884766,308800,507.1700134277344
1995-04-13,14.375,14.4375,14.3125,14.375,7.256419658660889,208600,509.2300109863281
1995-04-17,14.3125,14.4375,14.3125,14.4375,7.287967681884766,141800,506.1300048828125
1995-04-18,14.375,14.375,14.0625,14.0625,7.098672866821289,143200,505.3699951171875
1995-04-19,14.125,14.375,14.125,14.375,7.256419658660889,624000,504.9200134277344
1995-04-20,14.6875,14.8125,14.5,14.8125,7.477266311645508,1517200,505.2900085449219
1995-04-21,14.875,15.1875,14.875,15.0,7.571916580200195,1837600,508.489990234375
1995-04-24,15.0,15.125,14.9375,15.125,7.635016441345215,1090800,512.8900146484375
1995-04-25,15.125,15.1875,15.0625,15.1875,7.666567325592041,583800,512.0999755859375
1995-04-26,15.1875,15.25,15.125,15.125,7.635016441345215,655200,512.6599731445312
1995-04-27,15.125,15.25,15.125,15.1875,7.666567325592041,515200,513.5499877929688
1995-04-28,15.1875,15.1875,15.0625,15.1875,7.666567325592041,668800,514.7100219726562
1995-05-01,15.125,15.1875,14.9375,15.0625,7.603464126586914,283000,514.260009765625
1995-05-02,14.9375,15.0,14.8125,14.9375,7.540368556976318,248800,514.8599853515625
1995-05-03,14.9375,15.5,14.9375,15.375,7.761214733123779,869800,520.47998046875
1995-05-04,15.375,15.6875,15.3125,15.5,7.824313640594482,663600,520.5399780273438
1995-05-05,15.625,15.625,15.375,15.5,7.824313640594482,506200,520.1199951171875
1995-05-08,15.4375,15.5625,15.4375,15.4375,7.792768955230713,551000,523.9600219726562
1995-05-09,15.5,15.625,15.4375,15.625,7.887413501739502,811200,523.5599975585938
1995-05-10,15.625,15.625,15.4375,15.5,7.824313640594482,937800,524.3599853515625
1995-05-11,15.4375,15.75,15.4375,15.75,7.950512409210205,735200,524.3699951171875
1995-05-12,15.625,15.765625,15.5625,15.765625,7.958401679992676,992200,525.5499877929688
1995-05-15,15.625,15.8125,15.5625,15.75,7.950512409210205,383800,527.739990234375
1995-05-16,15.625,15.625,15.5625,15.5625,7.855863571166992,346600,528.1900024414062
1995-05-17,15.5625,15.75,15.5,15.5,7.824313640594482,582000,527.0700073242188
1995-05-18,15.5,15.5625,15.0625,15.0625,7.603464126586914,310600,519.5800170898438
1995-05-19,15.0,15.0,14.8125,14.875,7.508814334869385,566200,519.1900024414062
1995-05-22,14.9375,15.375,14.875,15.3125,7.729666709899902,885400,523.6500244140625
1995-05-23,15.3125,15.5,15.25,15.3125,7.729666709899902,688800,528.5900268554688
1995-05-24,15.3125,15.4375,15.1875,15.25,7.69811487197876,680000,528.6099853515625
1995-05-25,15.3125,15.3125,15.1875,15.1875,7.666567325592041,762800,528.5900268554688
1995-05-26,15.1875,15.25,14.9375,15.0,7.571916580200195,186000,523.6500244140625
1995-05-30,15.0625,15.0625,14.5,14.6875,7.414170742034912,247600,523.5800170898438
1995-05-31,14.6875,15.0625,14.6875,15.0625,7.603464126586914,325200,533.4000244140625
1995-06-01,14.9375,15.0625,14.6875,14.875,7.508814334869385,895400,533.489990234375
1995-06-02,14.875,15.25,14.8125,15.25,7.748907566070557,925200,532.510009765625
1995-06-05,15.375,15.4375,15.125,15.25,7.748907566070557,722800,535.5999755859375
1995-06-06,15.25,15.3125,15.1875,15.3125,7.780666351318359,314400,535.5499877929688
1995-06-07,15.25,15.25,15.0625,15.125,7.685393333435059,577800,533.1300048828125
1995-06-08,15.0625,15.125,14.875,14.875,7.558355808258057,558000,532.3499755859375
1995-06-09,14.9375,14.9375,14.4375,14.5,7.367813587188721,362800,527.9400024414062
1995-06-12,14.5,14.6875,14.5,14.625,7.431327819824219,358400,530.8800048828125
1995-06-13,14.625,15.0625,14.625,15.0,7.621874332427978,582200,536.0499877929688
1995-06-14,15.0,15.1875,15.0,15.0625,7.653630256652832,491400,536.469970703125
1995-06-15,15.125,15.125,15.0,15.0,7.621874332427978,404200,537.1199951171875
1995-06-16,15.0,15.0625,14.9375,15.0,7.621874332427978,1048400,539.8300170898438
1995-06-19,15.0625,15.375,15.0625,15.375,7.812422752380371,1295600,545.219970703125
1995-06-20,15.4375,15.6875,15.375,15.375,7.812422752380371,1870200,544.97998046875
1995-06-21,15.4375,15.6875,15.4375,15.625,7.939455509185791,1508000,543.97998046875
1995-06-22,15.75,15.9375,15.6875,15.875,8.066489219665527,1092600,551.0700073242188
1995-06-23,15.8125,15.8125,15.625,15.625,7.939455509185791,933200,549.7100219726562
1995-06-26,15.6875,15.75,15.25,15.25,7.748907566070557,780800,544.1300048828125
1995-06-27,15.25,15.25,14.6875,14.8125,7.526601791381836,905400,542.4299926757812
1995-06-28,14.875,14.9375,14.8125,14.875,7.558355808258057,1029400,544.72998046875
1995-06-29,14.9375,14.9375,14.625,14.6875,7.463088989257812,869200,543.8699951171875
1995-06-30,14.75,14.9375,14.75,14.8125,7.526601791381836,1217400,544.75
1995-07-03,14.875,14.875,14.625,14.75,7.494844436645508,730200,547.0900268554688
1995-07-05,14.6875,14.90625,14.625,14.875,7.558355808258057,1147400,547.260009765625
1995-07-06,14.9375,15.5,14.9375,15.5,7.875936985015869,1549600,553.989990234375
1995-07-07,15.375,15.8125,15.3125,15.75,8.002969741821289,1575400,556.3699951171875
1995-07-10,15.6875,15.9375,15.5625,15.875,8.066489219665527,1461800,557.1900024414062
1995-07-11,15.75,15.875,15.6875,15.875,8.066489219665527,973600,554.780029296875
1995-07-12,15.8125,16.625,15.8125,16.625,8.447578430175781,8424200,560.8900146484375
1995-07-13,16.4375,16.6875,16.0625,16.3125,8.28879165649414,5392800,561.0
1995-07-14,16.125,16.125,15.0625,15.6875,7.971209049224853,6767800,559.8900146484375
1995-07-17,15.5,15.625,15.0,15.3125,7.780666351318359,4968200,562.719970703125
1995-07-18,15.25,15.25,14.875,15.125,7.685393333435059,8399400,558.4600219726562
1995-07-19,14.875,15.0625,14.6875,14.9375,7.590117931365967,5823400,550.97998046875
1995-07-20,14.6875,15.25,14.625,15.25,7.748907566070557,6184800,553.5399780273438
1995-07-21,15.25,15.4375,15.0,15.25,7.748907566070557,5486800,553.6199951171875
1995-07-24,15.125,15.25,14.8125,15.0,7.621874332427978,4929000,556.6300048828125
1995-07-25,14.875,15.25,14.875,15.25,7.748907566070557,5573600,561.0999755859375
1995-07-26,15.3125,15.375,15.0,15.0,7.621874332427978,5106200,561.6099853515625
1995-07-27,15.125,15.25,15.0,15.1875,7.717151165008545,2334800,565.219970703125
1995-07-28,15.5625,15.9375,15.4375,15.625,7.939455509185791,7554200,562.9299926757812
1995-07-31,15.625,15.875,15.625,15.625,7.939455509185791,2936000,562.0599975585938
1995-08-01,15.625,15.625,15.0625,15.125,7.685393333435059,4994800,559.6400146484375
1995-08-02,15.375,15.625,15.1875,15.3125,7.780666351318359,4717200,558.7999877929688
1995-08-03,15.125,15.25,15.0625,15.125,7.685393333435059,2108200,558.75
1995-08-04,15.25,15.4375,15.1875,15.3125,7.780666351318359,2211400,558.9400024414062
1995-08-07,15.3125,15.6875,15.3125,15.5,7.875936985015869,1783400,560.030029296875
1995-08-08,15.5,15.75,15.5,15.6875,7.971209049224853,2669800,560.3900146484375
1995-08-09,15.75,15.75,15.0,15.0,7.621874332427978,2099800,559.7100219726562
1995-08-10,15.125,15.3125,14.9375,14.9375,7.590117931365967,2892600,557.4500122070312
1995-08-11,15.0,15.1875,15.0,15.0625,7.653630256652832,1718000,555.1099853515625
1995-08-14,15.5,15.6875,15.375,15.4375,7.844184398651123,1879000,559.739990234375
1995-08-15,15.3125,15.5,15.3125,15.3125,7.780666351318359,1144400,558.5700073242188
1995-08-16,15.4375,15.625,15.3125,15.4375,7.844184398651123,1609400,559.969970703125
1995-08-17,15.3125,15.375,15.125,15.3125,7.830118179321289,2580000,559.0399780273438
1995-08-18,15.5,15.75,15.5,15.75,8.053833961486816,2346400,559.2100219726562
1995-08-21,15.75,15.9375,15.75,15.75,8.053833961486816,2117400,558.1099853515625
1995-08-22,15.875,16.125,15.75,16.0625,8.213632583618164,1576200,559.52001953125
1995-08-23,15.9375,16.0,15.875,15.9375,8.149711608886719,2012400,557.1400146484375
1995-08-24,15.8125,15.9375,15.8125,15.875,8.117755889892578,986200,557.4600219726562
1995-08-25,15.9375,16.3125,15.9375,16.3125,8.341474533081055,1525800,560.0999755859375
1995-08-28,16.4375,16.875,16.375,16.875,8.629112243652344,1558200,559.0499877929688
1995-08-29,16.875,16.9375,16.625,16.875,8.629112243652344,2335600,560.0
1995-08-30,17.0,17.25,16.9375,17.125,8.75694751739502,3083200,560.9199829101562
1995-08-31,17.125,17.125,16.875,16.9375,8.6610689163208,2391000,561.8800048828125
1995-09-01,16.9375,17.5625,16.8125,17.4375,8.916744232177734,2482600,563.8400268554688
1995-09-05,17.3125,17.3125,16.625,16.6875,8.533228874206543,2763800,569.1699829101562
1995-09-06,16.875,17.25,16.8125,16.9375,8.6610689163208,3349600,570.1699829101562
1995-09-07,16.9375,17.0625,16.8125,16.8125,8.597152709960938,1356800,570.2899780273438
1995-09-08,16.9375,16.9375,16.8125,16.9375,8.6610689163208,1148000,572.6799926757812
1995-09-11,16.8125,16.9375,16.8125,16.875,8.629112243652344,962600,573.9099731445312
1995-09-12,16.875,16.875,16.625,16.8125,8.597152709960938,5734000,576.510009765625
1995-09-13,16.75,17.75,16.75,17.75,9.076546669006348,3854400,578.77001953125
1995-09-14,17.625,18.0,17.5625,17.8125,9.10850715637207,1557200,583.6099853515625
1995-09-15,18.375,18.625,17.9375,18.0625,9.236343383789062,3242400,583.3499755859375
1995-09-18,17.75,17.8125,17.5625,17.625,9.012622833251951,1658200,582.77001953125
1995-09-19,17.625,17.6875,17.125,17.5625,8.980663299560547,1882000,584.2000122070312
1995-09-20,17.5625,17.6875,17.4375,17.5,8.94870662689209,870800,586.77001953125
1995-09-21,17.5,17.5,17.0,17.0,8.693028450012207,2733600,583.0
1995-09-22,16.6875,17.125,16.625,17.0625,8.724989891052246,3559600,581.72998046875
1995-09-25,17.0,17.5,17.0,17.4375,8.916744232177734,1820400,581.8099975585938
1995-09-26,17.4375,17.5625,17.125,17.125,8.75694751739502,1980000,581.4099731445312
1995-09-27,17.1875,17.4375,17.125,17.125,8.75694751739502,3974600,581.0399780273438
1995-09-28,17.375,17.875,17.3125,17.8125,9.10850715637207,3361600,585.8699951171875
1995-09-29,17.875,17.9375,17.6875,17.6875,9.044585227966309,1936000,584.4099731445312
1995-10-02,17.625,17.71875,17.375,17.375,8.884787559509277,1604600,581.719970703125
1995-10-03,17.375,17.5625,17.25,17.5,8.94870662689209,1969200,582.3400268554688
1995-10-04,17.5,17.5,16.8125,16.875,8.629112243652344,3284800,581.469970703125
1995-10-05,17.0,17.75,17.0,17.375,8.884787559509277,3766000,582.6300048828125
1995-10-06,17.4375,17.5625,17.3125,17.3125,8.852824211120605,2229600,582.489990234375
1995-10-09,17.3125,17.375,17.125,17.375,8.884787559509277,1021400,578.3699951171875
1995-10-10,17.375,17.375,17.0,17.125,8.75694751739502,1542600,577.52001953125
1995-10-11,17.25,17.625,17.25,17.625,9.012622833251951,2175000,579.4600219726562
1995-10-12,17.625,17.875,17.3125,17.75,9.076546669006348,1717200,583.0999755859375
1995-10-13,17.875,18.0625,17.875,17.875,9.140462875366213,2383200,584.5
1995-10-16,17.75,18.6875,17.75,18.6875,9.555941581726074,3291600,583.030029296875
1995-10-17,18.6875,18.875,18.4375,18.875,9.651822090148926,2280200,586.780029296875
1995-10-18,18.75,18.9375,18.6875,18.875,9.651822090148926,1930000,587.4400024414062
1995-10-19,18.6875,19.75,18.1875,19.5,9.971413612365724,5784800,590.6500244140625
1995-10-20,19.75,20.0,19.5625,19.625,10.0353364944458,4656200,587.4600219726562
1995-10-23,19.1875,19.8125,19.0625,19.125,9.779655456542969,5215000,585.0599975585938
1995-10-24,19.1875,19.25,18.3125,18.75,9.587899208068848,3231200,586.5399780273438
1995-10-25,18.75,18.9375,18.375,18.4375,9.428101539611816,1802000,582.469970703125
1995-10-26,18.4375,18.75,18.0,18.375,9.396141052246094,3147000,576.719970703125
1995-10-27,18.375,18.5,17.8125,18.4375,9.428101539611816,2506000,579.7000122070312
1995-10-30,18.6875,18.875,18.5,18.8125,9.61985683441162,1647800,583.25
1995-10-31,18.8125,18.875,18.375,18.375,9.396141052246094,2271000,581.5
1995-11-01,18.25,19.0625,18.25,19.0625,9.74769687652588,3863200,584.219970703125
1995-11-02,19.125,19.375,18.875,19.375,9.90749740600586,2952200,589.719970703125
1995-11-03,19.375,19.5,19.0625,19.4375,9.939459800720217,3014200,590.5700073242188
1995-11-06,19.4375,19.5625,19.25,19.3125,9.875537872314451,2111000,588.4600219726562
1995-11-07,19.375,19.375,18.8125,18.875,9.651822090148926,2057600,586.3200073242188
1995-11-08,18.9375,19.6875,18.875,19.4375,9.939459800720217,2428200,591.7100219726562
1995-11-09,19.4375,19.5,19.3125,19.375,9.90749740600586,1982000,593.260009765625
1995-11-10,19.3125,19.5625,19.25,19.4375,9.939459800720217,737600,592.719970703125
1995-11-13,19.4375,19.4375,19.0,19.0625,9.74769687652588,932000,592.2999877929688
1995-11-14,18.875,19.1875,18.8125,19.0,9.71573543548584,1099200,589.2899780273438
1995-11-15,18.875,19.0,18.6875,19.0,9.71573543548584,693400,593.9600219726562
1995-11-16,19.0,19.4375,18.8125,19.3125,9.875537872314451,1033600,597.3400268554688
1995-11-17,19.3125,19.6875,19.1875,19.6875,10.067293167114258,1071200,600.0700073242188
1995-11-20,19.625,19.625,19.375,19.375,9.90749740600586,1672000,596.8499755859375
1995-11-21,19.3125,19.875,19.3125,19.6875,10.067293167114258,945600,600.239990234375
1995-11-22,19.75,19.75,19.4375,19.5625,10.003382682800291,687200,598.4000244140625
1995-11-24,19.625,20.0,19.5625,19.9375,10.195136070251465,419000,599.969970703125
1995-11-27,19.875,19.9375,19.75,19.75,10.099252700805664,957200,601.3200073242188
1995-11-28,19.5625,19.9375,19.5625,19.9375,10.24571418762207,1203800,606.4500122070312
1995-11-29,19.9375,20.375,19.875,20.25,10.40630340576172,2250200,607.6400146484375
1995-11-30,20.25,20.8125,20.1875,20.5,10.534783363342283,2771200,605.3699951171875
1995-12-01,20.4375,20.6875,20.3125,20.5625,10.56689739227295,2024400,606.97998046875
1995-12-04,20.375,21.0625,20.3125,20.9375,10.759604454040527,2854600,613.6799926757812
1995-12-05,20.8125,20.9375,20.3125,20.5625,10.56689739227295,1923200,617.6799926757812
1995-12-06,20.5625,20.8125,20.25,20.375,10.470541000366213,1367800,620.1799926757812
1995-12-07,20.4375,20.625,20.0,20.28125,10.42236328125,1669400,616.1699829101562
1995-12-08,20.125,20.3125,19.4375,19.6875,10.117239952087402,1917400,617.47998046875
1995-12-11,19.875,19.9375,19.5,19.6875,10.117239952087402,2541400,619.52001953125
1995-12-12,19.6875,20.0,19.6875,19.9375,10.24571418762207,1335000,618.780029296875
1995-12-13,19.875,20.1875,19.875,20.0,10.277825355529783,1826400,621.6900024414062
1995-12-14,19.9375,20.0,19.875,19.9375,10.24571418762207,1348600,616.9199829101562
1995-12-15,19.9375,19.9375,19.6875,19.75,10.149356842041016,3482200,616.3400268554688
1995-12-18,19.75,19.8125,19.6875,19.75,10.149356842041016,1478600,606.8099975585938
1995-12-19,19.75,19.875,19.5625,19.6875,10.117239952087402,1893000,611.9299926757812
1995-12-20,19.8125,20.3125,19.5,19.5,10.02088451385498,2840800,605.9400024414062
1995-12-21,19.5,20.3125,19.5,20.1875,10.374187469482422,1541000,610.489990234375
1995-12-22,20.0625,20.625,20.0,20.3125,10.4384183883667,2455400,611.9500122070312
1995-12-26,20.3125,20.4375,20.25,20.4375,10.502656936645508,648200,614.2999877929688
1995-12-27,20.375,20.875,20.375,20.8125,10.695366859436035,1670000,614.530029296875
1995-12-28,20.875,21.1875,20.75,20.875,10.727483749389648,1864200,614.1199951171875
1995-12-29,20.875,20.9375,20.375,20.5625,10.56689739227295,1168800,615.9299926757812
1996-01-02,20.4375,21.0,20.125,20.1875,10.374187469482422,3209000,620.72998046875
1996-01-03,20.25,20.5625,20.125,20.125,10.342068672180176,3553600,621.3200073242188
1996-01-04,20.125,20.875,20.125,20.625,10.599013328552246,2409800,617.7000122070312
1996-01-05,20.375,20.9375,20.3125,20.75,10.66324520111084,2083000,616.7100219726562
1996-01-08,20.625,21.0,20.5625,20.8125,10.695366859436035,551800,618.4600219726562
1996-01-09,20.6875,20.6875,20.0625,20.125,10.342068672180176,1357000,609.4500122070312
1996-01-10,19.75,19.875,18.6875,19.1875,9.860295295715332,2912000,598.47998046875
1996-01-11,19.4375,19.5625,19.3125,19.5625,10.053006172180176,4017600,602.6900024414062
1996-01-12,19.5625,19.5625,19.125,19.3125,9.92453384399414,2499600,601.8099975585938
1996-01-15,19.3125,19.625,19.25,19.625,10.085124969482422,2448400,599.8200073242188
1996-01-16,19.625,19.9375,19.625,19.9375,10.24571418762207,1267600,608.4400024414062
1996-01-17,20.0,20.3125,20.0,20.1875,10.374187469482422,1794800,606.3699951171875
1996-01-18,20.1875,20.75,19.75,20.0,10.277825355529783,3546800,608.239990234375
1996-01-19,19.875,20.0,19.6875,19.9375,10.24571418762207,2231600,611.8300170898438
1996-01-22,19.8125,19.9375,19.75,19.9375,10.24571418762207,813200,613.4000244140625
1996-01-23,19.9375,19.9375,19.8125,19.9375,10.24571418762207,1310800,612.7899780273438
1996-01-24,19.9375,20.3125,19.8125,20.125,10.342068672180176,2584600,619.9600219726562
1996-01-25,20.3125,20.8125,20.25,20.6875,10.63112735748291,2901800,617.030029296875
1996-01-26,20.6875,21.0,20.4375,20.9375,10.759604454040527,2443400,621.6199951171875
1996-01-29,20.9375,21.4375,20.875,21.375,10.9844331741333,1659800,624.219970703125
1996-01-30,21.5,21.625,21.125,21.5,11.048667907714844,2920400,630.1500244140625
1996-01-31,21.5,22.0625,21.5,21.75,11.177141189575195,3678800,636.02001953125
1996-02-01,21.75,21.9375,21.625,21.9375,11.2735013961792,2669400,638.4600219726562
1996-02-02,21.9375,21.9375,21.625,21.75,11.177141189575195,1306600,635.8400268554688
1996-02-05,21.5625,21.9375,21.5,21.5,11.048667907714844,1468000,641.4299926757812
1996-02-06,21.75,22.3125,21.375,22.1875,11.40196704864502,4066800,646.3300170898438
1996-02-07,22.3125,22.375,22.0,22.25,11.434083938598633,1807000,649.9299926757812
1996-02-08,22.0625,22.1875,21.8125,22.0625,11.337736129760742,2175000,656.0700073242188
1996-02-09,22.125,22.25,22.0,22.25,11.434083938598633,1254400,656.3699951171875
1996-02-12,22.3125,22.4375,22.1875,22.375,11.498326301574709,1481800,661.4500122070312
1996-02-13,22.375,23.0,22.375,22.875,11.755266189575195,2293400,660.510009765625
1996-02-14,22.6875,22.8125,22.4375,22.4375,11.530439376831056,1672000,655.5800170898438
1996-02-15,22.4375,22.5,22.25,22.375,11.498326301574709,2347000,651.3200073242188
1996-02-16,22.375,22.4375,22.0625,22.125,11.369847297668455,1969800,647.97998046875
1996-02-20,21.75,21.9375,21.125,21.5,11.048667907714844,2402000,640.6500244140625
1996-02-21,21.375,22.0,21.375,21.5625,11.080788612365724,3030200,648.0999755859375
1996-02-22,21.75,22.6875,21.75,22.5,11.562561988830566,1775200,658.8599853515625
1996-02-23,22.5,22.8125,22.4375,22.75,11.691030502319336,2219800,659.0800170898438
1996-02-26,22.5625,22.5625,22.1875,22.3125,11.466206550598145,1752000,650.4600219726562
1996-02-27,22.3125,22.375,22.0,22.125,11.424118995666504,1802200,647.239990234375
1996-02-28,22.25,22.5625,21.6875,21.9375,11.327312469482422,8327400,644.75
1996-02-29,21.9375,22.0,21.25,21.4375,11.069141387939451,2157800,640.4299926757812
1996-03-01,21.875,21.9375,21.375,21.875,11.295036315917969,2255200,644.3699951171875
1996-03-04,21.8125,21.9375,21.625,21.8125,11.26276397705078,1415000,650.8099975585938
1996-03-05,21.6875,21.8125,21.6875,21.8125,11.26276397705078,1195600,655.7899780273438
1996-03-06,21.9375,22.1875,21.8125,21.9375,11.327312469482422,1149400,652.0
1996-03-07,21.8125,22.0625,21.75,22.0,11.359580039978027,561800,653.6500244140625
1996-03-08,21.5,21.625,20.375,21.0,10.843235969543455,3531800,633.5
1996-03-11,20.875,20.875,20.25,20.25,10.455978393554688,4241400,640.02001953125
1996-03-12,20.375,20.4375,19.875,20.1875,10.4237060546875,4723400,637.0900268554688
1996-03-13,20.3125,20.875,20.3125,20.875,10.77868938446045,1778400,638.5499877929688
1996-03-14,20.875,21.4375,20.875,21.0625,10.87550449371338,1327400,640.8699951171875
1996-03-15,21.0,21.0,20.25,20.6875,10.681876182556152,2490800,641.4299926757812
1996-03-18,20.625,21.625,20.625,21.375,11.036861419677734,1489400,652.6500244140625
1996-03-19,21.375,21.4375,20.5625,21.0,10.843235969543455,2076600,651.6900024414062
1996-03-20,21.0625,21.25,20.6875,20.9375,10.810965538024902,1651400,649.97998046875
1996-03-21,21.25,21.25,20.75,21.0,10.843235969543455,1710200,649.1900024414062
1996-03-22,21.125,21.125,20.75,21.0625,10.87550449371338,1245400,650.6199951171875
1996-03-25,21.0625,21.25,20.9375,21.1875,10.94005012512207,2387200,650.0399780273438
1996-03-26,21.5625,21.625,21.1875,21.1875,10.94005012512207,1987600,652.969970703125
1996-03-27,21.4375,21.5,20.875,21.0,10.843235969543455,1970000,648.9099731445312
1996-03-28,20.8125,21.375,20.8125,21.3125,11.004589080810549,3062200,648.9400024414062
1996-03-29,21.4375,21.625,21.0,21.0,10.843235969543455,2292600,645.5
1996-04-01,21.0625,21.375,20.9375,21.3125,11.004589080810549,1217600,653.72998046875
1996-04-02,21.375,21.75,21.375,21.4375,11.069141387939451,2233800,655.260009765625
1996-04-03,21.5,21.5,21.0,21.1875,10.94005012512207,855200,655.8800048828125
1996-04-04,21.1875,21.1875,21.0625,21.125,10.907785415649414,977000,655.8599853515625
1996-04-08,20.625,20.8125,20.5625,20.6875,10.681876182556152,2166400,644.239990234375
1996-04-09,20.8125,20.8125,20.5,20.625,10.64960765838623,2541600,642.1900024414062
1996-04-10,20.5,20.5625,19.3125,19.625,10.133264541625977,3579800,633.5
1996-04-11,19.5625,19.625,18.75,19.375,10.004179000854492,7258600,631.1799926757812
1996-04-12,19.375,19.9375,19.375,19.9375,10.29461669921875,1893400,636.7100219726562
1996-04-15,19.8125,20.0625,19.5,19.5,10.068717002868652,1964600,642.489990234375
1996-04-16,19.75,19.8125,19.5,19.75,10.19780731201172,1804400,645.0
1996-04-17,19.875,20.375,19.8125,19.9375,10.29461669921875,1783400,641.6099853515625
1996-04-18,20.3125,20.6875,20.25,20.5,10.585067749023438,2507800,643.6099853515625
1996-04-19,20.8125,20.9375,20.625,20.8125,10.746423721313477,1829800,645.0700073242188
1996-04-22,20.875,21.0,20.5,20.5625,10.617334365844728,1448800,647.8900146484375
1996-04-23,20.25,20.3125,19.75,19.9375,10.29461669921875,2740400,651.5800170898438
1996-04-24,20.0,20.0625,19.75,20.0,10.32688808441162,1244200,650.1699829101562
1996-04-25,20.125,20.375,19.6875,19.9375,10.29461669921875,1978000,652.8699951171875
1996-04-26,19.875,20.0,19.625,19.625,10.133264541625977,1558400,653.4600219726562
1996-04-29,19.5625,19.5625,19.4375,19.5,10.068717002868652,1678600,654.1599731445312
1996-04-30,19.625,19.625,19.375,19.4375,10.03644847869873,2070400,654.1699829101562
1996-05-01,19.3125,20.0,19.25,19.5625,10.100995063781738,2832800,654.5800170898438
1996-05-02,19.375,19.625,19.1875,19.1875,9.90735912322998,2239000,643.3800048828125
1996-05-03,19.25,19.75,19.1875,19.3125,9.971904754638672,2726800,641.6300048828125
1996-05-06,19.25,19.4375,19.125,19.1875,9.90735912322998,1156800,640.8099975585938
1996-05-07,19.1875,19.25,18.9375,19.0,9.81054401397705,1660200,638.260009765625
1996-05-08,18.9375,19.3125,18.6875,19.1875,9.90735912322998,4475400,644.77001953125
1996-05-09,19.3125,19.5625,19.3125,19.375,10.004179000854492,2738600,645.4400024414062
1996-05-10,19.625,19.75,19.5,19.6875,10.165534019470217,2960600,652.0900268554688
1996-05-13,19.75,20.0,19.5,19.6875,10.165534019470217,1987000,661.510009765625
1996-05-14,19.6875,19.9375,19.5625,19.9375,10.29461669921875,3666800,665.5999755859375
1996-05-15,19.9375,20.4375,19.6875,20.0,10.32688808441162,2426200,665.4199829101562
1996-05-16,20.0,20.3125,19.9375,20.0625,10.359158515930176,2646200,664.8499755859375
1996-05-17,20.125,20.1875,19.875,20.0,10.32688808441162,2876600,668.9099731445312
1996-05-20,20.0,20.3125,19.9375,20.1875,10.4237060546875,3248800,673.1500244140625
1996-05-21,20.3125,20.625,20.1875,20.375,10.520523071289062,2706600,672.760009765625
1996-05-22,20.5,20.8125,20.5,20.5,10.585067749023438,2369800,678.4199829101562
1996-05-23,20.6875,21.0,20.6875,20.875,10.77868938446045,1737000,676.0
1996-05-24,20.9375,21.625,20.9375,21.5,11.101409912109377,1587000,678.510009765625
1996-05-28,21.5,21.5625,21.1875,21.1875,10.94005012512207,1526600,672.22998046875
1996-05-29,21.0625,21.1875,20.5,20.5,10.638290405273438,1290600,667.9299926757812
1996-05-30,20.5,20.5625,20.1875,20.4375,10.60585117340088,4695200,671.7000122070312
1996-05-31,20.5,21.1875,20.4375,21.125,10.962629318237305,3327400,669.1199951171875
1996-06-03,21.0625,21.875,21.0,21.5625,11.189658164978027,2669800,667.6799926757812
1996-06-04,22.1875,22.9375,22.1875,22.9375,11.90320873260498,4278400,672.5599975585938
1996-06-05,22.8125,23.1875,22.4375,23.1875,12.032938957214355,3339400,678.4400024414062
1996-06-06,23.1875,23.25,22.8125,22.9375,11.90320873260498,1623600,673.030029296875
1996-06-07,22.25,22.5,22.125,22.25,11.54643440246582,2303400,673.3099975585938
1996-06-10,22.25,22.3125,22.0,22.125,11.481563568115234,1518000,672.1599731445312
1996-06-11,22.125,22.4375,21.75,22.0,11.416699409484863,2358000,670.969970703125
1996-06-12,22.0,22.1875,21.5625,21.6875,11.254526138305664,2116200,669.0399780273438
1996-06-13,21.75,21.9375,21.625,21.75,11.286959648132324,2335200,667.9199829101562
1996-06-14,21.875,22.0,21.8125,21.875,11.351828575134276,2071800,665.8499755859375
1996-06-17,21.875,21.875,21.5625,21.875,11.351828575134276,1000800,665.1599731445312
1996-06-18,21.875,22.125,21.5,21.9375,11.384265899658203,2123600,662.0599975585938
1996-06-19,21.9375,22.0625,21.625,21.9375,11.384265899658203,1607200,661.9600219726562
1996-06-20,22.0,22.0625,21.3125,21.4375,11.124798774719238,2065400,662.0999755859375
1996-06-21,21.6875,22.0,21.625,21.9375,11.384265899658203,2958200,666.8400268554688
1996-06-24,22.0,22.125,21.8125,22.125,11.481563568115234,1672200,668.8499755859375
1996-06-25,22.1875,22.4375,22.125,22.1875,11.513998031616213,1106800,668.47998046875
1996-06-26,22.125,22.3125,22.0625,22.125,11.481563568115234,1332600,664.3900146484375
1996-06-27,22.125,22.375,21.9375,22.3125,11.57887363433838,1421400,668.5499877929688
1996-06-28,22.5,22.9375,22.5,22.8125,11.83834171295166,1748000,670.6300048828125
1996-07-01,23.1875,23.375,23.0625,23.25,12.065377235412598,2434200,675.8800048828125
1996-07-02,23.1875,23.3125,23.125,23.1875,12.032938957214355,1487400,673.6099853515625
1996-07-03,23.1875,23.25,22.75,22.875,11.870767593383787,1165400,672.4000244140625
1996-07-05,22.375,22.4375,22.1875,22.25,11.54643440246582,949200,657.4400024414062
1996-07-08,22.0,22.0625,21.6875,21.9375,11.384265899658203,1535600,652.5399780273438
1996-07-09,22.0,22.0,21.5625,21.875,11.351828575134276,1412600,654.75
1996-07-10,21.875,21.875,21.5625,21.6875,11.254526138305664,879800,656.0599975585938
1996-07-11,21.625,21.625,20.875,21.1875,10.995057106018066,1832800,645.6699829101562
1996-07-12,21.0625,21.625,20.875,21.4375,11.124798774719238,1091800,646.1900024414062
1996-07-15,21.125,21.375,20.75,20.75,10.768014907836914,950200,629.7999877929688
1996-07-16,20.5,21.375,20.4375,20.9375,10.865324020385742,1935000,628.3699951171875
1996-07-17,21.375,21.375,20.9375,21.0625,10.930191040039062,1128200,634.0700073242188
1996-07-18,21.1875,21.8125,21.0,21.5625,11.189658164978027,1887200,643.5599975585938
1996-07-19,21.5625,21.5625,21.0,21.125,10.962629318237305,1344400,638.72998046875
1996-07-22,20.875,21.375,20.6875,21.3125,11.05992317199707,1577600,633.77001953125
1996-07-23,21.4375,21.5625,20.875,21.1875,10.995057106018066,1512600,626.8699951171875
1996-07-24,20.5625,21.375,20.5625,21.375,11.09235954284668,1529400,626.6500244140625
1996-07-25,21.625,21.8125,21.5,21.8125,11.319397926330566,1766600,631.1699829101562
1996-07-26,21.9375,22.4375,21.8125,22.3125,11.57887363433838,1582600,635.9000244140625
1996-07-29,22.3125,22.5625,22.0625,22.5,11.67616844177246,1135400,630.9099731445312
1996-07-30,22.625,22.6875,22.3125,22.5,11.67616844177246,1038400,635.260009765625
1996-07-31,22.3125,22.4375,22.25,22.375,11.611305236816406,1178600,639.9500122070312
1996-08-01,22.34375,22.625,22.25,22.625,11.74103546142578,2065600,650.02001953125
1996-08-02,22.6875,23.5,22.6875,23.0,11.935633659362791,1868000,662.489990234375
1996-08-05,22.625,23.125,22.625,23.0,11.935633659362791,1009000,660.22998046875
1996-08-06,22.875,23.1875,22.8125,23.0,11.935633659362791,1288800,662.3800048828125
1996-08-07,23.0,23.125,22.75,23.0625,11.968069076538086,1431600,664.1599731445312
1996-08-08,22.9375,23.125,22.875,23.0,11.935633659362791,1102400,662.5900268554688
1996-08-09,23.0625,23.125,22.9375,23.0625,11.968069076538086,810200,662.0999755859375
1996-08-12,23.0,23.1875,22.8125,23.125,12.000503540039062,987200,665.77001953125
1996-08-13,22.9375,23.0,22.75,22.8125,11.83834171295166,1483400,660.2000122070312
1996-08-14,22.75,22.875,22.5625,22.875,11.870767593383787,620200,662.0499877929688
1996-08-15,22.8125,22.8125,22.4375,22.5,11.67616844177246,593600,662.280029296875
1996-08-16,22.625,22.9375,22.625,22.875,11.870767593383787,797000,665.2100219726562
1996-08-19,23.0,23.0,22.875,23.0,11.935633659362791,672400,666.5800170898438
1996-08-20,22.75,22.75,22.375,22.625,11.74103546142578,1239400,665.6900024414062
1996-08-21,22.6875,23.125,22.6875,23.0625,11.968069076538086,1007800,665.0700073242188
1996-08-22,23.125,23.5,23.125,23.4375,12.162675857543944,1385600,670.6799926757812
1996-08-23,23.1875,23.4375,22.875,23.125,12.000503540039062,1481800,667.030029296875
1996-08-26,23.0625,23.0625,22.5625,22.6875,11.77347183227539,560200,663.8800048828125
1996-08-27,22.8125,23.25,22.625,23.25,12.065377235412598,1515000,666.4000244140625
1996-08-28,23.0625,23.25,22.6875,22.875,11.925135612487791,1162800,664.8099975585938
1996-08-29,22.875,22.875,22.5625,22.625,11.794812202453612,1741600,657.4000244140625
1996-08-30,22.5,22.5,21.75,22.3125,11.631900787353516,1162800,651.989990234375
1996-09-03,22.125,22.5,21.8125,22.375,11.664484977722168,1643400,654.719970703125
1996-09-04,23.0,23.4375,22.90625,23.4375,12.218379974365234,1787000,655.6099853515625
1996-09-05,23.1875,23.3125,22.8125,22.875,11.925135612487791,1502200,649.4400024414062
1996-09-06,23.0625,23.375,22.875,23.125,12.055468559265137,577200,655.6799926757812
1996-09-09,23.25,23.6875,23.1875,23.6875,12.348714828491213,1047200,663.760009765625
1996-09-10,23.6875,23.6875,23.3125,23.5,12.250961303710938,925400,663.8099975585938
1996-09-11,23.3125,23.875,23.25,23.8125,12.41387176513672,937600,667.280029296875
1996-09-12,23.875,24.0,23.75,23.8125,12.41387176513672,1635400,671.1500244140625
1996-09-13,24.0,24.4375,23.9375,24.375,12.707122802734377,2472800,680.5399780273438
1996-09-16,23.875,24.625,23.875,24.5625,12.804861068725586,2050400,683.97998046875
1996-09-17,24.4375,24.5,24.1875,24.3125,12.674532890319824,1053800,682.9400024414062
1996-09-18,24.3125,24.3125,23.9375,24.125,12.576786994934082,863400,681.469970703125
1996-09-19,24.0,24.0625,23.875,23.9375,12.479039192199709,827400,683.0
1996-09-20,24.0625,24.5,23.9375,24.5,12.772282600402832,2267200,687.030029296875
1996-09-23,24.375,24.5,24.25,24.4375,12.739697456359863,1789400,686.47998046875
1996-09-24,24.375,24.5625,24.25,24.4375,12.739697456359863,1630000,685.6099853515625
1996-09-25,24.4375,24.4375,23.8125,24.0,12.51162052154541,1213600,685.8300170898438
1996-09-26,23.875,24.5,23.6875,24.0,12.51162052154541,2214000,685.8599853515625
1996-09-27,24.125,24.4375,23.8125,24.375,12.707122802734377,1156800,686.1900024414062
1996-09-30,24.5625,24.875,24.4375,24.625,12.837442398071287,1574000,687.3300170898438
1996-10-01,24.5,24.875,24.375,24.75,12.902606010437012,2444000,689.0800170898438
1996-10-02,24.8125,25.25,24.8125,25.25,13.163265228271484,2972800,694.010009765625
1996-10-03,25.0,25.0,24.4375,24.8125,12.935195922851562,2282400,692.780029296875
1996-10-04,25.25,25.25,25.0,25.25,13.163265228271484,2544000,701.4600219726562
1996-10-07,25.25,25.3125,25.125,25.3125,13.19584846496582,1011400,703.3400268554688
1996-10-08,25.375,26.1875,25.375,26.0,13.554256439208984,4857600,700.6400146484375
1996-10-09,25.875,26.0625,25.6875,25.9375,13.521682739257812,2148200,696.739990234375
1996-10-10,26.0,26.125,25.9375,26.0625,13.586837768554688,1412000,694.6099853515625
1996-10-11,26.1875,26.5625,26.125,26.125,13.619425773620604,1929800,700.6599731445312
1996-10-14,26.0625,26.3125,25.9375,26.125,13.619425773620604,1070800,703.5399780273438
1996-10-15,26.25,26.25,25.8125,25.875,13.489087104797363,1907800,702.5700073242188
1996-10-16,25.8125,25.8125,25.375,25.6875,13.391349792480469,1795000,704.4099731445312
1996-10-17,25.9375,27.625,25.9375,27.3125,14.238484382629396,5530800,706.989990234375
1996-10-18,27.5,27.5,27.0,27.3125,14.238484382629396,2716400,710.8200073242188
1996-10-21,27.125,27.1875,26.5625,26.8125,13.97783374786377,1118800,709.8499755859375
1996-10-22,26.6875,27.0,26.5,26.8125,13.97783374786377,883000,706.5700073242188
1996-10-23,26.8125,27.3125,26.625,27.3125,14.238484382629396,1079200,707.27001953125
1996-10-24,27.125,27.75,27.125,27.375,14.271075248718262,1221400,702.2899780273438
1996-10-25,27.25,27.5625,27.1875,27.375,14.271075248718262,1663400,700.9199829101562
1996-10-28,27.5,27.625,27.0625,27.0625,14.108152389526367,1210200,697.260009765625
1996-10-29,27.125,28.0625,27.0,27.875,14.531726837158203,2166200,701.5
1996-10-30,27.875,28.0625,27.75,27.875,14.531726837158203,2171000,700.9000244140625
1996-10-31,27.75,28.125,27.75,28.0,14.596893310546877,1419000,705.27001953125
1996-11-01,28.0625,28.1875,27.75,27.875,14.531726837158203,3385400,703.77001953125
1996-11-04,27.875,28.0,27.75,27.8125,14.499149322509766,1432200,706.72998046875
1996-11-05,27.8125,28.0,27.8125,27.875,14.531726837158203,1767600,714.1400146484375
1996-11-06,27.9375,28.375,27.875,28.25,14.727217674255373,2412400,724.5900268554688
1996-11-07,27.9375,28.6875,27.9375,28.4375,14.824973106384276,1347000,727.6500244140625
1996-11-08,28.375,28.6875,28.25,28.5625,14.890138626098633,1339800,730.8200073242188
1996-11-11,28.5,28.875,28.5,28.6875,14.955296516418455,987600,731.8699951171875
1996-11-12,28.75,28.9375,28.6875,28.9375,15.0856294631958,1371400,729.5599975585938
1996-11-13,29.1875,29.5625,28.75,29.125,15.183368682861328,1780000,731.1300048828125
1996-11-14,28.75,28.9375,28.5625,28.875,15.053044319152832,1103000,735.8800048828125
1996-11-15,29.1875,29.1875,28.875,29.0,15.118207931518556,1502000,737.6199951171875
1996-11-18,28.8125,29.0,28.6875,28.875,15.053044319152832,686600,737.02001953125
1996-11-19,28.8125,29.25,28.6875,29.1875,15.215962409973145,1247800,742.1599731445312
1996-11-20,29.1875,29.1875,28.9375,29.0625,15.150798797607422,956800,743.9500122070312
1996-11-21,29.125,29.5625,29.0,29.5625,15.411458015441896,1688400,742.75
1996-11-22,29.5625,29.75,29.25,29.5625,15.411458015441896,1670400,748.72998046875
1996-11-25,29.3125,29.8125,29.3125,29.8125,15.597704887390137,1859600,757.030029296875
1996-11-26,30.0,30.3125,29.8125,30.125,15.761210441589355,1711600,755.9600219726562
1996-11-27,30.0,30.0625,29.6875,30.0625,15.728506088256836,1182000,755.0
1996-11-29,29.9375,30.125,29.9375,30.125,15.761210441589355,583800,757.02001953125
1996-12-02,29.875,30.25,29.875,30.0625,15.728506088256836,1288000,756.5599975585938
1996-12-03,30.0,30.375,29.875,29.9375,15.663108825683594,2025400,748.280029296875
1996-12-04,29.5,29.625,29.25,29.4375,15.40151309967041,2766400,745.0999755859375
1996-12-05,29.3125,29.625,29.25,29.3125,15.336113929748535,1352000,744.3800048828125
1996-12-06,28.5,28.875,28.375,28.6875,15.009114265441896,2519400,739.5999755859375
1996-12-09,28.8125,29.125,28.8125,28.9375,15.13990879058838,1603400,749.760009765625
1996-12-10,29.125,29.375,28.875,29.0,15.172618865966797,1153200,747.5399780273438
1996-12-11,28.625,28.8125,28.4375,28.8125,15.074511528015137,1995200,740.72998046875
1996-12-12,29.0625,29.5,28.1875,28.1875,14.747513771057127,1940600,729.2999877929688
1996-12-13,28.0,28.375,27.625,28.125,14.714818000793455,2291800,728.6400146484375
1996-12-16,28.8125,28.9375,27.75,27.9375,14.616719245910645,2157200,720.97998046875
1996-12-17,27.6875,27.875,27.4375,27.5625,14.420527458190918,2216200,726.0399780273438
1996-12-18,28.5,28.5,28.125,28.3125,14.81291675567627,1836000,731.5399780273438
1996-12-19,28.5625,29.875,28.4375,29.5,15.4342041015625,2445800,745.760009765625
1996-12-20,30.4375,30.4375,29.625,29.625,15.499608993530272,2598000,748.8699951171875
1996-12-23,29.875,30.0,29.375,29.375,15.368810653686523,744800,746.9199829101562
1996-12-24,29.25,29.3125,29.0625,29.1875,15.27072525024414,392800,751.030029296875
1996-12-26,29.25,29.875,29.25,29.875,15.630403518676758,1243600,755.8200073242188
1996-12-27,30.0625,30.1875,29.6875,29.9375,15.663108825683594,640600,756.7899780273438
1996-12-30,30.0,30.1875,29.5625,29.625,15.499608993530272,1120400,753.8499755859375
1996-12-31,29.5625,29.5625,28.5,28.9375,15.13990879058838,1226200,740.739990234375
1997-01-02,28.8125,28.9375,28.125,28.5625,14.94371509552002,1692400,737.010009765625
1997-01-03,29.0,29.8125,29.0,29.5,15.4342041015625,1951600,748.030029296875
1997-01-06,29.8125,29.9375,29.125,29.25,15.303412437438965,1212200,747.6500244140625
1997-01-07,29.1875,29.8125,28.9375,29.5625,15.46691608428955,1884400,753.22998046875
1997-01-08,29.75,29.8125,29.5,29.75,15.565008163452148,1486600,748.4099731445312
1997-01-09,29.875,30.9375,29.875,30.5625,15.990106582641602,3946200,754.8499755859375
1997-01-10,30.125,30.6875,29.9375,30.6875,16.055503845214844,3038200,759.5
1997-01-13,30.75,30.9375,30.0625,30.125,15.761210441589355,1067800,759.510009765625
1997-01-14,30.5,31.375,30.5,31.25,16.349803924560547,1647000,768.8599853515625
1997-01-15,31.3125,31.625,31.3125,31.625,16.546001434326172,1860200,767.2000122070312
1997-01-16,31.5625,31.625,31.125,31.25,16.349803924560547,1796200,769.75
1997-01-17,31.25,31.25,30.9375,30.9375,16.186294555664062,1557400,776.1699829101562
1997-01-20,30.9375,31.875,30.9375,31.375,16.415197372436523,1933200,776.7000122070312
1997-01-21,31.25,31.8125,31.125,31.625,16.546001434326172,1683800,782.719970703125
1997-01-22,31.625,32.9375,31.5625,32.875,17.199989318847656,3500600,786.22998046875
1997-01-23,32.6875,33.0,32.3125,32.3125,16.905691146850586,2220800,777.5599975585938
1997-01-24,32.3125,32.375,31.5625,31.8125,16.644094467163086,1988000,770.52001953125
1997-01-27,31.375,31.4375,30.9375,31.0,16.218996047973633,1376400,765.02001953125
1997-01-28,31.3125,32.0,31.1875,31.1875,16.31710433959961,2984600,765.02001953125
1997-01-29,31.125,31.9375,31.0,31.9375,16.709491729736328,1220000,772.5
1997-01-30,32.0,32.8125,32.0,32.625,17.069190979003906,1878600,784.1699829101562
1997-01-31,32.75,33.5,32.6875,32.8125,17.167287826538086,2339000,786.1599731445312
1997-02-03,33.0,33.0625,32.5,32.5625,17.036489486694336,1940600,786.72998046875
1997-02-04,32.4375,32.5,32.25,32.4375,16.97109031677246,1133600,789.260009765625
1997-02-05,32.5,32.75,31.1875,31.9375,16.709491729736328,2101600,778.280029296875
1997-02-06,32.5,32.625,31.8125,31.875,16.676790237426758,2581000,780.1500244140625
1997-02-07,31.5,31.875,31.25,31.625,16.546001434326172,3866000,789.5599975585938
1997-02-10,31.625,32.625,31.625,32.4375,16.97109031677246,3214400,785.4299926757812
1997-02-11,32.5,32.5625,32.0625,32.5,17.00379753112793,1245400,789.5900268554688
1997-02-12,32.5,32.6875,32.3125,32.4375,16.97109031677246,1705000,802.77001953125
1997-02-13,32.5625,33.75,32.4375,33.625,17.592382431030273,2418400,811.8200073242188
1997-02-14,33.6875,33.9375,33.5,33.8125,17.690479278564453,1418400,808.47998046875
1997-02-18,33.9375,34.0,33.375,33.625,17.592382431030273,1362800,816.2899780273438
1997-02-19,33.625,33.6875,33.1875,33.375,17.461585998535156,1496400,812.489990234375
1997-02-20,33.0625,33.4375,32.8125,33.0,17.26538848876953,1455800,802.7999877929688
1997-02-21,33.125,33.1875,32.8125,33.0625,17.298086166381836,1506000,801.77001953125
1997-02-24,32.875,33.375,32.75,33.375,17.461585998535156,1148200,810.280029296875
1997-02-25,33.375,33.625,33.125,33.5625,17.559688568115234,1579800,812.030029296875
1997-02-26,33.375,33.6875,32.625,32.625,17.130434036254883,1646400,805.6799926757812
1997-02-27,32.9375,33.1875,32.5625,32.5625,17.097620010375977,1238800,795.0700073242188
1997-02-28,32.125,32.125,31.6875,31.6875,16.6381778717041,2700600,790.8200073242188
1997-03-03,31.5625,31.75,31.375,31.6875,16.6381778717041,1542400,795.3099975585938
1997-03-04,31.6875,32.1875,31.6875,31.6875,16.6381778717041,1111400,790.9500122070312
1997-03-05,31.5625,32.0,31.3125,32.0,16.80226707458496,1135800,801.989990234375
1997-03-06,32.25,32.875,32.25,32.625,17.130434036254883,1520400,798.5599975585938
1997-03-07,32.9375,33.75,32.9375,33.5,17.589862823486328,1899800,804.969970703125
1997-03-10,33.375,33.5,33.125,33.4375,17.557058334350586,2087200,813.6500244140625
1997-03-11,33.5625,34.125,33.5,33.625,17.655508041381836,1850000,811.3400268554688
1997-03-12,33.5,34.0,33.3125,33.3125,17.491413116455078,1377400,804.260009765625
1997-03-13,33.3125,33.3125,31.9375,32.1875,16.900724411010742,2111800,789.5599975585938
1997-03-14,32.5,32.875,32.375,32.375,16.999174118041992,1406000,793.1699829101562
1997-03-17,32.375,32.5,31.9375,32.25,16.933536529541016,2179200,795.7100219726562
1997-03-18,32.5,32.5625,31.8125,31.875,16.73663330078125,1954000,789.6599731445312
1997-03-19,32.125,32.1875,31.8125,32.125,16.86789321899414,1344200,785.77001953125
1997-03-20,32.0625,32.125,31.4375,32.0,16.80226707458496,1847800,782.6500244140625
1997-03-21,32.1875,32.4375,31.875,32.0625,16.83507537841797,1822800,784.0999755859375
1997-03-24,32.1875,32.375,31.8125,32.3125,16.966354370117188,1149000,790.8900146484375
1997-03-25,32.4375,32.875,32.0,32.125,16.86789321899414,1266600,789.0700073242188
1997-03-26,32.0625,32.125,31.8125,31.8125,16.70381736755371,1601800,790.5
1997-03-27,32.0,32.0,30.75,31.1875,16.375652313232422,1880400,773.8800048828125
1997-03-31,31.25,31.375,29.6875,29.6875,15.588040351867676,3325200,757.1199951171875
1997-04-01,29.5,30.75,29.5,30.25,15.88339900970459,3107000,759.6400146484375
1997-04-02,30.125,30.25,29.9375,29.9375,15.719314575195312,2407000,750.1099853515625
1997-04-03,29.8125,30.25,29.8125,29.9375,15.719314575195312,1995200,750.3200073242188
1997-04-04,29.8125,29.9375,29.3125,29.9375,15.719314575195312,1655000,757.9000244140625
1997-04-07,30.1875,31.0,30.1875,30.3125,15.916210174560549,1237400,762.1300048828125
1997-04-08,30.375,31.0625,30.3125,31.0,16.277193069458008,1459600,766.1199951171875
1997-04-09,31.0625,31.125,30.75,30.875,16.211559295654297,1358000,760.5999755859375
1997-04-10,30.875,31.125,30.875,30.9375,16.244373321533203,1073600,758.3400268554688
1997-04-11,30.3125,30.625,30.25,30.25,15.88339900970459,1807200,737.6500244140625
1997-04-14,30.125,30.125,29.75,30.0,15.75212287902832,1162800,743.72998046875
1997-04-15,30.25,30.75,30.25,30.6875,16.113115310668945,1546600,754.719970703125
1997-04-16,30.6875,30.9375,30.625,30.9375,16.244373321533203,1311800,763.530029296875
1997-04-17,30.9375,31.8125,30.875,31.75,16.67099952697754,1552600,761.77001953125
1997-04-18,31.75,32.0625,31.6875,31.75,16.67099952697754,1185000,766.3400268554688
1997-04-21,31.75,31.75,30.4375,30.8125,16.17874526977539,1295400,760.3699951171875
1997-04-22,31.0625,31.4375,30.75,31.1875,16.375652313232422,1631800,774.6099853515625
1997-04-23,31.125,31.5,30.75,31.0625,16.310016632080078,1431000,773.6400146484375
1997-04-24,31.1875,31.3125,30.3125,30.8125,16.17874526977539,953200,771.1799926757812
1997-04-25,30.8125,30.9375,30.4375,30.5625,16.0474853515625,531600,765.3699951171875
1997-04-28,30.5625,31.3125,30.25,31.3125,16.44129180908203,2180200,772.9600219726562
1997-04-29,31.875,32.8125,31.625,32.625,17.130434036254883,2095200,794.0499877929688
1997-04-30,32.4375,32.8125,31.9375,32.6875,17.16326332092285,2024400,801.3400268554688
1997-05-01,32.4375,32.5625,32.1875,32.375,16.999174118041992,1135000,798.530029296875
1997-05-02,32.5,33.375,32.3125,33.3125,17.491413116455078,1181800,812.969970703125
1997-05-05,33.5625,34.0625,33.25,33.625,17.655508041381836,1708600,830.2899780273438
1997-05-06,33.6875,34.625,33.625,34.4375,18.08213233947754,2082200,827.760009765625
1997-05-07,34.125,34.25,32.75,32.75,17.19607162475586,1295000,815.6199951171875
1997-05-08,32.625,33.625,32.375,33.0,17.32733917236328,1492000,820.260009765625
1997-05-09,33.3125,33.875,32.8125,33.5,17.589862823486328,1112600,824.780029296875
1997-05-12,33.6875,34.4375,33.6875,34.25,17.983671188354492,1824200,837.6599731445312
1997-05-13,34.4375,34.4375,33.5,33.5,17.589862823486328,1736400,833.1300048828125
1997-05-14,33.75,34.5625,33.75,34.4375,18.08213233947754,1570600,836.0399780273438
1997-05-15,34.25,35.0,34.125,34.9375,18.34466361999512,936800,841.8800048828125
1997-05-16,34.9375,34.9375,34.125,34.375,18.04930877685547,1922600,829.75
1997-05-19,34.375,34.9375,34.25,34.875,18.31184959411621,1017400,833.27001953125
1997-05-20,34.625,35.3125,34.3125,35.3125,18.541563034057617,1526400,841.6599731445312
1997-05-21,35.3125,35.4375,34.6875,35.0625,18.41029930114746,1600400,839.3499755859375
1997-05-22,34.9375,35.0625,34.5625,34.875,18.31184959411621,742400,835.6599731445312
1997-05-23,34.9375,35.5625,34.9375,35.375,18.574377059936523,627600,847.030029296875
1997-05-27,35.0,35.1875,34.6875,34.875,18.31184959411621,1361800,849.7100219726562
1997-05-28,34.6875,35.3125,34.5625,35.1875,18.53973197937012,1280600,847.2100219726562
1997-05-29,35.3125,35.5625,35.1875,35.25,18.572654724121094,1526600,844.0800170898438
1997-05-30,35.1875,36.8125,34.6875,36.8125,19.39591789245605,2125400,848.280029296875
1997-06-02,36.75,36.75,35.6875,35.6875,18.80316734313965,1773000,846.3599853515625
1997-06-03,35.25,36.0625,35.25,35.3125,18.6055908203125,2228800,845.47998046875
1997-06-04,35.1875,35.25,34.5,34.75,18.30921936035156,1335600,840.1099853515625
1997-06-05,35.0,35.375,34.75,34.9375,18.407997131347656,2153200,843.4299926757812
1997-06-06,34.875,35.6875,34.875,35.5,18.704381942749023,1953200,858.010009765625
1997-06-09,35.5,37.125,35.5,36.875,19.428850173950195,2203000,862.9099731445312
1997-06-10,36.9375,37.625,36.9375,37.5625,19.79106712341309,2170200,865.27001953125
1997-06-11,37.375,37.5625,37.125,37.4375,19.7252140045166,1159400,869.5700073242188
1997-06-12,37.5,38.1875,37.25,37.6875,19.856943130493164,1922400,883.4600219726562
1997-06-13,38.0,38.5,37.5625,37.5625,19.79106712341309,1591200,893.27001953125
1997-06-16,37.5625,38.3125,37.5625,38.125,20.08745384216309,1020600,893.9000244140625
1997-06-17,37.875,38.4375,37.5,37.5,19.75814437866211,1359400,894.4199829101562
1997-06-18,37.625,37.625,36.8125,36.9375,19.461769104003903,2115000,889.0599975585938
1997-06-19,37.0625,38.25,36.75,38.0,20.02158546447754,5607000,897.989990234375
1997-06-20,37.875,37.9375,37.1875,37.1875,19.59349250793457,1943000,898.7000122070312
1997-06-23,36.8125,37.25,36.0,36.0,18.967811584472656,1600400,878.6199951171875
1997-06-24,36.5,37.6875,36.125,37.4375,19.7252140045166,2813000,896.3400268554688
1997-06-25,38.0,38.0,37.0,37.125,19.56056404113769,1776600,888.989990234375
1997-06-26,37.0625,37.6875,36.9375,37.0,19.49470329284668,1325800,883.6799926757812
1997-06-27,37.25,37.5625,37.0625,37.0625,19.52763938903809,1396000,887.2999877929688
1997-06-30,37.21875,37.46875,36.3125,36.5,19.231260299682617,2345000,885.1400146484375
1997-07-01,36.5,37.59375,36.3125,37.0,19.49470329284668,1719200,891.030029296875
1997-07-02,37.625,38.25,37.375,38.0625,20.05451011657715,1297000,904.030029296875
1997-07-03,38.1875,38.9375,38.1875,38.75,20.416751861572266,702600,916.9199829101562
1997-07-07,38.75,39.0,38.25,38.25,20.153305053710938,1248200,912.2000122070312
1997-07-08,38.25,39.0,38.125,39.0,20.548471450805664,1479200,918.75
1997-07-09,38.75,39.125,38.0,38.1875,20.12037467956543,1629600,907.5399780273438
1997-07-10,38.0625,38.9375,38.0,38.6875,20.38381004333496,1192600,913.780029296875
1997-07-11,38.9375,39.25,38.75,39.09375,20.597862243652344,1176400,916.6799926757812
1997-07-14,39.4375,39.4375,38.0,38.875,20.482608795166016,726600,918.3800048828125
1997-07-15,38.84375,38.84375,38.125,38.40625,20.235633850097656,1646000,925.760009765625
1997-07-16,38.375,38.625,38.25,38.5,20.285032272338867,1350000,936.5900268554688
1997-07-17,38.5,38.5,37.53125,37.78125,19.90633201599121,1024200,931.6099853515625
1997-07-18,37.65625,37.75,37.0,37.28125,19.64288902282715,1990000,915.2999877929688
1997-07-21,37.375,38.375,37.25,38.1875,20.12037467956543,825000,912.9400024414062
1997-07-22,38.0,38.5625,37.59375,38.4375,20.252107620239254,2675400,933.97998046875
1997-07-23,38.5,38.875,38.125,38.5625,20.317960739135746,1800400,936.5599975585938
1997-07-24,38.8125,39.09375,37.9375,38.90625,20.499067306518555,951400,940.2999877929688
1997-07-25,39.1875,39.34375,38.5625,38.84375,20.466144561767575,1572400,938.7899780273438
1997-07-28,38.8125,39.6875,38.8125,39.375,20.74604797363281,1086200,936.4500122070312
1997-07-29,39.375,39.8125,39.25,39.6875,20.91069793701172,984400,942.2899780273438
1997-07-30,39.6875,39.96875,39.15625,39.59375,20.86132049560547,1401400,952.2899780273438
1997-07-31,39.71875,39.8125,39.3125,39.5,20.811918258666992,1048800,954.3099975585938
1997-08-01,39.4375,39.5,38.15625,38.8125,20.44967269897461,2140800,947.1400146484375
1997-08-04,38.6875,38.90625,38.4375,38.84375,20.466144561767575,1280800,950.2999877929688
1997-08-05,38.90625,39.0,38.15625,38.375,20.219165802001957,830200,952.3699951171875
1997-08-06,38.25,38.875,37.75,38.09375,20.070987701416016,1907800,960.3200073242188
1997-08-07,38.28125,38.65625,37.71875,38.0625,20.05451011657715,1710600,951.1900024414062
1997-08-08,37.5,37.90625,36.59375,37.0625,19.52763938903809,1651200,933.5399780273438
1997-08-11,37.1875,37.78125,36.96875,37.5,19.75814437866211,1502800,937.0
1997-08-12,37.625,37.875,36.34375,36.53125,19.24772071838379,1605600,926.530029296875
1997-08-13,37.375,37.40625,36.625,36.78125,19.37944793701172,2026000,922.02001953125
1997-08-14,37.03125,37.21875,36.0625,36.40625,19.181865692138672,1374600,924.77001953125
1997-08-15,36.5625,36.9375,35.5,35.5,18.704381942749023,2112200,900.8099975585938
1997-08-18,35.875,36.8125,35.84375,36.8125,19.39591789245605,2182200,912.489990234375
1997-08-19,37.125,38.1875,37.0625,38.15625,20.103904724121094,2110200,926.010009765625
1997-08-20,38.03125,38.71875,37.9375,38.6875,20.38381004333496,1752400,939.3499755859375
1997-08-21,38.875,38.875,37.75,38.0625,20.05451011657715,2607800,925.0499877929688
1997-08-22,37.875,37.96875,37.25,37.875,19.955718994140625,1535400,923.5399780273438
1997-08-25,38.0,38.03125,37.375,37.5625,19.79106712341309,1884400,920.1599731445312
1997-08-26,37.5,38.0,37.46875,37.65625,19.840471267700195,1422000,913.02001953125
1997-08-27,37.40625,37.53125,37.15625,37.28125,19.7056827545166,1280800,913.7000122070312
1997-08-28,37.0,37.65625,36.96875,37.15625,19.63962173461914,1199200,903.6699829101562
1997-08-29,36.9375,37.03125,36.5,36.53125,19.309249877929688,2023600,899.469970703125
1997-09-02,36.5625,37.8125,36.5625,37.8125,19.986486434936523,2301000,927.5800170898438
1997-09-03,38.1875,38.6875,37.875,37.9375,20.05255699157715,1320200,927.8599853515625
1997-09-04,37.90625,37.9375,37.40625,37.65625,19.90390014648437,1407200,930.8699951171875
1997-09-05,38.0,38.09375,37.125,37.65625,19.90390014648437,1389800,929.0499877929688
1997-09-08,38.0625,38.3125,37.875,38.25,20.21773147583008,1116000,931.2000122070312
1997-09-09,38.125,38.125,37.65625,37.78125,19.969968795776367,1029000,933.6199951171875
1997-09-10,37.65625,37.75,37.375,37.4375,19.788270950317383,1269000,919.030029296875
1997-09-11,37.3125,37.375,35.46875,36.5,19.29273796081543,5188800,912.5900268554688
1997-09-12,36.75,36.96875,36.4375,36.96875,19.540508270263672,1611600,923.9099731445312
1997-09-15,37.0,37.21875,36.3125,36.3125,19.19363594055176,1565000,919.77001953125
1997-09-16,36.75,37.71875,36.4375,37.65625,19.90390014648437,2354800,945.6400146484375
1997-09-17,38.25,38.375,37.875,38.3125,20.250770568847656,2103200,943.0
1997-09-18,38.3125,39.46875,38.21875,38.3125,20.250770568847656,2169600,947.2899780273438
1997-09-19,38.0,38.25,37.75,37.8125,19.986486434936523,2649600,950.510009765625
1997-09-22,37.6875,37.6875,37.25,37.34375,19.738719940185547,2645200,955.4299926757812
1997-09-23,37.625,38.34375,37.5625,37.9375,20.05255699157715,2003200,951.9299926757812
1997-09-24,38.0,39.0,37.96875,38.28125,20.23424530029297,2422200,944.47998046875
1997-09-25,38.03125,38.5,37.875,37.96875,20.069068908691406,1779000,937.9099731445312
1997-09-26,38.28125,39.0,38.28125,38.9375,20.581127166748047,1723000,945.219970703125
1997-09-29,38.625,40.5625,38.40625,40.09375,21.192283630371094,2058200,953.3400268554688
1997-09-30,40.09375,40.40625,39.5,40.0625,21.17576026916504,1947000,947.280029296875
1997-10-01,40.34375,41.375,40.25,40.5,21.40701103210449,2377800,955.4099731445312
1997-10-02,40.65625,40.9375,40.34375,40.71875,21.52263641357422,1229600,960.4600219726562
1997-10-03,41.5,41.75,40.90625,41.1875,21.770410537719727,2389200,965.030029296875
1997-10-06,41.3125,41.6875,41.0625,41.5625,21.968605041503903,1435200,972.6900024414062
1997-10-07,41.5625,42.125,41.4375,41.625,22.00165557861328,1877400,983.1199951171875
1997-10-08,41.5,41.5,40.9375,41.0,21.67129898071289,1769600,973.8400268554688
1997-10-09,40.75,41.65625,40.65625,41.59375,21.985145568847656,1357200,970.6199951171875
1997-10-10,41.4375,41.75,41.1875,41.6875,22.034690856933597,737400,966.97998046875
1997-10-13,41.96875,41.96875,41.25,41.40625,21.88602828979492,507800,968.0999755859375
1997-10-14,41.40625,41.5,40.84375,41.40625,21.88602828979492,1116000,970.280029296875
1997-10-15,41.28125,41.625,41.09375,41.46875,21.919069290161133,1245400,965.719970703125
1997-10-16,41.5,42.125,41.1875,41.3125,21.83647727966309,1210000,955.25
1997-10-17,41.1875,41.375,40.1875,40.59375,21.45656967163086,1752400,944.1599731445312
1997-10-20,40.875,41.1875,40.53125,40.78125,21.5556697845459,1324600,955.6099853515625
1997-10-21,41.375,43.0,41.375,42.625,22.53022766113281,1919200,972.280029296875
1997-10-22,42.625,42.96875,42.0,42.71875,22.579763412475582,1241000,968.489990234375
1997-10-23,42.34375,42.8125,42.125,42.15625,22.282453536987305,1581800,950.6900024414062
1997-10-24,42.5,42.5,41.78125,42.375,22.39807891845703,1618200,941.6400146484375
1997-10-27,42.0625,42.625,40.1875,40.25,21.274873733520508,2974200,876.989990234375
1997-10-28,38.53125,42.125,38.46875,42.125,22.265932083129883,3707000,921.8499755859375
1997-10-29,41.75,42.5,41.5,42.0625,22.2329044342041,1818400,919.1599731445312
1997-10-30,41.8125,41.90625,41.25,41.25,21.803442001342773,2897800,903.6799926757812
1997-10-31,41.5,41.71875,40.5625,41.46875,21.919069290161133,1739200,914.6199951171875
1997-11-03,42.0,42.5625,41.78125,42.4375,22.431116104125977,1569600,938.989990234375
1997-11-04,42.5625,42.5625,41.9375,42.0625,22.2329044342041,1303000,940.760009765625
1997-11-05,41.9375,42.46875,41.84375,42.25,22.33202171325684,1412200,942.760009765625
1997-11-06,41.75,42.25,41.625,41.8125,22.10076904296875,1416200,938.030029296875
1997-11-07,41.25,41.625,41.15625,41.4375,21.902551651000977,1270200,927.510009765625
1997-11-10,41.5625,41.625,41.125,41.1875,21.770410537719727,1555000,921.1300048828125
1997-11-11,41.0625,41.34375,40.875,41.0,21.67129898071289,1081800,923.780029296875
1997-11-12,40.625,40.96875,40.3125,40.34375,21.32442283630371,1125800,905.9600219726562
1997-11-13,40.5,40.75,40.28125,40.625,21.473087310791016,1784000,916.6599731445312
1997-11-14,41.125,41.5625,40.875,41.0,21.67129898071289,1712400,928.3499755859375
1997-11-17,41.625,42.46875,41.375,42.25,22.33202171325684,1712400,946.2000122070312
1997-11-18,42.15625,42.1875,41.28125,41.46875,21.919069290161133,1368000,938.22998046875
1997-11-19,41.5625,42.09375,41.5,41.5625,21.968605041503903,1595400,944.5900268554688
1997-11-20,41.875,42.5,41.65625,42.21875,22.31550025939941,1942000,958.97998046875
1997-11-21,42.34375,43.21875,42.3125,42.96875,22.711915969848636,1465600,963.0900268554688
1997-11-24,43.3125,43.3125,41.875,42.09375,22.31172561645508,1565200,946.6699829101562
1997-11-25,42.3125,42.40625,41.59375,41.75,22.129528045654297,2073200,950.8200073242188
1997-11-26,41.9375,42.6875,41.75,42.4375,22.493932723999023,1169800,951.6400146484375
1997-11-28,42.46875,43.125,42.40625,42.9375,22.758947372436523,548000,955.4000244140625
1997-12-01,43.3125,44.96875,43.3125,44.8125,23.75279998779297,1920600,974.77001953125
1997-12-02,44.84375,45.1875,44.71875,45.0,23.85218811035156,1537800,971.6799926757812
1997-12-03,45.0,45.15625,44.453125,44.65625,23.66998291015625,1182200,976.77001953125
1997-12-04,44.875,45.3125,44.78125,44.9375,23.81905174255371,1331200,973.0999755859375
1997-12-05,44.96875,46.625,44.59375,46.21875,24.49818229675293,1573200,983.7899780273438
1997-12-08,46.15625,46.5,46.0,46.1875,24.481603622436523,1096600,982.3699951171875
1997-12-09,46.1875,47.1875,45.96875,46.875,24.84600257873535,1372000,975.780029296875
1997-12-10,46.0,46.375,45.21875,45.625,24.183462142944336,1501600,969.7899780273438
1997-12-11,45.65625,46.15625,45.25,45.5,24.11720848083496,1539800,954.9400024414062
1997-12-12,45.75,45.875,44.75,44.90625,23.80249786376953,1895800,953.3900146484375
1997-12-15,45.25,45.75,45.25,45.28125,24.001264572143555,1190800,963.3900146484375
1997-12-16,45.4375,45.5,44.59375,45.0,23.85218811035156,2710400,968.0399780273438
1997-12-17,45.375,45.4375,44.75,44.8125,23.75279998779297,1350600,965.5399780273438
1997-12-18,45.0,45.1875,44.75,44.75,23.71967887878418,1099600,955.2999877929688
1997-12-19,44.0,45.09375,44.0,44.65625,23.66998291015625,2748200,946.780029296875
1997-12-22,44.53125,44.96875,44.46875,44.53125,23.603721618652344,1241400,953.7000122070312
1997-12-23,44.5,44.625,43.0,43.0,22.792085647583008,2240400,939.1300048828125
1997-12-24,43.0,44.15625,43.0,43.375,22.9908447265625,784200,932.7000122070312
1997-12-26,43.375,43.9375,43.375,43.5625,23.090246200561523,297200,936.4600219726562
1997-12-29,44.0,45.25,44.0,45.1875,23.951568603515625,2229800,953.3499755859375
1997-12-30,45.75,45.75,45.0,45.4375,24.08408546447754,958000,970.8400268554688
1997-12-31,45.40625,45.71875,45.25,45.25,23.984699249267575,820400,970.4299926757812
1998-01-02,45.59375,45.59375,45.28125,45.5625,24.150331497192383,722600,975.0399780273438
1998-01-05,45.6875,46.125,44.40625,44.9375,23.81905174255371,1602000,977.0700073242188
1998-01-06,44.46875,44.75,44.3125,44.46875,23.570600509643555,2107400,966.5800170898438
1998-01-07,44.5,45.0,44.375,44.5,23.587160110473636,1525400,964.0
1998-01-08,44.46875,44.5,43.8125,44.0625,23.355268478393555,1511600,956.0499877929688
1998-01-09,44.3125,44.3125,42.1875,42.25,22.39456367492676,1840200,927.6900024414062
1998-01-12,41.75,43.125,41.75,42.71875,22.643007278442383,2470400,939.2100219726562
1998-01-13,43.0,44.125,43.0,44.0625,23.355268478393555,1359800,952.1199951171875
1998-01-14,43.9375,44.5625,43.78125,44.53125,23.603721618652344,988000,957.9400024414062
1998-01-15,44.6875,44.6875,43.53125,43.875,23.25588798522949,1137400,950.72998046875
1998-01-16,44.0,44.625,43.625,44.3125,23.48777961730957,1391600,961.510009765625
1998-01-20,44.46875,44.8125,44.21875,44.78125,23.736234664916992,1414000,978.5999755859375
1998-01-21,44.625,44.75,43.9375,44.5,23.587160110473636,1974400,970.8099975585938
1998-01-22,44.53125,44.53125,43.40625,43.4375,23.023984909057617,1327600,963.0399780273438
1998-01-23,43.4375,43.9375,43.375,43.53125,23.073671340942383,1556600,957.5900268554688
1998-01-26,43.53125,43.625,43.25,43.28125,22.9411678314209,1004000,956.9500122070312
1998-01-27,42.9375,43.21875,42.5625,42.5625,22.560197830200195,2658000,969.02001953125
1998-01-28,43.5,43.875,43.3125,43.5,23.05712127685547,2164600,977.4600219726562
1998-01-29,43.5625,44.5625,43.40625,44.125,23.388391494750977,2181200,985.489990234375
1998-01-30,44.3125,44.5625,43.96875,44.25,23.45464515686035,1547600,980.280029296875
1998-02-02,44.5,44.71875,44.40625,44.46875,23.570600509643555,1905600,1001.27001953125
1998-02-03,43.96875,45.125,43.875,45.03125,23.86874389648437,2180800,1006.0
1998-02-04,44.625,45.71875,44.4375,45.65625,24.200029373168945,3425400,1006.9000244140625
1998-02-05,45.8125,45.96875,45.15625,45.25,23.984699249267575,1965200,1003.5399780273438
1998-02-06,45.125,45.75,45.0625,45.5,24.11720848083496,2012400,1012.4600219726562
1998-02-09,45.625,45.9375,45.34375,45.6875,24.216583251953125,1359400,1010.739990234375
1998-02-10,45.875,46.3125,45.6875,46.0625,24.41537094116211,1884000,1019.010009765625
1998-02-11,47.25,47.4375,46.21875,46.875,24.84600257873535,3513600,1020.010009765625
1998-02-12,47.0,47.21875,46.25,46.78125,24.79633331298828,2974200,1024.1400146484375
1998-02-13,46.375,46.625,45.875,46.15625,24.46504783630371,1644200,1020.0900268554688
1998-02-17,46.03125,46.78125,46.0,46.65625,24.73008155822754,3209200,1022.760009765625
1998-02-18,46.53125,47.1875,46.53125,47.0,24.912277221679688,2191200,1032.0799560546875
1998-02-19,47.125,47.1875,46.4375,46.5,24.64726829528809,1562400,1028.280029296875
1998-02-20,46.5,46.625,45.625,46.25,24.51474952697754,2350600,1034.2099609375
1998-02-23,46.5,46.5625,46.125,46.5,24.64726829528809,1402800,1038.1400146484375
1998-02-24,46.5625,46.625,46.0,46.3125,24.547870635986328,1911200,1030.56005859375
1998-02-25,46.59375,46.96875,46.375,46.4375,24.68608283996582,1715200,1042.9000244140625
1998-02-26,46.0,46.65625,45.9375,46.5,24.719314575195312,1910800,1048.6700439453125
1998-02-27,46.5,46.71875,46.125,46.625,24.785757064819336,1115000,1049.3399658203125
1998-03-02,46.625,46.8125,46.125,46.125,24.51997375488281,1552800,1047.699951171875
1998-03-03,46.0625,46.875,46.03125,46.5625,24.75253295898437,2300400,1052.02001953125
1998-03-04,46.5625,46.59375,45.875,45.90625,24.40367889404297,2163600,1047.3299560546875
1998-03-05,45.625,45.78125,45.5,45.78125,24.33722496032715,1528600,1035.050048828125
1998-03-06,46.0,46.84375,45.96875,46.65625,24.80238151550293,2314400,1055.68994140625
1998-03-09,46.71875,47.15625,46.28125,47.0,24.985111236572266,1784800,1052.31005859375
1998-03-10,47.0625,47.5,46.96875,47.375,25.184457778930664,2112200,1064.25
1998-03-11,47.375,48.125,47.3125,48.0,25.516712188720703,2435400,1068.469970703125
1998-03-12,47.875,48.5,47.4375,48.5,25.78250503540039,1774000,1069.9200439453125
1998-03-13,48.5,48.9375,48.3125,48.40625,25.732664108276367,2543400,1068.6099853515625
1998-03-16,48.75,49.1875,48.5,49.0,26.048309326171875,1397600,1079.27001953125
1998-03-17,48.0625,48.1875,47.15625,47.625,25.317365646362305,4487800,1080.449951171875
1998-03-18,47.25,47.5,47.21875,47.40625,25.201072692871094,2329400,1085.52001953125
1998-03-19,47.625,47.625,47.3125,47.5,25.250904083251957,2506400,1089.739990234375
1998-03-20,47.6875,47.6875,47.3125,47.375,25.184457778930664,2622000,1099.1600341796875
1998-03-23,46.75,47.4375,46.625,46.625,24.785757064819336,1285000,1095.550048828125
1998-03-24,47.0,47.3125,46.9375,47.0625,25.018346786499023,2196400,1105.6500244140625
1998-03-25,47.21875,47.71875,46.6875,47.25,25.11801528930664,2100200,1101.9300537109375
1998-03-26,46.75,47.5625,46.75,47.46875,25.234304428100582,1411200,1100.800048828125
1998-03-27,47.625,47.6875,46.9375,47.25,25.11801528930664,1660200,1095.43994140625
1998-03-30,47.25,47.5,45.9375,46.34375,24.636245727539062,2030000,1093.5999755859375
1998-03-31,46.46875,46.75,45.875,45.96875,24.436899185180664,2637600,1101.75
1998-04-01,46.0,46.1875,45.6875,45.6875,24.287378311157227,2889600,1108.1500244140625
1998-04-02,45.6875,46.5,45.375,46.125,24.51997375488281,3624800,1120.010009765625
1998-04-03,46.8125,46.90625,46.3125,46.5,24.719314575195312,2173200,1122.699951171875
1998-04-06,47.0,47.75,46.625,46.890625,24.926977157592773,3799400,1121.3800048828125
1998-04-07,47.5,48.125,47.0,47.4375,25.217687606811523,2678000,1109.550048828125
1998-04-08,47.75,47.8125,46.78125,46.84375,24.902061462402344,1863200,1101.6500244140625
1998-04-09,47.0,47.125,46.625,46.875,24.91866683959961,1561400,1110.6700439453125
1998-04-13,46.875,47.375,46.65625,47.28125,25.13462257385254,1954400,1109.68994140625
1998-04-14,47.75,48.75,47.4375,48.5625,25.815731048583984,2400200,1115.75
1998-04-15,48.875,49.375,48.375,49.0,26.048309326171875,2988400,1119.3199462890625
1998-04-16,49.03125,49.375,48.15625,48.21875,25.63299560546875,1445400,1108.1700439453125
1998-04-17,48.21875,48.84375,48.03125,48.5,25.78250503540039,1667400,1122.719970703125
1998-04-20,48.75,48.8125,47.5625,47.90625,25.466876983642575,1334400,1123.6500244140625
1998-04-21,47.625,48.25,47.25,48.0625,25.54994010925293,2452800,1126.6700439453125
1998-04-22,49.5,49.6875,48.125,48.375,25.716053009033203,4234000,1130.5400390625
1998-04-23,48.75,50.125,48.71875,49.46875,26.29750061035156,4684800,1119.5799560546875
1998-04-24,49.25,49.46875,48.125,48.5625,25.815731048583984,3042400,1107.9000244140625
1998-04-27,47.5,48.0,47.0,47.3125,25.15121841430664,2232800,1086.5400390625
1998-04-28,47.75,47.9375,46.375,47.03125,25.0017204284668,1572000,1085.1099853515625
1998-04-29,47.15625,48.0,47.09375,47.40625,25.201072692871094,1728200,1094.6199951171875
1998-04-30,47.625,48.34375,47.59375,48.125,25.583162307739254,2533400,1111.75
1998-05-01,48.25,48.25,47.4375,47.65625,25.33397483825684,953800,1121.0
1998-05-04,47.875,48.15625,47.25,47.46875,25.234304428100582,1067200,1122.0699462890625
1998-05-05,47.09375,47.46875,46.8125,46.875,24.91866683959961,1817800,1115.5
1998-05-06,47.0625,47.375,46.5,46.65625,24.80238151550293,2316800,1104.9200439453125
1998-05-07,46.625,47.21875,46.125,46.78125,24.868810653686523,1072400,1095.1400146484375
1998-05-08,47.21875,47.46875,46.5,46.6875,24.81898307800293,1648800,1108.1400146484375
1998-05-11,46.625,47.90625,46.5625,47.03125,25.0017204284668,958400,1106.6400146484375
1998-05-12,47.46875,48.125,47.09375,47.875,25.45026588439941,1603400,1115.7900390625
1998-05-13,48.125,48.6875,47.75,48.4375,25.74928092956543,2043000,1118.8599853515625
1998-05-14,48.46875,48.625,48.09375,48.3125,25.682830810546875,1598600,1117.3699951171875
1998-05-15,48.4375,48.5,47.875,48.09375,25.566556930541992,1851400,1108.72998046875
1998-05-18,48.25,48.71875,48.0625,48.40625,25.732664108276367,2113000,1105.8199462890625
1998-05-19,48.375,48.90625,47.9375,48.6875,25.882184982299805,1513000,1109.52001953125
1998-05-20,48.875,49.09375,47.9375,48.125,25.583162307739254,1723400,1119.06005859375
1998-05-21,48.125,48.375,47.9375,48.125,25.583162307739254,1158200,1114.6400146484375
1998-05-22,48.375,48.6875,48.21875,48.4375,25.74928092956543,2099600,1110.469970703125
1998-05-26,48.4375,48.46875,47.5,47.5,25.250904083251957,1901800,1094.02001953125
1998-05-27,47.0,48.375,47.0,48.15625,25.67273712158203,2057400,1092.22998046875
1998-05-28,48.1875,48.3125,47.5,47.53125,25.33954620361328,1599800,1097.5999755859375
1998-05-29,47.65625,47.8125,47.0625,47.0625,25.089649200439453,1422000,1090.8199462890625
1998-06-01,47.0,47.65625,46.9375,47.59375,25.37286758422852,1802600,1090.97998046875
1998-06-02,48.03125,48.5,47.78125,48.34375,25.77269744873047,1843000,1093.219970703125
1998-06-03,48.34375,48.34375,47.0,47.4375,25.28956794738769,1923000,1082.72998046875
1998-06-04,47.4375,48.0,47.3125,47.875,25.522794723510746,2213600,1094.8299560546875
1998-06-05,47.75,48.53125,47.6875,48.46875,25.83932876586914,1918600,1113.8599853515625
1998-06-08,48.375,48.5,47.71875,47.75,25.45615005493164,1767600,1115.719970703125
1998-06-09,47.8125,47.875,47.21875,47.5,25.32288360595703,2448200,1118.4100341796875
1998-06-10,47.5,47.6875,46.8125,47.0,25.05634117126465,2249800,1112.280029296875
1998-06-11,47.0,47.0625,46.46875,46.65625,24.873069763183597,2254400,1094.5799560546875
1998-06-12,46.84375,47.3125,46.65625,46.84375,24.973031997680664,1725200,1098.8399658203125
1998-06-15,46.84375,46.84375,45.125,45.125,24.05674362182617,2509200,1077.010009765625
1998-06-16,45.375,45.9375,45.0,45.625,24.32329559326172,2063000,1087.5899658203125
1998-06-17,45.5,46.3125,45.3125,45.59375,24.30663299560547,2105200,1107.1099853515625
1998-06-18,45.46875,45.5625,44.84375,45.0625,24.023422241210938,2308400,1106.3699951171875
1998-06-19,45.1875,45.6875,44.125,44.125,23.52362823486328,3422600,1100.6500244140625
1998-06-22,44.375,45.1875,44.25,44.375,23.656896591186523,2754800,1103.2099609375
1998-06-23,44.46875,44.875,44.25,44.375,23.656896591186523,4054800,1119.489990234375
1998-06-24,44.5,46.1875,44.3125,46.03125,24.53986167907715,3743800,1132.8800048828125
1998-06-25,45.875,46.03125,44.5,44.6875,23.82349967956543,2659400,1129.280029296875
1998-06-26,44.5,45.3125,44.375,44.5,23.723546981811523,1980600,1133.199951171875
1998-06-29,45.125,45.75,45.0625,45.0625,24.023422241210938,2102800,1138.489990234375
1998-06-30,45.1875,46.0625,44.96875,45.78125,24.406591415405277,1964000,1133.8399658203125
1998-07-01,45.96875,46.875,45.8125,46.875,24.989696502685547,1632000,1148.56005859375
1998-07-02,46.75,47.9375,46.5,47.8125,25.48946952819824,1544000,1146.4200439453125
1998-07-06,48.25,49.3125,48.0625,48.5,25.85599899291992,2019800,1157.3299560546875
1998-07-07,49.125,50.9375,48.875,50.5,26.922218322753903,3766300,1154.6600341796875
1998-07-08,51.5,51.625,50.625,51.5,27.45532989501953,2771300,1166.3800048828125
1998-07-09,51.4375,52.375,50.5,50.875,27.12213706970215,2765700,1158.56005859375
1998-07-10,51.0,51.625,50.625,51.1875,27.28873634338379,2156600,1164.3299560546875
1998-07-13,50.875,51.3125,50.25,51.0,27.188766479492188,1031000,1165.18994140625
1998-07-14,50.75,50.9375,50.375,50.6875,27.022186279296875,1889700,1177.5799560546875
1998-07-15,50.9375,51.1875,49.625,49.8125,26.555702209472656,2245800,1174.81005859375
1998-07-16,49.9375,50.1875,49.625,50.0,26.65565299987793,1370700,1183.989990234375
1998-07-17,50.4375,51.0,50.125,50.5,26.922218322753903,1393800,1186.75
1998-07-20,50.25,51.1875,50.25,51.1875,27.28873634338379,1908500,1184.0999755859375
1998-07-21,51.0,51.1875,49.25,49.4375,26.355792999267575,1383400,1165.0699462890625
1998-07-22,49.5,50.3125,48.5,48.5,25.85599899291992,2302200,1164.0799560546875
1998-07-23,47.0,47.5,45.875,45.875,24.45658302307129,3748400,1139.75
1998-07-24,47.0,47.125,45.25,45.5,24.25665664672852,2391500,1140.800048828125
1998-07-27,45.375,46.1875,44.875,45.375,24.19001579284668,3047300,1147.27001953125
1998-07-28,45.625,45.625,43.0,43.3125,23.09045791625977,3030200,1130.239990234375
1998-07-29,43.3125,44.0,40.5,40.5,21.591087341308597,4793100,1125.2099609375
1998-07-30,42.0,42.4375,41.625,42.25,22.52405166625977,4148500,1142.949951171875
1998-07-31,42.4375,43.0625,42.0625,42.4375,22.623994827270508,2923900,1120.6700439453125
1998-08-03,42.0,42.4375,40.75,40.75,21.724369049072266,4631500,1112.43994140625
1998-08-04,41.25,41.625,38.5625,38.5625,20.558181762695312,5049400,1072.1199951171875
1998-08-05,39.0,40.375,38.875,39.9375,21.291223526000977,3811900,1081.4300537109375
1998-08-06,40.0,40.9375,40.0,40.5625,21.624408721923828,2649100,1089.6300048828125
1998-08-07,41.0,42.5,40.5625,41.75,22.257474899291992,2416400,1089.449951171875
1998-08-10,42.0,42.25,41.5625,41.75,22.257474899291992,2088800,1083.1400146484375
1998-08-11,40.0,41.875,40.0,41.5625,22.15752601623535,2586900,1068.97998046875
1998-08-12,41.75,42.9375,41.5625,42.75,22.79059600830078,2756500,1084.219970703125
1998-08-13,42.75,43.0,42.0,42.0,22.3907527923584,1456700,1074.9100341796875
1998-08-14,42.875,43.5625,41.5625,42.1875,22.49071884155273,1380700,1062.75
1998-08-17,41.75,43.4375,41.75,43.125,22.990501403808597,1207300,1083.6700439453125
1998-08-18,43.5625,44.375,43.5,43.9375,23.42366981506348,1693400,1101.199951171875
1998-08-19,43.0,43.25,42.75,43.0,22.92387580871582,2867800,1098.06005859375
1998-08-20,43.25,44.5,42.0625,43.1875,23.023828506469727,1813700,1091.5999755859375
1998-08-21,42.9375,43.3125,42.0625,42.875,22.85724449157715,1562200,1081.239990234375
1998-08-24,42.9375,44.0,42.125,43.0625,22.957189559936523,1441000,1088.1400146484375
1998-08-25,43.0625,43.75,41.75,41.9375,22.35743904113769,2506900,1092.8499755859375
1998-08-26,40.0625,41.9375,40.0625,40.875,21.79100227355957,2225700,1084.18994140625
1998-08-27,40.375,40.5,38.3125,39.125,20.92718315124512,3495100,1042.5899658203125
1998-08-28,39.625,40.125,38.5,39.0,20.86031723022461,2308300,1027.1400146484375
1998-08-31,39.875,40.25,37.1875,37.5,20.05799674987793,2423100,957.280029296875
1998-09-01,38.0,39.0,36.0625,37.3125,19.95770835876465,4137200,994.260009765625
1998-09-02,37.75,39.25,37.5,38.1875,20.42572593688965,2416400,990.47998046875
1998-09-03,38.625,39.875,37.875,38.75,20.72659111022949,2117000,982.260009765625
1998-09-04,39.0,39.375,36.6875,37.6875,20.15827751159668,1921900,973.8900146484375
1998-09-08,40.0,40.25,38.75,39.5,21.12775421142578,1980900,1023.4600219726562
1998-09-09,39.625,40.0,39.0,39.0625,20.893733978271484,1629200,1006.2000122070312
1998-09-10,38.375,38.6875,37.0625,37.875,20.25857162475586,2769700,980.1900024414062
1998-09-11,38.125,39.3125,38.0,39.3125,21.0274658203125,1738800,1009.0599975585938
1998-09-14,40.0,41.25,39.9375,40.8125,21.829784393310547,1445300,1029.719970703125
1998-09-15,40.625,41.1875,40.375,40.6875,21.76292991638184,1800500,1037.6800537109375
1998-09-16,41.625,42.3125,41.125,42.0,22.464956283569336,1842200,1045.47998046875
1998-09-17,40.75,41.4375,40.25,40.8125,21.829784393310547,1680000,1018.8699951171875
1998-09-18,41.0625,41.875,40.5,40.9375,21.89664459228516,1957200,1020.0900268554688
1998-09-21,40.9375,42.25,40.5625,42.0,22.464956283569336,1401800,1023.8900146484375
1998-09-22,43.125,43.9375,42.6875,42.75,22.86611557006836,1867500,1029.6300048828125
1998-09-23,42.5,45.0,42.0625,44.875,24.002735137939453,1839600,1066.0899658203125
1998-09-24,43.9375,44.3125,41.8125,42.1875,22.565244674682617,1568500,1042.719970703125
1998-09-25,41.25,43.0,41.25,41.8125,22.36465835571289,1194200,1044.75
1998-09-28,42.1875,43.125,41.8125,42.0625,22.49837875366211,1233800,1048.68994140625
1998-09-29,42.5,43.6875,42.5,43.0625,23.03325653076172,1146300,1049.02001953125
1998-09-30,42.75,43.6875,41.0,41.5,22.197511672973636,2232000,1017.010009765625
1998-10-01,41.25,42.0,40.9375,41.1875,22.03035926818848,2551700,986.3900146484375
1998-10-02,41.625,43.6875,41.5,43.5625,23.30070686340332,1995300,1002.5999755859375
1998-10-05,43.3125,43.5,41.75,42.8125,22.89954376220703,1502600,988.5599975585938
1998-10-06,43.0625,43.375,41.375,42.3125,22.63211250305176,1751900,984.5900268554688
1998-10-07,42.125,42.5625,39.1875,41.0,21.93007469177246,2735400,970.6799926757812
1998-10-08,40.0,40.0,37.75,39.5,21.12775421142578,2927600,959.4400024414062
1998-10-09,39.75,42.125,39.0,41.0625,21.963512420654297,1787500,984.3900146484375
1998-10-12,43.0,43.5625,42.375,42.875,22.9329776763916,1321500,997.7100219726562
1998-10-13,42.625,44.5625,42.625,44.5625,23.8355770111084,1698900,994.7999877929688
1998-10-14,44.5,44.5,42.625,43.5625,23.30070686340332,2164100,1005.530029296875
1998-10-15,42.625,45.25,41.75,44.5,23.80215072631836,2183800,1047.489990234375
1998-10-16,47.375,47.875,46.5625,46.5625,24.90534019470215,4127400,1056.4200439453125
1998-10-19,46.5625,48.375,46.125,46.9375,25.105928421020508,1909900,1062.3900146484375
1998-10-20,47.625,48.125,47.4375,47.75,25.54050636291504,1521700,1063.9300537109375
1998-10-21,47.5,47.5,42.25,42.5,22.732397079467773,8184100,1069.9200439453125
1998-10-22,42.5,43.4375,41.6875,43.0,22.99982643127441,4246800,1078.47998046875
1998-10-23,42.875,42.9375,41.6875,41.875,22.398096084594727,2067400,1070.6700439453125
1998-10-26,42.3125,42.3125,40.375,40.8125,21.829784393310547,2314200,1072.3199462890625
1998-10-27,41.6875,42.0,40.625,41.375,22.130664825439453,2537600,1065.3399658203125
1998-10-28,40.875,41.9375,40.0,41.1875,22.03035926818848,2526100,1068.0899658203125
1998-10-29,41.125,42.625,40.75,42.375,22.66552734375,2549400,1085.9300537109375
1998-10-30,42.8125,43.6875,41.6875,43.0625,23.03325653076172,1684000,1098.6700439453125
1998-11-02,43.0,43.375,42.125,42.25,22.59867477416992,2133100,1111.5999755859375
1998-11-03,42.375,42.6875,41.75,41.9375,22.4315185546875,1770000,1110.8399658203125
1998-11-04,42.625,43.4375,42.375,43.0,22.99982643127441,1218400,1118.6700439453125
1998-11-05,43.0,43.0,42.0625,42.8125,22.89954376220703,1628600,1133.8499755859375
1998-11-06,42.25,43.5,42.25,43.0,22.99982643127441,1331200,1141.010009765625
1998-11-09,42.8125,43.0,42.0,42.1875,22.565244674682617,1848300,1130.199951171875
1998-11-10,41.9375,42.875,41.9375,42.625,22.79926109313965,1125600,1128.260009765625
1998-11-11,42.6875,42.9375,41.8125,41.875,22.398096084594727,1138200,1120.969970703125
1998-11-12,42.0,42.125,40.875,41.125,21.996931076049805,1431100,1117.68994140625
1998-11-13,41.25,41.25,40.0,40.0,21.39519500732422,2622200,1125.719970703125
1998-11-16,40.875,41.9375,40.625,41.6875,22.297801971435547,2076800,1135.8699951171875
1998-11-17,41.5,43.375,41.25,42.5,22.732397079467773,1754300,1139.3199462890625
1998-11-18,42.875,42.9375,41.125,41.75,22.331239700317383,1751300,1144.47998046875
1998-11-19,41.625,43.5,41.625,43.5,23.267269134521484,2180400,1152.6099853515625
1998-11-20,43.9375,44.25,43.75,43.75,23.400989532470703,1404300,1163.550048828125
1998-11-23,44.0,44.8125,43.75,44.4375,23.768728256225582,1580900,1188.2099609375
1998-11-24,44.5625,45.0,42.75,43.1875,23.100120544433597,1626000,1182.989990234375
1998-11-25,42.0,42.4375,41.5625,42.0,22.535400390625,2554600,1186.8699951171875
1998-11-27,42.0,42.25,41.875,42.0625,22.56892967224121,514900,1192.3299560546875
1998-11-30,41.375,41.9375,40.5625,40.75,21.86470603942871,1672700,1163.6300048828125
1998-12-01,40.5,42.25,40.0,41.5,22.26712417602539,2371900,1175.280029296875
1998-12-02,41.0,41.5,40.5625,40.8125,21.89823341369629,1850700,1171.25
1998-12-03,40.5,41.6875,40.3125,40.9375,21.965309143066406,1791400,1150.1400146484375
1998-12-04,42.125,42.1875,41.4375,41.9375,22.501853942871094,1172700,1176.739990234375
1998-12-07,42.0,42.0625,40.625,41.3125,22.16651153564453,1468100,1187.699951171875
1998-12-08,40.5,41.0,39.5,39.875,21.395212173461918,4007900,1181.3800048828125
1998-12-09,40.0,40.8125,39.75,40.1875,21.562891006469727,1766700,1183.489990234375
1998-12-10,40.0,40.1875,39.5,39.9375,21.428747177124023,1556900,1165.02001953125
1998-12-11,39.625,39.9375,38.5625,38.875,20.858652114868164,1563200,1166.4599609375
1998-12-14,38.0,39.375,37.4375,37.6875,20.22150039672852,3621500,1141.199951171875
1998-12-15,38.0,38.5625,37.625,38.3125,20.556840896606445,2604600,1162.8299560546875
1998-12-16,38.0625,38.0625,37.0,37.375,20.053823471069336,2585100,1161.93994140625
1998-12-17,37.25,39.0,37.25,39.0,20.925722122192383,3404100,1179.97998046875
1998-12-18,37.75,38.8125,37.625,37.625,20.187969207763672,2926200,1188.030029296875
1998-12-21,38.0,39.125,37.25,37.625,20.187969207763672,2828500,1202.8399658203125
1998-12-22,37.375,38.5,37.3125,38.25,20.523311614990234,1870400,1203.5699462890625
1998-12-23,38.625,39.5625,38.3125,39.3125,21.093400955200195,1753300,1228.5400390625
1998-12-24,39.5625,39.625,39.125,39.5,21.194011688232425,773000,1226.27001953125
1998-12-28,39.5,39.8125,39.0625,39.5,21.194011688232425,1527100,1225.489990234375
1998-12-29,39.25,39.75,38.875,39.375,21.126937866210938,2281200,1241.81005859375
1998-12-30,39.125,39.4375,38.5,38.5,20.657440185546875,2621700,1231.9300537109375
1998-12-31,38.75,39.4375,38.5,38.5,20.657440185546875,1819600,1229.22998046875
1999-01-04,39.375,39.5625,38.8125,39.125,20.9927921295166,2165800,1228.0999755859375
1999-01-05,39.375,39.9375,38.75,38.75,20.791587829589844,1629200,1244.780029296875
1999-01-06,39.125,39.375,38.4375,38.5625,20.69098663330078,2916300,1272.3399658203125
1999-01-07,37.875,38.625,37.3125,37.75,20.255033493041992,3858800,1269.72998046875
1999-01-08,38.75,40.5,38.5625,40.0,21.462278366088867,6196000,1275.0899658203125
1999-01-11,39.625,41.0,39.5,39.75,21.32815361022949,2803800,1263.8800048828125
1999-01-12,39.25,40.125,38.8125,39.625,21.26107406616211,2139200,1239.510009765625
1999-01-13,37.75,39.5,37.75,38.25,20.523311614990234,2360500,1234.4000244140625
1999-01-14,38.25,39.3125,37.75,38.0,20.38916778564453,3774200,1212.18994140625
1999-01-15,38.5,38.8125,38.0,38.5625,20.69098663330078,2923500,1243.260009765625
1999-01-19,38.625,38.875,37.5625,38.1875,20.48977470397949,2384900,1252.0
1999-01-20,38.0625,38.25,37.3125,37.3125,20.020294189453125,2306400,1256.6199951171875
1999-01-21,37.25,37.375,35.75,36.0,19.31605339050293,4198500,1235.1600341796875
1999-01-22,35.375,36.0,35.0,35.25,18.91363525390625,3425400,1225.18994140625
1999-01-25,35.375,36.125,35.125,35.75,19.181921005249023,3027400,1233.97998046875
1999-01-26,35.5,35.75,35.0625,35.0625,18.813032150268555,3588800,1252.31005859375
1999-01-27,36.5,36.5,35.375,35.75,19.181921005249023,2751600,1243.1700439453125
1999-01-28,35.875,37.25,35.5625,36.875,19.785541534423828,2764000,1265.3699951171875
1999-01-29,37.125,38.5625,36.6875,37.5,20.120895385742188,2086300,1279.6400146484375
1999-02-01,37.5,38.8125,37.5,37.8125,20.28856658935547,2353300,1273.0
1999-02-02,37.8125,37.9375,36.0625,37.125,19.919679641723636,3583400,1261.989990234375
1999-02-03,37.0625,37.1875,36.5,36.75,19.718477249145508,2576600,1272.0699462890625
1999-02-04,36.875,37.25,36.4375,36.4375,19.55078887939453,1777100,1248.489990234375
1999-02-05,36.5,37.0,35.6875,35.875,19.24899101257324,1834400,1239.4000244140625
1999-02-08,36.375,36.75,36.0,36.1875,19.416658401489254,1498700,1243.77001953125
1999-02-09,36.0,36.0625,34.75,35.3125,18.947175979614254,2090300,1216.1400146484375
1999-02-10,35.75,36.6875,35.4375,36.3125,19.48373031616211,2541100,1223.550048828125
1999-02-11,36.875,38.125,36.75,37.6875,20.22150039672852,2996500,1254.0400390625
1999-02-12,37.4375,37.5,36.0625,36.4375,19.55078887939453,2259600,1230.1300048828125
1999-02-16,36.5,38.125,36.5,37.6875,20.22150039672852,2211500,1241.8699951171875
1999-02-17,37.6875,37.6875,36.0625,36.25,19.450199127197266,3254300,1224.030029296875
1999-02-18,36.75,38.8125,36.625,38.5625,20.69098663330078,4066800,1237.280029296875
1999-02-19,37.5,38.25,37.5,37.625,20.187969207763672,2892700,1239.219970703125
1999-02-22,37.375,39.125,37.375,38.875,20.858652114868164,2757000,1272.1400146484375
1999-02-23,39.125,39.25,37.8125,38.1875,20.48977470397949,2271700,1271.1800537109375
1999-02-24,38.1875,38.375,37.25,37.6875,20.301239013671875,1774000,1253.4100341796875
1999-02-25,37.6875,38.375,37.4375,37.9375,20.435911178588867,2363200,1245.02001953125
1999-02-26,37.9375,38.1875,37.375,37.375,20.13290405273437,2652600,1238.3299560546875
1999-03-01,37.625,39.25,37.5,38.9375,20.974580764770508,2031200,1236.1600341796875
1999-03-02,39.0,39.1875,38.6875,38.875,20.94091033935547,2879900,1225.5
1999-03-03,38.5,38.75,37.0,37.0625,19.964569091796875,3009200,1227.699951171875
1999-03-04,37.0,37.375,35.5,36.4375,19.62789535522461,5609200,1246.6400146484375
1999-03-05,37.625,37.625,36.75,37.375,20.13290405273437,2796100,1275.469970703125
1999-03-08,38.6875,38.75,37.9375,38.125,20.53690528869629,2656900,1282.72998046875
1999-03-09,38.0,39.25,37.8125,39.25,21.14291381835937,2495300,1279.8399658203125
1999-03-10,39.375,39.6875,39.0,39.1875,21.109251022338867,1793700,1286.8399658203125
1999-03-11,39.375,39.75,38.5,38.75,20.87358283996582,1880500,1297.6800537109375
1999-03-12,38.875,39.25,38.25,38.5625,20.7725830078125,1973900,1294.5899658203125
1999-03-15,39.1875,39.5,38.75,39.125,21.075584411621094,1937500,1307.260009765625
1999-03-16,39.25,39.6875,38.8125,39.25,21.14291381835937,1781000,1306.3800048828125
1999-03-17,39.3125,39.3125,38.0625,38.9375,20.974580764770508,1512000,1297.8199462890625
1999-03-18,38.8125,39.9375,38.5,39.9375,21.513256072998047,1671600,1316.550048828125
1999-03-19,39.875,39.875,38.0,38.5,20.738901138305664,2161900,1299.2900390625
1999-03-22,38.0,38.8125,38.0,38.4375,20.70523452758789,928800,1297.010009765625
1999-03-23,38.4375,38.625,37.125,37.625,20.26756858825684,1499800,1262.1400146484375
1999-03-24,37.5625,37.9375,36.875,37.5,20.20023727416992,1914000,1268.5899658203125
1999-03-25,37.375,37.875,36.75,37.8125,20.368572235107425,3489900,1289.989990234375
1999-03-26,37.6875,38.0,37.1875,37.375,20.13290405273437,2638000,1282.800048828125
1999-03-29,37.125,38.5,37.125,38.25,20.60423851013184,2244500,1310.1700439453125
1999-03-30,37.75,38.25,37.5,37.875,20.402246475219727,2735000,1300.75
1999-03-31,38.3125,38.3125,36.6875,37.0625,19.964569091796875,2261600,1286.3699951171875
1999-04-01,37.125,37.375,36.0,36.4375,19.62789535522461,2964300,1293.719970703125
1999-04-05,36.625,37.1875,36.625,37.125,19.998239517211918,2538000,1321.1199951171875
1999-04-06,37.0625,37.4375,36.25,36.25,19.52689743041992,1879400,1317.8900146484375
1999-04-07,36.25,36.625,34.8125,35.0,18.853553771972656,4311100,1326.8900146484375
1999-04-08,35.0,36.75,35.0,36.375,19.594226837158203,2412900,1343.97998046875
1999-04-09,36.0,36.4375,35.5625,36.0,19.392229080200195,1797700,1348.3499755859375
1999-04-12,35.375,36.375,35.1875,36.0,19.392229080200195,1640900,1358.6300048828125
1999-04-13,35.8125,36.3125,35.5,35.625,19.190229415893555,2161200,1349.8199462890625
1999-04-14,35.8125,36.5,35.0,35.25,18.988222122192383,2897300,1328.43994140625
1999-04-15,35.25,36.75,35.125,35.9375,19.358562469482425,2733400,1322.8499755859375
1999-04-16,36.0625,37.375,36.0625,36.625,19.728893280029297,2582800,1319.0
1999-04-19,36.875,38.9375,36.8125,38.25,20.60423851013184,2896900,1289.47998046875
1999-04-20,38.25,39.375,38.25,39.375,21.21026039123535,2480500,1306.1700439453125
1999-04-21,39.25,39.25,37.5625,38.0,20.469572067260746,2737700,1336.1199951171875
1999-04-22,38.0,38.4375,37.5625,37.5625,20.233911514282227,1951200,1358.8199462890625
1999-04-23,37.75,39.1875,37.6875,38.8125,20.90725326538086,1477600,1356.8499755859375
1999-04-26,38.3125,38.375,36.375,36.4375,19.62789535522461,2457100,1360.0400390625
1999-04-27,36.5,37.625,36.5,37.375,20.13290405273437,1661400,1362.800048828125
1999-04-28,37.25,37.5625,36.375,36.5,19.66155815124512,2767300,1350.9100341796875
1999-04-29,36.75,37.4375,36.5,36.75,19.796236038208008,1989200,1342.8299560546875
1999-04-30,36.9375,37.1875,35.875,36.375,19.594226837158203,2562900,1335.1800537109375
1999-05-03,36.5,37.9375,36.5,37.9375,20.435911178588867,2577600,1354.6300048828125
1999-05-04,37.9375,37.9375,36.9375,37.0625,19.964569091796875,2230900,1332.0
1999-05-05,37.0625,37.5,36.5,37.5,20.20023727416992,2687700,1347.31005859375
1999-05-06,37.0,37.3125,36.5625,36.6875,19.762561798095703,2224800,1332.050048828125
1999-05-07,37.0625,37.9375,37.0,37.5625,20.233911514282227,2089800,1345.0
1999-05-10,37.625,39.5,37.375,39.25,21.14291381835937,2983500,1340.300048828125
1999-05-11,39.8125,40.75,39.25,40.5,21.816261291503903,3997600,1355.6099853515625
1999-05-12,40.75,40.75,39.75,39.75,21.412250518798828,2981600,1364.0
1999-05-13,40.0,40.4375,39.125,39.1875,21.109251022338867,1908600,1367.56005859375
1999-05-14,38.5,38.9375,37.875,38.4375,20.70523452758789,1709800,1337.800048828125
1999-05-17,38.3125,38.3125,37.5,37.5625,20.233911514282227,1733900,1339.489990234375
1999-05-18,37.625,38.125,36.5,36.75,19.796236038208008,2572100,1333.3199462890625
1999-05-19,37.5,37.5,36.5,37.5,20.20023727416992,2459300,1344.22998046875
1999-05-20,37.75,39.9375,37.6875,39.4375,21.24391746520996,2897300,1338.8299560546875
1999-05-21,39.625,39.6875,38.375,38.875,20.94091033935547,1844600,1330.2900390625
1999-05-24,38.8125,39.25,38.0,38.6875,20.83991813659668,1534300,1306.6500244140625
1999-05-25,38.6875,39.25,37.0,37.375,20.13290405273437,2458200,1284.4000244140625
1999-05-26,37.9375,39.0,37.625,38.625,20.89008331298828,3060100,1304.760009765625
1999-05-27,37.875,38.125,36.9375,37.0625,20.04501724243164,2396200,1281.4100341796875
1999-05-28,36.9375,37.1875,35.875,36.5,19.740785598754883,3155900,1301.8399658203125
1999-06-01,37.125,37.125,35.8125,36.0,19.470369338989254,2159900,1294.260009765625
1999-06-02,35.9375,36.75,35.9375,36.1875,19.57177734375,1984000,1294.81005859375
1999-06-03,36.5,36.625,35.9375,36.125,19.537975311279297,1434500,1299.5400390625
1999-06-04,35.875,36.125,35.5,35.75,19.33515930175781,1971500,1327.75
1999-06-07,36.125,36.9375,35.875,36.5625,19.77460289001465,3097700,1334.52001953125
1999-06-08,37.125,38.4375,37.0625,38.0,20.55206298828125,5301000,1317.3299560546875
1999-06-09,39.0,39.3125,38.0625,38.6875,20.923891067504883,3933300,1318.6400146484375
1999-06-10,38.375,38.5625,38.0,38.25,20.6872673034668,2014000,1302.8199462890625
1999-06-11,38.0625,38.375,37.75,38.03125,20.56895637512207,3051500,1293.6400146484375
1999-06-14,38.375,38.375,37.875,38.375,20.75487327575684,1924000,1294.0
1999-06-15,38.625,39.125,38.25,38.5,20.82246780395508,2036900,1301.1600341796875
1999-06-16,38.5625,38.875,38.4375,38.6875,20.923891067504883,3033000,1330.4100341796875
1999-06-17,38.5,38.5625,37.8125,38.125,20.619659423828125,2464100,1339.9000244140625
1999-06-18,38.0,38.875,37.5625,37.625,20.349239349365234,3184200,1342.8399658203125
1999-06-21,37.4375,37.5625,36.75,37.3125,20.180233001708984,3096000,1349.0
1999-06-22,36.6875,37.0625,36.625,36.75,19.87600517272949,2599200,1335.8800048828125
1999-06-23,36.5,36.5625,35.8125,35.875,19.402761459350582,3580800,1333.06005859375
1999-06-24,35.8125,36.0625,35.375,35.4375,19.1661434173584,3310700,1315.780029296875
1999-06-25,35.75,35.8125,35.4375,35.4375,19.1661434173584,1912300,1315.31005859375
1999-06-28,35.625,36.5,35.5625,35.625,19.267559051513672,2591900,1331.3499755859375
1999-06-29,35.75,36.125,35.75,36.0,19.470369338989254,1640500,1351.449951171875
1999-06-30,36.25,36.3125,35.75,35.875,19.402761459350582,3418800,1372.7099609375
1999-07-01,36.0,36.625,35.875,36.625,19.80839157104492,2784900,1380.9599609375
1999-07-02,36.875,37.125,36.5625,37.125,20.078819274902344,1649700,1391.219970703125
1999-07-06,36.6875,37.0625,35.625,35.625,19.267559051513672,2968800,1388.1199951171875
1999-07-07,35.75,36.3125,35.75,36.3125,19.63937759399414,3123100,1395.8599853515625
1999-07-08,36.75,37.9375,35.75,36.8125,19.909799575805664,3305000,1394.4200439453125
1999-07-09,36.5625,37.375,36.25,37.3125,20.180233001708984,2575100,1403.280029296875
1999-07-12,37.375,37.5,36.5,36.9375,19.97740936279297,2335800,1399.0999755859375
1999-07-13,36.6875,37.125,36.25,37.0,20.011213302612305,2054400,1393.56005859375
1999-07-14,37.0,37.375,36.9375,37.0,20.011213302612305,1732100,1398.1700439453125
1999-07-15,37.3125,37.8125,36.875,37.0,20.011213302612305,2137200,1409.6199951171875
1999-07-16,36.75,37.625,36.75,37.625,20.349239349365234,1775700,1418.780029296875
1999-07-19,37.5,37.625,36.75,37.25,20.146427154541016,1353900,1407.6500244140625
1999-07-20,37.0,37.375,36.4375,36.625,19.80839157104492,1834600,1377.0999755859375
1999-07-21,36.0625,36.1875,34.8125,34.9375,18.89572525024414,6969500,1379.2900390625
1999-07-22,34.8125,35.125,34.3125,34.75,18.7943115234375,4206500,1360.969970703125
1999-07-23,34.625,34.75,34.0,34.0,18.38868904113769,3047900,1356.93994140625
1999-07-26,35.0,35.5,34.5,35.3125,19.098543167114254,3523900,1347.760009765625
1999-07-27,35.25,36.25,35.1875,35.625,19.267559051513672,3123800,1362.8399658203125
1999-07-28,35.8125,36.875,35.75,36.5,19.740785598754883,3642400,1365.4000244140625
1999-07-29,36.0,36.4375,35.5625,36.0,19.470369338989254,2419200,1341.030029296875
1999-07-30,35.9375,36.0,35.5,35.625,19.267559051513672,2098000,1328.719970703125
1999-08-02,35.6875,36.3125,35.5625,35.75,19.33515930175781,1436200,1328.050048828125
1999-08-03,35.8125,36.3125,35.8125,36.1875,19.57177734375,2636800,1322.1800537109375
1999-08-04,36.0,36.25,35.5,35.5,19.1999454498291,2167200,1305.3299560546875
1999-08-05,35.5625,35.9375,35.5,35.6875,19.301349639892575,2481400,1313.7099609375
1999-08-06,35.4375,35.75,34.75,35.125,18.99713134765625,2282400,1300.2900390625
1999-08-09,35.0,35.4375,34.9375,35.0625,18.963329315185547,1475500,1297.800048828125
1999-08-10,34.9375,35.0625,34.625,34.75,18.7943115234375,1417400,1281.4300537109375
1999-08-11,35.0,35.0625,34.625,34.8125,18.828125,1966500,1301.9300537109375
1999-08-12,34.75,35.4375,34.5625,35.125,18.99713134765625,2037800,1298.1600341796875
1999-08-13,35.125,35.75,35.125,35.75,19.33515930175781,1843200,1327.6800537109375
1999-08-16,35.625,35.75,35.4375,35.6875,19.301349639892575,1501300,1330.77001953125
1999-08-17,35.75,36.4375,35.75,36.375,19.67318344116211,2093900,1344.1600341796875
1999-08-18,36.125,36.1875,35.75,35.9375,19.436569213867188,1980000,1332.8399658203125
1999-08-19,35.6875,35.75,35.0625,35.3125,19.098543167114254,1732600,1323.5899658203125
1999-08-20,35.4375,35.625,35.375,35.625,19.267559051513672,1523900,1336.6099853515625
1999-08-23,35.625,36.0625,35.625,35.875,19.402761459350582,1871400,1360.219970703125
1999-08-24,35.625,36.4375,35.3125,36.0625,19.504173278808597,2553900,1363.5
1999-08-25,36.4375,36.6875,36.125,36.5,19.740785598754883,2096200,1381.7900390625
1999-08-26,36.25,36.625,35.75,35.8125,19.36896324157715,2553100,1362.010009765625
1999-08-27,35.6875,36.125,35.375,35.5,19.28070831298828,1044400,1348.27001953125
1999-08-30,33.8125,34.0,33.375,33.6875,18.296300888061523,4901600,1324.02001953125
1999-08-31,34.125,34.1875,32.5,32.8125,17.82107162475586,6236800,1320.4100341796875
1999-09-01,32.625,32.75,32.125,32.3125,17.549514770507812,4327700,1331.0699462890625
1999-09-02,31.625,32.0,31.5625,31.9375,17.345842361450195,3200700,1319.1099853515625
1999-09-03,32.125,33.25,32.125,32.9375,17.88897705078125,2464000,1357.239990234375
1999-09-07,33.0,33.375,32.9375,33.375,18.126577377319336,3708500,1350.449951171875
1999-09-08,33.25,34.0,33.0625,33.625,18.262357711791992,3050300,1344.1500244140625
1999-09-09,33.0,33.3125,32.25,32.75,17.787139892578125,2608600,1347.6600341796875
1999-09-10,33.375,34.1875,33.25,33.6875,18.296300888061523,2576600,1351.6600341796875
1999-09-13,33.625,33.8125,33.1875,33.5625,18.228416442871094,2324300,1344.1300048828125
1999-09-14,32.5,32.75,31.5,32.125,17.447675704956055,4123600,1336.2900390625
1999-09-15,32.5625,33.125,32.0,32.5625,17.685283660888672,3623900,1317.969970703125
1999-09-16,32.3125,33.0,32.25,32.875,17.855022430419922,2906400,1318.47998046875
1999-09-17,32.875,35.25,32.6875,35.25,19.144916534423828,4666100,1335.4200439453125
1999-09-20,34.5,34.625,33.9375,34.5625,18.77153778076172,1600400,1335.530029296875
1999-09-21,33.875,34.125,33.25,33.375,18.126577377319336,2464600,1307.5799560546875
1999-09-22,33.0625,33.3125,32.4375,32.5,17.651350021362305,1978900,1310.510009765625
1999-09-23,32.5,32.625,31.75,31.75,17.244007110595703,2431900,1280.4100341796875
1999-09-24,25.75,28.9375,25.75,28.25,15.343096733093262,16707900,1277.3599853515625
1999-09-27,28.0625,28.25,26.4375,27.0,14.664202690124512,5395100,1283.31005859375
1999-09-28,26.875,27.0,26.0625,26.5,14.392645835876465,2837900,1282.199951171875
1999-09-29,26.375,26.4375,25.25,25.25,13.713737487792969,2856600,1268.3699951171875
1999-09-30,25.5,25.75,24.8125,24.9375,13.544014930725098,4134400,1282.7099609375
1999-10-01,25.0,25.0625,23.5,24.5,13.306404113769531,5487600,1282.81005859375
1999-10-04,24.6875,25.4375,24.0,24.25,13.17062759399414,4638600,1304.5999755859375
1999-10-05,24.25,24.3125,22.875,23.75,12.899056434631348,5028400,1301.3499755859375
1999-10-06,23.75,24.3125,23.5,24.3125,13.204565048217772,5633500,1325.4000244140625
1999-10-07,24.0625,24.125,23.1875,23.5,12.763287544250488,3703400,1317.6400146484375
1999-10-08,23.25,24.125,23.25,23.5625,12.797234535217283,2142500,1336.02001953125
1999-10-11,23.5625,24.25,23.0625,23.875,12.96695041656494,3463800,1335.2099609375
1999-10-12,23.375,24.125,23.25,23.5625,12.797234535217283,4119100,1313.0400390625
1999-10-13,23.5,24.0,23.5,23.5,12.763287544250488,3325600,1285.550048828125
1999-10-14,23.5,24.4375,23.125,24.0,13.0348482131958,4237900,1283.4200439453125
1999-10-15,23.5,23.875,23.125,23.5625,12.797234535217283,3158900,1247.4100341796875
1999-10-18,23.875,24.125,23.5,23.5,12.763287544250488,2380200,1254.1300048828125
1999-10-19,23.875,24.25,23.625,23.625,12.831177711486816,3812500,1261.3199462890625
1999-10-20,24.375,24.375,23.8125,24.125,13.10272979736328,3591000,1289.4300537109375
1999-10-21,24.0,24.1875,23.8125,24.1875,13.136677742004396,3501000,1283.6099853515625
1999-10-22,24.1875,25.625,24.1875,25.0,13.57796573638916,9497700,1301.6500244140625
1999-10-25,25.0625,26.125,25.0625,25.8125,14.019241333007812,5503000,1293.6300048828125
1999-10-26,25.9375,26.0625,23.9375,24.0,13.0348482131958,5036600,1281.9100341796875
1999-10-27,24.3125,25.25,24.0,25.0625,13.611908912658691,4045800,1296.7099609375
1999-10-28,25.75,27.25,25.75,27.1875,14.766036033630373,4672700,1342.43994140625
1999-10-29,27.75,29.375,27.625,29.0,15.75043487548828,6287900,1362.9300537109375
1999-11-01,29.0,29.5625,28.5,28.6875,15.580714225769045,3259300,1354.1199951171875
1999-11-02,28.9375,29.1875,28.3125,28.3125,15.377038955688477,2739300,1347.739990234375
1999-11-03,28.5,29.3125,28.5,28.6875,15.580714225769045,2484900,1354.9300537109375
1999-11-04,28.625,29.625,28.625,29.125,15.81832218170166,2826700,1362.6400146484375
1999-11-05,29.5,30.1875,29.25,29.4375,15.988043785095217,3081700,1370.22998046875
1999-11-08,29.125,30.5625,29.125,30.0625,16.32750129699707,2465900,1377.010009765625
1999-11-09,30.0625,30.375,29.3125,29.875,16.225666046142578,2478200,1365.280029296875
1999-11-10,30.125,30.5625,27.875,28.75,15.614654541015623,4535400,1373.4599609375
1999-11-11,28.0,28.5625,27.0,27.5,14.935761451721191,5937400,1381.4599609375
1999-11-12,28.0,29.1875,27.8125,28.8125,15.648594856262209,4715900,1396.06005859375
1999-11-15,28.125,28.6875,28.125,28.625,15.546757698059082,2440400,1394.3900146484375
1999-11-16,28.375,29.25,28.1875,28.625,15.546757698059082,2796500,1420.0699462890625
1999-11-17,28.5,28.8125,28.125,28.125,15.2752046585083,1857600,1410.7099609375
1999-11-18,27.625,28.25,27.625,28.25,15.343096733093262,2350900,1424.93994140625
1999-11-19,27.6875,28.5625,27.4375,28.0625,15.241259574890137,2993800,1422.0
1999-11-22,28.25,28.5,27.75,27.875,15.139427185058594,2196400,1420.93994140625
1999-11-23,27.8125,28.1875,27.75,27.75,15.071540832519531,2638500,1404.6400146484375
1999-11-24,28.0,28.0,27.75,27.875,15.139427185058594,2988600,1417.0799560546875
1999-11-26,27.6875,27.875,27.4375,27.4375,14.982440948486328,863200,1416.6199951171875
1999-11-29,27.3125,27.375,26.4375,26.875,14.675283432006836,3615500,1407.8299560546875
1999-11-30,26.375,26.9375,26.1875,26.1875,14.299860000610352,3559000,1388.9100341796875
1999-12-01,26.3125,26.6875,26.125,26.125,14.265727996826172,3064300,1397.719970703125
1999-12-02,26.125,26.9375,26.125,26.5625,14.50462818145752,2169900,1409.0400390625
1999-12-03,26.75,28.0,26.75,27.25,14.880045890808104,2854100,1433.300048828125
1999-12-06,27.0,28.0,26.8125,27.0,14.743541717529297,2991300,1423.3299560546875
1999-12-07,26.875,27.875,26.875,27.0,14.743541717529297,3370000,1409.1700439453125
1999-12-08,27.0,27.6875,27.0,27.1875,14.845922470092772,2584800,1403.8800048828125
1999-12-09,27.5625,27.75,26.3125,26.5625,14.50462818145752,2603400,1408.1099853515625
1999-12-10,26.625,27.6875,26.625,27.0,14.743541717529297,4102500,1417.0400390625
1999-12-13,27.0,27.0,26.25,26.3125,14.368120193481444,3253200,1415.219970703125
1999-12-14,26.0625,26.1875,25.8125,25.9375,14.163350105285645,2574800,1403.1700439453125
1999-12-15,25.6875,26.3125,25.5625,26.0,14.197480201721191,2911900,1413.3299560546875
1999-12-16,25.8125,26.0625,25.25,25.3125,13.822068214416504,2438900,1418.780029296875
1999-12-17,25.0,25.25,24.25,24.4375,13.34426212310791,4966100,1421.030029296875
1999-12-20,24.4375,25.5,24.25,24.65625,13.463711738586426,5110900,1418.0899658203125
1999-12-21,24.75,25.3125,24.625,24.625,13.446648597717283,5013000,1433.4300537109375
1999-12-22,24.5,24.5625,24.1875,24.3125,13.276006698608398,5475900,1436.1300048828125
1999-12-23,24.375,25.0,24.375,24.5625,13.412524223327637,2419700,1458.3399658203125
1999-12-27,24.0,24.5625,23.875,24.1875,13.20775032043457,3106200,1457.0999755859375
1999-12-28,24.25,24.25,24.0,24.0,13.10536766052246,2245400,1457.6600341796875
1999-12-29,23.9375,24.4375,23.9375,24.0,13.10536766052246,2676400,1463.4599609375
1999-12-30,24.0,24.25,22.875,24.0,13.10536766052246,3437700,1464.469970703125
1999-12-31,24.0625,24.1875,23.9375,24.0625,13.13949489593506,2141600,1469.25
2000-01-03,24.0,24.1875,23.25,23.5,12.832335472106934,2993100,1455.219970703125
2000-01-04,23.4375,23.75,22.6875,22.75,12.422792434692385,3186700,1399.4200439453125
2000-01-05,23.0,23.9375,23.0,23.75,12.968849182128906,3290200,1402.1099853515625
2000-01-06,23.375,24.125,23.125,23.625,12.900591850280762,2760400,1403.449951171875
2000-01-07,23.75,24.8125,23.25,24.5,13.378389358520508,3140400,1441.469970703125
2000-01-10,24.625,24.9375,23.875,23.9375,13.071240425109863,2897000,1457.5999755859375
2000-01-11,23.75,24.5625,23.75,23.875,13.037110328674316,1716600,1438.56005859375
2000-01-12,24.1875,24.75,24.0,24.0,13.10536766052246,2145300,1432.25
2000-01-13,24.1875,25.5,23.9375,24.8125,13.54903793334961,3051500,1449.6800537109375
2000-01-14,25.0625,25.1875,24.0625,24.1875,13.20775032043457,2626900,1465.1500244140625
2000-01-18,24.1875,25.0625,24.0625,24.0625,13.13949489593506,2323500,1455.1400146484375
2000-01-19,24.375,24.5,23.5625,23.5625,12.866464614868164,2791800,1455.9000244140625
2000-01-20,24.0,24.0,23.625,23.75,12.968849182128906,3181600,1445.5699462890625
2000-01-21,24.125,24.125,23.25,23.5,12.832335472106934,2978900,1441.3599853515625
2000-01-24,23.625,23.875,22.8125,22.8125,12.45691967010498,2986100,1401.530029296875
2000-01-25,23.125,23.625,22.8125,22.875,12.491050720214844,2919300,1410.030029296875
2000-01-26,23.0,23.75,22.6875,23.1875,12.661694526672363,2706800,1404.0899658203125
2000-01-27,23.4375,23.9375,23.1875,23.1875,12.661694526672363,2444800,1398.56005859375
2000-01-28,23.1875,23.5625,22.8125,22.8125,12.45691967010498,2460500,1360.1600341796875
2000-01-31,23.0,23.25,22.875,23.1875,12.661694526672363,2275200,1394.4599609375
2000-02-01,23.125,23.5625,22.9375,23.0625,12.593436241149902,2614000,1409.280029296875
2000-02-02,23.0,23.625,23.0,23.3125,12.729950904846191,1857300,1409.1199951171875
2000-02-03,23.125,23.875,22.875,23.0625,12.593436241149902,3958500,1424.969970703125
2000-02-04,23.0625,23.375,22.875,23.25,12.695820808410645,2311800,1424.3699951171875
2000-02-07,23.5,23.5,22.875,23.5,12.832335472106934,2151200,1424.239990234375
2000-02-08,22.875,23.125,21.3125,22.0,12.013253211975098,3712400,1441.719970703125
2000-02-09,20.75,21.3125,19.875,19.9375,10.887009620666504,7192800,1411.7099609375
2000-02-10,20.1875,20.9375,20.125,20.5,11.19416618347168,5920600,1416.8299560546875
2000-02-11,21.0,22.125,20.8125,21.6875,11.842608451843262,5829300,1387.1199951171875
2000-02-14,21.6875,22.0625,21.0625,21.25,11.60370635986328,3412500,1389.93994140625
2000-02-15,21.625,21.875,21.5,21.75,11.876737594604492,1953400,1402.050048828125
2000-02-16,21.125,21.9375,21.125,21.5,11.740222930908203,3044400,1387.6700439453125
2000-02-17,21.375,21.8125,21.0625,21.25,11.60370635986328,3745800,1388.260009765625
2000-02-18,21.25,21.5,20.75,21.0,11.467192649841309,2489500,1346.0899658203125
2000-02-22,20.625,21.875,20.625,21.375,11.671963691711426,2773000,1352.1700439453125
2000-02-23,21.125,21.3125,20.875,20.875,11.39893913269043,2459900,1360.68994140625
2000-02-24,21.0,21.125,20.25,20.9375,11.433067321777344,3446300,1353.4300537109375
2000-02-25,20.25,20.5,19.875,20.375,11.216985702514648,4024900,1333.3599853515625
2000-02-28,19.9375,20.375,19.8125,19.8125,10.90731143951416,3488500,1348.050048828125
2000-02-29,19.75,20.25,19.5,19.6875,10.838500022888184,3435100,1366.4200439453125
2000-03-01,19.5625,20.75,19.125,20.125,11.07935619354248,5879100,1379.18994140625
2000-03-02,20.0,20.25,19.1875,19.375,10.666455268859863,3591500,1381.760009765625
2000-03-03,19.75,19.9375,19.3125,19.375,10.666455268859863,2590300,1409.1700439453125
2000-03-06,19.1875,19.75,19.125,19.1875,10.563232421875,2401600,1391.280029296875
2000-03-07,19.1875,19.6875,18.5625,18.5625,10.21915054321289,5252200,1355.6199951171875
2000-03-08,18.5,18.625,17.9375,18.0625,9.943892478942873,5982200,1366.699951171875
2000-03-09,18.0,18.5625,17.8125,18.1875,10.01270580291748,5139400,1401.68994140625
2000-03-10,18.4375,18.5625,17.875,17.9375,9.875072479248049,3722400,1395.0699462890625
2000-03-13,17.25,18.0,17.1875,17.75,9.771851539611816,5066500,1383.6199951171875
2000-03-14,17.6875,18.0,17.5625,18.0,9.90948486328125,3540000,1359.1500244140625
2000-03-15,17.6875,20.0,17.6875,19.5,10.73528003692627,6866500,1392.1400146484375
2000-03-16,19.9375,21.875,19.4375,21.25,11.69869327545166,8331300,1458.469970703125
2000-03-17,21.375,22.0625,20.5,20.875,11.492247581481934,4018800,1464.469970703125
2000-03-20,20.6875,20.875,20.1875,20.375,11.216985702514648,1920400,1456.6300048828125
2000-03-21,20.375,22.1875,20.1875,22.0625,12.14599895477295,5258500,1493.8699951171875
2000-03-22,21.375,22.0,21.0,21.5,11.836325645446776,3473300,1500.6400146484375
2000-03-23,21.75,22.625,21.3125,22.25,12.249224662780762,4430400,1527.3499755859375
2000-03-24,22.75,23.375,22.4375,23.0,12.66211986541748,3567500,1527.4599609375
2000-03-27,23.0,23.125,21.75,21.75,11.973963737487791,2389700,1523.8599853515625
2000-03-28,22.3125,22.9375,22.1875,22.625,12.45567512512207,3120000,1507.72998046875
2000-03-29,22.8125,22.9375,22.4375,22.625,12.45567512512207,2027900,1508.52001953125
2000-03-30,22.625,24.1875,22.625,23.25,12.799750328063965,5469800,1487.9200439453125
2000-03-31,23.875,24.0625,22.875,23.8125,13.109429359436035,5613200,1498.5799560546875
2000-04-03,23.9375,24.5,23.5,24.5,13.487906455993652,2630600,1505.969970703125
2000-04-04,25.0,25.0625,22.25,24.125,13.281455993652344,5097700,1494.72998046875
2000-04-05,23.625,23.8125,22.8125,23.5,12.937386512756348,2944900,1487.3699951171875
2000-04-06,23.375,23.5625,22.5,22.8125,12.55889129638672,2586100,1501.3399658203125
2000-04-07,22.8125,23.0,22.5625,22.625,12.45567512512207,2723300,1516.3499755859375
2000-04-10,22.3125,23.1875,22.25,23.125,12.730929374694824,2218200,1504.4599609375
2000-04-11,23.375,23.375,22.75,22.75,12.524487495422363,1833200,1500.5899658203125
2000-04-12,23.0,24.1875,22.8125,23.25,12.799750328063965,2477500,1467.1700439453125
2000-04-13,23.375,24.0625,23.3125,23.4375,12.90297031402588,2488100,1440.510009765625
2000-04-14,23.0,23.0,20.5625,20.875,11.492247581481934,4247300,1356.56005859375
2000-04-17,20.875,21.3125,20.5625,21.0,11.56105899810791,3461400,1401.43994140625
2000-04-18,21.1875,21.5,20.875,21.0,11.56105899810791,2519000,1441.6099853515625
2000-04-19,20.8125,20.8125,20.0625,20.375,11.216985702514648,3505600,1427.469970703125
2000-04-20,20.0625,22.8125,20.0625,22.5,12.386848449707031,4414300,1434.5400390625
2000-04-24,22.0,23.0625,22.0,23.0625,12.69651985168457,2916600,1429.8599853515625
2000-04-25,23.0,23.9375,22.8125,23.8125,13.109429359436035,2608700,1477.43994140625
2000-04-26,23.625,24.0625,22.875,23.0625,12.69651985168457,2516100,1460.989990234375
2000-04-27,23.0,23.0,22.375,22.625,12.45567512512207,1763400,1464.9200439453125
2000-04-28,22.375,23.8125,21.9375,23.75,13.0750093460083,2893500,1452.4300537109375
2000-05-01,23.9375,25.0,23.75,24.0,13.21264362335205,2987800,1468.25
2000-05-02,23.75,24.5625,23.6875,23.8125,13.109429359436035,2306500,1446.2900390625
2000-05-03,23.5625,23.8125,22.8125,23.0625,12.69651985168457,1854600,1415.0999755859375
2000-05-04,23.3125,23.5625,22.6875,22.6875,12.490074157714844,1225100,1409.5699462890625
2000-05-05,22.8125,23.0625,22.75,22.875,12.593299865722656,1112800,1432.6300048828125
2000-05-08,22.5625,23.375,22.5625,23.0625,12.69651985168457,1445800,1424.1700439453125
2000-05-09,23.125,23.4375,23.0,23.0,12.66211986541748,1336400,1412.1400146484375
2000-05-10,23.0625,23.75,23.0,23.125,12.730929374694824,1586800,1383.050048828125
2000-05-11,23.375,24.25,23.375,23.8125,13.109429359436035,2291700,1407.81005859375
2000-05-12,24.0625,26.5,24.0625,25.5625,14.072842597961426,6329600,1420.9599609375
2000-05-15,26.0,27.6875,25.875,26.875,14.79541015625,5204500,1452.3599853515625
2000-05-16,27.5,28.0,26.0,26.0,14.313693046569824,4264100,1466.0400390625
2000-05-17,25.75,26.625,25.5,26.1875,14.41692066192627,2830200,1447.800048828125
2000-05-18,26.1875,27.1875,26.1875,26.375,14.520150184631348,2720400,1437.2099609375
2000-05-19,26.125,27.25,26.125,26.75,14.726595878601074,1929500,1406.949951171875
2000-05-22,26.75,27.8125,26.625,27.75,15.277118682861328,2660500,1400.719970703125
2000-05-23,27.75,28.6875,27.1875,28.6875,15.793241500854492,3646000,1373.8599853515625
2000-05-24,28.6875,30.125,28.6875,30.0,16.515811920166016,6359900,1399.050048828125
2000-05-25,29.75,29.75,26.625,26.8125,14.761006355285645,4672900,1381.52001953125
2000-05-26,27.125,27.5,25.6875,26.8125,14.855189323425291,3582700,1378.02001953125
2000-05-30,26.8125,27.8125,26.8125,27.1875,15.062952995300291,1439400,1422.449951171875
2000-05-31,26.9375,27.5,26.5,26.5,14.682046890258787,1749500,1420.5999755859375
2000-06-01,26.625,28.25,26.625,27.0,14.95906925201416,2470800,1448.81005859375
2000-06-02,28.25,28.25,27.5,27.9375,15.478480339050291,2366500,1477.260009765625
2000-06-05,27.75,28.375,27.125,27.1875,15.062952995300291,2133700,1467.6300048828125
2000-06-06,26.875,27.375,26.75,27.125,15.0283203125,1680000,1457.8399658203125
2000-06-07,27.125,28.4375,27.125,28.375,15.72087574005127,2508500,1471.3599853515625
2000-06-08,28.5,28.5,27.0,27.25,15.097583770751951,2745600,1461.6700439453125
2000-06-09,27.0625,27.4375,26.3125,26.6875,14.785926818847656,2119700,1456.949951171875
2000-06-12,26.75,27.125,26.25,26.8125,14.855189323425291,2319600,1446.0
2000-06-13,26.75,27.125,26.4375,26.6875,14.785926818847656,1975800,1469.43994140625
2000-06-14,26.625,26.75,25.3125,25.5,14.128005981445312,4431500,1470.5400390625
2000-06-15,25.3125,25.625,23.0,23.0,12.742912292480469,5821000,1478.72998046875
2000-06-16,23.25,23.75,22.1875,22.375,12.396635055541992,8186400,1464.4599609375
2000-06-19,21.9375,24.125,21.9375,23.75,13.158435821533203,3486200,1486.0
2000-06-20,23.9375,24.25,23.8125,24.0625,13.331579208374023,3065800,1475.949951171875
2000-06-21,24.0,24.125,23.5625,24.0,13.296951293945312,3014800,1479.1300048828125
2000-06-22,23.75,23.9375,23.375,23.75,13.158435821533203,2115200,1452.1800537109375
2000-06-23,24.0,24.125,23.375,23.875,13.227691650390623,2152600,1441.47998046875
2000-06-26,23.5625,23.8125,22.875,23.3125,12.91604709625244,1612000,1455.31005859375
2000-06-27,23.375,24.25,23.375,23.75,13.158435821533203,1580100,1450.550048828125
2000-06-28,24.0,24.375,23.375,23.515625,13.028582572937012,1268900,1454.8199462890625
2000-06-29,23.375,23.625,23.0625,23.1875,12.846790313720703,1706900,1442.3900146484375
2000-06-30,23.375,24.0,22.234375,22.25,12.32738208770752,2781100,1454.5999755859375
2000-07-03,22.5,23.5625,22.5,23.5,13.019937515258787,1303400,1469.5400390625
2000-07-05,23.9375,24.6875,23.625,24.0625,13.331579208374023,2033600,1446.22998046875
2000-07-06,24.3125,24.875,23.625,23.75,13.158435821533203,1439000,1456.6700439453125
2000-07-07,24.0,24.3125,23.6875,23.6875,13.12381362915039,1821600,1478.9000244140625
2000-07-10,23.6875,24.125,23.0625,23.5,13.019937515258787,1905200,1475.6199951171875
2000-07-11,23.0625,23.75,23.0625,23.3125,12.91604709625244,1701200,1480.8800048828125
2000-07-12,23.0625,24.25,23.0625,24.0,13.296951293945312,2562600,1492.9200439453125
2000-07-13,24.1875,24.3125,23.6875,24.1875,13.400832176208496,1886100,1495.8399658203125
2000-07-14,24.4375,25.3125,24.25,24.875,13.78173542022705,2337700,1509.97998046875
2000-07-17,24.375,24.875,24.3125,24.46875,13.55665683746338,1666800,1510.489990234375
2000-07-18,24.25,24.4375,23.5,24.25,13.43546199798584,1748700,1493.739990234375
2000-07-19,24.0,24.8125,23.5,23.5,13.019937515258787,2345700,1481.9599609375
2000-07-20,24.25,25.9375,24.25,25.0,13.850990295410156,4228500,1495.5699462890625
2000-07-21,24.75,24.75,23.6875,24.75,13.712482452392578,3325700,1480.18994140625
2000-07-24,24.5625,25.1875,24.3125,24.6875,13.677857398986816,2379600,1464.2900390625
2000-07-25,25.0625,25.625,24.6875,25.4375,14.093382835388184,2054000,1474.469970703125
2000-07-26,25.8125,27.3125,25.5625,26.75,14.820564270019531,3890100,1452.4200439453125
2000-07-27,27.25,27.875,26.6875,27.75,15.374597549438477,2897500,1449.6199951171875
2000-07-28,27.8125,28.25,27.125,27.5625,15.270727157592772,2904500,1419.8900146484375
2000-07-31,27.75,28.3125,27.5625,27.5625,15.270727157592772,2692700,1430.8299560546875
2000-08-01,27.625,28.3125,27.375,27.5,15.236088752746582,2209400,1438.0999755859375
2000-08-02,27.125,27.5,26.875,27.0,14.95906925201416,1877900,1438.699951171875
2000-08-03,27.25,29.0625,27.25,28.5625,15.824753761291504,3206500,1452.56005859375
2000-08-04,28.5625,29.9375,28.5,29.5,16.344167709350586,3544900,1462.9300537109375
2000-08-07,29.5625,29.5625,28.3125,28.5625,15.824753761291504,2677000,1479.3199462890625
2000-08-08,28.5625,30.4375,28.5625,29.875,16.551925659179688,4705700,1482.800048828125
2000-08-09,30.0,30.125,29.0,29.1875,16.17103385925293,2226800,1472.8699951171875
2000-08-10,29.3125,29.375,28.75,28.8125,15.963266372680664,1627100,1460.25
2000-08-11,28.6875,29.3125,28.6875,28.9375,16.032522201538086,1780000,1471.8399658203125
2000-08-14,28.9375,29.75,28.9375,29.5,16.344167709350586,1193900,1491.56005859375
2000-08-15,29.3125,29.375,28.75,28.75,15.92863941192627,1629500,1484.4300537109375
2000-08-16,28.875,29.375,28.5625,28.8125,15.963266372680664,1498300,1479.8499755859375
2000-08-17,28.75,29.75,28.75,29.5,16.344167709350586,1923500,1496.0699462890625
2000-08-18,29.25,29.25,28.75,28.75,15.92863941192627,1383500,1491.719970703125
2000-08-21,28.5625,29.9375,28.5625,29.625,16.413429260253906,1296800,1499.47998046875
2000-08-22,29.6875,29.9375,29.4375,29.5,16.344167709350586,1268900,1498.1300048828125
2000-08-23,29.5,29.75,29.0,29.0,16.0671443939209,1339500,1505.969970703125
2000-08-24,28.875,29.25,28.875,28.875,15.99789810180664,1382400,1508.31005859375
2000-08-25,29.125,29.3125,28.6875,28.6875,15.894013404846191,1844100,1506.449951171875
2000-08-28,28.6875,29.4375,28.6875,28.9375,16.032522201538086,1179800,1514.0899658203125
2000-08-29,28.5625,29.0,28.5625,28.6875,15.98794174194336,1506500,1509.8399658203125
2000-08-30,28.4375,29.5625,28.375,28.6875,15.98794174194336,1798100,1502.5899658203125
2000-08-31,28.6875,29.9375,28.6875,29.078125,16.205638885498047,2195600,1517.6800537109375
2000-09-01,29.5,29.625,29.375,29.5,16.440750122070312,2519000,1520.77001953125
2000-09-05,29.125,30.1875,29.0,29.5625,16.475582122802734,3204300,1507.0799560546875
2000-09-06,29.8125,30.625,29.625,29.9375,16.684579849243164,2899000,1492.25
2000-09-07,30.0,30.125,29.4375,29.8125,16.614917755126953,1471900,1502.510009765625
2000-09-08,29.6875,30.4375,29.6875,30.25,16.858739852905273,2088700,1494.5
2000-09-11,30.0,31.625,30.0,31.5,17.555387496948242,3284800,1489.260009765625
2000-09-12,31.75,32.375,31.5,31.8125,17.729541778564453,3765600,1481.989990234375
2000-09-13,31.4375,32.25,30.8125,30.875,17.207056045532227,2414300,1484.9100341796875
2000-09-14,31.375,31.9375,30.6875,30.9375,17.24188995361328,2995200,1480.8699951171875
2000-09-15,32.5,33.75,32.1875,32.4375,18.07785987854004,6092900,1465.81005859375
2000-09-18,33.0,33.0,31.5625,31.5625,17.590213775634766,2951600,1444.510009765625
2000-09-19,31.5625,32.8125,31.5625,32.625,18.182361602783203,2362400,1459.9000244140625
2000-09-20,32.625,32.8125,31.5,31.625,17.625045776367188,2404300,1451.3399658203125
2000-09-21,31.625,33.375,31.625,33.375,18.60034942626953,2025800,1449.050048828125
2000-09-22,32.875,34.0625,32.6875,33.375,18.60034942626953,2484700,1448.719970703125
2000-09-25,33.3125,33.5,32.9375,33.0,18.39134788513184,1846400,1439.030029296875
2000-09-26,33.0,34.1875,32.875,33.0625,18.426189422607425,2103800,1427.2099609375
2000-09-27,33.0,33.1875,32.5625,32.875,18.32168960571289,2102700,1426.5699462890625
2000-09-28,33.125,35.25,33.0625,34.6875,19.331823348999023,4489300,1458.2900390625
2000-09-29,34.75,35.625,34.5625,34.75,19.36664390563965,3248900,1436.510009765625
2000-10-02,34.25,36.0,34.25,35.25,19.645309448242188,2446800,1436.22998046875
2000-10-03,34.0,34.5,32.5,33.6875,18.77449989318848,5218800,1426.4599609375
2000-10-04,34.25,34.8125,34.25,34.5,19.22732925415039,3801000,1434.3199462890625
2000-10-05,34.25,35.0,34.125,34.5,19.22732925415039,2579700,1436.280029296875
2000-10-06,34.3125,34.75,33.8125,34.125,19.01833152770996,2600700,1408.989990234375
2000-10-09,34.1875,34.1875,33.0625,33.375,18.60034942626953,2365100,1402.030029296875
2000-10-10,33.6875,33.9375,33.25,33.75,18.8093318939209,2585300,1387.02001953125
2000-10-11,33.875,34.0,33.3125,33.6875,18.77449989318848,2194500,1364.5899658203125
2000-10-12,33.375,33.4375,30.8125,31.875,17.764375686645508,4066300,1329.780029296875
2000-10-13,31.5625,32.6875,31.5625,32.3125,18.008193969726562,3263100,1374.1700439453125
2000-10-16,32.875,33.375,32.75,32.875,18.32168960571289,1708400,1374.6199951171875
2000-10-17,32.875,32.875,31.375,31.4375,17.520545959472656,2681000,1349.969970703125
2000-10-18,31.6875,32.8125,31.25,32.6875,18.217187881469727,2109500,1342.1300048828125
2000-10-19,33.75,35.1875,33.375,34.9375,19.47114562988281,5731900,1388.760009765625
2000-10-20,34.5,34.6875,34.3125,34.5,19.22732925415039,3134800,1396.9300537109375
2000-10-23,34.0,34.125,33.6875,34.0,18.94865608215332,2202600,1395.780029296875
2000-10-24,33.75,36.5,33.75,36.3125,20.237451553344727,4259100,1398.1300048828125
2000-10-25,35.875,37.5625,35.8125,36.8125,20.51610374450684,4175400,1364.9000244140625
2000-10-26,36.9375,37.1875,36.125,36.75,20.48127555847168,2646400,1364.43994140625
2000-10-27,36.375,37.375,36.25,37.25,20.75994110107422,1861200,1379.5799560546875
2000-10-30,37.125,40.25,37.0625,40.0,22.292543411254883,5153800,1398.6600341796875
2000-10-31,40.0625,40.3125,38.6875,40.25,22.43187522888184,4630500,1429.4000244140625
2000-11-01,39.75,39.9375,38.8125,39.0,21.735246658325195,3062500,1421.219970703125
2000-11-02,38.875,39.4375,37.625,38.3125,21.35207748413086,3349200,1428.3199462890625
2000-11-03,37.375,37.6875,36.125,36.5625,20.37677574157715,2446400,1426.68994140625
2000-11-06,36.75,37.9375,36.6875,37.0,20.6206111907959,1739300,1432.18994140625
2000-11-07,37.1875,37.8125,36.8125,37.1875,20.725099563598636,1951000,1431.8699951171875
2000-11-08,38.0,38.4375,37.375,38.25,21.317256927490234,3483500,1409.280029296875
2000-11-09,38.0,38.625,37.75,38.5625,21.49141311645508,2342300,1400.1400146484375
2000-11-10,38.125,38.625,37.9375,38.125,21.24757957458496,1693100,1365.97998046875
2000-11-13,38.25,39.0,38.0,38.3125,21.35207748413086,2768300,1351.260009765625
2000-11-14,38.6875,39.125,38.0,39.0625,21.770065307617188,2773600,1382.949951171875
2000-11-15,39.625,39.625,37.875,38.5625,21.49141311645508,3234900,1389.81005859375
2000-11-16,37.75,39.1875,37.75,39.0,21.735246658325195,2673200,1372.3199462890625
2000-11-17,38.5,39.1875,38.0625,39.0,21.735246658325195,2275600,1367.719970703125
2000-11-20,38.3125,38.9375,37.75,38.375,21.38690948486328,1895700,1342.6199951171875
2000-11-21,38.625,38.9375,37.25,38.0,21.17791748046875,2021700,1347.3499755859375
2000-11-22,39.25,39.375,37.5,38.1875,21.282426834106445,3613000,1322.3599853515625
2000-11-24,38.0625,38.3125,37.8125,38.0,21.17791748046875,807300,1341.77001953125
2000-11-27,38.1875,38.1875,36.875,37.25,20.75994110107422,2397600,1348.969970703125
2000-11-28,36.875,38.0,36.0,37.6875,21.100059509277344,2356200,1336.0899658203125
2000-11-29,37.6875,38.25,37.125,38.25,21.414989471435547,2367100,1341.9300537109375
2000-11-30,38.0,38.9375,37.5625,38.25,21.414989471435547,2682800,1314.949951171875
2000-12-01,38.0,39.6875,37.8125,39.25,21.97484397888184,2291300,1315.22998046875
2000-12-04,38.75,39.75,38.5625,39.1875,21.93985748291016,2157100,1324.969970703125
2000-12-05,39.4375,41.75,39.25,41.625,23.30454635620117,4544500,1376.5400390625
2000-12-06,41.4375,43.3125,40.875,42.375,23.72443962097168,4235500,1351.4599609375
2000-12-07,42.125,42.75,41.75,42.4375,23.759429931640625,2459900,1343.550048828125
2000-12-08,43.875,44.1875,43.25,44.0,24.634233474731445,3905200,1369.8900146484375
2000-12-11,44.0,44.75,43.5,43.9375,24.59922981262207,2962100,1380.199951171875
2000-12-12,43.0,43.4375,42.4375,42.8125,23.96938133239746,2396100,1371.1800537109375
2000-12-13,42.625,43.0625,42.125,42.6875,23.899396896362305,2600500,1359.989990234375
2000-12-14,40.75,41.125,40.1875,40.6875,22.779672622680664,2381400,1340.9300537109375
2000-12-15,38.875,40.5625,38.875,39.9375,22.359766006469727,3969800,1312.1500244140625
2000-12-18,39.9375,41.9375,39.8125,41.5,23.23455810546875,2522500,1322.739990234375
2000-12-19,41.25,42.875,41.0,42.3125,23.68943977355957,2201200,1305.5999755859375
2000-12-20,41.5,41.8125,40.625,40.9375,22.919626235961918,2325700,1264.739990234375
2000-12-21,40.0,41.5,39.875,41.3125,23.129581451416016,2897300,1274.8599853515625
2000-12-22,41.875,42.5625,41.3125,41.375,23.16457748413086,2410800,1305.949951171875
2000-12-26,42.0,42.4375,41.3125,41.9375,23.47949981689453,1203900,1315.18994140625
2000-12-27,43.375,43.625,42.9375,43.625,24.42427635192871,2131700,1328.9200439453125
2000-12-28,43.125,43.5,42.375,43.4375,24.31929588317871,1234900,1334.219970703125
2000-12-29,43.5,44.1875,43.375,43.5625,24.389280319213867,1559600,1320.280029296875
2001-01-02,42.9375,42.9375,39.9375,41.0,22.95461654663086,2751800,1283.27001953125
2001-01-03,41.125,42.0625,39.9375,40.75,22.814661026000977,3199000,1347.56005859375
2001-01-04,39.75,40.1875,37.25,37.9375,21.24001693725586,4700400,1333.3399658203125
2001-01-05,38.5,38.9375,37.875,38.0625,21.31001091003418,2463300,1298.3499755859375
2001-01-08,38.0,39.6875,37.9375,39.6875,22.21979331970215,2250000,1295.8599853515625
2001-01-09,39.5,39.5625,38.0,38.5,21.55495262145996,1828100,1300.800048828125
2001-01-10,38.0,38.25,36.75,37.875,21.20502471923828,3618900,1313.27001953125
2001-01-11,37.625,38.0,35.5,36.5,20.435213088989254,3638600,1326.8199462890625
2001-01-12,36.0625,36.25,33.5625,34.9375,19.5604248046875,4907900,1318.550048828125
2001-01-16,35.0,36.9375,34.9375,36.25,20.295249938964844,3693400,1326.6500244140625
2001-01-17,36.875,37.125,36.0,36.125,20.22525978088379,2557300,1329.469970703125
2001-01-18,36.125,36.5,34.0,35.375,19.80535888671875,4917500,1347.969970703125
2001-01-19,34.875,35.125,33.875,34.75,19.4554443359375,3679600,1342.5400390625
2001-01-22,35.0625,37.5,34.5,37.0625,20.750139236450195,3407200,1342.9000244140625
2001-01-23,36.4375,37.9375,35.8125,37.6875,21.100059509277344,2816800,1360.4000244140625
2001-01-24,37.5,38.625,37.25,38.3125,21.44996452331543,2066800,1364.300048828125
2001-01-25,38.75,38.9375,37.4375,37.8125,21.170034408569336,3118400,1357.510009765625
2001-01-26,38.25,38.375,37.125,37.875,21.20502471923828,1625600,1354.949951171875
2001-01-29,38.0,38.29999923706055,37.630001068115234,37.630001068115234,21.067869186401367,1115900,1364.1700439453125
2001-01-30,37.38999938964844,38.810001373291016,37.34999847412109,38.72999954223633,21.6837158203125,2477600,1373.72998046875
2001-01-31,38.70000076293945,39.5,37.4900016784668,38.880001068115234,21.767698287963867,3711900,1366.010009765625
2001-02-01,38.880001068115234,39.25,38.0,39.02000045776367,21.846088409423828,2163300,1373.469970703125
2001-02-02,38.81999969482422,40.25,38.75,40.25,22.53471565246582,2703200,1349.469970703125
2001-02-05,39.79999923706055,40.38999938964844,39.70000076293945,40.20000076293945,22.5067195892334,2161300,1354.31005859375
2001-02-06,40.18999862670898,40.25,39.400001525878906,40.040000915527344,22.417131423950195,1832400,1352.260009765625
2001-02-07,40.5,41.29999923706055,40.369998931884766,40.81999969482422,22.853837966918945,4040300,1340.8900146484375
2001-02-08,40.81999969482422,41.4900016784668,40.790000915527344,41.27999877929688,23.11138153076172,2649200,1332.530029296875
2001-02-09,40.45000076293945,41.400001525878906,40.400001525878906,41.400001525878906,23.178571701049805,1713800,1314.760009765625
2001-02-12,41.59999847412109,42.0,41.5099983215332,42.0,23.51447868347168,1611200,1330.31005859375
2001-02-13,42.0,42.0,40.77999877929688,41.369998931884766,23.161771774291992,2186400,1318.800048828125
2001-02-14,41.0,42.0,41.0,41.2599983215332,23.100187301635746,2369500,1315.9200439453125
2001-02-15,41.2599983215332,41.29999923706055,40.54999923706055,41.09999847412109,23.01060104370117,1689100,1326.6099853515625
2001-02-16,41.25,42.09999847412109,41.0,41.65999984741211,23.324138641357425,2261500,1301.530029296875
2001-02-20,41.88999938964844,41.88999938964844,40.59999847412109,41.25,23.094594955444336,2637000,1278.93994140625
2001-02-21,40.59999847412109,40.97999954223633,39.0,39.540000915527344,22.137210845947266,3273200,1255.27001953125
2001-02-22,38.75,39.79999923706055,38.29999923706055,39.630001068115234,22.18760871887207,3059300,1252.8199462890625
2001-02-23,39.0,39.900001525878906,39.0,39.75,22.254779815673828,1877700,1245.8599853515625
2001-02-26,40.0,40.25,39.59999847412109,40.2400016784668,22.637319564819336,1756400,1267.6500244140625
2001-02-27,39.900001525878906,41.59999847412109,39.84999847412109,41.54999923706055,23.374277114868164,3152300,1257.93994140625
2001-02-28,41.88999938964844,41.900001525878906,39.75,39.86000061035156,22.423555374145508,2354700,1239.93994140625
2001-03-01,40.79999923706055,41.20000076293945,39.900001525878906,41.0,23.064861297607425,3510700,1241.22998046875
2001-03-02,41.0,41.79999923706055,40.5,41.43999862670898,23.312402725219727,1652500,1234.1800537109375
2001-03-05,41.68000030517578,41.869998931884766,41.040000915527344,41.70000076293945,23.458654403686523,2103000,1241.4100341796875
2001-03-06,41.880001068115234,42.060001373291016,40.900001525878906,41.52999877929688,23.36301040649414,1907500,1253.800048828125
2001-03-07,41.75,41.93999862670898,41.150001525878906,41.70000076293945,23.458654403686523,1761500,1261.8900146484375
2001-03-08,41.95000076293945,42.290000915527344,41.720001220703125,41.97999954223633,23.61617660522461,2015400,1264.739990234375
2001-03-09,42.08000183105469,42.08000183105469,41.150001525878906,41.31999969482422,23.24488639831543,2334700,1233.4200439453125
2001-03-12,42.0,42.20000076293945,39.84999847412109,40.09999847412109,22.558563232421875,3686300,1180.1600341796875
2001-03-13,40.150001525878906,40.150001525878906,39.18000030517578,39.4900016784668,22.21539878845215,2588200,1197.6600341796875
2001-03-14,37.79999923706055,39.97999954223633,37.75,39.5099983215332,22.226655960083008,3511300,1166.7099609375
2001-03-15,39.45000076293945,40.900001525878906,39.45000076293945,40.06999969482422,22.541683197021484,2225100,1173.56005859375
2001-03-16,40.0,40.79999923706055,39.70000076293945,39.79999923706055,22.389793395996094,2533000,1150.530029296875
2001-03-19,39.560001373291016,39.900001525878906,38.34000015258789,39.290000915527344,22.10289192199707,2178100,1170.81005859375
2001-03-20,39.52999877929688,39.70000076293945,38.68999862670898,38.68999862670898,21.765356063842773,2075200,1142.6199951171875
2001-03-21,38.54999923706055,38.9900016784668,38.0,38.27000045776367,21.52908706665039,2206100,1122.1400146484375
2001-03-22,38.79999923706055,39.400001525878906,37.5,38.2400016784668,21.51220703125,3740700,1117.5799560546875
2001-03-23,38.400001525878906,39.900001525878906,38.27000045776367,39.209999084472656,22.057886123657227,2680400,1139.8299560546875
2001-03-26,39.45000076293945,40.150001525878906,39.45000076293945,39.68000030517578,22.32229995727539,1500200,1152.68994140625
2001-03-27,39.91999816894531,40.400001525878906,39.220001220703125,39.75,22.36166381835937,2625300,1182.1700439453125
2001-03-28,39.34999847412109,39.650001525878906,39.310001373291016,39.45000076293945,22.192920684814453,2694600,1153.2900390625
2001-03-29,39.45000076293945,40.29999923706055,39.31999969482422,40.130001068115234,22.575448989868164,2634100,1147.949951171875
2001-03-30,40.34999847412109,41.93999862670898,40.22999954223633,41.93999862670898,23.593660354614254,2920400,1160.3299560546875
2001-04-02,41.900001525878906,43.45000076293945,41.650001525878906,41.970001220703125,23.610544204711918,4392900,1145.8699951171875
2001-04-03,41.900001525878906,41.90999984741211,40.9900016784668,41.5,23.34614944458008,2393900,1106.4599609375
2001-04-04,40.25,42.0099983215332,40.25,41.810001373291016,23.52054023742676,4183100,1103.25
2001-04-05,41.880001068115234,42.77999877929688,41.77999877929688,42.5,23.90869903564453,2951900,1151.43994140625
2001-04-06,42.150001525878906,42.47999954223633,40.84999847412109,41.150001525878906,23.14924049377441,1948900,1128.4300537109375
2001-04-09,41.34999847412109,41.41999816894531,40.70000076293945,41.0,23.064861297607425,2010600,1137.5899658203125
2001-04-10,41.09999847412109,41.59000015258789,40.52000045776367,40.900001525878906,23.00861167907715,1893300,1168.3800048828125
2001-04-11,40.75,41.02000045776367,40.18000030517578,40.959999084472656,23.04236602783203,1926700,1165.8900146484375
2001-04-12,40.900001525878906,41.4900016784668,40.22999954223633,40.75,22.924236297607425,1382300,1183.5
2001-04-16,40.650001525878906,41.25,40.5,41.150001525878906,23.14924049377441,1182500,1179.6800537109375
2001-04-17,40.95000076293945,41.15999984741211,40.25,40.97999954223633,23.053617477416992,1342500,1191.81005859375
2001-04-18,41.25,42.560001373291016,41.09999847412109,42.5,23.90869903564453,3162700,1238.1600341796875
2001-04-19,43.900001525878906,44.59999847412109,43.720001220703125,44.25,24.8931827545166,6588100,1253.68994140625
2001-04-20,44.09999847412109,44.09999847412109,42.31999969482422,42.58000183105469,23.953706741333008,3174400,1242.97998046875
2001-04-23,42.58000183105469,42.900001525878906,41.9900016784668,42.88999938964844,24.128101348876957,1957600,1224.3599853515625
2001-04-24,42.400001525878906,42.70000076293945,41.220001220703125,41.22999954223633,23.19425201416016,2706000,1209.469970703125
2001-04-25,40.900001525878906,41.59999847412109,40.400001525878906,41.29999923706055,23.23363304138184,2308100,1228.75
2001-04-26,40.75,41.70000076293945,40.20000076293945,41.0,23.064861297607425,3316600,1234.52001953125
2001-04-27,41.20000076293945,42.47999954223633,41.13999938964844,42.2599983215332,23.773683547973636,1946700,1253.050048828125
2001-04-30,42.0,42.650001525878906,41.54999923706055,41.75,23.486799240112305,1615700,1249.4599609375
2001-05-01,42.0,42.13999938964844,41.52000045776367,42.119998931884766,23.694929122924805,1333600,1266.43994140625
2001-05-02,42.0,42.11000061035156,41.11000061035156,41.380001068115234,23.278636932373047,1376200,1267.4300537109375
2001-05-03,40.900001525878906,41.310001373291016,40.720001220703125,41.16999816894531,23.16050910949707,1589900,1248.5799560546875
2001-05-04,41.18000030517578,41.400001525878906,40.65999984741211,41.34999847412109,23.26175880432129,1762400,1266.6099853515625
2001-05-07,41.470001220703125,41.720001220703125,41.150001525878906,41.220001220703125,23.188640594482425,1519000,1263.510009765625
2001-05-08,41.459999084472656,41.95000076293945,41.40999984741211,41.900001525878906,23.571184158325195,1390000,1261.199951171875
2001-05-09,41.70000076293945,42.25,41.68999862670898,42.09000015258789,23.67806053161621,1793100,1255.5400390625
2001-05-10,42.5,42.58000183105469,41.34000015258789,42.0099983215332,23.63304710388184,1505300,1255.1800537109375
2001-05-11,41.900001525878906,42.540000915527344,41.52999877929688,41.83000183105469,23.53178977966309,946300,1245.6700439453125
2001-05-14,41.84000015258789,42.380001068115234,41.70000076293945,42.0,23.627418518066406,1126700,1248.9200439453125
2001-05-15,41.79999923706055,42.29999923706055,41.70000076293945,42.29999923706055,23.796188354492188,868200,1249.43994140625
2001-05-16,42.47999954223633,43.880001068115234,42.0,43.27000045776367,24.341873168945312,2062200,1284.989990234375
2001-05-17,43.59999847412109,43.66999816894531,43.040000915527344,43.040000915527344,24.21248817443848,2269800,1288.489990234375
2001-05-18,42.900001525878906,44.09999847412109,42.900001525878906,43.869998931884766,24.679407119750977,3483200,1291.9599609375
2001-05-21,44.290000915527344,44.95000076293945,43.900001525878906,44.88999938964844,25.25322914123535,2487600,1312.8299560546875
2001-05-22,45.0,45.25,44.34000015258789,44.84000015258789,25.225080490112305,2822300,1309.3800048828125
2001-05-23,44.540000915527344,44.9900016784668,44.09999847412109,44.25,24.8931827545166,1371600,1289.050048828125
2001-05-24,44.0099983215332,44.84999847412109,44.0,44.2400016784668,24.887548446655277,1250200,1293.1700439453125
2001-05-25,44.04999923706055,44.59999847412109,44.04999923706055,44.470001220703125,25.016944885253903,1115300,1277.8900146484375
2001-05-29,44.27999877929688,45.619998931884766,44.27999877929688,44.86000061035156,25.344640731811523,2199100,1267.9300537109375
2001-05-30,44.619998931884766,45.54999923706055,44.52999877929688,45.209999084472656,25.542369842529297,2166700,1248.0799560546875
2001-05-31,45.900001525878906,45.900001525878906,44.7400016784668,45.02000045776367,25.435022354125977,2676200,1255.8199462890625
2001-06-01,45.08000183105469,45.08000183105469,42.900001525878906,43.09999847412109,24.35028076171875,4399000,1260.6700439453125
2001-06-04,43.79999923706055,43.79999923706055,42.900001525878906,43.0,24.293779373168945,3160600,1267.1099853515625
2001-06-05,43.29999923706055,44.0,43.20000076293945,43.90999984741211,24.80790328979492,3262100,1283.5699462890625
2001-06-06,44.150001525878906,44.290000915527344,43.54999923706055,44.09999847412109,24.91524314880371,1615000,1270.030029296875
2001-06-07,43.75,44.209999084472656,43.04999923706055,43.63999938964844,24.655357360839844,1568800,1276.9599609375
2001-06-08,43.59999847412109,43.95000076293945,43.56999969482422,43.86000061035156,24.779645919799805,696700,1264.9599609375
2001-06-11,44.0,44.43999862670898,43.86000061035156,44.150001525878906,24.943500518798828,1481700,1254.3900146484375
2001-06-12,44.09000015258789,44.75,43.150001525878906,44.29999923706055,25.028247833251957,2754700,1255.8499755859375
2001-06-13,44.630001068115234,44.97999954223633,44.36000061035156,44.66999816894531,25.237276077270508,2188500,1241.5999755859375
2001-06-14,44.54999923706055,44.650001525878906,44.25,44.52000045776367,25.15253448486328,2630300,1219.8699951171875
2001-06-15,44.0,44.20000076293945,43.75,43.790000915527344,24.740110397338867,3131000,1214.3599853515625
2001-06-18,43.560001373291016,43.959999084472656,43.20000076293945,43.5,24.57627868652344,1412600,1208.4300537109375
2001-06-19,43.59999847412109,43.619998931884766,42.75,43.20000076293945,24.406776428222656,1900500,1212.5799560546875
2001-06-20,43.29999923706055,43.9900016784668,43.20000076293945,43.650001525878906,24.6610107421875,1874200,1223.1400146484375
2001-06-21,43.59999847412109,44.95000076293945,43.54999923706055,44.95000076293945,25.395471572875977,1875400,1237.0400390625
2001-06-22,44.95000076293945,44.95000076293945,43.38999938964844,43.68000030517578,24.677959442138672,3074900,1225.3499755859375
2001-06-25,43.68000030517578,43.970001220703125,43.41999816894531,43.79999923706055,24.745758056640625,1384600,1218.5999755859375
2001-06-26,43.560001373291016,44.150001525878906,42.9900016784668,44.0,24.858755111694336,2357500,1216.760009765625
2001-06-27,43.77999877929688,44.22999954223633,43.7599983215332,43.93000030517578,24.819204330444336,1391300,1211.0699462890625
2001-06-28,43.79999923706055,44.63999938964844,43.79999923706055,44.310001373291016,25.033891677856445,6384200,1226.199951171875
2001-06-29,44.43000030517578,44.43000030517578,43.52000045776367,43.9900016784668,24.853111267089844,2004900,1224.3800048828125
2001-07-02,44.20000076293945,44.63999938964844,44.02000045776367,44.4900016784668,25.13558387756348,2240300,1236.719970703125
2001-07-03,44.77999877929688,44.88999938964844,44.0,44.22999954223633,24.98869132995605,1045400,1234.449951171875
2001-07-05,43.79999923706055,43.9900016784668,43.2599983215332,43.31999969482422,24.47458267211914,1881600,1219.239990234375
2001-07-06,43.560001373291016,43.560001373291016,42.70000076293945,42.72999954223633,24.141244888305664,1358900,1190.5899658203125
2001-07-09,42.970001220703125,43.58000183105469,42.84999847412109,43.5,24.57627868652344,2060600,1198.780029296875
2001-07-10,43.0,43.25,42.900001525878906,43.20000076293945,24.406776428222656,2819400,1181.52001953125
2001-07-11,42.0,43.38999938964844,41.810001373291016,43.0099983215332,24.299428939819336,3634400,1180.1800537109375
2001-07-12,43.11000061035156,43.25,42.52000045776367,42.91999816894531,24.24858856201172,3090300,1208.1400146484375
2001-07-13,42.720001220703125,43.11000061035156,42.34999847412109,42.5,24.011293411254883,3831200,1215.6800537109375
2001-07-16,43.0,43.0,42.20000076293945,42.380001068115234,23.94349479675293,2385800,1202.449951171875
2001-07-17,42.0,42.18000030517578,40.56999969482422,41.34000015258789,23.355920791625977,3209300,1214.43994140625
2001-07-18,40.900001525878906,41.25,40.59000015258789,41.20000076293945,23.276836395263672,3297300,1207.7099609375
2001-07-19,38.5,38.75,35.5,36.0,20.338977813720703,14908800,1215.02001953125
2001-07-20,35.75,36.02999877929688,32.5,33.150001525878906,18.72879981994629,15707000,1210.8499755859375
2001-07-23,33.25,33.68000030517578,32.970001220703125,33.040000915527344,18.66666412353516,5816500,1191.030029296875
2001-07-24,32.84000015258789,33.58000183105469,32.47999954223633,33.400001525878906,18.87006378173828,6806500,1171.6500244140625
2001-07-25,33.5,34.310001373291016,33.2599983215332,34.29999923706055,19.37852478027344,5049200,1190.489990234375
2001-07-26,34.29999923706055,35.75,34.29999923706055,35.650001525878906,20.141231536865234,6565600,1202.9300537109375
2001-07-27,35.54999923706055,35.880001068115234,35.0,35.5099983215332,20.06214141845703,3958100,1205.8199462890625
2001-07-30,35.25,35.72999954223633,34.060001373291016,34.58000183105469,19.536714553833008,3534300,1204.52001953125
2001-07-31,35.0,35.7400016784668,34.869998931884766,34.959999084472656,19.751413345336918,4213900,1211.22998046875
2001-08-01,34.9900016784668,35.779998779296875,34.7599983215332,35.25,19.915239334106445,4279600,1215.9300537109375
2001-08-02,35.20000076293945,35.310001373291016,33.880001068115234,33.95000076293945,19.1807861328125,3423100,1220.75
2001-08-03,33.70000076293945,34.099998474121094,32.95000076293945,33.5,18.92654800415039,6759200,1214.3499755859375
2001-08-06,32.849998474121094,33.150001525878906,32.7599983215332,32.9900016784668,18.63841438293457,3067000,1200.47998046875
2001-08-07,33.0,33.4900016784668,32.91999816894531,33.38999938964844,18.86440658569336,3709400,1204.4000244140625
2001-08-08,33.04999923706055,33.61000061035156,33.04999923706055,33.400001525878906,18.87006378173828,1832300,1183.530029296875
2001-08-09,33.25,33.5,33.150001525878906,33.2599983215332,18.790956497192383,2610000,1183.4300537109375
2001-08-10,33.2599983215332,33.45000076293945,33.2599983215332,33.400001525878906,18.87006378173828,3558000,1190.1600341796875
2001-08-13,33.290000915527344,34.290000915527344,33.27000045776367,34.04999923706055,19.237276077270508,3186500,1191.2900390625
2001-08-14,34.04999923706055,34.22999954223633,33.95000076293945,34.0099983215332,19.214693069458008,2036100,1186.72998046875
2001-08-15,34.22999954223633,34.27000045776367,33.880001068115234,33.880001068115234,19.141237258911133,3112500,1178.02001953125
2001-08-16,33.68000030517578,34.099998474121094,33.20000076293945,33.86000061035156,19.129945755004883,2934600,1181.6600341796875
2001-08-17,33.900001525878906,34.400001525878906,33.70000076293945,33.810001373291016,19.10169219970703,2845800,1161.969970703125
2001-08-20,34.25,34.75,34.189998626708984,34.5099983215332,19.497167587280277,2607900,1171.4100341796875
2001-08-21,34.650001525878906,34.70000076293945,34.099998474121094,34.40999984741211,19.44066619873047,1904500,1157.260009765625
2001-08-22,34.310001373291016,34.349998474121094,33.9900016784668,34.20000076293945,19.3220272064209,3417500,1165.31005859375
2001-08-23,34.04999923706055,34.59000015258789,34.04999923706055,34.29999923706055,19.37852478027344,3865800,1162.0899658203125
2001-08-24,34.70000076293945,34.880001068115234,34.29999923706055,34.5,19.49152946472168,1670500,1184.9300537109375
2001-08-27,34.2599983215332,34.79999923706055,34.20000076293945,34.33000183105469,19.39547348022461,2017700,1179.2099609375
2001-08-28,34.33000183105469,34.790000915527344,34.0,34.349998474121094,19.406774520874023,2193000,1161.510009765625
2001-08-29,34.15999984741211,34.54999923706055,33.70000076293945,34.25,19.45790672302246,2031900,1148.56005859375
2001-08-30,34.4900016784668,34.779998779296875,34.0,34.25,19.45790672302246,3195100,1129.030029296875
2001-08-31,34.20000076293945,34.349998474121094,33.650001525878906,33.93000030517578,19.276107788085938,2443900,1133.5799560546875
2001-09-04,34.16999816894531,34.16999816894531,33.29999923706055,33.45000076293945,19.00340843200684,2571000,1132.93994140625
2001-09-05,33.5,33.84000015258789,33.20000076293945,33.720001220703125,19.15680313110352,2921000,1131.739990234375
2001-09-06,33.5,33.95000076293945,33.400001525878906,33.65999984741211,19.122722625732425,2767800,1106.4000244140625
2001-09-07,33.45000076293945,33.650001525878906,33.060001373291016,33.18000030517578,18.850027084350582,3089300,1085.780029296875
2001-09-10,33.18000030517578,34.75,33.18000030517578,34.08000183105469,19.36132049560547,3555000,1092.5400390625
2001-09-17,30.0,33.599998474121094,30.0,33.5,19.03182029724121,6389600,1038.77001953125
2001-09-18,32.5,33.2599983215332,32.279998779296875,32.77000045776367,18.617097854614254,2932900,1032.739990234375
2001-09-19,32.70000076293945,33.20000076293945,32.349998474121094,32.77000045776367,18.617097854614254,3429300,1016.0999755859375
2001-09-20,32.25,32.400001525878906,31.600000381469727,31.75,18.037616729736328,2581400,984.5399780273438
2001-09-21,30.049999237060547,31.989999771118164,30.0,31.75,18.037616729736328,3955000,965.7999877929688
2001-09-24,32.45000076293945,34.08000183105469,32.29999923706055,33.79999923706055,19.20225524902344,3000100,1003.4500122070312
2001-09-25,33.0,34.2400016784668,32.61000061035156,33.849998474121094,19.230653762817383,3035400,1012.27001953125
2001-09-26,34.099998474121094,34.38999938964844,33.75,34.349998474121094,19.51471710205078,2461200,1007.0399780273438
2001-09-27,34.25,36.06999969482422,34.150001525878906,35.59000015258789,20.21917724609375,2158100,1018.6099853515625
2001-09-28,35.66999816894531,37.790000915527344,35.66999816894531,37.34999847412109,21.21905517578125,3296600,1040.93994140625
2001-10-01,37.0,37.7599983215332,35.599998474121094,35.9900016784668,20.446428298950195,2751700,1038.550048828125
2001-10-02,35.9900016784668,37.5099983215332,35.959999084472656,37.459999084472656,21.281551361083984,3444400,1051.3299560546875
2001-10-03,37.20000076293945,38.380001068115234,37.119998931884766,37.4900016784668,21.2985954284668,3585200,1072.280029296875
2001-10-04,37.54999923706055,38.09000015258789,36.900001525878906,37.59999847412109,21.3610782623291,2814900,1069.6300048828125
2001-10-05,37.150001525878906,37.25,35.849998474121094,36.97999954223633,21.008852005004883,2296900,1071.3800048828125
2001-10-08,36.97999954223633,36.97999954223633,35.75,36.38999938964844,20.67367553710937,1388600,1062.43994140625
2001-10-09,36.4900016784668,37.0,36.36000061035156,36.52999877929688,20.753196716308597,1174500,1056.75
2001-10-10,36.72999954223633,36.79999923706055,36.18999862670898,36.27999877929688,20.61116600036621,2030000,1080.989990234375
2001-10-11,34.0,35.0,32.25,32.849998474121094,18.662546157836918,10151200,1097.4300537109375
2001-10-12,32.79999923706055,34.0,32.66999816894531,33.849998474121094,19.230653762817383,4642200,1091.6500244140625
2001-10-15,33.20000076293945,34.13999938964844,33.150001525878906,33.709999084472656,19.15113067626953,2695200,1089.97998046875
2001-10-16,33.95000076293945,34.29999923706055,33.599998474121094,33.97999954223633,19.30451202392578,1920900,1097.5400390625
2001-10-17,34.0,34.099998474121094,33.16999816894531,33.61000061035156,19.09430885314941,2445500,1077.0899658203125
2001-10-18,33.900001525878906,33.97999954223633,32.470001220703125,32.63999938964844,18.543249130249023,2883700,1068.6099853515625
2001-10-19,32.75,32.849998474121094,31.81999969482422,32.38999938964844,18.40121459960937,1718900,1073.47998046875
2001-10-22,32.400001525878906,33.75,32.349998474121094,33.58000183105469,19.0772705078125,1574900,1089.9000244140625
2001-10-23,33.380001068115234,33.380001068115234,32.849998474121094,33.18000030517578,18.850027084350582,2187000,1084.780029296875
2001-10-24,33.0,33.04999923706055,32.5099983215332,32.79999923706055,18.634132385253903,2418700,1085.199951171875
2001-10-25,32.0,32.599998474121094,31.950000762939453,32.599998474121094,18.520523071289062,2325600,1100.0899658203125
2001-10-26,32.400001525878906,32.75,32.0,32.52000045776367,18.475080490112305,1808900,1104.6099853515625
2001-10-29,32.400001525878906,32.720001220703125,31.93000030517578,32.38999938964844,18.40121459960937,1407200,1078.300048828125
2001-10-30,31.790000915527344,32.099998474121094,31.299999237060547,31.63999938964844,17.975122451782227,2490800,1059.7900390625
2001-10-31,31.600000381469727,31.6299991607666,30.899999618530277,31.3799991607666,17.82741355895996,2973600,1059.780029296875
2001-11-01,30.899999618530277,31.899999618530277,30.75,31.770000457763672,18.048986434936523,2694400,1084.0999755859375
2001-11-02,31.649999618530277,32.279998779296875,31.5,31.940000534057617,18.14555549621582,1989600,1087.199951171875
2001-11-05,32.79999923706055,32.93000030517578,32.400001525878906,32.7400016784668,18.60005187988281,5243200,1102.8399658203125
2001-11-06,32.97999954223633,32.97999954223633,32.15999984741211,32.599998474121094,18.520523071289062,1622000,1118.8599853515625
2001-11-07,32.599998474121094,32.599998474121094,32.22999954223633,32.5,18.463706970214844,1619000,1115.800048828125
2001-11-08,32.5,32.619998931884766,32.20000076293945,32.310001373291016,18.355770111083984,2090200,1118.5400390625
2001-11-09,32.689998626708984,32.689998626708984,31.520000457763672,31.770000457763672,18.048986434936523,1837800,1120.31005859375
2001-11-12,32.0099983215332,32.0099983215332,30.670000076293945,31.809999465942383,18.071704864501957,1578700,1118.3299560546875
2001-11-13,32.25,32.4900016784668,31.899999618530277,32.29999923706055,18.35007667541504,1520800,1139.0899658203125
2001-11-14,31.75,31.950000762939453,31.5,31.649999618530277,17.980812072753906,2698700,1141.2099609375
2001-11-15,31.850000381469727,32.63999938964844,31.790000915527344,32.09000015258789,18.230785369873047,2925400,1142.239990234375
2001-11-16,32.18000030517578,32.58000183105469,32.0,32.45000076293945,18.43529891967773,2019700,1138.6500244140625
2001-11-19,32.599998474121094,32.599998474121094,32.130001068115234,32.5,18.463706970214844,2349900,1151.06005859375
2001-11-20,32.5,32.790000915527344,32.20000076293945,32.650001525878906,18.548927307128903,1840900,1142.6600341796875
2001-11-21,32.849998474121094,32.97999954223633,32.400001525878906,32.689998626708984,18.57164192199707,1360100,1137.030029296875
2001-11-23,32.880001068115234,33.099998474121094,32.52000045776367,33.04999923706055,18.77616500854492,695400,1150.3399658203125
2001-11-26,33.04999923706055,33.400001525878906,32.900001525878906,33.279998779296875,18.906831741333008,1516200,1157.4200439453125
2001-11-27,33.45000076293945,34.09000015258789,32.9900016784668,33.689998626708984,19.139759063720703,2481700,1149.5
2001-11-28,33.099998474121094,34.25,33.08000183105469,33.2599983215332,19.00263977050781,2733600,1128.52001953125
2001-11-29,33.5,34.279998779296875,33.400001525878906,34.11000061035156,19.48827171325684,2106400,1140.199951171875
2001-11-30,33.86000061035156,34.5,33.810001373291016,34.2400016784668,19.56255531311035,2133900,1139.449951171875
2001-12-03,34.0,34.959999084472656,33.869998931884766,33.95000076293945,19.39686393737793,2569700,1129.9000244140625
2001-12-04,33.0,33.400001525878906,32.7400016784668,32.79999923706055,18.73982810974121,3397700,1144.800048828125
2001-12-05,33.0,33.189998626708984,32.61000061035156,32.959999084472656,18.831239700317383,3314000,1170.3499755859375
2001-12-06,32.900001525878906,33.349998474121094,32.66999816894531,33.22999954223633,18.985504150390625,1793500,1167.0999755859375
2001-12-07,32.599998474121094,33.0099983215332,31.959999084472656,32.150001525878906,18.368453979492188,3862800,1158.31005859375
2001-12-10,32.54999923706055,32.70000076293945,32.0099983215332,32.119998931884766,18.35131454467773,1937700,1139.9300537109375
2001-12-11,32.31999969482422,32.400001525878906,31.5,31.5,17.997087478637695,2606000,1136.760009765625
2001-12-12,31.81999969482422,31.959999084472656,31.100000381469727,31.280000686645508,17.87139892578125,1922800,1137.0699462890625
2001-12-13,31.270000457763672,31.5,30.57999992370605,31.020000457763672,17.72284507751465,2334500,1119.3800048828125
2001-12-14,31.25,31.799999237060547,30.8799991607666,31.61000061035156,18.059934616088867,1914000,1123.0899658203125
2001-12-17,31.86000061035156,32.61000061035156,31.559999465942383,32.59000015258789,18.619836807250977,2848600,1134.3599853515625
2001-12-18,32.400001525878906,32.939998626708984,32.400001525878906,32.65999984741211,18.65983390808105,1885500,1142.9200439453125
2001-12-19,32.45000076293945,32.59000015258789,32.20000076293945,32.209999084472656,18.402727127075195,1861700,1149.56005859375
2001-12-20,32.52000045776367,33.33000183105469,32.2599983215332,32.31999969482422,18.465585708618164,2014100,1139.9300537109375
2001-12-21,32.54999923706055,32.58000183105469,32.0,32.0,18.282752990722656,2608800,1144.8900146484375
2001-12-24,32.45000076293945,32.63999938964844,31.96999931335449,32.0,18.282752990722656,693100,1144.6500244140625
2001-12-26,32.34000015258789,32.66999816894531,32.29999923706055,32.29999923706055,18.45415687561035,1544700,1149.3699951171875
2001-12-27,32.400001525878906,33.25,32.130001068115234,32.90999984741211,18.80267143249512,1572500,1157.1300048828125
2001-12-28,33.29999923706055,33.95000076293945,33.2599983215332,33.86000061035156,19.34544944763184,2111500,1161.02001953125
2001-12-31,33.9900016784668,34.400001525878906,33.5099983215332,33.70000076293945,19.254026412963867,1769200,1148.0799560546875
2002-01-02,33.61000061035156,33.66999816894531,33.0,33.189998626708984,18.9626407623291,2036600,1154.6700439453125
2002-01-03,33.150001525878906,33.29999923706055,32.380001068115234,32.58000183105469,18.614133834838867,2567500,1165.27001953125
2002-01-04,32.400001525878906,32.79999923706055,32.29999923706055,32.689998626708984,18.676979064941406,1795000,1172.510009765625
2002-01-07,32.70000076293945,33.2599983215332,32.52000045776367,33.04999923706055,18.882667541503903,2327200,1164.8900146484375
2002-01-08,32.70000076293945,33.0,32.5,33.0,18.854093551635746,2056700,1160.7099609375
2002-01-09,32.900001525878906,33.75,32.81999969482422,33.0099983215332,18.85980796813965,1926700,1155.1400146484375
2002-01-10,32.599998474121094,32.66999816894531,32.06999969482422,32.47999954223633,18.5570011138916,3046000,1156.550048828125
2002-01-11,32.45000076293945,32.56999969482422,32.150001525878906,32.25,18.42559051513672,1596700,1145.5999755859375
2002-01-14,32.25,32.5,32.11000061035156,32.349998474121094,18.482723236083984,2001500,1138.4100341796875
2002-01-15,32.7400016784668,33.380001068115234,32.5,33.02000045776367,18.865522384643555,2267100,1146.18994140625
2002-01-16,33.099998474121094,33.22999954223633,32.29999923706055,32.29999923706055,18.45415687561035,1836700,1127.5699462890625
2002-01-17,32.5,32.72999954223633,32.0,32.34000015258789,18.477012634277344,1837100,1138.8800048828125
2002-01-18,32.040000915527344,32.36000061035156,31.700000762939453,31.950000762939453,18.254186630249023,2497300,1127.5799560546875
2002-01-22,31.799999237060547,32.11000061035156,31.399999618530277,31.71999931335449,18.122783660888672,1988200,1119.31005859375
2002-01-23,31.8700008392334,31.96999931335449,31.57999992370605,31.8700008392334,18.20848846435547,1948500,1128.1800537109375
2002-01-24,31.700000762939453,32.290000915527344,31.600000381469727,32.0,18.282752990722656,2672800,1132.1500244140625
2002-01-25,32.209999084472656,32.650001525878906,32.130001068115234,32.400001525878906,18.51128578186035,3184000,1133.280029296875
2002-01-28,32.599998474121094,32.66999816894531,32.099998474121094,32.15999984741211,18.374170303344727,1753800,1133.06005859375
2002-01-29,32.439998626708984,32.77000045776367,31.399999618530277,31.559999465942383,18.0313720703125,2779400,1100.6400146484375
2002-01-30,31.850000381469727,32.5,31.530000686645508,32.31999969482422,18.465585708618164,2223900,1113.5699462890625
2002-01-31,32.31999969482422,32.41999816894531,31.82999992370605,32.2599983215332,18.43130111694336,3266800,1130.199951171875
2002-02-01,32.650001525878906,32.91999816894531,32.29999923706055,32.70000076293945,18.68269157409668,2223400,1122.199951171875
2002-02-04,32.849998474121094,32.880001068115234,32.349998474121094,32.5,18.56842041015625,2213700,1094.43994140625
2002-02-05,32.4900016784668,33.650001525878906,32.29999923706055,32.849998474121094,18.768400192260746,2382300,1090.02001953125
2002-02-06,32.0,32.779998779296875,31.030000686645508,32.20000076293945,18.397031784057617,5041700,1083.510009765625
2002-02-07,33.0,34.0,32.7599983215332,33.38999938964844,19.0769157409668,4058000,1080.1700439453125
2002-02-08,33.38999938964844,33.88999938964844,33.38999938964844,33.72999954223633,19.27117156982422,2881900,1096.219970703125
2002-02-11,33.79999923706055,34.25,33.56999969482422,33.900001525878906,19.368297576904297,1635600,1111.93994140625
2002-02-12,34.0,34.2599983215332,33.70000076293945,33.7599983215332,19.288312911987305,1239000,1107.5
2002-02-13,34.0,35.099998474121094,33.939998626708984,34.959999084472656,19.973915100097656,2885800,1118.510009765625
2002-02-14,35.18000030517578,35.2599983215332,34.459999084472656,35.119998931884766,20.065330505371094,1664300,1116.47998046875
2002-02-15,35.119998931884766,35.119998931884766,33.560001373291016,34.0,19.425432205200195,3321700,1104.1800537109375
2002-02-19,33.5,34.0,33.2400016784668,33.29999923706055,19.02549934387207,1738900,1083.3399658203125
2002-02-20,33.5,34.560001373291016,33.2599983215332,34.459999084472656,19.688247680664062,2175900,1097.97998046875
2002-02-21,34.220001220703125,34.470001220703125,33.779998779296875,33.779998779296875,19.29973602294922,1222900,1080.949951171875
2002-02-22,33.86000061035156,34.310001373291016,33.599998474121094,34.189998626708984,19.53398895263672,1456900,1089.8399658203125
2002-02-25,34.29999923706055,35.0,34.29999923706055,34.86000061035156,19.916778564453125,1719100,1109.4300537109375
2002-02-26,35.150001525878906,35.290000915527344,34.77000045776367,35.0099983215332,20.123703002929688,1444400,1109.3800048828125
2002-02-27,35.04999923706055,35.75,34.880001068115234,35.369998931884766,20.33062744140625,1541800,1109.8900146484375
2002-02-28,35.29999923706055,36.150001525878906,35.0,35.02000045776367,20.129453659057617,1895300,1106.72998046875
2002-03-01,35.02000045776367,35.84000015258789,34.900001525878906,35.66999816894531,20.503074645996094,1587000,1131.780029296875
2002-03-04,36.75,36.90999984741211,36.09999847412109,36.18999862670898,20.801965713500977,2407500,1153.8399658203125
2002-03-05,36.29999923706055,37.0099983215332,36.18000030517578,36.31999969482422,20.876686096191406,2081900,1146.1400146484375
2002-03-06,36.13999938964844,37.0,36.060001373291016,36.72999954223633,21.11235618591309,1763800,1162.77001953125
2002-03-07,37.04999923706055,37.11000061035156,35.56999969482422,35.93000030517578,20.65252113342285,2166300,1157.5400390625
2002-03-08,36.54999923706055,36.84999847412109,36.09999847412109,36.52000045776367,20.991649627685547,2392300,1164.31005859375
2002-03-11,36.29999923706055,37.11000061035156,36.290000915527344,37.0099983215332,21.27330017089844,2293300,1168.260009765625
2002-03-12,36.900001525878906,37.0,36.209999084472656,36.93000030517578,21.227317810058597,1960100,1165.5799560546875
2002-03-13,36.84999847412109,37.0,36.619998931884766,36.83000183105469,21.169845581054688,1544900,1154.0899658203125
2002-03-14,36.79999923706055,37.77999877929688,36.720001220703125,37.209999084472656,21.388263702392575,1774200,1153.0400390625
2002-03-15,37.5,37.77999877929688,37.22999954223633,37.58000183105469,21.600940704345703,2576400,1166.1600341796875
2002-03-18,37.5,37.86000061035156,37.150001525878906,37.41999816894531,21.508974075317383,1608700,1165.550048828125
2002-03-19,37.84999847412109,38.0,37.63999938964844,37.7400016784668,21.69290351867676,2688600,1170.2900390625
2002-03-20,37.7400016784668,37.7400016784668,36.7599983215332,36.7599983215332,21.12960433959961,2496800,1151.8499755859375
2002-03-21,36.79999923706055,37.25,36.52000045776367,36.959999084472656,21.24456214904785,1948100,1153.5899658203125
2002-03-22,36.959999084472656,37.20000076293945,36.70000076293945,36.93000030517578,21.227317810058597,1356100,1148.699951171875
2002-03-25,36.75,37.06999969482422,36.400001525878906,36.40999984741211,20.928422927856445,1315100,1131.8699951171875
2002-03-26,36.5,37.5,36.459999084472656,36.77000045776367,21.135358810424805,2175700,1138.489990234375
2002-03-27,36.900001525878906,37.619998931884766,36.900001525878906,37.400001525878906,21.497472763061523,1634000,1144.5799560546875
2002-03-28,37.400001525878906,37.9900016784668,37.2400016784668,37.77000045776367,21.710147857666016,1449900,1147.3900146484375
2002-04-01,37.59999847412109,37.83000183105469,36.77999877929688,37.709999084472656,21.6756591796875,1346500,1146.5400390625
2002-04-02,37.709999084472656,38.15999984741211,37.59999847412109,37.790000915527344,21.721649169921875,1910300,1136.760009765625
2002-04-03,37.79999923706055,38.09999847412109,37.5,37.7400016784668,21.69290351867676,2334700,1125.4000244140625
2002-04-04,38.0,38.59999847412109,37.9900016784668,38.18999862670898,21.951570510864254,2117000,1126.3399658203125
2002-04-05,38.25,38.7400016784668,38.25,38.43000030517578,22.08951187133789,1546300,1122.72998046875
2002-04-08,38.0,38.709999084472656,37.97999954223633,38.68000030517578,22.233226776123047,1549500,1125.2900390625
2002-04-09,38.79999923706055,39.5,38.70000076293945,39.369998931884766,22.62983512878418,3006300,1117.800048828125
2002-04-10,39.25,39.36000061035156,38.959999084472656,39.220001220703125,22.54361343383789,2111900,1130.469970703125
2002-04-11,39.220001220703125,39.29999923706055,38.650001525878906,38.91999816894531,22.37116432189941,1940700,1103.68994140625
2002-04-12,38.77999877929688,39.25,38.650001525878906,39.209999084472656,22.53786277770996,1540900,1111.010009765625
2002-04-15,39.209999084472656,39.29999923706055,38.29999923706055,38.650001525878906,22.215970993041992,1410800,1102.550048828125
2002-04-16,38.70000076293945,39.16999816894531,38.68000030517578,39.04999923706055,22.445890426635746,1468400,1128.3699951171875
2002-04-17,39.5,41.25,39.5,41.060001373291016,23.601245880126957,5504900,1126.0699462890625
2002-04-18,40.52000045776367,41.02999877929688,39.91999816894531,40.27999877929688,23.152891159057617,3771800,1124.469970703125
2002-04-19,40.400001525878906,41.119998931884766,40.34000015258789,40.59000015258789,23.33108139038086,2733900,1125.1700439453125
2002-04-22,40.70000076293945,41.06999969482422,40.540000915527344,40.59999847412109,23.336824417114254,1845100,1107.8299560546875
2002-04-23,40.5,40.720001220703125,40.25,40.27000045776367,23.147146224975582,2199600,1100.9599609375
2002-04-24,40.52000045776367,40.70000076293945,40.16999816894531,40.27000045776367,23.147146224975582,1309100,1093.1400146484375
2002-04-25,40.02000045776367,40.150001525878906,39.09999847412109,39.720001220703125,22.83101272583008,2317800,1091.47998046875
2002-04-26,39.59999847412109,40.06999969482422,39.54999923706055,39.959999084472656,22.968963623046875,1591900,1076.3199462890625
2002-04-29,39.81999969482422,39.880001068115234,39.41999816894531,39.540000915527344,22.7275447845459,1686700,1065.449951171875
2002-04-30,39.84999847412109,40.09000015258789,39.470001220703125,39.7400016784668,22.84250259399414,2018800,1076.9200439453125
2002-05-01,39.54999923706055,39.72999954223633,38.75,39.380001068115234,22.63558006286621,2181300,1086.4599609375
2002-05-02,39.220001220703125,39.91999816894531,39.20000076293945,39.86000061035156,22.91147994995117,1945100,1084.56005859375
2002-05-03,39.70000076293945,39.88999938964844,39.369998931884766,39.650001525878906,22.79077911376953,1547400,1073.4300537109375
2002-05-06,39.400001525878906,40.0,39.0,39.0,22.417160034179688,1592900,1052.6700439453125
2002-05-07,39.0,39.18000030517578,38.7599983215332,38.95000076293945,22.38841819763184,1753500,1049.489990234375
2002-05-08,39.09999847412109,39.209999084472656,38.88999938964844,38.900001525878906,22.359676361083984,2390200,1088.8499755859375
2002-05-09,38.54999923706055,39.63999938964844,38.52000045776367,38.959999084472656,22.394166946411133,1862200,1073.010009765625
2002-05-10,39.09999847412109,39.20000076293945,38.59000015258789,38.59999847412109,22.187232971191406,1799600,1054.989990234375
2002-05-13,38.95000076293945,39.220001220703125,38.70000076293945,39.119998931884766,22.486129760742188,2216100,1074.56005859375
2002-05-14,39.25,39.59999847412109,38.970001220703125,39.400001525878906,22.647069931030277,1703200,1097.280029296875
2002-05-15,39.38999938964844,39.56999969482422,38.97999954223633,39.08000183105469,22.463144302368164,1883000,1091.0699462890625
2002-05-16,39.0,39.09000015258789,38.20000076293945,39.0099983215332,22.422908782958984,1711500,1098.22998046875
2002-05-17,39.20000076293945,39.4900016784668,39.119998931884766,39.29999923706055,22.58959197998047,2592000,1106.5899658203125
2002-05-20,39.34999847412109,39.369998931884766,38.4900016784668,38.4900016784668,22.124011993408203,2240400,1091.8800048828125
2002-05-21,37.79999923706055,38.119998931884766,37.70000076293945,37.97999954223633,21.830854415893555,2564600,1079.8800048828125
2002-05-22,38.0,38.59999847412109,37.90999984741211,38.5,22.129756927490234,1398600,1086.02001953125
2002-05-23,38.5,39.0,38.25,38.52999877929688,22.14699935913086,1462500,1097.0799560546875
2002-05-24,38.70000076293945,38.84999847412109,38.369998931884766,38.45000076293945,22.101015090942383,1391700,1083.8199462890625
2002-05-28,38.70000076293945,38.70000076293945,38.02999877929688,38.29999923706055,22.014787673950195,946700,1074.550048828125
2002-05-29,38.20000076293945,38.84000015258789,38.20000076293945,38.43000030517578,22.211299896240234,993300,1067.6600341796875
2002-05-30,38.18000030517578,38.9900016784668,38.18000030517578,38.58000183105469,22.298002243041992,1372300,1064.6600341796875
2002-05-31,38.54999923706055,38.95000076293945,38.47999954223633,38.47999954223633,22.240209579467773,2148100,1067.1400146484375
2002-06-03,38.5,38.68000030517578,37.75,37.7599983215332,21.82406616210937,1539500,1040.6800537109375
2002-06-04,37.400001525878906,37.959999084472656,36.84999847412109,37.84999847412109,21.87608528137207,2625600,1040.68994140625
2002-06-05,37.81999969482422,38.040000915527344,37.45000076293945,37.59000015258789,21.725814819335938,1730300,1049.9000244140625
2002-06-06,37.77999877929688,38.060001373291016,37.470001220703125,37.5,21.673797607421875,1815200,1029.1500244140625
2002-06-07,37.5,37.68000030517578,37.220001220703125,37.630001068115234,21.748933792114254,4559400,1027.530029296875
2002-06-10,37.560001373291016,38.58000183105469,37.38999938964844,38.09999847412109,22.020570755004883,2253800,1030.739990234375
2002-06-11,38.060001373291016,38.25,37.209999084472656,37.2599983215332,21.535083770751957,1817100,1013.5999755859375
2002-06-12,36.84999847412109,37.45000076293945,36.84999847412109,37.38999938964844,21.610219955444336,2417500,1020.260009765625
2002-06-13,37.02000045776367,37.209999084472656,36.790000915527344,36.869998931884766,21.30967712402344,1846100,1009.5599975585938
2002-06-14,36.34999847412109,36.84000015258789,35.900001525878906,36.38999938964844,21.03225326538086,4777500,1007.27001953125
2002-06-17,36.869998931884766,37.790000915527344,36.619998931884766,37.59000015258789,21.725814819335938,2074200,1036.1700439453125
2002-06-18,37.54999923706055,38.040000915527344,37.5,37.97999954223633,21.951217651367188,2163400,1037.1400146484375
2002-06-19,37.70000076293945,38.13999938964844,37.43000030517578,37.77000045776367,21.829843521118164,1733800,1019.989990234375
2002-06-20,37.45000076293945,37.75,37.150001525878906,37.41999816894531,21.627553939819336,1830200,1006.2899780273438
2002-06-21,37.5,38.34999847412109,37.5,38.0,21.96277618408203,2934300,989.1400146484375
2002-06-24,37.5099983215332,38.290000915527344,37.4900016784668,37.95000076293945,21.933881759643555,2018100,992.719970703125
2002-06-25,37.9900016784668,38.25,37.27000045776367,37.400001525878906,21.61599922180176,2246700,976.1400146484375
2002-06-26,36.54999923706055,37.08000183105469,36.45000076293945,36.7599983215332,21.246091842651367,2878900,973.530029296875
2002-06-27,36.7599983215332,37.45000076293945,36.4900016784668,37.34999847412109,21.587099075317383,1932900,990.6400146484375
2002-06-28,36.900001525878906,37.75,36.900001525878906,36.97999954223633,21.373254776000977,2895400,989.8200073242188
2002-07-01,37.29999923706055,37.61000061035156,36.95000076293945,37.150001525878906,21.47150230407715,2567700,968.6500244140625
2002-07-02,37.20000076293945,37.20000076293945,36.54999923706055,36.70000076293945,21.21141242980957,3050400,948.0900268554688
2002-07-03,36.150001525878906,36.650001525878906,36.08000183105469,36.36000061035156,21.014911651611328,2752600,953.989990234375
2002-07-05,36.5,37.25,36.41999816894531,36.9900016784668,21.379037857055664,803400,989.030029296875
2002-07-08,36.7400016784668,37.470001220703125,36.52000045776367,36.83000183105469,21.28655815124512,2346500,976.97998046875
2002-07-09,37.0,37.59999847412109,36.5099983215332,36.66999816894531,21.19408226013184,2844700,952.8300170898438
2002-07-10,36.79999923706055,36.79999923706055,35.630001068115234,35.75,20.6623477935791,2922600,920.469970703125
2002-07-11,35.27000045776367,36.09000015258789,34.79999923706055,35.43000030517578,20.47740364074707,2779200,927.3699951171875
2002-07-12,35.45000076293945,35.849998474121094,35.060001373291016,35.36000061035156,20.436939239501957,1263100,921.3900146484375
2002-07-15,35.36000061035156,35.36000061035156,33.540000915527344,34.849998474121094,20.142179489135746,2826500,917.9299926757812
2002-07-16,34.75,35.09000015258789,34.04999923706055,34.220001220703125,19.778057098388672,1846000,900.9400024414062
2002-07-17,34.56999969482422,34.880001068115234,33.29999923706055,34.08000183105469,19.697141647338867,2605200,906.0399780273438
2002-07-18,35.70000076293945,35.97999954223633,34.79999923706055,35.0,20.2288761138916,5368500,881.5599975585938
2002-07-19,34.5,35.400001525878906,34.41999816894531,35.08000183105469,20.27511405944824,4604500,847.75
2002-07-22,34.599998474121094,35.29999923706055,33.70000076293945,34.5,19.93989562988281,4506700,819.8499755859375
2002-07-23,34.5,35.040000915527344,33.619998931884766,33.77000045776367,19.51797866821289,4361000,797.7000122070312
2002-07-24,32.63999938964844,35.060001373291016,31.739999771118164,35.0,20.2288761138916,4591000,843.4299926757812
2002-07-25,34.79999923706055,35.33000183105469,33.599998474121094,34.5,19.93989562988281,3290000,838.6799926757812
2002-07-26,34.310001373291016,35.099998474121094,34.25,35.09000015258789,20.28088760375977,2692500,852.8400268554688
2002-07-29,35.900001525878906,37.0,35.79999923706055,37.0,21.384811401367188,4789800,898.9600219726562
2002-07-30,37.0,38.0,36.380001068115234,37.310001373291016,21.563974380493164,5443900,902.780029296875
2002-07-31,37.59999847412109,38.09999847412109,37.310001373291016,38.0099983215332,21.96856117248535,3103500,911.6199951171875
2002-08-01,38.04999923706055,38.5,37.630001068115234,38.150001525878906,22.04947662353516,2796400,884.6599731445312
2002-08-02,38.400001525878906,38.650001525878906,37.040000915527344,37.290000915527344,21.55242347717285,3395600,864.239990234375
2002-08-05,37.38999938964844,37.88999938964844,36.650001525878906,36.709999084472656,21.217193603515625,2999400,834.5999755859375
2002-08-06,37.16999816894531,37.75,37.11000061035156,37.150001525878906,21.47150230407715,2822900,859.5700073242188
2002-08-07,37.34999847412109,37.83000183105469,36.7599983215332,37.45000076293945,21.64488410949707,2868000,876.77001953125
2002-08-08,37.45000076293945,37.970001220703125,37.310001373291016,37.959999084472656,21.939659118652344,3728900,905.4600219726562
2002-08-09,37.650001525878906,38.15999984741211,37.43000030517578,37.79999923706055,21.847187042236328,3496100,908.6400146484375
2002-08-12,37.79999923706055,37.79999923706055,37.38999938964844,37.58000183105469,21.720027923583984,3242200,903.7999877929688
2002-08-13,37.310001373291016,37.59999847412109,36.709999084472656,36.7400016784668,21.23455619812012,3015300,884.2100219726562
2002-08-14,36.77999877929688,37.56999969482422,36.47999954223633,37.47999954223633,21.662229537963867,3032400,919.6199951171875
2002-08-15,37.400001525878906,38.0,37.29999923706055,37.66999816894531,21.772048950195312,3065200,930.25
2002-08-16,37.619998931884766,38.18000030517578,37.43000030517578,37.90999984741211,21.91075897216797,2038400,928.77001953125
2002-08-19,37.650001525878906,38.5,37.5,38.40999984741211,22.19974899291992,2293000,950.7000122070312
2002-08-20,38.0,38.5,37.970001220703125,38.25,22.107276916503903,2692200,937.4299926757812
2002-08-21,38.290000915527344,38.45000076293945,37.63999938964844,37.91999816894531,21.916540145874023,2497700,949.3599853515625
2002-08-22,37.84999847412109,38.900001525878906,37.84999847412109,38.7400016784668,22.39047622680664,1884600,962.7000122070312
2002-08-23,38.70000076293945,38.70000076293945,38.11000061035156,38.34999847412109,22.16506576538086,1393500,940.8599853515625
2002-08-26,38.400001525878906,38.72999954223633,37.93000030517578,38.650001525878906,22.33845329284668,1350700,947.9500122070312
2002-08-27,38.650001525878906,39.09999847412109,37.93000030517578,37.959999084472656,21.939659118652344,2405700,934.8200073242188
2002-08-28,37.77999877929688,37.880001068115234,36.93999862670898,37.060001373291016,21.53864288330078,1978400,917.8699951171875
2002-08-29,36.84999847412109,37.61000061035156,36.59000015258789,37.41999816894531,21.74787330627441,2554200,917.7999877929688
2002-08-30,37.41999816894531,37.63999938964844,37.08000183105469,37.220001220703125,21.631629943847656,2206600,916.0700073242188
2002-09-03,37.0,37.09999847412109,36.33000183105469,36.41999816894531,21.16668510437012,2694300,878.02001953125
2002-09-04,36.11000061035156,37.060001373291016,36.09999847412109,37.0,21.503772735595703,2003000,893.4000244140625
2002-09-05,36.400001525878906,37.5,36.36000061035156,37.08000183105469,21.550264358520508,2253700,879.1500244140625
2002-09-06,37.20000076293945,37.59999847412109,37.150001525878906,37.25,21.649080276489254,2382300,893.9199829101562
2002-09-09,37.150001525878906,37.650001525878906,36.95000076293945,37.5,21.79435539245605,4087000,902.9600219726562
2002-09-10,37.59999847412109,37.59999847412109,36.9900016784668,37.400001525878906,21.736251831054688,1578900,909.5800170898438
2002-09-11,37.5,37.59999847412109,37.20000076293945,37.33000183105469,21.69556427001953,1191700,909.4500122070312
2002-09-12,37.22999954223633,37.5099983215332,37.06999969482422,37.13999938964844,21.58513641357422,1815700,886.9099731445312
2002-09-13,36.88999938964844,37.58000183105469,36.88999938964844,37.5099983215332,21.800168991088867,1466300,889.8099975585938
2002-09-16,37.20000076293945,37.34999847412109,36.79999923706055,37.09999847412109,21.5618953704834,2457200,891.0999755859375
2002-09-17,37.59999847412109,37.7400016784668,36.84000015258789,36.970001220703125,21.486337661743164,2493100,873.52001953125
2002-09-18,36.970001220703125,37.29999923706055,36.59999847412109,36.93000030517578,21.46308898925781,1834200,869.4600219726562
2002-09-19,36.45000076293945,36.83000183105469,36.29999923706055,36.310001373291016,21.102754592895508,1792600,843.3200073242188
2002-09-20,36.310001373291016,36.7599983215332,35.5,35.709999084472656,20.754037857055664,3631400,845.3900146484375
2002-09-23,35.41999816894531,35.84000015258789,35.099998474121094,35.75,20.77728843688965,2300700,833.7000122070312
2002-09-24,35.349998474121094,35.650001525878906,34.72999954223633,34.75,20.19610595703125,2056000,819.2899780273438
2002-09-25,34.849998474121094,35.5099983215332,34.47999954223633,35.2400016784668,20.480892181396484,2093500,839.6599731445312
2002-09-26,35.5,36.2400016784668,35.5,36.130001068115234,20.998140335083008,2647100,854.9500122070312
2002-09-27,36.0,36.27999877929688,35.29999923706055,35.5099983215332,20.6378116607666,2083300,827.3699951171875
2002-09-30,35.099998474121094,35.84000015258789,34.5,35.54999923706055,20.661052703857425,2076000,815.280029296875
2002-10-01,35.79999923706055,36.18999862670898,34.79999923706055,36.18999862670898,21.03301429748535,3019100,847.9099731445312
2002-10-02,36.150001525878906,36.150001525878906,34.66999816894531,34.88999938964844,20.27747344970703,2195100,827.9099731445312
2002-10-03,35.0,35.619998931884766,34.97999954223633,35.0,20.341405868530277,2661500,818.9500122070312
2002-10-04,35.45000076293945,35.709999084472656,34.25,34.72999954223633,20.18448829650879,2350500,800.5800170898438
2002-10-07,34.70000076293945,35.029998779296875,34.099998474121094,34.099998474121094,19.818344116210938,2999600,785.280029296875
2002-10-08,35.2400016784668,35.2400016784668,33.86000061035156,34.59000015258789,20.103126525878903,3436100,798.5499877929688
2002-10-09,34.0,34.349998474121094,33.16999816894531,33.40999984741211,19.41732215881348,2433700,776.760009765625
2002-10-10,33.849998474121094,35.25,33.810001373291016,35.0,20.341405868530277,2926100,803.9199829101562
2002-10-11,35.45000076293945,36.68999862670898,35.29999923706055,36.150001525878906,21.009765625,4297600,835.3200073242188
2002-10-14,36.09999847412109,36.29999923706055,35.599998474121094,36.09999847412109,20.9807071685791,1970400,841.4400024414062
2002-10-15,37.0,37.45000076293945,36.61000061035156,37.15999984741211,21.596759796142575,4270400,881.27001953125
2002-10-16,37.15999984741211,37.83000183105469,36.45000076293945,37.56999969482422,21.835041046142575,3483700,860.02001953125
2002-10-17,39.75,40.09999847412109,39.04999923706055,39.869998931884766,23.17176818847656,8178300,879.2000122070312
2002-10-18,39.79999923706055,40.43999862670898,39.52000045776367,40.43999862670898,23.503040313720703,5224500,884.3900146484375
2002-10-21,40.09999847412109,41.95000076293945,39.77999877929688,41.29999923706055,24.00285530090332,4916200,899.719970703125
2002-10-22,40.34999847412109,41.0,40.34999847412109,41.0,23.828502655029297,3006000,890.1599731445312
2002-10-23,41.0099983215332,41.70000076293945,40.2400016784668,41.31999969482422,24.014484405517575,3870800,896.1400146484375
2002-10-24,41.20000076293945,41.34000015258789,40.06999969482422,40.20000076293945,23.36355781555176,3619500,882.5
2002-10-25,40.22999954223633,40.72999954223633,39.75,40.45000076293945,23.50885009765625,2660700,897.6500244140625
2002-10-28,40.75,41.130001068115234,40.040000915527344,40.220001220703125,23.375179290771484,2820000,890.22998046875
2002-10-29,39.900001525878906,40.43000030517578,38.97999954223633,39.5,22.95673179626465,2718500,882.1500244140625
2002-10-30,39.40999984741211,40.34999847412109,39.06999969482422,39.9900016784668,23.24150848388672,2521000,890.7100219726562
2002-10-31,40.0099983215332,40.34999847412109,39.45000076293945,39.77999877929688,23.11945915222168,2849300,885.760009765625
2002-11-01,39.470001220703125,39.70000076293945,38.84999847412109,39.34999847412109,22.869548797607425,2787900,900.9600219726562
2002-11-04,39.77999877929688,40.16999816894531,39.20000076293945,39.22999954223633,22.799814224243164,2529500,908.3499755859375
2002-11-05,39.45000076293945,39.58000183105469,38.22999954223633,38.65999984741211,22.468530654907227,3190000,915.3900146484375
2002-11-06,38.650001525878906,39.93000030517578,38.45000076293945,39.59999847412109,23.01483917236328,2724800,923.760009765625
2002-11-07,39.61000061035156,39.61000061035156,39.09999847412109,39.38999938964844,22.89280128479004,2747000,902.6500244140625
2002-11-08,39.59999847412109,40.130001068115234,39.52000045776367,40.0,23.247314453125,3015300,894.739990234375
2002-11-11,39.59999847412109,40.02999877929688,39.34999847412109,39.540000915527344,22.9799747467041,1862700,876.1900024414062
2002-11-12,39.400001525878906,39.619998931884766,39.02999877929688,39.20000076293945,22.78236961364746,2592400,882.9500122070312
2002-11-13,39.650001525878906,39.84999847412109,38.79999923706055,39.52000045776367,22.96834754943848,2433500,882.530029296875
2002-11-14,39.79999923706055,39.91999816894531,39.02999877929688,39.2400016784668,22.80562210083008,2890500,904.27001953125
2002-11-15,39.2400016784668,40.0,39.02999877929688,39.95000076293945,23.21825408935547,3046600,909.8300170898438
2002-11-18,40.59999847412109,40.70000076293945,39.709999084472656,39.93000030517578,23.20663452148437,2338700,900.3599853515625
2002-11-19,39.79999923706055,40.79999923706055,39.70000076293945,40.29999923706055,23.42167854309082,1494900,896.739990234375
2002-11-20,39.97999954223633,40.220001220703125,39.88999938964844,40.060001373291016,23.28220558166504,2389000,914.1500244140625
2002-11-21,40.060001373291016,40.310001373291016,38.70000076293945,39.25,22.811418533325195,3877200,933.760009765625
2002-11-22,38.650001525878906,39.61000061035156,38.650001525878906,39.31999969482422,22.85211563110352,3796400,930.5499877929688
2002-11-25,39.150001525878906,39.70000076293945,38.97999954223633,39.22999954223633,22.799814224243164,2077600,932.8699951171875
2002-11-26,39.22999954223633,39.22999954223633,38.119998931884766,38.369998931884766,22.420011520385746,2740700,913.3099975585938
2002-11-27,38.59999847412109,39.09999847412109,38.130001068115234,38.970001220703125,22.77059555053711,1737200,938.8699951171875
2002-11-29,39.04999923706055,39.47999954223633,39.0,39.02999877929688,22.805652618408203,1020100,936.3099975585938
2002-12-02,39.5,39.59999847412109,38.2599983215332,38.79999923706055,22.67126846313477,2667200,934.530029296875
2002-12-03,38.79999923706055,39.11000061035156,38.68999862670898,38.959999084472656,22.764747619628903,1839100,920.75
2002-12-04,38.59000015258789,39.29999923706055,38.59000015258789,38.650001525878906,22.583606719970703,2816300,917.5800170898438
2002-12-05,38.9900016784668,38.9900016784668,38.27000045776367,38.34000015258789,22.4024715423584,1741500,906.5499877929688
2002-12-06,38.060001373291016,38.52000045776367,37.5,38.09000015258789,22.25640296936035,1949500,912.22998046875
2002-12-09,38.09000015258789,38.59999847412109,37.77000045776367,37.84999847412109,22.11617088317871,1905000,892.0
2002-12-10,38.09999847412109,38.47999954223633,37.81999969482422,38.45000076293945,22.46675682067871,1194700,904.4500122070312
2002-12-11,38.43999862670898,38.83000183105469,38.09999847412109,38.61000061035156,22.56023979187012,1653900,904.9600219726562
2002-12-12,38.61000061035156,38.68000030517578,38.0,38.22999954223633,22.33820343017578,1382200,901.5800170898438
2002-12-13,38.22999954223633,38.369998931884766,37.75,38.060001373291016,22.23887634277344,1699400,889.47998046875
2002-12-16,38.0,38.52999877929688,37.90999984741211,38.47999954223633,22.484281539916992,2150700,910.4000244140625
2002-12-17,38.25,38.52999877929688,38.08000183105469,38.150001525878906,22.291460037231445,1426500,902.989990234375
2002-12-18,38.09000015258789,38.2400016784668,37.650001525878906,37.97999954223633,22.19211769104004,1700200,891.1199951171875
2002-12-19,37.810001373291016,38.47999954223633,37.709999084472656,37.95000076293945,22.17460250854492,1788500,884.25
2002-12-20,38.150001525878906,38.459999084472656,38.0,38.2400016784668,22.344043731689453,2331400,895.760009765625
2002-12-23,38.290000915527344,38.5,37.880001068115234,38.060001373291016,22.23887634277344,1581300,897.3800048828125
2002-12-24,38.09999847412109,38.5,37.81999969482422,37.97999954223633,22.19211769104004,606700,892.469970703125
2002-12-26,38.150001525878906,38.720001220703125,37.84999847412109,38.09999847412109,22.262237548828125,1159000,889.6599731445312
2002-12-27,37.79999923706055,38.02000045776367,37.34999847412109,37.540000915527344,21.935028076171875,1592100,875.4000244140625
2002-12-30,37.459999084472656,37.709999084472656,36.900001525878906,37.29999923706055,21.7947940826416,2302600,879.3900146484375
2002-12-31,37.34999847412109,37.34999847412109,36.709999084472656,36.9900016784668,21.61366081237793,1738900,879.8200073242188
2003-01-02,37.400001525878906,38.060001373291016,37.09999847412109,37.959999084472656,22.18044090270996,1989500,909.030029296875
2003-01-03,37.959999084472656,38.27999877929688,37.72999954223633,38.02999877929688,22.221342086791992,1713000,908.5900268554688
2003-01-06,37.900001525878906,38.560001373291016,37.900001525878906,38.4900016784668,22.490129470825195,1989000,929.010009765625
2003-01-07,38.25,38.43000030517578,37.68000030517578,37.83000183105469,22.10447883605957,2278800,922.9299926757812
2003-01-08,37.75,37.9900016784668,37.40999984741211,37.59000015258789,21.96424102783203,1748700,909.9299926757812
2003-01-09,37.84000015258789,38.29999923706055,37.650001525878906,38.09999847412109,22.262237548828125,2329800,927.5700073242188
2003-01-10,37.84999847412109,38.20000076293945,37.650001525878906,38.150001525878906,22.291460037231445,2092100,927.5700073242188
2003-01-13,38.20000076293945,38.369998931884766,37.810001373291016,38.119998931884766,22.273927688598636,1784200,926.260009765625
2003-01-14,37.95000076293945,38.41999816894531,37.810001373291016,38.41999816894531,22.449220657348636,1435500,931.6599731445312
2003-01-15,37.900001525878906,38.0,37.369998931884766,37.52000045776367,21.9233455657959,2648500,918.219970703125
2003-01-16,37.75,37.77999877929688,37.18000030517578,37.43999862670898,21.87659454345703,1867600,914.5999755859375
2003-01-17,37.45000076293945,37.59000015258789,37.02000045776367,37.52000045776367,21.9233455657959,2159600,901.780029296875
2003-01-21,37.560001373291016,37.630001068115234,36.84999847412109,36.84999847412109,21.5318546295166,2131900,887.6199951171875
2003-01-22,36.79999923706055,37.25,36.22999954223633,36.27000045776367,21.19295692443848,2438800,878.3599853515625
2003-01-23,36.29999923706055,36.5,35.349998474121094,35.560001373291016,20.778106689453125,5561700,887.3400268554688
2003-01-24,34.5,35.56999969482422,33.75,34.290000915527344,20.0360164642334,5852200,861.4000244140625
2003-01-27,34.290000915527344,34.75,33.9900016784668,34.349998474121094,20.071083068847656,2662400,847.47998046875
2003-01-28,34.75,34.7599983215332,34.209999084472656,34.439998626708984,20.123666763305664,2746500,858.5399780273438
2003-01-29,34.150001525878906,34.689998626708984,33.90999984741211,34.54999923706055,20.18794059753418,2111200,864.3599853515625
2003-01-30,35.0,35.25,34.5099983215332,34.68000030517578,20.26390266418457,2511700,844.6099853515625
2003-01-31,34.5,35.290000915527344,34.470001220703125,35.189998626708984,20.5618953704834,2613700,855.7000122070312
2003-02-03,34.849998474121094,35.380001068115234,34.79999923706055,35.18000030517578,20.556055068969727,2365300,860.3200073242188
2003-02-04,34.349998474121094,34.5,33.380001068115234,34.4900016784668,20.15287971496582,3877100,848.2000122070312
2003-02-05,34.47999954223633,34.93000030517578,34.16999816894531,34.38999938964844,20.09444999694824,3419900,843.5900268554688
2003-02-06,34.400001525878906,34.400001525878906,31.299999237060547,32.02000045776367,18.70962905883789,11324900,838.1500244140625
2003-02-07,32.25,32.43000030517578,31.1200008392334,31.420000076293945,18.359041213989254,5934600,829.6900024414062
2003-02-10,31.700000762939453,31.850000381469727,31.270000457763672,31.82999992370605,18.598617553710938,2692100,835.969970703125
2003-02-11,32.25,32.290000915527344,31.350000381469727,31.5,18.405797958374023,2374300,829.2000122070312
2003-02-12,31.649999618530277,32.08000183105469,31.059999465942383,31.059999465942383,18.148691177368164,1620700,818.6799926757812
2003-02-13,31.25,31.86000061035156,31.25,31.700000762939453,18.52265167236328,2262700,817.3699951171875
2003-02-14,31.950000762939453,32.25,31.450000762939453,32.06999969482422,18.73885154724121,2773000,834.8900146484375
2003-02-18,32.0,32.29999923706055,31.459999084472656,31.690000534057617,18.51680564880371,2989600,851.1699829101562
2003-02-19,31.549999237060547,31.600000381469727,31.34000015258789,31.450000762939453,18.37657928466797,3020000,845.1300048828125
2003-02-20,31.81999969482422,31.81999969482422,31.459999084472656,31.459999084472656,18.382417678833008,2356200,837.0999755859375
2003-02-21,31.76000022888184,32.58000183105469,31.51000022888184,32.189998626708984,18.8089656829834,2826500,848.1699829101562
2003-02-24,32.220001220703125,32.220001220703125,31.700000762939453,31.84000015258789,18.604455947875977,1557400,832.5800170898438
2003-02-25,31.75,32.349998474121094,31.670000076293945,32.290000915527344,18.867403030395508,2321100,838.5700073242188
2003-02-26,32.08000183105469,32.150001525878906,31.43000030517578,31.5,18.537839889526367,1825200,827.5499877929688
2003-02-27,31.700000762939453,31.8700008392334,31.38999938964844,31.709999084472656,18.66142845153809,2877500,837.280029296875
2003-02-28,31.809999465942383,32.06999969482422,31.549999237060547,31.6299991607666,18.614337921142575,2658100,841.1500244140625
2003-03-03,31.979999542236328,32.22999954223633,31.709999084472656,31.8799991607666,18.76146697998047,2327300,834.8099975585938
2003-03-04,31.96999931335449,32.11000061035156,31.729999542236328,31.81999969482422,18.72615623474121,2789800,821.989990234375
2003-03-05,31.81999969482422,32.18000030517578,31.799999237060547,32.18000030517578,18.938011169433597,2651700,829.8499755859375
2003-03-06,32.099998474121094,32.15999984741211,31.799999237060547,31.8799991607666,18.76146697998047,2338500,822.0999755859375
2003-03-07,31.6299991607666,32.25,31.59000015258789,32.130001068115234,18.90859603881836,1949700,828.8900146484375
2003-03-10,31.950000762939453,32.0099983215332,31.170000076293945,31.26000022888184,18.39659309387207,1966600,807.47998046875
2003-03-11,31.549999237060547,31.6299991607666,30.799999237060547,30.86000061035156,18.161190032958984,2383500,800.72998046875
2003-03-12,30.700000762939453,30.799999237060547,30.049999237060547,30.68000030517578,18.05526733398437,2627600,804.1900024414062
2003-03-13,30.920000076293945,31.709999084472656,30.799999237060547,31.709999084472656,18.66142845153809,2289900,831.9000244140625
2003-03-14,31.739999771118164,32.349998474121094,31.57999992370605,31.899999618530277,18.773237228393555,2472800,833.27001953125
2003-03-17,31.899999618530277,32.939998626708984,31.75,32.939998626708984,19.385284423828125,1877100,862.7899780273438
2003-03-18,33.099998474121094,33.2400016784668,32.630001068115234,33.189998626708984,19.53240394592285,1960700,866.4500122070312
2003-03-19,33.04999923706055,33.38999938964844,32.689998626708984,33.189998626708984,19.53240394592285,1530200,874.02001953125
2003-03-20,32.849998474121094,33.650001525878906,32.709999084472656,33.47999954223633,19.703067779541016,1456700,875.6699829101562
2003-03-21,33.68000030517578,33.939998626708984,33.15999984741211,33.810001373291016,19.897275924682617,2210600,895.7899780273438
2003-03-24,33.810001373291016,33.810001373291016,32.61000061035156,32.84000015258789,19.32643318176269,1633800,864.22998046875
2003-03-25,32.91999816894531,33.220001220703125,32.560001373291016,32.900001525878906,19.361743927001957,1690200,874.739990234375
2003-03-26,32.650001525878906,33.04999923706055,32.54999923706055,32.779998779296875,19.291120529174805,1301700,869.9500122070312
2003-03-27,32.790000915527344,33.220001220703125,32.29999923706055,32.939998626708984,19.385284423828125,1514800,868.52001953125
2003-03-28,32.75,33.150001525878906,32.5,33.0,19.42059326171875,1000400,863.5
2003-03-31,33.0,33.630001068115234,32.79999923706055,33.16999816894531,19.520631790161133,2824900,848.1799926757812
2003-04-01,33.400001525878906,34.45000076293945,33.400001525878906,34.189998626708984,20.120908737182617,2391000,858.47998046875
2003-04-02,34.95000076293945,35.099998474121094,34.61000061035156,34.689998626708984,20.4151554107666,2480900,880.9000244140625
2003-04-03,34.939998626708984,35.04999923706055,34.34000015258789,34.689998626708984,20.4151554107666,2083300,876.4500122070312
2003-04-04,34.70000076293945,35.400001525878906,34.70000076293945,35.15999984741211,20.691762924194336,1912700,878.8499755859375
2003-04-07,36.25,36.41999816894531,35.09000015258789,35.150001525878906,20.68586540222168,3287000,879.9299926757812
2003-04-08,35.029998779296875,35.2400016784668,34.70000076293945,35.220001220703125,20.72706794738769,2651400,878.2899780273438
2003-04-09,35.619998931884766,35.88999938964844,35.2599983215332,35.34000015258789,20.797687530517575,2112800,865.989990234375
2003-04-10,35.400001525878906,35.400001525878906,34.79999923706055,35.220001220703125,20.72706794738769,1711700,871.5800170898438
2003-04-11,35.45000076293945,35.77000045776367,35.0,35.099998474121094,20.656435012817383,1167100,868.2999877929688
2003-04-14,35.54999923706055,36.0,35.38999938964844,35.9900016784668,21.18021583557129,2105900,885.22998046875
2003-04-15,35.95000076293945,36.34999847412109,35.63999938964844,35.939998626708984,21.150779724121094,2958800,890.8099975585938
2003-04-16,37.45000076293945,37.45000076293945,36.45000076293945,36.59999847412109,21.539203643798828,5310900,879.9099731445312
2003-04-17,36.84999847412109,37.4900016784668,36.790000915527344,37.470001220703125,22.05120849609375,3503900,893.5800170898438
2003-04-21,37.29999923706055,37.43999862670898,37.150001525878906,37.27999877929688,21.939376831054688,1982400,892.010009765625
2003-04-22,37.27999877929688,38.369998931884766,37.18000030517578,38.18999862670898,22.47492408752441,3393000,911.3699951171875
2003-04-23,38.18999862670898,38.40999984741211,37.91999816894531,38.40999984741211,22.604387283325195,1476200,919.02001953125
2003-04-24,38.40999984741211,38.40999984741211,37.2599983215332,37.61000061035156,22.13358688354492,1840800,911.4299926757812
2003-04-25,37.54999923706055,37.900001525878906,37.27999877929688,37.54999923706055,22.098285675048828,1794800,898.8099975585938
2003-04-28,37.560001373291016,38.27000045776367,37.4900016784668,38.0,22.36310195922852,1958800,914.8400268554688
2003-04-29,38.0,38.150001525878906,37.400001525878906,37.400001525878906,22.01000022888184,2894200,917.8400268554688
2003-04-30,37.54999923706055,38.06999969482422,37.27000045776367,37.790000915527344,22.23951911926269,2546900,916.9199829101562
2003-05-01,37.79999923706055,38.27000045776367,37.560001373291016,38.18999862670898,22.47492408752441,1715500,916.2999877929688
2003-05-02,37.84999847412109,38.650001525878906,37.84999847412109,38.34999847412109,22.569076538085938,1705900,930.0800170898438
2003-05-05,38.59999847412109,38.650001525878906,37.84000015258789,38.060001373291016,22.39841079711914,1683700,926.5499877929688
2003-05-06,38.060001373291016,38.060001373291016,36.810001373291016,37.0,21.77460479736328,4646000,934.3900146484375
2003-05-07,37.0,37.18999862670898,36.59999847412109,36.900001525878906,21.71575164794922,2148300,929.6199951171875
2003-05-08,36.5,36.900001525878906,36.09000015258789,36.25,21.333232879638672,2313200,920.27001953125
2003-05-09,36.2599983215332,36.52999877929688,35.939998626708984,36.31999969482422,21.374412536621094,2351800,933.4099731445312
2003-05-12,36.16999816894531,36.560001373291016,35.939998626708984,36.459999084472656,21.456811904907227,2403900,945.1099853515625
2003-05-13,36.650001525878906,36.79999923706055,36.25,36.380001068115234,21.40973472595215,2447200,942.2999877929688
2003-05-14,36.75,36.7599983215332,36.31999969482422,36.4900016784668,21.474462509155277,2389400,939.280029296875
2003-05-15,36.72999954223633,36.97999954223633,36.5,36.58000183105469,21.52743148803711,2272200,946.6699829101562
2003-05-16,36.58000183105469,37.08000183105469,36.470001220703125,36.720001220703125,21.60982131958008,2113100,944.2999877929688
2003-05-19,36.52999877929688,36.59000015258789,36.0,36.16999816894531,21.28614616394043,2632100,920.77001953125
2003-05-20,36.119998931884766,36.16999816894531,35.5099983215332,35.65999984741211,20.98600959777832,3068100,919.72998046875
2003-05-21,35.52000045776367,35.84000015258789,34.95000076293945,35.400001525878906,20.832992553710938,2376300,923.4199829101562
2003-05-22,35.650001525878906,35.849998474121094,34.869998931884766,35.06999969482422,20.638792037963867,3391900,931.8699951171875
2003-05-23,35.06999969482422,35.099998474121094,34.849998474121094,34.97999954223633,20.585826873779297,2865200,933.219970703125
2003-05-27,35.099998474121094,35.439998626708984,34.880001068115234,35.29999923706055,20.774154663085938,2980300,951.47998046875
2003-05-28,35.13999938964844,35.70000076293945,35.099998474121094,35.36000061035156,20.9459285736084,2857500,953.219970703125
2003-05-29,35.369998931884766,35.68000030517578,34.9900016784668,35.0,20.73267936706543,2913200,949.6400146484375
2003-05-30,35.29999923706055,36.150001525878906,35.2400016784668,35.9900016784668,21.319128036499023,3596300,963.5900268554688
2003-06-02,36.34000015258789,36.59999847412109,36.0,36.040000915527344,21.348737716674805,2781100,967.0
2003-06-03,36.20000076293945,36.27000045776367,35.33000183105469,35.869998931884766,21.24804306030273,2372000,971.5599975585938
2003-06-04,35.900001525878906,36.09999847412109,35.7400016784668,36.0099983215332,21.330963134765625,1870900,986.239990234375
2003-06-05,36.29999923706055,36.34000015258789,35.70000076293945,35.75,21.17694854736328,3229600,990.1400146484375
2003-06-06,36.09999847412109,36.540000915527344,35.970001220703125,36.060001373291016,21.36058235168457,2701700,987.760009765625
2003-06-09,36.060001373291016,36.36000061035156,35.20000076293945,35.38999938964844,20.963701248168945,2777000,975.9299926757812
2003-06-10,35.29999923706055,35.630001068115234,34.90999984741211,35.25,20.880779266357425,2684300,984.8400268554688
2003-06-11,35.0,35.36000061035156,34.54999923706055,35.36000061035156,20.9459285736084,4428500,997.47998046875
2003-06-12,35.79999923706055,36.0099983215332,35.599998474121094,35.849998474121094,21.23618507385254,2432500,998.510009765625
2003-06-13,36.0,36.18000030517578,35.720001220703125,36.04999923706055,21.354660034179688,1606200,988.6099853515625
2003-06-16,36.29999923706055,37.130001068115234,36.290000915527344,37.0,21.917407989501957,3118800,1010.739990234375
2003-06-17,37.04999923706055,37.13999938964844,36.7400016784668,36.91999816894531,21.870018005371094,2023800,1011.6599731445312
2003-06-18,36.93000030517578,36.97999954223633,36.400001525878906,36.630001068115234,21.69823265075684,1809900,1010.0900268554688
2003-06-19,36.70000076293945,36.81999969482422,36.04999923706055,36.20000076293945,21.44352149963379,1989100,994.7000122070312
2003-06-20,36.43000030517578,36.720001220703125,36.20000076293945,36.54999923706055,21.65083885192871,2740900,995.6900024414062
2003-06-23,36.47999954223633,36.650001525878906,36.09000015258789,36.18999862670898,21.43760108947754,1722000,981.6400146484375
2003-06-24,36.27999877929688,36.75,36.18000030517578,36.56999969482422,21.662687301635746,2498600,983.4500122070312
2003-06-25,36.84999847412109,37.04999923706055,36.45000076293945,36.5,21.621227264404297,3199600,975.3200073242188
2003-06-26,36.5,36.77000045776367,36.2599983215332,36.66999816894531,21.721925735473636,2131900,985.8200073242188
2003-06-27,36.5,36.68000030517578,36.119998931884766,36.29999923706055,21.50275421142578,2370200,976.219970703125
2003-06-30,36.59999847412109,36.66999816894531,35.650001525878906,35.650001525878906,21.117721557617188,2880200,974.5
2003-07-01,36.70000076293945,37.04999923706055,36.40999984741211,36.95000076293945,21.88779640197754,3400500,982.3200073242188
2003-07-02,37.0,37.88999938964844,36.95000076293945,37.75,22.361671447753903,3478700,993.75
2003-07-03,37.5,38.0099983215332,37.34000015258789,37.59999847412109,22.2728214263916,1444000,985.7000122070312
2003-07-07,37.79999923706055,38.29999923706055,37.7599983215332,38.02999877929688,22.527530670166016,2240400,1004.4199829101562
2003-07-08,38.02999877929688,38.31999969482422,37.84000015258789,38.25,22.657873153686523,1582600,1007.8400268554688
2003-07-09,38.04999923706055,38.5,37.86000061035156,38.41999816894531,22.75855255126953,2724400,1002.2100219726562
2003-07-10,38.02999877929688,38.08000183105469,37.18000030517578,37.560001373291016,22.24912452697754,2386700,988.7000122070312
2003-07-11,37.650001525878906,37.93999862670898,37.630001068115234,37.77000045776367,22.37352561950684,1380400,998.1400146484375
2003-07-14,38.0,38.220001220703125,37.70000076293945,37.79999923706055,22.391284942626957,1405900,1003.8599853515625
2003-07-15,37.900001525878906,38.0,37.5099983215332,37.68000030517578,22.320209503173828,2212500,1000.4199829101562
2003-07-16,37.68000030517578,37.79999923706055,37.22999954223633,37.5,22.213592529296875,2118500,994.0900268554688
2003-07-17,38.0,39.310001373291016,38.0,39.2400016784668,23.244287490844727,5477700,981.72998046875
2003-07-18,39.5,39.63999938964844,38.79999923706055,39.290000915527344,23.2739200592041,3891000,993.3200073242188
2003-07-21,39.290000915527344,39.290000915527344,38.52000045776367,38.810001373291016,22.989582061767575,2268800,978.7999877929688
2003-07-22,38.810001373291016,38.95000076293945,38.43000030517578,38.61000061035156,22.87110137939453,2010800,988.1099853515625
2003-07-23,38.310001373291016,38.400001525878906,37.93999862670898,38.27000045776367,22.66970634460449,2375700,988.6099853515625
2003-07-24,38.5,38.900001525878906,38.2400016784668,38.33000183105469,22.705249786376957,2441100,981.5999755859375
2003-07-25,38.34999847412109,39.0,38.209999084472656,39.0,23.102123260498047,2026600,998.6799926757812
2003-07-28,38.59999847412109,38.7400016784668,38.02000045776367,38.34999847412109,22.71708869934082,2837100,996.52001953125
2003-07-29,38.5,38.5,37.79999923706055,38.150001525878906,22.5986270904541,2162200,989.280029296875
2003-07-30,38.5,38.5,38.11000061035156,38.22999954223633,22.6460075378418,2053800,987.489990234375
2003-07-31,38.630001068115234,38.630001068115234,37.95000076293945,38.02999877929688,22.527530670166016,2869500,990.3099975585938
2003-08-01,37.95000076293945,38.13999938964844,37.09999847412109,37.560001373291016,22.24912452697754,1992800,980.1500244140625
2003-08-04,37.20000076293945,37.27000045776367,36.709999084472656,36.7599983215332,21.77524185180664,3145600,982.8200073242188
2003-08-05,36.63999938964844,37.04999923706055,35.9900016784668,36.36000061035156,21.538291931152344,2474100,965.4600219726562
2003-08-06,36.34999847412109,36.790000915527344,36.2599983215332,36.43999862670898,21.585693359375,2702400,967.0800170898438
2003-08-07,36.459999084472656,36.84999847412109,36.369998931884766,36.75,21.76931571960449,2094800,974.1199951171875
2003-08-08,36.93000030517578,36.9900016784668,36.720001220703125,36.77000045776367,21.781164169311523,1448300,977.5900268554688
2003-08-11,36.77000045776367,36.77000045776367,35.91999816894531,36.04999923706055,21.354660034179688,3564600,980.5900268554688
2003-08-12,36.09999847412109,36.13999938964844,35.650001525878906,35.959999084472656,21.30134391784668,3637400,990.3499755859375
2003-08-13,36.0,36.2400016784668,35.779998779296875,35.88999938964844,21.2598876953125,2378300,984.030029296875
2003-08-14,35.849998474121094,36.31999969482422,35.72999954223633,36.13999938964844,21.40797233581543,2829900,990.510009765625
2003-08-15,36.34999847412109,36.34999847412109,36.02000045776367,36.20000076293945,21.44352149963379,1280500,990.6699829101562
2003-08-18,36.20000076293945,36.380001068115234,36.08000183105469,36.18000030517578,21.431671142578125,1511900,999.739990234375
2003-08-19,36.18000030517578,36.290000915527344,35.90999984741211,36.02000045776367,21.336896896362305,1519200,1002.3499755859375
2003-08-20,35.779998779296875,36.4900016784668,35.779998779296875,36.31999969482422,21.51460075378418,2631400,1000.2999877929688
2003-08-21,37.0,37.2400016784668,36.709999084472656,36.810001373291016,21.80484771728516,2875900,1003.27001953125
2003-08-22,37.04999923706055,37.13999938964844,36.25,36.27000045776367,21.48497772216797,2053500,993.0599975585938
2003-08-25,36.119998931884766,36.2400016784668,35.9900016784668,36.060001373291016,21.36058235168457,1469200,993.7100219726562
2003-08-26,36.04999923706055,36.209999084472656,35.70000076293945,36.09000015258789,21.37835502624512,2205800,996.72998046875
2003-08-27,35.97999954223633,35.97999954223633,35.41999816894531,35.5099983215332,21.169708251953125,3375200,996.7899780273438
2003-08-28,35.45000076293945,35.65999984741211,35.20000076293945,35.560001373291016,21.199506759643555,2646700,1002.8400268554688
2003-08-29,35.25,35.7599983215332,35.150001525878906,35.75,21.31277847290039,1683300,1008.010009765625
2003-09-02,35.900001525878906,36.29999923706055,35.63999938964844,36.16999816894531,21.56315803527832,2142300,1021.989990234375
2003-09-03,36.29999923706055,36.75,36.25,36.59000015258789,21.813554763793945,2266300,1026.27001953125
2003-09-04,36.4900016784668,36.86000061035156,36.4900016784668,36.79999923706055,21.93874931335449,2214700,1027.969970703125
2003-09-05,36.54999923706055,36.91999816894531,36.54999923706055,36.79999923706055,21.93874931335449,1891200,1021.3900146484375
2003-09-08,36.81999969482422,37.34999847412109,36.79999923706055,37.09000015258789,22.11164093017578,1932200,1031.6400146484375
2003-09-09,36.95000076293945,37.18000030517578,36.84000015258789,36.91999816894531,22.01028633117676,2083100,1023.1699829101562
2003-09-10,37.0,37.369998931884766,36.91999816894531,37.02000045776367,22.06989479064941,2004400,1010.9199829101562
2003-09-11,37.04999923706055,37.27999877929688,36.20000076293945,36.56999969482422,21.801624298095703,3236300,1016.4199829101562
2003-09-12,36.29999923706055,36.29999923706055,35.75,35.9900016784668,21.455860137939453,2853000,1018.6300048828125
2003-09-15,35.650001525878906,35.79999923706055,34.880001068115234,35.560001373291016,21.199506759643555,4010700,1014.8099975585938
2003-09-16,35.70000076293945,37.0,35.599998474121094,36.86000061035156,21.974515914916992,5001600,1029.3199462890625
2003-09-17,36.79999923706055,36.84999847412109,36.40999984741211,36.43999862670898,21.72412872314453,1663000,1025.969970703125
2003-09-18,36.43999862670898,37.15999984741211,36.34000015258789,36.95000076293945,22.02816390991211,2867000,1039.5799560546875
2003-09-19,37.09999847412109,37.59999847412109,36.68000030517578,37.47999954223633,22.344146728515625,3205400,1036.300048828125
2003-09-22,37.29999923706055,37.41999816894531,37.040000915527344,37.220001220703125,22.18913078308105,1743600,1022.8200073242188
2003-09-23,37.16999816894531,37.47999954223633,37.06999969482422,37.45000076293945,22.326250076293945,1258700,1029.030029296875
2003-09-24,37.29999923706055,37.43999862670898,36.66999816894531,36.70000076293945,21.879127502441406,2081700,1009.3800048828125
2003-09-25,36.900001525878906,37.0,36.47999954223633,36.4900016784668,21.753931045532227,1853600,1003.27001953125
2003-09-26,36.5,36.70000076293945,36.18000030517578,36.5,21.759889602661133,1726700,996.8499755859375
2003-09-29,36.5,36.7599983215332,36.400001525878906,36.61000061035156,21.825475692749023,2407100,1006.5800170898438
2003-09-30,36.66999816894531,36.70000076293945,36.25,36.52999877929688,21.77778625488281,2494800,995.969970703125
2003-10-01,36.59999847412109,37.38999938964844,36.560001373291016,37.29999923706055,22.236839294433597,2562300,1018.219970703125
2003-10-02,37.29999923706055,37.59999847412109,37.09999847412109,37.380001068115234,22.284521102905277,2094400,1020.239990234375
2003-10-03,37.380001068115234,37.970001220703125,37.380001068115234,37.63999938964844,22.43952369689941,2127100,1029.8499755859375
2003-10-06,37.630001068115234,37.95000076293945,37.380001068115234,37.77999877929688,22.522985458374023,1136000,1034.3499755859375
2003-10-07,37.54999923706055,38.0,37.400001525878906,38.0,22.654142379760746,1372700,1039.25
2003-10-08,37.93999862670898,38.29999923706055,37.79999923706055,38.290000915527344,22.827016830444336,1851500,1033.780029296875
2003-10-09,38.540000915527344,38.75,38.06999969482422,38.27000045776367,22.81511116027832,1943600,1038.72998046875
2003-10-10,38.02999877929688,38.18000030517578,37.84999847412109,37.95000076293945,22.624330520629883,1052900,1038.06005859375
2003-10-13,38.20000076293945,39.0,37.90999984741211,37.95000076293945,22.624330520629883,2388200,1045.3499755859375
2003-10-14,37.900001525878906,38.709999084472656,37.70000076293945,38.70000076293945,23.071447372436523,3285100,1049.47998046875
2003-10-15,39.400001525878906,39.400001525878906,38.77999877929688,39.16999816894531,23.351642608642575,4001300,1046.760009765625
2003-10-16,40.040000915527344,40.34999847412109,39.75,39.900001525878906,23.786849975585938,7839600,1050.0699462890625
2003-10-17,39.900001525878906,40.290000915527344,39.869998931884766,40.04999923706055,23.87626838684082,6266900,1039.3199462890625
2003-10-20,40.06999969482422,40.38999938964844,39.93000030517578,40.130001068115234,23.92395401000977,3010600,1044.6800537109375
2003-10-21,40.25,40.43999862670898,39.84999847412109,40.25,23.995508193969727,3368700,1046.030029296875
2003-10-22,40.25,40.25,39.880001068115234,39.9900016784668,23.84049415588379,3009000,1030.3599853515625
2003-10-23,39.84000015258789,40.20000076293945,39.59000015258789,39.9900016784668,23.84049415588379,2479300,1033.77001953125
2003-10-24,39.9900016784668,40.09999847412109,39.06999969482422,39.95000076293945,23.81666374206543,2216900,1028.9100341796875
2003-10-27,40.09999847412109,40.2400016784668,39.369998931884766,39.84000015258789,23.751081466674805,2779500,1031.1300048828125
2003-10-28,39.84000015258789,39.84000015258789,39.29999923706055,39.7599983215332,23.703388214111328,3845200,1046.7900390625
2003-10-29,39.75,40.31999969482422,39.54999923706055,40.2400016784668,23.98954200744629,4101600,1048.1099853515625
2003-10-30,40.2400016784668,40.2400016784668,39.4900016784668,39.59000015258789,23.602039337158203,3105200,1046.93994140625
2003-10-31,39.720001220703125,39.90999984741211,39.5,39.5,23.548383712768555,2410300,1050.7099609375
2003-11-03,39.5,40.2400016784668,39.45000076293945,40.08000183105469,23.89414978027344,2620400,1059.02001953125
2003-11-04,40.09000015258789,40.380001068115234,39.77999877929688,40.27999877929688,24.013389587402344,3029900,1053.25
2003-11-05,40.25,40.45000076293945,39.9900016784668,40.41999816894531,24.09685707092285,2756300,1051.81005859375
2003-11-06,40.47999954223633,40.5,40.22999954223633,40.47999954223633,24.13262367248535,1770600,1058.050048828125
2003-11-07,40.47999954223633,40.880001068115234,40.459999084472656,40.47999954223633,24.13262367248535,2467300,1053.2099609375
2003-11-10,40.619998931884766,40.619998931884766,40.2599983215332,40.5,24.144561767578125,1432000,1047.1099853515625
2003-11-11,40.5099983215332,40.7400016784668,40.459999084472656,40.70000076293945,24.26377487182617,1391100,1046.5699462890625
2003-11-12,40.70000076293945,40.72999954223633,40.34000015258789,40.459999084472656,24.12069702148437,1492500,1058.530029296875
2003-11-13,40.459999084472656,40.459999084472656,40.04999923706055,40.25,23.995508193969727,1679800,1058.4100341796875
2003-11-14,40.400001525878906,41.25,40.22999954223633,40.880001068115234,24.37108612060547,2789600,1050.3499755859375
2003-11-17,40.650001525878906,40.65999984741211,40.18999862670898,40.56999969482422,24.186267852783203,2133500,1043.6300048828125
2003-11-18,40.5,40.52000045776367,39.7400016784668,39.83000183105469,23.745115280151367,2579100,1034.1500244140625
2003-11-19,39.70000076293945,39.90999984741211,39.70000076293945,39.79999923706055,23.72722816467285,2188700,1042.43994140625
2003-11-20,39.79999923706055,40.08000183105469,39.56999969482422,39.93000030517578,23.804733276367188,1989900,1033.6500244140625
2003-11-21,40.0,40.09999847412109,39.720001220703125,40.02000045776367,23.85838890075684,2429700,1035.280029296875
2003-11-24,40.18000030517578,40.4900016784668,40.119998931884766,40.369998931884766,24.06705093383789,1938000,1052.0799560546875
2003-11-25,40.02000045776367,40.5099983215332,39.9900016784668,40.38999938964844,24.222978591918945,1815600,1053.8900146484375
2003-11-26,40.54999923706055,40.560001373291016,40.130001068115234,40.52000045776367,24.300933837890625,1412900,1058.449951171875
2003-11-28,40.52000045776367,40.58000183105469,40.380001068115234,40.380001068115234,24.216976165771484,603600,1058.199951171875
2003-12-01,40.45000076293945,41.11000061035156,40.40999984741211,41.040000915527344,24.612796783447266,2643200,1070.1199951171875
2003-12-02,41.06999969482422,41.13999938964844,40.63999938964844,40.81999969482422,24.48085594177246,1362600,1066.6199951171875
2003-12-03,40.58000183105469,40.83000183105469,40.34999847412109,40.40999984741211,24.234962463378903,1664200,1064.72998046875
2003-12-04,40.40999984741211,40.77000045776367,40.34000015258789,40.720001220703125,24.420883178710938,1379700,1069.719970703125
2003-12-05,40.720001220703125,40.900001525878906,40.54999923706055,40.709999084472656,24.41488647460937,1784400,1061.5
2003-12-08,40.65999984741211,41.09000015258789,40.2599983215332,40.970001220703125,24.57081413269043,1496700,1069.300048828125
2003-12-09,41.119998931884766,41.119998931884766,40.77000045776367,40.84999847412109,24.498851776123047,1902100,1060.1800537109375
2003-12-10,40.86000061035156,40.97999954223633,40.59999847412109,40.709999084472656,24.41488647460937,1758800,1059.050048828125
2003-12-11,40.900001525878906,41.91999816894531,40.75,41.75,25.038612365722656,3578200,1071.2099609375
2003-12-12,41.880001068115234,41.97999954223633,41.540000915527344,41.900001525878906,25.12856674194336,1895500,1074.1400146484375
2003-12-15,42.0,42.04999923706055,41.36000061035156,41.400001525878906,24.828697204589844,2090000,1068.0400390625
2003-12-16,41.70000076293945,41.77999877929688,41.33000183105469,41.75,25.038612365722656,2803200,1075.1300048828125
2003-12-17,41.81999969482422,41.84000015258789,41.630001068115234,41.70000076293945,25.008623123168945,1860500,1076.47998046875
2003-12-18,41.84000015258789,42.34000015258789,41.5099983215332,42.27000045776367,25.3504638671875,2428300,1089.1800537109375
2003-12-19,42.5,42.560001373291016,42.27000045776367,42.5099983215332,25.494400024414062,2622100,1088.6600341796875
2003-12-22,42.29999923706055,42.75,42.209999084472656,42.36000061035156,25.40442657470703,2668900,1092.93994140625
2003-12-23,42.41999816894531,42.650001525878906,41.93999862670898,42.11000061035156,25.254505157470703,2755900,1096.02001953125
2003-12-24,42.25,42.40999984741211,42.0099983215332,42.27000045776367,25.3504638671875,699300,1094.0400390625
2003-12-26,42.31999969482422,42.459999084472656,42.25,42.33000183105469,25.38644218444824,538500,1095.8900146484375
2003-12-29,42.5,42.59999847412109,42.25,42.59000015258789,25.54237174987793,1601100,1109.47998046875
2003-12-30,42.75,43.20000076293945,42.650001525878906,43.02999877929688,25.80625343322754,2422900,1109.6400146484375
2003-12-31,43.15999984741211,43.27000045776367,42.810001373291016,43.02000045776367,25.800264358520508,1488100,1111.9200439453125
2004-01-02,43.34999847412109,43.88999938964844,43.209999084472656,43.459999084472656,26.06413459777832,2082300,1108.47998046875
2004-01-05,43.5,43.540000915527344,42.810001373291016,43.02999877929688,25.80625343322754,2694500,1122.219970703125
2004-01-06,43.04999923706055,43.04999923706055,42.560001373291016,42.709999084472656,25.614334106445312,2451200,1123.6700439453125
2004-01-07,42.77000045776367,43.13999938964844,42.54999923706055,43.060001373291016,25.82423973083496,2732900,1126.3299560546875
2004-01-08,43.310001373291016,43.43999862670898,43.04999923706055,43.380001068115234,26.01616668701172,1921200,1131.9200439453125
2004-01-09,43.70000076293945,44.29999923706055,43.68000030517578,44.02000045776367,26.399978637695312,3133000,1121.8599853515625
2004-01-12,44.0,44.470001220703125,43.900001525878906,44.33000183105469,26.585906982421875,1995700,1127.22998046875
2004-01-13,44.33000183105469,44.52999877929688,43.93000030517578,44.27999877929688,26.555906295776367,1530600,1121.219970703125
2004-01-14,44.25,44.84000015258789,44.09999847412109,44.61000061035156,26.753812789916992,1971200,1130.52001953125
2004-01-15,44.619998931884766,44.900001525878906,44.400001525878906,44.61000061035156,26.753812789916992,1502700,1132.050048828125
2004-01-16,44.61000061035156,44.75,44.20000076293945,44.70000076293945,26.80779838562012,24793300,1139.8299560546875
2004-01-20,44.54999923706055,44.54999923706055,43.900001525878906,44.13999938964844,26.47195625305176,2803000,1138.77001953125
2004-01-21,45.0,45.25,44.68000030517578,45.15999984741211,27.08367156982422,4021400,1147.6199951171875
2004-01-22,45.18999862670898,45.20000076293945,44.619998931884766,44.97999954223633,26.9757137298584,1923400,1143.93994140625
2004-01-23,44.9900016784668,45.33000183105469,44.47999954223633,44.88999938964844,26.9217472076416,1339000,1141.550048828125
2004-01-26,45.09999847412109,45.68000030517578,45.09000015258789,45.63999938964844,27.37154006958008,2712600,1155.3699951171875
2004-01-27,45.38999938964844,45.54999923706055,45.0,45.18999862670898,27.10165023803711,1964800,1144.050048828125
2004-01-28,45.20000076293945,45.790000915527344,45.0,45.040000915527344,27.01171112060547,2151400,1128.47998046875
2004-01-29,45.20000076293945,45.5,44.619998931884766,44.83000183105469,26.885765075683597,2429200,1134.1099853515625
2004-01-30,44.83000183105469,45.52999877929688,44.68999862670898,45.459999084472656,27.263582229614254,2060300,1131.1300048828125
2004-02-02,45.459999084472656,46.02000045776367,45.45000076293945,45.91999816894531,27.53946304321289,2415500,1135.260009765625
2004-02-03,45.75,45.91999816894531,45.27999877929688,45.43999862670898,27.251604080200195,2507600,1136.030029296875
2004-02-04,45.43999862670898,45.43999862670898,44.70000076293945,44.790000915527344,26.861764907836918,2883700,1126.52001953125
2004-02-05,45.09999847412109,45.5,44.79999923706055,45.36000061035156,27.203611373901367,4108500,1128.5899658203125
2004-02-06,45.47999954223633,46.52000045776367,45.400001525878906,46.5099983215332,27.89330673217773,3501200,1142.760009765625
2004-02-09,46.09999847412109,46.650001525878906,45.95000076293945,46.310001373291016,27.77335357666016,2419900,1139.81005859375
2004-02-10,46.34999847412109,46.81999969482422,46.34000015258789,46.63999938964844,27.971271514892575,2864000,1145.5400390625
2004-02-11,46.52000045776367,47.06999969482422,46.34999847412109,47.040000915527344,28.21116065979004,2551700,1157.760009765625
2004-02-12,46.79999923706055,46.869998931884766,46.25,46.56999969482422,27.929279327392575,1623900,1152.1099853515625
2004-02-13,46.59999847412109,47.18999862670898,46.470001220703125,46.72999954223633,28.025230407714844,2620400,1145.81005859375
2004-02-17,46.75,47.0,46.4900016784668,46.650001525878906,27.97725296020508,1895800,1156.989990234375
2004-02-18,46.72999954223633,46.81999969482422,46.31999969482422,46.470001220703125,27.86932182312012,1222400,1151.8199462890625
2004-02-19,46.79999923706055,46.84000015258789,46.27999877929688,46.45000076293945,27.857324600219727,1756900,1147.06005859375
2004-02-20,46.70000076293945,46.70000076293945,46.150001525878906,46.54999923706055,27.91729736328125,2679100,1144.1099853515625
2004-02-23,46.56999969482422,46.630001068115234,45.970001220703125,46.25,27.73737525939941,2043200,1140.989990234375
2004-02-24,46.0,46.09000015258789,45.75,45.93999862670898,27.55145072937012,2793800,1139.0899658203125
2004-02-25,45.86000061035156,45.88999938964844,45.38999938964844,45.52000045776367,27.46699523925781,2288200,1143.6700439453125
2004-02-26,45.40999984741211,45.79999923706055,45.18000030517578,45.7400016784668,27.599733352661133,1931300,1144.9100341796875
2004-02-27,45.75,46.150001525878906,45.540000915527344,45.630001068115234,27.533367156982425,1931600,1144.93994140625
2004-03-01,45.630001068115234,45.709999084472656,45.02999877929688,45.119998931884766,27.22562599182129,4187600,1155.969970703125
2004-03-02,45.25,45.25,44.5,44.56999969482422,26.89376449584961,4913600,1149.0999755859375
2004-03-03,44.619998931884766,44.7599983215332,44.43000030517578,44.47999954223633,26.83943748474121,4734400,1151.030029296875
2004-03-04,44.52999877929688,44.619998931884766,44.45000076293945,44.5,26.85151672363281,2811600,1154.8699951171875
2004-03-05,44.45000076293945,44.61000061035156,44.36000061035156,44.45000076293945,26.821338653564453,3437600,1156.8599853515625
2004-03-08,44.5,45.27999877929688,44.4900016784668,45.0,27.15321159362793,3096300,1147.199951171875
2004-03-09,45.02000045776367,45.56999969482422,45.0099983215332,45.13999938964844,27.23768424987793,4045600,1140.5799560546875
2004-03-10,45.41999816894531,45.459999084472656,44.68000030517578,44.84999847412109,27.06269836425781,2581200,1123.8900146484375
2004-03-11,44.68000030517578,44.880001068115234,43.959999084472656,44.04999923706055,26.5799617767334,3211300,1106.780029296875
2004-03-12,44.34999847412109,44.75,44.34999847412109,44.650001525878906,26.9420223236084,2741500,1120.5699462890625
2004-03-15,44.56999969482422,44.650001525878906,43.90999984741211,43.93999862670898,26.513599395751957,2706900,1104.489990234375
2004-03-16,44.16999816894531,44.400001525878906,44.150001525878906,44.36000061035156,26.767032623291016,2372000,1110.699951171875
2004-03-17,44.45000076293945,44.68000030517578,44.310001373291016,44.560001373291016,26.887714385986328,1632700,1123.75
2004-03-18,44.560001373291016,45.0,44.310001373291016,44.790000915527344,27.0264892578125,1641300,1122.3199462890625
2004-03-19,44.79999923706055,45.22999954223633,44.4900016784668,44.7599983215332,27.00839614868164,2117700,1109.780029296875
2004-03-22,44.20000076293945,44.40999984741211,44.0099983215332,44.36000061035156,26.767032623291016,2084900,1095.4000244140625
2004-03-23,44.380001068115234,44.54999923706055,44.15999984741211,44.45000076293945,26.821338653564453,2102400,1093.949951171875
2004-03-24,44.34999847412109,44.560001373291016,43.70000076293945,43.77000045776367,26.411035537719727,2708800,1091.3299560546875
2004-03-25,44.77000045776367,45.09000015258789,44.04999923706055,44.93999862670898,27.11700439453125,3001100,1109.18994140625
2004-03-26,44.93999862670898,45.220001220703125,44.709999084472656,44.7599983215332,27.00839614868164,2267600,1108.06005859375
2004-03-29,44.900001525878906,45.52000045776367,44.880001068115234,45.36000061035156,27.37043571472168,2052900,1122.469970703125
2004-03-30,45.36000061035156,45.400001525878906,45.150001525878906,45.36000061035156,27.37043571472168,1565200,1127.0
2004-03-31,45.5,45.630001068115234,45.060001373291016,45.459999084472656,27.43077278137207,2090700,1126.2099609375
2004-04-01,45.7400016784668,46.45000076293945,45.66999816894531,46.18999862670898,27.87125396728516,3235700,1132.1700439453125
2004-04-02,46.56999969482422,46.59999847412109,46.0099983215332,46.11000061035156,27.822996139526367,2666300,1141.81005859375
2004-04-05,46.11000061035156,46.52999877929688,46.11000061035156,46.5,28.058313369750977,1978900,1150.5699462890625
2004-04-06,46.34999847412109,46.400001525878906,45.9900016784668,46.15999984741211,27.8531494140625,1387900,1148.1600341796875
2004-04-07,45.95000076293945,46.119998931884766,45.65999984741211,45.84999847412109,27.66610717773437,1707200,1140.530029296875
2004-04-08,47.25,47.97999954223633,47.20000076293945,47.84999847412109,28.87291145324707,6027000,1139.3199462890625
2004-04-12,47.97999954223633,48.15999984741211,47.18999862670898,47.47999954223633,28.649662017822266,3097300,1145.199951171875
2004-04-13,47.59999847412109,47.59999847412109,46.84999847412109,46.95000076293945,28.329835891723636,2641200,1129.43994140625
2004-04-14,46.650001525878906,47.400001525878906,46.54999923706055,47.040000915527344,28.38416290283203,2785400,1128.1700439453125
2004-04-15,46.84999847412109,46.970001220703125,46.34000015258789,46.66999816894531,28.1609001159668,2640600,1128.8399658203125
2004-04-16,47.09999847412109,47.380001068115234,46.959999084472656,47.20000076293945,28.48070907592773,1891400,1134.6099853515625
2004-04-19,47.22999954223633,47.29999923706055,46.88999938964844,47.040000915527344,28.38416290283203,1651000,1135.8199462890625
2004-04-20,47.400001525878906,47.400001525878906,46.2400016784668,46.2400016784668,27.901443481445312,2111300,1118.1500244140625
2004-04-21,46.34999847412109,46.540000915527344,45.220001220703125,46.0,27.756610870361328,2859800,1124.0899658203125
2004-04-22,45.70000076293945,47.7400016784668,45.5099983215332,46.68999862670898,28.172975540161133,3211900,1139.9300537109375
2004-04-23,46.68999862670898,46.7400016784668,46.2599983215332,46.5,28.058313369750977,2182100,1140.5999755859375
2004-04-26,46.5,46.79999923706055,46.31999969482422,46.40999984741211,28.00400924682617,1902700,1135.530029296875
2004-04-27,46.68999862670898,47.25,46.63999938964844,46.81999969482422,28.25141906738281,2204200,1138.1099853515625
2004-04-28,46.84999847412109,46.880001068115234,46.150001525878906,46.220001220703125,27.88937187194824,1887600,1122.4100341796875
2004-04-29,45.88999938964844,46.9900016784668,45.88999938964844,45.970001220703125,27.738523483276367,2177400,1113.8900146484375
2004-04-30,46.13999938964844,46.34999847412109,45.83000183105469,45.900001525878906,27.69628143310547,1699900,1107.300048828125
2004-05-03,45.86000061035156,46.38999938964844,45.77000045776367,46.29999923706055,27.93763732910156,1992700,1117.489990234375
2004-05-04,46.130001068115234,46.75,45.790000915527344,46.209999084472656,27.88332939147949,2395600,1119.550048828125
2004-05-05,46.18000030517578,46.52000045776367,46.0099983215332,46.040000915527344,27.780746459960938,1599000,1121.530029296875
2004-05-06,45.9900016784668,45.9900016784668,45.22999954223633,45.61000061035156,27.52129364013672,2609200,1113.989990234375
2004-05-07,45.400001525878906,45.59999847412109,44.75,44.77999877929688,27.02046585083008,3120000,1098.699951171875
2004-05-10,44.25,44.68000030517578,43.70000076293945,44.20000076293945,26.670494079589844,3553700,1087.1199951171875
2004-05-11,44.220001220703125,44.650001525878906,44.04999923706055,44.20000076293945,26.670494079589844,5257200,1095.449951171875
2004-05-12,44.13999938964844,44.13999938964844,42.90999984741211,43.810001373291016,26.43516731262207,4682300,1097.280029296875
2004-05-13,43.59999847412109,44.70000076293945,43.59999847412109,44.08000183105469,26.598094940185547,3844600,1096.43994140625
2004-05-14,44.09000015258789,44.150001525878906,43.52999877929688,43.70000076293945,26.36878967285156,3106500,1095.699951171875
2004-05-17,43.650001525878906,43.650001525878906,42.95000076293945,43.36000061035156,26.16362762451172,2656500,1084.0999755859375
2004-05-18,43.33000183105469,43.63999938964844,42.97999954223633,43.2599983215332,26.103281021118164,2475000,1091.489990234375
2004-05-19,43.36000061035156,43.86000061035156,43.11000061035156,43.220001220703125,26.079164505004883,2022600,1088.6800537109375
2004-05-20,43.41999816894531,43.869998931884766,43.25,43.77999877929688,26.41706275939941,2364100,1089.18994140625
2004-05-21,43.95000076293945,44.209999084472656,43.65999984741211,43.66999816894531,26.35068893432617,2436500,1093.56005859375
2004-05-24,43.95000076293945,44.130001068115234,43.59000015258789,43.70000076293945,26.36878967285156,1798300,1095.4100341796875
2004-05-25,43.70000076293945,44.22999954223633,43.43000030517578,44.16999816894531,26.652381896972656,2938600,1113.050048828125
2004-05-26,43.810001373291016,44.25,43.619998931884766,43.9900016784668,26.713123321533203,2554300,1114.93994140625
2004-05-27,44.45000076293945,44.5,44.04999923706055,44.09999847412109,26.779916763305664,3313000,1121.280029296875
2004-05-28,44.09000015258789,44.150001525878906,43.83000183105469,43.97999954223633,26.70703887939453,2283400,1120.6800537109375
2004-06-01,43.97999954223633,44.150001525878906,43.810001373291016,43.970001220703125,26.700973510742188,2594900,1121.199951171875
2004-06-02,43.97999954223633,44.34999847412109,43.97999954223633,44.220001220703125,26.852785110473636,2464600,1124.989990234375
2004-06-03,43.720001220703125,44.04999923706055,43.43999862670898,43.459999084472656,26.391258239746094,3287500,1116.6400146484375
2004-06-04,43.619998931884766,44.0,43.619998931884766,43.77000045776367,26.579517364501957,2144100,1122.5
2004-06-07,44.0,44.619998931884766,43.9900016784668,44.59999847412109,27.083534240722656,2820600,1140.4200439453125
2004-06-08,44.59999847412109,45.0,44.45000076293945,44.91999816894531,27.277862548828125,2443700,1142.1800537109375
2004-06-09,44.91999816894531,45.09999847412109,44.72999954223633,44.77999877929688,27.192834854125977,2019400,1131.3299560546875
2004-06-10,45.400001525878906,45.47999954223633,44.970001220703125,45.15999984741211,27.423599243164062,3122500,1136.469970703125
2004-06-14,45.0099983215332,45.09999847412109,44.70000076293945,44.77000045776367,27.1867790222168,1702800,1125.2900390625
2004-06-15,45.20000076293945,45.630001068115234,45.119998931884766,45.310001373291016,27.51468276977539,2464200,1132.010009765625
2004-06-16,45.29999923706055,45.45000076293945,45.02999877929688,45.06999969482422,27.36894798278809,1559800,1133.56005859375
2004-06-17,44.97999954223633,45.59000015258789,44.84000015258789,45.459999084472656,27.60576629638672,2434600,1132.050048828125
2004-06-18,45.2400016784668,45.880001068115234,45.18999862670898,45.70000076293945,27.75151252746582,2290100,1135.02001953125
2004-06-21,45.59999847412109,45.93999862670898,45.59000015258789,45.66999816894531,27.733301162719727,1398800,1130.300048828125
2004-06-22,45.59000015258789,46.08000183105469,45.52999877929688,45.91999816894531,27.88511085510254,1739900,1134.4100341796875
2004-06-23,45.93000030517578,46.27999877929688,45.77999877929688,46.15999984741211,28.03083610534668,2105100,1144.06005859375
2004-06-24,46.25,46.52000045776367,46.20000076293945,46.369998931884766,28.15837287902832,2218000,1140.6500244140625
2004-06-25,46.380001068115234,46.540000915527344,45.900001525878906,45.900001525878906,27.872974395751957,2481600,1134.4300537109375
2004-06-28,46.09999847412109,46.18999862670898,45.77999877929688,45.83000183105469,27.83045768737793,2564600,1133.3499755859375
2004-06-29,45.869998931884766,46.13999938964844,45.75,45.95000076293945,27.903329849243164,1591300,1136.199951171875
2004-06-30,46.09999847412109,46.66999816894531,46.0099983215332,46.54999923706055,28.267683029174805,1947700,1140.8399658203125
2004-07-01,46.54999923706055,46.900001525878906,46.34000015258789,46.54999923706055,28.267683029174805,2320800,1128.93994140625
2004-07-02,46.5,46.619998931884766,46.25,46.29999923706055,28.11585998535156,1055600,1125.3800048828125
2004-07-06,46.310001373291016,46.63999938964844,46.040000915527344,46.41999816894531,28.18872833251953,2446900,1116.2099609375
2004-07-07,46.47999954223633,46.790000915527344,46.34000015258789,46.59999847412109,28.298036575317383,1889200,1118.3299560546875
2004-07-08,46.29999923706055,46.61000061035156,46.11000061035156,46.16999816894531,28.03691864013672,1707700,1109.1099853515625
2004-07-09,46.16999816894531,46.75,46.16999816894531,46.59999847412109,28.298036575317383,1642400,1112.81005859375
2004-07-12,46.70000076293945,47.4900016784668,46.63999938964844,47.040000915527344,28.565235137939453,2344000,1114.3499755859375
2004-07-13,47.09999847412109,47.18000030517578,46.79999923706055,46.880001068115234,28.46808433532715,1380200,1115.1400146484375
2004-07-14,46.77999877929688,47.290000915527344,46.63999938964844,47.060001373291016,28.57738876342773,2502800,1111.469970703125
2004-07-15,47.060001373291016,47.130001068115234,46.68000030517578,46.7400016784668,28.3830623626709,2259900,1106.68994140625
2004-07-16,46.959999084472656,46.959999084472656,46.119998931884766,46.20000076293945,28.055152893066406,2395400,1101.3900146484375
2004-07-19,46.31999969482422,47.70000076293945,46.310001373291016,47.619998931884766,28.91745376586914,3185400,1100.9000244140625
2004-07-20,47.630001068115234,47.630001068115234,46.47999954223633,46.63999938964844,28.322338104248047,5295700,1108.6700439453125
2004-07-21,46.70000076293945,47.16999816894531,46.060001373291016,46.09999847412109,27.99442672729492,3969500,1093.8800048828125
2004-07-22,45.869998931884766,46.459999084472656,45.5099983215332,45.81999969482422,27.824382781982425,4558600,1096.8399658203125
2004-07-23,45.81999969482422,46.43000030517578,45.709999084472656,46.02000045776367,27.94582939147949,2584400,1086.199951171875
2004-07-26,46.34999847412109,46.41999816894531,46.0099983215332,46.400001525878906,28.17659568786621,2015300,1084.0699462890625
2004-07-27,46.70000076293945,47.09000015258789,46.58000183105469,46.84999847412109,28.449859619140625,2791400,1094.8299560546875
2004-07-28,46.79999923706055,47.220001220703125,46.41999816894531,47.02000045776367,28.553089141845703,2886400,1095.4200439453125
2004-07-29,47.02999877929688,47.34000015258789,46.84999847412109,46.959999084472656,28.51665687561035,2205700,1100.4300537109375
2004-07-30,46.959999084472656,47.20000076293945,46.58000183105469,47.08000183105469,28.58954429626465,1937000,1101.719970703125
2004-08-02,46.79999923706055,47.130001068115234,46.5,47.02999877929688,28.55916404724121,2245500,1106.6199951171875
2004-08-03,47.18999862670898,47.220001220703125,46.869998931884766,46.97999954223633,28.52880096435547,2888000,1099.68994140625
2004-08-04,46.79999923706055,47.25,46.59999847412109,47.119998931884766,28.613813400268555,1697000,1098.6300048828125
2004-08-05,47.119998931884766,47.18999862670898,46.720001220703125,46.720001220703125,28.37091827392578,1931900,1080.699951171875
2004-08-06,46.47999954223633,46.7599983215332,46.0,46.220001220703125,28.067285537719727,2042300,1063.969970703125
2004-08-09,46.220001220703125,46.720001220703125,46.02999877929688,46.5099983215332,28.243408203125,1865300,1065.219970703125
2004-08-10,46.77999877929688,47.22999954223633,46.5,47.22999954223633,28.680612564086918,2693200,1079.0400390625
2004-08-11,46.9900016784668,47.5,46.70000076293945,47.47999954223633,28.832429885864254,2491000,1075.7900390625
2004-08-12,47.47999954223633,47.4900016784668,46.56999969482422,46.58000183105469,28.285898208618164,2751400,1063.22998046875
2004-08-13,46.47999954223633,46.5,45.650001525878906,45.93000030517578,27.89118194580078,3951200,1064.800048828125
2004-08-16,46.09999847412109,46.59999847412109,45.86000061035156,46.54999923706055,28.267683029174805,3374400,1079.3399658203125
2004-08-17,46.619998931884766,46.72999954223633,46.0,46.119998931884766,28.006553649902344,2627700,1081.7099609375
2004-08-18,46.0,46.869998931884766,45.900001525878906,46.869998931884766,28.462003707885746,2298700,1095.1700439453125
2004-08-19,46.7400016784668,47.11000061035156,46.720001220703125,47.08000183105469,28.58954429626465,2144800,1091.22998046875
2004-08-20,47.09999847412109,47.61000061035156,47.0099983215332,47.52000045776367,28.85672187805176,2642700,1098.3499755859375
2004-08-23,47.41999816894531,47.970001220703125,47.41999816894531,47.65999984741211,28.941740036010746,2434800,1095.6800537109375
2004-08-24,47.900001525878906,48.0,47.77000045776367,47.93999862670898,29.111764907836918,2206900,1096.18994140625
2004-08-25,48.0,48.72999954223633,47.900001525878906,48.61000061035156,29.518613815307617,3226700,1104.9599609375
2004-08-26,48.63999938964844,48.63999938964844,47.95000076293945,48.15999984741211,29.245365142822266,2045500,1105.0899658203125
2004-08-27,47.34999847412109,47.93999862670898,47.34000015258789,47.68999862670898,29.129308700561523,2283900,1107.77001953125
2004-08-30,47.59999847412109,47.7400016784668,47.43999862670898,47.43999862670898,28.976598739624023,1391200,1099.1500244140625
2004-08-31,47.43000030517578,47.47999954223633,46.84000015258789,47.209999084472656,28.836122512817383,3269100,1104.239990234375
2004-09-01,46.84000015258789,46.84999847412109,45.959999084472656,46.16999816894531,28.20087432861328,4778300,1105.9100341796875
2004-09-02,45.5,46.86000061035156,45.5,46.66999816894531,28.50628089904785,3993100,1118.31005859375
2004-09-03,46.77000045776367,47.45000076293945,46.709999084472656,47.02000045776367,28.72006607055664,3195400,1113.6300048828125
2004-09-07,47.209999084472656,48.04999923706055,47.209999084472656,47.90999984741211,29.26368904113769,3467800,1121.300048828125
2004-09-08,47.79999923706055,47.93999862670898,47.5,47.540000915527344,29.037691116333008,2258200,1116.27001953125
2004-09-09,47.34999847412109,47.459999084472656,46.2400016784668,46.5,28.40245056152344,4186600,1118.3800048828125
2004-09-10,46.31999969482422,46.970001220703125,46.02999877929688,46.91999816894531,28.65897750854492,2881800,1123.9200439453125
2004-09-13,46.91999816894531,47.709999084472656,46.79999923706055,47.630001068115234,29.09266471862793,3462600,1125.8199462890625
2004-09-14,47.630001068115234,47.95000076293945,47.4900016784668,47.72999954223633,29.153743743896484,2901600,1128.3299560546875
2004-09-15,47.93000030517578,48.0,47.43000030517578,47.709999084472656,29.14151954650879,2880500,1120.3699951171875
2004-09-16,47.93000030517578,48.18999862670898,47.810001373291016,48.08000183105469,29.36752700805664,1922500,1123.5
2004-09-17,48.18999862670898,48.86000061035156,48.08000183105469,48.84000015258789,29.83173179626465,4250900,1128.550048828125
2004-09-20,48.79999923706055,48.83000183105469,48.18999862670898,48.38999938964844,29.5568790435791,2302200,1122.199951171875
2004-09-21,48.58000183105469,49.220001220703125,48.52999877929688,49.08000183105469,29.97832679748535,2694000,1129.300048828125
2004-09-22,48.75,48.77000045776367,48.45000076293945,48.5099983215332,29.630176544189453,2373000,1113.56005859375
2004-09-23,48.45000076293945,48.68999862670898,48.290000915527344,48.400001525878906,29.562976837158203,2025100,1108.3599853515625
2004-09-24,48.27000045776367,48.43999862670898,48.130001068115234,48.25,29.471355438232425,2291800,1110.1099853515625
2004-09-27,48.25,48.2599983215332,47.369998931884766,47.40999984741211,28.95826530456543,4535500,1103.52001953125
2004-09-28,47.47999954223633,48.02999877929688,47.47999954223633,47.79999923706055,29.196504592895508,2619100,1110.06005859375
2004-09-29,47.59999847412109,47.95000076293945,47.41999816894531,47.91999816894531,29.26979637145996,1889500,1114.800048828125
2004-09-30,47.90999984741211,48.09000015258789,47.52000045776367,47.9900016784668,29.31255149841309,2391300,1114.5799560546875
2004-10-01,48.470001220703125,48.880001068115234,48.13999938964844,48.470001220703125,29.60573387145996,3306200,1131.5
2004-10-04,48.900001525878906,49.15999984741211,48.56999969482422,48.61000061035156,29.691240310668945,2739400,1135.1700439453125
2004-10-05,48.61000061035156,48.75,48.0099983215332,48.29999923706055,29.50189781188965,2656700,1134.47998046875
2004-10-06,48.34999847412109,48.59000015258789,48.119998931884766,48.5,29.62407112121582,1457400,1142.050048828125
2004-10-07,48.5099983215332,48.5099983215332,48.04999923706055,48.11000061035156,29.385847091674805,1520300,1130.6500244140625
2004-10-08,48.11000061035156,48.45000076293945,47.77000045776367,47.900001525878906,29.25757598876953,1291600,1122.1400146484375
2004-10-11,48.11000061035156,48.22999954223633,47.77000045776367,47.84999847412109,29.22703742980957,1314500,1124.3900146484375
2004-10-12,47.86000061035156,47.95000076293945,47.66999816894531,47.84999847412109,29.22703742980957,1789700,1121.8399658203125
2004-10-13,48.09000015258789,48.09999847412109,47.52000045776367,47.63999938964844,29.098772048950195,2815300,1113.6500244140625
2004-10-14,47.75,48.060001373291016,46.43000030517578,47.38999938964844,28.946063995361328,5232500,1103.2900390625
2004-10-15,47.59999847412109,47.630001068115234,47.0099983215332,47.38999938964844,28.946063995361328,4336400,1108.199951171875
2004-10-18,47.459999084472656,48.150001525878906,46.93999862670898,48.060001373291016,29.355302810668945,2863700,1114.02001953125
2004-10-19,47.95000076293945,47.97999954223633,45.93999862670898,46.47999954223633,28.39023208618164,4997000,1103.22998046875
2004-10-20,46.09999847412109,46.63999938964844,45.5,46.34000015258789,28.30472755432129,4994800,1103.6600341796875
2004-10-21,46.0,47.369998931884766,45.79999923706055,47.09000015258789,28.76283073425293,4167100,1106.489990234375
2004-10-22,47.09000015258789,47.41999816894531,46.68000030517578,46.83000183105469,28.604007720947266,2764700,1095.739990234375
2004-10-25,46.5,46.93999862670898,46.34999847412109,46.70000076293945,28.524627685546875,1913300,1094.800048828125
2004-10-26,47.20000076293945,47.630001068115234,46.95000076293945,47.61000061035156,29.080446243286133,3525600,1111.0899658203125
2004-10-27,47.400001525878906,47.83000183105469,47.09999847412109,47.83000183105469,29.21483039855957,2575100,1125.4000244140625
2004-10-28,47.59999847412109,47.97999954223633,47.38999938964844,47.70000076293945,29.13541603088379,2015400,1127.43994140625
2004-10-29,47.61000061035156,48.16999816894531,47.29999923706055,48.09000015258789,29.37363815307617,2063400,1130.199951171875
2004-11-01,48.22999954223633,48.33000183105469,47.869998931884766,48.0,29.31865692138672,1426000,1130.510009765625
2004-11-02,48.04999923706055,48.709999084472656,48.04999923706055,48.119998931884766,29.39193725585937,2014000,1130.56005859375
2004-11-03,48.36000061035156,48.630001068115234,47.93999862670898,48.11000061035156,29.385847091674805,2479100,1143.199951171875
2004-11-04,47.75,48.560001373291016,47.619998931884766,48.560001373291016,29.660717010498047,2338400,1161.6700439453125
2004-11-05,48.75,48.880001068115234,47.869998931884766,48.34000015258789,29.526329040527344,2017900,1166.1700439453125
2004-11-08,48.65999984741211,48.83000183105469,48.20000076293945,48.25,29.471355438232425,2121300,1164.8900146484375
2004-11-09,48.34999847412109,48.560001373291016,48.119998931884766,48.25,29.471355438232425,1969200,1164.0799560546875
2004-11-10,48.959999084472656,49.880001068115234,48.93999862670898,49.58000183105469,30.283729553222656,4075700,1162.9100341796875
2004-11-11,49.810001373291016,50.70000076293945,49.75,50.52000045776367,30.85790061950684,3954400,1173.47998046875
2004-11-12,50.34999847412109,50.81999969482422,50.18999862670898,50.7400016784668,30.99227523803711,2438500,1184.1700439453125
2004-11-15,50.709999084472656,50.88999938964844,50.2599983215332,50.40999984741211,30.79071617126465,1794100,1183.81005859375
2004-11-16,50.310001373291016,50.459999084472656,49.93999862670898,50.34000015258789,30.747936248779297,2468100,1175.4300537109375
2004-11-17,50.5,50.959999084472656,50.43999862670898,50.47999954223633,30.83345031738281,2057400,1181.93994140625
2004-11-18,50.70000076293945,50.79999923706055,50.36000061035156,50.650001525878906,30.937292098999023,1278300,1183.550048828125
2004-11-19,50.75,50.900001525878906,50.13999938964844,50.27999877929688,30.711292266845703,2118600,1170.3399658203125
2004-11-22,50.34999847412109,51.2400016784668,50.22999954223633,51.11000061035156,31.218265533447266,2110600,1177.239990234375
2004-11-23,51.0,51.150001525878906,50.369998931884766,50.900001525878906,31.09000396728516,2288400,1176.93994140625
2004-11-24,50.9900016784668,51.119998931884766,50.79999923706055,50.93999862670898,31.11441802978516,1258300,1181.760009765625
2004-11-26,50.79999923706055,51.27999877929688,50.68000030517578,51.0,31.3232536315918,927800,1182.6500244140625
2004-11-29,51.0099983215332,51.25,50.31999969482422,50.459999084472656,30.99159049987793,1927800,1178.5699462890625
2004-11-30,50.41999816894531,50.75,50.150001525878906,50.5,31.016149520874023,2383800,1173.8199462890625
2004-12-01,50.72999954223633,51.43000030517578,50.650001525878906,51.43000030517578,31.587352752685547,2132000,1191.3699951171875
2004-12-02,51.29999923706055,51.400001525878906,50.880001068115234,51.20000076293945,31.44610023498535,1509100,1190.3299560546875
2004-12-03,51.29999923706055,51.5,50.93999862670898,51.34999847412109,31.53819465637207,1590200,1191.1700439453125
2004-12-06,50.79999923706055,51.11000061035156,50.560001373291016,50.970001220703125,31.3048152923584,2431900,1190.25
2004-12-07,51.06999969482422,51.06999969482422,50.68000030517578,50.79999923706055,31.200414657592773,1546900,1177.0699462890625
2004-12-08,50.95000076293945,51.45000076293945,50.79999923706055,51.2400016784668,31.47064208984375,2299600,1182.81005859375
2004-12-09,50.9900016784668,51.119998931884766,50.59999847412109,50.869998931884766,31.24340438842773,2312400,1189.239990234375
2004-12-10,51.09999847412109,51.09999847412109,50.459999084472656,50.7599983215332,31.175840377807617,1689900,1188.0
2004-12-13,51.09999847412109,51.09999847412109,50.470001220703125,50.66999816894531,31.12056541442871,1720800,1198.6800537109375
2004-12-14,50.16999816894531,50.619998931884766,50.13999938964844,50.52999877929688,31.03458404541016,2427300,1203.3800048828125
2004-12-15,50.650001525878906,51.540000915527344,50.59000015258789,51.34999847412109,31.53819465637207,2734200,1205.719970703125
2004-12-16,50.900001525878906,51.09000015258789,50.54999923706055,50.54999923706055,31.04687118530273,3134400,1203.2099609375
2004-12-17,50.04999923706055,50.54999923706055,49.95000076293945,50.04999923706055,30.73978042602539,5129300,1194.199951171875
2004-12-20,50.400001525878906,50.4900016784668,50.09999847412109,50.2400016784668,30.856464385986328,1915800,1194.6500244140625
2004-12-21,50.5,50.720001220703125,50.29999923706055,50.54999923706055,31.04687118530273,2384300,1205.449951171875
2004-12-22,50.45000076293945,51.34000015258789,50.45000076293945,51.25,31.47679710388184,1826100,1209.5699462890625
2004-12-23,51.2599983215332,51.7599983215332,50.93000030517578,51.02999877929688,31.341665267944336,1580600,1210.1300048828125
2004-12-27,50.93000030517578,51.11000061035156,50.650001525878906,50.84999847412109,31.231130599975582,1251300,1204.9200439453125
2004-12-28,50.900001525878906,51.34999847412109,50.900001525878906,51.31999969482422,31.5197868347168,1153200,1213.5400390625
2004-12-29,51.34999847412109,51.5,51.2599983215332,51.459999084472656,31.605772018432617,1110300,1213.449951171875
2004-12-30,51.7400016784668,51.77999877929688,51.560001373291016,51.7599983215332,31.790037155151367,1179700,1213.550048828125
2004-12-31,51.77999877929688,51.9900016784668,51.63999938964844,51.720001220703125,31.76545524597168,941100,1211.9200439453125
2005-01-03,51.09999847412109,51.540000915527344,51.0,51.220001220703125,31.458370208740234,2483600,1202.0799560546875
2005-01-04,51.470001220703125,51.77999877929688,51.02000045776367,51.04999923706055,31.35395812988281,2753700,1188.050048828125
2005-01-05,50.97999954223633,51.16999816894531,50.650001525878906,50.650001525878906,31.108285903930664,1981600,1183.739990234375
2005-01-06,50.540000915527344,51.22999954223633,50.52999877929688,51.09000015258789,31.378528594970703,1704000,1187.8900146484375
2005-01-07,51.220001220703125,51.38999938964844,50.91999816894531,51.02999877929688,31.341665267944336,1519100,1186.18994140625
2005-01-10,50.93000030517578,51.45000076293945,50.84999847412109,51.34000015258789,31.532079696655277,1979900,1190.25
2005-01-11,51.34000015258789,51.459999084472656,51.09999847412109,51.09999847412109,31.38465118408203,1600600,1182.989990234375
2005-01-12,51.04999923706055,51.33000183105469,50.9900016784668,51.29999923706055,31.50750160217285,1682700,1187.699951171875
2005-01-13,51.29999923706055,51.88999938964844,51.29999923706055,51.52000045776367,31.64262962341309,2213700,1177.449951171875
2005-01-14,51.36000061035156,51.84000015258789,51.34999847412109,51.4900016784668,31.62420463562012,1707000,1184.52001953125
2005-01-18,51.400001525878906,51.68000030517578,51.20000076293945,51.58000183105469,31.67947006225586,2374100,1195.97998046875
2005-01-19,51.68999862670898,51.68999862670898,50.38999938964844,50.66999816894531,31.12056541442871,3608600,1184.6300048828125
2005-01-20,50.27999877929688,50.54999923706055,50.02999877929688,50.15999984741211,30.807323455810547,3979000,1175.4100341796875
2005-01-21,50.15999984741211,50.56999969482422,50.15999984741211,50.220001220703125,30.84418296813965,2987800,1167.8699951171875
2005-01-24,50.22999954223633,50.68000030517578,50.119998931884766,50.18000030517578,30.819616317749023,2066600,1163.75
2005-01-25,50.27999877929688,50.400001525878906,49.93999862670898,49.95000076293945,30.67834854125977,2150600,1168.4100341796875
2005-01-26,50.04999923706055,50.970001220703125,50.0,50.68999862670898,31.13284111022949,2425100,1174.0699462890625
2005-01-27,50.79999923706055,51.060001373291016,50.18999862670898,50.2599983215332,30.86875343322754,2100400,1174.550048828125
2005-01-28,50.08000183105469,50.150001525878906,49.65999984741211,49.66999816894531,30.506406784057617,1959800,1171.3599853515625
2005-01-31,50.13999938964844,50.4900016784668,50.0,50.43999862670898,30.979310989379883,2092900,1181.27001953125
2005-02-01,50.65999984741211,51.13999938964844,50.459999084472656,50.93000030517578,31.280254364013672,2636900,1189.4100341796875
2005-02-02,50.959999084472656,51.4900016784668,50.84000015258789,51.09999847412109,31.38465118408203,2371800,1193.18994140625
2005-02-03,50.25,50.9900016784668,50.2400016784668,50.93000030517578,31.280254364013672,3114700,1189.8900146484375
2005-02-04,50.79999923706055,52.61000061035156,50.79999923706055,52.34999847412109,32.15238571166992,3668800,1203.030029296875
2005-02-07,52.150001525878906,52.709999084472656,51.77000045776367,52.20000076293945,32.060264587402344,2811500,1201.719970703125
2005-02-08,52.20000076293945,52.540000915527344,52.08000183105469,52.43999862670898,32.20766067504883,2460200,1202.300048828125
2005-02-09,52.400001525878906,52.83000183105469,52.0,52.150001525878906,32.02956771850586,1996500,1191.989990234375
2005-02-10,52.29999923706055,52.36000061035156,52.060001373291016,52.27000045776367,32.10326385498047,2059800,1197.010009765625
2005-02-11,52.34999847412109,52.9900016784668,52.25,52.93000030517578,32.50862503051758,1792300,1205.300048828125
2005-02-14,52.93999862670898,53.41999816894531,52.79999923706055,53.130001068115234,32.6314697265625,2273000,1206.1400146484375
2005-02-15,53.09999847412109,53.34000015258789,52.93000030517578,53.18999862670898,32.66830062866211,2158300,1210.1199951171875
2005-02-16,53.18999862670898,53.61000061035156,52.959999084472656,53.54999923706055,32.88941192626953,2283000,1210.3399658203125
2005-02-17,53.400001525878906,53.709999084472656,53.20000076293945,53.4900016784668,32.85257339477539,2609200,1200.75
2005-02-18,53.4900016784668,53.4900016784668,53.09999847412109,53.09999847412109,32.61302185058594,2287400,1201.5899658203125
2005-02-22,53.09999847412109,53.43000030517578,52.13999938964844,52.13999938964844,32.02341842651367,2568400,1184.1600341796875
2005-02-23,52.02999877929688,52.45000076293945,51.93000030517578,52.31999969482422,32.133968353271484,2120000,1190.800048828125
2005-02-24,52.380001068115234,53.93999862670898,52.36000061035156,53.369998931884766,32.77885437011719,3711200,1200.199951171875
2005-02-25,53.25,53.97999954223633,53.130001068115234,53.70000076293945,32.98154830932617,1787700,1211.3699951171875
2005-02-28,53.56999969482422,53.81999969482422,53.08000183105469,53.68000030517578,32.969261169433594,2224000,1203.5999755859375
2005-03-01,53.54999923706055,54.20000076293945,53.54999923706055,53.83000183105469,33.06139373779297,3117300,1210.4100341796875
2005-03-02,53.84000015258789,54.34000015258789,53.52000045776367,53.880001068115234,33.09209060668945,2350800,1210.0799560546875
2005-03-03,54.29999923706055,54.29999923706055,53.16999816894531,53.52000045776367,32.87097930908203,2701000,1210.469970703125
2005-03-04,53.91999816894531,53.97999954223633,53.40999984741211,53.93999862670898,33.12892150878906,2543200,1222.1199951171875
2005-03-07,54.09999847412109,54.70000076293945,54.09999847412109,54.38999938964844,33.40530776977539,2295900,1225.31005859375
2005-03-08,54.20000076293945,54.790000915527344,54.0,54.52999877929688,33.49131774902344,2325200,1219.4300537109375
2005-03-09,53.900001525878906,54.29999923706055,53.83000183105469,54.0,33.361568450927734,2132300,1207.010009765625
2005-03-10,54.20000076293945,54.900001525878906,54.02999877929688,54.540000915527344,33.69518280029297,1963800,1209.25
2005-03-11,54.65999984741211,54.65999984741211,54.2400016784668,54.40999984741211,33.61487579345703,1728900,1200.0799560546875
2005-03-14,54.29999923706055,55.40999984741211,54.29999923706055,54.59999847412109,33.732234954833984,3496100,1206.8299560546875
2005-03-15,54.84999847412109,55.31999969482422,54.59999847412109,54.75,33.824913024902344,2768100,1197.75
2005-03-16,54.369998931884766,54.79999923706055,54.09999847412109,54.20000076293945,33.48512649536133,3402800,1188.0699462890625
2005-03-17,54.20000076293945,54.20000076293945,53.5099983215332,53.75,33.207130432128906,2371500,1190.2099609375
2005-03-18,53.75,54.0,52.59999847412109,53.02000045776367,32.7561149597168,4855100,1189.6500244140625
2005-03-21,53.02000045776367,53.43999862670898,52.93999862670898,53.119998931884766,32.81788635253906,1990600,1183.780029296875
2005-03-22,53.11000061035156,53.45000076293945,52.470001220703125,52.79999923706055,32.620208740234375,2389100,1171.7099609375
2005-03-23,52.79999923706055,53.20000076293945,52.7599983215332,52.95000076293945,32.71286392211914,2615600,1172.530029296875
2005-03-24,53.15999984741211,53.380001068115234,52.7599983215332,52.7599983215332,32.595497131347656,1573600,1171.4200439453125
2005-03-28,53.0099983215332,53.5,52.79999923706055,53.119998931884766,32.81788635253906,1665000,1174.280029296875
2005-03-29,53.220001220703125,53.540000915527344,53.0,53.38999938964844,32.984718322753906,2931000,1165.3599853515625
2005-03-30,53.38999938964844,53.86000061035156,53.09999847412109,53.810001373291016,33.24420166015625,2584100,1181.4100341796875
2005-03-31,53.97999954223633,54.209999084472656,53.63999938964844,54.060001373291016,33.39862823486328,2352900,1180.5899658203125
2005-04-01,54.45000076293945,54.619998931884766,52.84999847412109,53.400001525878906,32.99088668823242,2947700,1172.9200439453125
2005-04-04,53.709999084472656,54.79999923706055,53.16999816894531,54.66999816894531,33.77549362182617,5546300,1176.1199951171875
2005-04-05,54.68000030517578,54.790000915527344,54.25,54.630001068115234,33.75078201293945,2343000,1181.3900146484375
2005-04-06,54.90999984741211,54.9900016784668,54.619998931884766,54.720001220703125,33.8063850402832,1501400,1184.0699462890625
2005-04-07,54.63999938964844,54.90999984741211,54.5,54.77000045776367,33.83727264404297,1604000,1191.1400146484375
2005-04-08,54.77999877929688,54.86000061035156,53.9900016784668,54.20000076293945,33.48512649536133,1813400,1181.199951171875
2005-04-11,54.150001525878906,54.470001220703125,53.79999923706055,54.02000045776367,33.373924255371094,1778400,1181.2099609375
2005-04-12,53.90999984741211,54.86000061035156,53.7400016784668,54.79999923706055,33.85580062866211,1889900,1187.760009765625
2005-04-13,54.81999969482422,54.900001525878906,54.38999938964844,54.5,33.67047882080078,2075100,1173.7900390625
2005-04-14,54.70000076293945,54.720001220703125,54.08000183105469,54.11000061035156,33.42952346801758,1729900,1162.050048828125
2005-04-15,53.68000030517578,54.150001525878906,53.209999084472656,53.310001373291016,32.9352912902832,2632500,1142.6199951171875
2005-04-18,53.02999877929688,53.31999969482422,52.61000061035156,52.720001220703125,32.57078170776367,3559700,1145.97998046875
2005-04-19,52.66999816894531,53.310001373291016,52.34999847412109,53.18999862670898,32.86113357543945,2755500,1152.780029296875
2005-04-20,53.38999938964844,53.70000076293945,53.040000915527344,53.54999923706055,33.08356857299805,2656600,1137.5
2005-04-21,53.54999923706055,54.04999923706055,52.83000183105469,53.790000915527344,33.2318115234375,2887800,1159.949951171875
2005-04-22,53.95000076293945,55.02000045776367,53.810001373291016,54.56999969482422,33.713706970214844,3224800,1152.1199951171875
2005-04-25,54.95000076293945,55.619998931884766,54.400001525878906,54.68999862670898,33.787845611572266,3204400,1162.0999755859375
2005-04-26,54.70000076293945,55.18000030517578,54.61000061035156,54.630001068115234,33.75078201293945,2350800,1151.8299560546875
2005-04-27,54.560001373291016,55.29999923706055,54.459999084472656,54.93999862670898,33.94231414794922,2334200,1156.3800048828125
2005-04-28,54.59999847412109,55.06999969482422,54.31999969482422,54.75,33.824913024902344,1989000,1143.219970703125
2005-04-29,55.04999923706055,56.380001068115234,54.81999969482422,56.15999984741211,34.6960334777832,3614300,1156.8499755859375
2005-05-02,56.15999984741211,56.72999954223633,55.77000045776367,55.880001068115234,34.52304458618164,2962900,1162.1600341796875
2005-05-03,55.95000076293945,56.220001220703125,55.400001525878906,56.18000030517578,34.7083854675293,3115500,1161.1700439453125
2005-05-04,56.34999847412109,57.400001525878906,56.34999847412109,57.31999969482422,35.41266632080078,3244500,1175.6500244140625
2005-05-05,57.45000076293945,57.81999969482422,56.7599983215332,57.470001220703125,35.5053596496582,3131200,1172.6300048828125
2005-05-06,57.59999847412109,57.959999084472656,57.380001068115234,57.5,35.523902893066406,2470400,1171.3499755859375
2005-05-09,56.59999847412109,57.540000915527344,56.540000915527344,57.36000061035156,35.43741607666016,3793600,1178.8399658203125
2005-05-10,57.25,57.29999923706055,56.5,56.630001068115234,34.98640060424805,3327200,1166.219970703125
2005-05-11,56.630001068115234,56.75,56.09999847412109,56.540000915527344,34.93079376220703,2873700,1171.1099853515625
2005-05-12,56.720001220703125,57.400001525878906,56.619998931884766,56.790000915527344,35.08523941040039,3571000,1159.3599853515625
2005-05-13,56.790000915527344,57.29999923706055,55.59999847412109,56.31999969482422,34.79487228393555,3213000,1154.050048828125
2005-05-16,56.209999084472656,56.7599983215332,56.20000076293945,56.56999969482422,34.94933319091797,2581400,1165.68994140625
2005-05-17,56.45000076293945,57.38999938964844,56.380001068115234,57.34000015258789,35.42506408691406,2300400,1173.800048828125
2005-05-18,57.70000076293945,57.880001068115234,57.20000076293945,57.38999938964844,35.455928802490234,1951100,1185.56005859375
2005-05-19,57.27999877929688,57.65999984741211,56.959999084472656,57.150001525878906,35.30765151977539,2118800,1191.0799560546875
2005-05-20,57.29999923706055,57.5,56.86000061035156,57.09999847412109,35.276763916015625,1700400,1189.280029296875
2005-05-23,57.27999877929688,57.84000015258789,57.09999847412109,57.75,35.678340911865234,1870800,1193.8599853515625
2005-05-24,57.93000030517578,58.2599983215332,57.619998931884766,58.2599983215332,35.993408203125,2484400,1194.0699462890625
2005-05-25,58.060001373291016,58.45000076293945,57.97999954223633,58.02999877929688,35.851314544677734,2284000,1190.010009765625
2005-05-26,57.880001068115234,58.43000030517578,57.83000183105469,58.43000030517578,36.29862594604492,2117600,1197.6199951171875
2005-05-27,58.36000061035156,58.38999938964844,57.84000015258789,58.27999877929688,36.20543670654297,1519700,1198.780029296875
2005-05-31,58.0,58.61000061035156,57.93999862670898,58.20000076293945,36.15574264526367,2563900,1191.5
2005-06-01,58.09999847412109,58.84000015258789,58.09999847412109,58.4900016784668,36.33588409423828,2050300,1202.219970703125
2005-06-02,58.52000045776367,59.25,58.27000045776367,59.02000045776367,36.665164947509766,2080300,1204.2900390625
2005-06-03,59.02000045776367,59.13999938964844,58.34999847412109,58.61000061035156,36.41044235229492,1609300,1196.02001953125
2005-06-06,58.70000076293945,59.34000015258789,58.5,59.2400016784668,36.80180740356445,1571000,1197.510009765625
2005-06-07,59.38999938964844,59.5099983215332,58.95000076293945,58.95000076293945,36.62165451049805,2521600,1197.260009765625
2005-06-08,59.20000076293945,59.43999862670898,58.95000076293945,59.0,36.652713775634766,2004700,1194.6700439453125
2005-06-09,59.13999938964844,59.43999862670898,58.93999862670898,59.43000030517578,36.91984176635742,1682500,1200.9300537109375
2005-06-10,59.5,59.540000915527344,59.0,59.18999862670898,36.77075958251953,1308200,1198.1099853515625
2005-06-13,59.02000045776367,59.11000061035156,58.27000045776367,58.54999923706055,36.373165130615234,2295100,1200.8199462890625
2005-06-14,58.650001525878906,59.47999954223633,57.77000045776367,59.31999969482422,36.851505279541016,1993000,1203.9100341796875
2005-06-15,59.45000076293945,59.54999923706055,58.90999984741211,59.52999877929688,36.981971740722656,2098000,1206.5799560546875
2005-06-16,59.619998931884766,59.86000061035156,59.310001373291016,59.86000061035156,37.18698120117188,1841100,1210.9599609375
2005-06-17,60.0,60.20000076293945,59.650001525878906,60.18999862670898,37.391998291015625,4975100,1216.9599609375
2005-06-20,59.7599983215332,60.27999877929688,59.68000030517578,60.18000030517578,37.385772705078125,1842300,1216.0999755859375
2005-06-21,60.0099983215332,60.869998931884766,59.880001068115234,60.36000061035156,37.49761199951172,2508500,1213.6099853515625
2005-06-22,60.810001373291016,60.810001373291016,60.060001373291016,60.34000015258789,37.48516845703125,2463900,1213.8800048828125
2005-06-23,60.52999877929688,60.59000015258789,59.310001373291016,59.52999877929688,36.981971740722656,2334400,1200.72998046875
2005-06-24,59.380001068115234,60.45000076293945,59.34999847412109,59.810001373291016,37.155906677246094,3105000,1191.5699462890625
2005-06-27,59.66999816894531,60.34999847412109,59.630001068115234,60.25,37.42925643920898,1945200,1190.68994140625
2005-06-28,59.90999984741211,60.150001525878906,59.5099983215332,59.72999954223633,37.1062126159668,2805100,1201.5699462890625
2005-06-29,60.08000183105469,60.310001373291016,59.70000076293945,60.18999862670898,37.391998291015625,2822500,1199.8499755859375
2005-06-30,60.209999084472656,60.34999847412109,59.68000030517578,59.75,37.1186408996582,2670400,1191.3299560546875
2005-07-01,60.0099983215332,60.2400016784668,59.61000061035156,59.84999847412109,37.180763244628906,2232600,1194.43994140625
2005-07-05,59.86000061035156,61.06999969482422,59.77000045776367,61.04999923706055,37.926246643066406,3057400,1204.989990234375
2005-07-06,60.84999847412109,61.04999923706055,60.369998931884766,60.380001068115234,37.51000595092773,2548600,1194.93994140625
2005-07-07,59.75,60.47999954223633,59.5,60.400001525878906,37.52244567871094,1792300,1197.8699951171875
2005-07-08,60.25,60.650001525878906,59.900001525878906,60.16999816894531,37.37955093383789,2351600,1211.8599853515625
2005-07-11,60.5,61.040000915527344,60.41999816894531,60.630001068115234,37.66532516479492,1770700,1219.43994140625
2005-07-12,60.79999923706055,61.459999084472656,60.5,61.36000061035156,38.11882781982422,2284900,1222.2099609375
2005-07-13,61.130001068115234,61.43000030517578,60.84999847412109,61.02000045776367,37.90761184692383,2454400,1223.2900390625
2005-07-14,61.02999877929688,61.75,61.02000045776367,61.650001525878906,38.29898452758789,2017200,1226.5
2005-07-15,61.75,62.34000015258789,61.5099983215332,62.2599983215332,38.67792510986328,2734500,1227.9200439453125
2005-07-18,62.11000061035156,62.290000915527344,61.869998931884766,61.93999862670898,38.47914123535156,1942200,1221.1300048828125
2005-07-19,62.33000183105469,62.54999923706055,62.02000045776367,62.33000183105469,38.7214241027832,2488000,1229.3499755859375
2005-07-20,62.119998931884766,62.380001068115234,61.79999923706055,62.0,38.51642227172852,2491000,1235.199951171875
2005-07-21,62.95000076293945,63.220001220703125,61.13999938964844,61.20000076293945,38.01943206787109,4160000,1227.0400390625
2005-07-22,61.20000076293945,61.52999877929688,60.59999847412109,61.06999969482422,37.93868255615234,3764200,1233.6800537109375
2005-07-25,61.150001525878906,61.59000015258789,61.11000061035156,61.2599983215332,38.05668640136719,1907100,1229.030029296875
2005-07-26,61.45000076293945,62.0099983215332,61.27000045776367,61.93000030517578,38.472930908203125,1680800,1231.1600341796875
2005-07-27,61.95000076293945,62.09999847412109,61.70000076293945,61.900001525878906,38.45429992675781,1704400,1236.7900390625
2005-07-28,61.900001525878906,62.209999084472656,61.83000183105469,61.86000061035156,38.4294548034668,1462700,1243.719970703125
2005-07-29,61.810001373291016,62.13999938964844,61.2400016784668,61.2599983215332,38.05668640136719,2017100,1234.1800537109375
2005-08-01,61.47999954223633,61.59000015258789,60.400001525878906,60.79999923706055,37.77093124389648,2146300,1235.3499755859375
2005-08-02,60.790000915527344,61.52999877929688,60.65999984741211,61.34999847412109,38.11262130737305,1842800,1244.1199951171875
2005-08-03,61.08000183105469,61.45000076293945,60.65999984741211,60.810001373291016,37.77715301513672,2227300,1245.0400390625
2005-08-04,60.75,60.75,60.25,60.25,37.42925643920898,1583200,1235.8599853515625
2005-08-05,60.09999847412109,60.27000045776367,59.08000183105469,59.08000183105469,36.702415466308594,2573600,1226.4200439453125
2005-08-08,59.060001373291016,59.43000030517578,58.83000183105469,58.93999862670898,36.61544799804688,1990200,1223.1300048828125
2005-08-09,59.0,59.08000183105469,58.59999847412109,58.77999877929688,36.51605224609375,3130700,1231.3800048828125
2005-08-10,58.27999877929688,58.7599983215332,57.97999954223633,58.040000915527344,36.056339263916016,3970900,1229.1300048828125
2005-08-11,57.84999847412109,58.310001373291016,57.66999816894531,58.220001220703125,36.16816329956055,3062600,1237.81005859375
2005-08-12,58.36000061035156,58.70000076293945,57.84000015258789,58.08000183105469,36.08119583129883,1768000,1230.3900146484375
2005-08-15,58.04999923706055,59.040000915527344,58.04999923706055,58.61000061035156,36.41044235229492,2039100,1233.8699951171875
2005-08-16,58.470001220703125,58.7599983215332,57.77999877929688,57.77999877929688,35.894813537597656,2689100,1219.3399658203125
2005-08-17,57.75,58.58000183105469,57.400001525878906,58.34000015258789,36.24270248413086,2456200,1220.239990234375
2005-08-18,58.27999877929688,58.70000076293945,58.0099983215332,58.369998931884766,36.2613525390625,2102600,1219.02001953125
2005-08-19,58.5,58.84000015258789,58.40999984741211,58.47999954223633,36.32967758178711,1831800,1219.7099609375
2005-08-22,58.709999084472656,59.29999923706055,58.45000076293945,58.86000061035156,36.56575012207031,2611200,1221.72998046875
2005-08-23,58.75,59.220001220703125,58.75,58.90999984741211,36.596805572509766,3366000,1217.5899658203125
2005-08-24,58.79999923706055,58.900001525878906,58.09000015258789,58.13999938964844,36.11846160888672,2529300,1209.5899658203125
2005-08-25,58.20000076293945,58.97999954223633,58.20000076293945,58.709999084472656,36.47256088256836,1663600,1212.3699951171875
2005-08-26,58.709999084472656,58.709999084472656,58.02999877929688,58.27000045776367,36.19921112060547,1621700,1205.0999755859375
2005-08-29,56.5,57.5,56.41999816894531,57.18000030517578,35.71821212768555,5158800,1212.280029296875
2005-08-30,56.900001525878906,56.95000076293945,56.29999923706055,56.63999938964844,35.38090896606445,3205700,1208.4100341796875
2005-08-31,56.09999847412109,56.27999877929688,54.22999954223633,56.209999084472656,35.112308502197266,11871200,1220.3299560546875
2005-09-01,56.09000015258789,56.15999984741211,54.91999816894531,55.790000915527344,34.84996032714844,5088200,1221.5899658203125
2005-09-02,55.56999969482422,56.08000183105469,55.15999984741211,55.52999877929688,34.68754577636719,3566300,1218.02001953125
2005-09-06,55.54999923706055,56.20000076293945,55.54999923706055,55.900001525878906,34.91866683959961,3344300,1233.3900146484375
2005-09-07,55.900001525878906,56.36000061035156,55.79999923706055,56.18999862670898,35.09981155395508,3918700,1236.3599853515625
2005-09-08,55.45000076293945,55.97999954223633,54.5,54.58000183105469,34.09410858154297,5627000,1231.6700439453125
2005-09-09,54.59999847412109,54.83000183105469,53.68999862670898,54.2599983215332,33.89420700073242,7420200,1241.47998046875
2005-09-12,53.97999954223633,54.400001525878906,53.59999847412109,54.08000183105469,33.78178405761719,4462800,1240.56005859375
2005-09-13,53.83000183105469,54.130001068115234,52.93000030517578,53.41999816894531,33.36949157714844,4820500,1231.199951171875
2005-09-14,53.619998931884766,53.93999862670898,53.209999084472656,53.52999877929688,33.43819808959961,4051000,1227.1600341796875
2005-09-15,53.59999847412109,54.27000045776367,53.43999862670898,54.2400016784668,33.88172149658203,3389300,1227.72998046875
2005-09-16,54.2400016784668,55.25,54.2400016784668,55.130001068115234,34.43768310546875,5172400,1237.9100341796875
2005-09-19,54.84999847412109,54.9900016784668,53.310001373291016,53.41999816894531,33.36949157714844,6879600,1231.02001953125
2005-09-20,53.400001525878906,53.959999084472656,52.91999816894531,53.11000061035156,33.17586135864258,3796300,1221.3399658203125
2005-09-21,52.79999923706055,53.0,51.27000045776367,51.83000183105469,32.37628173828125,7144600,1210.199951171875
2005-09-22,51.0,52.4900016784668,49.900001525878906,51.93999862670898,32.44498825073242,13169500,1214.6199951171875
2005-09-23,52.34999847412109,54.68000030517578,52.25,54.52999877929688,34.062889099121094,8912200,1215.2900390625
2005-09-26,54.84999847412109,55.25,53.65999984741211,54.06999969482422,33.77552795410156,6298000,1215.6300048828125
2005-09-27,53.869998931884766,54.90999984741211,53.83000183105469,54.54999923706055,34.07535934448242,4355000,1215.6600341796875
2005-09-28,54.630001068115234,55.380001068115234,54.59999847412109,55.09999847412109,34.41892623901367,4344300,1216.8900146484375
2005-09-29,55.11000061035156,55.810001373291016,54.70000076293945,55.7599983215332,34.83120346069336,2867300,1227.6800537109375
2005-09-30,55.58000183105469,55.59999847412109,54.720001220703125,55.290000915527344,34.537620544433594,3706300,1228.81005859375
2005-10-03,55.29999923706055,55.43999862670898,54.790000915527344,54.880001068115234,34.28150177001953,2322600,1226.699951171875
2005-10-04,55.130001068115234,55.310001373291016,54.38999938964844,54.630001068115234,34.12532043457031,2686300,1214.469970703125
2005-10-05,55.22999954223633,55.22999954223633,53.84999847412109,53.900001525878906,33.66932678222656,2426600,1196.3900146484375
2005-10-06,53.970001220703125,54.16999816894531,53.56999969482422,53.83000183105469,33.6256103515625,2342100,1191.489990234375
2005-10-07,54.040000915527344,54.290000915527344,53.630001068115234,54.09999847412109,33.79426193237305,2289800,1195.9000244140625
2005-10-10,54.09999847412109,54.45000076293945,53.65999984741211,53.84999847412109,33.638092041015625,1856200,1187.3299560546875
2005-10-11,53.70000076293945,54.08000183105469,53.59999847412109,53.77999877929688,33.5943717956543,2196200,1184.8699951171875
2005-10-12,53.59999847412109,54.400001525878906,53.22999954223633,53.5,33.41946792602539,2529000,1177.6800537109375
2005-10-13,53.209999084472656,53.91999816894531,53.20000076293945,53.81999969482422,33.61935806274414,2431800,1176.8399658203125
2005-10-14,53.81999969482422,54.36000061035156,53.470001220703125,54.13999938964844,33.819244384765625,2743500,1186.5699462890625
2005-10-17,54.0,54.119998931884766,53.5099983215332,54.11000061035156,33.800506591796875,2412000,1190.0999755859375
2005-10-18,53.77999877929688,53.81999969482422,53.18000030517578,53.380001068115234,33.34450912475586,3093100,1178.1400146484375
2005-10-19,52.95000076293945,54.43000030517578,52.27000045776367,54.400001525878906,33.981666564941406,3987900,1195.760009765625
2005-10-20,53.79999923706055,54.310001373291016,52.68000030517578,53.02000045776367,33.1196403503418,6094400,1177.800048828125
2005-10-21,53.20000076293945,54.15999984741211,52.79999923706055,53.20000076293945,33.2320671081543,4718100,1179.5899658203125
2005-10-24,53.34999847412109,53.70000076293945,52.540000915527344,52.75,32.95096206665039,5113200,1199.3800048828125
2005-10-25,52.77000045776367,52.790000915527344,51.61000061035156,51.90999984741211,32.426265716552734,4297300,1196.5400390625
2005-10-26,51.90999984741211,52.75,51.77000045776367,52.25,32.63864517211914,3322300,1191.3800048828125
2005-10-27,52.25,52.68000030517578,52.02000045776367,52.06999969482422,32.52618789672852,2430900,1178.9000244140625
2005-10-28,52.09999847412109,52.72999954223633,52.040000915527344,52.68999862670898,32.91349029541016,2620300,1198.4100341796875
2005-10-31,52.77999877929688,53.18999862670898,52.709999084472656,52.790000915527344,32.975948333740234,3671100,1207.010009765625
2005-11-01,52.81999969482422,54.0,52.59999847412109,53.63999938964844,33.506919860839844,4079000,1202.760009765625
2005-11-02,53.75,55.16999816894531,53.66999816894531,55.13999938964844,34.44392013549805,5492600,1214.760009765625
2005-11-03,55.77999877929688,55.900001525878906,54.97999954223633,55.13999938964844,34.44392013549805,4246700,1219.93994140625
2005-11-04,55.27000045776367,55.4900016784668,54.56999969482422,55.150001525878906,34.450164794921875,2555500,1220.1400146484375
2005-11-07,55.54999923706055,55.84000015258789,55.16999816894531,55.720001220703125,34.80621719360352,3052600,1222.81005859375
2005-11-08,55.72999954223633,55.79999923706055,55.380001068115234,55.59999847412109,34.73126220703125,2359100,1218.5899658203125
2005-11-09,55.540000915527344,55.9900016784668,55.5,55.84000015258789,34.88116836547852,2241500,1220.6500244140625
2005-11-10,55.54999923706055,57.0,55.54999923706055,57.0,35.60578536987305,3727000,1230.9599609375
2005-11-11,57.0,57.16999816894531,56.45000076293945,56.869998931884766,35.52458572387695,2536100,1234.719970703125
2005-11-14,56.5,57.59999847412109,56.369998931884766,57.36000061035156,35.8306770324707,2644900,1233.760009765625
2005-11-15,57.04999923706055,57.16999816894531,56.25,56.36000061035156,35.20600509643555,3505500,1229.010009765625
2005-11-16,56.61000061035156,56.7400016784668,56.16999816894531,56.459999084472656,35.268455505371094,2034300,1231.2099609375
2005-11-17,56.77000045776367,56.93999862670898,56.18999862670898,56.7599983215332,35.45585632324219,1973100,1242.800048828125
2005-11-18,57.400001525878906,57.45000076293945,56.650001525878906,57.34999847412109,35.82440948486328,3451600,1248.27001953125
2005-11-21,57.54999923706055,57.7400016784668,56.619998931884766,56.810001373291016,35.48710632324219,2292000,1254.8499755859375
2005-11-22,56.91999816894531,57.34999847412109,56.52999877929688,57.119998931884766,35.680747985839844,2050900,1261.22998046875
2005-11-23,57.15999984741211,57.90999984741211,56.83000183105469,57.40999984741211,35.86191177368164,1888800,1265.6099853515625
2005-11-25,57.68000030517578,57.68000030517578,57.11000061035156,57.47999954223633,35.9056282043457,774500,1268.25
2005-11-28,57.2599983215332,57.45000076293945,56.7599983215332,56.790000915527344,35.67320251464844,2089800,1257.4599609375
2005-11-29,56.97999954223633,57.380001068115234,56.720001220703125,57.060001373291016,35.84281921386719,1749200,1257.47998046875
2005-11-30,57.2400016784668,57.400001525878906,55.93999862670898,56.09999847412109,35.23978042602539,3348400,1249.47998046875
2005-12-01,56.20000076293945,56.70000076293945,55.88999938964844,56.27000045776367,35.34657287597656,2889100,1264.6700439453125
2005-12-02,56.0,56.25,55.22999954223633,55.84000015258789,35.076446533203125,3039200,1265.0799560546875
2005-12-05,55.869998931884766,55.90999984741211,54.95000076293945,55.18999862670898,34.66815948486328,2940900,1262.0899658203125
2005-12-06,55.2599983215332,55.84000015258789,55.11000061035156,55.16999816894531,34.65559387207031,1852500,1263.699951171875
2005-12-07,55.06999969482422,55.459999084472656,54.95000076293945,55.130001068115234,34.63045883178711,2245300,1257.3699951171875
2005-12-08,55.04999923706055,55.59999847412109,54.81999969482422,55.220001220703125,34.68699645996094,1732800,1255.8399658203125
2005-12-09,55.150001525878906,55.68999862670898,54.869998931884766,55.27999877929688,34.72468566894531,1259400,1259.3699951171875
2005-12-12,55.2599983215332,55.470001220703125,54.41999816894531,54.790000915527344,34.416873931884766,2230900,1260.4300537109375
2005-12-13,54.66999816894531,55.310001373291016,54.59999847412109,55.0099983215332,34.555084228515625,2421300,1267.4300537109375
2005-12-14,55.29999923706055,55.66999816894531,55.20000076293945,55.310001373291016,34.7435302734375,2274300,1272.739990234375
2005-12-15,55.25,55.380001068115234,54.630001068115234,54.7599983215332,34.39804458618164,2308800,1270.93994140625
2005-12-16,54.77999877929688,55.0,54.06999969482422,54.290000915527344,34.102806091308594,3470800,1267.3199462890625
2005-12-19,54.08000183105469,54.84999847412109,53.90999984741211,54.15999984741211,34.021141052246094,3007600,1259.9200439453125
2005-12-20,53.95000076293945,54.75,53.93000030517578,54.45000076293945,34.20331573486328,1917400,1259.6199951171875
2005-12-21,54.75,55.060001373291016,54.5,54.63999938964844,34.322662353515625,1846200,1262.7900390625
2005-12-22,54.45000076293945,55.0099983215332,54.45000076293945,54.93000030517578,34.50482940673828,1813700,1268.1199951171875
2005-12-23,54.93000030517578,54.9900016784668,54.59000015258789,54.7599983215332,34.39804458618164,1377900,1268.6600341796875
2005-12-27,54.79999923706055,55.130001068115234,54.470001220703125,54.54999923706055,34.26612854003906,1552000,1256.5400390625
2005-12-28,54.95000076293945,55.0099983215332,54.4900016784668,54.4900016784668,34.22843933105469,1230100,1258.1700439453125
2005-12-29,54.470001220703125,54.72999954223633,54.22999954223633,54.29999923706055,34.10907745361328,1812800,1254.4200439453125
2005-12-30,54.20000076293945,54.310001373291016,53.81999969482422,54.06999969482422,33.964603424072266,1533900,1248.2900390625
2006-01-03,54.38999938964844,54.84999847412109,53.75,54.72999954223633,34.37919998168945,3192200,1268.800048828125
2006-01-04,54.880001068115234,55.20000076293945,54.59999847412109,54.66999816894531,34.34149932861328,2546000,1273.4599609375
2006-01-05,54.59999847412109,54.900001525878906,54.470001220703125,54.81999969482422,34.43572998046875,2586400,1273.47998046875
2006-01-06,54.95000076293945,55.04999923706055,54.40999984741211,54.84000015258789,34.44829559326172,2277200,1285.449951171875
2006-01-09,54.93999862670898,54.93999862670898,54.40999984741211,54.650001525878906,34.328948974609375,2172800,1290.1500244140625
2006-01-10,54.650001525878906,55.9900016784668,54.59000015258789,55.7400016784668,35.01364517211914,5867600,1289.68994140625
2006-01-11,55.54999923706055,56.09000015258789,55.38999938964844,55.54999923706055,34.8942756652832,3210300,1294.1800537109375
2006-01-12,55.540000915527344,55.56999969482422,54.7599983215332,54.79999923706055,34.42316055297852,2746500,1286.06005859375
2006-01-13,54.79999923706055,55.0,54.150001525878906,54.68000030517578,34.3477897644043,2043500,1287.6099853515625
2006-01-17,54.40999984741211,54.45000076293945,53.88999938964844,54.380001068115234,34.159332275390625,2697700,1282.9300537109375
2006-01-18,53.79999923706055,54.09000015258789,53.16999816894531,53.47999954223633,33.593990325927734,3450100,1277.9300537109375
2006-01-19,53.59999847412109,53.709999084472656,52.75,52.86000061035156,33.20454025268555,3113600,1285.0400390625
2006-01-20,52.70000076293945,52.790000915527344,52.09000015258789,52.209999084472656,32.796241760253906,2817100,1261.489990234375
2006-01-23,52.36000061035156,52.68000030517578,52.2599983215332,52.34999847412109,32.88418960571289,1734400,1263.8199462890625
2006-01-24,52.220001220703125,52.40999984741211,50.97999954223633,51.27999877929688,32.212039947509766,4599300,1266.8599853515625
2006-01-25,51.54999923706055,51.790000915527344,50.220001220703125,50.560001373291016,31.759775161743164,4794100,1264.6800537109375
2006-01-26,51.34000015258789,53.400001525878906,51.040000915527344,52.5,32.97840118408203,5578000,1273.8299560546875
2006-01-27,52.4900016784668,52.7599983215332,51.93000030517578,52.02999877929688,32.68315505981445,2962900,1283.719970703125
2006-01-30,52.0,52.36000061035156,51.400001525878906,52.18999862670898,32.783687591552734,2920400,1285.18994140625
2006-01-31,52.060001373291016,52.15999984741211,51.77999877929688,52.04999923706055,32.69571685791016,5509700,1280.0799560546875
2006-02-01,52.0,53.2400016784668,52.0,52.09999847412109,32.72713088989258,6374200,1282.4599609375
2006-02-02,52.220001220703125,52.540000915527344,51.81999969482422,52.09999847412109,32.72713088989258,4595900,1270.8399658203125
2006-02-03,52.04999923706055,52.59000015258789,51.65999984741211,52.0099983215332,32.67059326171875,3315000,1264.030029296875
2006-02-06,52.119998931884766,52.790000915527344,52.04999923706055,52.63999938964844,33.06635284423828,3408400,1265.02001953125
2006-02-07,52.22999954223633,52.43000030517578,52.02000045776367,52.06999969482422,32.70828628540039,1879600,1254.780029296875
2006-02-08,52.27999877929688,52.27999877929688,51.75,52.13999938964844,32.75226593017578,2771600,1265.6500244140625
2006-02-09,52.119998931884766,52.97999954223633,52.0099983215332,52.59000015258789,33.03493881225586,2741600,1263.780029296875
2006-02-10,52.459999084472656,53.09999847412109,52.459999084472656,52.91999816894531,33.24224090576172,1758300,1266.989990234375
2006-02-13,52.95000076293945,53.209999084472656,52.310001373291016,52.63999938964844,33.06635284423828,1250400,1262.8599853515625
2006-02-14,52.63999938964844,54.16999816894531,52.63999938964844,53.650001525878906,33.70078659057617,4024400,1275.530029296875
2006-02-15,53.54999923706055,53.93999862670898,53.41999816894531,53.90999984741211,33.864105224609375,2681500,1280.0
2006-02-16,53.810001373291016,54.15999984741211,53.369998931884766,54.15999984741211,34.021141052246094,4842600,1289.3800048828125
2006-02-17,54.040000915527344,54.38999938964844,53.900001525878906,54.29999923706055,34.10907745361328,2223400,1287.239990234375
2006-02-21,54.0,54.08000183105469,53.59999847412109,53.810001373291016,33.80129623413086,3934300,1283.030029296875
2006-02-22,54.09999847412109,54.83000183105469,54.09999847412109,54.70000076293945,34.3603630065918,3481100,1292.6700439453125
2006-02-23,54.790000915527344,54.790000915527344,54.25,54.4900016784668,34.22843933105469,2962800,1287.7900390625
2006-02-24,54.34999847412109,54.97999954223633,54.09999847412109,54.900001525878906,34.485992431640625,3189400,1289.4300537109375
2006-02-27,54.970001220703125,55.2400016784668,54.70000076293945,54.95000076293945,34.51738739013672,2215700,1294.1199951171875
2006-02-28,54.59999847412109,54.97999954223633,54.310001373291016,54.77999877929688,34.410621643066406,2812800,1280.6600341796875
2006-03-01,54.650001525878906,54.959999084472656,54.36000061035156,54.75,34.39175796508789,3276300,1291.239990234375
2006-03-02,54.5099983215332,54.900001525878906,53.900001525878906,54.650001525878906,34.328948974609375,5252700,1289.1400146484375
2006-03-03,54.5,54.77999877929688,54.2599983215332,54.540000915527344,34.259849548339844,3338100,1287.22998046875
2006-03-06,54.47999954223633,54.79999923706055,54.15999984741211,54.25,34.07767105102539,1718900,1278.260009765625
2006-03-07,54.20000076293945,54.380001068115234,53.93000030517578,54.25,34.07767105102539,1778900,1275.8800048828125
2006-03-08,54.34999847412109,54.4900016784668,53.68000030517578,54.34999847412109,34.36219024658203,2982800,1278.469970703125
2006-03-09,54.25,54.68999862670898,54.25,54.38999938964844,34.387481689453125,2310300,1272.22998046875
2006-03-10,54.09000015258789,54.709999084472656,54.0,54.560001373291016,34.49496078491211,2569600,1281.4200439453125
2006-03-13,54.5,54.97999954223633,54.38999938964844,54.54999923706055,34.48862838745117,2245100,1284.1300048828125
2006-03-14,54.52999877929688,55.0,54.459999084472656,54.77999877929688,34.63404846191406,2715500,1297.47998046875
2006-03-15,54.72999954223633,54.93000030517578,54.400001525878906,54.84999847412109,34.67829513549805,2456000,1303.02001953125
2006-03-16,55.02000045776367,55.150001525878906,54.290000915527344,54.459999084472656,34.43173599243164,3671700,1305.3299560546875
2006-03-17,54.25,54.900001525878906,54.13999938964844,54.81999969482422,34.65933609008789,4192000,1307.25
2006-03-20,54.95000076293945,55.06999969482422,54.22999954223633,54.54999923706055,34.48862838745117,2992900,1305.0799560546875
2006-03-21,54.15999984741211,54.36000061035156,53.09000015258789,53.59999847412109,33.88801574707031,3785200,1297.22998046875
2006-03-22,52.79999923706055,53.68999862670898,52.79999923706055,53.58000183105469,33.875370025634766,2338300,1305.0400390625
2006-03-23,53.369998931884766,53.75,53.18000030517578,53.40999984741211,33.76789474487305,2691700,1301.6700439453125
2006-03-24,53.209999084472656,53.56999969482422,52.70000076293945,53.22999954223633,33.654083251953125,1895600,1302.949951171875
2006-03-27,53.13999938964844,53.150001525878906,52.34999847412109,52.52999877929688,33.21150588989258,3237500,1301.6099853515625
2006-03-28,52.40999984741211,52.459999084472656,51.790000915527344,52.04999923706055,32.908042907714844,3433800,1293.22998046875
2006-03-29,52.119998931884766,52.72999954223633,51.68999862670898,52.400001525878906,33.12932586669922,3974900,1302.8900146484375
2006-03-30,52.29999923706055,52.5099983215332,52.04999923706055,52.13999938964844,32.96493911743164,3836800,1300.25
2006-03-31,52.380001068115234,52.380001068115234,51.84999847412109,52.11000061035156,32.94597625732422,2975300,1294.8699951171875
2006-04-03,52.29999923706055,52.709999084472656,52.0099983215332,52.369998931884766,33.110347747802734,2509900,1297.81005859375
2006-04-04,52.459999084472656,52.56999969482422,52.02999877929688,52.27000045776367,33.04712677001953,2170200,1305.9300537109375
2006-04-05,52.400001525878906,52.68000030517578,51.84999847412109,51.9900016784668,32.87010192871094,2756600,1311.56005859375
2006-04-06,51.79999923706055,51.97999954223633,51.61000061035156,51.79999923706055,32.7499885559082,2429100,1309.0400390625
2006-04-07,51.77999877929688,52.13999938964844,51.130001068115234,51.220001220703125,32.38326644897461,2225200,1295.5
2006-04-10,51.08000183105469,51.31999969482422,50.959999084472656,51.09000015258789,32.30109786987305,1867900,1296.6199951171875
2006-04-11,51.09000015258789,51.15999984741211,50.36000061035156,50.5,31.928068161010746,4714800,1286.5699462890625
2006-04-12,50.79999923706055,51.04999923706055,50.400001525878906,50.560001373291016,31.96600151062012,4859800,1288.1199951171875
2006-04-13,50.560001373291016,50.70000076293945,50.380001068115234,50.59999847412109,31.99129295349121,2739500,1289.1199951171875
2006-04-17,50.54999923706055,50.880001068115234,50.29999923706055,50.41999816894531,31.87748336791992,1991800,1285.3299560546875
2006-04-18,50.630001068115234,52.09000015258789,50.56999969482422,51.95000076293945,32.844818115234375,5432400,1307.280029296875
2006-04-19,53.84999847412109,55.09999847412109,53.75,54.81999969482422,34.65933609008789,9789700,1309.9300537109375
2006-04-20,55.34999847412109,55.630001068115234,55.04999923706055,55.43000030517578,35.045021057128906,5907100,1311.4599609375
2006-04-21,55.7400016784668,56.0,55.47999954223633,55.650001525878906,35.1840934753418,3748300,1311.280029296875
2006-04-24,55.650001525878906,55.90999984741211,55.09999847412109,55.650001525878906,35.1840934753418,3062400,1308.1099853515625
2006-04-25,55.560001373291016,56.09999847412109,55.29999923706055,55.630001068115234,35.17144775390625,2105700,1301.739990234375
2006-04-26,55.869998931884766,56.0,55.52999877929688,55.81999969482422,35.29157638549805,2052300,1305.4100341796875
2006-04-27,55.83000183105469,56.31999969482422,55.560001373291016,55.95000076293945,35.373779296875,2337100,1309.719970703125
2006-04-28,56.150001525878906,56.54999923706055,55.84999847412109,56.4900016784668,35.715171813964844,3125200,1310.6099853515625
2006-05-01,56.59999847412109,56.86000061035156,56.209999084472656,56.43000030517578,35.677242279052734,3034100,1305.18994140625
2006-05-02,56.650001525878906,56.95000076293945,56.45000076293945,56.790000915527344,35.90485382080078,2752100,1313.2099609375
2006-05-03,56.58000183105469,57.0,56.18999862670898,56.720001220703125,35.86058807373047,2093100,1308.1199951171875
2006-05-04,56.84999847412109,57.0,56.709999084472656,56.880001068115234,35.96175003051758,1859300,1312.25
2006-05-05,57.0,57.119998931884766,56.720001220703125,56.869998931884766,35.9554328918457,2437000,1325.760009765625
2006-05-08,56.75,57.68999862670898,56.63999938964844,57.61000061035156,36.42327499389648,2477600,1324.6600341796875
2006-05-09,57.59999847412109,57.650001525878906,57.0099983215332,57.34000015258789,36.2525749206543,2438600,1325.1400146484375
2006-05-10,57.0,57.470001220703125,56.91999816894531,57.33000183105469,36.24626922607422,1867100,1322.8499755859375
2006-05-11,57.220001220703125,57.459999084472656,57.09000015258789,57.310001373291016,36.23360824584961,2812800,1305.9200439453125
2006-05-12,57.16999816894531,57.25,56.22999954223633,56.380001068115234,35.64564514160156,2343200,1291.239990234375
2006-05-15,56.11000061035156,57.209999084472656,56.02000045776367,57.09999847412109,36.100833892822266,2146900,1294.5
2006-05-16,57.0,57.43999862670898,56.72999954223633,57.34000015258789,36.2525749206543,1813200,1292.0799560546875
2006-05-17,56.68999862670898,57.13999938964844,55.7400016784668,56.18000030517578,35.51918029785156,2517000,1270.3199462890625
2006-05-18,56.16999816894531,56.95000076293945,56.0,56.61000061035156,35.791053771972656,3781700,1261.81005859375
2006-05-19,56.86000061035156,56.91999816894531,56.20000076293945,56.38999938964844,35.651954650878906,2897200,1267.030029296875
2006-05-22,56.220001220703125,56.65999984741211,55.869998931884766,56.18000030517578,35.51918029785156,2202700,1262.0699462890625
2006-05-23,56.09999847412109,56.34999847412109,55.400001525878906,55.52000045776367,35.101905822753906,3019000,1256.5799560546875
2006-05-24,55.25,55.88999938964844,54.9900016784668,55.36000061035156,35.0007438659668,2967600,1258.5699462890625
2006-05-25,55.790000915527344,55.790000915527344,54.880001068115234,55.630001068115234,35.17144775390625,2338300,1272.8800048828125
2006-05-26,55.52999877929688,55.650001525878906,54.72999954223633,55.0099983215332,34.99966812133789,1749400,1280.1600341796875
2006-05-30,54.83000183105469,55.02000045776367,54.369998931884766,54.63999938964844,34.76425552368164,1943300,1259.8699951171875
2006-05-31,54.81999969482422,55.150001525878906,54.470001220703125,55.0099983215332,34.99966812133789,2689400,1270.0899658203125
2006-06-01,54.93999862670898,55.47999954223633,54.90999984741211,55.25,35.152374267578125,2650500,1285.7099609375
2006-06-02,55.18999862670898,55.34000015258789,54.810001373291016,55.11000061035156,35.06329345703125,2074700,1288.219970703125
2006-06-05,55.02000045776367,55.220001220703125,54.2400016784668,54.2400016784668,34.509765625,2017700,1265.2900390625
2006-06-06,54.220001220703125,54.4900016784668,53.5099983215332,54.209999084472656,34.490665435791016,2519100,1263.8499755859375
2006-06-07,54.11000061035156,54.84999847412109,54.0099983215332,54.36000061035156,34.58611297607422,1739800,1256.1500244140625
2006-06-08,54.20000076293945,54.81999969482422,53.84999847412109,54.650001525878906,34.770633697509766,2664500,1257.9300537109375
2006-06-09,54.59000015258789,54.86000061035156,54.0,54.36000061035156,34.58611297607422,2016000,1252.300048828125
2006-06-12,54.459999084472656,54.459999084472656,53.5,53.59999847412109,34.10258102416992,1810800,1237.43994140625
2006-06-13,53.5,53.59999847412109,52.709999084472656,52.83000183105469,33.6126594543457,4060600,1223.68994140625
2006-06-14,52.720001220703125,53.36000061035156,52.5,53.34999847412109,33.943504333496094,2641500,1230.0400390625
2006-06-15,53.31999969482422,53.970001220703125,53.31999969482422,53.900001525878906,34.293434143066406,2377300,1256.1600341796875
2006-06-16,53.77000045776367,54.130001068115234,53.43999862670898,53.5099983215332,34.04530334472656,2871000,1251.5400390625
2006-06-19,53.77000045776367,53.93000030517578,52.959999084472656,53.29999923706055,33.911705017089844,1823800,1240.1300048828125
2006-06-20,53.5,53.81999969482422,53.13999938964844,53.13999938964844,33.80989074707031,2023800,1240.1199951171875
2006-06-21,52.95000076293945,53.88999938964844,52.95000076293945,53.369998931884766,33.956233978271484,1910000,1252.199951171875
2006-06-22,53.18000030517578,53.66999816894531,52.869998931884766,53.040000915527344,33.746273040771484,1975500,1245.5999755859375
2006-06-23,53.02999877929688,53.29999923706055,52.79999923706055,52.90999984741211,33.66355514526367,1862200,1244.5
2006-06-26,53.0,53.68000030517578,52.93000030517578,53.61000061035156,34.108924865722656,1774700,1250.56005859375
2006-06-27,53.650001525878906,53.970001220703125,53.43999862670898,53.70000076293945,34.166202545166016,2220800,1239.199951171875
2006-06-28,53.84999847412109,54.130001068115234,53.630001068115234,53.95000076293945,34.32526016235352,2786000,1246.0
2006-06-29,54.400001525878906,54.720001220703125,54.119998931884766,54.66999816894531,34.783348083496094,2552200,1272.8699951171875
2006-06-30,54.72999954223633,54.93000030517578,54.41999816894531,54.72999954223633,34.821510314941406,3030500,1270.199951171875
2006-07-03,54.970001220703125,55.11000061035156,54.52000045776367,55.02999877929688,35.01238250732422,1185900,1280.18994140625
2006-07-05,54.70000076293945,54.95000076293945,54.15999984741211,54.79999923706055,34.866065979003906,1973200,1270.9100341796875
2006-07-06,54.77000045776367,54.970001220703125,54.54999923706055,54.81999969482422,34.87879180908203,1793800,1274.0799560546875
2006-07-07,54.70000076293945,55.4900016784668,54.459999084472656,55.02999877929688,35.01238250732422,1896500,1265.47998046875
2006-07-10,55.09999847412109,55.880001068115234,55.09999847412109,55.4900016784668,35.3050651550293,1700900,1267.3399658203125
2006-07-11,55.29999923706055,55.66999816894531,54.95000076293945,55.58000183105469,35.36233139038086,1256700,1272.4300537109375
2006-07-12,55.52000045776367,55.68000030517578,55.04999923706055,55.16999816894531,35.10146713256836,1220700,1258.5999755859375
2006-07-13,54.81999969482422,55.20000076293945,54.77000045776367,54.88999938964844,34.92332458496094,2018300,1242.280029296875
2006-07-14,54.65999984741211,54.869998931884766,54.380001068115234,54.72999954223633,34.821510314941406,2053500,1236.199951171875
2006-07-17,54.72999954223633,55.36000061035156,54.68000030517578,55.06999969482422,35.03784942626953,1903400,1234.489990234375
2006-07-18,55.15999984741211,55.4900016784668,55.02999877929688,55.43000030517578,35.266902923583984,2051500,1236.8599853515625
2006-07-19,55.650001525878906,56.15999984741211,55.54999923706055,56.150001525878906,35.72499084472656,4038000,1259.81005859375
2006-07-20,57.29999923706055,57.86000061035156,57.0099983215332,57.16999816894531,36.37395095825195,7237200,1249.1300048828125
2006-07-21,57.29999923706055,57.29999923706055,56.11000061035156,56.650001525878906,36.04310607910156,3815600,1240.2900390625
2006-07-24,56.650001525878906,57.400001525878906,56.650001525878906,57.20000076293945,36.39305114746094,2094300,1260.9100341796875
2006-07-25,57.25,57.70000076293945,56.93000030517578,57.4900016784668,36.57754898071289,1812800,1268.8800048828125
2006-07-26,57.38999938964844,57.63999938964844,57.18999862670898,57.36000061035156,36.49483108520508,1799200,1268.4000244140625
2006-07-27,57.58000183105469,57.7400016784668,56.810001373291016,56.900001525878906,36.20216369628906,2384100,1263.199951171875
2006-07-28,57.2400016784668,57.38999938964844,56.900001525878906,57.02000045776367,36.27850341796875,2450900,1278.550048828125
2006-07-31,56.95000076293945,57.18000030517578,56.58000183105469,56.81999969482422,36.15126037597656,2130100,1276.6600341796875
2006-08-01,55.400001525878906,56.43000030517578,55.34000015258789,55.75,35.47048568725586,4159100,1270.9200439453125
2006-08-02,55.45000076293945,55.70000076293945,55.119998931884766,55.380001068115234,35.235084533691406,3191000,1277.4100341796875
2006-08-03,54.79999923706055,55.70000076293945,54.79999923706055,55.63999938964844,35.40050506591797,2682300,1280.27001953125
2006-08-04,56.0,56.27000045776367,55.4900016784668,55.630001068115234,35.39413833618164,2239400,1279.3599853515625
2006-08-07,55.68000030517578,56.09999847412109,55.45000076293945,55.880001068115234,35.55320358276367,2271200,1275.77001953125
2006-08-08,56.09999847412109,56.29999923706055,55.20000076293945,55.84999847412109,35.53411865234375,2378700,1271.47998046875
2006-08-09,56.040000915527344,56.25,55.06999969482422,55.220001220703125,35.1332893371582,2163500,1265.949951171875
2006-08-10,55.04999923706055,55.900001525878906,54.91999816894531,55.650001525878906,35.406864166259766,2356300,1271.81005859375
2006-08-11,55.470001220703125,55.83000183105469,55.41999816894531,55.65999984741211,35.41322708129883,1001900,1266.739990234375
2006-08-14,56.119998931884766,56.77999877929688,56.040000915527344,56.41999816894531,35.89677429199219,2116700,1268.2099609375
2006-08-15,56.97999954223633,57.52999877929688,56.7599983215332,57.36000061035156,36.49483108520508,2783400,1285.5799560546875
2006-08-16,57.68000030517578,57.7400016784668,56.95000076293945,57.33000183105469,36.47575759887695,2239200,1295.4300537109375
2006-08-17,57.11000061035156,57.88999938964844,56.93999862670898,57.720001220703125,36.72388458251953,2675200,1297.47998046875
2006-08-18,57.77999877929688,58.119998931884766,57.47999954223633,57.91999816894531,36.85112762451172,2214400,1302.300048828125
2006-08-21,57.810001373291016,58.41999816894531,57.72999954223633,58.2599983215332,37.06743621826172,1831100,1297.52001953125
2006-08-22,58.29999923706055,58.34999847412109,57.7400016784668,57.7400016784668,36.73661804199219,2375500,1298.8199462890625
2006-08-23,57.83000183105469,57.880001068115234,57.09999847412109,57.540000915527344,36.60935974121094,2176200,1292.989990234375
2006-08-24,57.79999923706055,57.88999938964844,57.220001220703125,57.40999984741211,36.52664566040039,1193100,1296.06005859375
2006-08-25,57.13999938964844,57.15999984741211,56.52000045776367,57.0,36.265769958496094,2158300,1295.0899658203125
2006-08-28,56.79999923706055,57.68000030517578,56.75,57.43000030517578,36.53936767578125,1686000,1301.780029296875
2006-08-29,57.08000183105469,57.59000015258789,56.790000915527344,57.470001220703125,36.78902053833008,2066700,1304.280029296875
2006-08-30,57.83000183105469,58.0,57.56999969482422,57.63999938964844,36.89785385131836,1624400,1305.3699951171875
2006-08-31,57.560001373291016,57.9900016784668,57.29999923706055,57.93999862670898,37.08990097045898,1957300,1303.8199462890625
2006-09-01,58.0099983215332,58.52000045776367,57.900001525878906,58.369998931884766,37.36516571044922,2499500,1311.010009765625
2006-09-05,58.630001068115234,58.88999938964844,58.27000045776367,58.31999969482422,37.33316040039063,1523600,1313.25
2006-09-06,57.77000045776367,58.470001220703125,57.72999954223633,58.0099983215332,37.13471603393555,1604200,1300.260009765625
2006-09-07,57.77999877929688,58.150001525878906,57.70000076293945,57.84999847412109,37.03228378295898,1054500,1294.02001953125
2006-09-08,58.09999847412109,59.09999847412109,57.869998931884766,59.060001373291016,37.80686569213867,2242700,1298.9200439453125
2006-09-11,59.0,59.380001068115234,58.88999938964844,59.34999847412109,37.992488861083984,1709200,1299.5400390625
2006-09-12,59.4900016784668,59.90999984741211,59.310001373291016,59.65999984741211,38.19094467163086,1799300,1313.0
2006-09-13,59.70000076293945,59.97999954223633,59.36000061035156,59.86000061035156,38.31897735595703,1703900,1318.0699462890625
2006-09-14,59.880001068115234,60.0,59.54999923706055,59.9900016784668,38.402191162109375,1458600,1316.280029296875
2006-09-15,60.0,60.4900016784668,59.83000183105469,60.119998931884766,38.48540496826172,2611400,1319.6600341796875
2006-09-18,59.4900016784668,60.810001373291016,59.34999847412109,60.630001068115234,38.8118782043457,3441200,1321.1800537109375
2006-09-19,60.84999847412109,60.84999847412109,59.81999969482422,60.0099983215332,38.415000915527344,3419900,1317.6400146484375
2006-09-20,60.20000076293945,60.900001525878906,59.900001525878906,60.81999969482422,38.93351745605469,2016300,1325.1800537109375
2006-09-21,60.709999084472656,60.900001525878906,60.5099983215332,60.650001525878906,38.82468032836914,2411600,1318.030029296875
2006-09-22,60.869998931884766,60.88999938964844,60.52000045776367,60.66999816894531,38.83749771118164,1389700,1314.780029296875
2006-09-25,60.79999923706055,62.04999923706055,60.72999954223633,61.810001373291016,39.56724548339844,3480800,1326.3699951171875
2006-09-26,62.0,62.61000061035156,61.91999816894531,62.470001220703125,39.98974609375,3317900,1336.3499755859375
2006-09-27,62.5,62.63999938964844,61.91999816894531,62.04999923706055,39.72090148925781,3366700,1336.5899658203125
2006-09-28,62.22999954223633,62.93999862670898,62.22999954223633,62.84000015258789,40.226600646972656,1810800,1338.8800048828125
2006-09-29,62.75,62.93999862670898,62.290000915527344,62.72999954223633,40.15619659423828,2249100,1335.8499755859375
2006-10-02,62.59999847412109,62.77000045776367,62.06999969482422,62.66999816894531,40.11776351928711,1792700,1331.3199462890625
2006-10-03,62.7599983215332,63.97999954223633,62.72999954223633,63.880001068115234,40.89234161376953,3326800,1334.1099853515625
2006-10-04,63.97999954223633,64.23999786376953,63.7400016784668,64.13999938964844,41.05879211425781,3513300,1350.199951171875
2006-10-05,63.90999984741211,64.5,63.84999847412109,63.97999954223633,40.95637130737305,2445000,1353.219970703125
2006-10-06,62.97999954223633,63.45000076293945,62.880001068115234,63.150001525878906,40.4250373840332,3105900,1349.5899658203125
2006-10-09,62.959999084472656,63.09999847412109,62.630001068115234,63.060001373291016,40.367435455322266,1925000,1350.6600341796875
2006-10-10,62.79999923706055,62.900001525878906,62.209999084472656,62.43000030517578,39.964149475097656,3286600,1353.4200439453125
2006-10-11,62.20000076293945,62.5099983215332,62.18999862670898,62.31999969482422,39.89370727539063,2650600,1349.949951171875
2006-10-12,62.40999984741211,62.75,62.25,62.70000076293945,40.13697814941406,4085700,1362.8299560546875
2006-10-13,62.869998931884766,63.13999938964844,62.5099983215332,62.93000030517578,40.28422546386719,1462100,1365.6199951171875
2006-10-16,63.08000183105469,63.43000030517578,63.0,63.2599983215332,40.49544906616211,2559100,1369.06005859375
2006-10-17,62.959999084472656,63.68999862670898,62.93000030517578,63.4900016784668,40.64269256591797,2024700,1364.050048828125
2006-10-18,63.75,64.06999969482422,63.09000015258789,63.29999923706055,40.52104568481445,3343600,1365.800048828125
2006-10-19,62.75,62.77000045776367,61.130001068115234,61.63999938964844,39.45841598510742,6036200,1366.9599609375
2006-10-20,61.77000045776367,61.77999877929688,61.09999847412109,61.22999954223633,39.19597625732422,3789400,1368.5999755859375
2006-10-23,61.20000076293945,61.400001525878906,61.09000015258789,61.34999847412109,39.27278518676758,3052900,1377.02001953125
2006-10-24,61.15999984741211,61.880001068115234,61.09999847412109,61.7400016784668,39.52243423461914,2536500,1377.3800048828125
2006-10-25,61.79999923706055,62.08000183105469,61.43000030517578,61.709999084472656,39.50323486328125,2471100,1382.219970703125
2006-10-26,61.810001373291016,62.02000045776367,61.52000045776367,61.959999084472656,39.66327667236328,1916700,1389.0799560546875
2006-10-27,61.970001220703125,62.06999969482422,61.5099983215332,61.7400016784668,39.52243423461914,3538700,1377.3399658203125
2006-10-30,61.54999923706055,61.88999938964844,61.459999084472656,61.59999847412109,39.43281555175781,1410600,1377.9300537109375
2006-10-31,61.81999969482422,61.869998931884766,61.11000061035156,61.36000061035156,39.279178619384766,2467800,1377.93994140625
2006-11-01,61.70000076293945,61.83000183105469,60.95000076293945,61.040000915527344,39.07435607910156,2398000,1367.81005859375
2006-11-02,60.79999923706055,61.400001525878906,60.65999984741211,61.150001525878906,39.14477157592773,2700300,1367.3399658203125
2006-11-03,61.459999084472656,61.59999847412109,60.88999938964844,61.47999954223633,39.35601043701172,1978200,1364.300048828125
2006-11-06,61.65999984741211,62.41999816894531,61.619998931884766,62.2599983215332,39.85530853271485,2470200,1379.780029296875
2006-11-07,62.18999862670898,62.84000015258789,62.09000015258789,62.61000061035156,40.079368591308594,1956600,1382.8399658203125
2006-11-08,62.5099983215332,62.880001068115234,62.22999954223633,62.59000015258789,40.06657409667969,1577800,1385.719970703125
2006-11-09,62.560001373291016,62.75,62.400001525878906,62.4900016784668,40.0025520324707,1719300,1378.3299560546875
2006-11-10,62.86000061035156,63.209999084472656,62.59999847412109,63.060001373291016,40.367435455322266,2091800,1380.9000244140625
2006-11-13,62.93000030517578,63.52999877929688,62.88999938964844,63.02000045776367,40.3418083190918,1961100,1384.4200439453125
2006-11-14,62.93999862670898,63.630001068115234,62.61000061035156,63.40999984741211,40.59147262573242,2095900,1393.219970703125
2006-11-15,63.2400016784668,64.0,63.2400016784668,63.88999938964844,40.89874649047852,2800600,1396.5699462890625
2006-11-16,63.9900016784668,64.47000122070312,63.209999084472656,64.27999877929688,41.14840316772461,1626400,1399.760009765625
2006-11-17,63.97999954223633,64.4800033569336,63.900001525878906,64.4800033569336,41.27644729614258,1883400,1401.199951171875
2006-11-20,64.08000183105469,64.8499984741211,64.08000183105469,64.70999908447266,41.42366790771485,2254700,1400.5
2006-11-21,64.5999984741211,64.8499984741211,64.33000183105469,64.75,41.44927597045898,2133400,1402.81005859375
2006-11-22,64.73999786376953,65.0,64.5,64.7699966430664,41.46207427978516,1951700,1406.0899658203125
2006-11-24,64.54000091552734,65.0,64.5,64.91000366210938,41.551700592041016,637400,1400.949951171875
2006-11-27,64.69000244140625,64.70999908447266,64.3499984741211,64.54000091552734,41.31484222412109,3244400,1381.9599609375
2006-11-28,64.30000305175781,64.3499984741211,63.52999877929688,63.66999816894531,40.98015594482422,3654100,1386.719970703125
2006-11-29,63.47999954223633,63.84999847412109,62.900001525878906,63.27000045776367,40.72271728515625,3689700,1399.47998046875
2006-11-30,63.27000045776367,63.709999084472656,63.02000045776367,63.47999954223633,40.85786056518555,2451300,1400.6300048828125
2006-12-01,63.79999923706055,63.91999816894531,62.66999816894531,63.290000915527344,40.7355842590332,2086400,1396.7099609375
2006-12-04,63.5,63.7400016784668,63.369998931884766,63.630001068115234,40.95438766479492,1800700,1409.1199951171875
2006-12-05,63.59999847412109,64.13999938964844,63.5,64.0,41.19254684448242,1664600,1414.760009765625
2006-12-06,64.1500015258789,64.5,63.9900016784668,64.20999908447266,41.32772445678711,1426600,1412.9000244140625
2006-12-07,64.20999908447266,64.4000015258789,63.5,63.65999984741211,40.97371673583984,2433800,1407.2900390625
2006-12-08,63.790000915527344,64.16999816894531,63.47999954223633,63.81999969482422,41.07670593261719,1293800,1409.8399658203125
2006-12-11,63.77000045776367,64.30999755859375,63.77000045776367,64.19999694824219,41.321285247802734,1944500,1413.0400390625
2006-12-12,64.41000366210938,64.98999786376953,64.37999725341797,64.94999694824219,41.80400085449219,2541700,1411.56005859375
2006-12-13,64.9800033569336,64.98999786376953,64.44999694824219,64.52999877929688,41.53369903564453,1406600,1413.2099609375
2006-12-14,64.66999816894531,65.0,64.37999725341797,64.87999725341797,41.75895690917969,1328500,1425.489990234375
2006-12-15,64.83000183105469,65.45999908447266,64.7699966430664,65.20999908447266,41.97135543823242,3187700,1427.0899658203125
2006-12-18,65.12000274658203,65.72000122070312,65.12000274658203,65.5199966430664,42.170875549316406,1665100,1422.47998046875
2006-12-19,65.27999877929688,65.87000274658203,65.22000122070312,65.76000213623047,42.32534408569336,1472300,1425.550048828125
2006-12-20,65.76000213623047,66.05999755859375,65.70999908447266,65.86000061035156,42.38970947265625,1554000,1423.530029296875
2006-12-21,65.88999938964844,66.0,65.05000305175781,65.30000305175781,42.02928161621094,2045400,1418.300048828125
2006-12-22,65.30000305175781,65.44999694824219,64.9000015258789,65.37000274658203,42.074344635009766,1112500,1410.760009765625
2006-12-26,65.25,65.76000213623047,65.0999984741211,65.69000244140625,42.28030776977539,835000,1416.9000244140625
2006-12-27,65.87999725341797,66.05000305175781,65.83000183105469,65.91999816894531,42.428340911865234,1292600,1426.8399658203125
2006-12-28,65.77999877929688,66.13999938964844,65.61000061035156,65.91999816894531,42.428340911865234,961200,1424.72998046875
2006-12-29,65.75,65.8499984741211,64.9000015258789,65.11000061035156,41.906982421875,1554400,1418.300048828125
2007-01-03,65.13999938964844,65.8499984741211,65.0,65.27999877929688,42.016395568847656,2694800,1416.5999755859375
2007-01-04,65.3499984741211,65.44000244140625,64.91000366210938,65.36000061035156,42.06789779663086,2285100,1418.3399658203125
2007-01-05,65.29000091552734,65.4000015258789,64.91999816894531,65.18000030517578,41.95204162597656,2217800,1409.7099609375
2007-01-08,64.4000015258789,65.37000274658203,64.22000122070312,65.2699966430664,42.00996780395508,2781500,1412.8399658203125
2007-01-09,65.30999755859375,65.63999938964844,64.69000244140625,64.93000030517578,41.79113006591797,2416300,1412.1099853515625
2007-01-10,64.69999694824219,64.9000015258789,64.5199966430664,64.76000213623047,41.68171691894531,1627400,1414.8499755859375
2007-01-11,64.94999694824219,65.0,63.7400016784668,64.11000061035156,41.26335144042969,4773000,1423.8199462890625
2007-01-12,63.79999923706055,64.9800033569336,63.720001220703125,64.5999984741211,41.578739166259766,3511600,1430.72998046875
2007-01-16,64.91000366210938,64.98999786376953,64.4000015258789,64.44999694824219,41.4821891784668,2153800,1431.9000244140625
2007-01-17,64.54000091552734,64.80999755859375,64.33999633789062,64.5,41.51437377929688,2131600,1430.6199951171875
2007-01-18,64.6500015258789,64.80000305175781,64.16999816894531,64.2699966430664,41.3663330078125,2809600,1426.3699951171875
2007-01-19,64.0199966430664,64.16000366210938,63.34999847412109,63.72999954223633,41.01876831054688,3909500,1430.5
2007-01-22,63.52999877929688,63.77999877929688,62.709999084472656,63.060001373291016,40.587528228759766,4859500,1422.949951171875
2007-01-23,63.0,63.75,62.84000015258789,63.36000061035156,40.78063583374024,2890400,1427.989990234375
2007-01-24,63.290000915527344,63.95000076293945,63.2599983215332,63.709999084472656,41.00590133666992,2388200,1440.1300048828125
2007-01-25,63.58000183105469,63.91999816894531,62.93999862670898,63.119998931884766,40.626163482666016,2618600,1423.9000244140625
2007-01-26,63.34999847412109,63.630001068115234,62.88999938964844,63.470001220703125,40.8514404296875,2476800,1422.1800537109375
2007-01-29,63.65999984741211,64.08000183105469,63.27000045776367,63.52999877929688,40.89003753662109,2308000,1420.6199951171875
2007-01-30,63.59999847412109,64.12000274658203,63.59999847412109,64.0,41.19254684448242,3046600,1428.8199462890625
2007-01-31,61.560001373291016,61.93999862670898,60.04999923706055,60.15999984741211,38.72099304199219,12317000,1438.239990234375
2007-02-01,60.25,61.2599983215332,59.52000045776367,61.0,39.26165008544922,5705700,1445.93994140625
2007-02-02,60.95000076293945,61.209999084472656,60.54999923706055,61.18999862670898,39.38395309448242,3244900,1448.3900146484375
2007-02-05,60.970001220703125,61.209999084472656,60.70000076293945,61.18000030517578,39.37750625610352,3313300,1446.989990234375
2007-02-06,61.400001525878906,61.900001525878906,61.27999877929688,61.66999816894531,39.69288635253906,2867500,1448.0
2007-02-07,61.65999984741211,61.900001525878906,61.540000915527344,61.540000915527344,39.60921859741211,2226600,1450.02001953125
2007-02-08,61.5,61.7599983215332,61.33000183105469,61.52999877929688,39.60277557373047,2762200,1448.31005859375
2007-02-09,61.70000076293945,61.720001220703125,60.720001220703125,61.08000183105469,39.31314086914063,2535500,1438.06005859375
2007-02-12,61.25,61.400001525878906,60.88999938964844,60.900001525878906,39.19729995727539,2353400,1433.3699951171875
2007-02-13,60.90999984741211,61.400001525878906,60.900001525878906,61.20000076293945,39.390380859375,3545600,1444.260009765625
2007-02-14,61.400001525878906,62.150001525878906,61.27000045776367,61.880001068115234,39.82804107666016,3546400,1455.300048828125
2007-02-15,61.709999084472656,62.400001525878906,61.709999084472656,62.27000045776367,40.07906723022461,3394500,1456.81005859375
2007-02-16,61.93999862670898,62.43999862670898,61.869998931884766,62.18000030517578,40.02113723754883,2651200,1455.5400390625
2007-02-20,62.150001525878906,62.2400016784668,61.77999877929688,62.2400016784668,40.059757232666016,1842600,1459.6800537109375
2007-02-21,61.900001525878906,62.13999938964844,61.75,61.83000183105469,39.79586791992188,2989400,1457.6300048828125
2007-02-22,61.77000045776367,62.400001525878906,61.70000076293945,62.0099983215332,39.91173553466797,1856800,1456.3800048828125
2007-02-23,61.619998931884766,61.900001525878906,61.040000915527344,61.27999877929688,39.44186782836914,3058500,1451.18994140625
2007-02-26,61.58000183105469,61.77000045776367,61.33000183105469,61.43999862670898,39.54486083984375,1829700,1449.3699951171875
2007-02-27,60.970001220703125,61.27000045776367,59.77999877929688,60.18999862670898,38.74031829833984,3252600,1399.0400390625
2007-02-28,60.119998931884766,60.52999877929688,59.70000076293945,60.11000061035156,38.68881607055664,4356800,1406.8199462890625
2007-03-01,59.04999923706055,60.09999847412109,59.040000915527344,59.93000030517578,38.57297134399414,5046100,1403.1700439453125
2007-03-02,59.5099983215332,59.88999938964844,59.34999847412109,59.59999847412109,38.36054992675781,2987700,1387.1700439453125
2007-03-05,59.25,59.540000915527344,59.02000045776367,59.09999847412109,38.03873825073242,2998200,1374.1199951171875
2007-03-06,59.25,59.77000045776367,58.75,59.630001068115234,38.3798828125,3096900,1395.4100341796875
2007-03-07,59.150001525878906,59.2400016784668,58.84999847412109,58.93000030517578,38.17259216308594,3440400,1391.969970703125
2007-03-08,59.09999847412109,59.720001220703125,59.0,59.59000015258789,38.6001205444336,4098300,1401.8900146484375
2007-03-09,59.9900016784668,60.18999862670898,59.880001068115234,60.09999847412109,38.930458068847656,2701200,1402.8399658203125
2007-03-12,60.02999877929688,60.34000015258789,59.93000030517578,60.130001068115234,38.94990539550781,1985800,1406.5999755859375
2007-03-13,59.869998931884766,60.15999984741211,59.06999969482422,59.130001068115234,38.30215072631836,3050500,1377.949951171875
2007-03-14,59.18000030517578,59.43999862670898,58.27999877929688,59.29999923706055,38.412254333496094,3217300,1387.1700439453125
2007-03-15,59.29999923706055,60.33000183105469,59.29999923706055,59.63999938964844,38.63248825073242,3234400,1392.280029296875
2007-03-16,59.880001068115234,60.15999984741211,59.61000061035156,59.70000076293945,38.671363830566406,4117900,1386.949951171875
2007-03-19,59.810001373291016,60.470001220703125,59.810001373291016,60.18999862670898,38.98877716064453,1956600,1402.06005859375
2007-03-20,60.20000076293945,60.77999877929688,60.16999816894531,60.59999847412109,39.254356384277344,2710300,1410.93994140625
2007-03-21,60.4900016784668,61.06999969482422,60.09999847412109,60.84000015258789,39.40982437133789,3613700,1435.0400390625
2007-03-22,60.77000045776367,61.220001220703125,60.709999084472656,60.84000015258789,39.40982437133789,2137200,1434.5400390625
2007-03-23,60.900001525878906,61.310001373291016,60.75,60.77999877929688,39.37094879150391,2469800,1436.1099853515625
2007-03-26,60.790000915527344,61.0,60.20000076293945,60.77000045776367,39.364479064941406,1985300,1437.5
2007-03-27,60.66999816894531,60.88999938964844,60.34999847412109,60.41999816894531,39.13775634765625,2120000,1428.6099853515625
2007-03-28,60.41999816894531,60.470001220703125,59.7400016784668,59.86000061035156,38.77500534057617,2699000,1417.22998046875
2007-03-29,60.119998931884766,60.400001525878906,59.77000045776367,60.15999984741211,38.96934127807617,1762200,1422.530029296875
2007-03-30,60.34999847412109,60.61000061035156,59.619998931884766,60.060001373291016,38.90454864501953,1998500,1420.8599853515625
2007-04-02,60.20000076293945,60.209999084472656,59.5,59.58000183105469,38.59363555908203,2543200,1424.550048828125
2007-04-03,59.619998931884766,59.79999923706055,59.459999084472656,59.61000061035156,38.61308288574219,2545500,1437.77001953125
2007-04-04,59.79999923706055,60.0099983215332,59.5,60.0,38.86568832397461,2705700,1439.3699951171875
2007-04-05,59.79999923706055,60.41999816894531,59.75,60.31999969482422,39.072975158691406,1964800,1443.760009765625
2007-04-09,60.45000076293945,60.45000076293945,60.09999847412109,60.36000061035156,39.098899841308594,1533200,1444.6099853515625
2007-04-10,60.130001068115234,60.68000030517578,60.040000915527344,60.66999816894531,39.29970932006836,1708600,1448.3900146484375
2007-04-11,60.68000030517578,61.36000061035156,60.66999816894531,60.88999938964844,39.44221115112305,3079500,1438.8699951171875
2007-04-12,60.970001220703125,61.0099983215332,60.43999862670898,60.9900016784668,39.50698471069336,1930700,1447.800048828125
2007-04-13,61.20000076293945,61.95000076293945,61.0,61.33000183105469,39.72721099853516,3166200,1452.8499755859375
2007-04-16,61.380001068115234,62.150001525878906,61.33000183105469,61.56999969482422,39.8826789855957,3018000,1468.3299560546875
2007-04-17,61.540000915527344,61.59000015258789,60.970001220703125,61.29999923706055,39.70777893066406,2950400,1471.47998046875
2007-04-18,61.220001220703125,61.79999923706055,61.220001220703125,61.27000045776367,39.688358306884766,4130600,1472.5
2007-04-19,60.5,61.560001373291016,60.5,61.130001068115234,39.5976791381836,4926000,1470.72998046875
2007-04-20,61.68000030517578,62.61000061035156,61.5,62.4900016784668,40.478614807128906,6282600,1484.3499755859375
2007-04-23,62.650001525878906,62.77999877929688,62.06999969482422,62.130001068115234,40.24543762207031,2668500,1480.9300537109375
2007-04-24,62.040000915527344,62.43000030517578,61.810001373291016,62.15999984741211,40.26485061645508,3349300,1480.4100341796875
2007-04-25,62.70000076293945,63.5,62.400001525878906,63.27999877929688,40.990352630615234,3915400,1495.4200439453125
2007-04-26,63.09000015258789,63.47999954223633,63.04999923706055,63.310001373291016,41.009796142578125,3497500,1494.25
2007-04-27,63.119998931884766,63.29999923706055,62.619998931884766,62.630001068115234,40.56930541992188,3362500,1494.0699462890625
2007-04-30,62.84000015258789,62.84000015258789,62.13999938964844,62.31999969482422,40.368499755859375,3691100,1482.3699951171875
2007-05-01,62.68999862670898,62.70000076293945,61.93000030517578,62.459999084472656,40.45920181274414,2692100,1486.300048828125
2007-05-02,62.459999084472656,63.06999969482422,62.29999923706055,62.84999847412109,40.71180725097656,3150100,1495.9200439453125
2007-05-03,63.02000045776367,63.18000030517578,62.709999084472656,63.02000045776367,40.82192993164063,2125800,1502.3900146484375
2007-05-04,63.290000915527344,63.31999969482422,62.52000045776367,62.84000015258789,40.70533752441406,2400600,1505.6199951171875
2007-05-07,62.9900016784668,63.38999938964844,62.90999984741211,63.34000015258789,41.02923202514648,1429900,1509.47998046875
2007-05-08,63.060001373291016,63.38999938964844,63.0099983215332,63.27999877929688,40.990352630615234,1477800,1507.719970703125
2007-05-09,62.95000076293945,63.470001220703125,62.84999847412109,63.470001220703125,41.11343765258789,2407300,1512.5799560546875
2007-05-10,63.36000061035156,63.5,63.16999816894531,63.20000076293945,40.93853759765625,2496700,1491.469970703125
2007-05-11,63.40999984741211,63.72999954223633,63.2400016784668,63.45000076293945,41.10048294067383,2697900,1505.8499755859375
2007-05-14,63.59999847412109,63.70000076293945,62.709999084472656,62.86000061035156,40.7182846069336,3809800,1503.1500244140625
2007-05-15,63.0,63.18999862670898,62.58000183105469,62.65999984741211,40.588748931884766,2956400,1501.18994140625
2007-05-16,62.90999984741211,63.06999969482422,62.560001373291016,62.720001220703125,40.62762069702149,2869300,1514.1400146484375
2007-05-17,62.54999923706055,62.81999969482422,62.43999862670898,62.4900016784668,40.478614807128906,1702800,1512.75
2007-05-18,62.45000076293945,62.790000915527344,62.29999923706055,62.75,40.64704895019531,2798800,1522.75
2007-05-21,62.9900016784668,63.0,62.59999847412109,62.61000061035156,40.55634307861328,2645800,1525.0999755859375
2007-05-22,62.59999847412109,62.59999847412109,61.59999847412109,61.91999816894531,40.1093978881836,3771800,1524.1199951171875
2007-05-23,61.93999862670898,62.459999084472656,61.84999847412109,62.16999816894531,40.27133941650391,4316900,1522.280029296875
2007-05-24,61.91999816894531,62.459999084472656,61.40999984741211,61.5099983215332,39.84383773803711,3474500,1507.510009765625
2007-05-25,61.58000183105469,61.77000045776367,61.220001220703125,61.400001525878906,39.77256393432617,2638500,1515.72998046875
2007-05-29,61.65999984741211,61.720001220703125,61.41999816894531,61.59999847412109,39.90210723876953,2241800,1518.1099853515625
2007-05-30,61.11000061035156,61.70000076293945,61.02999877929688,61.68999862670898,40.20845413208008,2775900,1530.22998046875
2007-05-31,61.720001220703125,62.0,61.290000915527344,61.5,40.08462142944336,3908200,1530.6199951171875
2007-06-01,61.52999877929688,61.630001068115234,61.2599983215332,61.58000183105469,40.13674545288086,3768800,1536.3399658203125
2007-06-04,61.25,61.70000076293945,61.25,61.68000030517578,40.20193862915039,2565700,1539.1800537109375
2007-06-05,61.58000183105469,61.70000076293945,61.25,61.34000015258789,39.98033905029297,3409500,1530.949951171875
2007-06-06,61.29999923706055,61.400001525878906,61.20000076293945,61.22999954223633,39.90864562988281,2261000,1517.3800048828125
2007-06-07,61.04999923706055,61.59999847412109,60.470001220703125,60.54999923706055,39.46541213989258,4187300,1490.719970703125
2007-06-08,60.59999847412109,60.959999084472656,60.290000915527344,60.84999847412109,39.66095733642578,3270000,1507.6700439453125
2007-06-11,60.630001068115234,61.380001068115234,60.5,61.130001068115234,39.84345626831055,3072400,1509.1199951171875
2007-06-12,61.04999923706055,61.41999816894531,60.619998931884766,60.650001525878906,39.53058624267578,3350700,1493.0
2007-06-13,60.84000015258789,61.52999877929688,60.709999084472656,61.4900016784668,40.07810592651367,2743700,1515.6700439453125
2007-06-14,61.5,61.810001373291016,61.38999938964844,61.52000045776367,40.09766006469727,2128000,1522.969970703125
2007-06-15,61.66999816894531,61.88999938964844,61.34999847412109,61.380001068115234,40.00640869140625,3887200,1532.9100341796875
2007-06-18,61.56999969482422,62.0,61.5,61.619998931884766,40.16283416748047,2271100,1531.050048828125
2007-06-19,61.59000015258789,62.33000183105469,61.56999969482422,62.16999816894531,40.52132415771485,3404000,1533.699951171875
2007-06-20,62.16999816894531,62.81999969482422,61.040000915527344,61.130001068115234,39.84345626831055,3464800,1512.8399658203125
2007-06-21,60.93999862670898,61.81999969482422,60.79999923706055,61.59000015258789,40.14327621459961,3187900,1522.18994140625
2007-06-22,61.34999847412109,61.47999954223633,60.93999862670898,61.18000030517578,39.87603759765625,4255000,1502.56005859375
2007-06-25,61.380001068115234,61.88999938964844,60.86000061035156,61.119998931884766,39.83693313598633,3006100,1497.739990234375
2007-06-26,61.150001525878906,61.43999862670898,60.84999847412109,60.970001220703125,39.73917007446289,4082700,1492.8900146484375
2007-06-27,60.54999923706055,60.84999847412109,60.220001220703125,60.59000015258789,39.49150085449219,3120900,1506.3399658203125
2007-06-28,60.650001525878906,61.810001373291016,60.290000915527344,61.400001525878906,40.01944351196289,4839200,1505.7099609375
2007-06-29,61.59999847412109,62.09000015258789,61.18999862670898,61.5099983215332,40.091121673583984,3126000,1503.3499755859375
2007-07-02,61.84999847412109,62.150001525878906,61.59999847412109,61.7400016784668,40.24104690551758,3166100,1519.4300537109375
2007-07-03,62.0,62.45000076293945,61.95000076293945,62.09000015258789,40.46917724609375,1882200,1524.8699951171875
2007-07-05,62.20000076293945,62.310001373291016,61.560001373291016,61.81999969482422,40.29318237304688,2481700,1525.4000244140625
2007-07-06,61.68000030517578,61.88999938964844,61.43999862670898,61.790000915527344,40.27362823486328,1784800,1530.43994140625
2007-07-09,61.790000915527344,62.130001068115234,61.59999847412109,61.65999984741211,40.18889617919922,2653100,1531.8499755859375
2007-07-10,61.310001373291016,61.58000183105469,60.900001525878906,60.93000030517578,39.71310806274414,3525000,1510.1199951171875
2007-07-11,60.95000076293945,61.18999862670898,60.619998931884766,60.95000076293945,39.72613525390625,2648600,1518.760009765625
2007-07-12,60.9900016784668,61.81999969482422,60.790000915527344,61.43000030517578,40.03898620605469,3261300,1547.699951171875
2007-07-13,60.5099983215332,61.220001220703125,60.34000015258789,61.04999923706055,39.791316986083984,3213000,1552.5
2007-07-16,60.83000183105469,61.04999923706055,60.650001525878906,60.7599983215332,39.602298736572266,2044200,1549.52001953125
2007-07-17,60.540000915527344,60.61000061035156,60.06999969482422,60.41999816894531,39.38068008422852,3066100,1549.3699951171875
2007-07-18,60.13999938964844,60.7599983215332,59.88999938964844,60.560001373291016,39.47193145751953,4196400,1546.1700439453125
2007-07-19,60.400001525878906,60.4900016784668,59.0,59.11000061035156,38.52684783935547,7245100,1553.0799560546875
2007-07-20,59.11000061035156,59.11000061035156,57.25,57.369998931884766,37.39274978637695,9470900,1534.0999755859375
2007-07-23,57.81999969482422,58.04999923706055,57.45000076293945,57.52999877929688,37.49702072143555,4727600,1541.5699462890625
2007-07-24,57.34999847412109,57.400001525878906,55.459999084472656,55.79999923706055,36.36946487426758,6896600,1511.0400390625
2007-07-25,56.34999847412109,56.4900016784668,55.52999877929688,56.0,36.499794006347656,7075700,1518.0899658203125
2007-07-26,55.70000076293945,56.04999923706055,54.650001525878906,55.09000015258789,35.90668869018555,9852600,1482.6600341796875
2007-07-27,55.25,55.290000915527344,53.18999862670898,53.5,34.870361328125,9428500,1458.949951171875
2007-07-30,53.650001525878906,54.709999084472656,53.27999877929688,54.380001068115234,35.44392776489258,7187400,1473.9100341796875
2007-07-31,55.0099983215332,55.63999938964844,53.06999969482422,53.150001525878906,34.642234802246094,8470800,1455.27001953125
2007-08-01,53.0,53.70000076293945,51.150001525878906,53.52999877929688,34.8899040222168,8184900,1465.81005859375
2007-08-02,54.5,55.369998931884766,53.220001220703125,53.77999877929688,35.052852630615234,6919200,1472.199951171875
2007-08-03,53.650001525878906,53.75,51.59999847412109,51.61000061035156,33.63847732543945,6804300,1433.06005859375
2007-08-06,51.709999084472656,54.27000045776367,50.95000076293945,54.27000045776367,35.37223434448242,7643200,1467.6700439453125
2007-08-07,53.88999938964844,54.880001068115234,53.400001525878906,54.27000045776367,35.37223434448242,5480100,1476.7099609375
2007-08-08,54.40999984741211,54.77999877929688,53.310001373291016,54.130001068115234,35.28098678588867,5672100,1497.489990234375
2007-08-09,52.79999923706055,54.0099983215332,51.15999984741211,51.16999816894531,33.35170364379883,6219000,1453.0899658203125
2007-08-10,51.18000030517578,52.709999084472656,50.25,52.09000015258789,33.95134353637695,7081400,1453.6400146484375
2007-08-13,52.459999084472656,53.29999923706055,52.13999938964844,52.29999923706055,34.08821487426758,4744300,1452.9200439453125
2007-08-14,52.43000030517578,53.650001525878906,51.959999084472656,52.369998931884766,34.133827209472656,4435700,1426.5400390625
2007-08-15,52.540000915527344,54.04999923706055,52.41999816894531,52.68000030517578,34.335899353027344,5157500,1406.699951171875
2007-08-16,51.84999847412109,55.45000076293945,51.84999847412109,54.869998931884766,35.763301849365234,5999700,1411.27001953125
2007-08-17,56.56999969482422,57.75,54.970001220703125,56.40999984741211,36.76704788208008,6666000,1445.93994140625
2007-08-20,56.40999984741211,56.5099983215332,54.619998931884766,55.34000015258789,36.06963348388672,3512700,1445.550048828125
2007-08-21,54.970001220703125,55.84999847412109,54.75,55.09999847412109,35.913211822509766,2404000,1447.1199951171875
2007-08-22,55.86000061035156,56.75,55.40999984741211,56.43999862670898,36.786582946777344,3637300,1464.0699462890625
2007-08-23,56.619998931884766,56.90999984741211,55.7400016784668,55.9900016784668,36.49330139160156,2722400,1462.5
2007-08-24,56.22999954223633,56.91999816894531,55.959999084472656,56.86000061035156,37.06035614013672,2466800,1479.3699951171875
2007-08-27,56.63999938964844,56.84999847412109,56.27999877929688,56.27999877929688,36.682315826416016,1956500,1466.7900390625
2007-08-28,55.93999862670898,56.040000915527344,54.58000183105469,54.709999084472656,35.659027099609375,4348800,1432.3599853515625
2007-08-29,54.70000076293945,54.93999862670898,53.91999816894531,54.93000030517578,36.05281448364258,3172600,1463.760009765625
2007-08-30,54.290000915527344,54.70000076293945,54.02000045776367,54.22999954223633,35.593379974365234,3589000,1457.6400146484375
2007-08-31,54.84000015258789,55.06999969482422,54.25,54.75,35.934669494628906,3631100,1473.989990234375
2007-09-04,54.75,55.59999847412109,54.41999816894531,55.310001373291016,36.302223205566406,2860100,1489.4200439453125
2007-09-05,54.970001220703125,55.08000183105469,54.54999923706055,54.790000915527344,35.9609260559082,2780700,1472.2900390625
2007-09-06,54.619998931884766,55.18999862670898,54.02999877929688,54.59999847412109,35.83622360229492,3199400,1478.550048828125
2007-09-07,54.150001525878906,54.45000076293945,53.400001525878906,53.900001525878906,35.37677001953125,4026600,1453.550048828125
2007-09-10,54.060001373291016,54.27999877929688,53.18000030517578,53.40999984741211,35.055179595947266,3267000,1451.699951171875
2007-09-11,53.72999954223633,54.34999847412109,53.68999862670898,54.09000015258789,35.50149917602539,3198300,1471.489990234375
2007-09-12,53.869998931884766,54.86000061035156,53.869998931884766,54.470001220703125,35.75089645385742,3607100,1471.56005859375
2007-09-13,54.81999969482422,55.0,54.34999847412109,54.810001373291016,35.97405242919922,2306200,1483.949951171875
2007-09-14,54.59000015258789,54.84999847412109,54.380001068115234,54.7599983215332,35.941246032714844,1991100,1484.25
2007-09-17,54.68000030517578,54.7400016784668,54.09000015258789,54.61000061035156,35.842796325683594,2850200,1476.6500244140625
2007-09-18,54.97999954223633,56.130001068115234,54.720001220703125,55.91999816894531,36.702598571777344,4415400,1519.780029296875
2007-09-19,56.470001220703125,56.77999877929688,56.11000061035156,56.38999938964844,37.01107406616211,4053300,1529.030029296875
2007-09-20,56.380001068115234,56.790000915527344,55.84999847412109,55.880001068115234,36.67633056640625,5623800,1518.75
2007-09-21,55.970001220703125,56.43999862670898,55.540000915527344,55.880001068115234,36.67633056640625,6758100,1525.75
2007-09-24,55.880001068115234,56.02000045776367,55.18000030517578,55.400001525878906,36.361305236816406,3106600,1517.72998046875
2007-09-25,55.20000076293945,55.56999969482422,55.0099983215332,55.36000061035156,36.335052490234375,2971600,1517.2099609375
2007-09-26,55.650001525878906,56.22999954223633,55.41999816894531,55.70000076293945,36.55820083618164,2892100,1525.4200439453125
2007-09-27,55.810001373291016,56.47999954223633,55.72999954223633,56.34000015258789,36.978248596191406,2307000,1531.3800048828125
2007-09-28,56.27000045776367,57.59000015258789,56.150001525878906,57.18999862670898,37.53614807128906,4976700,1526.75
2007-10-01,57.38999938964844,58.52999877929688,57.380001068115234,58.34999847412109,38.297508239746094,4112200,1547.0400390625
2007-10-02,58.58000183105469,59.09999847412109,58.13999938964844,58.29999923706055,38.26469802856445,2577100,1546.6300048828125
2007-10-03,58.150001525878906,58.66999816894531,58.0,58.2599983215332,38.23843383789063,2041900,1539.5899658203125
2007-10-04,58.540000915527344,58.83000183105469,58.36000061035156,58.45000076293945,38.36313629150391,1796800,1542.8399658203125
2007-10-05,58.880001068115234,59.22999954223633,58.650001525878906,58.84000015258789,38.619117736816406,2333600,1557.5899658203125
2007-10-08,58.400001525878906,58.75,58.18999862670898,58.41999816894531,38.343448638916016,2000200,1552.5799560546875
2007-10-09,58.68999862670898,58.869998931884766,58.29999923706055,58.83000183105469,38.61255645751953,2579900,1565.1500244140625
2007-10-10,58.650001525878906,59.0,58.33000183105469,58.52000045776367,38.40908050537109,2179500,1562.469970703125
2007-10-11,58.709999084472656,58.95000076293945,58.09999847412109,58.310001373291016,38.27125930786133,2306500,1554.4100341796875
2007-10-12,58.400001525878906,59.09999847412109,58.31999969482422,58.810001373291016,38.599422454833984,2202000,1561.800048828125
2007-10-15,58.95000076293945,59.220001220703125,58.150001525878906,58.56999969482422,38.44189453125,3099500,1548.7099609375
2007-10-16,58.310001373291016,58.31999969482422,57.369998931884766,57.52000045776367,37.75275039672852,3315500,1538.530029296875
2007-10-17,58.040000915527344,58.06999969482422,56.810001373291016,57.58000183105469,37.7921257019043,3430600,1541.239990234375
2007-10-18,56.2599983215332,56.54999923706055,54.810001373291016,55.54999923706055,36.459754943847656,8421000,1540.0799560546875
2007-10-19,55.09000015258789,55.16999816894531,54.02999877929688,54.4900016784668,35.764034271240234,8691600,1500.6300048828125
2007-10-22,54.11000061035156,54.959999084472656,53.7400016784668,54.45000076293945,35.737770080566406,3871900,1506.3299560546875
2007-10-23,54.63999938964844,54.70000076293945,53.06999969482422,53.36000061035156,35.022361755371094,5352800,1519.5899658203125
2007-10-24,53.2599983215332,53.27000045776367,51.29999923706055,53.0099983215332,34.79264831542969,6385400,1515.8800048828125
2007-10-25,53.09999847412109,53.400001525878906,51.83000183105469,52.34999847412109,34.35946273803711,4534700,1514.4000244140625
2007-10-26,52.95000076293945,53.400001525878906,51.9900016784668,52.43000030517578,34.41195297241211,4431300,1535.280029296875
2007-10-29,52.5,52.72999954223633,51.93999862670898,52.08000183105469,34.182247161865234,3955400,1540.97998046875
2007-10-30,51.79999923706055,52.4900016784668,51.66999816894531,51.68000030517578,33.919681549072266,3840400,1531.02001953125
2007-10-31,51.77999877929688,52.900001525878906,51.70000076293945,52.400001525878906,34.392269134521484,6451600,1549.3800048828125
2007-11-01,51.88999938964844,52.0,51.310001373291016,51.47999954223633,33.788448333740234,4969600,1508.43994140625
2007-11-02,51.52000045776367,51.650001525878906,50.220001220703125,51.25,33.63747787475586,8115800,1509.6500244140625
2007-11-05,50.27000045776367,51.54999923706055,50.27000045776367,50.72999954223633,33.29618453979492,5126600,1502.1700439453125
2007-11-06,50.77000045776367,51.31999969482422,50.380001068115234,51.27999877929688,33.65716552734375,3744000,1520.27001953125
2007-11-07,52.0,52.0,50.75,50.83000183105469,33.3618278503418,5954700,1475.6199951171875
2007-11-08,51.08000183105469,52.54999923706055,50.9900016784668,52.4900016784668,34.45134735107422,6703300,1474.77001953125
2007-11-09,51.900001525878906,54.040000915527344,51.560001373291016,53.130001068115234,34.87140274047852,4751600,1453.699951171875
2007-11-12,52.84999847412109,54.470001220703125,52.84999847412109,53.18000030517578,34.904239654541016,3326700,1439.1800537109375
2007-11-13,53.72999954223633,54.72999954223633,53.41999816894531,54.65999984741211,35.875606536865234,3157700,1481.050048828125
2007-11-14,54.97999954223633,55.25,53.84000015258789,53.959999084472656,35.41616439819336,3670200,1470.5799560546875
2007-11-15,53.95000076293945,54.59999847412109,52.90999984741211,53.209999084472656,34.92390060424805,5241200,1451.1500244140625
2007-11-16,54.0,54.630001068115234,52.04999923706055,52.63999938964844,34.5497932434082,5889400,1458.739990234375
2007-11-19,52.40999984741211,52.40999984741211,51.02999877929688,51.20000076293945,33.60466384887695,5542900,1433.27001953125
2007-11-20,51.40999984741211,51.84000015258789,50.34999847412109,50.84000015258789,33.36838150024414,7168500,1439.699951171875
2007-11-21,50.31999969482422,50.400001525878906,48.900001525878906,49.220001220703125,32.30510711669922,6955800,1416.77001953125
2007-11-23,49.52000045776367,50.43000030517578,49.25,50.09000015258789,32.876129150390625,2350700,1440.699951171875
2007-11-26,50.09999847412109,50.34000015258789,49.290000915527344,49.400001525878906,32.423248291015625,6170100,1407.219970703125
2007-11-27,49.7599983215332,51.31999969482422,49.400001525878906,50.77999877929688,33.32899856567383,6721200,1428.22998046875
2007-11-28,50.75,52.02000045776367,50.68000030517578,51.79999923706055,34.25479888916016,6692300,1469.02001953125
2007-11-29,51.52999877929688,51.52999877929688,50.54999923706055,51.27000045776367,33.904319763183594,3376600,1469.719970703125
2007-11-30,51.77999877929688,52.380001068115234,50.79999923706055,51.119998931884766,33.80512237548828,5729400,1481.1400146484375
2007-12-03,50.70000076293945,51.4900016784668,50.2599983215332,51.29999923706055,33.924156188964844,3851400,1472.4200439453125
2007-12-04,50.88999938964844,51.5,50.560001373291016,50.70000076293945,33.52739334106445,4220400,1462.7900390625
2007-12-05,51.06999969482422,51.91999816894531,51.02999877929688,51.790000915527344,34.24820709228516,3784000,1485.010009765625
2007-12-06,51.560001373291016,52.959999084472656,51.560001373291016,52.869998931884766,34.96237564086914,3212500,1507.3399658203125
2007-12-07,52.900001525878906,53.2400016784668,52.310001373291016,52.459999084472656,34.691261291503906,2470100,1504.6600341796875
2007-12-10,53.86000061035156,54.43999862670898,53.119998931884766,54.16999816894531,35.82206344604492,3954800,1515.9599609375
2007-12-11,54.220001220703125,55.5,52.40999984741211,52.52000045776367,34.73094177246094,5528700,1477.6500244140625
2007-12-12,53.59000015258789,53.59000015258789,51.290000915527344,52.2599983215332,34.558990478515625,8778500,1486.5899658203125
2007-12-13,51.900001525878906,52.43999862670898,51.43000030517578,52.34000015258789,34.611900329589844,4018800,1488.4100341796875
2007-12-14,52.0,52.470001220703125,51.54999923706055,51.58000183105469,34.109336853027344,3083900,1467.949951171875
2007-12-17,51.459999084472656,52.2400016784668,51.31999969482422,51.40999984741211,33.996910095214844,3760300,1445.9000244140625
2007-12-18,51.68000030517578,51.95000076293945,50.619998931884766,51.380001068115234,33.97705841064453,3484000,1454.97998046875
2007-12-19,51.290000915527344,51.290000915527344,49.900001525878906,50.34000015258789,33.2893180847168,5356300,1453.0
2007-12-20,50.61000061035156,50.84999847412109,49.54999923706055,50.02999877929688,33.08433151245117,3352400,1460.1199951171875
2007-12-21,50.52000045776367,51.95000076293945,50.40999984741211,51.88999938964844,34.314308166503906,6064200,1484.4599609375
2007-12-24,51.81999969482422,52.95000076293945,51.81999969482422,52.84999847412109,34.94915771484375,1663100,1496.449951171875
2007-12-26,52.470001220703125,52.93999862670898,52.20000076293945,52.810001373291016,34.92272186279297,2493800,1497.6600341796875
2007-12-27,52.619998931884766,52.84999847412109,52.0099983215332,52.02999877929688,34.40689849853516,2488000,1476.27001953125
2007-12-28,52.63999938964844,52.72999954223633,51.84000015258789,52.18999862670898,34.51271057128906,2445400,1478.489990234375
2007-12-31,52.02999877929688,52.619998931884766,52.0099983215332,52.22999954223633,34.53916931152344,2640400,1468.3599853515625
2008-01-02,52.25,52.43999862670898,50.9900016784668,51.150001525878906,33.82496643066406,3762300,1447.1600341796875
2008-01-03,51.220001220703125,51.540000915527344,50.75,51.02999877929688,33.745609283447266,3019300,1447.1600341796875
2008-01-04,51.84000015258789,51.93999862670898,50.84999847412109,51.08000183105469,33.778690338134766,4124200,1411.6300048828125
2008-01-07,51.47999954223633,51.619998931884766,50.52999877929688,51.119998931884766,33.80512237548828,4457700,1416.1800537109375
2008-01-08,51.27999877929688,51.68000030517578,50.310001373291016,50.5,33.395137786865234,4297600,1390.18994140625
2008-01-09,50.459999084472656,51.209999084472656,50.130001068115234,51.209999084472656,33.86464309692383,4606600,1409.1300048828125
2008-01-10,50.7599983215332,52.68999862670898,50.59000015258789,51.79999923706055,34.25479888916016,5067700,1420.3299560546875
2008-01-11,51.43000030517578,52.09000015258789,50.70000076293945,51.4900016784668,34.049800872802734,3419000,1401.02001953125
2008-01-14,51.79999923706055,52.45000076293945,51.5099983215332,52.20000076293945,34.51932144165039,2995600,1416.25
2008-01-15,51.650001525878906,51.900001525878906,50.83000183105469,51.16999816894531,33.83820724487305,3557200,1380.949951171875
2008-01-16,51.0,51.93999862670898,49.95000076293945,50.93000030517578,33.67949676513672,5312300,1373.199951171875
2008-01-17,50.869998931884766,50.970001220703125,49.40999984741211,49.58000183105469,32.7867546081543,5529300,1333.25
2008-01-18,49.81999969482422,50.0,47.68999862670898,48.459999084472656,32.046085357666016,5807600,1325.18994140625
2008-01-22,46.2599983215332,49.630001068115234,46.2599983215332,49.119998931884766,32.482547760009766,6497300,1310.5
2008-01-23,47.77000045776367,51.400001525878906,47.25,51.29999923706055,33.924156188964844,7351400,1338.5999755859375
2008-01-24,51.619998931884766,52.380001068115234,50.58000183105469,52.06999969482422,34.433349609375,6077900,1352.0699462890625
2008-01-25,52.58000183105469,52.58000183105469,49.93999862670898,50.45000076293945,33.362060546875,5060100,1330.6099853515625
2008-01-28,50.59999847412109,52.66999816894531,50.2599983215332,52.66999816894531,34.83012771606445,4840900,1353.9599609375
2008-01-29,52.470001220703125,52.900001525878906,51.790000915527344,52.25,34.55238723754883,5542700,1362.300048828125
2008-01-30,50.97999954223633,51.02000045776367,48.29999923706055,48.4900016784668,32.06594467163086,9797300,1355.81005859375
2008-01-31,47.75,49.88999938964844,47.5,49.220001220703125,32.54869079589844,9127400,1378.550048828125
2008-02-01,49.380001068115234,49.560001373291016,48.540000915527344,49.41999816894531,32.68092727661133,5638200,1395.4200439453125
2008-02-04,49.400001525878906,49.400001525878906,48.459999084472656,48.65999984741211,32.17835235595703,4078600,1380.8199462890625
2008-02-05,48.380001068115234,48.619998931884766,47.56999969482422,47.56999969482422,31.457563400268555,5174300,1336.6400146484375
2008-02-06,47.79999923706055,48.16999816894531,46.790000915527344,47.040000915527344,31.1070556640625,5866200,1326.449951171875
2008-02-07,46.68999862670898,48.060001373291016,46.68999862670898,47.66999816894531,31.523679733276367,11440900,1336.9100341796875
2008-02-08,47.5099983215332,47.5099983215332,46.43999862670898,46.56999969482422,30.79627799987793,4540000,1331.2900390625
2008-02-11,46.560001373291016,46.59999847412109,45.29999923706055,45.720001220703125,30.234174728393555,5212300,1339.1300048828125
2008-02-12,45.56999969482422,46.540000915527344,45.400001525878906,46.09999847412109,30.485456466674805,5343400,1348.8599853515625
2008-02-13,46.540000915527344,47.09999847412109,45.84999847412109,47.0,31.080638885498047,4452500,1367.2099609375
2008-02-14,46.91999816894531,47.61000061035156,46.16999816894531,46.58000183105469,30.802867889404297,6197800,1348.8599853515625
2008-02-15,46.43000030517578,46.5099983215332,45.65999984741211,46.18000030517578,30.538360595703125,7368500,1349.989990234375
2008-02-19,46.619998931884766,47.0,46.08000183105469,46.66999816894531,30.862382888793945,3635300,1348.780029296875
2008-02-20,46.36000061035156,47.34000015258789,46.0,47.119998931884766,31.15996551513672,3316300,1360.030029296875
2008-02-21,47.18999862670898,47.54999923706055,46.81999969482422,46.84999847412109,30.981416702270508,2682800,1342.530029296875
2008-02-22,46.9900016784668,47.63999938964844,46.2599983215332,47.63999938964844,31.50385284423828,3095800,1353.1099853515625
2008-02-25,47.58000183105469,48.290000915527344,47.060001373291016,48.18000030517578,31.86094856262207,2878000,1371.800048828125
2008-02-26,47.86000061035156,49.150001525878906,47.86000061035156,48.81999969482422,32.2841682434082,3746100,1381.2900390625
2008-02-27,48.70000076293945,49.959999084472656,48.70000076293945,49.52999877929688,32.75368118286133,4696200,1380.02001953125
2008-02-28,49.20000076293945,49.54999923706055,48.36000061035156,48.58000183105469,32.12545394897461,3324400,1367.6800537109375
2008-02-29,47.95000076293945,48.70000076293945,47.56999969482422,47.72999954223633,31.5633544921875,5295600,1330.6300048828125
2008-03-03,47.54999923706055,48.0,46.77999877929688,47.84000015258789,31.63611221313477,4619400,1331.3399658203125
2008-03-04,47.72999954223633,48.130001068115234,47.209999084472656,47.95000076293945,31.70884323120117,4746800,1326.75
2008-03-05,48.0,48.650001525878906,47.27000045776367,47.75,31.57657814025879,4043000,1333.699951171875
2008-03-06,47.43000030517578,47.63999938964844,46.68000030517578,46.709999084472656,30.888845443725582,3529100,1304.3399658203125
2008-03-07,46.540000915527344,47.68999862670898,46.22999954223633,47.02999877929688,31.10044860839844,4272600,1293.3699951171875
2008-03-10,46.97999954223633,47.59999847412109,46.619998931884766,47.0099983215332,31.08722305297852,4867700,1273.3699951171875
2008-03-11,48.15999984741211,48.75,47.27000045776367,48.5099983215332,32.07917022705078,4373300,1320.6500244140625
2008-03-12,48.38999938964844,48.38999938964844,46.70000076293945,46.709999084472656,31.15213203430176,4950100,1308.77001953125
2008-03-13,45.93000030517578,47.22999954223633,45.68999862670898,47.0,31.34556770324707,5678700,1315.47998046875
2008-03-14,47.18000030517578,47.29999923706055,45.43999862670898,45.7400016784668,30.50520896911621,4678700,1288.1400146484375
2008-03-17,44.560001373291016,46.56999969482422,44.560001373291016,45.970001220703125,30.65861701965332,5244700,1276.5999755859375
2008-03-18,46.369998931884766,48.0,46.310001373291016,47.93999862670898,31.972455978393555,6411900,1330.739990234375
2008-03-19,48.08000183105469,48.7400016784668,46.5,46.52000045776367,31.02541923522949,6681900,1298.4200439453125
2008-03-20,46.869998931884766,48.290000915527344,46.75,48.16999816894531,32.1258430480957,5319000,1329.510009765625
2008-03-24,48.459999084472656,49.29999923706055,47.63999938964844,48.0099983215332,32.01913833618164,4496800,1349.8800048828125
2008-03-25,47.83000183105469,48.470001220703125,47.2599983215332,48.16999816894531,32.1258430480957,3326200,1352.989990234375
2008-03-26,47.810001373291016,48.209999084472656,47.540000915527344,47.61000061035156,31.75238037109375,3086600,1341.1300048828125
2008-03-27,49.45000076293945,49.459999084472656,47.91999816894531,48.06999969482422,32.05916976928711,4376900,1325.760009765625
2008-03-28,48.209999084472656,48.650001525878906,47.4900016784668,47.56999969482422,31.72568893432617,2608900,1315.219970703125
2008-03-31,47.459999084472656,48.5,47.459999084472656,48.060001373291016,32.052490234375,2952600,1322.699951171875
2008-04-01,48.79999923706055,49.88999938964844,48.560001373291016,49.77999877929688,33.199588775634766,4868500,1370.1800537109375
2008-04-02,49.72999954223633,50.31999969482422,49.540000915527344,49.83000183105469,33.232940673828125,3664800,1367.530029296875
2008-04-03,49.459999084472656,49.68999862670898,48.93999862670898,49.18000030517578,32.7994270324707,3116700,1369.31005859375
2008-04-04,49.15999984741211,49.54999923706055,48.709999084472656,48.97999954223633,32.66606140136719,3320300,1370.4000244140625
2008-04-07,49.52999877929688,49.7599983215332,48.83000183105469,49.459999084472656,32.986183166503906,2814000,1372.5400390625
2008-04-08,49.09999847412109,49.15999984741211,48.560001373291016,48.70000076293945,32.47931289672852,2540200,1365.5400390625
2008-04-09,48.70000076293945,48.95000076293945,48.310001373291016,48.41999816894531,32.29257583618164,2473700,1354.489990234375
2008-04-10,48.33000183105469,48.93000030517578,47.970001220703125,48.59000015258789,32.40596389770508,2665300,1360.550048828125
2008-04-11,47.91999816894531,48.9900016784668,47.91999816894531,48.20000076293945,32.14585494995117,2991800,1332.8299560546875
2008-04-14,48.09000015258789,48.119998931884766,47.59999847412109,47.84999847412109,31.91243934631348,2594800,1328.3199462890625
2008-04-15,48.04999923706055,48.58000183105469,47.66999816894531,48.54999923706055,32.3792839050293,2853500,1334.4300537109375
2008-04-16,48.86000061035156,49.5,48.70000076293945,49.459999084472656,32.986183166503906,4018900,1364.7099609375
2008-04-17,49.209999084472656,50.11000061035156,49.209999084472656,49.869998931884766,33.25961685180664,2969600,1365.56005859375
2008-04-18,50.61000061035156,50.61000061035156,49.95000076293945,50.16999816894531,33.45969772338867,5424800,1390.3299560546875
2008-04-21,49.9900016784668,50.02999877929688,49.31999969482422,49.58000183105469,33.066219329833984,3361900,1388.1700439453125
2008-04-22,49.470001220703125,49.61000061035156,48.84000015258789,49.04999923706055,32.712738037109375,3122800,1375.93994140625
2008-04-23,50.0099983215332,50.09999847412109,48.20000076293945,48.630001068115234,32.43262481689453,5025200,1379.9300537109375
2008-04-24,48.11000061035156,50.220001220703125,48.11000061035156,49.93000030517578,33.29963684082031,5974200,1388.8199462890625
2008-04-25,50.209999084472656,50.31999969482422,49.29999923706055,50.0099983215332,33.35298156738281,3621900,1397.8399658203125
2008-04-28,49.79999923706055,50.5,49.79999923706055,50.15999984741211,33.45303726196289,3332300,1396.3699951171875
2008-04-29,50.06999969482422,50.810001373291016,49.880001068115234,50.65999984741211,33.78649139404297,3934600,1390.93994140625
2008-04-30,50.65999984741211,51.09000015258789,50.20000076293945,50.36000061035156,33.586429595947266,3878500,1385.5899658203125
2008-05-01,50.20000076293945,51.9900016784668,50.20000076293945,51.63999938964844,34.44008255004883,4556100,1409.3399658203125
2008-05-02,52.0,52.15999984741211,51.5,51.88999938964844,34.606815338134766,2833700,1413.9000244140625
2008-05-05,51.90999984741211,51.90999984741211,50.95000076293945,51.130001068115234,34.099952697753906,3303500,1407.489990234375
2008-05-06,50.63999938964844,51.2400016784668,50.5099983215332,51.130001068115234,34.099952697753906,3621600,1418.260009765625
2008-05-07,51.060001373291016,51.060001373291016,49.54999923706055,49.72999954223633,33.16624069213867,4753900,1392.5699462890625
2008-05-08,50.04999923706055,50.150001525878906,48.72999954223633,49.459999084472656,32.986183166503906,6118900,1397.6800537109375
2008-05-09,49.06999969482422,49.560001373291016,48.84999847412109,49.380001068115234,32.93280792236328,4910200,1388.280029296875
2008-05-12,49.40999984741211,49.7599983215332,49.04999923706055,49.68999862670898,33.13958740234375,2858600,1403.5799560546875
2008-05-13,49.93000030517578,49.970001220703125,49.34999847412109,49.68999862670898,33.13958740234375,3582800,1403.0400390625
2008-05-14,50.06999969482422,50.5099983215332,49.68999862670898,50.209999084472656,33.48637390136719,3381000,1408.6600341796875
2008-05-15,50.150001525878906,50.63999938964844,49.720001220703125,50.52999877929688,33.699798583984375,2325200,1423.5699462890625
2008-05-16,50.43999862670898,50.43999862670898,49.79999923706055,50.06999969482422,33.393009185791016,4361400,1425.3499755859375
2008-05-19,49.9900016784668,50.34000015258789,49.900001525878906,50.06999969482422,33.393009185791016,3747000,1426.6300048828125
2008-05-20,49.72999954223633,50.0,49.66999816894531,49.77999877929688,33.199588775634766,3061500,1413.4000244140625
2008-05-21,49.79999923706055,50.29999923706055,49.41999816894531,49.470001220703125,32.992855072021484,3340000,1390.7099609375
2008-05-22,49.43999862670898,50.25,49.2599983215332,50.20000076293945,33.47969436645508,3266000,1394.3499755859375
2008-05-23,50.150001525878906,50.31999969482422,49.790000915527344,49.91999816894531,33.292964935302734,3779100,1375.9300537109375
2008-05-27,50.040000915527344,50.66999816894531,49.84999847412109,50.380001068115234,33.59976577758789,4029800,1385.3499755859375
2008-05-28,50.43000030517578,50.5,49.93999862670898,50.43999862670898,33.91579818725586,4693700,1390.8399658203125
2008-05-29,50.34999847412109,51.54999923706055,50.310001373291016,51.22999954223633,34.44697570800781,4518200,1398.260009765625
2008-05-30,51.25,51.34999847412109,50.68999862670898,50.93999862670898,34.251983642578125,3898000,1400.3800048828125
2008-06-02,50.52000045776367,51.06999969482422,50.38999938964844,50.95000076293945,34.25870132446289,4151800,1385.6700439453125
2008-06-03,51.119998931884766,51.29999923706055,50.130001068115234,50.58000183105469,34.00991439819336,5376900,1377.6500244140625
2008-06-04,50.34999847412109,50.91999816894531,50.13999938964844,50.369998931884766,33.86871719360352,4541400,1377.199951171875
2008-06-05,50.68999862670898,51.209999084472656,50.38999938964844,51.13999938964844,34.386470794677734,5504900,1404.050048828125
2008-06-06,50.619998931884766,50.900001525878906,49.93999862670898,50.02999877929688,33.640113830566406,5137600,1360.6800537109375
2008-06-09,50.16999816894531,50.58000183105469,49.709999084472656,50.13999938964844,33.71406555175781,3446200,1361.760009765625
2008-06-10,49.75,50.790000915527344,49.650001525878906,50.18999862670898,33.74766540527344,3749000,1358.43994140625
2008-06-11,50.18999862670898,50.18999862670898,49.290000915527344,49.310001373291016,33.15597152709961,4627400,1335.489990234375
2008-06-12,49.68000030517578,50.470001220703125,49.34999847412109,49.77999877929688,33.47198867797852,4228900,1339.8699951171875
2008-06-13,50.06999969482422,50.18999862670898,49.11000061035156,49.88999938964844,33.54596328735352,4721800,1360.030029296875
2008-06-16,49.65999984741211,50.06999969482422,49.290000915527344,49.84999847412109,33.519065856933594,3108800,1360.1400146484375
2008-06-17,50.09999847412109,50.20000076293945,49.380001068115234,49.380001068115234,33.20302200317383,3785800,1350.9300537109375
2008-06-18,49.27999877929688,49.34999847412109,48.45000076293945,48.79999923706055,32.81305313110352,4566700,1337.81005859375
2008-06-19,48.59000015258789,49.15999984741211,48.09999847412109,48.650001525878906,32.712188720703125,4694200,1342.8299560546875
2008-06-20,48.459999084472656,48.88999938964844,47.790000915527344,47.88999938964844,32.20117950439453,6943300,1317.9300537109375
2008-06-23,48.040000915527344,48.27999877929688,47.5099983215332,47.560001373291016,31.97928047180176,4004100,1318.0
2008-06-24,47.29999923706055,47.93999862670898,47.09999847412109,47.459999084472656,31.91203498840332,4034200,1314.2900390625
2008-06-25,47.43000030517578,48.16999816894531,47.36000061035156,47.54999923706055,31.97255516052246,4512700,1321.969970703125
2008-06-26,47.09000015258789,47.7400016784668,46.650001525878906,46.720001220703125,31.414459228515625,5252100,1283.1500244140625
2008-06-27,46.81999969482422,47.02000045776367,46.400001525878906,46.52000045776367,31.279985427856445,5024700,1278.3800048828125
2008-06-30,46.5099983215332,46.630001068115234,45.4900016784668,45.59000015258789,30.65464973449707,5833800,1280.0
2008-07-01,45.29999923706055,46.34000015258789,45.25,46.2599983215332,31.10515785217285,5065900,1284.9100341796875
2008-07-02,46.52000045776367,47.04999923706055,46.20000076293945,46.72999954223633,31.42117691040039,4933600,1261.52001953125
2008-07-03,47.02999877929688,47.59999847412109,46.7599983215332,47.0,31.602754592895508,3344000,1262.9000244140625
2008-07-07,47.18000030517578,47.68000030517578,45.970001220703125,46.22999954223633,31.08498191833496,4455200,1252.31005859375
2008-07-08,46.16999816894531,47.18999862670898,45.93000030517578,47.09999847412109,31.66998291015625,6770900,1273.699951171875
2008-07-09,47.06999969482422,47.119998931884766,45.75,45.81999969482422,30.80929946899414,6369700,1244.68994140625
2008-07-10,45.40999984741211,45.540000915527344,44.43000030517578,44.900001525878906,30.190696716308597,7539500,1253.3900146484375
2008-07-11,44.470001220703125,45.04999923706055,43.68999862670898,44.150001525878906,29.686391830444336,6346600,1239.489990234375
2008-07-14,44.59000015258789,44.95000076293945,43.45000076293945,43.52999877929688,29.269515991210938,6268400,1228.300048828125
2008-07-15,43.11000061035156,44.220001220703125,42.5099983215332,42.84000015258789,28.8055477142334,6203600,1214.9100341796875
2008-07-16,42.970001220703125,44.88999938964844,42.56999969482422,44.81999969482422,30.136913299560547,5895000,1245.3599853515625
2008-07-17,45.209999084472656,45.560001373291016,44.060001373291016,44.97999954223633,30.24448585510254,6567100,1260.3199462890625
2008-07-18,44.880001068115234,45.290000915527344,44.0099983215332,45.09000015258789,30.31845474243164,5423700,1260.6800537109375
2008-07-21,45.0,45.150001525878906,44.130001068115234,44.33000183105469,29.80743789672852,4260500,1260.0
2008-07-22,43.52000045776367,45.70000076293945,43.36000061035156,45.61000061035156,30.66809463500977,6063800,1277.0
2008-07-23,45.75,46.75,45.41999816894531,46.16999816894531,31.04464340209961,7023600,1282.18994140625
2008-07-24,44.380001068115234,47.560001373291016,44.130001068115234,45.34000015258789,30.486555099487305,7103100,1252.5400390625
2008-07-25,45.459999084472656,46.380001068115234,45.27000045776367,45.58000183105469,30.647933959960938,4459800,1257.760009765625
2008-07-28,45.36000061035156,45.93000030517578,44.75,44.83000183105469,30.14362335205078,4800300,1234.3699951171875
2008-07-29,45.16999816894531,46.04999923706055,44.81999969482422,46.0,30.930334091186523,6339100,1263.199951171875
2008-07-30,46.400001525878906,47.25,45.880001068115234,46.59000015258789,31.327045440673828,5363800,1284.260009765625
2008-07-31,46.02999877929688,46.959999084472656,45.97999954223633,46.220001220703125,31.078258514404297,4431600,1267.3800048828125
2008-08-01,46.09000015258789,46.2400016784668,45.34999847412109,45.959999084472656,30.903440475463867,4135000,1260.31005859375
2008-08-04,45.790000915527344,46.369998931884766,45.459999084472656,45.959999084472656,30.903440475463867,4300100,1249.010009765625
2008-08-05,46.5099983215332,47.2599983215332,46.2599983215332,47.060001373291016,31.6430778503418,6053900,1284.8800048828125
2008-08-06,47.75,47.75,46.400001525878906,46.65999984741211,31.37412452697754,4656600,1289.18994140625
2008-08-07,46.61000061035156,46.61000061035156,45.470001220703125,45.70000076293945,30.72862243652344,5296900,1266.0699462890625
2008-08-08,45.68999862670898,46.810001373291016,45.56999969482422,46.68999862670898,31.394287109375,5153700,1296.3199462890625
2008-08-11,46.68999862670898,47.20000076293945,46.16999816894531,46.560001373291016,31.306867599487305,5333600,1305.3199462890625
2008-08-12,45.959999084472656,46.5099983215332,45.59999847412109,45.90999984741211,30.869829177856445,5263100,1289.5899658203125
2008-08-13,45.560001373291016,45.880001068115234,44.83000183105469,45.34000015258789,30.486555099487305,5379700,1285.8299560546875
2008-08-14,44.7599983215332,45.84000015258789,44.7599983215332,45.58000183105469,30.647933959960938,4580200,1292.9300537109375
2008-08-15,45.77999877929688,46.2599983215332,45.52000045776367,46.18999862670898,31.058086395263672,4245700,1298.199951171875
2008-08-18,46.2400016784668,46.2400016784668,45.5,45.59000015258789,30.65464973449707,4620400,1278.5999755859375
2008-08-19,45.2400016784668,45.36000061035156,44.70000076293945,45.09999847412109,30.325180053710938,4674900,1266.68994140625
2008-08-20,45.18000030517578,45.41999816894531,44.5,45.31999969482422,30.47309875488281,4263900,1274.5400390625
2008-08-21,44.90999984741211,45.310001373291016,44.59999847412109,45.04999923706055,30.291561126708984,2672200,1277.719970703125
2008-08-22,45.38999938964844,46.20000076293945,45.09000015258789,46.13999938964844,31.02446174621582,4337100,1292.199951171875
2008-08-25,46.11000061035156,46.2400016784668,45.31999969482422,45.36000061035156,30.500001907348636,2788400,1266.8399658203125
2008-08-26,45.18999862670898,45.369998931884766,44.5,45.08000183105469,30.31172752380371,3475900,1271.510009765625
2008-08-27,44.650001525878906,45.0,44.209999084472656,44.93000030517578,30.48814582824707,3992400,1281.6600341796875
2008-08-28,45.22999954223633,45.619998931884766,44.81999969482422,45.59999847412109,30.942790985107425,4522500,1300.6800537109375
2008-08-29,45.11000061035156,45.7599983215332,45.02000045776367,45.130001068115234,30.623863220214844,3483000,1282.8299560546875
2008-09-02,45.630001068115234,45.900001525878906,44.72999954223633,45.20000076293945,30.671363830566406,4599900,1277.5799560546875
2008-09-03,45.0,45.66999816894531,44.83000183105469,45.540000915527344,30.9020938873291,4115500,1274.97998046875
2008-09-04,45.08000183105469,45.31999969482422,44.5099983215332,44.59000015258789,30.25743865966797,4307100,1236.8299560546875
2008-09-05,44.459999084472656,45.150001525878906,43.9900016784668,45.08000183105469,30.58994674682617,5122900,1242.31005859375
2008-09-08,46.0,46.5,45.119998931884766,46.47999954223633,31.539939880371094,6768000,1267.7900390625
2008-09-09,46.130001068115234,46.84000015258789,45.18999862670898,45.18999862670898,30.66457176208496,5539400,1224.510009765625
2008-09-10,45.77999877929688,46.09000015258789,44.86000061035156,45.5099983215332,30.881715774536133,5489200,1232.0400390625
2008-09-11,45.0,46.09999847412109,44.720001220703125,45.77999877929688,31.06493377685547,5907800,1249.050048828125
2008-09-12,45.09999847412109,45.68999862670898,44.959999084472656,45.22999954223633,30.691728591918945,5113300,1251.699951171875
2008-09-15,44.209999084472656,46.95000076293945,44.209999084472656,44.380001068115234,30.11494255065918,9994800,1192.699951171875
2008-09-16,43.79999923706055,45.619998931884766,43.7400016784668,45.59000015258789,30.936010360717773,10771600,1213.5999755859375
2008-09-17,44.43000030517578,45.91999816894531,42.77000045776367,42.84999847412109,29.076732635498047,10777500,1156.3900146484375
2008-09-18,43.869998931884766,46.150001525878906,41.9900016784668,46.150001525878906,31.31601333618164,10741500,1206.510009765625
2008-09-19,46.619998931884766,47.900001525878906,44.869998931884766,47.540000915527344,32.25922393798828,8695700,1255.0799560546875
2008-09-22,47.9900016784668,48.0,44.150001525878906,44.27000045776367,30.04030990600586,4667700,1207.0899658203125
2008-09-23,45.43000030517578,46.119998931884766,44.4900016784668,44.79999923706055,30.39995384216309,2825800,1188.219970703125
2008-09-24,45.04999923706055,45.63999938964844,43.0099983215332,44.66999816894531,30.31171989440918,2717700,1185.8699951171875
2008-09-25,44.88999938964844,46.880001068115234,44.65999984741211,45.380001068115234,30.79352188110352,3482600,1209.1800537109375
2008-09-26,44.63999938964844,46.77000045776367,44.470001220703125,46.33000183105469,31.438175201416016,2644300,1213.27001953125
2008-09-29,46.0,46.65999984741211,41.369998931884766,43.09999847412109,29.24637031555176,4884900,1106.4200439453125
2008-09-30,43.709999084472656,47.25,42.09999847412109,46.119998931884766,31.29564666748047,5254000,1166.3599853515625
2008-10-01,45.68000030517578,45.68000030517578,41.84999847412109,44.0,29.857091903686523,4183100,1161.06005859375
2008-10-02,44.040000915527344,44.27000045776367,41.81999969482422,42.11000061035156,28.574581146240234,3163600,1114.280029296875
2008-10-03,42.869998931884766,44.09999847412109,41.54999923706055,42.47999954223633,28.825654983520508,3339400,1099.22998046875
2008-10-06,41.5,47.0,40.04999923706055,42.09999847412109,28.56780242919922,4246600,1056.8900146484375
2008-10-07,42.09999847412109,42.5,38.0099983215332,38.0099983215332,25.79245376586914,5106000,996.22998046875
2008-10-08,37.59999847412109,38.70000076293945,28.709999084472656,29.959999084472656,20.3299560546875,12919200,984.9400024414062
2008-10-09,32.47999954223633,32.709999084472656,27.5,27.5,18.660680770874023,10253600,909.9199829101562
2008-10-10,26.5,27.729999542236328,23.38999938964844,26.959999084472656,18.294248580932617,11583200,899.219970703125
2008-10-13,28.84000015258789,33.529998779296875,28.0,32.22999954223633,21.870309829711918,6978300,1003.3499755859375
2008-10-14,33.380001068115234,34.45000076293945,31.32999992370605,32.869998931884766,22.304597854614254,7239500,998.010009765625
2008-10-15,31.88999938964844,32.38999938964844,29.26000022888184,29.51000022888184,20.02460479736328,5603800,907.8400268554688
2008-10-16,29.440000534057617,29.549999237060547,26.59000015258789,29.170000076293945,19.793895721435547,7397100,946.4299926757812
2008-10-17,28.63999938964844,31.57999992370605,28.11000061035156,31.57999992370605,21.42923927307129,8659800,940.5499877929688
2008-10-20,31.81999969482422,33.27000045776367,29.479999542236328,31.34000015258789,21.266395568847656,4948800,985.4000244140625
2008-10-21,30.799999237060547,32.880001068115234,29.75,31.950000762939453,21.680322647094727,4298700,955.0499877929688
2008-10-22,30.600000381469727,31.229999542236328,27.700000762939453,28.229999542236328,19.15603446960449,5736400,896.780029296875
2008-10-23,28.0,29.459999084472656,25.530000686645508,26.59000015258789,18.043182373046875,8064100,908.1099853515625
2008-10-24,24.989999771118164,26.11000061035156,23.8799991607666,25.530000686645508,17.323896408081055,8411400,876.77001953125
2008-10-27,25.149999618530277,25.34000015258789,24.11000061035156,24.40999984741211,16.56389045715332,6264700,848.9199829101562
2008-10-28,24.299999237060547,25.479999542236328,22.299999237060547,25.1299991607666,17.052471160888672,9028400,940.510009765625
2008-10-29,25.479999542236328,26.479999542236328,24.450000762939453,25.18000030517578,17.086397171020508,7402800,930.0900268554688
2008-10-30,25.239999771118164,25.93000030517578,24.020000457763672,24.71999931335449,16.774253845214844,6418000,954.0900268554688
2008-10-31,24.61000061035156,26.40999984741211,24.530000686645508,26.38999938964844,17.907466888427734,5909900,968.75
2008-11-03,26.3700008392334,28.809999465942383,25.729999542236328,28.40999984741211,19.27817916870117,6083600,966.2999877929688
2008-11-04,28.82999992370605,30.780000686645508,28.43000030517578,29.5,20.01781845092773,5526300,1005.75
2008-11-05,28.920000076293945,29.770000457763672,27.649999618530277,27.780000686645508,18.85067749023437,4872900,952.77001953125
2008-11-06,27.5,28.299999237060547,25.780000686645508,26.0,17.642822265625,6100900,904.8800048828125
2008-11-07,26.190000534057617,26.979999542236328,25.729999542236328,26.88999938964844,18.24675178527832,4085000,930.989990234375
2008-11-10,27.239999771118164,27.86000061035156,25.1200008392334,25.649999618530277,17.405324935913086,3598700,919.2100219726562
2008-11-11,25.270000457763672,26.34000015258789,24.530000686645508,25.729999542236328,17.459604263305664,4162300,898.9500122070312
2008-11-12,25.299999237060547,25.729999542236328,23.979999542236328,24.06999969482422,16.333179473876953,6247600,852.2999877929688
2008-11-13,24.280000686645508,29.790000915527344,23.8799991607666,29.290000915527344,19.875324249267575,8721600,911.2899780273438
2008-11-14,28.729999542236328,28.920000076293945,26.13999938964844,27.06999969482422,18.368894577026367,8109000,873.2899780273438
2008-11-17,26.86000061035156,26.8700008392334,25.020000457763672,25.13999938964844,17.059253692626953,6308100,850.75
2008-11-18,25.309999465942383,25.75,23.549999237060547,25.0,16.96425437927246,6846700,859.1199951171875
2008-11-19,24.6200008392334,24.940000534057617,19.6200008392334,19.899999618530277,13.50355052947998,9741000,806.5800170898438
2008-11-20,19.76000022888184,21.149999618530277,17.719999313354492,18.100000381469727,12.282119750976562,12202800,752.4400024414062
2008-11-21,18.63999938964844,21.670000076293945,18.1200008392334,21.520000457763672,14.602828979492188,10486500,800.030029296875
2008-11-24,21.920000076293945,24.5,20.65999984741211,24.459999084472656,16.597824096679688,8855600,851.8099975585938
2008-11-25,24.780000686645508,24.780000686645508,22.8700008392334,24.350000381469727,16.804866790771484,7532400,857.3900146484375
2008-11-26,23.3700008392334,24.11000061035156,22.149999618530277,24.020000457763672,16.57712173461914,5462400,887.6799926757812
2008-11-28,24.239999771118164,25.51000022888184,23.989999771118164,25.440000534057617,17.557117462158203,2524300,896.239990234375
2008-12-01,24.65999984741211,24.96999931335449,21.5,21.61000061035156,14.91388702392578,7529300,816.2100219726562
2008-12-02,22.13999938964844,23.8700008392334,21.3700008392334,23.709999084472656,16.363176345825195,6699200,848.8099975585938
2008-12-03,21.489999771118164,23.71999931335449,21.489999771118164,23.549999237060547,16.252758026123047,7013800,870.739990234375
2008-12-04,22.899999618530277,25.5,22.709999084472656,24.11000061035156,16.639230728149414,5972000,845.219970703125
2008-12-05,23.61000061035156,27.149999618530277,23.57999992370605,27.030000686645508,18.654441833496094,6781900,876.0700073242188
2008-12-08,27.809999465942383,28.56999969482422,26.01000022888184,27.1200008392334,18.716556549072266,6421700,909.7000122070312
2008-12-09,26.459999084472656,27.959999084472656,26.170000076293945,26.43000030517578,18.240352630615234,6062000,888.6699829101562
2008-12-10,26.690000534057617,27.21999931335449,26.200000762939453,26.899999618530277,18.56472587585449,5526700,899.239990234375
2008-12-11,26.530000686645508,27.770000457763672,26.01000022888184,26.270000457763672,18.12993431091309,6348500,873.5900268554688
2008-12-12,25.21999931335449,27.34000015258789,25.209999084472656,27.15999984741211,18.74415397644043,4075000,879.72998046875
2008-12-15,26.549999237060547,27.399999618530277,25.13999938964844,25.71999931335449,17.7503604888916,5158100,868.5700073242188
2008-12-16,26.190000534057617,30.15999984741211,26.170000076293945,30.030000686645508,20.724853515625,8211700,913.1799926757812
2008-12-17,29.549999237060547,30.600000381469727,28.799999237060547,29.809999465942383,20.57302665710449,7017800,904.4199829101562
2008-12-18,30.21999931335449,31.290000915527344,29.600000381469727,29.940000534057617,20.66274070739746,6422600,885.280029296875
2008-12-19,30.270000457763672,32.2599983215332,29.299999237060547,31.86000061035156,21.987808227539062,8099700,887.8800048828125
2008-12-22,31.86000061035156,31.86000061035156,28.920000076293945,29.65999984741211,20.46949577331543,5233100,871.6300048828125
2008-12-23,30.100000381469727,30.8799991607666,29.299999237060547,29.530000686645508,20.37978744506836,4414100,863.1599731445312
2008-12-24,30.280000686645508,30.280000686645508,28.920000076293945,29.459999084472656,20.331470489501957,1509400,868.1500244140625
2008-12-26,29.59000015258789,31.190000534057617,29.59000015258789,30.84000015258789,21.283859252929688,2632900,872.7999877929688
2008-12-29,30.93000030517578,30.950000762939453,30.0,30.6299991607666,21.13893318176269,3124300,869.4199829101562
2008-12-30,30.690000534057617,31.979999542236328,30.690000534057617,31.90999984741211,22.022315979003903,3279100,890.6400146484375
2008-12-31,31.959999084472656,32.95000076293945,31.649999618530277,32.7599983215332,22.608932495117188,3819100,903.25
2009-01-02,32.7599983215332,33.5,31.38999938964844,33.2599983215332,22.953998565673828,3932000,931.7999877929688
2009-01-05,32.95000076293945,33.2400016784668,31.61000061035156,32.56999969482422,22.47780036926269,5359400,927.4500122070312
2009-01-06,31.93000030517578,32.619998931884766,31.450000762939453,31.940000534057617,22.04302215576172,5274600,934.7000122070312
2009-01-07,31.31999969482422,31.670000076293945,29.88999938964844,30.09000015258789,20.766260147094727,5082500,906.6500244140625
2009-01-08,29.979999542236328,31.13999938964844,29.690000534057617,30.899999618530277,21.325267791748047,3728500,909.72998046875
2009-01-09,30.959999084472656,31.200000762939453,29.899999618530277,30.059999465942383,20.745553970336918,3381000,890.3499755859375
2009-01-12,30.209999084472656,30.670000076293945,29.459999084472656,29.809999465942383,20.57302665710449,5585000,870.260009765625
2009-01-13,29.36000061035156,30.049999237060547,28.88999938964844,29.6200008392334,20.441896438598636,6294300,871.7899780273438
2009-01-14,28.68000030517578,29.100000381469727,27.86000061035156,28.13999938964844,19.42049217224121,6794800,842.6199951171875
2009-01-15,28.18000030517578,29.21999931335449,26.520000457763672,28.21999931335449,19.47570037841797,8066500,843.739990234375
2009-01-16,28.920000076293945,29.63999938964844,28.059999465942383,28.770000457763672,19.855281829833984,5471300,850.1199951171875
2009-01-20,27.68000030517578,29.059999465942383,25.96999931335449,26.030000686645508,17.96430015563965,9111600,805.219970703125
2009-01-21,27.38999938964844,28.350000381469727,26.049999237060547,28.13999938964844,19.42049217224121,7304000,840.239990234375
2009-01-22,27.299999237060547,27.709999084472656,25.75,26.420000076293945,18.23345184326172,7157700,827.5
2009-01-23,25.200000762939453,26.86000061035156,24.809999465942383,26.6299991607666,18.37838363647461,5683200,831.9500122070312
2009-01-26,26.489999771118164,27.459999084472656,25.36000061035156,25.950000762939453,17.90909194946289,5214400,836.5700073242188
2009-01-27,26.32999992370605,27.26000022888184,25.8700008392334,27.21999931335449,18.78555679321289,4873800,845.7100219726562
2009-01-28,28.8700008392334,29.920000076293945,27.729999542236328,29.63999938964844,20.455698013305664,7117900,874.0900268554688
2009-01-29,23.75,24.950000762939453,23.0,23.5,16.2182559967041,15861300,845.1400146484375
2009-01-30,22.270000457763672,23.21999931335449,21.1299991607666,21.670000076293945,14.95529842376709,15205200,825.8800048828125
2009-02-02,21.13999938964844,21.739999771118164,20.38999938964844,20.899999618530277,14.423888206481934,9298900,825.4400024414062
2009-02-03,20.76000022888184,22.270000457763672,20.670000076293945,21.8799991607666,15.100228309631348,6953200,838.510009765625
2009-02-04,21.989999771118164,22.5,21.34000015258789,21.61000061035156,14.91388702392578,6138400,832.22998046875
2009-02-05,21.3799991607666,22.350000381469727,21.049999237060547,21.57999992370605,14.893187522888184,7564600,845.8499755859375
2009-02-06,22.030000686645508,22.950000762939453,21.299999237060547,22.700000762939453,15.666142463684082,7882800,868.5999755859375
2009-02-09,22.86000061035156,23.1200008392334,22.030000686645508,22.31999969482422,15.40388298034668,5376800,869.8900146484375
2009-02-10,22.07999992370605,22.31999969482422,20.420000076293945,20.540000915527344,14.175442695617676,10349100,827.1599731445312
2009-02-11,20.75,21.90999984741211,20.6299991607666,21.770000457763672,15.024307250976562,6505000,833.739990234375
2009-02-12,20.6299991607666,21.670000076293945,20.479999542236328,21.530000686645508,14.85867977142334,7158600,835.1900024414062
2009-02-13,21.38999938964844,22.06999969482422,21.149999618530277,21.229999542236328,14.651634216308594,6655500,826.8400268554688
2009-02-17,20.11000061035156,20.63999938964844,19.1200008392334,19.13999938964844,13.209247589111328,9317500,789.1699829101562
2009-02-18,19.6299991607666,19.989999771118164,18.88999938964844,19.739999771118164,13.623327255249023,7813900,788.4199829101562
2009-02-19,19.8799991607666,20.030000686645508,17.940000534057617,18.07999992370605,12.477694511413574,8111800,778.9400024414062
2009-02-20,17.799999237060547,18.809999465942383,17.260000228881836,18.440000534057617,12.726151466369627,10867400,770.0499877929688
2009-02-23,18.790000915527344,19.0,16.979999542236328,16.989999771118164,11.72545051574707,7647200,743.3300170898438
2009-02-24,16.770000457763672,18.739999771118164,16.549999237060547,18.63999938964844,12.864180564880373,9553200,773.1400146484375
2009-02-25,18.11000061035156,18.200000762939453,16.81999969482422,17.56999969482422,12.125733375549316,9977000,764.9000244140625
2009-02-26,18.299999237060547,18.86000061035156,17.780000686645508,18.46999931335449,12.746854782104492,10304700,752.8300170898438
2009-02-27,18.07999992370605,18.07999992370605,16.690000534057617,16.829999923706055,11.615029335021973,10727200,735.0900268554688
2009-03-02,16.59000015258789,17.219999313354492,16.25,16.329999923706055,11.269960403442385,10076700,700.8200073242188
2009-03-03,16.329999923706055,16.690000534057617,15.199999809265137,15.5600004196167,10.738554000854492,7823600,696.3300170898438
2009-03-04,15.720000267028809,16.739999771118164,15.029999732971191,16.15999984741211,11.152636528015137,7234400,712.8699951171875
2009-03-05,15.68000030517578,15.789999961853027,14.0,14.350000381469728,9.903486251831056,9688400,682.5499877929688
2009-03-06,14.529999732971191,14.739999771118164,13.850000381469728,14.550000190734863,10.041512489318848,7615300,683.3800048828125
2009-03-09,14.289999961853027,14.739999771118164,13.770000457763672,14.119999885559082,9.74475383758545,7255000,676.530029296875
2009-03-10,14.68000030517578,15.640000343322754,13.989999771118164,15.600000381469728,10.766157150268556,9861400,719.5999755859375
2009-03-11,15.600000381469728,16.0,14.829999923706056,15.43000030517578,10.787135124206545,7686000,721.3599853515625
2009-03-12,15.350000381469728,16.780000686645508,14.75,16.6299991607666,11.626053810119627,8333700,750.739990234375
2009-03-13,16.780000686645508,17.0,15.81999969482422,16.81999969482422,11.75887966156006,6510300,756.5499877929688
2009-03-16,17.06999969482422,18.09000015258789,16.600000381469727,16.68000030517578,11.661004066467283,7417900,753.8900146484375
2009-03-17,16.6299991607666,17.979999542236328,16.3700008392334,17.940000534057617,12.541877746582031,6283300,778.1199951171875
2009-03-18,17.780000686645508,19.71999931335449,17.219999313354492,19.649999618530277,13.737335205078123,11229900,794.3499755859375
2009-03-19,19.920000076293945,20.25,18.6299991607666,18.75,13.108144760131836,10094700,784.0399780273438
2009-03-20,18.90999984741211,19.3700008392334,18.5,18.59000015258789,12.996289253234863,8535400,768.5399780273438
2009-03-23,19.280000686645508,21.25,19.13999938964844,21.200000762939453,14.82094383239746,9833400,822.9199829101562
2009-03-24,20.5,21.38999938964844,19.57999992370605,19.940000534057617,13.940081596374512,8448000,806.1199951171875
2009-03-25,19.88999938964844,20.76000022888184,18.82999992370605,20.0,13.982025146484377,8825700,813.8800048828125
2009-03-26,20.31999969482422,20.57999992370605,19.440000534057617,20.3799991607666,14.247678756713867,8277100,832.8599853515625
2009-03-27,19.920000076293945,20.799999237060547,19.61000061035156,20.399999618530277,14.261661529541016,6346600,815.9400024414062
2009-03-30,19.6200008392334,19.729999542236328,18.43000030517578,18.530000686645508,12.954345703125,10330000,787.530029296875
2009-03-31,18.75,19.40999984741211,18.25,19.149999618530277,13.387784957885742,10210300,797.8699951171875
2009-04-01,18.850000381469727,20.15999984741211,18.5,20.059999465942383,14.023969650268556,6228900,811.0800170898438
2009-04-02,20.739999771118164,21.170000076293945,20.489999771118164,21.040000915527344,14.709092140197754,9574300,834.3800048828125
2009-04-03,20.96999931335449,21.290000915527344,20.40999984741211,21.26000022888184,14.86288833618164,5726400,842.5
2009-04-06,20.88999938964844,21.030000686645508,20.21999931335449,20.540000915527344,14.359541893005373,5287600,835.47998046875
2009-04-07,20.059999465942383,20.88999938964844,19.90999984741211,20.26000022888184,14.16378688812256,4579400,815.5499877929688
2009-04-08,20.899999618530277,21.90999984741211,20.899999618530277,21.459999084472656,15.002711296081545,6899200,825.1599731445312
2009-04-09,21.899999618530277,23.170000076293945,21.280000686645508,23.030000686645508,16.100299835205078,10318700,856.5599975585938
2009-04-13,22.43000030517578,24.68000030517578,22.350000381469727,24.209999084472656,16.925233840942383,9282700,858.72998046875
2009-04-14,23.350000381469727,24.40999984741211,22.799999237060547,22.920000076293945,16.02339744567871,11151500,841.5
2009-04-15,22.670000076293945,24.5,22.239999771118164,24.3799991607666,17.044078826904297,7640400,852.0599975585938
2009-04-16,24.5,24.76000022888184,23.239999771118164,24.0,16.77842903137207,6885900,865.2999877929688
2009-04-17,23.90999984741211,24.030000686645508,22.11000061035156,23.420000076293945,16.372949600219727,11130900,869.5999755859375
2009-04-20,22.71999931335449,22.96999931335449,21.18000030517578,21.209999084472656,14.8279390335083,8969500,832.3900146484375
2009-04-21,20.6299991607666,23.290000915527344,20.6299991607666,23.25,16.254104614257812,8901900,850.0800170898438
2009-04-22,22.520000457763672,22.920000076293945,21.600000381469727,21.65999984741211,15.142526626586914,7883700,843.5499877929688
2009-04-23,21.8799991607666,22.489999771118164,21.309999465942383,22.309999465942383,15.59694766998291,5852100,851.9199829101562
2009-04-24,22.440000534057617,22.81999969482422,21.65999984741211,22.309999465942383,15.59694766998291,7742100,866.22998046875
2009-04-27,21.809999465942383,22.780000686645508,21.709999084472656,22.229999542236328,15.541015625,4550300,857.510009765625
2009-04-28,21.75,23.049999237060547,21.459999084472656,22.239999771118164,15.54801082611084,4413900,855.1599731445312
2009-04-29,22.31999969482422,22.950000762939453,22.1200008392334,22.920000076293945,16.02339744567871,6830500,873.6400146484375
2009-04-30,23.200000762939453,23.899999618530277,22.739999771118164,23.32999992370605,16.31003761291504,7909000,872.8099975585938
2009-05-01,22.86000061035156,23.540000915527344,22.63999938964844,23.100000381469727,16.149234771728516,4656500,877.52001953125
2009-05-04,23.38999938964844,23.57999992370605,22.40999984741211,23.40999984741211,16.36595916748047,11405000,907.239990234375
2009-05-05,23.18000030517578,24.07999992370605,22.850000381469727,23.270000457763672,16.268083572387695,5853100,903.7999877929688
2009-05-06,23.739999771118164,26.06999969482422,23.200000762939453,25.799999237060547,18.036808013916016,12685800,919.530029296875
2009-05-07,26.049999237060547,28.729999542236328,26.049999237060547,27.600000381469727,19.295204162597656,26814100,907.3900146484375
2009-05-08,25.979999542236328,26.90999984741211,24.100000381469727,26.1200008392334,18.260520935058597,18534300,929.22998046875
2009-05-11,25.190000534057617,26.01000022888184,24.489999771118164,24.690000534057617,17.260807037353516,10897100,909.239990234375
2009-05-12,24.709999084472656,25.700000762939453,24.11000061035156,25.25,17.652305603027344,8347400,908.3499755859375
2009-05-13,24.850000381469727,25.290000915527344,24.049999237060547,24.229999542236328,16.93922233581543,7702200,883.9199829101562
2009-05-14,24.020000457763672,25.479999542236328,23.8799991607666,25.25,17.652305603027344,6554300,893.0700073242188
2009-05-15,25.649999618530277,25.649999618530277,24.11000061035156,24.299999237060547,16.988157272338867,6896000,882.8800048828125
2009-05-18,24.790000915527344,26.0,24.13999938964844,25.850000381469727,18.071762084960938,7765300,909.7100219726562
2009-05-19,25.690000534057617,27.68000030517578,25.600000381469727,26.5,18.52617454528809,10382400,908.1300048828125
2009-05-20,26.950000762939453,27.149999618530277,25.59000015258789,25.780000686645508,18.022836685180664,6518600,903.469970703125
2009-05-21,25.309999465942383,26.3799991607666,25.25,26.26000022888184,18.358400344848636,5674600,888.3300170898438
2009-05-22,26.3700008392334,26.780000686645508,25.84000015258789,26.270000457763672,18.365388870239254,4759400,887.0
2009-05-26,26.170000076293945,26.40999984741211,25.770000457763672,26.3799991607666,18.442283630371094,7373000,910.3300170898438
2009-05-27,26.299999237060547,26.479999542236328,24.770000457763672,24.86000061035156,17.51242446899414,7196400,893.0599975585938
2009-05-28,25.06999969482422,25.63999938964844,24.8799991607666,25.59000015258789,18.026660919189453,6245000,906.8300170898438
2009-05-29,25.59000015258789,25.82999992370605,25.020000457763672,25.729999542236328,18.125288009643555,5712000,919.1400146484375
2009-06-01,25.86000061035156,26.399999618530277,25.540000915527344,26.13999938964844,18.414112091064453,6270300,942.8699951171875
2009-06-02,26.18000030517578,26.799999237060547,26.040000915527344,26.36000061035156,18.569093704223636,5833400,944.739990234375
2009-06-03,26.1299991607666,26.200000762939453,25.450000762939453,25.709999084472656,18.111194610595703,4055200,931.760009765625
2009-06-04,25.76000022888184,26.100000381469727,25.51000022888184,25.799999237060547,18.174598693847656,6460100,942.4600219726562
2009-06-05,26.01000022888184,26.350000381469727,25.020000457763672,25.049999237060547,17.64626693725586,6580100,940.0900268554688
2009-06-08,25.38999938964844,25.790000915527344,25.239999771118164,25.3799991607666,17.878734588623047,6179600,939.1400146484375
2009-06-09,25.540000915527344,25.649999618530277,25.020000457763672,25.459999084472656,17.93508529663086,4999100,942.4299926757812
2009-06-10,25.170000076293945,25.559999465942383,24.809999465942383,24.950000762939453,17.57583236694336,5031700,939.1500244140625
2009-06-11,24.90999984741211,25.350000381469727,24.81999969482422,24.8700008392334,17.519468307495117,4970200,944.8900146484375
2009-06-12,24.8700008392334,25.01000022888184,24.600000381469727,24.850000381469727,17.505382537841797,3914300,946.2100219726562
2009-06-15,24.559999465942383,24.780000686645508,24.32999992370605,24.350000381469727,17.15316390991211,4586900,923.719970703125
2009-06-16,24.520000457763672,24.6200008392334,23.63999938964844,23.649999618530277,16.66005516052246,5879500,911.969970703125
2009-06-17,23.56999969482422,23.76000022888184,23.190000534057617,23.26000022888184,16.38532066345215,5772400,910.7100219726562
2009-06-18,23.36000061035156,24.350000381469727,23.209999084472656,23.84000015258789,16.793888092041016,7617700,918.3699951171875
2009-06-19,23.96999931335449,24.5,23.899999618530277,24.06999969482422,16.955915451049805,4739700,921.22998046875
2009-06-22,23.71999931335449,23.950000762939453,23.1200008392334,23.1299991607666,16.29373550415039,5070700,893.0399780273438
2009-06-23,23.25,23.649999618530277,23.11000061035156,23.479999542236328,16.540292739868164,4186000,895.0999755859375
2009-06-24,23.649999618530277,24.040000915527344,23.549999237060547,23.81999969482422,16.779808044433594,4130600,900.9400024414062
2009-06-25,23.649999618530277,24.270000457763672,23.21999931335449,24.26000022888184,17.08976173400879,4573200,920.260009765625
2009-06-26,24.059999465942383,24.399999618530277,23.899999618530277,24.15999984741211,17.019311904907227,3958400,918.9000244140625
2009-06-29,24.030000686645508,24.65999984741211,23.8700008392334,24.600000381469727,17.32927131652832,3408000,927.22998046875
2009-06-30,24.57999992370605,24.57999992370605,23.959999084472656,24.399999618530277,17.188379287719727,3279800,919.3200073242188
2009-07-01,24.479999542236328,25.209999084472656,24.170000076293945,25.06999969482422,17.660358428955078,5835600,923.3300170898438
2009-07-02,24.8700008392334,24.8700008392334,24.020000457763672,24.049999237060547,16.94182014465332,5376800,896.4199829101562
2009-07-06,24.11000061035156,24.709999084472656,24.020000457763672,24.700000762939453,17.399717330932617,5436000,898.719970703125
2009-07-07,24.709999084472656,24.71999931335449,23.84000015258789,23.850000381469727,16.80094337463379,4474700,881.030029296875
2009-07-08,23.850000381469727,24.06999969482422,23.020000457763672,23.420000076293945,16.49802589416504,7193500,879.5599975585938
2009-07-09,23.690000534057617,23.899999618530277,23.25,23.36000061035156,16.455760955810547,3787800,882.6799926757812
2009-07-10,23.200000762939453,23.530000686645508,22.81999969482422,23.07999992370605,16.258520126342773,3920700,879.1300048828125
2009-07-13,23.34000015258789,24.700000762939453,23.270000457763672,24.65999984741211,17.371532440185547,7124000,901.0499877929688
2009-07-14,24.5,24.559999465942383,23.899999618530277,23.989999771118164,16.899560928344727,4711200,905.8400268554688
2009-07-15,24.200000762939453,25.049999237060547,24.200000762939453,24.86000061035156,17.51242446899414,6521600,932.6799926757812
2009-07-16,24.76000022888184,24.899999618530277,24.229999542236328,24.5,17.258831024169922,4414700,940.739990234375
2009-07-17,24.46999931335449,24.56999969482422,24.100000381469727,24.239999771118164,17.075672149658203,4238900,940.3800048828125
2009-07-20,24.399999618530277,24.420000076293945,24.07999992370605,24.239999771118164,17.075672149658203,3381400,951.1300048828125
2009-07-21,24.34000015258789,24.850000381469727,24.31999969482422,24.68000030517578,17.3856201171875,4152300,954.5800170898438
2009-07-22,24.350000381469727,25.229999542236328,24.200000762939453,25.06999969482422,17.660358428955078,3441200,954.0700073242188
2009-07-23,25.01000022888184,26.11000061035156,25.01000022888184,25.950000762939453,18.280271530151367,4608700,976.2899780273438
2009-07-24,25.729999542236328,26.540000915527344,25.600000381469727,26.399999618530277,18.597265243530277,3012400,979.260009765625
2009-07-27,26.489999771118164,26.850000381469727,26.290000915527344,26.81999969482422,18.89313316345215,3401600,982.1799926757812
2009-07-28,26.56999969482422,26.670000076293945,26.0,26.309999465942383,18.533864974975582,3375100,979.6199951171875
2009-07-29,26.18000030517578,26.489999771118164,25.989999771118164,26.07999992370605,18.371849060058597,2717300,975.1500244140625
2009-07-30,26.25,26.81999969482422,26.07999992370605,26.3799991607666,18.583175659179688,3496500,986.75
2009-07-31,26.36000061035156,27.049999237060547,26.25,26.90999984741211,18.95652961730957,3866000,987.47998046875
2009-08-03,27.3700008392334,27.5,27.0,27.36000061035156,19.273527145385746,3360800,1002.6300048828125
2009-08-04,27.290000915527344,28.280000686645508,27.21999931335449,28.170000076293945,19.844127655029297,4370500,1005.6500244140625
2009-08-05,28.309999465942383,28.3700008392334,27.57999992370605,28.229999542236328,19.886394500732425,5292900,1002.719970703125
2009-08-06,27.540000915527344,28.1299991607666,26.940000534057617,27.270000457763672,19.21013069152832,8536200,997.0800170898438
2009-08-07,27.450000762939453,27.96999931335449,27.18000030517578,27.790000915527344,19.57643699645996,6063600,1010.47998046875
2009-08-10,27.65999984741211,27.799999237060547,26.8799991607666,27.26000022888184,19.20308303833008,3156300,1007.0999755859375
2009-08-11,27.18000030517578,27.31999969482422,26.65999984741211,26.739999771118164,18.83677864074707,4775300,994.3499755859375
2009-08-12,27.520000457763672,28.82999992370605,27.31999969482422,28.420000076293945,20.02023696899414,7683800,1005.8099975585938
2009-08-13,28.75,29.200000762939453,28.200000762939453,28.93000030517578,20.379507064819336,5846200,1012.72998046875
2009-08-14,28.86000061035156,28.959999084472656,28.200000762939453,28.549999237060547,20.111814498901367,3702800,1004.0900268554688
2009-08-17,27.940000534057617,28.31999969482422,27.399999618530277,27.46999931335449,19.351024627685547,4390300,979.72998046875
2009-08-18,27.57999992370605,27.6200008392334,27.059999465942383,27.5,19.372154235839844,3785200,989.6699829101562
2009-08-19,27.25,27.59000015258789,26.850000381469727,27.520000457763672,19.3862419128418,2690200,996.4600219726562
2009-08-20,27.459999084472656,27.96999931335449,27.209999084472656,27.690000534057617,19.505998611450195,3035000,1007.3699951171875
2009-08-21,28.21999931335449,28.770000457763672,27.850000381469727,28.6299991607666,20.168169021606445,3975700,1026.1300048828125
2009-08-24,28.81999969482422,29.420000076293945,28.56999969482422,28.68000030517578,20.203392028808597,3311500,1025.5699462890625
2009-08-25,28.920000076293945,29.61000061035156,28.899999618530277,28.959999084472656,20.400636672973636,3196700,1028.0
2009-08-26,28.959999084472656,29.200000762939453,28.399999618530277,29.11000061035156,20.506303787231445,3374800,1028.1199951171875
2009-08-27,28.81999969482422,29.21999931335449,28.420000076293945,29.18000030517578,20.69781875610352,3937500,1030.97998046875
2009-08-28,29.34000015258789,29.36000061035156,28.84000015258789,29.26000022888184,20.75456428527832,3360600,1028.9300537109375
2009-08-31,28.88999938964844,29.420000076293945,28.799999237060547,29.38999938964844,20.846773147583008,3235000,1020.6199951171875
2009-09-01,29.21999931335449,29.709999084472656,28.1200008392334,28.18000030517578,19.98849868774414,7058700,998.0399780273438
2009-09-02,28.01000022888184,28.350000381469727,27.75,28.059999465942383,19.903383255004883,3113000,994.75
2009-09-03,28.229999542236328,28.479999542236328,27.84000015258789,28.479999542236328,20.201295852661133,3248200,1003.239990234375
2009-09-04,28.61000061035156,28.850000381469727,28.030000686645508,28.850000381469727,20.463741302490234,2594800,1016.4000244140625
2009-09-08,29.149999618530277,29.149999618530277,28.31999969482422,28.82999992370605,20.449552536010746,4129300,1025.3900146484375
2009-09-09,28.809999465942383,28.920000076293945,28.46999931335449,28.780000686645508,20.41409111022949,4346700,1033.3699951171875
2009-09-10,28.65999984741211,29.32999992370605,28.290000915527344,29.229999542236328,20.733278274536133,3588800,1044.1400146484375
2009-09-11,28.549999237060547,29.1299991607666,28.290000915527344,28.920000076293945,20.51339530944824,4723600,1042.72998046875
2009-09-14,28.63999938964844,29.020000457763672,28.299999237060547,28.989999771118164,20.56305313110352,2968300,1049.3399658203125
2009-09-15,28.979999542236328,29.31999969482422,28.799999237060547,28.8799991607666,20.48502540588379,4790800,1052.6300048828125
2009-09-16,28.96999931335449,29.850000381469727,28.59000015258789,29.84000015258789,21.16596794128418,5119700,1068.760009765625
2009-09-17,29.799999237060547,30.5,29.600000381469727,30.32999992370605,21.51352882385254,7174600,1065.489990234375
2009-09-18,30.790000915527344,30.950000762939453,30.51000022888184,30.63999938964844,21.733407974243164,6360300,1068.300048828125
2009-09-21,30.36000061035156,30.56999969482422,30.100000381469727,30.290000915527344,21.485151290893555,3142600,1064.6600341796875
2009-09-22,30.61000061035156,30.63999938964844,30.01000022888184,30.21999931335449,21.43550491333008,3459300,1071.6600341796875
2009-09-23,30.170000076293945,30.71999931335449,29.75,29.76000022888184,21.109224319458008,3324900,1060.8699951171875
2009-09-24,29.700000762939453,30.229999542236328,29.07999992370605,29.149999618530277,20.67654228210449,4700500,1050.780029296875
2009-09-25,29.020000457763672,29.670000076293945,28.979999542236328,29.1299991607666,20.6623477935791,3010000,1044.3800048828125
2009-09-28,30.13999938964844,30.950000762939453,29.549999237060547,30.920000076293945,21.93202209472656,5627700,1062.97998046875
2009-09-29,31.07999992370605,31.739999771118164,30.799999237060547,30.940000534057617,21.94621467590332,4708300,1060.6099853515625
2009-09-30,31.11000061035156,31.450000762939453,30.5,30.6200008392334,21.719236373901367,6421900,1057.0799560546875
2009-10-01,30.700000762939453,31.40999984741211,30.3799991607666,30.399999618530277,21.563182830810547,7865900,1029.8499755859375
2009-10-02,29.96999931335449,31.25,29.790000915527344,30.76000022888184,21.818538665771484,5149400,1025.2099609375
2009-10-05,31.059999465942383,31.170000076293945,30.57999992370605,31.1299991607666,22.080984115600582,4083100,1040.4599609375
2009-10-06,31.290000915527344,31.5,30.75,31.190000534057617,22.1235466003418,4865600,1054.719970703125
2009-10-07,31.020000457763672,31.3799991607666,30.770000457763672,31.3799991607666,22.258304595947266,2983800,1057.5799560546875
2009-10-08,31.59000015258789,31.82999992370605,31.34000015258789,31.479999542236328,22.32923889160156,3658400,1065.47998046875
2009-10-09,31.5,31.93000030517578,31.31999969482422,31.920000076293945,22.64134407043457,2967600,1071.489990234375
2009-10-12,32.029998779296875,32.08000183105469,31.459999084472656,31.65999984741211,22.456918716430664,3630900,1076.18994140625
2009-10-13,31.559999465942383,31.559999465942383,30.68000030517578,31.020000457763672,22.00295829772949,5393600,1073.18994140625
2009-10-14,31.489999771118164,31.90999984741211,31.09000015258789,31.850000381469727,22.591691970825195,6969600,1092.02001953125
2009-10-15,31.549999237060547,32.150001525878906,31.3700008392334,32.150001525878906,22.80448341369629,4446200,1096.56005859375
2009-10-16,31.6299991607666,31.850000381469727,31.13999938964844,31.670000076293945,22.464012145996094,5748100,1087.6800537109375
2009-10-19,31.71999931335449,32.119998931884766,31.6200008392334,32.02000045776367,22.71226692199707,3393700,1097.9100341796875
2009-10-20,32.04999923706055,32.04999923706055,31.270000457763672,31.59000015258789,22.407264709472656,3391500,1091.06005859375
2009-10-21,31.3700008392334,31.8799991607666,30.88999938964844,30.90999984741211,21.924936294555664,3846800,1081.4000244140625
2009-10-22,30.940000534057617,32.22999954223633,30.8700008392334,32.209999084472656,22.847043991088867,4577000,1092.9100341796875
2009-10-23,32.18000030517578,32.18000030517578,31.31999969482422,31.5,22.343433380126957,5945400,1079.5999755859375
2009-10-26,31.440000534057617,31.65999984741211,30.170000076293945,30.34000015258789,21.520627975463867,7024700,1066.949951171875
2009-10-27,30.36000061035156,30.649999618530277,29.799999237060547,29.8700008392334,21.187244415283203,4560200,1063.4100341796875
2009-10-28,29.700000762939453,30.190000534057617,29.270000457763672,29.290000915527344,20.775848388671875,3809100,1042.6300048828125
2009-10-29,29.670000076293945,30.770000457763672,29.520000457763672,30.75,21.811447143554688,4967500,1066.1099853515625
2009-10-30,30.6299991607666,30.6299991607666,29.31999969482422,29.56999969482422,20.97445297241211,5891400,1036.18994140625
2009-11-02,29.729999542236328,30.25,29.0,29.63999938964844,21.024105072021484,3775700,1042.8800048828125
2009-11-03,29.479999542236328,29.84000015258789,29.170000076293945,29.739999771118164,21.09503555297852,3515400,1045.4100341796875
2009-11-04,30.059999465942383,30.3700008392334,29.520000457763672,29.6200008392334,21.009918212890625,4895600,1046.5
2009-11-05,29.170000076293945,29.309999465942383,27.65999984741211,29.049999237060547,20.605609893798828,10717800,1066.6300048828125
2009-11-06,28.600000381469727,29.1299991607666,28.56999969482422,28.93000030517578,20.520496368408203,3488400,1069.300048828125
2009-11-09,28.979999542236328,29.520000457763672,28.84000015258789,29.51000022888184,20.931882858276367,6120900,1093.0799560546875
2009-11-10,29.440000534057617,29.530000686645508,28.979999542236328,29.280000686645508,20.76875305175781,5258600,1093.010009765625
2009-11-11,29.530000686645508,29.600000381469727,29.18000030517578,29.36000061035156,20.825498580932617,4971000,1098.510009765625
2009-11-12,29.32999992370605,29.350000381469727,28.790000915527344,28.86000061035156,20.47084045410156,4352900,1087.239990234375
2009-11-13,28.86000061035156,29.059999465942383,28.56999969482422,28.90999984741211,20.50630569458008,4303800,1093.47998046875
2009-11-16,29.100000381469727,29.6200008392334,29.049999237060547,29.3700008392334,20.832582473754883,4701300,1109.300048828125
2009-11-17,29.34000015258789,29.43000030517578,28.96999931335449,29.200000762939453,20.71200561523437,2777400,1110.3199462890625
2009-11-18,29.209999084472656,29.239999771118164,28.899999618530277,29.209999084472656,20.719099044799805,3309600,1109.800048828125
2009-11-19,29.030000686645508,29.18000030517578,28.520000457763672,28.8700008392334,20.477930068969727,3521300,1094.9000244140625
2009-11-20,28.559999465942383,29.270000457763672,28.5,29.1200008392334,20.655261993408203,4836400,1091.3800048828125
2009-11-23,29.5,29.540000915527344,29.100000381469727,29.3700008392334,20.832582473754883,3988300,1106.239990234375
2009-11-24,29.26000022888184,29.3700008392334,28.96999931335449,28.989999771118164,20.56305313110352,3721300,1105.6500244140625
2009-11-25,29.01000022888184,29.25,28.799999237060547,29.100000381469727,20.784461975097656,4586000,1110.6300048828125
2009-11-27,28.420000076293945,28.649999618530277,28.06999969482422,28.270000457763672,20.1916446685791,2195500,1091.489990234375
2009-11-30,28.31999969482422,28.46999931335449,27.90999984741211,28.40999984741211,20.291637420654297,5706200,1095.6300048828125
2009-12-01,28.770000457763672,28.770000457763672,28.399999618530277,28.520000457763672,20.37020492553711,3863600,1108.8599853515625
2009-12-02,28.559999465942383,28.82999992370605,28.40999984741211,28.479999542236328,20.341632843017575,2974400,1109.239990234375
2009-12-03,28.6299991607666,28.790000915527344,28.1200008392334,28.170000076293945,20.12021827697754,3398500,1099.9200439453125
2009-12-04,28.559999465942383,28.700000762939453,27.90999984741211,28.600000381469727,20.427345275878903,5132400,1105.97998046875
2009-12-07,28.489999771118164,28.739999771118164,28.239999771118164,28.280000686645508,20.198789596557617,3035300,1103.25
2009-12-08,28.09000015258789,28.190000534057617,27.71999931335449,27.729999542236328,19.80595016479492,5247200,1091.93994140625
2009-12-09,27.71999931335449,27.799999237060547,27.520000457763672,27.739999771118164,19.813098907470703,4867900,1095.949951171875
2009-12-10,27.96999931335449,27.96999931335449,27.739999771118164,27.899999618530277,19.9273681640625,4218800,1102.3499755859375
2009-12-11,28.09000015258789,28.6299991607666,27.96999931335449,28.6299991607666,20.448766708374023,5183800,1106.4100341796875
2009-12-14,28.76000022888184,28.790000915527344,28.51000022888184,28.6299991607666,20.448766708374023,4601700,1114.1099853515625
2009-12-15,28.450000762939453,28.61000061035156,28.270000457763672,28.40999984741211,20.291637420654297,3104100,1107.9300537109375
2009-12-16,28.530000686645508,28.809999465942383,28.440000534057617,28.71999931335449,20.51304626464844,3892200,1109.1800537109375
2009-12-17,28.440000534057617,28.63999938964844,28.209999084472656,28.309999465942383,20.22021484375,4201800,1096.0799560546875
2009-12-18,28.3700008392334,28.86000061035156,28.3700008392334,28.81999969482422,20.584474563598636,6660600,1102.469970703125
2009-12-21,28.950000762939453,29.520000457763672,28.950000762939453,29.3700008392334,20.977304458618164,4107900,1114.050048828125
2009-12-22,29.309999465942383,29.790000915527344,29.25,29.61000061035156,21.148731231689453,3057300,1118.02001953125
2009-12-23,29.57999992370605,30.149999618530277,29.450000762939453,30.11000061035156,21.505844116210938,3381200,1120.5899658203125
2009-12-24,30.170000076293945,30.43000030517578,30.1299991607666,30.229999542236328,21.591552734375,1114900,1126.47998046875
2009-12-28,30.21999931335449,30.350000381469727,30.059999465942383,30.350000381469727,21.6772575378418,2138000,1127.780029296875
2009-12-29,30.450000762939453,30.5,30.13999938964844,30.32999992370605,21.66297912597656,2486200,1126.199951171875
2009-12-30,30.13999938964844,30.57999992370605,30.1200008392334,30.530000686645508,21.805831909179688,1860900,1126.4200439453125
2009-12-31,30.540000915527344,30.76000022888184,30.01000022888184,30.040000915527344,21.45585060119629,2045300,1115.0999755859375
2010-01-04,30.36000061035156,30.51000022888184,30.09000015258789,30.40999984741211,21.720123291015625,2631000,1132.989990234375
2010-01-05,30.479999542236328,30.96999931335449,30.13999938964844,30.90999984741211,22.077247619628903,5342100,1136.52001953125
2010-01-06,30.899999618530277,30.979999542236328,30.690000534057617,30.920000076293945,22.084383010864254,3399500,1137.1400146484375
2010-01-07,30.850000381469727,31.15999984741211,30.61000061035156,31.07999992370605,22.19866180419922,3694900,1141.68994140625
2010-01-08,30.88999938964844,31.290000915527344,30.790000915527344,31.209999084472656,22.2915153503418,2806800,1144.97998046875
2010-01-11,31.34000015258789,31.440000534057617,31.040000915527344,31.209999084472656,22.2915153503418,2168200,1146.97998046875
2010-01-12,31.440000534057617,31.729999542236328,31.100000381469727,31.18000030517578,22.27008628845215,5354300,1136.219970703125
2010-01-13,31.190000534057617,31.68000030517578,31.190000534057617,31.459999084472656,22.47007179260254,3517200,1145.6800537109375
2010-01-14,31.350000381469727,31.729999542236328,31.049999237060547,31.63999938964844,22.598636627197266,3368900,1148.4599609375
2010-01-15,31.559999465942383,31.559999465942383,30.68000030517578,30.90999984741211,22.077247619628903,4696600,1136.030029296875
2010-01-19,30.799999237060547,31.43000030517578,30.600000381469727,31.38999938964844,22.420074462890625,3008800,1150.22998046875
2010-01-20,31.229999542236328,31.229999542236328,30.690000534057617,31.21999931335449,22.298660278320312,3577200,1138.0400390625
2010-01-21,31.15999984741211,31.43000030517578,30.43000030517578,30.82999992370605,22.02010154724121,4900800,1116.47998046875
2010-01-22,30.82999992370605,31.040000915527344,29.920000076293945,29.979999542236328,21.412992477416992,7059000,1091.760009765625
2010-01-25,30.32999992370605,30.6299991607666,29.93000030517578,30.350000381469727,21.6772575378418,4136900,1096.780029296875
2010-01-26,30.280000686645508,31.06999969482422,30.100000381469727,30.280000686645508,21.627269744873047,4427200,1092.1700439453125
2010-01-27,30.21999931335449,30.540000915527344,29.75,30.280000686645508,21.627269744873047,5202500,1097.5
2010-01-28,30.520000457763672,30.520000457763672,29.690000534057617,29.950000762939453,21.39156150817871,2919000,1084.530029296875
2010-01-29,30.1299991607666,30.3799991607666,29.86000061035156,29.93000030517578,21.377277374267575,2893600,1073.8699951171875
2010-02-01,30.11000061035156,30.26000022888184,29.729999542236328,29.950000762939453,21.39156150817871,2324400,1089.18994140625
2010-02-02,29.850000381469727,30.549999237060547,29.850000381469727,30.520000457763672,21.79869270324707,2854600,1103.3199462890625
2010-02-03,30.36000061035156,30.36000061035156,29.61000061035156,29.82999992370605,21.30586051940918,4372700,1097.280029296875
2010-02-04,29.6299991607666,29.809999465942383,28.690000534057617,28.690000534057617,20.49162101745605,6428100,1063.1099853515625
2010-02-05,28.690000534057617,29.01000022888184,28.1299991607666,28.90999984741211,20.648759841918945,5576600,1066.18994140625
2010-02-08,28.84000015258789,28.850000381469727,28.31999969482422,28.36000061035156,20.255922317504883,2845000,1056.739990234375
2010-02-09,28.63999938964844,28.790000915527344,28.229999542236328,28.729999542236328,20.52019500732422,2813600,1070.52001953125
2010-02-10,28.729999542236328,28.81999969482422,28.309999465942383,28.600000381469727,20.427345275878903,3970200,1068.1300048828125
2010-02-11,28.559999465942383,29.84000015258789,28.239999771118164,29.40999984741211,21.005878448486328,5967700,1078.469970703125
2010-02-12,29.239999771118164,29.59000015258789,29.059999465942383,29.530000686645508,21.09158706665039,5884500,1075.510009765625
2010-02-16,30.020000457763672,30.559999465942383,29.850000381469727,30.520000457763672,21.79869270324707,5622600,1094.8699951171875
2010-02-17,30.700000762939453,30.75,30.46999931335449,30.690000534057617,21.92011070251465,4745500,1099.510009765625
2010-02-18,30.559999465942383,31.299999237060547,30.559999465942383,31.25,22.32008934020996,4801300,1106.75
2010-02-19,31.06999969482422,31.280000686645508,30.8700008392334,31.21999931335449,22.298660278320312,4879900,1109.1700439453125
2010-02-22,31.21999931335449,31.479999542236328,31.020000457763672,31.40999984741211,22.43435859680176,3692400,1108.010009765625
2010-02-23,31.290000915527344,31.6200008392334,31.059999465942383,31.18000030517578,22.27008628845215,5503500,1094.5999755859375
2010-02-24,31.18000030517578,31.299999237060547,31.0,31.280000686645508,22.341514587402344,4225600,1105.239990234375
2010-02-25,30.82999992370605,31.309999465942383,30.649999618530277,31.299999237060547,22.35579872131348,4250500,1102.93994140625
2010-02-26,31.209999084472656,31.399999618530277,30.950000762939453,31.25,22.32008934020996,3983700,1104.489990234375
2010-03-01,31.25,31.690000534057617,31.239999771118164,31.56999969482422,22.54864501953125,4535000,1115.7099609375
2010-03-02,31.65999984741211,32.18000030517578,31.6200008392334,32.02000045776367,22.870046615600582,5472100,1118.31005859375
2010-03-03,32.06999969482422,32.29999923706055,31.93000030517578,31.989999771118164,22.8486270904541,4420400,1118.7900390625
2010-03-04,32.06999969482422,32.09000015258789,31.81999969482422,31.940000534057617,22.812915802001957,5962100,1122.969970703125
2010-03-05,32.13999938964844,32.25,31.84000015258789,32.13999938964844,22.955760955810547,4967600,1138.699951171875
2010-03-08,32.11000061035156,32.2400016784668,31.959999084472656,31.989999771118164,22.8486270904541,4463800,1138.5
2010-03-09,31.81999969482422,31.959999084472656,31.729999542236328,31.8700008392334,22.762920379638672,4049600,1140.449951171875
2010-03-10,31.649999618530277,31.75,31.34000015258789,31.600000381469727,22.712602615356445,4295300,1145.6099853515625
2010-03-11,31.5,31.82999992370605,31.36000061035156,31.780000686645508,22.84197807312012,3010600,1150.239990234375
2010-03-12,31.959999084472656,32.0099983215332,31.36000061035156,31.46999931335449,22.619163513183597,4125800,1149.989990234375
2010-03-15,31.350000381469727,31.420000076293945,30.670000076293945,30.93000030517578,22.231040954589844,7307800,1150.510009765625
2010-03-16,30.959999084472656,31.030000686645508,30.700000762939453,31.020000457763672,22.29572868347168,4792600,1159.4599609375
2010-03-17,31.18000030517578,31.549999237060547,31.01000022888184,31.270000457763672,22.47541046142578,5769500,1166.2099609375
2010-03-18,31.280000686645508,31.43000030517578,30.989999771118164,31.3799991607666,22.554468154907227,4156200,1165.8299560546875
2010-03-19,31.26000022888184,31.489999771118164,31.06999969482422,31.26000022888184,22.468225479125977,5370200,1159.9000244140625
2010-03-22,31.020000457763672,31.239999771118164,30.90999984741211,31.07999992370605,22.33885383605957,5241400,1165.81005859375
2010-03-23,31.06999969482422,31.440000534057617,30.959999084472656,31.440000534057617,22.597604751586918,2925000,1174.1700439453125
2010-03-24,31.280000686645508,31.479999542236328,31.09000015258789,31.32999992370605,22.51854133605957,3228100,1167.719970703125
2010-03-25,31.520000457763672,31.96999931335449,31.31999969482422,31.559999465942383,22.683847427368164,5614700,1165.72998046875
2010-03-26,31.670000076293945,32.47999954223633,31.65999984741211,32.20000076293945,23.14385986328125,6639500,1166.5899658203125
2010-03-29,32.380001068115234,32.459999084472656,32.15999984741211,32.2599983215332,23.18697929382324,3419500,1173.219970703125
2010-03-30,32.220001220703125,32.25,31.940000534057617,32.060001373291016,23.04323005676269,2404300,1173.27001953125
2010-03-31,31.950000762939453,32.349998474121094,31.86000061035156,32.310001373291016,23.22292137145996,3573000,1169.4300537109375
2010-04-01,32.439998626708984,32.65999984741211,32.290000915527344,32.4900016784668,23.352294921875,2893500,1178.0999755859375
2010-04-05,32.77000045776367,32.77000045776367,32.41999816894531,32.630001068115234,23.452924728393555,2285500,1187.43994140625
2010-04-06,32.58000183105469,32.7400016784668,32.369998931884766,32.619998931884766,23.445728302001957,3026200,1189.43994140625
2010-04-07,32.52000045776367,33.119998931884766,32.43000030517578,32.77000045776367,23.553544998168945,3948400,1182.449951171875
2010-04-08,32.7599983215332,33.130001068115234,32.529998779296875,33.099998474121094,23.790733337402344,4685400,1186.43994140625
2010-04-09,33.15999984741211,33.33000183105469,32.79999923706055,32.970001220703125,23.69730567932129,3045600,1194.3699951171875
2010-04-12,33.150001525878906,33.18000030517578,32.900001525878906,33.040000915527344,23.747615814208984,2390500,1196.47998046875
2010-04-13,32.91999816894531,33.2599983215332,32.91999816894531,33.060001373291016,23.76198959350586,4307600,1197.300048828125
2010-04-14,33.2599983215332,34.47999954223633,33.20000076293945,34.33000183105469,24.6748046875,8755800,1210.6500244140625
2010-04-15,34.33000183105469,34.439998626708984,33.970001220703125,34.29999923706055,24.65323638916016,4530600,1211.6700439453125
2010-04-16,34.15999984741211,34.529998779296875,33.4900016784668,33.849998474121094,24.32979202270508,8637200,1192.1300048828125
2010-04-19,33.619998931884766,34.310001373291016,33.11000061035156,34.189998626708984,24.57417297363281,7697200,1197.52001953125
2010-04-20,34.5,35.5099983215332,34.209999084472656,35.43000030517578,25.46541976928711,10241700,1207.1700439453125
2010-04-21,35.38999938964844,35.459999084472656,34.560001373291016,34.88999938964844,25.077293395996094,5969900,1205.93994140625
2010-04-22,34.61000061035156,35.189998626708984,34.369998931884766,35.16999816894531,25.278547286987305,4905900,1208.6700439453125
2010-04-23,34.970001220703125,35.25,34.79999923706055,35.189998626708984,25.292930603027344,4811300,1217.280029296875
2010-04-26,35.189998626708984,35.290000915527344,34.7400016784668,34.79999923706055,25.012609481811523,4783800,1212.050048828125
2010-04-27,34.540000915527344,34.540000915527344,33.189998626708984,33.27000045776367,23.91292381286621,7799800,1183.7099609375
2010-04-28,33.56999969482422,34.189998626708984,33.5,33.77000045776367,24.272296905517575,6624900,1191.3599853515625
2010-04-29,33.95000076293945,34.279998779296875,32.66999816894531,33.27000045776367,23.91292381286621,11904400,1206.780029296875
2010-04-30,33.150001525878906,33.45000076293945,32.58000183105469,32.66999816894531,23.481666564941406,5986100,1186.68994140625
2010-05-03,32.959999084472656,33.40999984741211,32.86000061035156,33.040000915527344,23.747615814208984,3824600,1202.260009765625
2010-05-04,32.68000030517578,32.689998626708984,31.90999984741211,32.08000183105469,23.05760383605957,8419200,1173.5999755859375
2010-05-05,31.61000061035156,32.95000076293945,31.61000061035156,32.689998626708984,23.496044158935547,13110300,1165.8699951171875
2010-05-06,32.540000915527344,33.040000915527344,31.01000022888184,32.060001373291016,23.04323005676269,9836500,1128.1500244140625
2010-05-07,31.899999618530277,32.65999984741211,31.530000686645508,31.799999237060547,22.85634994506836,8952900,1110.8800048828125
2010-05-10,33.36000061035156,33.36000061035156,32.5,33.31999969482422,23.9488582611084,6275300,1159.72998046875
2010-05-11,32.869998931884766,33.25,32.65999984741211,32.75,23.539175033569336,6094600,1155.7900390625
2010-05-12,32.91999816894531,33.20000076293945,32.869998931884766,33.11000061035156,23.79792022705078,5169100,1171.6700439453125
2010-05-13,33.08000183105469,33.08000183105469,32.540000915527344,32.560001373291016,23.402603149414062,4349000,1157.43994140625
2010-05-14,32.25,32.380001068115234,31.6200008392334,31.8700008392334,22.906667709350582,4684000,1135.6800537109375
2010-05-17,31.86000061035156,32.099998474121094,31.3799991607666,31.989999771118164,22.992921829223636,4593200,1136.93994140625
2010-05-18,32.18000030517578,32.34000015258789,31.280000686645508,31.3799991607666,22.554468154907227,4254900,1120.800048828125
2010-05-19,31.06999969482422,31.649999618530277,30.899999618530277,31.3799991607666,22.554468154907227,5459800,1115.050048828125
2010-05-20,30.799999237060547,31.0,30.020000457763672,30.06999969482422,21.61290740966797,7285600,1071.5899658203125
2010-05-21,29.51000022888184,30.600000381469727,29.46999931335449,30.540000915527344,21.950719833374023,5876300,1087.68994140625
2010-05-24,30.6200008392334,30.6200008392334,29.809999465942383,29.84000015258789,21.447603225708008,4502000,1073.6500244140625
2010-05-25,29.239999771118164,30.040000915527344,28.82999992370605,30.040000915527344,21.591346740722656,4782100,1074.030029296875
2010-05-26,30.270000457763672,30.270000457763672,29.459999084472656,29.530000686645508,21.367040634155277,3848500,1067.949951171875
2010-05-27,30.020000457763672,30.790000915527344,29.959999084472656,30.770000457763672,22.264265060424805,4012800,1103.06005859375
2010-05-28,30.68000030517578,31.020000457763672,30.399999618530277,30.6299991607666,22.162965774536133,4499300,1089.4100341796875
2010-06-01,30.34000015258789,30.56999969482422,29.65999984741211,29.65999984741211,21.46109771728516,4388100,1070.7099609375
2010-06-02,29.780000686645508,30.229999542236328,29.600000381469727,30.21999931335449,21.866304397583008,5564800,1098.3800048828125
2010-06-03,30.3799991607666,30.479999542236328,29.959999084472656,30.170000076293945,21.830127716064453,3403500,1102.8299560546875
2010-06-04,29.6200008392334,29.770000457763672,28.86000061035156,28.940000534057617,20.94013786315918,5398600,1064.8800048828125
2010-06-07,29.06999969482422,29.38999938964844,28.65999984741211,28.670000076293945,20.74477195739746,4490700,1050.469970703125
2010-06-08,28.790000915527344,29.26000022888184,28.40999984741211,29.25,21.164447784423828,4775900,1062.0
2010-06-09,29.309999465942383,29.489999771118164,28.76000022888184,28.850000381469727,20.875015258789062,3904000,1055.68994140625
2010-06-10,29.190000534057617,29.850000381469727,29.030000686645508,29.799999237060547,21.56240463256836,4426600,1086.8399658203125
2010-06-11,29.59000015258789,29.989999771118164,29.229999542236328,29.979999542236328,21.69264411926269,2747800,1091.5999755859375
2010-06-14,30.209999084472656,30.549999237060547,29.93000030517578,29.950000762939453,21.670936584472656,3425100,1089.6300048828125
2010-06-15,30.1299991607666,30.71999931335449,29.920000076293945,30.670000076293945,22.191909790039062,3133100,1115.22998046875
2010-06-16,30.489999771118164,30.51000022888184,30.1200008392334,30.21999931335449,21.866304397583008,4537900,1114.6099853515625
2010-06-17,30.32999992370605,30.3700008392334,29.8700008392334,30.059999465942383,21.75053596496582,5162100,1116.0400390625
2010-06-18,30.170000076293945,30.61000061035156,30.040000915527344,30.540000915527344,22.09784507751465,4636400,1117.510009765625
2010-06-21,30.84000015258789,30.93000030517578,30.11000061035156,30.270000457763672,21.902482986450195,3675100,1113.199951171875
2010-06-22,30.26000022888184,31.040000915527344,30.200000762939453,30.549999237060547,22.10508346557617,6784500,1095.31005859375
2010-06-23,30.530000686645508,30.670000076293945,30.170000076293945,30.450000762939453,22.03272247314453,6765400,1092.0400390625
2010-06-24,30.25,30.350000381469727,29.5,29.56999969482422,21.395984649658203,5300000,1073.68994140625
2010-06-25,29.790000915527344,30.850000381469727,29.43000030517578,30.82999992370605,22.30768394470215,9614800,1076.760009765625
2010-06-28,30.81999969482422,30.940000534057617,29.93000030517578,30.0,21.70712280273437,4831700,1074.5699462890625
2010-06-29,29.649999618530277,29.700000762939453,28.82999992370605,29.01000022888184,20.990779876708984,6005600,1041.239990234375
2010-06-30,29.11000061035156,29.280000686645508,28.68000030517578,28.729999542236328,20.78818130493164,5248400,1030.7099609375
2010-07-01,28.8700008392334,28.8700008392334,27.96999931335449,28.38999938964844,20.54217338562012,6115400,1027.3699951171875
2010-07-02,28.6299991607666,28.84000015258789,28.01000022888184,28.280000686645508,20.46258354187012,3330100,1022.5800170898438
2010-07-06,28.61000061035156,28.799999237060547,27.690000534057617,27.93000030517578,20.209327697753903,4988300,1028.06005859375
2010-07-07,27.920000076293945,28.88999938964844,27.81999969482422,28.809999465942383,20.846065521240234,5268100,1060.27001953125
2010-07-08,28.88999938964844,29.290000915527344,28.86000061035156,29.209999084472656,21.135499954223636,3354300,1070.25
2010-07-09,29.350000381469727,29.479999542236328,29.13999938964844,29.440000534057617,21.301921844482425,2773600,1077.9599609375
2010-07-12,29.32999992370605,29.32999992370605,28.959999084472656,29.11000061035156,21.06313705444336,3656200,1078.75
2010-07-13,29.309999465942383,29.549999237060547,29.18000030517578,29.31999969482422,21.215089797973636,4162900,1095.3399658203125
2010-07-14,29.13999938964844,29.3799991607666,28.780000686645508,29.0,20.98354721069336,5845300,1095.1700439453125
2010-07-15,29.01000022888184,29.01000022888184,28.479999542236328,28.8799991607666,20.896713256835938,4955500,1096.47998046875
2010-07-16,28.57999992370605,28.709999084472656,27.75,27.82999992370605,20.1369686126709,7322100,1064.8800048828125
2010-07-19,27.93000030517578,28.059999465942383,27.520000457763672,27.899999618530277,20.1876220703125,3760300,1071.25
2010-07-20,27.440000534057617,28.309999465942383,27.25,28.270000457763672,20.4553337097168,3907900,1083.47998046875
2010-07-21,28.46999931335449,28.540000915527344,27.399999618530277,27.43000030517578,19.84754943847656,4480800,1069.5899658203125
2010-07-22,27.38999938964844,28.06999969482422,27.280000686645508,28.059999465942383,20.303390502929688,5828700,1093.6700439453125
2010-07-23,28.049999237060547,28.520000457763672,27.780000686645508,28.280000686645508,20.46258354187012,5192300,1102.6600341796875
2010-07-26,28.18000030517578,28.450000762939453,27.93000030517578,28.32999992370605,20.498748779296875,3919300,1115.010009765625
2010-07-27,28.600000381469727,28.790000915527344,28.3799991607666,28.61000061035156,20.70135498046875,5739400,1113.8399658203125
2010-07-28,28.549999237060547,28.61000061035156,28.21999931335449,28.25,20.44087219238281,4150800,1106.1300048828125
2010-07-29,28.399999618530277,28.82999992370605,27.8700008392334,28.25,20.44087219238281,5635300,1101.530029296875
2010-07-30,27.940000534057617,28.450000762939453,27.76000022888184,28.239999771118164,20.433631896972656,3922900,1101.5999755859375
2010-08-02,28.65999984741211,28.899999618530277,28.540000915527344,28.82999992370605,20.86053466796875,4613200,1125.8599853515625
2010-08-03,28.799999237060547,28.920000076293945,28.489999771118164,28.549999237060547,20.65793800354004,5120500,1120.4599609375
2010-08-04,28.6299991607666,28.82999992370605,28.43000030517578,28.61000061035156,20.70135498046875,8532600,1127.239990234375
2010-08-05,29.32999992370605,29.61000061035156,28.57999992370605,29.40999984741211,21.28021240234375,9532400,1125.81005859375
2010-08-06,29.190000534057617,29.549999237060547,28.6200008392334,28.979999542236328,20.969074249267575,6047600,1121.6400146484375
2010-08-09,29.15999984741211,29.63999938964844,29.07999992370605,29.6299991607666,21.43939781188965,5274100,1127.7900390625
2010-08-10,29.43000030517578,29.63999938964844,28.850000381469727,29.420000076293945,21.287450790405277,3667300,1121.06005859375
2010-08-11,28.989999771118164,29.01000022888184,28.200000762939453,28.21999931335449,20.419164657592773,5698100,1089.469970703125
2010-08-12,27.88999938964844,28.299999237060547,27.81999969482422,28.21999931335449,20.419164657592773,3968100,1083.6099853515625
2010-08-13,28.15999984741211,28.489999771118164,28.040000915527344,28.100000381469727,20.33233070373535,3240800,1079.25
2010-08-16,27.93000030517578,27.96999931335449,27.63999938964844,27.940000534057617,20.216567993164062,4369700,1079.3800048828125
2010-08-17,28.13999938964844,28.31999969482422,27.86000061035156,28.239999771118164,20.433631896972656,3872100,1092.5400390625
2010-08-18,28.299999237060547,28.559999465942383,27.96999931335449,28.36000061035156,20.52046203613281,2533000,1094.1600341796875
2010-08-19,28.21999931335449,28.25,27.780000686645508,28.040000915527344,20.288917541503903,4293600,1075.6300048828125
2010-08-20,27.809999465942383,28.030000686645508,27.530000686645508,27.75,20.07909202575684,3541000,1071.68994140625
2010-08-23,27.690000534057617,28.07999992370605,27.6200008392334,27.90999984741211,20.194854736328125,3544100,1067.3599853515625
2010-08-24,27.6200008392334,27.8799991607666,27.420000076293945,27.520000457763672,19.91266632080078,3585700,1051.8699951171875
2010-08-25,27.32999992370605,27.93000030517578,27.040000915527344,27.81999969482422,20.12973022460937,3958600,1055.3299560546875
2010-08-26,28.01000022888184,28.040000915527344,27.350000381469727,27.40999984741211,19.833066940307617,3714000,1047.219970703125
2010-08-27,27.46999931335449,27.989999771118164,27.100000381469727,27.989999771118164,20.40160179138184,3536600,1064.5899658203125
2010-08-30,27.84000015258789,27.959999084472656,27.229999542236328,27.26000022888184,19.869524002075195,3290400,1048.9200439453125
2010-08-31,27.11000061035156,27.709999084472656,26.86000061035156,27.600000381469727,20.11733627319336,4268700,1049.3299560546875
2010-09-01,27.93000030517578,28.68000030517578,27.65999984741211,28.670000076293945,20.897253036499023,5521100,1080.2900390625
2010-09-02,28.6299991607666,28.68000030517578,28.350000381469727,28.6200008392334,20.860811233520508,3144300,1090.0999755859375
2010-09-03,28.82999992370605,29.450000762939453,28.75,29.420000076293945,21.443920135498047,4135700,1104.510009765625
2010-09-07,29.170000076293945,29.21999931335449,28.690000534057617,28.700000762939453,20.91912078857422,3063000,1091.8399658203125
2010-09-08,28.799999237060547,29.149999618530277,28.799999237060547,29.100000381469727,21.21066665649414,3880200,1098.8699951171875
2010-09-09,29.5,29.59000015258789,29.239999771118164,29.450000762939453,21.465782165527344,3236700,1104.1800537109375
2010-09-10,29.8799991607666,29.93000030517578,29.479999542236328,29.8700008392334,21.771915435791016,3503700,1109.550048828125
2010-09-13,30.209999084472656,30.32999992370605,30.040000915527344,30.290000915527344,22.078052520751957,4655100,1121.9000244140625
2010-09-14,30.25,30.459999084472656,30.020000457763672,30.270000457763672,22.06346893310547,4196500,1121.0999755859375
2010-09-15,30.049999237060547,30.61000061035156,29.989999771118164,30.489999771118164,22.22382926940918,3364300,1125.0699462890625
2010-09-16,30.32999992370605,30.8700008392334,30.26000022888184,30.850000381469727,22.486228942871094,5269900,1124.6600341796875
2010-09-17,30.920000076293945,31.190000534057617,30.8799991607666,30.989999771118164,22.588268280029297,5468200,1125.5899658203125
2010-09-20,31.020000457763672,31.540000915527344,30.88999938964844,31.51000022888184,22.967294692993164,4463900,1142.7099609375
2010-09-21,31.5,31.559999465942383,31.13999938964844,31.32999992370605,22.836091995239254,4500800,1139.780029296875
2010-09-22,31.18000030517578,31.21999931335449,30.8799991607666,30.959999084472656,22.566404342651367,4567700,1134.280029296875
2010-09-23,30.770000457763672,30.989999771118164,30.40999984741211,30.450000762939453,22.19466590881348,3794600,1124.8299560546875
2010-09-24,30.809999465942383,31.61000061035156,30.709999084472656,31.600000381469727,23.03289222717285,5346600,1148.6700439453125
2010-09-27,31.5,31.690000534057617,31.34000015258789,31.399999618530277,22.887117385864254,4544000,1142.1600341796875
2010-09-28,31.6200008392334,32.27000045776367,31.32999992370605,32.15999984741211,23.441070556640625,7298000,1147.699951171875
2010-09-29,32.13999938964844,32.150001525878906,31.399999618530277,31.549999237060547,22.99644660949707,5873900,1144.72998046875
2010-09-30,31.76000022888184,32.36000061035156,31.540000915527344,31.549999237060547,22.99644660949707,5861400,1141.199951171875
2010-10-01,31.88999938964844,32.029998779296875,31.309999465942383,31.56999969482422,23.011022567749023,4375100,1146.239990234375
2010-10-04,31.950000762939453,32.06999969482422,31.520000457763672,31.700000762939453,23.10577964782715,3764200,1137.030029296875
2010-10-05,32.040000915527344,32.4900016784668,31.540000915527344,32.380001068115234,23.601430892944336,4820800,1160.75
2010-10-06,32.29999923706055,32.36000061035156,31.84000015258789,32.119998931884766,23.411922454833984,3589900,1159.969970703125
2010-10-07,32.220001220703125,32.470001220703125,32.06999969482422,32.20000076293945,23.47022819519043,3172100,1158.06005859375
2010-10-08,32.310001373291016,32.540000915527344,32.189998626708984,32.41999816894531,23.630586624145508,2711800,1165.1500244140625
2010-10-11,32.400001525878906,32.56999969482422,32.36000061035156,32.43000030517578,23.63787651062012,1601600,1165.3199462890625
2010-10-12,32.38999938964844,32.619998931884766,32.130001068115234,32.52000045776367,23.70347595214844,3280400,1169.77001953125
2010-10-13,32.86000061035156,33.209999084472656,32.7599983215332,32.939998626708984,24.00960731506348,4528600,1178.0999755859375
2010-10-14,32.79999923706055,33.290000915527344,32.5,32.66999816894531,23.81279563903809,4247700,1173.81005859375
2010-10-15,32.84000015258789,32.970001220703125,32.31999969482422,32.43000030517578,23.63787651062012,5500100,1176.18994140625
2010-10-18,32.400001525878906,32.61000061035156,32.38999938964844,32.560001373291016,23.73262405395508,5567000,1184.7099609375
2010-10-19,32.13999938964844,32.560001373291016,31.950000762939453,32.20000076293945,23.47022819519043,6193000,1165.9000244140625
2010-10-20,32.31999969482422,32.790000915527344,32.25,32.599998474121094,23.761781692504883,5406300,1178.1700439453125
2010-10-21,32.709999084472656,33.0099983215332,32.31999969482422,32.560001373291016,23.73262405395508,4387300,1180.260009765625
2010-10-22,32.65999984741211,32.93000030517578,32.58000183105469,32.790000915527344,23.90027236938477,2610800,1183.0799560546875
2010-10-25,32.959999084472656,33.290000915527344,32.709999084472656,33.11000061035156,24.133514404296875,5292000,1185.6199951171875
2010-10-26,32.869998931884766,33.08000183105469,32.619998931884766,32.66999816894531,23.81279563903809,5208200,1185.6400146484375
2010-10-27,32.41999816894531,32.7400016784668,32.2599983215332,32.47999954223633,23.674318313598636,5080900,1182.449951171875
2010-10-28,31.0,31.15999984741211,30.1299991607666,30.43000030517578,22.18009185791016,12966400,1183.780029296875
2010-10-29,30.280000686645508,30.51000022888184,30.0,30.489999771118164,22.22382926940918,8706500,1183.260009765625
2010-11-01,30.559999465942383,30.76000022888184,29.90999984741211,30.18000030517578,21.99786758422852,6330100,1184.3800048828125
2010-11-02,30.399999618530277,30.420000076293945,30.040000915527344,30.309999465942383,22.09262466430664,3781100,1193.5699462890625
2010-11-03,30.459999084472656,30.520000457763672,29.6200008392334,29.96999931335449,21.844804763793945,5744700,1197.9599609375
2010-11-04,30.280000686645508,31.239999771118164,30.21999931335449,31.18000030517578,22.72675895690918,7777600,1221.06005859375
2010-11-05,31.1299991607666,31.36000061035156,30.86000061035156,31.270000457763672,22.792360305786133,4737600,1225.8499755859375
2010-11-08,31.11000061035156,31.270000457763672,30.76000022888184,31.030000686645508,22.6174259185791,5294600,1223.25
2010-11-09,31.049999237060547,31.100000381469727,30.15999984741211,30.280000686645508,22.07076644897461,5915000,1213.4000244140625
2010-11-10,30.440000534057617,31.07999992370605,30.420000076293945,31.059999465942383,22.63929748535156,8245900,1218.7099609375
2010-11-11,30.8700008392334,30.979999542236328,30.56999969482422,30.6299991607666,22.32586479187012,4702100,1213.5400390625
2010-11-12,30.450000762939453,30.51000022888184,30.01000022888184,30.18000030517578,21.99786758422852,4258800,1199.2099609375
2010-11-15,30.3799991607666,30.709999084472656,30.350000381469727,30.46999931335449,22.20924186706543,3907900,1197.75
2010-11-16,30.290000915527344,30.440000534057617,29.68000030517578,29.84000015258789,21.75004768371582,8638500,1178.3399658203125
2010-11-17,29.920000076293945,30.049999237060547,29.690000534057617,29.850000381469727,21.75733757019043,7218300,1178.5899658203125
2010-11-18,30.18000030517578,30.5,30.049999237060547,30.21999931335449,22.027027130126957,4398300,1196.68994140625
2010-11-19,30.13999938964844,30.46999931335449,30.07999992370605,30.32999992370605,22.10719871520996,4444700,1199.72998046875
2010-11-22,30.15999984741211,30.190000534057617,29.65999984741211,30.0,21.86666679382324,4331100,1197.8399658203125
2010-11-23,29.649999618530277,29.809999465942383,29.5,29.540000915527344,21.531381607055664,4204600,1180.72998046875
2010-11-24,29.700000762939453,29.850000381469727,29.65999984741211,29.799999237060547,21.72089195251465,3214600,1198.3499755859375
2010-11-26,29.43000030517578,29.61000061035156,29.309999465942383,29.32999992370605,21.52276039123535,1764900,1189.4000244140625
2010-11-29,29.190000534057617,29.440000534057617,29.0,29.36000061035156,21.544782638549805,4230900,1187.760009765625
2010-11-30,29.15999984741211,29.420000076293945,29.06999969482422,29.11000061035156,21.36132431030273,3652500,1180.550048828125
2010-12-01,29.530000686645508,30.0,29.520000457763672,29.950000762939453,21.977725982666016,3695900,1206.0699462890625
2010-12-02,29.979999542236328,30.3799991607666,29.84000015258789,30.309999465942383,22.241899490356445,4672600,1221.530029296875
2010-12-03,30.21999931335449,30.40999984741211,29.88999938964844,30.309999465942383,22.241899490356445,3918900,1224.7099609375
2010-12-06,30.290000915527344,30.399999618530277,30.059999465942383,30.170000076293945,22.139169692993164,3048700,1223.1199951171875
2010-12-07,30.5,30.59000015258789,30.229999542236328,30.450000762939453,22.34463119506836,3887100,1223.75
2010-12-08,30.440000534057617,30.65999984741211,30.26000022888184,30.479999542236328,22.36665725708008,4380300,1228.280029296875
2010-12-09,30.61000061035156,30.729999542236328,30.36000061035156,30.520000457763672,22.39600372314453,3334800,1233.0
2010-12-10,30.399999618530277,30.989999771118164,30.34000015258789,30.940000534057617,22.70421028137207,3033600,1240.4000244140625
2010-12-13,31.0,31.21999931335449,30.84000015258789,31.040000915527344,22.777587890625,2485700,1240.4599609375
2010-12-14,31.100000381469727,31.229999542236328,30.8799991607666,30.950000762939453,22.711544036865234,2890500,1241.5899658203125
2010-12-15,30.82999992370605,31.09000015258789,30.739999771118164,30.76000022888184,22.572114944458008,4226900,1235.22998046875
2010-12-16,30.86000061035156,31.309999465942383,30.709999084472656,31.229999542236328,22.917011260986328,3171100,1242.8699951171875
2010-12-17,31.21999931335449,31.420000076293945,30.940000534057617,31.309999465942383,22.9757137298584,4418700,1243.9100341796875
2010-12-20,31.32999992370605,31.520000457763672,31.18000030517578,31.34000015258789,22.99772834777832,2984500,1247.0799560546875
2010-12-21,31.420000076293945,31.959999084472656,31.34000015258789,31.8700008392334,23.38665580749512,3597700,1254.5999755859375
2010-12-22,31.84000015258789,32.209999084472656,31.790000915527344,31.96999931335449,23.460037231445312,2615900,1258.8399658203125
2010-12-23,31.88999938964844,32.0,31.739999771118164,31.940000534057617,23.438013076782227,2581700,1256.77001953125
2010-12-27,31.790000915527344,32.20000076293945,31.190000534057617,32.09000015258789,23.54808807373047,2122000,1257.5400390625
2010-12-28,32.09000015258789,32.130001068115234,31.799999237060547,32.0,23.482046127319336,1561300,1258.510009765625
2010-12-29,32.06999969482422,32.08000183105469,31.8799991607666,31.90999984741211,23.416004180908203,2269000,1259.780029296875
2010-12-30,31.809999465942383,31.93000030517578,31.61000061035156,31.799999237060547,23.335281372070312,1873200,1257.8800048828125
2010-12-31,31.739999771118164,32.060001373291016,31.65999984741211,31.8799991607666,23.393985748291016,1788300,1257.6400146484375
2011-01-03,32.220001220703125,32.5,32.029998779296875,32.22999954223633,23.65082359313965,3824800,1271.8699951171875
2011-01-04,32.2400016784668,32.2400016784668,31.649999618530277,31.90999984741211,23.416004180908203,3636800,1270.199951171875
2011-01-05,31.729999542236328,32.08000183105469,31.700000762939453,31.86000061035156,23.37932014465332,4190500,1276.56005859375
2011-01-06,31.84000015258789,31.899999618530277,31.38999938964844,31.5,23.11513900756836,3956400,1273.8499755859375
2011-01-07,31.59000015258789,31.649999618530277,31.1200008392334,31.290000915527344,22.96103858947754,3613000,1271.5
2011-01-10,31.07999992370605,31.1299991607666,30.68000030517578,30.989999771118164,22.740894317626957,4163700,1269.75
2011-01-11,30.979999542236328,31.399999618530277,30.75,31.1299991607666,22.8436279296875,4291100,1274.47998046875
2011-01-12,31.26000022888184,31.549999237060547,30.709999084472656,30.809999465942383,22.608797073364254,6884300,1285.9599609375
2011-01-13,30.86000061035156,30.86000061035156,30.43000030517578,30.68000030517578,22.51341819763184,4480000,1283.760009765625
2011-01-14,30.59000015258789,30.86000061035156,30.530000686645508,30.709999084472656,22.53542137145996,4722700,1293.239990234375
2011-01-18,30.75,31.100000381469727,30.6299991607666,30.93000030517578,22.69686508178711,3723000,1295.02001953125
2011-01-19,30.850000381469727,30.899999618530277,30.489999771118164,30.57999992370605,22.440034866333008,2883700,1281.9200439453125
2011-01-20,30.559999465942383,31.5,30.559999465942383,31.299999237060547,22.96837615966797,6956100,1280.260009765625
2011-01-21,31.420000076293945,31.57999992370605,31.06999969482422,31.350000381469727,23.00506591796875,4048200,1283.3499755859375
2011-01-24,31.34000015258789,31.489999771118164,31.100000381469727,31.280000686645508,22.953706741333008,3478200,1290.8399658203125
2011-01-25,31.26000022888184,32.29999923706055,31.26000022888184,31.790000915527344,23.327939987182617,7278300,1291.1800537109375
2011-01-26,31.81999969482422,31.940000534057617,31.6299991607666,31.68000030517578,23.247222900390625,3484900,1296.6300048828125
2011-01-27,31.71999931335449,31.93000030517578,31.600000381469727,31.88999938964844,23.401330947875977,2766000,1299.5400390625
2011-01-28,31.799999237060547,32.0,31.11000061035156,31.149999618530277,22.858306884765625,4828100,1276.3399658203125
2011-01-31,31.31999969482422,31.440000534057617,31.01000022888184,31.13999938964844,22.85096740722656,3091700,1286.1199951171875
2011-02-01,31.40999984741211,31.76000022888184,31.26000022888184,31.600000381469727,23.188520431518555,3345000,1307.5899658203125
2011-02-02,31.489999771118164,31.540000915527344,31.040000915527344,31.1299991607666,22.8436279296875,3549700,1304.030029296875
2011-02-03,31.100000381469727,31.479999542236328,30.700000762939453,31.21999931335449,22.90966796875,4603400,1307.0999755859375
2011-02-04,31.309999465942383,31.350000381469727,31.020000457763672,31.350000381469727,23.00506591796875,3411200,1310.8699951171875
2011-02-07,31.51000022888184,31.8799991607666,31.36000061035156,31.8799991607666,23.393985748291016,4745900,1319.050048828125
2011-02-08,31.88999938964844,32.560001373291016,31.670000076293945,32.560001373291016,23.892976760864254,5720200,1324.5699462890625
2011-02-09,32.38999938964844,32.61000061035156,32.150001525878906,32.36000061035156,23.7462158203125,5126900,1320.8800048828125
2011-02-10,30.75,31.440000534057617,30.68000030517578,31.200000762939453,22.895004272460938,14257500,1321.8699951171875
2011-02-11,31.01000022888184,31.65999984741211,30.979999542236328,31.38999938964844,23.034423828125,5363500,1329.1500244140625
2011-02-14,31.31999969482422,31.350000381469727,30.93000030517578,30.959999084472656,22.7188777923584,5723200,1332.3199462890625
2011-02-15,30.86000061035156,30.93000030517578,30.46999931335449,30.540000915527344,22.410675048828125,7329000,1328.010009765625
2011-02-16,30.700000762939453,31.049999237060547,30.61000061035156,30.899999618530277,22.67484474182129,4890300,1336.3199462890625
2011-02-17,30.670000076293945,31.670000076293945,30.600000381469727,31.61000061035156,23.195859909057617,7583000,1340.4300537109375
2011-02-18,31.68000030517578,32.11000061035156,31.40999984741211,32.11000061035156,23.562763214111328,6792200,1343.010009765625
2011-02-22,31.770000457763672,32.0,31.540000915527344,31.739999771118164,23.291257858276367,5833800,1315.43994140625
2011-02-23,31.700000762939453,32.15999984741211,31.459999084472656,31.5,23.11513900756836,4808900,1307.4000244140625
2011-02-24,31.559999465942383,31.63999938964844,30.809999465942383,31.07999992370605,22.80693817138672,5097700,1306.0999755859375
2011-02-25,31.13999938964844,31.520000457763672,31.13999938964844,31.479999542236328,23.1004638671875,2714400,1319.8800048828125
2011-02-28,31.540000915527344,31.809999465942383,31.43000030517578,31.780000686645508,23.32061195373535,3581300,1327.219970703125
2011-03-01,31.82999992370605,31.93000030517578,31.43000030517578,31.440000534057617,23.07111167907715,5141700,1306.3299560546875
2011-03-02,31.31999969482422,31.489999771118164,31.18000030517578,31.299999237060547,22.96837615966797,4644000,1308.43994140625
2011-03-03,31.530000686645508,31.989999771118164,31.530000686645508,31.8799991607666,23.393985748291016,4835400,1330.969970703125
2011-03-04,31.790000915527344,32.08000183105469,31.3799991607666,31.709999084472656,23.26923942565918,4512100,1321.1500244140625
2011-03-07,31.75,31.84000015258789,31.34000015258789,31.43000030517578,23.063777923583984,3307500,1310.1300048828125
2011-03-08,31.530000686645508,32.040000915527344,31.51000022888184,32.0,23.482046127319336,3218500,1321.8199462890625
2011-03-09,31.790000915527344,32.20000076293945,31.739999771118164,32.06999969482422,23.688867568969727,4582800,1320.02001953125
2011-03-10,31.739999771118164,32.0,31.6299991607666,31.729999542236328,23.437719345092773,4060600,1295.1099853515625
2011-03-11,31.559999465942383,32.06999969482422,31.299999237060547,31.989999771118164,23.62978172302246,3948600,1304.280029296875
2011-03-14,31.790000915527344,31.899999618530277,31.56999969482422,31.729999542236328,23.437719345092773,4817400,1296.3900146484375
2011-03-15,30.93000030517578,31.479999542236328,30.670000076293945,31.31999969482422,23.134878158569336,6327800,1281.8699951171875
2011-03-16,31.280000686645508,31.34000015258789,30.690000534057617,30.729999542236328,22.699064254760746,7303300,1256.8800048828125
2011-03-17,31.25,31.299999237060547,30.75,31.09000015258789,22.964984893798828,4336200,1273.719970703125
2011-03-18,31.46999931335449,31.65999984741211,31.0,31.149999618530277,23.00930404663086,5611300,1279.2099609375
2011-03-21,31.489999771118164,31.520000457763672,31.21999931335449,31.290000915527344,23.112720489501957,3702400,1298.3800048828125
2011-03-22,31.59000015258789,31.82999992370605,31.3700008392334,31.479999542236328,23.25305938720703,4271400,1293.77001953125
2011-03-23,31.31999969482422,31.51000022888184,31.1299991607666,31.36000061035156,23.164424896240234,2978000,1297.5400390625
2011-03-24,31.479999542236328,31.57999992370605,31.209999084472656,31.549999237060547,23.304771423339844,2575000,1309.6600341796875
2011-03-25,31.59000015258789,31.649999618530277,31.280000686645508,31.459999084472656,23.23828887939453,3783700,1313.800048828125
2011-03-28,31.540000915527344,31.76000022888184,31.420000076293945,31.649999618530277,23.378637313842773,2913900,1310.18994140625
2011-03-29,31.61000061035156,31.76000022888184,31.350000381469727,31.6299991607666,23.363859176635746,3029200,1319.43994140625
2011-03-30,31.76000022888184,31.88999938964844,31.670000076293945,31.850000381469727,23.5263614654541,2791000,1328.260009765625
2011-03-31,31.729999542236328,32.16999816894531,31.670000076293945,31.780000686645508,23.47466468811035,4130300,1325.8299560546875
2011-04-01,31.32999992370605,31.600000381469727,31.270000457763672,31.450000762939453,23.23090171813965,6164300,1332.4100341796875
2011-04-04,31.56999969482422,31.90999984741211,31.549999237060547,31.86000061035156,23.53375816345215,3027000,1332.8699951171875
2011-04-05,31.799999237060547,31.81999969482422,31.549999237060547,31.61000061035156,23.34908676147461,3051500,1332.6300048828125
2011-04-06,31.700000762939453,31.81999969482422,31.61000061035156,31.649999618530277,23.378637313842773,3192900,1335.5400390625
2011-04-07,31.6200008392334,31.86000061035156,31.549999237060547,31.799999237060547,23.48943328857422,3457200,1333.510009765625
2011-04-08,31.8799991607666,31.959999084472656,31.229999542236328,31.399999618530277,23.193967819213867,3339400,1328.1700439453125
2011-04-11,31.399999618530277,31.790000915527344,31.399999618530277,31.75,23.45249938964844,3976400,1324.4599609375
2011-04-12,31.65999984741211,31.71999931335449,31.299999237060547,31.61000061035156,23.34908676147461,3389300,1314.1600341796875
2011-04-13,31.799999237060547,31.8799991607666,31.65999984741211,31.84000015258789,23.51898002624512,4975600,1314.4100341796875
2011-04-14,31.57999992370605,31.6299991607666,31.290000915527344,31.399999618530277,23.193967819213867,3607100,1314.52001953125
2011-04-15,31.459999084472656,31.63999938964844,31.34000015258789,31.40999984741211,23.201356887817383,4117900,1319.6800537109375
2011-04-18,31.040000915527344,31.299999237060547,30.809999465942383,31.270000457763672,23.097944259643555,3846600,1305.1400146484375
2011-04-19,31.350000381469727,31.350000381469727,31.030000686645508,31.049999237060547,22.93543815612793,3734200,1312.6199951171875
2011-04-20,31.38999938964844,31.51000022888184,31.100000381469727,31.18000030517578,23.031463623046875,3541500,1330.3599853515625
2011-04-21,31.299999237060547,31.65999984741211,31.06999969482422,31.649999618530277,23.378637313842773,3051700,1337.3800048828125
2011-04-25,31.6200008392334,31.959999084472656,31.21999931335449,31.920000076293945,23.578075408935547,4016500,1335.25
2011-04-26,31.88999938964844,32.040000915527344,31.61000061035156,31.739999771118164,23.44512176513672,4000000,1347.239990234375
2011-04-27,31.88999938964844,32.02000045776367,31.57999992370605,31.940000534057617,23.59284400939941,4809800,1355.6600341796875
2011-04-28,33.25,34.11000061035156,32.65999984741211,33.7599983215332,24.93721389770508,11770300,1360.47998046875
2011-04-29,33.689998626708984,34.119998931884766,33.279998779296875,33.84000015258789,24.996299743652344,6900000,1363.6099853515625
2011-05-02,33.93000030517578,34.08000183105469,33.619998931884766,33.880001068115234,25.025854110717773,3832500,1361.219970703125
2011-05-03,33.900001525878906,34.400001525878906,33.86000061035156,34.310001373291016,25.34347152709961,5121600,1356.6199951171875
2011-05-04,34.369998931884766,34.369998931884766,33.81999969482422,33.97999954223633,25.099708557128903,4200500,1347.3199462890625
2011-05-05,33.849998474121094,33.95000076293945,33.220001220703125,33.41999816894531,24.686059951782227,5249900,1335.0999755859375
2011-05-06,33.66999816894531,33.790000915527344,33.189998626708984,33.43000030517578,24.693452835083008,4082400,1340.199951171875
2011-05-09,33.40999984741211,33.439998626708984,32.88999938964844,33.130001068115234,24.47185516357422,3578200,1346.2900390625
2011-05-10,33.29999923706055,33.650001525878906,33.029998779296875,33.5,24.74516487121582,3658100,1357.1600341796875
2011-05-11,33.40999984741211,33.5,32.86000061035156,33.04999923706055,24.41275978088379,4556100,1342.0799560546875
2011-05-12,32.720001220703125,33.029998779296875,32.380001068115234,33.0,24.37582397460937,6461400,1348.6500244140625
2011-05-13,32.95000076293945,33.0,32.279998779296875,32.380001068115234,23.917858123779297,4807600,1337.77001953125
2011-05-16,32.220001220703125,32.84000015258789,32.220001220703125,32.52000045776367,24.02126693725586,3697700,1329.469970703125
2011-05-17,32.439998626708984,32.54999923706055,32.22999954223633,32.41999816894531,23.947406768798828,3335200,1328.97998046875
2011-05-18,32.38999938964844,32.470001220703125,32.09000015258789,32.45000076293945,23.969562530517575,3587000,1340.6800537109375
2011-05-19,32.529998779296875,32.59000015258789,32.15999984741211,32.45000076293945,23.969562530517575,4541500,1343.5999755859375
2011-05-20,32.33000183105469,32.47999954223633,31.959999084472656,32.0099983215332,23.64455223083496,4313900,1333.27001953125
2011-05-23,31.600000381469727,31.81999969482422,31.3799991607666,31.420000076293945,23.208749771118164,5182700,1317.3699951171875
2011-05-24,31.40999984741211,31.6200008392334,31.200000762939453,31.209999084472656,23.053619384765625,3150700,1316.280029296875
2011-05-25,31.15999984741211,31.479999542236328,30.86000061035156,31.25,23.08316421508789,3893400,1320.469970703125
2011-05-26,30.959999084472656,31.309999465942383,30.8799991607666,31.149999618530277,23.164968490600582,3995400,1325.68994140625
2011-05-27,31.18000030517578,31.31999969482422,31.049999237060547,31.239999771118164,23.231895446777344,3336700,1331.0999755859375
2011-05-31,31.38999938964844,31.530000686645508,31.209999084472656,31.3799991607666,23.33601188659668,4646600,1345.199951171875
2011-06-01,31.229999542236328,31.239999771118164,30.3700008392334,30.440000534057617,22.636972427368164,5989300,1314.550048828125
2011-06-02,30.540000915527344,31.049999237060547,30.450000762939453,30.90999984741211,22.98649406433105,5181200,1312.93994140625
2011-06-03,30.290000915527344,30.989999771118164,30.25,30.670000076293945,22.808012008666992,4871800,1300.1600341796875
2011-06-06,30.549999237060547,30.700000762939453,29.989999771118164,30.15999984741211,22.428747177124023,3948800,1286.1700439453125
2011-06-07,30.270000457763672,30.440000534057617,30.1200008392334,30.170000076293945,22.43619155883789,3048900,1284.93994140625
2011-06-08,30.1200008392334,30.149999618530277,29.709999084472656,29.82999992370605,22.18334007263184,3278600,1279.56005859375
2011-06-09,29.940000534057617,30.32999992370605,29.729999542236328,30.200000762939453,22.458498001098636,3687100,1289.0
2011-06-10,30.030000686645508,30.059999465942383,29.520000457763672,29.649999618530277,22.04948234558105,3653700,1270.97998046875
2011-06-13,29.75,29.989999771118164,29.670000076293945,29.88999938964844,22.227956771850582,3240300,1271.8299560546875
2011-06-14,30.1299991607666,30.38999938964844,30.0,30.21999931335449,22.47336769104004,4511500,1287.8699951171875
2011-06-15,29.96999931335449,29.96999931335449,29.280000686645508,29.479999542236328,21.92306900024414,5221300,1265.4200439453125
2011-06-16,29.56999969482422,29.940000534057617,29.3799991607666,29.549999237060547,21.975120544433597,4568400,1267.6400146484375
2011-06-17,29.809999465942383,30.0,29.51000022888184,29.649999618530277,22.04948234558105,5382700,1271.5
2011-06-20,29.530000686645508,29.93000030517578,29.40999984741211,29.8799991607666,22.22052764892578,3549000,1278.3599853515625
2011-06-21,30.030000686645508,30.38999938964844,29.920000076293945,30.1200008392334,22.399005889892575,3547500,1295.52001953125
2011-06-22,30.020000457763672,30.239999771118164,29.93000030517578,29.959999084472656,22.28002166748047,4027200,1287.1400146484375
2011-06-23,29.61000061035156,29.84000015258789,29.38999938964844,29.65999984741211,22.05691719055176,6563800,1283.5
2011-06-24,29.690000534057617,29.75,29.270000457763672,29.43000030517578,21.885883331298828,3893400,1268.449951171875
2011-06-27,29.38999938964844,29.809999465942383,29.31999969482422,29.6200008392334,22.02717018127441,2430500,1280.0999755859375
2011-06-28,29.690000534057617,29.88999938964844,29.489999771118164,29.690000534057617,22.079233169555664,4094800,1296.6700439453125
2011-06-29,29.86000061035156,30.46999931335449,29.86000061035156,30.450000762939453,22.6444091796875,5160300,1307.4100341796875
2011-06-30,30.459999084472656,30.65999984741211,30.100000381469727,30.530000686645508,22.70390510559082,3608000,1320.6400146484375
2011-07-01,30.65999984741211,30.93000030517578,30.549999237060547,30.899999618530277,22.97905921936035,2646100,1339.6700439453125
2011-07-05,30.8700008392334,30.979999542236328,30.520000457763672,30.780000686645508,22.889822006225582,3613300,1337.8800048828125
2011-07-06,30.63999938964844,30.790000915527344,30.40999984741211,30.6200008392334,22.770830154418945,3142100,1339.219970703125
2011-07-07,30.93000030517578,31.01000022888184,30.68000030517578,30.920000076293945,22.99393081665039,2140900,1353.219970703125
2011-07-08,30.59000015258789,30.600000381469727,30.3700008392334,30.540000915527344,22.711339950561523,2566500,1343.800048828125
2011-07-11,30.200000762939453,30.229999542236328,29.81999969482422,30.020000457763672,22.32463836669922,3065300,1319.489990234375
2011-07-12,29.93000030517578,30.479999542236328,29.920000076293945,29.979999542236328,22.294885635375977,2822000,1313.6400146484375
2011-07-13,30.18000030517578,30.40999984741211,29.81999969482422,29.8700008392334,22.213090896606445,3195900,1317.719970703125
2011-07-14,30.020000457763672,30.040000915527344,29.540000915527344,29.700000762939453,22.086671829223636,3489200,1308.8699951171875
2011-07-15,29.76000022888184,29.799999237060547,29.26000022888184,29.46999931335449,21.91562843322754,3711800,1316.1400146484375
2011-07-18,28.459999084472656,28.84000015258789,27.68000030517578,28.01000022888184,20.829883575439453,13121200,1305.43994140625
2011-07-19,27.899999618530277,28.309999465942383,27.84000015258789,28.299999237060547,21.04554748535156,7274500,1326.72998046875
2011-07-20,28.34000015258789,28.520000457763672,28.11000061035156,28.399999618530277,21.119909286499023,4874600,1325.8399658203125
2011-07-21,28.56999969482422,28.90999984741211,28.399999618530277,28.71999931335449,21.357879638671875,5778600,1343.800048828125
2011-07-22,28.75,28.790000915527344,28.34000015258789,28.690000534057617,21.335573196411133,3093000,1345.02001953125
2011-07-25,28.46999931335449,28.559999465942383,28.239999771118164,28.3799991607666,21.105037689208984,3109000,1337.4300537109375
2011-07-26,28.290000915527344,28.51000022888184,28.200000762939453,28.229999542236328,20.993488311767575,3124400,1331.93994140625
2011-07-27,28.149999618530277,28.31999969482422,27.61000061035156,27.6299991607666,20.54729461669922,5185600,1304.8900146484375
2011-07-28,27.709999084472656,28.01000022888184,27.6200008392334,27.690000534057617,20.59191131591797,4038100,1300.6700439453125
2011-07-29,27.540000915527344,28.040000915527344,27.530000686645508,27.71999931335449,20.614221572875977,5981300,1292.280029296875
2011-08-01,28.709999084472656,28.709999084472656,27.93000030517578,28.34000015258789,21.075292587280277,6300900,1286.93994140625
2011-08-02,27.90999984741211,28.040000915527344,27.549999237060547,27.63999938964844,20.55473518371582,6825400,1254.050048828125
2011-08-03,27.34000015258789,27.780000686645508,27.07999992370605,27.56999969482422,20.502674102783203,6134400,1260.3399658203125
2011-08-04,27.149999618530277,27.350000381469727,26.309999465942383,26.309999465942383,19.565656661987305,8546600,1200.0699462890625
2011-08-05,26.59000015258789,26.780000686645508,25.790000915527344,26.290000915527344,19.5507926940918,9945700,1199.3800048828125
2011-08-08,25.799999237060547,26.190000534057617,24.3799991607666,24.56999969482422,18.27169418334961,10048900,1119.4599609375
2011-08-09,24.920000076293945,25.799999237060547,23.920000076293945,25.75,19.149208068847656,10797800,1172.530029296875
2011-08-10,25.420000076293945,25.46999931335449,24.270000457763672,24.31999969482422,18.08578491210937,10528600,1120.760009765625
2011-08-11,24.520000457763672,26.06999969482422,24.26000022888184,25.670000076293945,19.08972549438477,8853400,1172.6400146484375
2011-08-12,25.920000076293945,26.11000061035156,25.0,25.1200008392334,18.68071174621582,6596900,1178.81005859375
2011-08-15,25.549999237060547,26.049999237060547,25.290000915527344,26.030000686645508,19.35744285583496,4665200,1204.489990234375
2011-08-16,25.709999084472656,26.0,25.450000762939453,25.670000076293945,19.08972549438477,4199000,1192.760009765625
2011-08-17,25.770000457763672,25.93000030517578,25.350000381469727,25.479999542236328,18.948427200317383,3655000,1193.8900146484375
2011-08-18,25.040000915527344,25.040000915527344,24.1200008392334,24.32999992370605,18.09321403503418,8690700,1140.6500244140625
2011-08-19,24.09000015258789,25.020000457763672,24.0,24.36000061035156,18.115528106689453,6479700,1123.530029296875
2011-08-22,24.950000762939453,25.020000457763672,24.31999969482422,24.459999084472656,18.189891815185547,5384500,1123.8199462890625
2011-08-23,24.489999771118164,25.0,24.40999984741211,24.950000762939453,18.55428504943848,7283900,1162.3499755859375
2011-08-24,24.850000381469727,25.309999465942383,24.649999618530277,25.190000534057617,18.73276138305664,5106600,1177.5999755859375
2011-08-25,25.32999992370605,25.670000076293945,24.190000534057617,24.43000030517578,18.167591094970703,7718800,1159.27001953125
2011-08-26,24.07999992370605,24.82999992370605,23.6200008392334,24.450000762939453,18.182456970214844,7552200,1176.800048828125
2011-08-29,25.09000015258789,26.38999938964844,24.979999542236328,26.299999237060547,19.72766494750977,8220900,1210.0799560546875
2011-08-30,25.96999931335449,26.25,25.459999084472656,26.040000915527344,19.532642364501957,5294400,1212.9200439453125
2011-08-31,26.18000030517578,26.43000030517578,26.020000457763672,26.229999542236328,19.675161361694336,4996200,1218.8900146484375
2011-09-01,26.170000076293945,26.420000076293945,25.88999938964844,25.90999984741211,19.43512725830078,4414200,1204.4200439453125
2011-09-02,25.520000457763672,25.59000015258789,24.959999084472656,24.959999084472656,18.722522735595703,4463000,1173.969970703125
2011-09-06,24.270000457763672,24.600000381469727,24.11000061035156,24.559999465942383,18.422487258911133,7012900,1165.239990234375
2011-09-07,24.989999771118164,25.8799991607666,24.90999984741211,25.850000381469727,19.390119552612305,5303200,1198.6199951171875
2011-09-08,25.600000381469727,25.850000381469727,25.18000030517578,25.309999465942383,18.985069274902344,4120800,1185.9000244140625
2011-09-09,25.15999984741211,25.25,24.690000534057617,24.809999465942383,18.610017776489254,5104100,1154.22998046875
2011-09-12,24.700000762939453,25.270000457763672,24.450000762939453,25.270000457763672,18.955060958862305,4922000,1162.27001953125
2011-09-13,25.270000457763672,25.459999084472656,24.86000061035156,25.07999992370605,18.812549591064453,5686600,1172.8699951171875
2011-09-14,25.25,25.40999984741211,24.6200008392334,24.899999618530277,18.67752456665039,6771400,1188.6800537109375
2011-09-15,25.21999931335449,25.280000686645508,24.63999938964844,25.11000061035156,18.835050582885746,6537900,1209.1099853515625
2011-09-16,25.100000381469727,25.280000686645508,24.76000022888184,24.940000534057617,18.707523345947266,6962400,1216.010009765625
2011-09-19,24.46999931335449,24.6299991607666,24.25,24.459999084472656,18.347484588623047,4908200,1204.0899658203125
2011-09-20,24.57999992370605,24.799999237060547,24.31999969482422,24.31999969482422,18.242469787597656,5282300,1202.0899658203125
2011-09-21,24.18000030517578,24.350000381469727,23.06999969482422,23.09000015258789,17.319839477539062,5755400,1166.760009765625
2011-09-22,22.780000686645508,22.82999992370605,22.270000457763672,22.68000030517578,17.012300491333008,7764700,1129.56005859375
2011-09-23,22.649999618530277,23.06999969482422,22.540000915527344,22.770000457763672,17.07980728149414,4545200,1136.4300537109375
2011-09-26,22.989999771118164,23.59000015258789,22.549999237060547,23.530000686645508,17.649885177612305,6330300,1162.949951171875
2011-09-27,23.649999618530277,24.46999931335449,23.43000030517578,23.799999237060547,17.852407455444336,7004800,1175.3800048828125
2011-09-28,23.770000457763672,24.020000457763672,23.51000022888184,23.520000457763672,17.64238166809082,5848600,1151.06005859375
2011-09-29,23.979999542236328,24.649999618530277,23.979999542236328,24.559999465942383,18.422487258911133,5994500,1160.4000244140625
2011-09-30,24.15999984741211,24.3700008392334,23.690000534057617,23.690000534057617,17.769899368286133,6415600,1131.4200439453125
2011-10-03,23.489999771118164,23.850000381469727,22.690000534057617,22.709999084472656,17.03480339050293,5622000,1099.22998046875
2011-10-04,22.46999931335449,23.690000534057617,22.34000015258789,23.6299991607666,17.724899291992188,6403200,1123.949951171875
2011-10-05,23.75,24.280000686645508,23.270000457763672,24.13999938964844,18.10744857788086,4388700,1144.030029296875
2011-10-06,24.030000686645508,24.56999969482422,23.75,24.549999237060547,18.414987564086918,3341700,1164.969970703125
2011-10-07,24.600000381469727,24.6200008392334,23.71999931335449,23.71999931335449,17.792409896850586,4472200,1155.4599609375
2011-10-10,24.200000762939453,24.76000022888184,24.15999984741211,24.76000022888184,18.572513580322266,3054200,1194.8900146484375
2011-10-11,24.540000915527344,24.81999969482422,24.36000061035156,24.489999771118164,18.36998176574707,2888500,1195.5400390625
2011-10-12,24.71999931335449,25.479999542236328,24.649999618530277,25.13999938964844,18.85754776000977,4249800,1207.25
2011-10-13,24.86000061035156,24.959999084472656,24.280000686645508,24.63999938964844,18.48249626159668,3795500,1203.6600341796875
2011-10-14,25.0,25.09000015258789,24.40999984741211,24.959999084472656,18.722522735595703,3220900,1224.5799560546875
2011-10-17,24.780000686645508,24.8799991607666,24.11000061035156,24.149999618530277,18.11495590209961,3270200,1200.8599853515625
2011-10-18,24.239999771118164,25.71999931335449,24.100000381469727,25.440000534057617,19.082578659057617,5752300,1225.3800048828125
2011-10-19,25.399999618530277,25.959999084472656,25.200000762939453,25.479999542236328,19.11259078979492,6537900,1209.8800048828125
2011-10-20,25.399999618530277,26.489999771118164,25.34000015258789,26.440000534057617,19.832687377929688,7199600,1215.3900146484375
2011-10-21,26.700000762939453,26.90999984741211,26.299999237060547,26.899999618530277,20.1777286529541,6755600,1238.25
2011-10-24,26.920000076293945,27.350000381469727,26.780000686645508,27.06999969482422,20.30524063110352,4317300,1254.18994140625
2011-10-25,26.850000381469727,27.11000061035156,26.38999938964844,26.5,19.877685546875,4758300,1229.050048828125
2011-10-26,26.950000762939453,27.13999938964844,26.51000022888184,26.850000381469727,20.14022827148437,5246200,1242.0
2011-10-27,27.3700008392334,27.979999542236328,27.25,27.71999931335449,20.792814254760746,7497400,1284.5899658203125
2011-10-28,27.690000534057617,27.709999084472656,27.1299991607666,27.15999984741211,20.372758865356445,6471300,1285.0899658203125
2011-10-31,27.06999969482422,27.25,26.34000015258789,26.34000015258789,19.757667541503903,8107900,1253.300048828125
2011-11-01,26.38999938964844,27.190000534057617,25.51000022888184,26.09000015258789,19.57014274597168,8245700,1218.280029296875
2011-11-02,26.479999542236328,26.57999992370605,25.75,26.0,19.50263786315918,7719200,1237.9000244140625
2011-11-03,26.3700008392334,26.440000534057617,25.739999771118164,25.979999542236328,19.48763656616211,8442400,1261.1500244140625
2011-11-04,25.6299991607666,26.049999237060547,25.549999237060547,25.899999618530277,19.42762756347656,4355400,1253.22998046875
2011-11-07,25.850000381469727,26.420000076293945,25.790000915527344,26.38999938964844,19.79517364501953,3471200,1261.1199951171875
2011-11-08,26.559999465942383,26.63999938964844,26.26000022888184,26.489999771118164,19.87018585205078,7425600,1275.9200439453125
2011-11-09,25.76000022888184,26.520000457763672,25.63999938964844,25.850000381469727,19.390119552612305,8749300,1229.0999755859375
2011-11-10,26.13999938964844,26.38999938964844,26.020000457763672,26.200000762939453,19.652660369873047,4610200,1239.699951171875
2011-11-11,26.59000015258789,26.899999618530277,26.530000686645508,26.63999938964844,19.98269844055176,4038800,1263.8499755859375
2011-11-14,26.450000762939453,26.56999969482422,26.21999931335449,26.489999771118164,19.87018585205078,4479200,1251.780029296875
2011-11-15,26.290000915527344,26.780000686645508,26.21999931335449,26.6299991607666,19.97520065307617,4245900,1257.81005859375
2011-11-16,26.239999771118164,26.489999771118164,25.989999771118164,26.030000686645508,19.5251407623291,4480000,1236.9100341796875
2011-11-17,25.950000762939453,26.239999771118164,25.459999084472656,25.61000061035156,19.210092544555664,4829400,1216.1300048828125
2011-11-18,25.82999992370605,26.030000686645508,25.729999542236328,25.979999542236328,19.48763656616211,4549700,1215.6500244140625
2011-11-21,25.540000915527344,25.61000061035156,25.13999938964844,25.38999938964844,19.045072555541992,4506400,1192.97998046875
2011-11-22,25.290000915527344,25.549999237060547,25.18000030517578,25.21999931335449,18.917560577392575,3185400,1188.0400390625
2011-11-23,24.88999938964844,25.1299991607666,24.5,24.5,18.377487182617188,5390600,1161.7900390625
2011-11-25,24.57999992370605,25.1299991607666,24.530000686645508,24.700000762939453,18.52750587463379,2617900,1158.6700439453125
2011-11-28,25.07999992370605,25.309999465942383,25.01000022888184,25.299999237060547,19.14029693603516,4200700,1192.550048828125
2011-11-29,25.31999969482422,25.76000022888184,25.21999931335449,25.530000686645508,19.314298629760746,5344200,1195.18994140625
2011-11-30,25.979999542236328,26.81999969482422,25.950000762939453,26.790000915527344,20.26753044128418,6572600,1246.9599609375
2011-12-01,26.700000762939453,26.700000762939453,26.299999237060547,26.559999465942383,20.09352684020996,3385900,1244.5799560546875
2011-12-02,27.0,27.25,26.6200008392334,26.68000030517578,20.184310913085938,5570600,1244.280029296875
2011-12-05,27.06999969482422,27.38999938964844,26.799999237060547,27.01000022888184,20.43397331237793,4478200,1257.0799560546875
2011-12-06,26.959999084472656,27.32999992370605,26.8700008392334,27.1200008392334,20.51718521118164,3121000,1258.469970703125
2011-12-07,26.770000457763672,27.38999938964844,26.65999984741211,27.270000457763672,20.63066291809082,4980900,1261.010009765625
2011-12-08,26.959999084472656,27.059999465942383,26.520000457763672,26.57999992370605,20.108667373657227,4367300,1234.3499755859375
2011-12-09,26.68000030517578,27.040000915527344,26.559999465942383,26.93000030517578,20.37344741821289,4848000,1255.18994140625
2011-12-12,26.68000030517578,26.690000534057617,26.1299991607666,26.32999992370605,19.919530868530277,7022400,1236.469970703125
2011-12-13,26.399999618530277,26.75,25.86000061035156,26.0,19.66986846923828,6208700,1225.72998046875
2011-12-14,25.920000076293945,26.670000076293945,25.90999984741211,26.25,19.858999252319336,5657500,1211.8199462890625
2011-12-15,26.489999771118164,26.61000061035156,26.13999938964844,26.34000015258789,19.927091598510746,4565000,1215.75
2011-12-16,26.530000686645508,26.790000915527344,26.290000915527344,26.440000534057617,20.00275230407715,5837700,1219.6600341796875
2011-12-19,26.479999542236328,26.59000015258789,26.01000022888184,26.100000381469727,19.74552154541016,3692800,1205.3499755859375
2011-12-20,26.540000915527344,27.100000381469727,26.489999771118164,26.96999931335449,20.403703689575195,4492700,1241.300048828125
2011-12-21,27.049999237060547,27.25,26.88999938964844,27.149999618530277,20.539884567260746,4169400,1243.719970703125
2011-12-22,27.190000534057617,27.459999084472656,27.09000015258789,27.40999984741211,20.736587524414062,3663200,1254.0
2011-12-23,27.440000534057617,27.6299991607666,27.31999969482422,27.6200008392334,20.89545440673828,2139300,1265.3299560546875
2011-12-27,27.450000762939453,27.709999084472656,27.450000762939453,27.5,20.804672241210938,2281700,1265.4300537109375
2011-12-28,27.43000030517578,27.479999542236328,27.1299991607666,27.18000030517578,20.562578201293945,2357900,1249.6400146484375
2011-12-29,27.34000015258789,27.600000381469727,27.280000686645508,27.56999969482422,20.85762405395508,2324600,1263.02001953125
2011-12-30,27.5,27.649999618530277,27.40999984741211,27.40999984741211,20.736587524414062,2346700,1257.5999755859375
2012-01-03,27.8799991607666,28.149999618530277,27.700000762939453,27.75,20.993797302246094,5878600,1277.06005859375
2012-01-04,27.690000534057617,27.790000915527344,27.459999084472656,27.559999465942383,20.85006523132324,4461400,1277.300048828125
2012-01-05,27.309999465942383,27.76000022888184,26.979999542236328,27.739999771118164,20.986238479614254,3580600,1281.06005859375
2012-01-06,27.799999237060547,28.1200008392334,27.559999465942383,28.020000457763672,21.198060989379883,3670800,1277.81005859375
2012-01-09,28.11000061035156,28.26000022888184,27.93000030517578,28.13999938964844,21.28885269165039,3066800,1280.699951171875
2012-01-10,28.38999938964844,28.809999465942383,28.270000457763672,28.690000534057617,21.7049503326416,4699700,1292.0799560546875
2012-01-11,28.530000686645508,29.059999465942383,28.440000534057617,29.040000915527344,21.9697380065918,6217100,1292.47998046875
2012-01-12,29.149999618530277,29.32999992370605,28.86000061035156,29.06999969482422,21.9924259185791,3208900,1295.5
2012-01-13,28.770000457763672,29.040000915527344,28.549999237060547,28.979999542236328,21.924339294433597,2911100,1289.0899658203125
2012-01-17,29.299999237060547,29.399999618530277,28.940000534057617,29.049999237060547,21.977293014526367,3575000,1293.6700439453125
2012-01-18,28.989999771118164,29.46999931335449,28.799999237060547,29.46999931335449,22.295042037963867,4103600,1308.0400390625
2012-01-19,29.549999237060547,29.700000762939453,29.3799991607666,29.489999771118164,22.31016731262207,3436500,1314.5
2012-01-20,29.549999237060547,29.86000061035156,29.5,29.82999992370605,22.56739997863769,4456900,1315.3800048828125
2012-01-23,29.809999465942383,29.90999984741211,29.51000022888184,29.799999237060547,22.544696807861328,4368300,1316.0
2012-01-24,29.59000015258789,29.59000015258789,29.229999542236328,29.36000061035156,22.211814880371094,4093800,1314.6500244140625
2012-01-25,29.25,29.489999771118164,29.059999465942383,29.18000030517578,22.075654983520508,6582200,1326.06005859375
2012-01-26,29.309999465942383,29.38999938964844,28.88999938964844,29.149999618530277,22.052947998046875,5636500,1318.4300537109375
2012-01-27,28.68000030517578,29.200000762939453,28.68000030517578,29.09000015258789,22.0075626373291,6066000,1316.3299560546875
2012-01-30,28.8700008392334,29.149999618530277,28.6200008392334,29.040000915527344,21.9697380065918,3618300,1313.010009765625
2012-01-31,28.959999084472656,29.3799991607666,28.809999465942383,28.850000381469727,21.82598876953125,4545100,1312.4100341796875
2012-02-01,29.11000061035156,29.690000534057617,29.059999465942383,29.309999465942383,22.173995971679688,7050700,1324.0899658203125
2012-02-02,30.540000915527344,30.75,30.1299991607666,30.290000915527344,22.915401458740234,11453000,1325.5400390625
2012-02-03,30.59000015258789,30.75,30.3799991607666,30.690000534057617,23.21801376342773,4728600,1344.9000244140625
2012-02-06,30.59000015258789,30.790000915527344,30.43000030517578,30.6299991607666,23.17262840270996,4552000,1344.3299560546875
2012-02-07,30.46999931335449,30.920000076293945,30.32999992370605,30.84000015258789,23.33148956298828,5375700,1347.050048828125
2012-02-08,30.799999237060547,31.1200008392334,30.729999542236328,31.0,23.452537536621094,5733800,1349.9599609375
2012-02-09,31.049999237060547,31.190000534057617,30.540000915527344,30.90999984741211,23.384445190429688,4890900,1351.949951171875
2012-02-10,30.739999771118164,30.989999771118164,30.57999992370605,30.96999931335449,23.429840087890625,4784400,1342.6400146484375
2012-02-13,31.420000076293945,31.489999771118164,31.020000457763672,31.15999984741211,23.57358932495117,4332000,1351.77001953125
2012-02-14,31.059999465942383,31.170000076293945,30.790000915527344,31.149999618530277,23.56602096557617,4597700,1350.5
2012-02-15,31.25,31.309999465942383,30.799999237060547,30.90999984741211,23.384445190429688,3415300,1343.22998046875
2012-02-16,30.899999618530277,31.200000762939453,30.899999618530277,31.1299991607666,23.550886154174805,3050900,1358.0400390625
2012-02-17,31.26000022888184,31.600000381469727,31.200000762939453,31.38999938964844,23.747577667236328,3757900,1361.22998046875
2012-02-21,31.38999938964844,31.61000061035156,31.21999931335449,31.559999465942383,23.876192092895508,3467600,1362.2099609375
2012-02-22,31.5,31.670000076293945,31.32999992370605,31.46999931335449,23.80810546875,4106600,1357.6600341796875
2012-02-23,31.459999084472656,31.75,31.420000076293945,31.59000015258789,23.89889144897461,3411600,1363.4599609375
2012-02-24,31.559999465942383,31.65999984741211,31.31999969482422,31.36000061035156,23.724889755249023,2870000,1365.739990234375
2012-02-27,31.1299991607666,31.459999084472656,31.01000022888184,31.3700008392334,23.73245429992676,2495800,1367.5899658203125
2012-02-28,31.32999992370605,31.56999969482422,31.100000381469727,31.51000022888184,23.83836555480957,3255900,1372.1800537109375
2012-02-29,31.46999931335449,31.8700008392334,31.420000076293945,31.43000030517578,23.77784919738769,6269200,1365.6800537109375
2012-03-01,31.21999931335449,31.600000381469727,31.149999618530277,31.280000686645508,23.831178665161133,5228400,1374.0899658203125
2012-03-02,31.34000015258789,31.440000534057617,31.049999237060547,31.239999771118164,23.80069923400879,4055200,1369.6300048828125
2012-03-05,31.270000457763672,31.6200008392334,31.149999618530277,31.549999237060547,24.03688240051269,5951900,1364.3299560546875
2012-03-06,31.21999931335449,31.34000015258789,30.93000030517578,31.0,23.61785888671875,4421500,1343.3599853515625
2012-03-07,31.049999237060547,31.1299991607666,30.850000381469727,30.96999931335449,23.594995498657227,3847200,1352.6300048828125
2012-03-08,31.13999938964844,31.280000686645508,30.76000022888184,31.239999771118164,23.80069923400879,2667300,1365.9100341796875
2012-03-09,31.209999084472656,31.75,31.170000076293945,31.65999984741211,24.12069129943848,3307800,1370.8699951171875
2012-03-12,31.649999618530277,31.899999618530277,31.6200008392334,31.82999992370605,24.250200271606445,2872000,1371.0899658203125
2012-03-13,31.90999984741211,32.61000061035156,31.75,32.560001373291016,24.806367874145508,4004700,1395.949951171875
2012-03-14,32.65999984741211,32.65999984741211,32.380001068115234,32.5,24.760652542114254,3128600,1394.280029296875
2012-03-15,32.47999954223633,32.61000061035156,32.25,32.59000015258789,24.829219818115234,3682200,1402.5999755859375
2012-03-16,32.58000183105469,32.869998931884766,32.5099983215332,32.68000030517578,24.897794723510746,4386000,1404.1700439453125
2012-03-19,32.630001068115234,32.95000076293945,32.58000183105469,32.77000045776367,24.96636199951172,2241300,1409.75
2012-03-20,32.540000915527344,33.06999969482422,32.540000915527344,32.790000915527344,24.981592178344727,2827500,1405.52001953125
2012-03-21,32.849998474121094,32.939998626708984,32.52000045776367,32.56999969482422,24.813987731933597,2597600,1402.8900146484375
2012-03-22,32.400001525878906,32.540000915527344,32.20000076293945,32.34000015258789,24.63875770568848,2780500,1392.780029296875
2012-03-23,32.33000183105469,32.59000015258789,32.18000030517578,32.5099983215332,24.768274307250977,2399500,1397.1099853515625
2012-03-26,32.689998626708984,33.099998474121094,32.63999938964844,33.08000183105469,25.202543258666992,2873600,1416.510009765625
2012-03-27,33.08000183105469,33.209999084472656,32.95000076293945,33.02000045776367,25.156827926635746,2937200,1412.52001953125
2012-03-28,33.04999923706055,33.33000183105469,32.939998626708984,33.2599983215332,25.339672088623047,4019200,1405.5400390625
2012-03-29,32.93000030517578,33.0,32.540000915527344,32.900001525878906,25.06539726257324,4038900,1403.280029296875
2012-03-30,33.04999923706055,33.209999084472656,32.7599983215332,32.91999816894531,25.08064079284668,3090200,1408.469970703125
2012-04-02,32.93000030517578,33.58000183105469,32.90999984741211,33.36000061035156,25.415861129760746,3552700,1419.0400390625
2012-04-03,33.310001373291016,33.43000030517578,32.63999938964844,32.900001525878906,25.06539726257324,4402000,1413.3800048828125
2012-04-04,32.630001068115234,32.7400016784668,32.43000030517578,32.619998931884766,24.852073669433597,4968900,1398.9599609375
2012-04-05,32.470001220703125,32.880001068115234,32.439998626708984,32.75,24.951120376586918,3538100,1398.0799560546875
2012-04-09,32.27000045776367,32.5,32.2599983215332,32.38999938964844,24.67685317993164,2215100,1382.199951171875
2012-04-10,32.33000183105469,32.369998931884766,31.96999931335449,31.96999931335449,24.356868743896484,3190300,1358.5899658203125
2012-04-11,32.29999923706055,32.33000183105469,31.989999771118164,32.2400016784668,24.56257438659668,2858000,1368.7099609375
2012-04-12,32.22999954223633,32.959999084472656,31.93000030517578,32.869998931884766,25.04254531860352,3949700,1387.5699462890625
2012-04-13,32.7599983215332,32.869998931884766,32.25,32.29999923706055,24.6082820892334,3281800,1370.260009765625
2012-04-16,32.4900016784668,32.56999969482422,32.18000030517578,32.470001220703125,24.7377986907959,2895400,1369.5699462890625
2012-04-17,32.77000045776367,32.91999816894531,32.439998626708984,32.880001068115234,25.050159454345703,3790500,1390.780029296875
2012-04-18,32.720001220703125,33.09000015258789,32.540000915527344,32.97999954223633,25.12634658813477,4362800,1385.1400146484375
2012-04-19,33.040000915527344,33.27000045776367,32.63999938964844,32.810001373291016,24.996835708618164,3724500,1376.9200439453125
2012-04-20,32.88999938964844,33.13999938964844,32.56999969482422,32.650001525878906,24.874929428100582,5032400,1378.530029296875
2012-04-23,32.22999954223633,32.470001220703125,32.06999969482422,32.459999084472656,24.73017692565918,3230400,1366.93994140625
2012-04-24,32.45000076293945,32.849998474121094,32.400001525878906,32.810001373291016,24.996835708618164,2399300,1371.969970703125
2012-04-25,33.0099983215332,33.400001525878906,32.81999969482422,33.290000915527344,25.36252784729004,4588500,1390.68994140625
2012-04-26,33.15999984741211,34.040000915527344,33.150001525878906,33.91999816894531,25.842498779296875,5663500,1399.97998046875
2012-04-27,34.0,34.06999969482422,33.470001220703125,33.54999923706055,25.560609817504883,4062200,1403.3599853515625
2012-04-30,33.540000915527344,33.68000030517578,33.20000076293945,33.33000183105469,25.39299964904785,4319800,1397.9100341796875
2012-05-01,33.380001068115234,34.099998474121094,33.380001068115234,33.38999938964844,25.438720703125,5825100,1405.8199462890625
2012-05-02,33.36000061035156,33.369998931884766,32.709999084472656,32.90999984741211,25.073017120361328,5698700,1402.31005859375
2012-05-03,34.380001068115234,34.83000183105469,34.08000183105469,34.22999954223633,26.078676223754883,12980900,1391.5699462890625
2012-05-04,34.439998626708984,34.54999923706055,34.15999984741211,34.20000076293945,26.05582618713379,6510300,1369.0999755859375
2012-05-07,34.209999084472656,34.31999969482422,33.959999084472656,34.2599983215332,26.10154151916504,6450500,1369.5799560546875
2012-05-08,34.08000183105469,34.709999084472656,34.02000045776367,34.689998626708984,26.42913627624512,8460600,1363.719970703125
2012-05-09,34.369998931884766,34.5,34.0,34.310001373291016,26.139636993408203,6249600,1354.5799560546875
2012-05-10,34.619998931884766,34.810001373291016,34.470001220703125,34.599998474121094,26.36057472229004,5019900,1357.989990234375
2012-05-11,34.29999923706055,34.9900016784668,34.16999816894531,34.83000183105469,26.53581047058105,4945200,1353.3900146484375
2012-05-14,34.599998474121094,34.95000076293945,34.369998931884766,34.400001525878906,26.20819664001465,5629300,1338.3499755859375
2012-05-15,34.43000030517578,34.45000076293945,33.81999969482422,33.97999954223633,25.88821601867676,6272400,1330.6600341796875
2012-05-16,34.15999984741211,34.27000045776367,33.41999816894531,33.43000030517578,25.46919631958008,5521100,1324.800048828125
2012-05-17,33.5,33.72999954223633,32.849998474121094,32.959999084472656,25.11111640930176,7511300,1304.8599853515625
2012-05-18,33.11000061035156,33.119998931884766,32.560001373291016,32.75,24.951120376586918,5665500,1295.219970703125
2012-05-21,32.7599983215332,33.380001068115234,32.63999938964844,33.20000076293945,25.29396247863769,3857300,1315.989990234375
2012-05-22,33.40999984741211,33.40999984741211,32.70000076293945,32.84000015258789,25.019683837890625,8709200,1316.6300048828125
2012-05-23,32.689998626708984,33.130001068115234,32.41999816894531,33.09000015258789,25.21015739440918,5300000,1318.8599853515625
2012-05-24,33.130001068115234,33.470001220703125,32.849998474121094,33.43000030517578,25.46919631958008,4731700,1320.6800537109375
2012-05-25,33.18000030517578,33.709999084472656,33.18000030517578,33.56999969482422,25.57585906982422,4470200,1317.8199462890625
2012-05-29,33.75,34.27000045776367,33.75,34.25,26.093921661376957,6907400,1332.4200439453125
2012-05-30,33.68000030517578,33.880001068115234,33.5099983215332,33.68000030517578,25.825544357299805,6690900,1313.3199462890625
2012-05-31,33.720001220703125,34.189998626708984,33.40999984741211,33.939998626708984,26.024900436401367,5939300,1310.3299560546875
2012-06-01,33.459999084472656,33.58000183105469,32.9900016784668,33.06999969482422,25.3577938079834,5540600,1278.0400390625
2012-06-04,33.13999938964844,33.220001220703125,32.79999923706055,33.0099983215332,25.311790466308597,5179900,1278.1800537109375
2012-06-05,32.97999954223633,33.290000915527344,32.86000061035156,33.13999938964844,25.41147994995117,7389600,1285.5
2012-06-06,33.349998474121094,34.09000015258789,33.209999084472656,34.09000015258789,26.13992500305176,5679400,1315.1300048828125
2012-06-07,34.5,34.70000076293945,34.04999923706055,34.06999969482422,26.12459754943848,5352200,1314.989990234375
2012-06-08,34.02000045776367,34.310001373291016,33.900001525878906,34.310001373291016,26.30862617492676,2774000,1325.6600341796875
2012-06-11,34.560001373291016,34.61000061035156,33.869998931884766,33.900001525878906,25.99423599243164,3304500,1308.9300537109375
2012-06-12,33.970001220703125,34.400001525878906,33.7599983215332,34.400001525878906,26.37763023376465,3186400,1324.1800537109375
2012-06-13,34.099998474121094,34.470001220703125,33.7599983215332,34.060001373291016,26.116924285888672,3234200,1314.8800048828125
2012-06-14,34.16999816894531,34.54999923706055,33.95000076293945,34.439998626708984,26.40829467773437,4641000,1329.0999755859375
2012-06-15,34.66999816894531,34.66999816894531,34.029998779296875,34.150001525878906,26.185937881469727,5902700,1342.8399658203125
2012-06-18,34.11000061035156,34.470001220703125,33.88999938964844,33.97999954223633,26.05558013916016,4811400,1344.780029296875
2012-06-19,34.150001525878906,34.58000183105469,34.08000183105469,34.45000076293945,26.41597366333008,5104900,1357.97998046875
2012-06-20,34.52000045776367,34.93000030517578,34.380001068115234,34.68000030517578,26.59233665466309,3241500,1355.68994140625
2012-06-21,34.81999969482422,34.880001068115234,33.97999954223633,34.0,26.07090950012207,3119700,1325.510009765625
2012-06-22,34.06999969482422,34.31999969482422,33.970001220703125,34.08000183105469,26.13226127624512,2536000,1335.02001953125
2012-06-25,33.63999938964844,33.7599983215332,33.08000183105469,33.439998626708984,25.641511917114254,5196000,1313.719970703125
2012-06-26,33.47999954223633,33.88999938964844,33.439998626708984,33.65999984741211,25.810209274291992,3447600,1319.989990234375
2012-06-27,33.75,34.369998931884766,33.619998931884766,34.209999084472656,26.2319450378418,3291200,1331.8499755859375
2012-06-28,34.119998931884766,34.18000030517578,33.650001525878906,34.13999938964844,26.178266525268555,3395100,1329.0400390625
2012-06-29,34.5,35.150001525878906,34.45000076293945,35.09000015258789,26.906723022460938,5507200,1362.1600341796875
2012-07-02,35.31999969482422,35.38999938964844,34.81999969482422,35.220001220703125,27.006406784057617,4166100,1365.510009765625
2012-07-03,35.119998931884766,35.41999816894531,35.119998931884766,35.31999969482422,27.083070755004883,1373700,1374.02001953125
2012-07-05,35.09000015258789,35.16999816894531,34.790000915527344,34.900001525878906,26.76103973388672,2458200,1367.5799560546875
2012-07-06,34.5099983215332,34.900001525878906,34.400001525878906,34.790000915527344,26.676687240600582,2179400,1354.6800537109375
2012-07-09,34.70000076293945,34.7599983215332,34.220001220703125,34.43000030517578,26.40062522888184,3002000,1352.4599609375
2012-07-10,34.56999969482422,34.689998626708984,34.11000061035156,34.2400016784668,26.25494384765625,3567600,1341.469970703125
2012-07-11,34.060001373291016,34.25,33.7599983215332,34.09000015258789,26.13992500305176,5245500,1341.449951171875
2012-07-12,33.77000045776367,33.790000915527344,33.349998474121094,33.650001525878906,25.80254173278809,4135600,1334.760009765625
2012-07-13,33.65999984741211,34.0,33.619998931884766,33.869998931884766,25.97123336791992,3291000,1356.780029296875
2012-07-16,33.959999084472656,33.959999084472656,33.47999954223633,33.630001068115234,25.78720474243164,3074200,1353.6400146484375
2012-07-17,33.68000030517578,34.09000015258789,33.45000076293945,34.0099983215332,26.07858085632324,4141500,1363.6700439453125
2012-07-18,33.77000045776367,34.380001068115234,33.77000045776367,34.22999954223633,26.24727249145508,2868100,1372.780029296875
2012-07-19,34.2400016784668,34.88999938964844,34.11000061035156,34.709999084472656,26.61534118652344,5768300,1376.510009765625
2012-07-20,34.599998474121094,34.77000045776367,34.34000015258789,34.40999984741211,26.38530731201172,4334300,1362.6600341796875
2012-07-23,33.900001525878906,34.27000045776367,33.790000915527344,34.150001525878906,26.185937881469727,3321400,1350.52001953125
2012-07-24,34.150001525878906,34.150001525878906,33.380001068115234,33.720001220703125,25.85621833801269,4082900,1338.31005859375
2012-07-25,33.880001068115234,34.0099983215332,33.560001373291016,33.65999984741211,25.810209274291992,4154500,1337.8900146484375
2012-07-26,34.08000183105469,34.470001220703125,34.0,34.150001525878906,26.185937881469727,4743000,1360.02001953125
2012-07-27,34.43000030517578,34.97999954223633,34.279998779296875,34.72999954223633,26.630672454833984,4101000,1385.969970703125
2012-07-30,34.599998474121094,35.0,34.45000076293945,34.7599983215332,26.653676986694336,3019400,1385.300048828125
2012-07-31,34.720001220703125,34.90999984741211,34.220001220703125,34.29999923706055,26.300954818725582,5684500,1379.3199462890625
2012-08-01,35.86000061035156,37.0,35.79999923706055,36.400001525878906,27.911216735839844,11316200,1375.3199462890625
2012-08-02,36.2599983215332,36.560001373291016,36.0099983215332,36.52999877929688,28.010894775390625,6685500,1365.0
2012-08-03,36.880001068115234,37.380001068115234,36.630001068115234,37.040000915527344,28.401954650878903,6066600,1390.989990234375
2012-08-06,37.18000030517578,37.400001525878906,36.959999084472656,37.040000915527344,28.401954650878903,4107900,1394.22998046875
2012-08-07,37.220001220703125,38.25,37.150001525878906,38.11000061035156,29.222421646118164,7611300,1401.3499755859375
2012-08-08,37.970001220703125,38.380001068115234,37.75,38.2400016784668,29.322118759155277,4258800,1402.219970703125
2012-08-09,38.220001220703125,38.380001068115234,37.93999862670898,38.04999923706055,29.176414489746094,3305800,1402.800048828125
2012-08-10,37.970001220703125,38.040000915527344,37.77000045776367,37.97999954223633,29.12274742126465,2398200,1405.8699951171875
2012-08-13,37.970001220703125,38.060001373291016,37.81999969482422,37.93999862670898,29.09207534790039,2099500,1404.1099853515625
2012-08-14,37.79999923706055,37.91999816894531,37.400001525878906,37.5099983215332,28.762351989746094,6416900,1403.9300537109375
2012-08-15,37.54999923706055,38.02999877929688,37.5099983215332,37.88999938964844,29.053733825683597,3700700,1405.530029296875
2012-08-16,37.97999954223633,38.09999847412109,37.61000061035156,37.7400016784668,28.938720703125,3777200,1415.510009765625
2012-08-17,37.90999984741211,38.18000030517578,37.790000915527344,37.86000061035156,29.030733108520508,4225800,1418.1600341796875
2012-08-20,37.900001525878906,38.150001525878906,37.880001068115234,38.119998931884766,29.23011016845703,2580700,1418.1300048828125
2012-08-21,38.119998931884766,38.47999954223633,38.11000061035156,38.25,29.32977294921875,3643300,1413.1700439453125
2012-08-22,38.2400016784668,38.5,38.13999938964844,38.34000015258789,29.398786544799805,3007800,1413.489990234375
2012-08-23,38.119998931884766,38.27999877929688,37.619998931884766,37.709999084472656,28.91570472717285,3559300,1402.0799560546875
2012-08-24,37.619998931884766,37.84999847412109,37.52000045776367,37.7599983215332,28.954044342041016,2430200,1411.1300048828125
2012-08-27,37.79999923706055,37.900001525878906,37.56999969482422,37.63999938964844,28.862049102783203,2433800,1410.43994140625
2012-08-28,37.560001373291016,37.66999816894531,37.41999816894531,37.5,28.754682540893555,3347400,1409.300048828125
2012-08-29,37.400001525878906,37.5,37.15999984741211,37.33000183105469,28.79326438903809,2913000,1410.489990234375
2012-08-30,37.150001525878906,37.29999923706055,37.02000045776367,37.18000030517578,28.67755699157715,1921800,1399.47998046875
2012-08-31,37.31999969482422,37.52000045776367,37.09999847412109,37.27999877929688,28.754688262939453,3527000,1406.5799560546875
2012-09-04,37.290000915527344,37.58000183105469,37.2599983215332,37.400001525878906,28.847248077392575,3058700,1404.93994140625
2012-09-05,37.540000915527344,37.970001220703125,37.540000915527344,37.790000915527344,29.14805221557617,4732500,1403.43994140625
2012-09-06,38.02999877929688,38.54999923706055,37.900001525878906,38.459999084472656,29.664840698242188,4218800,1432.1199951171875
2012-09-07,38.52000045776367,38.650001525878906,38.31999969482422,38.47999954223633,29.680269241333008,3107800,1437.9200439453125
2012-09-10,38.34999847412109,38.47999954223633,38.2400016784668,38.25,29.50286293029785,2163200,1429.0799560546875
2012-09-11,38.2599983215332,38.59999847412109,38.16999816894531,38.5,29.69569969177246,2289600,1433.56005859375
2012-09-12,38.59000015258789,38.83000183105469,38.54999923706055,38.81999969482422,29.942516326904297,2788800,1436.56005859375
2012-09-13,38.7599983215332,39.470001220703125,38.59000015258789,39.43000030517578,30.413013458251957,3497800,1459.989990234375
2012-09-14,39.59000015258789,39.900001525878906,39.38999938964844,39.86000061035156,30.74468231201172,3680400,1465.77001953125
2012-09-17,39.72999954223633,39.84999847412109,39.63999938964844,39.790000915527344,30.69068145751953,2711300,1461.18994140625
2012-09-18,39.75,39.88999938964844,39.40999984741211,39.86000061035156,30.74468231201172,3607200,1459.3199462890625
2012-09-19,39.84000015258789,39.84999847412109,39.45000076293945,39.5099983215332,30.47471046447754,3713200,1461.050048828125
2012-09-20,39.36000061035156,39.900001525878906,39.220001220703125,39.869998931884766,30.75240135192871,4727000,1460.260009765625
2012-09-21,40.0,40.63999938964844,39.88999938964844,40.43000030517578,31.184328079223636,5677100,1460.1500244140625
2012-09-24,40.2599983215332,40.59000015258789,40.220001220703125,40.2400016784668,31.03778648376465,3433800,1456.8900146484375
2012-09-25,40.38999938964844,40.720001220703125,39.91999816894531,39.93999862670898,30.80640983581543,4550200,1441.5899658203125
2012-09-26,39.900001525878906,40.0,39.45000076293945,39.459999084472656,30.43616104125977,3392700,1433.3199462890625
2012-09-27,39.59000015258789,39.880001068115234,39.43000030517578,39.77000045776367,30.675273895263672,3594100,1447.1500244140625
2012-09-28,39.66999816894531,39.79999923706055,39.380001068115234,39.61000061035156,30.551856994628903,2803500,1440.6700439453125
2012-10-01,39.790000915527344,40.2400016784668,39.65999984741211,39.95000076293945,30.81410789489746,3301100,1444.489990234375
2012-10-02,40.02999877929688,40.2400016784668,39.86000061035156,40.08000183105469,30.91437339782715,2173000,1445.75
2012-10-03,40.18000030517578,40.52999877929688,40.11000061035156,40.380001068115234,31.14577293395996,2974900,1450.989990234375
2012-10-04,40.61000061035156,40.970001220703125,40.52999877929688,40.81999969482422,31.485151290893555,2550900,1461.4000244140625
2012-10-05,41.02999877929688,41.18000030517578,40.84000015258789,40.97999954223633,31.60856819152832,2518500,1460.9300537109375
2012-10-08,40.84000015258789,41.25,40.790000915527344,41.209999084472656,31.78596305847168,1976500,1455.8800048828125
2012-10-09,41.25,41.54999923706055,40.86000061035156,40.880001068115234,31.53142738342285,3116200,1441.47998046875
2012-10-10,40.880001068115234,40.90999984741211,40.470001220703125,40.56999969482422,31.292320251464844,3947600,1432.56005859375
2012-10-11,40.72999954223633,41.2400016784668,40.66999816894531,40.81999969482422,31.485151290893555,3064000,1432.8399658203125
2012-10-12,40.790000915527344,41.0099983215332,40.400001525878906,40.61000061035156,31.32317352294922,2812700,1428.5899658203125
2012-10-15,40.66999816894531,41.150001525878906,40.58000183105469,41.119998931884766,31.716541290283203,3166700,1440.1300048828125
2012-10-16,41.29999923706055,41.68999862670898,41.2599983215332,41.41999816894531,31.947954177856445,2246800,1454.9200439453125
2012-10-17,41.47999954223633,41.93999862670898,41.43999862670898,41.869998931884766,32.29502868652344,3199400,1460.9100341796875
2012-10-18,41.93000030517578,42.810001373291016,41.93000030517578,42.619998931884766,32.87352752685547,4364700,1457.3399658203125
2012-10-19,42.650001525878906,42.709999084472656,41.720001220703125,42.0099983215332,32.40302276611328,3274800,1433.18994140625
2012-10-22,41.97999954223633,42.380001068115234,41.84000015258789,42.2599983215332,32.5958366394043,2377300,1433.8199462890625
2012-10-23,41.77000045776367,41.84999847412109,41.119998931884766,41.290000915527344,31.84766960144043,4317200,1413.1099853515625
2012-10-24,41.43000030517578,41.61000061035156,41.119998931884766,41.16999816894531,31.755107879638672,3415600,1408.75
2012-10-25,41.59999847412109,41.630001068115234,40.290000915527344,40.5099983215332,31.246036529541016,5994000,1412.969970703125
2012-10-26,40.31999969482422,40.470001220703125,39.810001373291016,40.150001525878906,30.96836471557617,6261000,1411.93994140625
2012-10-31,39.900001525878906,40.970001220703125,39.27999877929688,39.97999954223633,30.837255477905277,7261500,1412.1600341796875
2012-11-01,40.7400016784668,40.7599983215332,38.7400016784668,39.04999923706055,30.11991310119629,8400100,1427.5899658203125
2012-11-02,39.27000045776367,39.27000045776367,37.91999816894531,38.560001373291016,29.741981506347656,9861600,1414.199951171875
2012-11-05,38.2599983215332,38.77999877929688,38.11000061035156,38.68000030517578,29.834531784057617,4010700,1417.260009765625
2012-11-06,38.810001373291016,39.40999984741211,38.7400016784668,39.25,30.274185180664062,4194200,1428.3900146484375
2012-11-07,38.959999084472656,38.97999954223633,38.38999938964844,38.66999816894531,29.826810836791992,5630200,1394.530029296875
2012-11-08,38.59999847412109,39.09000015258789,38.52000045776367,38.68000030517578,29.834531784057617,4814000,1377.510009765625
2012-11-09,38.58000183105469,39.06999969482422,38.150001525878906,38.72999954223633,29.87310028076172,4126000,1379.8499755859375
2012-11-12,38.7400016784668,38.7400016784668,38.22999954223633,38.54999923706055,29.73425674438477,2416300,1380.030029296875
2012-11-13,38.25,38.83000183105469,38.060001373291016,38.09000015258789,29.37946128845215,4310200,1374.530029296875
2012-11-14,38.2599983215332,39.59000015258789,38.119998931884766,38.34000015258789,29.57228660583496,4824100,1355.489990234375
2012-11-15,38.36000061035156,38.56999969482422,38.040000915527344,38.27999877929688,29.52600479125977,3195300,1353.3299560546875
2012-11-16,38.45000076293945,38.9900016784668,38.02000045776367,38.91999816894531,30.0196475982666,5309000,1359.8800048828125
2012-11-19,39.18999862670898,39.869998931884766,39.11000061035156,39.68000030517578,30.60583877563477,5828600,1386.8900146484375
2012-11-20,39.63999938964844,40.119998931884766,39.5099983215332,40.08000183105469,30.91437339782715,4980200,1387.81005859375
2012-11-21,40.15999984741211,40.2400016784668,39.70000076293945,39.959999084472656,30.821813583374023,2381100,1391.030029296875
2012-11-23,40.15999984741211,40.7599983215332,40.11000061035156,40.7400016784668,31.42344856262207,1563300,1409.1500244140625
2012-11-26,40.4900016784668,40.560001373291016,40.08000183105469,40.45000076293945,31.19976806640625,2507100,1406.2900390625
2012-11-27,40.31999969482422,40.83000183105469,40.209999084472656,40.41999816894531,31.17662239074707,4113900,1398.93994140625
2012-11-28,40.15999984741211,40.70000076293945,40.119998931884766,40.630001068115234,31.510103225708008,4987000,1409.9300537109375
2012-11-29,40.7599983215332,40.970001220703125,40.560001373291016,40.63999938964844,31.517858505249023,2904000,1415.949951171875
2012-11-30,40.72999954223633,40.72999954223633,40.29999923706055,40.47999954223633,31.393770217895508,3255700,1416.1800537109375
2012-12-03,40.52000045776367,40.790000915527344,40.2400016784668,40.4900016784668,31.40153694152832,4122100,1409.4599609375
2012-12-04,40.41999816894531,40.77000045776367,40.33000183105469,40.58000183105469,31.471332550048828,2652600,1407.050048828125
2012-12-05,40.61000061035156,41.59000015258789,40.58000183105469,41.29999923706055,32.02970504760742,4704100,1409.280029296875
2012-12-06,41.25,41.29999923706055,40.7400016784668,41.18999862670898,31.94442176818848,3166800,1413.93994140625
2012-12-07,41.369998931884766,41.4900016784668,41.18999862670898,41.47999954223633,32.169315338134766,2411600,1418.0699462890625
2012-12-10,41.40999984741211,41.650001525878906,41.20000076293945,41.400001525878906,32.10725784301758,2103500,1418.550048828125
2012-12-11,41.52000045776367,41.560001373291016,40.93000030517578,41.09000015258789,31.86686134338379,3837600,1427.8399658203125
2012-12-12,41.290000915527344,41.59000015258789,41.09000015258789,41.15999984741211,31.921146392822266,2446400,1428.47998046875
2012-12-13,41.15999984741211,41.43000030517578,40.72999954223633,40.84999847412109,31.68072509765625,1818700,1419.449951171875
2012-12-14,40.77000045776367,40.86000061035156,40.11000061035156,40.18000030517578,31.16111183166504,3875100,1413.5799560546875
2012-12-17,40.38999938964844,40.9900016784668,40.310001373291016,40.790000915527344,31.634183883666992,3069900,1430.3599853515625
2012-12-18,40.91999816894531,41.90999984741211,40.84999847412109,41.34999847412109,32.068485260009766,5366400,1446.7900390625
2012-12-19,41.38999938964844,41.58000183105469,40.630001068115234,40.810001373291016,31.649696350097656,4776900,1435.81005859375
2012-12-20,40.79999923706055,41.13999938964844,40.63999938964844,41.119998931884766,31.890117645263672,3086700,1443.68994140625
2012-12-21,40.7400016784668,40.880001068115234,40.25,40.310001373291016,31.261924743652344,6824700,1430.1500244140625
2012-12-24,40.22999954223633,40.43000030517578,40.060001373291016,40.33000183105469,31.277441024780277,1193000,1426.6600341796875
2012-12-26,40.43000030517578,40.52000045776367,40.13999938964844,40.27000045776367,31.230920791625977,1738900,1419.8299560546875
2012-12-27,40.31999969482422,40.45000076293945,39.70000076293945,40.130001068115234,31.12234306335449,2058800,1418.0999755859375
2012-12-28,39.84000015258789,40.29999923706055,39.68999862670898,39.86000061035156,30.91295051574707,2042000,1402.4300537109375
2012-12-31,39.720001220703125,40.18999862670898,39.540000915527344,40.16999816894531,31.153364181518555,3295100,1426.18994140625
2013-01-02,40.900001525878906,41.16999816894531,40.650001525878906,41.15999984741211,31.921146392822266,3176100,1462.4200439453125
2013-01-03,41.20000076293945,41.630001068115234,40.95000076293945,41.58000183105469,32.246856689453125,2794600,1459.3699951171875
2013-01-04,41.59000015258789,42.36000061035156,41.45000076293945,42.20000076293945,32.72769927978516,3019200,1466.469970703125
2013-01-07,42.06999969482422,42.09999847412109,41.47999954223633,41.7400016784668,32.370941162109375,2250600,1461.8900146484375
2013-01-08,41.619998931884766,41.83000183105469,41.470001220703125,41.83000183105469,32.44075012207031,2406500,1457.1500244140625
2013-01-09,41.84000015258789,42.41999816894531,41.79999923706055,42.22999954223633,32.75096130371094,3067800,1461.02001953125
2013-01-10,42.4900016784668,42.65999984741211,42.38999938964844,42.58000183105469,33.022403717041016,3104200,1472.1199951171875
2013-01-11,42.7400016784668,43.0,42.45000076293945,42.959999084472656,33.317100524902344,2552200,1472.050048828125
2013-01-14,42.93999862670898,42.97999954223633,42.61000061035156,42.93000030517578,33.2938346862793,2037500,1470.6800537109375
2013-01-15,42.56999969482422,43.0,42.56999969482422,42.90999984741211,33.27833557128906,1608400,1472.3399658203125
2013-01-16,42.810001373291016,43.18000030517578,42.68999862670898,42.77999877929688,33.17750930786133,2255400,1472.6300048828125
2013-01-17,42.86000061035156,43.34000015258789,42.720001220703125,43.09000015258789,33.41791915893555,3540000,1480.93994140625
2013-01-18,43.15999984741211,43.2400016784668,42.880001068115234,43.209999084472656,33.51099395751953,3340300,1485.97998046875
2013-01-22,43.43999862670898,44.25,43.43999862670898,44.20000076293945,34.27878189086914,3907700,1492.56005859375
2013-01-23,44.06999969482422,44.20000076293945,43.720001220703125,43.83000183105469,33.99182891845703,3589100,1494.81005859375
2013-01-24,43.869998931884766,44.0,43.52000045776367,43.56999969482422,33.79018783569336,3809000,1494.8199462890625
2013-01-25,43.65999984741211,43.9900016784668,43.56999969482422,43.90999984741211,34.05387496948242,2274400,1502.9599609375
2013-01-28,43.970001220703125,43.970001220703125,43.45000076293945,43.52999877929688,33.75917053222656,2526900,1500.1800537109375
2013-01-29,43.5099983215332,43.880001068115234,43.400001525878906,43.81999969482422,33.98407745361328,2619500,1507.8399658203125
2013-01-30,43.81999969482422,44.5,43.630001068115234,44.209999084472656,34.286529541015625,3668900,1501.9599609375
2013-01-31,44.18999862670898,44.34999847412109,43.79999923706055,43.900001525878906,34.04612731933594,3260700,1498.1099853515625
2013-02-01,44.220001220703125,44.9900016784668,44.09000015258789,44.84000015258789,34.775123596191406,3112700,1513.1700439453125
2013-02-04,44.5,44.59000015258789,43.84999847412109,43.93000030517578,34.06937789916992,3140400,1495.7099609375
2013-02-05,44.130001068115234,44.459999084472656,44.119998931884766,44.310001373291016,34.36408233642578,1927700,1511.2900390625
2013-02-06,44.04999923706055,44.34000015258789,43.90999984741211,44.310001373291016,34.36408233642578,3163400,1512.1199951171875
2013-02-07,45.66999816894531,46.09999847412109,44.5099983215332,45.060001373291016,34.94572830200195,7147000,1509.3900146484375
2013-02-08,45.04999923706055,45.290000915527344,44.88999938964844,45.13999938964844,35.00777816772461,3511000,1517.9300537109375
2013-02-11,45.02999877929688,45.45000076293945,44.90999984741211,45.25,35.09308624267578,2357700,1517.010009765625
2013-02-12,45.18999862670898,45.66999816894531,45.150001525878906,45.61000061035156,35.372291564941406,2700100,1519.4300537109375
2013-02-13,45.59000015258789,45.90999984741211,45.47999954223633,45.880001068115234,35.581687927246094,2424700,1520.3299560546875
2013-02-14,45.68000030517578,46.08000183105469,45.459999084472656,45.880001068115234,35.581687927246094,3968800,1521.3800048828125
2013-02-15,45.9900016784668,46.18999862670898,45.720001220703125,45.84999847412109,35.55841445922852,3812800,1519.7900390625
2013-02-19,45.84999847412109,46.75,45.84999847412109,46.7400016784668,36.2486457824707,4273900,1530.93994140625
2013-02-20,46.709999084472656,47.08000183105469,46.34999847412109,46.40999984741211,35.99271011352539,5044100,1511.949951171875
2013-02-21,46.380001068115234,46.52999877929688,46.150001525878906,46.470001220703125,36.039249420166016,4037800,1502.4200439453125
2013-02-22,46.63999938964844,46.84999847412109,46.540000915527344,46.7400016784668,36.2486457824707,2443800,1515.5999755859375
2013-02-25,46.869998931884766,46.880001068115234,45.36000061035156,45.36000061035156,35.17839050292969,4533900,1487.8499755859375
2013-02-26,45.27000045776367,45.720001220703125,45.02000045776367,45.560001373291016,35.529327392578125,4348200,1496.93994140625
2013-02-27,45.43999862670898,46.13999938964844,45.11000061035156,46.04999923706055,35.91144943237305,2914200,1515.989990234375
2013-02-28,45.97999954223633,46.34000015258789,45.77000045776367,46.02000045776367,35.88803482055664,3876800,1514.6800537109375
2013-03-01,45.959999084472656,46.36000061035156,45.5,46.34999847412109,36.1453857421875,3861600,1518.199951171875
2013-03-04,46.119998931884766,46.540000915527344,45.90999984741211,46.540000915527344,36.293548583984375,3114300,1525.199951171875
2013-03-05,46.77000045776367,47.41999816894531,46.7599983215332,47.209999084472656,36.81605911254883,5247500,1539.7900390625
2013-03-06,47.5,47.75,47.130001068115234,47.33000183105469,36.90963363647461,2541400,1541.4599609375
2013-03-07,47.34999847412109,47.43999862670898,47.20000076293945,47.290000915527344,36.87843704223633,1706000,1544.260009765625
2013-03-08,47.31999969482422,47.61000061035156,47.119998931884766,47.41999816894531,36.97982025146485,3015100,1551.1800537109375
2013-03-11,47.38999938964844,47.7599983215332,47.2599983215332,47.75,37.23715972900391,2619200,1556.219970703125
2013-03-12,47.7400016784668,47.880001068115234,47.54999923706055,47.709999084472656,37.20595932006836,2453700,1552.47998046875
2013-03-13,47.75,47.97999954223633,47.72999954223633,47.93000030517578,37.37754821777344,2361300,1554.52001953125
2013-03-14,47.9900016784668,48.27999877929688,47.83000183105469,48.20000076293945,37.58808517456055,2623000,1563.22998046875
2013-03-15,48.0,48.29999923706055,47.88999938964844,47.97999954223633,37.41652297973633,4523800,1560.699951171875
2013-03-18,47.36000061035156,48.22999954223633,47.18999862670898,47.86000061035156,37.322940826416016,3312600,1552.0999755859375
2013-03-19,48.0099983215332,48.18999862670898,47.5099983215332,47.63999938964844,37.1513671875,3427700,1548.3399658203125
2013-03-20,47.95000076293945,48.130001068115234,47.84000015258789,47.93000030517578,37.37754821777344,3033400,1558.7099609375
2013-03-21,47.810001373291016,48.130001068115234,47.65999984741211,47.79999923706055,37.276161193847656,2145300,1545.800048828125
2013-03-22,48.02999877929688,48.2599983215332,47.790000915527344,48.220001220703125,37.60368728637695,2147800,1556.8900146484375
2013-03-25,48.91999816894531,49.0,48.33000183105469,48.47999954223633,37.80644226074219,4346300,1551.68994140625
2013-03-26,48.56999969482422,48.900001525878906,48.470001220703125,48.650001525878906,37.93900680541992,2308300,1563.77001953125
2013-03-27,48.380001068115234,48.75,48.310001373291016,48.66999816894531,37.95462417602539,1831700,1562.8499755859375
2013-03-28,48.75,49.130001068115234,48.72999954223633,49.06999969482422,38.26654815673828,2464600,1569.18994140625
2013-04-01,49.16999816894531,49.63999938964844,49.09000015258789,49.27999877929688,38.43031311035156,2879600,1562.1700439453125
2013-04-02,49.52000045776367,49.91999816894531,49.41999816894531,49.810001373291016,38.84362411499024,2885300,1570.25
2013-04-03,49.95000076293945,49.95000076293945,49.25,49.380001068115234,38.5082893371582,3178700,1553.68994140625
2013-04-04,49.52999877929688,49.84999847412109,49.2599983215332,49.5099983215332,38.60967254638672,2560800,1559.97998046875
2013-04-05,49.02999877929688,49.5,48.77999877929688,49.31999969482422,38.46150970458984,3763500,1553.280029296875
2013-04-08,49.2400016784668,50.15999984741211,49.2400016784668,50.11000061035156,39.07757186889648,4154500,1563.0699462890625
2013-04-09,50.20000076293945,50.38999938964844,49.650001525878906,49.72999954223633,38.78124237060547,3739200,1568.6099853515625
2013-04-10,49.86000061035156,50.040000915527344,49.56999969482422,49.72999954223633,38.78124237060547,3700400,1587.72998046875
2013-04-11,49.88999938964844,50.43000030517578,49.77000045776367,50.27999877929688,39.210147857666016,3474700,1593.3699951171875
2013-04-12,50.06999969482422,50.560001373291016,50.02000045776367,50.34999847412109,39.26472854614258,2675600,1588.8499755859375
2013-04-15,50.16999816894531,50.2400016784668,49.09000015258789,49.09000015258789,38.28214263916016,3385000,1552.3599853515625
2013-04-16,49.34000015258789,49.54999923706055,49.16999816894531,49.5,38.60187149047852,2668100,1574.5699462890625
2013-04-17,49.310001373291016,49.36000061035156,48.720001220703125,49.06999969482422,38.26654815673828,3589700,1552.010009765625
2013-04-18,48.86000061035156,49.0,48.220001220703125,48.43999862670898,37.7752571105957,4683400,1541.6099853515625
2013-04-19,48.63999938964844,49.02000045776367,48.540000915527344,48.970001220703125,38.18857192993164,2276900,1555.25
2013-04-22,48.959999084472656,49.15999984741211,48.5,49.0099983215332,38.219764709472656,1692000,1562.5
2013-04-23,49.38999938964844,49.97999954223633,49.36000061035156,49.79999923706055,38.835819244384766,3809600,1578.780029296875
2013-04-24,49.650001525878906,49.88999938964844,49.560001373291016,49.70000076293945,38.757850646972656,3034200,1578.7900390625
2013-04-25,49.86000061035156,49.970001220703125,49.29999923706055,49.52999877929688,38.62526321411133,3851800,1585.1600341796875
2013-04-26,49.560001373291016,49.77000045776367,49.09000015258789,49.09000015258789,38.28214263916016,3672300,1582.239990234375
2013-04-29,49.29999923706055,49.5,49.060001373291016,49.25,38.40691375732422,2723800,1593.6099853515625
2013-04-30,49.27000045776367,49.47999954223633,49.04999923706055,49.2599983215332,38.41471862792969,3147400,1597.5699462890625
2013-05-01,49.27999877929688,49.540000915527344,48.380001068115234,48.400001525878906,37.74407196044922,4699000,1582.699951171875
2013-05-02,48.560001373291016,48.810001373291016,48.08000183105469,48.25,37.627079010009766,5378400,1597.5899658203125
2013-05-03,49.22999954223633,49.41999816894531,48.54999923706055,48.68999862670898,37.97021484375,4783000,1614.4200439453125
2013-05-06,48.56999969482422,49.20000076293945,48.54999923706055,49.09999847412109,38.28993606567383,2760300,1617.5
2013-05-07,49.130001068115234,49.369998931884766,49.06999969482422,49.310001373291016,38.45370864868164,3156200,1625.9599609375
2013-05-08,49.2599983215332,49.70000076293945,49.18000030517578,49.68999862670898,38.750038146972656,3377400,1632.68994140625
2013-05-09,49.619998931884766,49.68999862670898,49.27000045776367,49.43000030517578,38.54729080200195,3222900,1626.6700439453125
2013-05-10,49.5,49.63999938964844,49.16999816894531,49.38999938964844,38.516090393066406,2965200,1633.699951171875
2013-05-13,49.220001220703125,49.5,49.119998931884766,49.400001525878906,38.523887634277344,1794800,1633.77001953125
2013-05-14,49.380001068115234,50.380001068115234,49.36000061035156,50.36000061035156,39.27254104614258,3931400,1650.3399658203125
2013-05-15,50.33000183105469,50.68999862670898,50.119998931884766,50.65999984741211,39.50648498535156,3399900,1658.780029296875
2013-05-16,50.36000061035156,50.52999877929688,50.02999877929688,50.15999984741211,39.11656951904297,2849100,1650.469970703125
2013-05-17,50.18999862670898,50.27000045776367,49.7599983215332,50.0,38.99179458618164,4360500,1667.469970703125
2013-05-20,49.9900016784668,50.18000030517578,49.720001220703125,49.79999923706055,38.835819244384766,3028200,1666.2900390625
2013-05-21,49.47999954223633,49.54999923706055,48.52999877929688,49.08000183105469,38.27434921264648,5987200,1669.1600341796875
2013-05-22,48.9900016784668,49.880001068115234,48.540000915527344,48.790000915527344,38.04819107055664,4997300,1655.3499755859375
2013-05-23,48.40999984741211,49.0099983215332,48.2599983215332,48.7599983215332,38.0247917175293,3869000,1650.510009765625
2013-05-24,48.560001373291016,48.84000015258789,48.02999877929688,48.72999954223633,38.001407623291016,3131600,1649.5999755859375
2013-05-28,49.150001525878906,49.4900016784668,48.54999923706055,48.81999969482422,38.071590423583984,3294900,1660.06005859375
2013-05-29,48.25,48.83000183105469,48.09999847412109,48.54999923706055,38.05590057373047,3198200,1648.3599853515625
2013-05-30,48.68999862670898,49.04999923706055,48.59000015258789,48.83000183105469,38.27539825439453,3215900,1654.4100341796875
2013-05-31,48.65999984741211,49.0,48.2400016784668,48.2400016784668,37.81292343139648,3024300,1630.739990234375
2013-06-03,48.2400016784668,48.369998931884766,47.11000061035156,47.470001220703125,37.2093505859375,5572300,1640.4200439453125
2013-06-04,47.38999938964844,47.65999984741211,46.45000076293945,46.68000030517578,36.59011459350586,4947600,1631.3800048828125
2013-06-05,46.45000076293945,46.650001525878906,45.83000183105469,45.86000061035156,35.94736099243164,4327700,1608.9000244140625
2013-06-06,45.84000015258789,46.4900016784668,45.59999847412109,46.4900016784668,36.44117736816406,4163900,1622.56005859375
2013-06-07,46.810001373291016,47.52000045776367,46.630001068115234,47.459999084472656,37.20151519775391,3965000,1643.3800048828125
2013-06-10,47.5099983215332,47.7400016784668,47.13999938964844,47.29999923706055,37.07610702514648,3518800,1642.81005859375
2013-06-11,46.959999084472656,47.560001373291016,46.630001068115234,47.25,37.036903381347656,4054100,1626.1300048828125
2013-06-12,47.5099983215332,47.59999847412109,46.970001220703125,47.02000045776367,36.85661697387695,4353000,1612.52001953125
2013-06-13,46.970001220703125,47.52000045776367,46.52999877929688,47.40999984741211,37.16232299804688,3063800,1636.3599853515625
2013-06-14,47.41999816894531,47.54999923706055,46.77000045776367,46.869998931884766,36.739044189453125,2723400,1626.72998046875
2013-06-17,47.09000015258789,47.65999984741211,47.04999923706055,47.41999816894531,37.17015075683594,2192600,1639.0400390625
2013-06-18,47.63999938964844,47.72999954223633,47.27000045776367,47.66999816894531,37.366119384765625,2060900,1651.81005859375
2013-06-19,47.61000061035156,47.91999816894531,47.040000915527344,47.04999923706055,36.88014221191406,3277300,1628.9300537109375
2013-06-20,46.7400016784668,47.9900016784668,46.470001220703125,46.56999969482422,36.50388717651367,5456300,1588.18994140625
2013-06-21,46.95000076293945,47.43000030517578,46.5,47.22999954223633,37.02122497558594,7306500,1592.4300537109375
2013-06-24,46.68000030517578,47.02000045776367,46.290000915527344,46.59999847412109,36.52739715576172,4401300,1573.0899658203125
2013-06-25,46.869998931884766,47.20000076293945,46.77999877929688,46.880001068115234,36.74688720703125,3358200,1588.030029296875
2013-06-26,47.11000061035156,47.900001525878906,46.959999084472656,47.7599983215332,37.43667221069336,4191400,1603.260009765625
2013-06-27,48.060001373291016,48.41999816894531,48.0,48.29999923706055,37.859954833984375,2486200,1613.199951171875
2013-06-28,48.29999923706055,48.56999969482422,48.09999847412109,48.119998931884766,37.71885681152344,3726300,1606.280029296875
2013-07-01,48.29999923706055,49.02000045776367,48.27999877929688,48.68999862670898,38.1656494140625,2751400,1614.9599609375
2013-07-02,48.68000030517578,49.209999084472656,48.380001068115234,48.52000045776367,38.03239440917969,2590000,1614.0799560546875
2013-07-03,48.29999923706055,48.63999938964844,48.040000915527344,48.470001220703125,37.99319839477539,1103600,1615.4100341796875
2013-07-05,48.709999084472656,49.150001525878906,48.619998931884766,49.130001068115234,38.51055908203125,1754700,1631.8900146484375
2013-07-08,49.31999969482422,50.34000015258789,49.31999969482422,50.06999969482422,39.24736404418945,4121800,1640.4599609375
2013-07-09,50.310001373291016,50.650001525878906,50.09000015258789,50.54999923706055,39.62361907958984,3136700,1652.3199462890625
2013-07-10,50.540000915527344,50.56999969482422,49.869998931884766,50.29999923706055,39.42764663696289,2928000,1652.6199951171875
2013-07-11,50.7599983215332,50.84999847412109,50.27000045776367,50.380001068115234,39.49036407470703,2735600,1675.02001953125
2013-07-12,50.43000030517578,51.11000061035156,50.40999984741211,51.11000061035156,40.06257629394531,1903100,1680.18994140625
2013-07-15,51.209999084472656,51.27999877929688,50.650001525878906,51.20000076293945,40.13311004638672,2966700,1682.5
2013-07-16,51.18999862670898,51.56999969482422,50.88999938964844,51.0,39.976341247558594,1732700,1676.260009765625
2013-07-17,51.20000076293945,51.38999938964844,50.93999862670898,51.02999877929688,39.9998664855957,2239400,1680.9100341796875
2013-07-18,51.310001373291016,52.380001068115234,51.25,52.08000183105469,40.82290267944336,3134800,1689.3699951171875
2013-07-19,52.09000015258789,52.18000030517578,51.630001068115234,52.09999847412109,40.83858489990234,1937000,1692.0899658203125
2013-07-22,52.08000183105469,52.45000076293945,51.93000030517578,52.40999984741211,41.0815658569336,1389700,1695.530029296875
2013-07-23,52.36000061035156,52.380001068115234,51.77000045776367,52.08000183105469,40.82290267944336,2525400,1692.3900146484375
2013-07-24,52.13999938964844,52.369998931884766,50.720001220703125,50.9900016784668,39.96851348876953,3555800,1685.93994140625
2013-07-25,51.130001068115234,51.27999877929688,50.61000061035156,51.220001220703125,40.14879608154297,2933900,1690.25
2013-07-26,50.9900016784668,51.54999923706055,50.970001220703125,51.52000045776367,40.38393783569336,2068800,1691.6500244140625
2013-07-29,51.56999969482422,51.56999969482422,51.209999084472656,51.34999847412109,40.25069046020508,1762500,1685.3299560546875
2013-07-30,51.5,51.5,50.86000061035156,50.90999984741211,39.905792236328125,2433800,1685.9599609375
2013-07-31,50.83000183105469,51.5,50.75,50.97999954223633,39.960670471191406,2942500,1685.72998046875
2013-08-01,51.93000030517578,52.61000061035156,51.75,52.220001220703125,40.9326400756836,3829400,1706.8699951171875
2013-08-02,52.09000015258789,52.29999923706055,51.77000045776367,52.150001525878906,40.87776947021485,2910000,1709.6700439453125
2013-08-05,51.83000183105469,51.83000183105469,51.11000061035156,51.290000915527344,40.20366668701172,2933900,1707.1400146484375
2013-08-06,51.20000076293945,51.22999954223633,50.459999084472656,50.70000076293945,39.7411994934082,3984100,1697.3699951171875
2013-08-07,50.5,50.61000061035156,50.13999938964844,50.16999816894531,39.32575607299805,4881300,1690.9100341796875
2013-08-08,50.40999984741211,50.93999862670898,50.2599983215332,50.38999938964844,39.49818801879883,3445600,1697.47998046875
2013-08-09,50.380001068115234,50.91999816894531,50.34000015258789,50.65999984741211,39.70983505249024,2094500,1691.4200439453125
2013-08-12,50.380001068115234,50.72999954223633,50.15999984741211,50.2599983215332,39.39629364013672,2779500,1689.469970703125
2013-08-13,50.290000915527344,50.7599983215332,50.040000915527344,50.47999954223633,39.5687370300293,1718000,1694.1600341796875
2013-08-14,50.709999084472656,50.709999084472656,50.13999938964844,50.220001220703125,39.36492919921875,1929700,1685.3900146484375
2013-08-15,49.66999816894531,50.119998931884766,49.20000076293945,49.36000061035156,38.69083786010742,2454400,1661.3199462890625
2013-08-16,49.15999984741211,49.75,49.06999969482422,49.38999938964844,38.71434020996094,4463800,1655.8299560546875
2013-08-19,49.27999877929688,49.31999969482422,48.93999862670898,48.93999862670898,38.36161804199219,2137300,1646.06005859375
2013-08-20,48.9900016784668,49.33000183105469,48.81999969482422,49.040000915527344,38.43999099731445,2346200,1652.3499755859375
2013-08-21,48.86000061035156,49.290000915527344,48.61000061035156,48.81999969482422,38.267555236816406,2503000,1642.800048828125
2013-08-22,48.810001373291016,49.540000915527344,48.79999923706055,49.400001525878906,38.7221908569336,1431400,1656.9599609375
2013-08-23,49.310001373291016,49.38999938964844,48.970001220703125,49.27000045776367,38.62028884887695,1504700,1663.5
2013-08-26,49.18000030517578,49.18999862670898,48.709999084472656,48.75,38.21269226074219,2341600,1656.780029296875
2013-08-27,48.27999877929688,48.45000076293945,47.79999923706055,47.81999969482422,37.48368835449219,2491000,1630.47998046875
2013-08-28,47.540000915527344,47.97999954223633,47.31999969482422,47.75,37.62553405761719,2256800,1634.9599609375
2013-08-29,47.7400016784668,48.220001220703125,47.65999984741211,48.06999969482422,37.87767791748047,2033900,1638.1700439453125
2013-08-30,48.15999984741211,48.33000183105469,47.75,47.91999816894531,37.75948333740234,2864200,1632.969970703125
2013-09-03,48.91999816894531,49.08000183105469,48.15999984741211,48.459999084472656,38.18499374389648,2883600,1639.77001953125
2013-09-04,48.41999816894531,48.70000076293945,48.09999847412109,48.2400016784668,38.01164245605469,2928500,1653.0799560546875
2013-09-05,48.290000915527344,48.650001525878906,48.22999954223633,48.47999954223633,38.20075988769531,2548700,1655.0799560546875
2013-09-06,48.63999938964844,48.790000915527344,47.83000183105469,48.400001525878906,38.1377067565918,2940700,1655.1700439453125
2013-09-09,48.45000076293945,49.22999954223633,48.45000076293945,49.18000030517578,38.75232696533203,2501200,1671.7099609375
2013-09-10,49.56999969482422,49.68999862670898,48.95000076293945,49.43999862670898,38.95718765258789,3397100,1683.989990234375
2013-09-11,49.38999938964844,50.18999862670898,49.369998931884766,50.11000061035156,39.485137939453125,3160300,1689.1300048828125
2013-09-12,50.59999847412109,50.720001220703125,50.08000183105469,50.119998931884766,39.49302291870117,2606900,1683.4200439453125
2013-09-13,50.45000076293945,50.5099983215332,50.0099983215332,50.060001373291016,39.44575119018555,1817200,1687.989990234375
2013-09-16,50.459999084472656,50.77999877929688,50.38999938964844,50.5099983215332,39.800331115722656,1772500,1697.5999755859375
2013-09-17,50.77999877929688,51.45000076293945,50.72999954223633,51.18999862670898,40.33615493774414,2539700,1704.760009765625
2013-09-18,51.220001220703125,51.900001525878906,50.97999954223633,51.81999969482422,40.83256912231445,3774300,1725.52001953125
2013-09-19,52.0,52.79999923706055,51.970001220703125,52.619998931884766,41.46295166015625,4229200,1722.3399658203125
2013-09-20,52.81999969482422,52.97999954223633,51.95000076293945,52.0,40.97441864013672,5117700,1709.9100341796875
2013-09-23,51.77999877929688,52.4900016784668,51.59999847412109,52.15999984741211,41.10048675537109,4580900,1701.8399658203125
2013-09-24,52.04999923706055,52.22999954223633,51.720001220703125,51.75,40.77741622924805,2623300,1697.4200439453125
2013-09-25,51.7599983215332,52.119998931884766,51.59000015258789,51.61000061035156,40.66709899902344,3111700,1692.77001953125
2013-09-26,51.52999877929688,51.91999816894531,51.2599983215332,51.34999847412109,40.46222686767578,2331800,1698.6700439453125
2013-09-27,51.22999954223633,51.45000076293945,50.970001220703125,51.06999969482422,40.24159622192383,2622000,1691.75
2013-09-30,50.77000045776367,50.959999084472656,50.45000076293945,50.54999923706055,39.83184814453125,3399600,1681.550048828125
2013-10-01,50.66999816894531,50.84999847412109,50.470001220703125,50.72999954223633,39.97369003295898,2837700,1695.0
2013-10-02,51.130001068115234,51.18999862670898,50.65999984741211,51.18999862670898,40.33615493774414,3011100,1693.8699951171875
2013-10-03,50.84000015258789,50.97999954223633,50.2400016784668,50.88999938964844,40.09975814819336,4243900,1678.6600341796875
2013-10-04,50.91999816894531,52.369998931884766,50.75,52.34999847412109,41.250186920166016,5002800,1690.5
2013-10-07,51.86000061035156,51.90999984741211,51.4900016784668,51.5,40.58042144775391,3100800,1676.1199951171875
2013-10-08,51.45000076293945,51.68999862670898,50.470001220703125,50.4900016784668,39.784576416015625,3516800,1655.449951171875
2013-10-09,50.61000061035156,51.13999938964844,50.209999084472656,50.93999862670898,40.13915252685547,3532500,1656.4000244140625
2013-10-10,51.54999923706055,52.02000045776367,51.54999923706055,51.97999954223633,40.958641052246094,2275100,1692.56005859375
2013-10-11,51.93000030517578,52.52000045776367,51.79999923706055,52.52000045776367,41.38414764404297,1855500,1703.199951171875
2013-10-14,52.29999923706055,52.91999816894531,52.22999954223633,52.81999969482422,41.62054443359375,2162300,1710.1400146484375
2013-10-15,52.52999877929688,52.900001525878906,52.27999877929688,52.40999984741211,41.2974739074707,1852900,1698.06005859375
2013-10-16,52.7599983215332,53.900001525878906,52.72999954223633,53.63999938964844,42.26668548583984,3512400,1721.5400390625
2013-10-17,53.38999938964844,54.0,53.380001068115234,53.95000076293945,42.51093673706055,1754000,1733.1500244140625
2013-10-18,54.09999847412109,54.13999938964844,53.65999984741211,53.869998931884766,42.44790649414063,2011100,1744.5
2013-10-21,53.970001220703125,54.18000030517578,53.470001220703125,53.81999969482422,42.40851211547852,2053800,1744.6600341796875
2013-10-22,54.09999847412109,54.56999969482422,53.650001525878906,53.77000045776367,42.36911010742188,2902900,1754.6700439453125
2013-10-23,53.619998931884766,53.68999862670898,52.77000045776367,53.08000183105469,41.82542419433594,3200200,1746.3800048828125
2013-10-24,53.15999984741211,53.560001373291016,53.13999938964844,53.54999923706055,42.19575881958008,2721500,1752.0699462890625
2013-10-25,53.540000915527344,53.720001220703125,53.20000076293945,53.34999847412109,42.03816986083984,1740900,1759.77001953125
2013-10-28,53.2599983215332,53.43000030517578,53.04999923706055,53.15999984741211,41.88844299316406,2127100,1762.1099853515625
2013-10-29,53.52000045776367,53.58000183105469,53.18000030517578,53.36000061035156,42.04605484008789,2098900,1771.949951171875
2013-10-30,53.27999877929688,53.560001373291016,52.52000045776367,52.959999084472656,41.73086929321289,3133100,1763.31005859375
2013-10-31,52.43000030517578,53.560001373291016,52.290000915527344,53.060001373291016,41.80965423583984,4230500,1756.5400390625
2013-11-01,53.310001373291016,53.40999984741211,52.7599983215332,53.27999877929688,41.983009338378906,3130800,1761.6400146484375
2013-11-04,53.5,53.66999816894531,53.11000061035156,53.18000030517578,41.90420913696289,1791000,1767.9300537109375
2013-11-05,53.060001373291016,53.29999923706055,52.77999877929688,52.9900016784668,41.75448989868164,1593200,1762.969970703125
2013-11-06,53.220001220703125,53.650001525878906,53.09000015258789,53.619998931884766,42.25091171264648,1715900,1770.489990234375
2013-11-07,53.68000030517578,53.84999847412109,52.93000030517578,52.93999862670898,41.7150993347168,2233500,1747.1500244140625
2013-11-08,52.97999954223633,54.15999984741211,52.959999084472656,54.119998931884766,42.644901275634766,2362600,1770.6099853515625
2013-11-11,54.06999969482422,54.2599983215332,53.84999847412109,54.15999984741211,42.67642211914063,1476100,1771.8900146484375
2013-11-12,53.93000030517578,54.02999877929688,53.2400016784668,53.380001068115234,42.06179428100586,2005100,1767.68994140625
2013-11-13,53.18000030517578,53.95000076293945,53.130001068115234,53.95000076293945,42.51093673706055,2094200,1782.0
2013-11-14,54.0,54.5,53.810001373291016,54.470001220703125,42.920684814453125,1713600,1790.6199951171875
2013-11-15,54.34000015258789,54.709999084472656,54.209999084472656,54.70000076293945,43.1019287109375,1777100,1798.1800537109375
2013-11-18,54.70000076293945,54.709999084472656,54.13999938964844,54.2400016784668,42.73945617675781,2047200,1791.530029296875
2013-11-19,54.209999084472656,54.369998931884766,53.869998931884766,54.02999877929688,42.57398223876953,1295400,1787.8699951171875
2013-11-20,54.06999969482422,54.150001525878906,53.58000183105469,53.66999816894531,42.290313720703125,1418800,1781.3699951171875
2013-11-21,53.880001068115234,54.47999954223633,53.810001373291016,54.31999969482422,42.8025016784668,2191700,1795.8499755859375
2013-11-22,54.34000015258789,54.75,54.18000030517578,54.709999084472656,43.109806060791016,1689100,1804.760009765625
2013-11-25,54.75,54.79999923706055,54.5,54.54999923706055,42.98373031616211,1560700,1802.47998046875
2013-11-26,54.43000030517578,54.790000915527344,54.310001373291016,54.4900016784668,43.13413619995117,1778000,1802.75
2013-11-27,54.54999923706055,54.84000015258789,54.2599983215332,54.380001068115234,43.04705047607422,1769000,1807.22998046875
2013-11-29,54.61000061035156,54.709999084472656,54.18999862670898,54.27000045776367,42.9599723815918,1163300,1805.81005859375
2013-12-02,54.27999877929688,54.34999847412109,53.81999969482422,53.90999984741211,42.67500305175781,1793300,1800.9000244140625
2013-12-03,53.65999984741211,53.90999984741211,53.25,53.5099983215332,42.35837936401367,2549200,1795.1500244140625
2013-12-04,53.290000915527344,53.81999969482422,53.02999877929688,53.56999969482422,42.405860900878906,2502100,1792.81005859375
2013-12-05,53.459999084472656,53.709999084472656,53.16999816894531,53.400001525878906,42.27129364013672,2607900,1785.030029296875
2013-12-06,53.97999954223633,54.459999084472656,53.95000076293945,54.31999969482422,42.99957275390625,2106100,1805.0899658203125
2013-12-09,54.04999923706055,54.45000076293945,54.04999923706055,54.11000061035156,42.83332824707031,1586600,1808.3699951171875
2013-12-10,53.90999984741211,54.209999084472656,53.77999877929688,53.77999877929688,42.57209014892578,1371700,1802.6199951171875
2013-12-11,53.77999877929688,53.97999954223633,52.970001220703125,53.06999969482422,42.010066986083984,2740700,1782.219970703125
2013-12-12,52.959999084472656,53.18999862670898,52.7599983215332,52.790000915527344,41.788421630859375,2065600,1775.5
2013-12-13,52.90999984741211,53.27999877929688,52.72999954223633,52.810001373291016,41.80423355102539,1535500,1775.3199462890625
2013-12-16,53.18999862670898,53.220001220703125,52.66999816894531,52.83000183105469,41.82007598876953,1895900,1786.5400390625
2013-12-17,52.70000076293945,52.75,52.0,52.18000030517578,41.30555725097656,2275000,1781.0
2013-12-18,52.5,52.75,51.75,52.7400016784668,41.74883270263672,3144900,1810.6500244140625
2013-12-19,52.45000076293945,53.33000183105469,52.33000183105469,53.25,42.15255355834961,3017300,1809.5999755859375
2013-12-20,53.08000183105469,54.04999923706055,53.08000183105469,53.77000045776367,42.56417846679688,5598000,1818.3199462890625
2013-12-23,54.0,54.06999969482422,53.61000061035156,53.70000076293945,42.508766174316406,1816900,1827.989990234375
2013-12-24,53.68999862670898,53.970001220703125,53.63999938964844,53.970001220703125,42.722503662109375,692600,1833.3199462890625
2013-12-26,54.02999877929688,54.06999969482422,53.65999984741211,53.77000045776367,42.56417846679688,1297100,1842.02001953125
2013-12-27,53.790000915527344,53.95000076293945,53.459999084472656,53.650001525878906,42.46918487548828,1886300,1841.4000244140625
2013-12-30,53.68000030517578,54.33000183105469,53.63999938964844,54.22999954223633,42.92831039428711,2375700,1841.0699462890625
2013-12-31,54.31999969482422,54.59999847412109,54.20000076293945,54.540000915527344,43.1737060546875,1562200,1848.3599853515625
2014-01-02,54.09000015258789,54.45000076293945,53.5,53.54999923706055,42.3900260925293,1909100,1831.97998046875
2014-01-03,53.650001525878906,53.79999923706055,53.11000061035156,53.33000183105469,42.21588516235352,1570200,1831.3699951171875
2014-01-06,53.540000915527344,53.68000030517578,52.83000183105469,53.119998931884766,42.04963684082031,2696000,1826.77001953125
2014-01-07,53.34999847412109,53.47999954223633,53.13999938964844,53.34999847412109,42.23170852661133,1882600,1837.8800048828125
2014-01-08,53.2400016784668,53.709999084472656,53.04999923706055,53.52000045776367,42.36627578735352,3075400,1837.489990234375
2014-01-09,53.619998931884766,54.0,53.54999923706055,53.83000183105469,42.61168670654297,1991600,1838.1300048828125
2014-01-10,53.75,54.34000015258789,53.52000045776367,54.09000015258789,42.81748962402344,2421800,1842.3699951171875
2014-01-13,53.93999862670898,54.18000030517578,53.43999862670898,53.459999084472656,42.31877899169922,2964300,1819.199951171875
2014-01-14,53.59000015258789,54.040000915527344,53.459999084472656,53.9900016784668,42.73832702636719,2132800,1838.8800048828125
2014-01-15,54.0099983215332,54.08000183105469,53.52999877929688,53.88999938964844,42.65916442871094,2235700,1848.3800048828125
2014-01-16,53.81999969482422,53.88999938964844,53.08000183105469,53.18000030517578,42.097145080566406,3703800,1845.8900146484375
2014-01-17,53.2400016784668,53.290000915527344,52.84999847412109,52.900001525878906,41.87549209594727,1847000,1838.699951171875
2014-01-21,53.27999877929688,53.41999816894531,52.33000183105469,52.68000030517578,41.70134353637695,2973900,1843.800048828125
2014-01-22,52.75,52.91999816894531,51.9900016784668,52.40999984741211,41.48760986328125,3169800,1844.8599853515625
2014-01-23,52.0099983215332,52.18000030517578,51.33000183105469,51.63999938964844,40.878074645996094,2879600,1828.4599609375
2014-01-24,51.220001220703125,51.650001525878906,50.619998931884766,50.619998931884766,40.07064056396485,3359800,1790.2900390625
2014-01-27,50.619998931884766,51.11000061035156,50.34999847412109,50.70000076293945,40.13398742675781,3864200,1781.56005859375
2014-01-28,50.86000061035156,51.88999938964844,50.79999923706055,51.77000045776367,40.980987548828125,3156000,1792.5
2014-01-29,51.27000045776367,52.13999938964844,51.27000045776367,51.7400016784668,40.95724105834961,3602000,1774.199951171875
2014-01-30,52.04999923706055,52.369998931884766,51.84000015258789,52.29999923706055,41.40053176879883,1801700,1794.18994140625
2014-01-31,51.560001373291016,51.84999847412109,51.15999984741211,51.20000076293945,40.529781341552734,3877000,1782.5899658203125
2014-02-03,51.20000076293945,51.20000076293945,49.869998931884766,49.959999084472656,39.54817962646485,3147400,1741.8900146484375
2014-02-04,50.18999862670898,50.380001068115234,49.68000030517578,49.900001525878906,39.50069427490234,3540400,1755.199951171875
2014-02-05,49.77999877929688,50.0,49.18000030517578,49.54999923706055,39.22363662719727,3798600,1751.6400146484375
2014-02-06,50.869998931884766,52.38999938964844,50.2400016784668,52.36000061035156,41.44802474975586,6487400,1773.4300537109375
2014-02-07,52.630001068115234,52.81999969482422,51.90999984741211,52.7599983215332,41.76466751098633,4101000,1797.02001953125
2014-02-10,52.619998931884766,52.619998931884766,51.5,52.09000015258789,41.23429489135742,4023500,1799.8399658203125
2014-02-11,51.77000045776367,53.02000045776367,51.68000030517578,52.810001373291016,41.80423355102539,3150500,1819.75
2014-02-12,52.61000061035156,52.75,52.27999877929688,52.52999877929688,41.58260345458984,3991600,1819.260009765625
2014-02-13,52.25,52.709999084472656,52.060001373291016,52.70000076293945,41.717166900634766,1671300,1829.8299560546875
2014-02-14,52.65999984741211,53.060001373291016,52.38999938964844,52.959999084472656,41.9229850769043,2183400,1838.6300048828125
2014-02-18,53.09000015258789,53.16999816894531,52.16999816894531,52.18000030517578,41.30555725097656,3507200,1840.760009765625
2014-02-19,52.0,52.220001220703125,51.63999938964844,51.790000915527344,40.99681854248047,3504900,1828.75
2014-02-20,53.220001220703125,53.650001525878906,52.43000030517578,53.470001220703125,42.326698303222656,4347800,1839.780029296875
2014-02-21,53.400001525878906,54.0099983215332,53.209999084472656,53.86000061035156,42.63541793823242,3665700,1836.25
2014-02-24,53.59000015258789,54.29999923706055,53.25,53.86000061035156,42.63541793823242,3995900,1847.6099853515625
2014-02-25,53.77000045776367,53.959999084472656,53.5099983215332,53.650001525878906,42.46918487548828,2714500,1845.1199951171875
2014-02-26,53.77999877929688,54.04999923706055,53.470001220703125,53.84999847412109,42.62751770019531,2025700,1845.1600341796875
2014-02-27,53.56999969482422,54.2400016784668,53.34000015258789,54.22999954223633,43.15269470214844,2373200,1854.2900390625
2014-02-28,54.27000045776367,54.79999923706055,54.0099983215332,54.2599983215332,43.17656326293945,3521100,1859.449951171875
2014-03-03,53.709999084472656,54.31999969482422,53.59999847412109,54.04999923706055,43.00945281982422,3281600,1845.72998046875
2014-03-04,54.68000030517578,54.900001525878906,54.369998931884766,54.84999847412109,43.64604187011719,3531400,1873.9100341796875
2014-03-05,54.79999923706055,55.09999847412109,54.560001373291016,55.06999969482422,43.82110595703125,2218900,1873.81005859375
2014-03-06,55.20000076293945,55.47999954223633,54.959999084472656,55.16999816894531,43.900672912597656,2414200,1877.030029296875
2014-03-07,55.41999816894531,55.72999954223633,55.18000030517578,55.709999084472656,44.33039474487305,2471700,1878.0400390625
2014-03-10,55.68000030517578,55.810001373291016,55.369998931884766,55.79999923706055,44.40199661254883,1956900,1877.1700439453125
2014-03-11,55.900001525878906,55.93000030517578,55.5,55.61000061035156,44.25080871582031,2361500,1867.6300048828125
2014-03-12,55.380001068115234,55.65999984741211,55.130001068115234,55.4900016784668,44.15531921386719,2210400,1868.199951171875
2014-03-13,55.630001068115234,55.709999084472656,55.06999969482422,55.11000061035156,43.85294342041016,2762500,1846.3399658203125
2014-03-14,55.060001373291016,55.380001068115234,55.060001373291016,55.130001068115234,43.86885452270508,2695300,1841.1300048828125
2014-03-17,55.52000045776367,55.68000030517578,55.33000183105469,55.52000045776367,44.1791877746582,1338000,1858.8299560546875
2014-03-18,55.650001525878906,55.709999084472656,55.380001068115234,55.470001220703125,44.13939666748047,2038300,1872.25
2014-03-19,55.540000915527344,55.66999816894531,55.02000045776367,55.310001373291016,44.01209259033203,3238800,1860.77001953125
2014-03-20,55.06999969482422,55.790000915527344,55.0099983215332,55.560001373291016,44.21102142333984,2539200,1872.010009765625
2014-03-21,55.86000061035156,56.40999984741211,55.70000076293945,56.060001373291016,44.60889053344727,3903200,1866.52001953125
2014-03-24,56.33000183105469,56.59999847412109,55.9900016784668,56.18000030517578,44.704368591308594,2366200,1857.43994140625
2014-03-25,56.41999816894531,56.47999954223633,55.630001068115234,56.0,44.56114196777344,3152100,1865.6199951171875
2014-03-26,56.33000183105469,56.369998931884766,55.68999862670898,55.70000076293945,44.32242965698242,1991900,1852.56005859375
2014-03-27,55.59999847412109,55.79999923706055,55.45000076293945,55.63999938964844,44.27466583251953,1918800,1849.0400390625
2014-03-28,55.869998931884766,56.060001373291016,55.5099983215332,55.79999923706055,44.40199661254883,1468000,1857.6199951171875
2014-03-31,56.20000076293945,56.650001525878906,56.119998931884766,56.58000183105469,45.02265930175781,2123500,1872.3399658203125
2014-04-01,56.83000183105469,56.84000015258789,56.119998931884766,56.4900016784668,44.95104598999024,2229000,1885.52001953125
2014-04-02,55.72999954223633,56.650001525878906,55.63999938964844,56.150001525878906,44.68050765991211,2328500,1890.9000244140625
2014-04-03,56.47999954223633,56.68999862670898,56.27000045776367,56.59000015258789,45.03063583374024,2207000,1888.77001953125
2014-04-04,56.88999938964844,57.27999877929688,56.400001525878906,56.40999984741211,44.88739013671875,2615800,1865.0899658203125
2014-04-07,56.34999847412109,56.47999954223633,55.709999084472656,55.75,44.3621940612793,2625100,1845.0400390625
2014-04-08,55.68000030517578,56.119998931884766,55.5,55.88999938964844,44.47360610961914,2101000,1851.9599609375
2014-04-09,56.119998931884766,56.22999954223633,55.65999984741211,56.130001068115234,44.664588928222656,2186700,1872.1800537109375
2014-04-10,56.11000061035156,56.43000030517578,55.5,55.5099983215332,44.17123031616211,3705600,1833.0799560546875
2014-04-11,55.25,55.5,54.95000076293945,55.290000915527344,43.99617004394531,2678300,1815.68994140625
2014-04-14,55.7599983215332,55.81999969482422,54.810001373291016,55.20000076293945,43.924560546875,3510600,1830.6099853515625
2014-04-15,55.369998931884766,55.720001220703125,55.060001373291016,55.560001373291016,44.21102142333984,3503000,1842.97998046875
2014-04-16,56.060001373291016,56.20000076293945,55.77000045776367,55.9900016784668,44.553184509277344,2705500,1862.31005859375
2014-04-17,55.790000915527344,56.27000045776367,55.66999816894531,55.77000045776367,44.37812805175781,3150400,1864.8499755859375
2014-04-21,54.93000030517578,56.060001373291016,54.93000030517578,55.77000045776367,44.37812805175781,2084000,1871.8900146484375
2014-04-22,55.75,56.150001525878906,55.59999847412109,56.02000045776367,44.57704925537109,1983000,1879.550048828125
2014-04-23,56.130001068115234,56.34000015258789,56.02000045776367,56.18999862670898,44.71232223510742,1663500,1875.3900146484375
2014-04-24,56.369998931884766,56.470001220703125,56.04999923706055,56.400001525878906,44.87944030761719,1885600,1878.6099853515625
2014-04-25,56.630001068115234,56.70000076293945,56.08000183105469,56.11000061035156,44.64866638183594,2208400,1863.4000244140625
2014-04-28,56.369998931884766,57.04999923706055,56.290000915527344,56.84000015258789,45.22956466674805,3271500,1869.4300537109375
2014-04-29,57.02000045776367,57.34000015258789,56.84000015258789,56.88999938964844,45.269344329833984,1820000,1878.3299560546875
2014-04-30,56.84999847412109,57.08000183105469,56.43999862670898,56.95000076293945,45.31708908081055,2438900,1883.949951171875
2014-05-01,56.93000030517578,57.5,56.790000915527344,57.290000915527344,45.58764266967773,2177500,1883.6800537109375
2014-05-02,57.29999923706055,57.63999938964844,57.09999847412109,57.18000030517578,45.50011444091797,1898500,1881.1400146484375
2014-05-05,56.959999084472656,57.20000076293945,56.560001373291016,57.119998931884766,45.45237350463867,1548600,1884.6600341796875
2014-05-06,56.90999984741211,57.119998931884766,56.43000030517578,56.56999969482422,45.01471328735352,2982600,1867.719970703125
2014-05-07,57.02999877929688,57.970001220703125,56.97999954223633,57.81999969482422,46.009376525878906,3056500,1878.2099609375
2014-05-08,57.68999862670898,58.31999969482422,57.65999984741211,57.97999954223633,46.136695861816406,3403400,1875.6300048828125
2014-05-09,58.060001373291016,58.29999923706055,57.720001220703125,58.130001068115234,46.25606536865234,2561500,1878.47998046875
2014-05-12,58.29999923706055,58.43999862670898,58.09999847412109,58.34999847412109,46.43111038208008,1800300,1896.6500244140625
2014-05-13,58.38999938964844,58.63999938964844,58.27999877929688,58.400001525878906,46.47090530395508,2153300,1897.449951171875
2014-05-14,58.380001068115234,58.52999877929688,58.0,58.09000015258789,46.22422790527344,2775600,1888.530029296875
2014-05-15,57.869998931884766,57.90999984741211,57.380001068115234,57.560001373291016,45.802494049072266,3390700,1870.8499755859375
2014-05-16,57.52999877929688,57.900001525878906,57.119998931884766,57.7400016784668,45.94572448730469,3971100,1877.8599853515625
2014-05-19,57.68000030517578,58.2400016784668,57.59000015258789,58.20000076293945,46.31175231933594,2085500,1885.0799560546875
2014-05-20,57.97999954223633,58.369998931884766,57.83000183105469,58.08000183105469,46.21627426147461,2255700,1872.8299560546875
2014-05-21,58.33000183105469,58.68999862670898,58.209999084472656,58.41999816894531,46.48682403564453,1520400,1888.030029296875
2014-05-22,58.400001525878906,58.52000045776367,58.2599983215332,58.34999847412109,46.43111038208008,1798000,1892.489990234375
2014-05-23,58.33000183105469,58.59999847412109,58.18000030517578,58.380001068115234,46.45499038696289,1418700,1900.530029296875
2014-05-27,58.43999862670898,58.66999816894531,58.40999984741211,58.459999084472656,46.51865005493164,1575600,1911.9100341796875
2014-05-28,58.220001220703125,58.40999984741211,58.06999969482422,58.18000030517578,46.51865005493164,1738900,1909.780029296875
2014-05-29,58.2599983215332,58.380001068115234,58.040000915527344,58.29999923706055,46.61459732055664,1240200,1920.030029296875
2014-05-30,58.2599983215332,58.540000915527344,58.09000015258789,58.2599983215332,46.58261489868164,3304000,1923.5699462890625
2014-06-02,58.470001220703125,58.880001068115234,58.470001220703125,58.66999816894531,46.91044235229492,1585900,1924.969970703125
2014-06-03,58.43000030517578,58.650001525878906,58.27999877929688,58.58000183105469,46.83847427368164,1767100,1924.239990234375
2014-06-04,58.34000015258789,58.7599983215332,58.34000015258789,58.619998931884766,46.87044906616211,1678600,1927.8800048828125
2014-06-05,58.59999847412109,59.18000030517578,58.59999847412109,59.11000061035156,47.262237548828125,2443700,1940.4599609375
2014-06-06,59.209999084472656,59.68000030517578,59.09999847412109,59.31999969482422,47.430152893066406,1458400,1949.43994140625
2014-06-09,59.18999862670898,59.36000061035156,59.04999923706055,59.15999984741211,47.302223205566406,1516700,1951.27001953125
2014-06-10,59.06999969482422,59.400001525878906,59.06999969482422,59.18000030517578,47.31821060180664,1857500,1950.7900390625
2014-06-11,59.22999954223633,59.43999862670898,58.810001373291016,59.08000183105469,47.23826217651367,1597600,1943.8900146484375
2014-06-12,59.13999938964844,59.2599983215332,58.58000183105469,58.709999084472656,46.94242477416992,2087700,1930.1099853515625
2014-06-13,58.869998931884766,59.06999969482422,58.709999084472656,59.0099983215332,47.18230056762695,1700100,1936.1600341796875
2014-06-16,58.93000030517578,59.02000045776367,58.59000015258789,58.810001373291016,47.02237319946289,1672400,1937.780029296875
2014-06-17,58.75,59.290000915527344,58.58000183105469,59.209999084472656,47.34218978881836,1919500,1941.989990234375
2014-06-18,59.09999847412109,59.459999084472656,58.88999938964844,59.15999984741211,47.302223205566406,2970600,1956.97998046875
2014-06-19,59.02999877929688,59.040000915527344,58.47999954223633,58.81999969482422,47.03036117553711,3662800,1959.47998046875
2014-06-20,58.900001525878906,58.959999084472656,58.52000045776367,58.81999969482422,47.03036117553711,5046800,1962.8699951171875
2014-06-23,58.88999938964844,59.5,58.88999938964844,59.20000076293945,47.334205627441406,2701500,1962.6099853515625
2014-06-24,58.81999969482422,59.290000915527344,58.77000045776367,58.91999816894531,47.110328674316406,1959500,1949.97998046875
2014-06-25,58.84000015258789,58.9900016784668,58.66999816894531,58.709999084472656,46.94242477416992,1903800,1959.530029296875
2014-06-26,58.72999954223633,58.810001373291016,58.40999984741211,58.54999923706055,46.81447982788086,1734400,1957.219970703125
2014-06-27,58.59000015258789,58.7599983215332,58.43999862670898,58.68999862670898,46.92642211914063,2193600,1960.9599609375
2014-06-30,58.59000015258789,59.18000030517578,58.52000045776367,58.720001220703125,46.95040893554688,1800700,1960.22998046875
2014-07-01,58.93000030517578,59.290000915527344,58.91999816894531,59.119998931884766,47.27024459838867,1789600,1973.3199462890625
2014-07-02,59.08000183105469,59.4900016784668,58.88999938964844,59.0,47.174293518066406,1590200,1974.6199951171875
2014-07-03,59.220001220703125,59.400001525878906,58.93000030517578,58.970001220703125,47.15030670166016,1530200,1985.43994140625
2014-07-07,58.720001220703125,58.810001373291016,58.400001525878906,58.52999877929688,46.79849243164063,2763600,1977.6500244140625
2014-07-08,58.47999954223633,58.720001220703125,58.380001068115234,58.47999954223633,46.75851821899414,2882000,1963.7099609375
2014-07-09,58.380001068115234,58.70000076293945,58.18000030517578,58.47999954223633,46.75851821899414,2808700,1972.8299560546875
2014-07-10,58.06999969482422,58.290000915527344,57.68999862670898,58.06999969482422,46.430702209472656,2701900,1964.6800537109375
2014-07-11,57.93999862670898,58.25,57.7599983215332,58.20000076293945,46.53464889526367,1422800,1967.5699462890625
2014-07-14,58.5,58.68000030517578,58.09000015258789,58.27999877929688,46.59860610961914,2224600,1977.0999755859375
2014-07-15,58.459999084472656,58.650001525878906,58.310001373291016,58.459999084472656,46.74253082275391,2049100,1973.280029296875
2014-07-16,58.560001373291016,58.66999816894531,58.11000061035156,58.15999984741211,46.50265502929688,1901700,1981.5699462890625
2014-07-17,58.02999877929688,58.59999847412109,57.810001373291016,57.81999969482422,46.23080062866211,1970400,1958.1199951171875
2014-07-18,57.86000061035156,58.09999847412109,57.52000045776367,58.060001373291016,46.42270660400391,2016100,1978.219970703125
2014-07-21,57.83000183105469,58.130001068115234,57.56999969482422,58.0099983215332,46.38270950317383,1493900,1973.6300048828125
2014-07-22,57.79999923706055,58.18000030517578,57.650001525878906,58.09000015258789,46.44667434692383,1881900,1983.530029296875
2014-07-23,58.130001068115234,58.4900016784668,58.119998931884766,58.33000183105469,46.63858413696289,1260500,1987.010009765625
2014-07-24,58.25,58.56999969482422,58.130001068115234,58.4900016784668,46.76651763916016,1138100,1987.97998046875
2014-07-25,58.25,58.34000015258789,57.880001068115234,57.93999862670898,46.32676315307617,1193000,1978.3399658203125
2014-07-28,57.91999816894531,57.959999084472656,57.36000061035156,57.93999862670898,46.32676315307617,2130600,1978.9100341796875
2014-07-29,57.22999954223633,57.790000915527344,57.02999877929688,57.04999923706055,45.61513519287109,3314600,1969.949951171875
2014-07-30,57.09999847412109,57.18000030517578,56.630001068115234,56.88999938964844,45.487213134765625,3104200,1970.0699462890625
2014-07-31,58.18999862670898,59.88999938964844,57.20000076293945,58.45000076293945,46.73453521728516,6258600,1930.6700439453125
2014-08-01,58.5,58.72999954223633,57.75,58.13999938964844,46.48667526245117,3260300,1925.1500244140625
2014-08-04,58.34999847412109,59.0,58.119998931884766,58.959999084472656,47.14229965209961,5669000,1938.989990234375
2014-08-05,58.91999816894531,59.27999877929688,58.72999954223633,58.84999847412109,47.05436706542969,3138900,1920.2099609375
2014-08-06,58.720001220703125,59.59000015258789,58.720001220703125,59.58000183105469,47.63804626464844,2474000,1920.239990234375
2014-08-07,59.709999084472656,59.970001220703125,59.130001068115234,59.310001373291016,47.422157287597656,3130400,1909.5699462890625
2014-08-08,59.54999923706055,59.70000076293945,58.9900016784668,59.66999816894531,47.709999084472656,2628400,1931.5899658203125
2014-08-11,59.810001373291016,59.869998931884766,59.400001525878906,59.560001373291016,47.62203979492188,2272600,1936.9200439453125
2014-08-12,59.59999847412109,60.18999862670898,59.58000183105469,60.150001525878906,48.093788146972656,3453200,1933.75
2014-08-13,60.25,60.470001220703125,60.02999877929688,60.11000061035156,48.06181716918945,2574500,1946.719970703125
2014-08-14,60.18999862670898,60.790000915527344,60.18999862670898,60.77999877929688,48.59752655029297,2512900,1955.1800537109375
2014-08-15,60.95000076293945,61.119998931884766,60.380001068115234,60.68999862670898,48.52555465698242,2418600,1955.06005859375
2014-08-18,60.970001220703125,61.29999923706055,60.88999938964844,61.27999877929688,48.99729919433594,2058300,1971.739990234375
2014-08-19,61.220001220703125,61.290000915527344,61.04999923706055,61.09000015258789,48.84537124633789,1624900,1981.5999755859375
2014-08-20,61.119998931884766,61.43999862670898,60.90999984741211,61.400001525878906,49.09324264526367,1449600,1986.510009765625
2014-08-21,61.400001525878906,61.560001373291016,61.09999847412109,61.5099983215332,49.18120193481445,2367600,1992.3699951171875
2014-08-22,61.27000045776367,61.470001220703125,61.09000015258789,61.220001220703125,48.94933319091797,1978400,1988.4000244140625
2014-08-25,61.52000045776367,62.0099983215332,61.380001068115234,61.90999984741211,49.50101089477539,1893800,1997.9200439453125
2014-08-26,61.880001068115234,62.09000015258789,61.7400016784668,61.86000061035156,49.46104431152344,1876400,2000.02001953125
2014-08-27,61.59999847412109,61.68000030517578,61.41999816894531,61.52999877929688,49.42087936401367,1666500,2000.1199951171875
2014-08-28,61.33000183105469,61.540000915527344,61.130001068115234,61.150001525878906,49.115665435791016,1847100,1996.739990234375
2014-08-29,61.2599983215332,61.5,61.060001373291016,61.4900016784668,49.38875961303711,1934700,2003.3699951171875
2014-09-02,61.72999954223633,61.970001220703125,61.52000045776367,61.83000183105469,49.66186141967773,1827100,2002.280029296875
2014-09-03,62.09000015258789,62.09000015258789,61.61000061035156,61.63999938964844,49.50924301147461,1479400,2000.719970703125
2014-09-04,61.66999816894531,61.869998931884766,61.31999969482422,61.369998931884766,49.29238128662109,1563800,1997.6500244140625
2014-09-05,61.38999938964844,61.470001220703125,61.09999847412109,61.34999847412109,49.276309967041016,1871800,2007.7099609375
2014-09-08,61.84000015258789,61.84000015258789,61.20000076293945,61.38999938964844,49.30843734741211,1203700,2001.5400390625
2014-09-09,61.290000915527344,61.36000061035156,60.72999954223633,60.84000015258789,48.86667251586914,1757600,1988.43994140625
2014-09-10,61.060001373291016,61.150001525878906,60.790000915527344,60.88999938964844,48.90683364868164,1475800,1995.68994140625
2014-09-11,60.79999923706055,61.2400016784668,60.77999877929688,61.209999084472656,49.16386032104492,1764800,1997.449951171875
2014-09-12,61.08000183105469,61.27000045776367,60.7599983215332,61.0,48.99520111083984,2215700,1985.5400390625
2014-09-15,61.150001525878906,61.869998931884766,61.09000015258789,61.619998931884766,49.49317932128906,2063000,1984.1300048828125
2014-09-16,61.34999847412109,61.86000061035156,61.290000915527344,61.709999084472656,49.56544876098633,1617000,1998.97998046875
2014-09-17,61.72999954223633,62.0,61.58000183105469,61.75,49.597599029541016,1638900,2001.5699462890625
2014-09-18,61.900001525878906,62.40999984741211,61.790000915527344,62.31999969482422,50.0554084777832,1881200,2011.3599853515625
2014-09-19,62.54999923706055,62.59000015258789,62.02000045776367,62.20000076293945,49.95901870727539,2756500,2010.4000244140625
2014-09-22,61.93999862670898,62.02000045776367,61.7400016784668,61.84000015258789,49.66987991333008,1740400,1994.2900390625
2014-09-23,61.68000030517578,61.77000045776367,61.130001068115234,61.310001373291016,49.24419021606445,3786200,1982.77001953125
2014-09-24,61.27999877929688,61.86000061035156,61.18999862670898,61.68000030517578,49.54136276245117,1370500,1998.300048828125
2014-09-25,61.470001220703125,61.58000183105469,61.02000045776367,61.09000015258789,49.06747055053711,2005900,1965.989990234375
2014-09-26,61.09999847412109,61.630001068115234,61.02000045776367,61.40999984741211,49.32449722290039,1279300,1982.8499755859375
2014-09-29,61.02999877929688,61.540000915527344,60.869998931884766,61.290000915527344,49.22811508178711,1279200,1977.800048828125
2014-09-30,61.119998931884766,61.61000061035156,61.040000915527344,61.369998931884766,49.29238128662109,2256900,1972.2900390625
2014-10-01,61.33000183105469,61.61000061035156,60.65999984741211,60.810001373291016,48.84259414672852,2238400,1946.1600341796875
2014-10-02,60.91999816894531,61.43000030517578,60.7400016784668,61.13999938964844,49.107643127441406,1961700,1946.1700439453125
2014-10-03,61.68999862670898,62.15999984741211,61.68000030517578,61.72999954223633,49.58152770996094,2737700,1967.9000244140625
2014-10-06,62.04999923706055,62.22999954223633,61.5,61.619998931884766,49.49317932128906,1549900,1964.8199462890625
2014-10-07,61.38999938964844,61.66999816894531,60.880001068115234,60.900001525878906,48.91486740112305,1756700,1935.0999755859375
2014-10-08,60.91999816894531,61.70000076293945,60.84999847412109,61.63999938964844,49.50924301147461,2260600,1968.8900146484375
2014-10-09,61.54999923706055,61.86000061035156,61.0,61.0099983215332,49.00321960449219,2819200,1928.2099609375
2014-10-10,60.95000076293945,61.86000061035156,60.95000076293945,61.15999984741211,49.12370681762695,2029200,1906.1300048828125
2014-10-13,61.29999923706055,61.790000915527344,61.04999923706055,61.060001373291016,49.04339218139648,2520200,1874.739990234375
2014-10-14,61.459999084472656,62.040000915527344,61.25,61.619998931884766,49.49317932128906,2896400,1877.699951171875
2014-10-15,61.29999923706055,61.43000030517578,59.72999954223633,60.56999969482422,48.64981460571289,3434700,1862.489990234375
2014-10-16,59.7599983215332,60.33000183105469,59.27999877929688,59.86000061035156,48.07953643798828,3694000,1862.760009765625
2014-10-17,60.27000045776367,60.810001373291016,59.68999862670898,60.63999938964844,48.706050872802734,2708400,1886.760009765625
2014-10-20,60.459999084472656,60.95000076293945,60.310001373291016,60.84999847412109,48.87470245361328,1837700,1904.010009765625
2014-10-21,61.09999847412109,62.220001220703125,60.91999816894531,62.02999877929688,49.82247924804688,3165000,1941.280029296875
2014-10-22,62.0,62.400001525878906,61.77999877929688,61.810001373291016,49.645782470703125,2702600,1927.1099853515625
2014-10-23,62.400001525878906,62.41999816894531,61.880001068115234,62.0,49.79839324951172,2454700,1950.8199462890625
2014-10-24,61.720001220703125,62.630001068115234,61.720001220703125,62.56999969482422,50.2562141418457,2015400,1964.5799560546875
2014-10-27,62.709999084472656,63.220001220703125,62.56999969482422,63.130001068115234,50.70600509643555,3801800,1961.6300048828125
2014-10-28,63.400001525878906,63.70000076293945,63.220001220703125,63.22999954223633,50.78633117675781,3401800,1985.050048828125
2014-10-29,63.27999877929688,63.459999084472656,62.63999938964844,62.97999954223633,50.58552932739258,2563200,1982.300048828125
2014-10-30,63.59999847412109,64.12999725341797,63.41999816894531,63.90999984741211,51.33250427246094,2503900,1994.6500244140625
2014-10-31,64.1500015258789,65.0,64.1500015258789,64.8499984741211,52.0875129699707,3055400,2018.050048828125
2014-11-03,64.5,65.0,64.5,64.72000122070312,51.983097076416016,2207400,2017.81005859375
2014-11-04,64.9000015258789,65.1500015258789,64.58000183105469,64.88999938964844,52.11963272094727,2210800,2012.0999755859375
2014-11-05,65.4800033569336,65.75,65.13999938964844,65.73999786376953,52.80236053466797,2520800,2023.5699462890625
2014-11-06,65.69000244140625,66.23999786376953,65.5999984741211,66.12999725341797,53.11560821533203,2538900,2031.2099609375
2014-11-07,66.11000061035156,66.41000366210938,65.91000366210938,66.25,53.21199035644531,2125000,2031.9200439453125
2014-11-10,66.75,66.87999725341797,66.47000122070312,66.76000213623047,53.62162399291992,2025300,2038.260009765625
2014-11-11,66.70999908447266,66.97000122070312,66.55000305175781,66.62999725341797,53.5172004699707,2059200,2039.6800537109375
2014-11-12,66.44000244140625,67.20999908447266,66.41999816894531,67.16999816894531,53.950950622558594,1991200,2038.25
2014-11-13,67.16999816894531,67.31999969482422,66.70999908447266,66.91999816894531,53.750125885009766,1962900,2039.3299560546875
2014-11-14,67.01000213623047,67.01000213623047,66.43000030517578,66.58000183105469,53.47705459594727,1559600,2039.8199462890625
2014-11-17,66.11000061035156,66.73999786376953,66.11000061035156,66.66000366210938,53.54130935668945,1172100,2041.3199462890625
2014-11-18,66.87999725341797,67.1500015258789,66.58999633789062,66.79000091552734,53.64571762084961,1802600,2051.800048828125
2014-11-19,66.98999786376953,67.4000015258789,66.68000030517578,67.37000274658203,54.111576080322266,1877600,2048.719970703125
2014-11-20,66.94000244140625,67.4800033569336,66.87999725341797,67.29000091552734,54.04732131958008,1635500,2052.75
2014-11-21,67.88999938964844,67.91000366210938,67.26000213623047,67.4000015258789,54.13567352294922,2686500,2063.5
2014-11-24,67.6500015258789,68.08999633789062,67.61000061035156,67.91999816894531,54.55332946777344,1592500,2069.409912109375
2014-11-25,67.61000061035156,67.91000366210938,67.36000061035156,67.58000183105469,54.50495529174805,1593400,2067.030029296875
2014-11-26,67.66000366210938,67.75,67.41000366210938,67.5199966430664,54.45654296875,1494500,2072.830078125
2014-11-28,67.69999694824219,68.47000122070312,67.69999694824219,68.1500015258789,54.96466064453125,1097100,2067.56005859375
2014-12-01,68.06999969482422,68.08000183105469,67.61000061035156,67.61000061035156,54.52914810180664,1925300,2053.43994140625
2014-12-02,67.51000213623047,68.13999938964844,67.51000213623047,68.11000061035156,54.93239974975586,1902900,2066.550048828125
2014-12-03,68.19000244140625,68.43000030517578,67.69999694824219,68.06999969482422,54.90013885498047,2425500,2074.330078125
2014-12-04,68.12000274658203,68.66000366210938,68.05999755859375,68.38999938964844,55.158233642578125,2551100,2071.919921875
2014-12-05,68.45999908447266,68.9800033569336,68.4000015258789,68.68000030517578,55.3921127319336,2185000,2075.3701171875
2014-12-08,68.7699966430664,69.41000366210938,68.61000061035156,69.13999938964844,55.76313018798828,2547500,2060.31005859375
2014-12-09,68.66000366210938,68.87000274658203,68.41000366210938,68.83000183105469,55.51311492919922,2345500,2059.820068359375
2014-12-10,68.79000091552734,69.5,68.55000305175781,68.55000305175781,55.28726959228516,3028700,2026.1400146484375
2014-12-11,68.58999633789062,69.66000366210938,68.33000183105469,69.05999755859375,55.6985969543457,3088800,2035.3299560546875
2014-12-12,68.2699966430664,68.91999816894531,67.37999725341797,67.41999816894531,54.37589645385742,2944600,2002.3299560546875
2014-12-15,67.70999908447266,68.30000305175781,67.08999633789062,67.37000274658203,54.3355712890625,2789500,1989.6300048828125
2014-12-16,67.25,68.41999816894531,66.80999755859375,67.20999908447266,54.206520080566406,2493100,1972.739990234375
2014-12-17,67.30000305175781,68.61000061035156,67.26000213623047,68.22000122070312,55.02112579345703,2739000,2012.8900146484375
2014-12-18,69.16999816894531,69.79000091552734,68.83999633789062,69.79000091552734,56.28737258911133,2979900,2061.22998046875
2014-12-19,69.9000015258789,70.13999938964844,69.51000213623047,69.88999938964844,56.36800384521485,4940000,2070.64990234375
2014-12-22,70.05000305175781,70.5999984741211,69.87000274658203,70.44000244140625,56.81159591674805,1933200,2078.5400390625
2014-12-23,70.48999786376953,71.13999938964844,70.44000244140625,70.75,57.061614990234375,1479000,2082.169921875
2014-12-24,70.93000030517578,71.0,70.63999938964844,70.69000244140625,57.01323699951172,567800,2081.8798828125
2014-12-26,70.80999755859375,71.25,70.73999786376953,70.93000030517578,57.206809997558594,909600,2088.77001953125
2014-12-29,70.93000030517578,71.52999877929688,70.76000213623047,71.0,57.26325607299805,1186200,2090.570068359375
2014-12-30,70.97000122070312,71.30000305175781,70.75,70.94000244140625,57.21485900878906,1095100,2080.35009765625
2014-12-31,71.16000366210938,71.20999908447266,70.23999786376953,70.25,56.65835571289063,1319900,2058.89990234375
2015-01-02,70.58999633789062,70.91000366210938,69.7300033569336,70.12000274658203,56.55351638793945,1766400,2058.199951171875
2015-01-05,69.68000030517578,69.77999877929688,68.63999938964844,68.7300033569336,55.43244552612305,2898800,2020.5799560546875
2015-01-06,69.02999877929688,69.61000061035156,68.44999694824219,68.68000030517578,55.3921127319336,2626800,2002.6099853515625
2015-01-07,69.4000015258789,69.8499984741211,68.81999969482422,69.80999755859375,56.30348205566406,2090200,2025.9000244140625
2015-01-08,70.25,71.1500015258789,70.20999908447266,71.1500015258789,57.384239196777344,2962600,2062.139892578125
2015-01-09,71.08000183105469,71.12000274658203,70.37000274658203,70.41999816894531,56.79547882080078,2100800,2044.81005859375
2015-01-12,70.36000061035156,70.62000274658203,69.55999755859375,69.69999694824219,56.21477508544922,1513100,2028.260009765625
2015-01-13,70.30000305175781,71.19000244140625,69.55999755859375,70.12000274658203,56.55351638793945,2239500,2023.030029296875
2015-01-14,68.95999908447266,69.80000305175781,68.83999633789062,69.43000030517578,55.997013092041016,2692400,2011.27001953125
2015-01-15,69.44000244140625,69.87999725341797,69.12000274658203,69.2300033569336,55.83571243286133,2057300,1992.6700439453125
2015-01-16,69.81999969482422,70.87999725341797,69.5,70.83999633789062,57.13420486450195,2182800,2019.4200439453125
2015-01-20,71.16000366210938,71.23999786376953,69.88999938964844,70.36000061035156,56.7470932006836,2113700,2022.550048828125
2015-01-21,70.08999633789062,70.69000244140625,69.61000061035156,70.30000305175781,56.69869613647461,2006800,2032.1199951171875
2015-01-22,70.66999816894531,72.11000061035156,70.38999938964844,71.94999694824219,58.02944946289063,2523000,2063.14990234375
2015-01-23,72.08000183105469,72.11000061035156,71.41000366210938,71.43000030517578,57.610050201416016,1746700,2051.820068359375
2015-01-26,71.2699966430664,71.7699966430664,71.05999755859375,71.7300033569336,57.85202026367188,1663500,2057.090087890625
2015-01-27,71.04000091552734,71.79000091552734,70.91999816894531,71.44000244140625,57.61813354492188,1526200,2029.550048828125
2015-01-28,71.6500015258789,72.54000091552734,70.30000305175781,70.31999969482422,56.714820861816406,2539200,2002.1600341796875
2015-01-29,70.5199966430664,71.25,70.2699966430664,71.05000305175781,57.30357360839844,2854900,2021.25
2015-01-30,70.48999786376953,70.83999633789062,69.69999694824219,69.79000091552734,56.28737258911133,2486700,1994.989990234375
2015-02-02,69.73999786376953,70.98999786376953,69.16999816894531,70.91000366210938,57.19067001342773,3005600,2020.8499755859375
2015-02-03,71.16000366210938,72.05999755859375,70.51000213623047,72.02999877929688,58.093971252441406,2988100,2050.030029296875
2015-02-04,71.80000305175781,72.87000274658203,71.72000122070312,72.58000183105469,58.53757095336914,3677400,2041.510009765625
2015-02-05,69.68000030517578,72.5199966430664,69.04000091552734,72.30000305175781,58.3117561340332,4825000,2062.52001953125
2015-02-06,72.0,72.20999908447266,70.72000122070312,70.93000030517578,57.206809997558594,4198100,2055.469970703125
2015-02-09,70.31999969482422,70.69000244140625,69.8499984741211,70.02999877929688,56.48091506958008,3555200,2046.739990234375
2015-02-10,70.55000305175781,70.58999633789062,69.6500015258789,70.05000305175781,56.4970703125,3063500,2068.590087890625
2015-02-11,70.13999938964844,71.41999816894531,69.98999786376953,71.18000030517578,57.40844345092773,3840100,2068.530029296875
2015-02-12,71.23999786376953,71.69000244140625,71.16000366210938,71.56999969482422,57.72297286987305,2063400,2088.47998046875
2015-02-13,71.37000274658203,71.73999786376953,71.13999938964844,71.45999908447266,57.6342658996582,2016900,2096.989990234375
2015-02-17,71.4800033569336,71.86000061035156,71.13999938964844,71.2699966430664,57.48101806640625,2027000,2100.340087890625
2015-02-18,71.06999969482422,71.2300033569336,70.51000213623047,70.70999908447266,57.02935791015625,2446200,2099.679931640625
2015-02-19,70.6500015258789,71.2699966430664,70.58999633789062,71.16999816894531,57.400352478027344,2001900,2097.449951171875
2015-02-20,71.08999633789062,71.72000122070312,70.47000122070312,71.5999984741211,57.74717330932617,2121000,2110.300048828125
2015-02-23,71.37000274658203,71.4000015258789,71.05000305175781,71.26000213623047,57.472957611083984,1814800,2109.659912109375
2015-02-24,71.06999969482422,71.87000274658203,71.06999969482422,71.66999816894531,57.80362701416016,1848000,2115.47998046875
2015-02-25,71.54000091552734,71.7699966430664,71.08999633789062,71.12000274658203,57.36004257202149,2083500,2113.860107421875
2015-02-26,70.87000274658203,71.41999816894531,70.87000274658203,71.30999755859375,57.75690841674805,1903400,2110.739990234375
2015-02-27,71.06999969482422,71.2699966430664,70.58999633789062,70.5999984741211,57.18185043334961,2199600,2104.5
2015-03-02,70.5999984741211,71.18000030517578,70.56999969482422,70.9800033569336,57.48963928222656,1687800,2117.389892578125
2015-03-03,70.6500015258789,70.9000015258789,70.2699966430664,70.48999786376953,57.092769622802734,1910300,2107.780029296875
2015-03-04,70.12999725341797,70.2300033569336,69.48999786376953,69.5,56.29091262817383,2344000,2098.530029296875
2015-03-05,69.79000091552734,69.91000366210938,69.30000305175781,69.55999755859375,56.339500427246094,3138000,2101.0400390625
2015-03-06,69.36000061035156,69.97000122070312,68.86000061035156,69.13999938964844,55.99934005737305,2637700,2071.260009765625
2015-03-09,68.87999725341797,69.75,68.75,69.58999633789062,56.363800048828125,1855900,2079.429931640625
2015-03-10,68.93000030517578,69.13999938964844,68.37999725341797,68.38999938964844,55.39189147949219,2164900,2044.1600341796875
2015-03-11,68.7300033569336,69.44000244140625,68.43000030517578,69.08999633789062,55.95883560180664,2382500,2040.239990234375
2015-03-12,69.4000015258789,70.41999816894531,69.33000183105469,70.4000015258789,57.019866943359375,1635500,2065.949951171875
2015-03-13,70.0199966430664,70.22000122070312,69.25,69.55999755859375,56.339500427246094,1955000,2053.39990234375
2015-03-16,70.0199966430664,70.6500015258789,69.9000015258789,70.48999786376953,57.092769622802734,2061700,2081.18994140625
2015-03-17,70.0999984741211,70.20999908447266,69.63999938964844,69.9800033569336,56.6796989440918,3156600,2074.280029296875
2015-03-18,70.18000030517578,70.9000015258789,69.48999786376953,70.62000274658203,57.19807052612305,2683200,2099.5
2015-03-19,70.69999694824219,71.2699966430664,70.31999969482422,70.5999984741211,57.18185043334961,2623200,2089.27001953125
2015-03-20,70.80999755859375,71.63999938964844,70.69000244140625,71.45999908447266,57.87839889526367,4189900,2108.10009765625
2015-03-23,71.83999633789062,72.33000183105469,71.80000305175781,71.88999938964844,58.226680755615234,2478900,2104.419921875
2015-03-24,71.7300033569336,71.88999938964844,71.06999969482422,71.33999633789062,57.78119659423828,2522300,2091.5
2015-03-25,71.55000305175781,71.55000305175781,70.48999786376953,70.55000305175781,57.1413459777832,2055000,2061.050048828125
2015-03-26,70.30000305175781,70.54000091552734,69.9800033569336,70.19999694824219,56.85786056518555,1933900,2056.14990234375
2015-03-27,70.18000030517578,70.37000274658203,69.88999938964844,70.05000305175781,56.73637771606445,1734100,2061.02001953125
2015-03-30,70.36000061035156,71.37000274658203,70.08999633789062,70.94999694824219,57.465328216552734,2331700,2086.239990234375
2015-03-31,70.4800033569336,71.30000305175781,70.08000183105469,71.16999816894531,57.64350509643555,3560700,2067.889892578125
2015-04-01,71.18000030517578,71.9000015258789,70.95999908447266,71.29000091552734,57.74070739746094,3369600,2059.68994140625
2015-04-02,71.29000091552734,71.6500015258789,71.13999938964844,71.44999694824219,57.87029266357422,1971900,2066.9599609375
2015-04-06,71.06999969482422,72.51000213623047,70.87000274658203,72.12000274658203,58.41296005249024,2408700,2080.6201171875
2015-04-07,72.1500015258789,72.4000015258789,71.47000122070312,71.47000122070312,57.88648223876953,1310800,2076.330078125
2015-04-08,71.5999984741211,72.0,71.44000244140625,71.58000183105469,57.9756088256836,2109000,2081.89990234375
2015-04-09,71.61000061035156,72.01000213623047,71.61000061035156,71.9000015258789,58.23477935791016,1827600,2091.179931640625
2015-04-10,72.0,72.23999786376953,71.63999938964844,72.02999877929688,58.340065002441406,1475100,2102.06005859375
2015-04-13,71.66999816894531,72.38999938964844,71.66999816894531,71.9800033569336,58.299591064453125,1465800,2092.429931640625
2015-04-14,71.91000366210938,72.0999984741211,71.37999725341797,71.5,57.91079330444336,2263200,2095.840087890625
2015-04-15,71.61000061035156,72.2699966430664,71.61000061035156,71.94000244140625,58.26718521118164,1810300,2106.6298828125
2015-04-16,71.86000061035156,72.30999755859375,71.51000213623047,72.04000091552734,58.3481674194336,1490100,2104.989990234375
2015-04-17,71.4800033569336,71.56999969482422,70.58000183105469,70.87000274658203,57.40053176879883,3084300,2081.179931640625
2015-04-20,71.31999969482422,71.66999816894531,71.23999786376953,71.3499984741211,57.7892951965332,1571200,2100.39990234375
2015-04-21,71.33000183105469,71.54000091552734,70.72000122070312,70.81999969482422,57.36003494262695,1566500,2097.2900390625
2015-04-22,70.7699966430664,71.0199966430664,70.4000015258789,70.87999725341797,57.40862274169922,1718600,2107.9599609375
2015-04-23,70.68000030517578,71.27999877929688,70.5999984741211,70.80999755859375,57.35195159912109,1916900,2112.929931640625
2015-04-24,70.62999725341797,71.12000274658203,70.4800033569336,70.94999694824219,57.465328216552734,1592400,2117.68994140625
2015-04-27,71.27999877929688,71.30000305175781,70.22000122070312,70.30999755859375,56.94695663452149,2185500,2108.919921875
2015-04-28,70.23999786376953,70.9800033569336,70.08999633789062,70.69000244140625,57.2547492980957,1745000,2114.760009765625
2015-04-29,70.25,70.73999786376953,69.75,70.25,56.89836502075195,2132400,2106.85009765625
2015-04-30,70.13999938964844,70.37999725341797,69.33000183105469,69.66000366210938,56.42051315307617,3440800,2085.510009765625
2015-05-01,70.12999725341797,70.3499984741211,69.80000305175781,69.94999694824219,56.6553840637207,2423200,2108.2900390625
2015-05-04,70.0,70.18000030517578,69.66000366210938,69.81999969482422,56.550106048583984,4123000,2114.489990234375
2015-05-05,69.62000274658203,70.33000183105469,69.62000274658203,70.0,56.69589614868164,2513100,2089.4599609375
2015-05-06,68.87999725341797,69.25,66.9000015258789,67.30999755859375,54.51715469360352,9737600,2080.14990234375
2015-05-07,67.2300033569336,67.86000061035156,66.9800033569336,67.72000122070312,54.84922790527344,4320100,2088.0
2015-05-08,68.4000015258789,68.5,67.08999633789062,67.2699966430664,54.4847526550293,3631500,2116.10009765625
2015-05-11,67.2699966430664,67.4000015258789,66.69000244140625,66.87000274658203,54.16077423095703,3425300,2105.330078125
2015-05-12,66.7300033569336,67.0999984741211,66.62000274658203,66.91000366210938,54.19316482543945,2510500,2099.1201171875
2015-05-13,66.69000244140625,67.05000305175781,66.55999755859375,66.98999786376953,54.25795364379883,2458300,2098.47998046875
2015-05-14,67.20999908447266,67.66999816894531,67.19000244140625,67.63999938964844,54.7844352722168,2061800,2121.10009765625
2015-05-15,67.62999725341797,68.0199966430664,67.47000122070312,67.5999984741211,54.75202941894531,1683600,2122.72998046875
2015-05-18,67.6500015258789,68.19999694824219,67.61000061035156,68.08999633789062,55.148887634277344,1444000,2129.199951171875
2015-05-19,68.27999877929688,68.8499984741211,68.04000091552734,68.75,55.6834602355957,2560700,2127.830078125
2015-05-20,68.6500015258789,68.8499984741211,68.12999725341797,68.7300033569336,55.66726303100586,2607400,2125.85009765625
2015-05-21,68.41999816894531,68.61000061035156,67.87999725341797,68.0999984741211,55.15700149536133,2538900,2130.820068359375
2015-05-22,68.02999877929688,68.08999633789062,67.58000183105469,67.5999984741211,54.75202941894531,1807400,2126.06005859375
2015-05-26,67.41000366210938,67.5199966430664,67.13999938964844,67.37999725341797,54.57383728027344,2563700,2104.199951171875
2015-05-27,67.43000030517578,67.81999969482422,67.0999984741211,67.61000061035156,55.00502014160156,2057000,2123.47998046875
2015-05-28,67.4000015258789,67.94000244140625,67.4000015258789,67.80000305175781,55.15959930419922,2044200,2120.7900390625
2015-05-29,67.69000244140625,67.81999969482422,67.30999755859375,67.31999969482422,54.76909255981445,1990200,2107.389892578125
2015-06-01,67.6500015258789,67.9800033569336,66.9000015258789,66.91999816894531,54.44367218017578,2633200,2111.72998046875
2015-06-02,66.91999816894531,67.41999816894531,66.80000305175781,67.12999725341797,54.61451721191406,2332700,2109.60009765625
2015-06-03,67.33999633789062,67.80999755859375,67.12999725341797,67.72000122070312,55.09452819824219,1773200,2114.070068359375
2015-06-04,67.37999725341797,67.68000030517578,66.95999908447266,67.05000305175781,54.5494384765625,2392400,2095.840087890625
2015-06-05,67.41000366210938,67.6500015258789,66.45999908447266,66.4800033569336,54.085697174072266,1851300,2092.830078125
2015-06-08,66.55000305175781,66.79000091552734,65.80000305175781,65.81999969482422,53.54874801635742,1990900,2079.280029296875
2015-06-09,65.81999969482422,66.25,65.5999984741211,65.70999908447266,53.459266662597656,2205900,2080.14990234375
2015-06-10,65.91999816894531,67.0199966430664,65.9000015258789,66.91000366210938,54.43553161621094,2420000,2105.199951171875
2015-06-11,67.05000305175781,67.48999786376953,66.91999816894531,67.48999786376953,54.90740585327149,2069600,2108.860107421875
2015-06-12,67.18000030517578,67.48999786376953,67.06999969482422,67.37000274658203,54.80978012084961,1819800,2094.110107421875
2015-06-15,66.86000061035156,67.22000122070312,66.6500015258789,66.66999816894531,54.24027633666992,1940400,2084.429931640625
2015-06-16,66.56999969482422,67.44000244140625,66.44000244140625,67.33000183105469,54.777225494384766,1690100,2096.2900390625
2015-06-17,67.45999908447266,67.56999969482422,66.94999694824219,67.18000030517578,54.65520095825195,1511200,2100.43994140625
2015-06-18,67.37999725341797,68.47000122070312,67.33000183105469,68.3499984741211,55.60707473754883,2905900,2121.239990234375
2015-06-19,68.1500015258789,68.29000091552734,66.44999694824219,66.44999694824219,54.06127548217773,5049100,2109.989990234375
2015-06-22,66.01000213623047,66.9000015258789,66.01000213623047,66.27999877929688,53.92299270629883,4124700,2122.85009765625
2015-06-23,66.41000366210938,66.5199966430664,66.18000030517578,66.36000061035156,53.98807907104492,2484200,2124.199951171875
2015-06-24,66.36000061035156,66.41000366210938,65.93000030517578,65.94999694824219,53.65451431274414,2683700,2108.580078125
2015-06-25,66.19000244140625,66.27999877929688,65.02999877929688,65.02999877929688,52.90604019165039,3805800,2102.31005859375
2015-06-26,65.41999816894531,66.06999969482422,65.23999786376953,65.83000183105469,53.5568962097168,3079300,2101.489990234375
2015-06-29,65.25,65.54000091552734,64.62000274658203,64.68000030517578,52.62129211425781,2718300,2057.639892578125
2015-06-30,65.3499984741211,65.61000061035156,64.83000183105469,64.87000274658203,52.77587127685547,3121200,2063.110107421875
2015-07-01,65.80000305175781,66.52999877929688,65.22000122070312,65.48999786376953,53.2802734375,4657600,2077.419921875
2015-07-02,65.4800033569336,65.69999694824219,64.88999938964844,64.98999786376953,52.87348556518555,2818100,2076.780029296875
2015-07-06,64.30000305175781,64.91000366210938,64.23999786376953,64.80999755859375,52.72705459594727,2782900,2068.760009765625
2015-07-07,64.79000091552734,65.7699966430664,64.44000244140625,65.73999786376953,53.483673095703125,2943300,2081.340087890625
2015-07-08,65.25,65.63999938964844,64.8499984741211,64.91999816894531,52.8165397644043,2631900,2046.6800537109375
2015-07-09,65.76000213623047,65.7699966430664,65.25,65.41000366210938,53.21519088745117,2358900,2051.31005859375
2015-07-10,66.05000305175781,66.3499984741211,65.76000213623047,66.19000244140625,53.84976577758789,2231400,2076.6201171875
2015-07-13,67.18000030517578,67.3499984741211,66.7699966430664,67.25,54.71215057373047,2421400,2099.60009765625
2015-07-14,66.94999694824219,67.72000122070312,66.94999694824219,67.58999633789062,54.98875045776367,2256700,2108.949951171875
2015-07-15,67.5999984741211,68.06999969482422,67.44000244140625,68.05999755859375,55.371124267578125,2423900,2107.39990234375
2015-07-16,68.33999633789062,68.48999786376953,67.63999938964844,67.9800033569336,55.30605316162109,1977800,2124.2900390625
2015-07-17,67.83999633789062,67.87000274658203,67.16999816894531,67.58999633789062,54.98875045776367,2628500,2126.639892578125
2015-07-20,67.47000122070312,67.94000244140625,67.11000061035156,67.70999908447266,55.08638000488281,2345500,2128.280029296875
2015-07-21,67.76000213623047,68.11000061035156,67.37000274658203,67.69999694824219,55.0782470703125,1963300,2119.2099609375
2015-07-22,67.69999694824219,68.45999908447266,67.5,68.37000274658203,55.62334442138672,2524300,2114.14990234375
2015-07-23,68.4000015258789,68.66000366210938,68.19999694824219,68.36000061035156,55.615211486816406,2112800,2102.14990234375
2015-07-24,68.25,68.63999938964844,68.18000030517578,68.31999969482422,55.5826416015625,1855800,2079.64990234375
2015-07-27,67.95999908447266,68.62999725341797,67.94000244140625,68.4000015258789,55.64775466918945,2622800,2067.639892578125
2015-07-28,68.79000091552734,68.80999755859375,68.27999877929688,68.58000183105469,55.79419708251953,1855500,2093.25
2015-07-29,68.5,69.05999755859375,68.47000122070312,69.04000091552734,56.16842651367188,2191600,2108.570068359375
2015-07-30,68.8499984741211,69.27999877929688,68.72000122070312,69.16000366210938,56.26606369018555,1371900,2108.6298828125
2015-07-31,69.30999755859375,69.4800033569336,68.86000061035156,68.94999694824219,56.09519958496094,1643700,2103.840087890625
2015-08-03,69.12000274658203,69.4000015258789,68.7300033569336,69.37999725341797,56.445045471191406,2101100,2098.0400390625
2015-08-04,64.05999755859375,64.66999816894531,61.0,62.34000015258789,50.71754837036133,13215000,2093.320068359375
2015-08-05,62.900001525878906,63.27999877929688,62.33000183105469,62.5,50.84772872924805,6668700,2099.840087890625
2015-08-06,62.86000061035156,63.06999969482422,61.59000015258789,61.970001220703125,50.416534423828125,3843300,2083.56005859375
2015-08-07,61.79999923706055,62.59000015258789,61.650001525878906,62.540000915527344,50.880252838134766,3561000,2077.570068359375
2015-08-10,63.130001068115234,63.59999847412109,62.84999847412109,63.09999847412109,51.33585357666016,3748300,2104.179931640625
2015-08-11,62.7599983215332,63.540000915527344,62.7599983215332,63.470001220703125,51.63688659667969,2719500,2084.070068359375
2015-08-12,62.93000030517578,63.77999877929688,62.7400016784668,63.61000061035156,51.750770568847656,2928600,2086.050048828125
2015-08-13,63.619998931884766,64.04000091552734,63.43999862670898,63.4900016784668,51.65314865112305,2261500,2083.389892578125
2015-08-14,63.31999969482422,63.869998931884766,63.209999084472656,63.86000061035156,51.95416641235352,2221600,2091.5400390625
2015-08-17,63.75,64.12000274658203,63.43000030517578,63.84999847412109,51.946044921875,2068100,2102.43994140625
2015-08-18,63.7400016784668,63.93000030517578,63.470001220703125,63.56999969482422,51.718238830566406,2503500,2096.919921875
2015-08-19,63.40999984741211,64.02999877929688,63.06999969482422,63.65999984741211,51.79145050048828,2990400,2079.610107421875
2015-08-20,63.13999938964844,63.13999938964844,62.65999984741211,62.70000076293945,51.01043319702149,2536500,2035.72998046875
2015-08-21,62.310001373291016,62.47999954223633,61.22999954223633,61.25,49.83076477050781,3651500,1970.8900146484375
2015-08-24,60.11000061035156,60.11000061035156,54.119998931884766,58.38999938964844,47.50396728515625,4385000,1893.2099609375
2015-08-25,59.91999816894531,59.91999816894531,56.9900016784668,56.9900016784668,46.364990234375,4644300,1867.6099853515625
2015-08-26,58.15999984741211,58.59000015258789,56.68000030517578,57.400001525878906,46.69854736328125,7043400,1940.510009765625
2015-08-27,57.63999938964844,59.02000045776367,57.5099983215332,58.7400016784668,48.039794921875,4787100,1987.6600341796875
2015-08-28,58.54999923706055,58.95000076293945,58.2599983215332,58.630001068115234,47.94983673095703,2990600,1988.8699951171875
2015-08-31,58.33000183105469,58.5,58.08000183105469,58.27999877929688,47.6635971069336,2828100,1972.1800537109375
2015-09-01,57.0099983215332,57.459999084472656,56.79999923706055,57.13999938964844,46.731258392333984,3470800,1913.8499755859375
2015-09-02,57.720001220703125,57.93999862670898,57.29999923706055,57.93000030517578,47.37734603881836,2777900,1948.8599853515625
2015-09-03,58.0099983215332,58.54999923706055,57.81999969482422,57.97999954223633,47.418251037597656,2176700,1951.1300048828125
2015-09-04,57.45000076293945,57.68999862670898,56.77000045776367,57.040000915527344,46.64947509765625,2341900,1921.219970703125
2015-09-08,57.84000015258789,58.2400016784668,57.66999816894531,58.20000076293945,47.598175048828125,2231600,1969.4100341796875
2015-09-09,58.65999984741211,58.84000015258789,57.2400016784668,57.34999847412109,46.90300750732422,2561900,1942.0400390625
2015-09-10,57.2400016784668,58.040000915527344,57.0099983215332,57.66999816894531,47.16471481323242,2597500,1952.2900390625
2015-09-11,57.40999984741211,58.209999084472656,57.310001373291016,58.13999938964844,47.549095153808594,2727000,1961.050048828125
2015-09-14,58.290000915527344,58.310001373291016,58.0,58.2400016784668,47.63087844848633,2100300,1953.030029296875
2015-09-15,58.38999938964844,59.2599983215332,58.22999954223633,58.97999954223633,48.23607635498047,3461700,1978.0899658203125
2015-09-16,59.040000915527344,59.34000015258789,58.810001373291016,59.20000076293945,48.41600799560547,3589900,1995.31005859375
2015-09-17,59.25,59.810001373291016,58.83000183105469,58.9900016784668,48.24427032470703,4738400,1990.199951171875
2015-09-18,58.040000915527344,58.52999877929688,57.43999862670898,57.56999969482422,47.08293533325195,5226700,1958.030029296875
2015-09-21,58.150001525878906,58.880001068115234,57.95000076293945,58.560001373291016,47.8925895690918,2513600,1966.969970703125
2015-09-22,58.15999984741211,58.209999084472656,57.68999862670898,58.09999847412109,47.516380310058594,2413500,1942.739990234375
2015-09-23,58.040000915527344,58.66999816894531,58.02999877929688,58.5099983215332,47.85169219970703,2412600,1938.760009765625
2015-09-24,58.119998931884766,58.810001373291016,57.77000045776367,58.59000015258789,47.91712951660156,2582500,1932.239990234375
2015-09-25,59.119998931884766,59.91999816894531,58.869998931884766,58.9900016784668,48.24427032470703,3897100,1931.3399658203125
2015-09-28,58.52999877929688,58.77000045776367,57.459999084472656,57.7400016784668,47.22196960449219,3577400,1881.77001953125
2015-09-29,57.72999954223633,58.43999862670898,57.470001220703125,58.36000061035156,47.72902297973633,3909600,1884.0899658203125
2015-09-30,58.869998931884766,58.970001220703125,57.790000915527344,58.2400016784668,47.63087844848633,3898000,1920.030029296875
2015-10-01,58.25,58.43999862670898,57.33000183105469,57.970001220703125,47.410064697265625,3856200,1923.8199462890625
2015-10-02,57.13999938964844,59.150001525878906,56.970001220703125,59.150001525878906,48.37511444091797,3170700,1951.3599853515625
2015-10-05,59.459999084472656,60.13999938964844,59.41999816894531,59.900001525878906,48.98849487304688,2173200,1987.050048828125
2015-10-06,59.7400016784668,60.27000045776367,59.59000015258789,59.880001068115234,48.97213745117188,2154800,1979.9200439453125
2015-10-07,60.20000076293945,60.70000076293945,59.81999969482422,60.040000915527344,49.10298156738281,2419300,1995.8299560546875
2015-10-08,59.880001068115234,61.22999954223633,59.7400016784668,61.119998931884766,49.98625564575195,2474000,2013.4300537109375
2015-10-09,61.16999816894531,61.33000183105469,60.310001373291016,60.43999862670898,49.43012237548828,2438200,2014.8900146484375
2015-10-12,60.540000915527344,61.13999938964844,60.43999862670898,60.90999984741211,49.81451416015625,1401800,2017.4599609375
2015-10-13,60.72999954223633,61.13999938964844,60.619998931884766,60.63999938964844,49.59368896484375,1649800,2003.68994140625
2015-10-14,60.5,60.59999847412109,59.77999877929688,59.86000061035156,48.95577239990234,2427000,1994.239990234375
2015-10-15,60.43000030517578,61.68999862670898,60.27000045776367,61.59000015258789,50.370635986328125,2906600,2023.8599853515625
2015-10-16,61.43999862670898,61.5099983215332,60.65999984741211,61.20000076293945,50.05168533325195,3285000,2033.1099853515625
2015-10-19,61.02999877929688,61.650001525878906,60.79999923706055,61.59000015258789,50.370635986328125,2427200,2033.6600341796875
2015-10-20,61.63999938964844,62.220001220703125,61.380001068115234,61.43999862670898,50.24797058105469,3255900,2030.77001953125
2015-10-21,61.63999938964844,61.970001220703125,60.58000183105469,60.650001525878906,49.60187149047852,4371300,2018.93994140625
2015-10-22,61.0,61.63999938964844,60.619998931884766,61.54999923706055,50.33793258666992,2836200,2052.510009765625
2015-10-23,61.91999816894531,62.0,61.4900016784668,61.68000030517578,50.44425201416016,3194400,2075.14990234375
2015-10-26,61.83000183105469,62.09000015258789,61.59000015258789,61.81999969482422,50.55874633789063,2260400,2071.179931640625
2015-10-27,61.38999938964844,61.59000015258789,60.209999084472656,60.290000915527344,49.30744934082031,4572700,2065.889892578125
2015-10-28,60.61000061035156,62.310001373291016,60.470001220703125,62.310001373291016,50.95948791503906,3851200,2090.35009765625
2015-10-29,62.15999984741211,62.93000030517578,62.06999969482422,62.790000915527344,51.35205078125,2700800,2089.409912109375
2015-10-30,62.84000015258789,62.93999862670898,61.84999847412109,61.880001068115234,50.60780715942383,3913500,2079.360107421875
2015-11-02,62.09999847412109,62.33000183105469,61.45000076293945,61.79999923706055,50.542388916015625,5335900,2104.050048828125
2015-11-03,62.91999816894531,63.36000061035156,61.63999938964844,63.15999984741211,51.6546516418457,6269100,2109.7900390625
2015-11-04,63.09999847412109,63.310001373291016,62.22999954223633,62.88999938964844,51.43383026123047,3658200,2102.31005859375
2015-11-05,62.959999084472656,63.720001220703125,62.900001525878906,63.54999923706055,51.97360229492188,3230800,2099.929931640625
2015-11-06,63.9900016784668,64.5,63.41999816894531,64.06999969482422,52.39887619018555,3067600,2099.199951171875
2015-11-09,64.02999877929688,64.05000305175781,63.209999084472656,63.52000045776367,51.949066162109375,2454000,2078.580078125
2015-11-10,63.4900016784668,63.63999938964844,63.119998931884766,63.31999969482422,51.78550338745117,1813000,2081.719970703125
2015-11-11,63.52000045776367,63.540000915527344,63.0099983215332,63.119998931884766,51.62194061279297,1451000,2075.0
2015-11-12,62.43000030517578,62.880001068115234,62.27999877929688,62.54999923706055,51.15576171875,3045900,2045.969970703125
2015-11-13,62.540000915527344,62.83000183105469,62.2400016784668,62.40999984741211,51.0412712097168,2312100,2023.0400390625
2015-11-16,62.22999954223633,63.119998931884766,62.08000183105469,63.119998931884766,51.62194061279297,2566900,2053.18994140625
2015-11-17,63.130001068115234,63.47999954223633,62.650001525878906,62.709999084472656,51.28661346435547,2153600,2050.43994140625
2015-11-18,62.75,63.619998931884766,62.75,63.5,51.93270492553711,2085900,2083.580078125
2015-11-19,63.4900016784668,63.619998931884766,63.209999084472656,63.369998931884766,51.82638931274414,1659600,2081.239990234375
2015-11-20,63.29999923706055,63.91999816894531,63.15999984741211,63.34000015258789,51.801849365234375,3077700,2089.169921875
2015-11-23,63.34999847412109,63.400001525878906,62.959999084472656,63.11000061035156,51.61375427246094,2201000,2086.590087890625
2015-11-24,62.790000915527344,63.15999984741211,62.54999923706055,62.93999862670898,51.474727630615234,1621900,2089.139892578125
2015-11-25,62.81999969482422,62.93999862670898,62.34999847412109,62.43000030517578,51.30216217041016,1745400,2088.8701171875
2015-11-27,62.540000915527344,62.90999984741211,62.43999862670898,62.84000015258789,51.63907241821289,821500,2090.110107421875
2015-11-30,62.970001220703125,63.150001525878906,62.54999923706055,62.7599983215332,51.57333755493164,3012500,2080.409912109375
2015-12-01,63.34000015258789,64.2300033569336,63.2599983215332,63.5,52.181427001953125,3411300,2102.6298828125
2015-12-02,63.54999923706055,63.66999816894531,62.810001373291016,62.88999938964844,51.68017578125,2680900,2079.510009765625
2015-12-03,62.95000076293945,63.27000045776367,62.4900016784668,62.77000045776367,51.581539154052734,3197900,2049.6201171875
2015-12-04,62.970001220703125,64.58000183105469,62.959999084472656,64.48999786376953,52.99496841430664,2647500,2091.68994140625
2015-12-07,64.3499984741211,64.69000244140625,64.19000244140625,64.38999938964844,52.91279220581055,2675500,2077.070068359375
2015-12-08,64.37000274658203,64.37999725341797,63.66999816894531,63.86000061035156,52.47726821899414,2433600,2063.590087890625
2015-12-09,63.5,64.08000183105469,62.72999954223633,62.900001525878906,51.68837356567383,2561200,2047.6199951171875
2015-12-10,62.90999984741211,63.08000183105469,62.29999923706055,62.47999954223633,51.34323120117188,2417100,2052.22998046875
2015-12-11,61.68999862670898,62.119998931884766,61.18000030517578,61.470001220703125,50.51326751708984,2120700,2012.3699951171875
2015-12-14,61.58000183105469,62.119998931884766,60.91999816894531,61.38999938964844,50.44752883911133,2356300,2021.93994140625
2015-12-15,61.790000915527344,63.0,61.720001220703125,62.70000076293945,51.52403259277344,3020400,2043.4100341796875
2015-12-16,63.27999877929688,63.5,62.52999877929688,63.380001068115234,52.08281326293945,2177700,2073.070068359375
2015-12-17,63.40999984741211,63.40999984741211,62.369998931884766,62.369998931884766,51.25284576416016,2161600,2041.8900146484375
2015-12-18,62.11000061035156,62.11000061035156,60.7599983215332,61.33000183105469,50.398223876953125,6688800,2005.550048828125
2015-12-21,61.560001373291016,61.900001525878906,60.93999862670898,61.29999923706055,50.37356948852539,3117400,2021.1500244140625
2015-12-22,61.709999084472656,62.66999816894531,61.25,62.5,51.35967254638672,2203300,2038.969970703125
2015-12-23,62.68000030517578,63.02000045776367,62.68000030517578,62.88999938964844,51.68017578125,1916300,2064.2900390625
2015-12-24,62.83000183105469,63.45000076293945,62.68000030517578,63.13999938964844,51.88559722900391,1298700,2060.989990234375
2015-12-28,63.0099983215332,63.060001373291016,62.33000183105469,62.63999938964844,51.4747314453125,1833300,2056.5
2015-12-29,63.09000015258789,63.4900016784668,62.86000061035156,63.18999862670898,51.92668914794922,1495600,2078.360107421875
2015-12-30,63.150001525878906,63.34000015258789,62.77000045776367,62.810001373291016,51.61441802978516,1523000,2063.360107421875
2015-12-31,62.619998931884766,62.77000045776367,62.06999969482422,62.09000015258789,51.02275466918945,1573600,2043.93994140625
2016-01-04,60.880001068115234,60.97999954223633,59.91999816894531,60.66999816894531,49.855865478515625,3339200,2012.6600341796875
2016-01-05,60.709999084472656,60.970001220703125,60.38999938964844,60.52999877929688,49.740814208984375,2808800,2016.7099609375
2016-01-06,59.790000915527344,60.20000076293945,59.59999847412109,59.84999847412109,49.18203353881836,2868400,1990.260009765625
2016-01-07,58.790000915527344,59.65999984741211,58.310001373291016,58.43999862670898,48.02334976196289,3982600,1943.0899658203125
2016-01-08,58.79999923706055,58.93999862670898,58.13999938964844,58.22999954223633,47.85079193115234,2883900,1922.030029296875
2016-01-11,58.38999938964844,58.630001068115234,57.59000015258789,58.02000045776367,47.678218841552734,3037300,1923.6700439453125
2016-01-12,58.43000030517578,58.7400016784668,57.810001373291016,58.650001525878906,48.19590759277344,2957900,1938.6800537109375
2016-01-13,58.81999969482422,59.34999847412109,57.81999969482422,57.90999984741211,47.58781433105469,4225600,1890.280029296875
2016-01-14,57.970001220703125,59.18000030517578,57.970001220703125,58.41999816894531,48.00691986083984,3193200,1921.8399658203125
2016-01-15,56.90999984741211,58.560001373291016,56.02999877929688,58.130001068115234,47.76861190795898,5060200,1880.3299560546875
2016-01-19,59.02000045776367,59.34999847412109,58.060001373291016,58.43999862670898,48.02334976196289,3082900,1881.3299560546875
2016-01-20,57.5,58.47999954223633,57.13999938964844,57.9900016784668,47.653564453125,4685500,1859.3299560546875
2016-01-21,58.209999084472656,58.65999984741211,57.81999969482422,58.150001525878906,47.7850456237793,3858000,1868.989990234375
2016-01-22,58.90999984741211,59.0,58.20000076293945,58.52999877929688,48.09730911254883,2699600,1906.9000244140625
2016-01-25,58.310001373291016,58.459999084472656,57.619998931884766,57.70000076293945,47.41525268554688,3852400,1877.0799560546875
2016-01-26,58.04999923706055,58.68000030517578,57.880001068115234,58.18000030517578,47.8096923828125,2184300,1903.6300048828125
2016-01-27,58.18000030517578,59.380001068115234,58.02999877929688,58.40999984741211,47.99868392944336,2891300,1882.949951171875
2016-01-28,58.83000183105469,59.5,58.41999816894531,59.220001220703125,48.6643180847168,3191000,1893.3599853515625
2016-01-29,59.68000030517578,60.61000061035156,59.43000030517578,60.59999847412109,49.79834747314453,3799200,1940.239990234375
2016-02-01,60.13999938964844,60.83000183105469,59.81999969482422,60.52999877929688,49.740814208984375,2667500,1939.3800048828125
2016-02-02,60.0099983215332,60.5,59.7599983215332,59.970001220703125,49.2806396484375,2540900,1903.030029296875
2016-02-03,60.290000915527344,60.290000915527344,58.290000915527344,59.63999938964844,49.00946044921875,4765200,1912.530029296875
2016-02-04,60.47999954223633,62.20000076293945,60.47999954223633,62.04999923706055,50.98988723754883,5520000,1915.449951171875
2016-02-05,62.09000015258789,63.52000045776367,62.09000015258789,63.369998931884766,52.07460021972656,4617500,1880.050048828125
2016-02-08,62.869998931884766,63.540000915527344,62.36000061035156,63.33000183105469,52.04174041748047,3008500,1853.43994140625
2016-02-09,62.810001373291016,63.2599983215332,62.45000076293945,63.0099983215332,51.77877426147461,3743700,1852.2099609375
2016-02-10,63.27000045776367,63.93999862670898,62.88999938964844,62.97999954223633,51.75411987304688,2987500,1851.8599853515625
2016-02-11,61.95000076293945,62.65999984741211,61.70000076293945,62.31999969482422,51.21175765991211,3020000,1829.0799560546875
2016-02-12,63.02000045776367,64.30999755859375,62.86000061035156,63.90999984741211,52.51835250854492,3615300,1864.780029296875
2016-02-16,64.47000122070312,64.72000122070312,63.84999847412109,64.56999969482422,53.06071472167969,3502500,1895.5799560546875
2016-02-17,64.69000244140625,65.29000091552734,64.69000244140625,65.0199966430664,53.43048858642578,3342700,1926.8199462890625
2016-02-18,64.91000366210938,65.0,64.06999969482422,64.30000305175781,52.83883666992188,4086400,1917.8299560546875
2016-02-19,63.88999938964844,64.44000244140625,63.79999923706055,64.0,52.59230422973633,4300100,1917.780029296875
2016-02-22,64.0,64.5999984741211,64.0,64.44000244140625,52.953895568847656,2513100,1945.5
2016-02-23,64.30999755859375,64.30999755859375,63.560001373291016,63.72999954223633,52.37043380737305,1973500,1921.27001953125
2016-02-24,63.34999847412109,64.12999725341797,62.77999877929688,63.95000076293945,52.55122375488281,2366700,1929.800048828125
2016-02-25,63.91999816894531,64.44000244140625,63.66999816894531,64.41000366210938,53.20377731323242,1936100,1951.699951171875
2016-02-26,64.52999877929688,64.70999908447266,64.20999908447266,64.31999969482422,53.129432678222656,2391400,1948.050048828125
2016-02-29,64.12000274658203,64.30999755859375,63.45000076293945,63.459999084472656,52.419063568115234,2285100,1932.22998046875
2016-03-01,63.84000015258789,64.80999755859375,63.59000015258789,64.80999755859375,53.53417205810547,2167700,1978.3499755859375
2016-03-02,64.7300033569336,65.41999816894531,64.63999938964844,65.41000366210938,54.02980041503906,2215600,1986.449951171875
2016-03-03,65.4000015258789,65.47000122070312,65.0,65.30999755859375,53.94719314575195,1985400,1993.4000244140625
2016-03-04,65.30000305175781,65.58999633789062,64.8499984741211,65.37999725341797,54.00501251220703,1629400,1999.989990234375
2016-03-07,64.80999755859375,65.31999969482422,64.75,65.02999877929688,53.71590042114258,1609200,2001.760009765625
2016-03-08,64.76000213623047,65.04000091552734,64.52999877929688,64.58000183105469,53.34420776367188,1797100,1979.260009765625
2016-03-09,64.79000091552734,64.91999816894531,64.33000183105469,64.52999877929688,53.30289840698242,1496600,1989.260009765625
2016-03-10,64.58999633789062,65.0199966430664,63.72999954223633,64.26000213623047,53.07987594604492,3071400,1989.5699462890625
2016-03-11,64.93000030517578,65.70999908447266,64.70999908447266,65.5199966430664,54.12063980102539,2235300,2022.18994140625
2016-03-14,65.19000244140625,65.41000366210938,64.52999877929688,64.94999694824219,53.64982604980469,1744700,2019.6400146484375
2016-03-15,64.51000213623047,66.05999755859375,64.37999725341797,65.91999816894531,54.45106506347656,2367500,2015.9300537109375
2016-03-16,65.72000122070312,66.52999877929688,65.47000122070312,66.27999877929688,54.7484245300293,2163000,2027.219970703125
2016-03-17,66.33000183105469,67.44999694824219,66.06999969482422,67.19999694824219,55.50836181640625,2338000,2040.5899658203125
2016-03-18,67.4000015258789,67.76000213623047,66.66000366210938,67.2300033569336,55.53313827514648,3777200,2049.580078125
2016-03-21,66.93000030517578,67.16000366210938,66.58999633789062,66.83999633789062,55.21099472045898,1258000,2051.60009765625
2016-03-22,66.9000015258789,67.23999786376953,66.66999816894531,66.91999816894531,55.27707290649414,1551500,2049.800048828125
2016-03-23,66.91000366210938,67.01000213623047,66.5199966430664,66.66000366210938,55.062313079833984,2080500,2036.7099609375
2016-03-24,66.47000122070312,66.48999786376953,65.94000244140625,66.19000244140625,54.67407989501953,1396500,2035.93994140625
2016-03-28,66.33999633789062,66.98999786376953,66.20999908447266,66.81999969482422,55.1944694519043,1730200,2037.050048828125
2016-03-29,66.81999969482422,67.25,66.52999877929688,67.16000366210938,55.4753303527832,2484200,2055.010009765625
2016-03-30,67.26000213623047,67.9000015258789,67.1500015258789,67.72000122070312,55.93789291381836,1802900,2063.949951171875
2016-03-31,67.75,67.91999816894531,67.25,67.37000274658203,55.648773193359375,1692600,2059.739990234375
2016-04-01,67.23999786376953,68.33000183105469,67.0199966430664,68.2300033569336,56.35916519165039,1479100,2072.780029296875
2016-04-04,68.1500015258789,68.23999786376953,67.5199966430664,67.63999938964844,55.8718147277832,1323300,2066.1298828125
2016-04-05,67.31999969482422,67.41000366210938,66.63999938964844,66.69999694824219,55.095340728759766,1712100,2045.1700439453125
2016-04-06,66.6500015258789,67.16999816894531,66.5,67.02999877929688,55.36793899536133,1624500,2066.659912109375
2016-04-07,66.48999786376953,66.80999755859375,66.02999877929688,66.27999877929688,54.7484245300293,1603500,2041.9100341796875
2016-04-08,66.81999969482422,67.44999694824219,66.68000030517578,66.83999633789062,55.21099472045898,1694800,2047.5999755859375
2016-04-11,66.83000183105469,67.4800033569336,66.77999877929688,66.79000091552734,55.1696891784668,1683400,2041.989990234375
2016-04-12,66.75,67.4000015258789,66.62000274658203,67.20999908447266,55.51662063598633,1571300,2061.719970703125
2016-04-13,67.54000091552734,67.88999938964844,66.81999969482422,67.52999877929688,55.780948638916016,1687600,2082.419921875
2016-04-14,67.1500015258789,67.47000122070312,66.58000183105469,66.66999816894531,55.07058334350586,2457500,2082.780029296875
2016-04-15,66.63999938964844,67.0999984741211,66.25,66.5999984741211,55.01274871826172,2779200,2080.72998046875
2016-04-18,66.48999786376953,67.33000183105469,66.30000305175781,67.30000305175781,55.5909538269043,1968900,2094.340087890625
2016-04-19,67.56999969482422,67.91000366210938,67.37000274658203,67.52999877929688,55.780948638916016,1471900,2100.800048828125
2016-04-20,67.69000244140625,67.69000244140625,66.62000274658203,66.91999816894531,55.27707290649414,1446200,2102.39990234375
2016-04-21,65.4000015258789,66.56999969482422,65.23999786376953,65.44999694824219,54.06283950805664,3295900,2091.47998046875
2016-04-22,65.44000244140625,66.06999969482422,65.36000061035156,65.73999786376953,54.3023796081543,1743300,2091.580078125
2016-04-25,65.73999786376953,65.73999786376953,64.9800033569336,65.61000061035156,54.19499206542969,1529000,2087.7900390625
2016-04-26,65.79000091552734,66.01000213623047,65.38999938964844,65.87000274658203,54.40975570678711,1775600,2091.699951171875
2016-04-27,65.86000061035156,65.94999694824219,65.27999877929688,65.51000213623047,54.11240005493164,1540000,2095.14990234375
2016-04-28,65.0199966430664,65.55000305175781,64.80000305175781,64.94999694824219,53.64982604980469,1482800,2075.81005859375
2016-04-29,64.83000183105469,65.2300033569336,64.36000061035156,65.05000305175781,53.73242568969727,2180400,2065.300048828125
2016-05-02,65.58000183105469,65.58000183105469,65.01000213623047,65.36000061035156,53.98849105834961,2004200,2081.429931640625
2016-05-03,64.80000305175781,65.58999633789062,64.66999816894531,65.41000366210938,54.02980041503906,1865900,2063.3701171875
2016-05-04,64.81999969482422,65.55000305175781,64.58999633789062,65.27999877929688,53.922401428222656,2936100,2051.1201171875
2016-05-05,68.08999633789062,69.23999786376953,67.05000305175781,67.87000274658203,56.061790466308594,4521600,2050.6298828125
2016-05-06,67.5,67.55000305175781,66.58000183105469,67.0999984741211,55.42576599121094,2213600,2057.139892578125
2016-05-09,67.0999984741211,67.6500015258789,66.87000274658203,67.20999908447266,55.51662063598633,1836100,2058.68994140625
2016-05-10,67.58000183105469,68.0,67.3499984741211,67.9800033569336,56.15264129638672,2248800,2084.389892578125
2016-05-11,67.68000030517578,67.97000122070312,67.31999969482422,67.3499984741211,55.63225936889648,2056700,2064.4599609375
2016-05-12,67.56999969482422,67.7699966430664,67.08000183105469,67.54000091552734,55.78921127319336,2517300,2064.110107421875
2016-05-13,67.6500015258789,67.77999877929688,67.27999877929688,67.37999725341797,55.65704345703125,1736100,2046.6099853515625
2016-05-16,67.19000244140625,67.79000091552734,67.12999725341797,67.55000305175781,55.7974739074707,2019800,2066.659912109375
2016-05-17,67.51000213623047,67.70999908447266,66.88999938964844,67.0999984741211,55.42576599121094,2015400,2047.2099609375
2016-05-18,66.83999633789062,67.58999633789062,66.76000213623047,67.36000061035156,55.64052963256836,2431700,2047.6300048828125
2016-05-19,66.9800033569336,67.25,66.58999633789062,66.83999633789062,55.21099472045898,2160700,2040.0400390625
2016-05-20,67.11000061035156,67.70999908447266,66.95999908447266,67.1500015258789,55.46706771850586,1889000,2052.320068359375
2016-05-23,67.08999633789062,67.20999908447266,66.68000030517578,66.87999725341797,55.24404525756836,1331300,2048.0400390625
2016-05-24,67.2699966430664,67.75,66.98999786376953,67.44000244140625,55.70662307739258,1840000,2076.06005859375
2016-05-25,67.68000030517578,67.83000183105469,67.20999908447266,67.27999877929688,55.57444763183594,1715500,2090.5400390625
2016-05-26,67.27999877929688,67.58000183105469,67.1500015258789,67.51000213623047,55.76442337036133,1229800,2090.10009765625
2016-05-27,67.55999755859375,67.87000274658203,67.45999908447266,67.68000030517578,55.90484619140625,839800,2099.06005859375
2016-05-31,67.75,67.95999908447266,67.16999816894531,67.51000213623047,55.76442337036133,3554400,2096.949951171875
2016-06-01,67.18000030517578,67.5,66.66999816894531,67.44000244140625,55.98026657104492,1498400,2099.330078125
2016-06-02,67.29000091552734,67.44000244140625,67.11000061035156,67.44000244140625,55.98026657104492,1153100,2105.260009765625
2016-06-03,67.0199966430664,67.70999908447266,66.63999938964844,67.43000030517578,55.97193908691406,1625700,2099.1298828125
2016-06-06,67.52999877929688,68.0199966430664,67.41999816894531,67.62000274658203,56.12968826293945,1959600,2109.409912109375
2016-06-07,67.72000122070312,67.87999725341797,67.31999969482422,67.43000030517578,55.97193908691406,1484100,2112.1298828125
2016-06-08,67.20999908447266,67.87999725341797,67.11000061035156,67.68000030517578,56.1794548034668,1645500,2119.1201171875
2016-06-09,67.48999786376953,67.95999908447266,67.37000274658203,67.79000091552734,56.27077102661133,1456700,2115.47998046875
2016-06-10,67.16999816894531,67.86000061035156,67.12999725341797,67.45999908447266,55.99686050415039,1636600,2096.070068359375
2016-06-13,67.44000244140625,67.87000274658203,66.86000061035156,66.87999725341797,55.515411376953125,1761400,2079.06005859375
2016-06-14,66.83000183105469,67.04000091552734,66.41999816894531,66.69000244140625,55.357704162597656,1464500,2075.320068359375
2016-06-15,66.75,66.94999694824219,65.80999755859375,65.87000274658203,54.67702865600586,1991000,2071.5
2016-06-16,65.48999786376953,66.56999969482422,65.44999694824219,66.47000122070312,55.175086975097656,1564800,2077.989990234375
2016-06-17,66.44000244140625,66.54000091552734,66.02999877929688,66.41999816894531,55.13356018066406,1858900,2071.219970703125
2016-06-20,67.05000305175781,67.29000091552734,66.55000305175781,66.56999969482422,55.25807571411133,1120200,2083.25
2016-06-21,66.83000183105469,67.0,66.56999969482422,66.80000305175781,55.44901657104492,1306200,2088.89990234375
2016-06-22,66.9000015258789,67.44000244140625,66.76000213623047,67.0199966430664,55.63161849975586,1153300,2085.449951171875
2016-06-23,67.61000061035156,67.86000061035156,67.41999816894531,67.86000061035156,56.32888412475586,2030600,2113.320068359375
2016-06-24,65.58000183105469,66.9800033569336,65.31999969482422,66.26000213623047,55.00074768066406,3908800,2037.4100341796875
2016-06-27,65.73999786376953,66.29000091552734,65.2699966430664,66.05999755859375,54.83474349975586,3104100,2000.5400390625
2016-06-28,66.6500015258789,67.73999786376953,66.33000183105469,67.7300033569336,56.22096252441406,3001500,2036.0899658203125
2016-06-29,67.98999786376953,68.52999877929688,67.52999877929688,68.47000122070312,56.83521270751953,3098300,2070.77001953125
2016-06-30,68.54000091552734,69.94999694824219,68.5199966430664,69.94999694824219,58.0637321472168,2638000,2098.860107421875
2016-07-01,69.94999694824219,69.94999694824219,69.4800033569336,69.55999755859375,57.7400016784668,1971600,2102.949951171875
2016-07-05,69.29000091552734,69.75,69.04000091552734,69.30999755859375,57.532493591308594,2234900,2088.550048828125
2016-07-06,69.12000274658203,69.68000030517578,69.05000305175781,69.45999908447266,57.657005310058594,2210300,2099.72998046875
2016-07-07,69.44999694824219,69.7699966430664,68.79000091552734,68.94000244140625,57.22536849975586,1928200,2097.89990234375
2016-07-08,69.68000030517578,69.69000244140625,69.05999755859375,69.66000366210938,57.82302474975586,1675600,2129.89990234375
2016-07-11,69.66000366210938,70.12000274658203,69.51000213623047,69.94000244140625,58.055458068847656,1698200,2137.159912109375
2016-07-12,70.25,70.37999725341797,69.58000183105469,69.5999984741211,57.77320861816406,2316900,2152.139892578125
2016-07-13,69.70999908447266,69.75,69.22000122070312,69.27999877929688,57.507568359375,2002600,2152.429931640625
2016-07-14,69.62000274658203,69.91999816894531,69.25,69.30999755859375,57.532493591308594,1454400,2163.75
2016-07-15,69.45999908447266,69.69999694824219,69.3499984741211,69.48999786376953,57.68191146850586,1490000,2161.739990234375
2016-07-18,69.58999633789062,69.75,69.27999877929688,69.3499984741211,57.56568908691406,1280400,2166.889892578125
2016-07-19,69.05999755859375,69.22000122070312,68.97000122070312,69.12000274658203,57.37476348876953,869400,2163.780029296875
2016-07-20,69.2699966430664,69.30000305175781,68.98999786376953,69.0999984741211,57.35816955566406,865400,2173.02001953125
2016-07-21,69.06999969482422,69.12000274658203,68.80000305175781,68.88999938964844,57.183868408203125,1041300,2165.169921875
2016-07-22,69.06999969482422,69.30999755859375,68.9800033569336,69.19999694824219,57.44118118286133,1185600,2175.030029296875
2016-07-25,69.16000366210938,69.30000305175781,69.0,69.22000122070312,57.457794189453125,1011700,2168.47998046875
2016-07-26,69.2699966430664,69.5,68.86000061035156,69.04000091552734,57.30836486816406,905700,2169.179931640625
2016-07-27,68.94000244140625,69.16999816894531,68.69999694824219,68.86000061035156,57.15895080566406,1321600,2166.580078125
2016-07-28,68.83999633789062,69.37000274658203,68.63999938964844,69.16999816894531,57.41627502441406,903600,2170.06005859375
2016-07-29,68.91000366210938,68.9800033569336,68.0999984741211,68.33000183105469,56.71902084350586,2614600,2173.60009765625
2016-08-01,68.44000244140625,68.56999969482422,68.02999877929688,68.38999938964844,56.76882553100586,1728900,2170.840087890625
2016-08-02,68.33000183105469,68.55000305175781,68.02999877929688,68.11000061035156,56.536407470703125,1344400,2157.030029296875
2016-08-03,68.27999877929688,68.70999908447266,68.18000030517578,68.62999725341797,56.96804428100586,2032700,2163.7900390625
2016-08-04,67.98999786376953,69.23999786376953,67.98999786376953,68.62000274658203,56.959747314453125,2149800,2164.25
2016-08-05,68.72000122070312,68.97000122070312,68.5,68.83999633789062,57.14234161376953,1620200,2182.8701171875
2016-08-08,68.83999633789062,69.18000030517578,68.70999908447266,69.16999816894531,57.41627502441406,2194500,2180.889892578125
2016-08-09,69.16999816894531,69.5,69.0,69.37000274658203,57.582298278808594,1053100,2181.739990234375
2016-08-10,69.37000274658203,69.47000122070312,69.16000366210938,69.41999816894531,57.62380599975586,941800,2175.489990234375
2016-08-11,69.41999816894531,69.51000213623047,69.04000091552734,69.11000061035156,57.36648941040039,1796700,2185.7900390625
2016-08-12,69.05999755859375,69.25,68.83999633789062,69.12999725341797,57.3830680847168,903100,2184.050048828125
2016-08-15,69.12999725341797,69.44999694824219,69.01000213623047,69.38999938964844,57.598876953125,1537700,2190.14990234375
2016-08-16,68.91000366210938,69.47000122070312,68.91000366210938,68.94999694824219,57.23366165161133,1436800,2178.14990234375
2016-08-17,68.94999694824219,69.16000366210938,68.66000366210938,69.12000274658203,57.37476348876953,2091700,2182.219970703125
2016-08-18,69.16000366210938,69.55000305175781,69.06999969482422,69.44000244140625,57.640411376953125,1657000,2187.02001953125
2016-08-19,69.12999725341797,69.41999816894531,69.02999877929688,69.16999816894531,57.41627502441406,1269400,2183.8701171875
2016-08-22,69.04000091552734,69.05000305175781,68.77999877929688,68.87000274658203,57.167259216308594,1171400,2182.639892578125
2016-08-23,68.91000366210938,69.13999938964844,68.36000061035156,68.36000061035156,56.743927001953125,1716200,2186.89990234375
2016-08-24,68.30999755859375,68.44999694824219,68.16000366210938,68.26000213623047,56.66090393066406,1004500,2175.43994140625
2016-08-25,68.22000122070312,68.68000030517578,68.12000274658203,68.54000091552734,56.89332962036133,1145100,2172.469970703125
2016-08-26,68.7300033569336,68.87999725341797,68.06999969482422,68.31999969482422,56.71070861816406,1427700,2169.0400390625
2016-08-29,68.2699966430664,68.91999816894531,68.13999938964844,68.73999786376953,57.33628082275391,1647000,2180.3798828125
2016-08-30,68.73999786376953,69.2300033569336,68.73999786376953,69.16999816894531,57.694950103759766,1439200,2176.1201171875
2016-08-31,69.19000244140625,69.23999786376953,68.48999786376953,68.95999908447266,57.519779205322266,2133000,2170.949951171875
2016-09-01,68.97000122070312,69.08000183105469,68.31999969482422,68.66000366210938,57.269561767578125,1699000,2170.860107421875
2016-09-02,68.8499984741211,69.25,68.5199966430664,68.94999694824219,57.511451721191406,1507300,2179.97998046875
2016-09-06,68.69999694824219,69.30999755859375,68.5999984741211,69.30999755859375,57.81173324584961,1809000,2186.47998046875
2016-09-07,69.05000305175781,69.4800033569336,68.94000244140625,69.44000244140625,57.92017364501953,1627500,2186.159912109375
2016-09-08,69.29000091552734,69.37999725341797,69.05999755859375,69.22000122070312,57.73666763305664,1382500,2181.300048828125
2016-09-09,68.80999755859375,68.9000015258789,67.95999908447266,67.95999908447266,56.68569564819336,1816200,2127.81005859375
2016-09-12,67.95999908447266,68.69999694824219,67.68000030517578,68.4800033569336,57.119441986083984,1956600,2159.0400390625
2016-09-13,67.93000030517578,68.27999877929688,67.72000122070312,67.91999816894531,56.65232849121094,1924600,2127.02001953125
2016-09-14,67.9000015258789,68.05000305175781,67.29000091552734,67.38999938964844,56.21023178100586,1717800,2125.77001953125
2016-09-15,67.36000061035156,68.05000305175781,67.2699966430664,67.81999969482422,56.56890487670898,1753200,2147.260009765625
2016-09-16,67.55999755859375,67.7699966430664,67.23999786376953,67.41000366210938,56.22693634033203,2314200,2139.159912109375
2016-09-19,67.58000183105469,67.9000015258789,67.31999969482422,67.45999908447266,56.268646240234375,1139500,2139.1201171875
2016-09-20,67.83999633789062,68.16999816894531,67.7300033569336,67.87000274658203,56.610618591308594,1423400,2139.760009765625
2016-09-21,67.97000122070312,68.70999908447266,67.97000122070312,68.66000366210938,57.269561767578125,1393400,2163.1201171875
2016-09-22,68.83999633789062,69.05999755859375,68.7300033569336,68.94000244140625,57.50312042236328,1407000,2177.179931640625
2016-09-23,68.55999755859375,68.93000030517578,68.33999633789062,68.48999786376953,57.12775421142578,1297200,2164.68994140625
2016-09-26,68.25,68.62000274658203,68.12000274658203,68.38999938964844,57.04435729980469,1861000,2146.10009765625
2016-09-27,68.33000183105469,69.08999633789062,68.2699966430664,68.9800033569336,57.5364875793457,1747900,2159.929931640625
2016-09-28,69.0,69.13999938964844,68.61000061035156,69.0999984741211,57.636566162109375,1506400,2171.3701171875
2016-09-29,68.77999877929688,69.29000091552734,68.43000030517578,68.63999938964844,57.25287628173828,2317900,2151.1298828125
2016-09-30,68.83000183105469,69.37999725341797,68.81999969482422,69.18000030517578,57.70329666137695,2867200,2168.27001953125
2016-10-03,68.9000015258789,69.05999755859375,68.29000091552734,68.4000015258789,57.052696228027344,2295200,2161.199951171875
2016-10-04,68.16999816894531,68.2699966430664,67.12000274658203,67.83999633789062,56.58559799194336,3655300,2150.489990234375
2016-10-05,68.12000274658203,68.43000030517578,67.69999694824219,67.80999755859375,56.56056594848633,1751600,2159.72998046875
2016-10-06,67.86000061035156,67.93000030517578,67.18000030517578,67.7699966430664,56.52720642089844,2587400,2160.77001953125
2016-10-07,67.97000122070312,69.05000305175781,67.91000366210938,68.43000030517578,57.07772445678711,2319500,2153.739990234375
2016-10-10,68.79000091552734,68.95999908447266,68.44000244140625,68.48999786376953,57.12775421142578,1172200,2163.659912109375
2016-10-11,68.30999755859375,68.47000122070312,67.88999938964844,68.19999694824219,56.8858642578125,1723900,2136.72998046875
2016-10-12,68.27999877929688,69.12999725341797,68.16000366210938,69.04000091552734,57.586517333984375,1712100,2139.179931640625
2016-10-13,68.41000366210938,69.2300033569336,68.27999877929688,69.08999633789062,57.628204345703125,1899500,2132.550048828125
2016-10-14,69.47000122070312,69.81999969482422,69.33000183105469,69.33000183105469,57.828426361083984,2324300,2132.97998046875
2016-10-17,69.33999633789062,69.58999633789062,69.20999908447266,69.33999633789062,57.83675384521485,1188200,2126.5
2016-10-18,69.86000061035156,69.94000244140625,69.19000244140625,69.29000091552734,57.795047760009766,1301200,2139.60009765625
2016-10-19,69.37999725341797,69.4800033569336,68.80000305175781,69.43000030517578,57.91181564331055,1528600,2144.2900390625
2016-10-20,68.95999908447266,69.12000274658203,68.19999694824219,68.2300033569336,56.91089630126953,2370400,2141.340087890625
2016-10-21,67.81999969482422,67.9800033569336,67.2300033569336,67.55000305175781,56.34370422363281,2279000,2141.159912109375
2016-10-24,67.91000366210938,68.12999725341797,67.62999725341797,67.72000122070312,56.48550033569336,967100,2151.330078125
2016-10-25,67.72000122070312,67.87999725341797,67.4000015258789,67.61000061035156,56.39373779296875,1114100,2143.159912109375
2016-10-26,67.48999786376953,68.13999938964844,67.36000061035156,67.94000244140625,56.66900253295898,1437500,2139.429931640625
2016-10-27,68.12000274658203,68.13999938964844,67.58000183105469,67.58999633789062,56.377071380615234,1366600,2133.0400390625
2016-10-28,67.76000213623047,68.2699966430664,67.08000183105469,67.52999877929688,56.32703399658203,2435200,2126.409912109375
2016-10-31,67.76000213623047,68.11000061035156,67.52999877929688,67.9000015258789,56.6356315612793,2271100,2126.14990234375
2016-11-01,67.8499984741211,67.86000061035156,66.81999969482422,67.20999908447266,56.06010818481445,2763700,2111.719970703125
2016-11-02,66.91999816894531,67.58999633789062,66.91000366210938,67.33999633789062,56.16854095458984,2867900,2097.93994140625
2016-11-03,67.97000122070312,68.98999786376953,67.41000366210938,68.08999633789062,56.79410552978516,4516200,2088.659912109375
2016-11-04,68.0,68.01000213623047,66.6500015258789,66.72000122070312,55.651405334472656,2981100,2085.179931640625
2016-11-07,67.41000366210938,67.52999877929688,66.55000305175781,66.86000061035156,55.768184661865234,3430600,2131.52001953125
2016-11-08,66.66000366210938,67.73999786376953,66.66000366210938,67.58000183105469,56.368751525878906,2373900,2139.56005859375
2016-11-09,67.6500015258789,68.51000213623047,67.29000091552734,68.16999816894531,56.86084747314453,3230800,2163.260009765625
2016-11-10,68.91999816894531,69.45999908447266,68.12999725341797,69.44999694824219,57.928497314453125,3288200,2167.47998046875
2016-11-11,69.31999969482422,69.75,68.91999816894531,69.63999938964844,58.08698272705078,2270000,2164.449951171875
2016-11-14,69.76000213623047,70.87000274658203,69.5999984741211,70.69000244140625,58.96279144287109,2673100,2164.199951171875
2016-11-15,70.45999908447266,71.41000366210938,70.31999969482422,71.30000305175781,59.47159194946289,3334400,2180.389892578125
2016-11-16,71.0,71.08000183105469,70.0999984741211,70.72000122070312,58.987831115722656,2453700,2176.93994140625
2016-11-17,70.62000274658203,71.79000091552734,70.47000122070312,71.77999877929688,59.87196350097656,2792300,2187.1201171875
2016-11-18,71.80000305175781,72.19999694824219,71.41000366210938,72.0199966430664,60.07213973999024,2998300,2181.89990234375
2016-11-21,72.05999755859375,72.38999938964844,71.7300033569336,72.18000030517578,60.205596923828125,2651400,2198.179931640625
2016-11-22,72.19000244140625,72.68000030517578,71.91999816894531,72.37000274658203,60.36408615112305,3863800,2202.93994140625
2016-11-23,72.45999908447266,72.72000122070312,72.13999938964844,72.4000015258789,60.38911437988281,1852800,2204.719970703125
2016-11-25,72.37999725341797,72.58000183105469,72.12999725341797,72.37999725341797,60.3724365234375,1970600,2213.35009765625
2016-11-28,71.9800033569336,72.22000122070312,71.87999725341797,72.04000091552734,60.364044189453125,2040800,2201.719970703125
2016-11-29,71.29000091552734,71.63999938964844,69.04000091552734,69.62999725341797,58.34464645385742,6665400,2204.659912109375
2016-11-30,70.08000183105469,70.58000183105469,69.4800033569336,69.91999816894531,58.58763885498047,5911900,2198.81005859375
2016-12-01,69.94999694824219,70.37999725341797,69.76000213623047,70.3499984741211,58.94795608520508,2329000,2191.080078125
2016-12-02,70.43000030517578,70.77999877929688,70.26000213623047,70.61000061035156,59.16582489013672,1903300,2191.949951171875
2016-12-05,70.83999633789062,70.94999694824219,70.22000122070312,70.36000061035156,58.95634078979492,2771600,2204.7099609375
2016-12-06,70.58000183105469,70.97000122070312,70.44999694824219,70.94999694824219,59.4507064819336,2285600,2212.22998046875
2016-12-07,71.12999725341797,71.75,70.7300033569336,71.6500015258789,60.03725814819336,1827400,2241.35009765625
2016-12-08,71.7699966430664,71.9800033569336,71.16999816894531,71.66999816894531,60.05402374267578,1986100,2246.18994140625
2016-12-09,71.7699966430664,72.5,71.51000213623047,72.47000122070312,60.72434616088867,2168600,2259.530029296875
2016-12-12,72.44000244140625,72.94999694824219,72.30000305175781,72.81999969482422,61.01762771606445,1982100,2256.9599609375
2016-12-13,72.6500015258789,73.12999725341797,72.54000091552734,72.93000030517578,61.10980987548828,2613300,2271.719970703125
2016-12-14,72.91999816894531,73.33000183105469,72.41999816894531,72.61000061035156,60.84165954589844,2195000,2253.280029296875
2016-12-15,72.66000366210938,73.75,72.43000030517578,73.54000091552734,61.62094497680664,2080200,2262.030029296875
2016-12-16,73.77999877929688,74.16000366210938,73.54000091552734,74.11000061035156,62.09854888916016,3313400,2258.070068359375
2016-12-19,74.23999786376953,74.56999969482422,74.16999816894531,74.37000274658203,62.31639862060547,1876900,2262.530029296875
2016-12-20,74.58999633789062,74.72000122070312,74.30999755859375,74.4800033569336,62.40857696533203,1669200,2270.760009765625
2016-12-21,74.4800033569336,74.66000366210938,74.30999755859375,74.44000244140625,62.37507247924805,1062500,2265.179931640625
2016-12-22,74.41999816894531,74.6500015258789,74.06999969482422,74.4800033569336,62.40857696533203,1716000,2260.9599609375
2016-12-23,74.4800033569336,74.7699966430664,74.31999969482422,74.58000183105469,62.492374420166016,1087600,2263.7900390625
2016-12-27,74.58000183105469,74.6500015258789,74.30999755859375,74.51000213623047,62.43372344970703,1217600,2268.8798828125
2016-12-28,74.66000366210938,74.69999694824219,74.20999908447266,74.3499984741211,62.29964828491211,1624700,2249.919921875
2016-12-29,74.37999725341797,74.56999969482422,74.19999694824219,74.27999877929688,62.24098205566406,1190100,2249.260009765625
2016-12-30,74.54000091552734,74.55999755859375,73.93000030517578,74.12000274658203,62.10693359375,1709600,2238.830078125
2017-01-03,74.0,74.55999755859375,73.54000091552734,74.16999816894531,62.14883041381836,2019800,2257.830078125
2017-01-04,74.37999725341797,74.94999694824219,74.20999908447266,74.37000274658203,62.31639862060547,1948400,2270.75
2017-01-05,74.18000030517578,74.44000244140625,73.80000305175781,74.02999877929688,62.03151321411133,1741800,2269.0
2017-01-06,73.68000030517578,74.45999908447266,73.4800033569336,74.1500015258789,62.13206481933594,1614700,2276.97998046875
2017-01-09,73.94999694824219,74.05000305175781,73.04000091552734,73.08999633789062,61.2438850402832,1801900,2268.89990234375
2017-01-10,73.27999877929688,74.30000305175781,73.26000213623047,73.75,61.7968864440918,2350000,2268.89990234375
2017-01-11,73.94000244140625,74.26000213623047,73.58999633789062,73.94000244140625,61.956092834472656,1738500,2275.320068359375
2017-01-12,73.55999755859375,73.79000091552734,73.12999725341797,73.68000030517578,61.73823547363281,1110500,2270.43994140625
2017-01-13,73.91000366210938,74.3499984741211,73.80000305175781,73.88999938964844,61.91422653198242,1220200,2274.639892578125
2017-01-17,73.61000061035156,73.88999938964844,73.38999938964844,73.8499984741211,61.88069152832031,1180000,2267.889892578125
2017-01-18,74.0,74.83000183105469,73.91999816894531,74.5199966430664,62.44210052490234,1795800,2271.889892578125
2017-01-19,74.66000366210938,74.77999877929688,73.9000015258789,74.22000122070312,62.190711975097656,1282100,2263.68994140625
2017-01-20,74.37000274658203,74.95999908447266,74.37000274658203,74.54000091552734,62.45885467529297,1528400,2271.31005859375
2017-01-23,74.58999633789062,74.6500015258789,73.95999908447266,74.1500015258789,62.13206481933594,1232700,2265.199951171875
2017-01-24,74.23999786376953,74.66000366210938,73.97000122070312,74.47000122070312,62.400203704833984,1075500,2280.070068359375
2017-01-25,74.7699966430664,75.52999877929688,74.73999786376953,75.38999938964844,63.17109298706055,1769100,2298.3701171875
2017-01-26,75.41999816894531,75.8499984741211,75.20999908447266,75.80999755859375,63.52303314208984,1574900,2296.679931640625
2017-01-27,75.29000091552734,75.80999755859375,75.22000122070312,75.58999633789062,63.338680267333984,1275500,2294.68994140625
2017-01-30,75.48999786376953,75.66999816894531,75.12999725341797,75.61000061035156,63.35544204711914,1748100,2280.89990234375
2017-01-31,75.2699966430664,75.58000183105469,74.73999786376953,75.20999908447266,63.020267486572266,2041900,2278.8701171875
2017-02-01,75.56999969482422,75.97000122070312,75.0,75.23999786376953,63.04541015625,2411700,2279.550048828125
2017-02-02,76.73999786376953,78.12000274658203,76.37999725341797,77.4000015258789,64.85530853271484,3883200,2280.85009765625
2017-02-03,77.91999816894531,78.0,77.29000091552734,77.4800033569336,64.92235565185547,2109700,2297.419921875
2017-02-06,77.43000030517578,78.22000122070312,76.97000122070312,78.08000183105469,65.42510986328125,2348300,2292.56005859375
2017-02-07,78.5,78.68000030517578,78.06999969482422,78.12000274658203,65.45862579345703,1764900,2293.080078125
2017-02-08,78.0999984741211,78.19000244140625,77.80000305175781,77.98999786376953,65.34967803955078,1496600,2294.669921875
2017-02-09,77.98999786376953,78.38999938964844,77.7300033569336,78.3499984741211,65.65133666992188,1912700,2307.8701171875
2017-02-10,78.55000305175781,79.30999755859375,78.12999725341797,78.87999725341797,66.09544372558594,1636700,2316.10009765625
2017-02-13,78.94999694824219,79.63999938964844,78.80999755859375,79.61000061035156,66.70714569091797,1427500,2328.25
2017-02-14,79.72000122070312,79.81999969482422,79.0999984741211,79.80000305175781,66.8663330078125,1798000,2337.580078125
2017-02-15,80.0,80.72000122070312,79.58999633789062,80.70999908447266,67.62882995605469,1820200,2349.25
2017-02-16,80.62000274658203,80.81999969482422,80.4000015258789,80.80000305175781,67.70426940917969,1779000,2347.219970703125
2017-02-17,80.47000122070312,80.4800033569336,80.08000183105469,80.44000244140625,67.4026107788086,1920300,2351.159912109375
2017-02-21,80.55999755859375,80.80000305175781,80.30999755859375,80.62000274658203,67.55345153808594,2436700,2365.3798828125
2017-02-22,80.12999725341797,80.77999877929688,80.05999755859375,80.58000183105469,67.5199203491211,2438500,2362.820068359375
2017-02-23,80.4000015258789,80.9000015258789,80.30999755859375,80.55000305175781,67.4947738647461,3190200,2363.81005859375
2017-02-24,80.18000030517578,80.91000366210938,79.88999938964844,80.91000366210938,68.10929107666016,1973300,2367.340087890625
2017-02-27,80.94000244140625,81.51000213623047,80.83999633789062,81.33999633789062,68.47126770019531,2103000,2369.75
2017-02-28,81.29000091552734,82.29000091552734,81.0,82.16000366210938,69.1615219116211,2550500,2363.639892578125
2017-03-01,82.5199966430664,82.83000183105469,82.0999984741211,82.69000244140625,69.6076889038086,2721300,2395.9599609375
2017-03-02,82.88999938964844,83.05000305175781,81.73999786376953,81.75,68.81639099121094,2628200,2381.919921875
2017-03-03,81.83000183105469,82.0,81.4000015258789,81.86000061035156,68.90901184082031,2331400,2383.1201171875
2017-03-06,81.48999786376953,81.75,81.13999938964844,81.33999633789062,68.47126770019531,1657000,2375.31005859375
2017-03-07,81.31999969482422,81.69999694824219,81.13999938964844,81.45999908447266,68.57228088378906,1621800,2368.389892578125
2017-03-08,81.87000274658203,81.97000122070312,80.94000244140625,81.12999725341797,68.29447174072266,1661400,2362.97998046875
2017-03-09,81.31999969482422,81.62999725341797,81.06999969482422,81.56999969482422,68.66487884521484,1708500,2364.8701171875
2017-03-10,81.81999969482422,82.11000061035156,81.56999969482422,82.05000305175781,69.06891632080078,1560600,2372.60009765625
2017-03-13,81.87000274658203,82.12999725341797,81.72000122070312,82.0999984741211,69.11102294921875,1256700,2373.469970703125
2017-03-14,82.05000305175781,82.30999755859375,81.83000183105469,82.18000030517578,69.17835998535156,1437100,2365.449951171875
2017-03-15,82.04000091552734,82.75,82.04000091552734,82.62000274658203,69.5487289428711,1418800,2385.260009765625
2017-03-16,82.55999755859375,83.0,82.45999908447266,82.88999938964844,69.77604675292969,1783600,2381.3798828125
2017-03-17,82.9000015258789,83.08999633789062,82.5999984741211,82.8499984741211,69.74234771728516,2316300,2378.25
2017-03-20,82.8499984741211,83.05999755859375,82.30000305175781,82.37000274658203,69.33827209472656,1325000,2373.469970703125
2017-03-21,82.45999908447266,82.69999694824219,81.58999633789062,81.69000244140625,68.76587677001953,2179300,2344.02001953125
2017-03-22,81.58999633789062,81.81999969482422,81.33000183105469,81.37999725341797,68.50491333007812,1669800,2348.449951171875
2017-03-23,81.5,81.91999816894531,81.16000366210938,81.26000213623047,68.40391540527344,1480700,2345.9599609375
2017-03-24,81.2699966430664,81.51000213623047,80.62999725341797,80.98999786376953,68.1766357421875,1368900,2343.97998046875
2017-03-27,80.37000274658203,81.31999969482422,80.06999969482422,81.08999633789062,68.26080322265625,1428200,2341.590087890625
2017-03-28,80.80999755859375,82.0999984741211,80.7300033569336,81.88999938964844,68.93424987792969,1219000,2358.570068359375
2017-03-29,81.94000244140625,82.08000183105469,81.29000091552734,81.38999938964844,68.51333618164062,1019300,2361.1298828125
2017-03-30,81.30000305175781,81.83000183105469,81.16000366210938,81.63999938964844,68.72379302978516,1159100,2368.06005859375
2017-03-31,81.44999694824219,81.79000091552734,81.19999694824219,81.48999786376953,68.5975341796875,1547600,2362.719970703125
2017-04-03,81.54000091552734,81.75,81.08000183105469,81.31999969482422,68.45442199707031,1790100,2358.840087890625
2017-04-04,81.47000122070312,81.80000305175781,81.4000015258789,81.62999725341797,68.71536254882812,1672300,2360.159912109375
2017-04-05,81.80999755859375,82.16999816894531,81.29000091552734,81.41999816894531,68.53861236572266,1575200,2352.949951171875
2017-04-06,81.44999694824219,81.5999984741211,81.05000305175781,81.44000244140625,68.55543518066406,1614200,2357.489990234375
2017-04-07,81.36000061035156,81.48999786376953,80.94999694824219,81.11000061035156,68.27764892578125,1228400,2355.5400390625
2017-04-10,81.01000213623047,81.66999816894531,81.0,81.36000061035156,68.48812103271484,1261700,2357.159912109375
2017-04-11,81.13999938964844,81.29000091552734,80.68000030517578,81.16999816894531,68.32816314697266,1561100,2353.780029296875
2017-04-12,80.58000183105469,81.12000274658203,80.0999984741211,80.97000122070312,68.15979766845703,2063800,2344.929931640625
2017-04-13,80.9000015258789,81.26000213623047,80.58000183105469,80.58000183105469,67.83149719238281,1241300,2328.949951171875
2017-04-17,80.80000305175781,81.62999725341797,80.61000061035156,81.5,68.60594940185547,1646600,2349.010009765625
2017-04-18,80.79000091552734,81.11000061035156,80.12000274658203,80.30999755859375,67.60421752929688,2486200,2342.18994140625
2017-04-19,80.29000091552734,80.58999633789062,79.58999633789062,79.75,67.1328125,2282500,2338.169921875
2017-04-20,79.5999984741211,80.41000366210938,79.08999633789062,80.1500015258789,67.46951293945312,2155800,2355.840087890625
2017-04-21,80.08999633789062,80.19000244140625,79.54000091552734,79.7300033569336,67.11598205566406,1778800,2348.68994140625
2017-04-24,80.86000061035156,80.9800033569336,80.37000274658203,80.9000015258789,68.10086059570312,1917900,2374.14990234375
2017-04-25,80.75,81.37999725341797,80.75,81.22000122070312,68.3702392578125,1697200,2388.610107421875
2017-04-26,81.1500015258789,82.51000213623047,80.94999694824219,81.80000305175781,68.85848236083984,2880700,2387.449951171875
2017-04-27,81.83000183105469,82.2300033569336,81.58000183105469,81.9800033569336,69.010009765625,1163300,2388.77001953125
2017-04-28,81.83999633789062,81.94000244140625,81.26000213623047,81.29000091552734,68.42916107177734,1058600,2384.199951171875
2017-05-01,81.48999786376953,81.8499984741211,81.19000244140625,81.5,68.60594940185547,1341900,2388.330078125
2017-05-02,81.44999694824219,81.87999725341797,81.44000244140625,81.83000183105469,68.88374328613281,1951100,2391.169921875
2017-05-03,83.47000122070312,85.0,83.47000122070312,84.93000030517578,71.4932861328125,4022900,2388.1298828125
2017-05-04,85.11000061035156,86.02999877929688,85.11000061035156,85.56999969482422,72.03201293945312,2987700,2389.52001953125
2017-05-05,85.7300033569336,85.87000274658203,85.23999786376953,85.44999694824219,71.93101501464844,1647500,2399.2900390625
2017-05-08,85.45999908447266,85.48999786376953,84.62999725341797,84.7699966430664,71.35859680175781,1959000,2399.3798828125
2017-05-09,84.9000015258789,84.9800033569336,84.08999633789062,84.16999816894531,70.85353088378906,1798300,2396.919921875
2017-05-10,84.20999908447266,84.62999725341797,84.06999969482422,84.29000091552734,70.95453643798828,1710900,2399.6298828125
2017-05-11,83.97000122070312,84.23999786376953,83.19000244140625,83.91000366210938,70.63465881347656,2954700,2394.43994140625
2017-05-12,83.80999755859375,84.5999984741211,83.52999877929688,84.12999725341797,70.81986236572266,1851300,2390.89990234375
2017-05-15,84.05999755859375,84.6500015258789,84.05999755859375,84.52999877929688,71.15656280517578,1234000,2402.320068359375
2017-05-16,84.48999786376953,84.77999877929688,84.19999694824219,84.33000183105469,70.98819732666016,1559700,2400.669921875
2017-05-17,84.33000183105469,84.70999908447266,83.11000061035156,84.36000061035156,71.01346588134766,2254900,2357.030029296875
2017-05-18,84.33000183105469,85.30000305175781,83.5999984741211,84.72000122070312,71.3165283203125,2173900,2365.719970703125
2017-05-19,84.77999877929688,84.80000305175781,84.05999755859375,84.12999725341797,70.81986236572266,2685800,2381.72998046875
2017-05-22,84.58000183105469,84.87999725341797,84.25,84.79000091552734,71.37543487548828,2085400,2394.02001953125
2017-05-23,84.69000244140625,85.5,84.55000305175781,85.4000015258789,71.88893127441406,1289100,2398.419921875
2017-05-24,85.55000305175781,85.88999938964844,85.4000015258789,85.80999755859375,72.23406219482422,951500,2404.389892578125
2017-05-25,85.94999694824219,86.38999938964844,85.81999969482422,86.27999877929688,72.62970733642578,1689600,2415.070068359375
2017-05-26,86.04000091552734,86.62999725341797,85.95999908447266,86.5,72.81491088867188,1083500,2415.820068359375
2017-05-30,86.12000274658203,86.41999816894531,85.98999786376953,86.0,72.39400482177734,1134300,2412.909912109375
2017-05-31,86.1500015258789,86.4000015258789,85.93000030517578,86.33999633789062,72.68020629882812,2616500,2411.800048828125
2017-06-01,86.0199966430664,86.94000244140625,85.88999938964844,86.94000244140625,73.50027465820312,1717900,2430.06005859375
2017-06-02,86.79000091552734,86.79000091552734,86.41999816894531,86.66999816894531,73.27197265625,1156200,2439.070068359375
2017-06-05,86.66999816894531,86.94000244140625,86.4800033569336,86.61000061035156,73.22127532958984,973900,2436.10009765625
2017-06-06,86.30000305175781,86.5199966430664,85.77999877929688,85.81999969482422,72.55340576171875,1244000,2429.330078125
2017-06-07,86.08999633789062,86.12999725341797,85.56999969482422,85.87000274658203,72.59566497802734,1422500,2433.139892578125
2017-06-08,85.87000274658203,86.69000244140625,85.83999633789062,86.55999755859375,73.17902374267578,1670000,2433.7900390625
2017-06-09,86.66999816894531,87.43000030517578,86.55000305175781,87.37000274658203,73.86382293701172,1139000,2431.77001953125
2017-06-12,87.37000274658203,88.0999984741211,87.33000183105469,87.91999816894531,74.32879638671875,2473500,2429.389892578125
2017-06-13,87.94000244140625,88.19000244140625,87.79000091552734,87.97000122070312,74.37104034423828,2566600,2440.35009765625
2017-06-14,87.93000030517578,88.88999938964844,87.83000183105469,88.81999969482422,75.0896224975586,1502900,2437.919921875
2017-06-15,88.69999694824219,89.88999938964844,88.5,89.79000091552734,75.9096908569336,2164100,2432.4599609375
2017-06-16,90.37000274658205,90.73999786376952,89.55000305175781,89.81999969482422,75.93505096435547,2684000,2433.14990234375
2017-06-19,90.02999877929688,90.19000244140624,89.08000183105469,89.41000366210938,75.58844757080078,3264300,2453.4599609375
2017-06-20,89.41000366210938,89.66000366210938,89.18000030517578,89.26000213623047,75.46163177490234,1153600,2437.030029296875
2017-06-21,89.41000366210938,89.52999877929688,89.02999877929688,89.23999786376953,75.44473266601562,1646400,2435.610107421875
2017-06-22,89.01000213623047,89.2300033569336,88.20999908447266,88.30999755859375,74.65850830078125,1750700,2434.5
2017-06-23,88.72000122070312,88.83000183105469,87.98999786376953,88.08000183105469,74.46404266357422,3969900,2438.300048828125
2017-06-26,88.31999969482422,88.77999877929688,88.16999816894531,88.41999816894531,74.75146484375,1780500,2439.070068359375
2017-06-27,88.55000305175781,88.69000244140625,88.02999877929688,88.16999816894531,74.54012298583984,1831700,2419.3798828125
2017-06-28,88.68000030517578,88.95999908447266,88.37000274658203,88.58000183105469,74.88674926757812,1375200,2440.68994140625
2017-06-29,89.2300033569336,89.2300033569336,87.80999755859375,88.12999725341797,74.50630950927734,1648200,2419.699951171875
2017-06-30,88.44000244140625,88.79000091552734,88.12000274658203,88.44000244140625,74.76839447021484,1508000,2423.409912109375
2017-07-03,88.8499984741211,89.86000061035156,88.62999725341797,88.62999725341797,74.92901611328125,1007600,2429.010009765625
2017-07-05,88.80999755859375,88.94000244140625,88.2699966430664,88.80999755859375,75.08118438720703,1040900,2432.5400390625
2017-07-06,88.93000030517578,89.27999877929688,88.52999877929688,88.72000122070312,75.00509643554688,1450600,2409.75
2017-07-07,88.80000305175781,89.29000091552734,88.54000091552734,89.19000244140625,75.4024658203125,1117300,2425.179931640625
2017-07-10,88.83000183105469,89.18000030517578,88.83000183105469,88.8499984741211,75.11499786376953,1445100,2427.429931640625
2017-07-11,88.72000122070312,88.87999725341797,87.73999786376953,87.94000244140625,74.34567260742188,1958600,2425.530029296875
2017-07-12,88.01000213623047,88.38999938964844,87.91000366210938,88.19999694824219,74.56547546386719,972300,2443.25
2017-07-13,88.05999755859375,88.91999816894531,87.94000244140625,88.5999984741211,74.9036636352539,1271900,2447.830078125
2017-07-14,88.2699966430664,89.33000183105469,87.91999816894531,89.05000305175781,75.28408813476562,1075600,2459.27001953125
2017-07-17,88.73999786376953,88.83000183105469,88.30999755859375,88.48999786376953,74.81065368652344,1440200,2459.139892578125
2017-07-18,87.98999786376953,89.05999755859375,87.98999786376953,88.87999725341797,75.140380859375,2190400,2460.610107421875
2017-07-19,89.05000305175781,89.25,88.72000122070312,89.25,75.45318603515625,1208800,2473.830078125
2017-07-20,89.01000213623047,89.55999755859375,88.47000122070312,89.22000122070312,75.42782592773438,1319600,2473.449951171875
2017-07-21,89.0,89.31999969482422,88.58000183105469,89.16000366210938,75.37708282470703,1897600,2472.5400390625
2017-07-24,89.08000183105469,89.91000366210938,89.0199966430664,89.7699966430664,75.89278411865234,1222100,2469.909912109375
2017-07-25,90.2699966430664,90.62999725341795,89.9000015258789,90.20999908447266,76.2647705078125,1258400,2477.1298828125
2017-07-26,90.1999969482422,90.29000091552734,89.23999786376953,89.4000015258789,75.57998657226562,1403900,2477.830078125
2017-07-27,89.37000274658203,89.8499984741211,89.05000305175781,89.68000030517578,75.81668090820312,2050200,2475.419921875
2017-07-28,89.80000305175781,90.56999969482422,89.5199966430664,90.5,76.50994873046875,1258400,2472.10009765625
2017-07-31,90.58000183105467,91.25,90.56999969482422,91.0,76.9326400756836,1225300,2470.300048828125
2017-08-01,91.16999816894533,91.43000030517578,90.8000030517578,91.0,76.9326400756836,2820700,2476.35009765625
2017-08-02,93.13999938964844,94.30999755859376,92.54000091552734,94.16000366210938,79.60417938232422,3393000,2477.570068359375
2017-08-03,93.9000015258789,94.0,93.08999633789062,93.93000030517578,79.40970611572266,2053800,2472.159912109375
2017-08-04,94.08999633789062,94.48999786376952,93.97000122070312,94.22000122070312,79.65487670898438,1486400,2476.830078125
2017-08-07,94.22000122070312,94.58999633789062,94.08999633789062,94.23999786376952,79.67178344726562,1667200,2480.909912109375
2017-08-08,93.9800033569336,94.33000183105467,93.83999633789062,94.20999908447266,79.64640808105469,1608900,2474.919921875
2017-08-09,94.11000061035156,94.6999969482422,93.95999908447266,94.6999969482422,80.06067657470703,1548700,2474.02001953125
2017-08-10,94.20999908447266,94.69000244140624,94.13999938964844,94.16000366210938,79.60417938232422,1459100,2438.2099609375
2017-08-11,94.08999633789062,94.4499969482422,93.91000366210938,93.9499969482422,79.42658996582031,1111400,2441.320068359375
2017-08-14,94.77999877929688,94.83000183105467,94.36000061035156,94.41999816894533,79.82395935058594,1166600,2465.840087890625
2017-08-15,94.79000091552734,94.80999755859376,94.11000061035156,94.37999725341795,79.79015350341797,1458500,2464.610107421875
2017-08-16,94.66000366210938,95.25,94.3000030517578,94.37999725341795,79.79015350341797,2062300,2468.110107421875
2017-08-17,94.38999938964844,94.5,93.16999816894533,93.33000183105467,78.90245819091797,1989700,2430.010009765625
2017-08-18,93.11000061035156,93.33999633789062,92.5500030517578,92.91999816894533,78.5558090209961,2595300,2425.550048828125
2017-08-21,92.95999908447266,92.95999908447266,92.27999877929688,92.72000122070312,78.3867416381836,2166900,2428.3701171875
2017-08-22,93.11000061035156,93.81999969482422,92.93000030517578,93.7699966430664,79.2744369506836,1653400,2452.510009765625
2017-08-23,93.37999725341795,93.8499984741211,93.16000366210938,93.18000030517578,78.77564239501953,1661700,2444.0400390625
2017-08-24,93.29000091552734,93.48999786376952,91.4000015258789,91.54000091552734,77.38917541503906,3161400,2438.969970703125
2017-08-25,91.80999755859376,92.27999877929688,91.45999908447266,92.0199966430664,77.79497528076172,2582800,2443.050048828125
2017-08-28,90.37000274658205,90.9800033569336,89.80999755859375,90.6500015258789,76.6367416381836,3104000,2444.239990234375
2017-08-29,90.0,91.0999984741211,89.83999633789062,90.81999969482422,77.09513854980469,1826500,2446.300048828125
2017-08-30,90.83000183105467,91.13999938964844,90.0,90.06999969482422,76.4584732055664,2437200,2457.590087890625
2017-08-31,90.2699966430664,90.62999725341795,90.04000091552734,90.5,76.82350158691406,2850300,2471.64990234375
2017-09-01,90.56999969482422,91.12000274658205,89.6500015258789,89.77999877929688,76.21232604980469,2514400,2476.550048828125
2017-09-05,89.0,89.02999877929688,86.33999633789062,86.48999786376953,73.41950225830078,4633500,2457.85009765625
2017-09-06,86.7300033569336,88.31999969482422,86.62999725341797,87.5,74.27686309814453,4770500,2465.5400390625
2017-09-07,87.05999755859375,87.25,85.58999633789062,86.44999694824219,73.38555145263672,3146800,2465.10009765625
2017-09-08,86.1500015258789,90.41000366210938,86.1500015258789,89.61000061035156,76.0679931640625,4304900,2461.429931640625
2017-09-11,91.44000244140624,93.54000091552734,90.72000122070312,91.2300033569336,77.44318389892578,3581000,2488.110107421875
2017-09-12,91.16000366210938,91.98999786376952,90.63999938964844,91.87000274658205,77.98645782470703,2421500,2496.47998046875
2017-09-13,91.30999755859376,91.47000122070312,90.43000030517578,90.94000244140624,77.197021484375,2006600,2498.3701171875
2017-09-14,90.79000091552734,90.87000274658205,90.1500015258789,90.5,76.82350158691406,1976100,2495.6201171875
2017-09-15,90.47000122070312,91.4000015258789,90.4499969482422,90.87999725341795,77.14608764648438,2915000,2500.22998046875
2017-09-18,91.05999755859376,91.23999786376952,90.33999633789062,90.4800033569336,76.80653381347656,1914000,2503.8701171875
2017-09-19,90.5500030517578,91.91000366210938,90.4499969482422,91.13999938964844,77.36678314208984,2478200,2506.64990234375
2017-09-20,90.87999725341795,91.41000366210938,90.41999816894533,91.37999725341795,77.57051849365234,1704800,2508.239990234375
2017-09-21,91.4000015258789,92.31999969482422,90.54000091552734,90.66999816894533,76.96781921386719,1450300,2500.60009765625
2017-09-22,90.44000244140624,90.86000061035156,90.12000274658205,90.52999877929688,76.8489761352539,1155200,2502.219970703125
2017-09-25,90.27999877929688,91.20999908447266,90.05000305175781,91.04000091552734,77.28189086914062,1311700,2496.659912109375
2017-09-26,90.9000015258789,91.5500030517578,90.47000122070312,90.7300033569336,77.01876831054688,1652600,2496.840087890625
2017-09-27,91.69000244140624,91.72000122070312,90.6999969482422,90.88999938964844,77.1545639038086,1414400,2507.0400390625
2017-09-28,90.83999633789062,91.41000366210938,90.5199966430664,91.29000091552734,77.4941177368164,1122600,2510.06005859375
2017-09-29,91.3000030517578,91.97000122070312,90.91000366210938,91.91000366210938,78.02043151855469,1407700,2519.360107421875
2017-10-02,91.6500015258789,92.62999725341795,91.41000366210938,92.37999725341795,78.41940307617188,1416300,2529.1201171875
2017-10-03,92.20999908447266,92.33999633789062,91.5199966430664,92.0999984741211,78.18171691894531,1554400,2534.580078125
2017-10-04,92.12000274658205,92.93000030517578,92.11000061035156,92.86000061035156,78.82685852050781,1361100,2537.739990234375
2017-10-05,92.7300033569336,93.69000244140624,92.66000366210938,93.19000244140624,79.10699462890625,1781800,2552.070068359375
2017-10-06,93.31999969482422,93.80999755859376,93.12000274658205,93.29000091552734,79.19189453125,930600,2549.330078125
2017-10-09,93.26000213623048,93.51000213623048,92.86000061035156,93.1999969482422,79.115478515625,619500,2544.72998046875
2017-10-10,93.1999969482422,93.66999816894533,92.87000274658205,93.33000183105467,79.22581481933594,1715700,2550.639892578125
2017-10-11,93.12000274658205,93.4000015258789,92.8000030517578,93.08999633789062,79.02210235595703,1289800,2555.239990234375
2017-10-12,93.2699966430664,93.5199966430664,92.43000030517578,92.54000091552734,78.55522918701172,1294600,2550.929931640625
2017-10-13,92.70999908447266,93.05999755859376,92.2699966430664,92.33999633789062,78.38542175292969,1655400,2553.169921875
2017-10-16,92.33999633789062,92.8499984741211,92.11000061035156,92.45999908447266,78.48731231689453,1831400,2557.639892578125
2017-10-17,92.45999908447266,92.68000030517578,91.12000274658205,91.41000366210938,77.59597778320312,3196800,2559.360107421875
2017-10-18,91.4800033569336,91.5500030517578,90.62000274658205,91.25,77.46015167236328,1955300,2561.260009765625
2017-10-19,91.06999969482422,92.73999786376952,90.7300033569336,92.7300033569336,78.71649932861328,3192100,2562.10009765625
2017-10-20,93.4499969482422,93.58999633789062,92.5199966430664,92.97000122070312,78.92023468017578,2141500,2575.2099609375
2017-10-23,92.95999908447266,93.0999984741211,92.5500030517578,92.97000122070312,78.92023468017578,1517800,2564.97998046875
2017-10-24,93.3000030517578,93.93000030517578,92.98999786376952,93.63999938964844,79.48896789550781,1460000,2569.1298828125
2017-10-25,93.7300033569336,93.8499984741211,92.7699966430664,93.27999877929688,79.18338012695312,1392600,2557.14990234375
2017-10-26,93.5500030517578,94.2300033569336,93.31999969482422,93.95999908447266,79.76063537597656,1254300,2560.39990234375
2017-10-27,93.72000122070312,93.95999908447266,92.93000030517578,93.7300033569336,79.56538391113281,1215100,2581.070068359375
2017-10-30,93.2699966430664,94.43000030517578,93.2699966430664,94.06999969482422,79.85399627685547,1731300,2572.830078125
2017-10-31,93.94000244140624,94.6500015258789,93.66999816894533,93.86000061035156,79.67574310302734,2507500,2575.260009765625
2017-11-01,94.06999969482422,94.54000091552734,93.5199966430664,94.25,80.00678253173828,1980300,2579.360107421875
2017-11-02,95.88999938964844,98.20999908447266,95.4000015258789,97.8499984741211,83.06275177001953,3935300,2579.85009765625
2017-11-03,97.62000274658205,97.95999908447266,97.06999969482422,97.83999633789062,83.05428314208984,3027100,2587.840087890625
2017-11-06,97.80999755859376,99.44000244140624,97.4499969482422,99.08999633789062,84.11536407470703,1632400,2591.1298828125
2017-11-07,99.41999816894533,100.30999755859376,98.5500030517578,99.18000030517578,84.19175720214844,1631500,2590.639892578125
2017-11-08,99.2300033569336,99.7300033569336,98.97000122070312,99.08999633789062,84.11536407470703,1921100,2594.3798828125
2017-11-09,98.73999786376952,99.36000061035156,98.20999908447266,98.9499969482422,83.99652099609375,1768800,2584.6201171875
2017-11-10,98.87999725341795,99.27999877929688,98.0999984741211,99.12000274658205,84.14083099365234,1389600,2582.300048828125
2017-11-13,98.9000015258789,99.97000122070312,98.76000213623048,99.44000244140624,84.4124755859375,1851400,2584.840087890625
2017-11-14,98.88999938964844,100.0500030517578,98.51000213623048,99.94000244140624,84.83692932128906,2148300,2578.8701171875
2017-11-15,99.4800033569336,101.12000274658205,99.3000030517578,100.37999725341795,85.21041870117188,2548900,2564.6201171875
2017-11-16,100.51000213623048,100.6999969482422,99.16999816894533,99.56999969482422,84.5228042602539,2138400,2585.639892578125
2017-11-17,99.0500030517578,100.43000030517578,99.0500030517578,100.16999816894533,85.03213500976562,2880000,2578.85009765625
2017-11-20,100.26000213623048,100.97000122070312,100.0,100.31999969482422,85.15949249267578,1981000,2582.139892578125
2017-11-21,100.38999938964844,100.72000122070312,99.56999969482422,99.6999969482422,84.63319396972656,1530200,2599.030029296875
2017-11-22,99.5999984741211,99.73999786376952,99.18000030517578,99.3000030517578,84.29361724853516,900100,2597.080078125
2017-11-24,99.8000030517578,99.8000030517578,98.9800033569336,99.08000183105467,84.10688018798828,623400,2602.419921875
2017-11-27,99.2300033569336,99.93000030517578,99.13999938964844,99.41000366210938,84.38702392578125,1459600,2601.419921875
2017-11-28,99.38999938964844,100.94000244140624,99.26000213623048,100.88999938964844,85.64335632324219,1858600,2627.0400390625
2017-11-29,100.62000274658205,102.2300033569336,100.58000183105467,101.95999908447266,86.87022399902344,2031700,2626.070068359375
2017-11-30,102.37000274658205,103.51000213623048,101.08999633789062,102.66000366210938,87.46664428710938,3340800,2647.580078125
2017-12-01,103.0999984741211,103.12000274658205,100.75,103.0999984741211,87.84151458740234,2465600,2642.219970703125
2017-12-04,103.91000366210938,104.0999984741211,103.01000213623048,103.62000274658205,88.28456115722656,2381000,2639.43994140625
2017-12-05,103.98999786376952,103.98999786376952,102.69000244140624,102.83999633789062,87.61998748779297,2700100,2629.570068359375
2017-12-06,102.81999969482422,103.6500015258789,102.56999969482422,102.6500015258789,87.45812225341797,1318500,2629.27001953125
2017-12-07,102.33000183105467,102.5999984741211,101.7699966430664,102.11000061035156,86.99803161621094,1366000,2636.97998046875
2017-12-08,102.0,102.51000213623048,101.6500015258789,102.5,87.330322265625,1308800,2651.5
2017-12-11,102.33000183105467,102.72000122070312,101.7699966430664,102.37000274658205,87.21956634521484,1086000,2659.989990234375
2017-12-12,102.33999633789062,103.86000061035156,101.8499984741211,103.54000091552734,88.21640014648438,1954100,2664.110107421875
2017-12-13,103.3000030517578,104.18000030517578,103.08999633789062,103.31999969482422,88.02893829345703,2297600,2662.85009765625
2017-12-14,103.70999908447266,103.79000091552734,102.4499969482422,102.6500015258789,87.45812225341797,1467800,2652.010009765625
2017-12-15,103.08999633789062,104.45999908447266,102.93000030517578,103.97000122070312,88.5827865600586,4167800,2675.81005859375
2017-12-18,104.45999908447266,105.13999938964844,103.75,104.16000366210938,88.74464416503906,2022000,2690.159912109375
2017-12-19,104.66999816894533,104.76000213623048,104.0,104.37999725341795,88.93207550048828,2069200,2681.469970703125
2017-12-20,104.72000122070312,104.91999816894533,104.16000366210938,104.41999816894533,88.9661636352539,1417700,2679.25
2017-12-21,104.69000244140624,105.16999816894533,104.18000030517578,104.20999908447266,88.78722381591797,1534200,2684.570068359375
2017-12-22,104.48999786376952,104.66000366210938,103.45999908447266,104.11000061035156,88.70203399658203,783600,2683.340087890625
2017-12-26,104.05999755859376,104.72000122070312,103.9800033569336,104.33999633789062,88.89799499511719,666800,2680.5
2017-12-27,104.43000030517578,104.83999633789062,104.12999725341795,104.5999984741211,89.11952209472656,776300,2682.6201171875
2017-12-28,104.91000366210938,104.93000030517578,104.4800033569336,104.91000366210938,89.38365936279297,736100,2687.5400390625
2017-12-29,105.0500030517578,105.36000061035156,104.69000244140624,104.70999908447266,89.21321868896484,947500,2673.610107421875
2018-01-02,104.06999969482422,104.5199966430664,101.68000030517578,101.91999816894533,86.8361587524414,4788200,2695.81005859375
2018-01-03,101.91999816894533,102.73999786376952,101.6500015258789,101.9800033569336,86.88728332519531,1993300,2713.06005859375
2018-01-04,102.26000213623048,102.7300033569336,100.69000244140624,100.8000030517578,85.88189697265625,2017400,2723.989990234375
2018-01-05,101.23999786376952,101.93000030517578,100.22000122070312,101.87000274658205,86.7935791015625,1588000,2743.14990234375
2018-01-08,101.83999633789062,101.8499984741211,101.08000183105467,101.38999938964844,86.38459777832031,1434900,2747.7099609375
2018-01-09,100.6500015258789,101.7300033569336,100.5,100.94000244140624,86.00120544433594,2223500,2751.2900390625
2018-01-10,100.80999755859376,101.23999786376952,100.30999755859376,100.43000030517578,85.56668090820312,2480800,2748.22998046875
2018-01-11,100.81999969482422,101.16000366210938,100.20999908447266,100.77999877929688,85.86486053466797,1571700,2767.56005859375
2018-01-12,100.9000015258789,102.31999969482422,99.83000183105467,102.11000061035156,86.99803161621094,2404600,2786.239990234375
2018-01-16,102.20999908447266,102.7300033569336,101.61000061035156,102.12999725341795,87.01506805419922,1860900,2776.419921875
2018-01-17,102.51000213623048,103.98999786376952,102.27999877929688,103.94000244140624,88.55719757080078,1765400,2802.56005859375
2018-01-18,103.8499984741211,104.33000183105467,102.9800033569336,104.0,88.60831451416016,2909900,2798.030029296875
2018-01-19,104.41999816894533,104.41999816894533,103.12999725341795,103.6999969482422,88.35272979736328,1549000,2810.300048828125
2018-01-22,103.6999969482422,104.43000030517578,103.23999786376952,104.43000030517578,88.97467041015625,1358100,2832.969970703125
2018-01-23,104.22000122070312,104.47000122070312,100.3000030517578,101.25,86.26531219482422,4676600,2839.1298828125
2018-01-24,101.43000030517578,101.52999877929688,99.58000183105467,99.87000274658205,85.08953857421875,4988000,2837.5400390625
2018-01-25,100.38999938964844,101.01000213623048,99.5199966430664,100.7300033569336,85.82228088378906,2466900,2839.25
2018-01-26,100.94000244140624,101.62000274658205,99.88999938964844,100.52999877929688,85.65187072753906,2777100,2872.8701171875
2018-01-29,100.25,100.58999633789062,98.0,98.04000091552734,83.53038024902344,2215700,2853.530029296875
2018-01-30,97.73999786376952,99.3000030517578,97.41999816894533,98.4499969482422,83.87971496582031,2100100,2822.429931640625
2018-01-31,98.5,99.37000274658205,98.33999633789062,98.7699966430664,84.15235900878906,2146600,2823.81005859375
2018-02-01,98.56999969482422,99.3499984741211,98.01000213623048,98.72000122070312,84.10974884033203,2422100,2821.97998046875
2018-02-02,98.62000274658205,100.05999755859376,97.83999633789062,97.94000244140624,83.44517517089844,2300800,2762.1298828125
2018-02-05,97.2699966430664,98.69000244140624,95.0199966430664,95.0199966430664,80.95733642578125,4883500,2648.93994140625
2018-02-06,93.6500015258789,96.97000122070312,92.72000122070312,96.5999984741211,82.30349731445312,4312400,2695.139892578125
2018-02-07,96.13999938964844,98.3000030517578,95.91999816894533,96.87000274658205,82.53353118896484,3174300,2681.659912109375
2018-02-08,96.02999877929688,96.6999969482422,90.0199966430664,90.05999755859375,76.73139190673828,5282200,2581.0
2018-02-09,91.0,91.41000366210938,88.29000091552734,90.88999938964844,77.43854522705078,5770600,2619.550048828125
2018-02-12,91.5999984741211,92.73999786376952,90.25,90.7300033569336,77.30225372314453,4117000,2656.0
2018-02-13,90.2300033569336,92.23999786376952,89.58999633789062,92.12999725341795,78.49504089355469,3503800,2662.93994140625
2018-02-14,91.80999755859376,95.12999725341795,91.80999755859376,95.02999877929688,80.9658432006836,3111400,2698.6298828125
2018-02-15,94.97000122070312,95.19000244140624,93.27999877929688,94.5199966430664,80.5313491821289,2807400,2731.199951171875
2018-02-16,94.12000274658205,95.72000122070312,94.06999969482422,95.04000091552734,80.97437286376953,2565400,2732.219970703125
2018-02-20,94.41999816894533,94.9000015258789,93.25,93.6500015258789,79.79010009765625,2190000,2716.260009765625
2018-02-21,93.48999786376952,95.04000091552734,93.31999969482422,93.41000366210938,79.58560943603516,1831300,2701.330078125
2018-02-22,93.41000366210938,94.76000213623048,92.48999786376952,92.8000030517578,79.0658950805664,2469200,2703.9599609375
2018-02-23,93.1500015258789,94.4499969482422,93.02999877929688,94.37000274658205,80.4035415649414,2175000,2747.300048828125
2018-02-26,94.69000244140624,96.04000091552734,94.4499969482422,95.75,81.57929229736328,1979300,2779.60009765625
2018-02-27,95.45999908447266,96.0500030517578,94.0,94.01000213623048,80.0968017578125,2693300,2744.280029296875
2018-02-28,94.48999786376952,94.76000213623048,92.22000122070312,92.26000213623048,78.60580444335938,3377700,2713.830078125
2018-03-01,92.33000183105467,93.81999969482422,91.55999755859376,92.05999755859376,78.4354019165039,3582300,2677.669921875
2018-03-02,91.08000183105467,91.75,90.66000366210938,91.61000061035156,78.4439468383789,1917200,2691.25
2018-03-05,91.18000030517578,93.37000274658205,90.87000274658205,92.88999938964844,79.54002380371094,2958600,2720.93994140625
2018-03-06,93.29000091552734,93.5500030517578,92.16000366210938,93.43000030517578,80.00239562988281,1771500,2728.1201171875
2018-03-07,92.52999877929688,93.77999877929688,92.45999908447266,93.38999938964844,79.9681396484375,2382600,2726.800048828125
2018-03-08,93.6999969482422,94.41000366210938,93.0,94.33000183105467,80.7730484008789,2059600,2738.969970703125
2018-03-09,95.0,96.11000061035156,94.55999755859376,96.02999877929688,82.22871398925781,2874100,2786.570068359375
2018-03-12,95.9499969482422,95.9499969482422,94.62999725341795,94.8499984741211,81.21830749511719,2067500,2783.02001953125
2018-03-13,95.44000244140624,96.69000244140624,95.0500030517578,96.41000366210938,82.55412292480469,3349600,2765.31005859375
2018-03-14,96.83000183105467,97.73999786376952,96.12000274658205,96.41000366210938,82.55412292480469,2738500,2749.47998046875
2018-03-15,96.5999984741211,97.4800033569336,96.05999755859376,96.80999755859376,82.89662170410156,2473800,2747.330078125
2018-03-16,97.04000091552734,97.95999908447266,97.0,97.52999877929688,83.5131607055664,3425300,2752.010009765625
2018-03-19,97.52999877929688,97.73999786376952,96.11000061035156,96.77999877929688,82.8709487915039,2406500,2712.919921875
2018-03-20,97.0199966430664,97.69000244140624,96.70999908447266,97.38999938964844,83.39328002929688,1441300,2716.93994140625
2018-03-21,97.2699966430664,97.79000091552734,96.66999816894533,96.83999633789062,82.92230987548828,1514400,2711.929931640625
2018-03-22,96.25,97.06999969482422,94.48999786376952,94.6500015258789,81.04705810546875,1999200,2643.68994140625
2018-03-23,94.76000213623048,95.08999633789062,92.13999938964844,92.25,78.99198150634766,2036500,2588.260009765625
2018-03-26,93.4499969482422,94.91000366210938,92.87000274658205,94.5199966430664,80.93573760986328,1771600,2658.550048828125
2018-03-27,94.70999908447266,95.06999969482422,92.91999816894533,93.38999938964844,79.9681396484375,1540400,2612.6201171875
2018-03-28,93.70999908447266,95.6500015258789,93.4800033569336,94.61000061035156,81.01280975341797,2173600,2605.0
2018-03-29,95.0999984741211,95.9000015258789,94.8000030517578,94.8000030517578,81.1755142211914,2449300,2640.8701171875
2018-04-02,95.94000244140624,96.94000244140624,92.11000061035156,93.6999969482422,80.23358917236328,2563400,2581.8798828125
2018-04-03,93.51000213623048,95.45999908447266,92.98999786376952,95.12000274658205,81.44949340820312,2028700,2614.449951171875
2018-04-04,94.5199966430664,96.73999786376952,94.27999877929688,96.52999877929688,82.65686798095703,1789300,2644.68994140625
2018-04-05,97.05999755859376,97.77999877929688,96.75,97.12999725341795,83.1706314086914,1853300,2662.840087890625
2018-04-06,96.38999938964844,97.22000122070312,95.08999633789062,95.9000015258789,82.11741638183594,2159700,2604.469970703125
2018-04-09,96.48999786376952,97.48999786376952,95.44000244140624,95.77999877929688,82.0146484375,1450200,2613.159912109375
2018-04-10,96.8499984741211,97.5999984741211,96.37000274658205,97.12000274658205,83.1620864868164,1303100,2656.8701171875
2018-04-11,96.33999633789062,96.81999969482422,95.9800033569336,96.1999969482422,82.37430572509766,1739400,2642.18994140625
2018-04-12,96.66000366210938,97.4499969482422,96.47000122070312,96.75,82.84526824951172,1649800,2663.989990234375
2018-04-13,97.66000366210938,97.69000244140624,95.87000274658205,96.36000061035156,82.51129913330078,1685900,2656.300048828125
2018-04-16,97.08000183105467,97.93000030517578,96.5999984741211,97.52999877929688,83.5131607055664,1765700,2677.840087890625
2018-04-17,97.95999908447266,99.0500030517578,97.5199966430664,97.75,83.70153045654297,1810500,2706.389892578125
2018-04-18,97.87999725341795,98.08999633789062,96.55999755859376,97.79000091552734,83.73580169677734,2160200,2708.639892578125
2018-04-19,98.18000030517578,99.05999755859376,97.55999755859376,97.9800033569336,83.89848327636719,2360800,2693.1298828125
2018-04-20,98.36000061035156,99.26000213623048,97.76000213623048,98.30999755859376,84.18104553222656,1542700,2670.139892578125
2018-04-23,98.80999755859376,98.9000015258789,97.80999755859376,98.61000061035156,84.43793487548828,1528400,2670.2900390625
2018-04-24,98.54000091552734,99.1999969482422,96.87000274658205,97.38999938964844,83.39328002929688,1952600,2634.56005859375
2018-04-25,97.4499969482422,97.95999908447266,96.41999816894533,97.48999786376952,83.47887420654297,2048800,2639.39990234375
2018-04-26,97.6500015258789,97.83999633789062,96.77999877929688,97.52999877929688,83.5131607055664,1110900,2666.93994140625
2018-04-27,97.4499969482422,98.38999938964844,97.43000030517578,98.19000244140624,84.07829284667969,1292700,2669.909912109375
2018-04-30,98.6999969482422,99.0999984741211,97.81999969482422,97.81999969482422,83.76146697998047,1520000,2648.050048828125
2018-05-01,97.5999984741211,98.1999969482422,96.62000274658205,98.1999969482422,84.08686065673828,1547200,2654.800048828125
2018-05-02,97.8000030517578,97.9800033569336,92.33999633789062,94.05999755859376,80.54183197021484,4938800,2635.669921875
2018-05-03,93.43000030517578,94.51000213623048,91.77999877929688,94.0500030517578,80.53328704833984,2695600,2629.72998046875
2018-05-04,93.4000015258789,95.12999725341795,92.86000061035156,94.5199966430664,80.93573760986328,1681800,2663.419921875
2018-05-07,94.56999969482422,95.51000213623048,93.9000015258789,95.05999755859376,81.39813995361328,1729900,2672.6298828125
2018-05-08,95.47000122070312,96.0,95.16000366210938,95.70999908447266,81.9547119140625,2227500,2671.919921875
2018-05-09,95.48999786376952,96.45999908447266,95.27999877929688,96.41000366210938,82.55412292480469,2360500,2697.7900390625
2018-05-10,96.5500030517578,96.56999969482422,95.8000030517578,96.0999984741211,82.28866577148438,1541700,2723.070068359375
2018-05-11,96.22000122070312,97.77999877929688,96.05999755859376,96.37999725341795,82.52841186523438,1810200,2727.719970703125
2018-05-14,96.5,96.79000091552734,95.29000091552734,95.45999908447266,81.74065399169922,1987300,2730.1298828125
2018-05-15,95.51000213623048,96.2699966430664,95.2300033569336,95.86000061035156,82.08314514160156,1900300,2711.449951171875
2018-05-16,95.83999633789062,96.36000061035156,95.1999969482422,95.62000274658205,81.8776626586914,1482600,2722.4599609375
2018-05-17,95.45999908447266,95.52999877929688,94.83999633789062,95.0,81.34675598144531,2306900,2720.1298828125
2018-05-18,95.16999816894533,95.3499984741211,94.5999984741211,94.91999816894533,81.27824401855469,1854100,2712.969970703125
2018-05-21,95.25,95.93000030517578,94.77999877929688,95.61000061035156,81.86907196044922,1105500,2733.010009765625
2018-05-22,95.5999984741211,96.5199966430664,95.33999633789062,95.87999725341795,82.10029602050781,968700,2724.43994140625
2018-05-23,95.5199966430664,95.8499984741211,95.08000183105467,95.58999633789062,81.85197448730469,1448500,2733.2900390625
2018-05-24,95.55999755859376,95.72000122070312,94.69000244140624,95.5199966430664,81.7920150756836,1127800,2727.760009765625
2018-05-25,95.3000030517578,95.72000122070312,95.22000122070312,95.4499969482422,81.73208618164062,1313200,2721.330078125
2018-05-29,94.6500015258789,95.0,93.66000366210938,94.23999786376952,80.69599151611328,2351100,2689.860107421875
2018-05-30,94.4000015258789,95.16000366210938,93.9000015258789,94.37000274658205,81.20368194580078,2107100,2724.010009765625
2018-05-31,94.27999877929688,94.27999877929688,93.20999908447266,93.4800033569336,80.43785858154297,1924700,2705.27001953125
2018-06-01,94.25,94.4000015258789,93.43000030517578,93.86000061035156,80.76482391357422,1821400,2734.6201171875
2018-06-04,94.22000122070312,94.37999725341795,93.86000061035156,94.25,81.10041809082031,1031400,2746.8701171875
2018-06-05,94.16999816894533,94.3499984741211,93.2699966430664,93.6999969482422,80.62713623046875,2179900,2748.800048828125
2018-06-06,94.08000183105467,94.38999938964844,91.0199966430664,93.01000213623048,80.03340148925781,4230200,2772.35009765625
2018-06-07,93.1500015258789,93.33999633789062,92.27999877929688,93.1999969482422,80.19691467285156,2140300,2770.3701171875
2018-06-08,93.38999938964844,93.93000030517578,93.1999969482422,93.70999908447266,80.6357650756836,1476800,2779.030029296875
2018-06-11,93.62000274658205,93.98999786376952,93.4000015258789,93.62000274658205,80.55831146240234,1290900,2782.0
2018-06-12,94.06999969482422,94.70999908447266,92.94000244140624,93.5,80.45503997802734,2089400,2786.85009765625
2018-06-13,93.61000061035156,94.91999816894533,93.23999786376952,93.2699966430664,80.25713348388672,2174300,2775.6298828125
2018-06-14,93.58999633789062,93.72000122070312,92.4000015258789,92.8000030517578,79.85272216796875,2131100,2782.489990234375
2018-06-15,92.4000015258789,93.87000274658205,92.37000274658205,93.80999755859376,80.72179412841797,4038500,2779.659912109375
2018-06-18,93.0199966430664,93.16000366210938,92.5,92.98999786376952,80.0162124633789,1946400,2773.75
2018-06-19,92.3000030517578,93.70999908447266,92.3000030517578,93.4800033569336,80.43785858154297,1773600,2762.590087890625
2018-06-20,93.5,93.83000183105467,92.0199966430664,92.18000030517578,79.31922149658203,1464300,2767.320068359375
2018-06-21,92.01000213623048,92.86000061035156,91.47000122070312,92.2300033569336,79.36224365234375,2333400,2749.760009765625
2018-06-22,92.73999786376952,92.98999786376952,92.0999984741211,92.23999786376952,79.37085723876953,2228000,2754.8798828125
2018-06-25,92.19000244140624,92.7300033569336,91.0,91.62999725341795,78.845947265625,2576300,2717.070068359375
2018-06-26,91.8499984741211,92.66999816894533,91.51000213623048,92.22000122070312,79.35363006591797,2212800,2723.06005859375
2018-06-27,92.0999984741211,92.38999938964844,90.20999908447266,90.30999755859376,77.7101058959961,2750300,2699.6298828125
2018-06-28,90.26000213623048,91.70999908447266,90.20999908447266,91.3499984741211,78.6050033569336,1857600,2716.31005859375
2018-06-29,91.54000091552734,92.27999877929688,91.12000274658205,91.2699966430664,78.53618621826172,1724900,2718.3701171875
2018-07-02,91.04000091552734,91.80999755859376,90.91999816894533,91.66999816894533,78.8803482055664,1789500,2726.7099609375
2018-07-03,91.9000015258789,92.52999877929688,91.83000183105467,91.9000015258789,79.07827758789062,836500,2713.219970703125
2018-07-05,92.4000015258789,92.43000030517578,91.38999938964844,91.94000244140624,79.11270904541016,1133800,2736.610107421875
2018-07-06,91.8499984741211,92.58000183105467,91.41000366210938,92.16000366210938,79.30200958251953,1559600,2759.820068359375
2018-07-09,92.76000213623048,93.66000366210938,92.37999725341795,93.5999984741211,80.54110717773438,1391200,2784.169921875
2018-07-10,93.83999633789062,94.16000366210938,93.16999816894533,93.36000061035156,80.33460235595703,1609500,2793.840087890625
2018-07-11,93.12000274658205,93.27999877929688,92.70999908447266,92.83000183105467,79.87850952148438,1500800,2774.02001953125
2018-07-12,93.52999877929688,93.52999877929688,92.26000213623048,92.9000015258789,79.93875885009766,1267900,2798.2900390625
2018-07-13,92.94000244140624,93.11000061035156,92.55999755859376,92.83000183105467,79.87850952148438,1190800,2801.31005859375
2018-07-16,93.12999725341795,93.75,92.83999633789062,93.45999908447266,80.4206314086914,1406200,2798.429931640625
2018-07-17,93.8000030517578,94.55999755859376,93.5,94.26000213623048,81.1090087890625,2285000,2809.550048828125
2018-07-18,94.4000015258789,95.83000183105467,94.16999816894533,95.76000213623048,82.39974975585938,2097600,2815.6201171875
2018-07-19,95.20999908447266,95.43000030517578,93.37000274658205,93.41999816894533,80.38621520996094,2171500,2804.489990234375
2018-07-20,93.01000213623048,93.69000244140624,92.58999633789062,93.41999816894533,80.38621520996094,1863000,2801.830078125
2018-07-23,93.29000091552734,93.36000061035156,92.37000274658205,93.19000244140624,80.18830871582031,1641000,2806.97998046875
2018-07-24,92.41999816894533,93.72000122070312,92.41999816894533,93.2300033569336,80.22272491455078,1601400,2820.39990234375
2018-07-25,92.93000030517578,93.75,92.76000213623048,93.75,80.67017364501953,1488300,2846.070068359375
2018-07-26,94.26000213623048,95.58000183105467,94.1500015258789,94.76000213623048,81.53927612304688,1674400,2837.43994140625
2018-07-27,95.06999969482422,95.9499969482422,94.56999969482422,94.63999938964844,81.43598937988281,1005100,2818.820068359375
2018-07-30,94.5500030517578,95.5199966430664,94.23999786376952,94.58999633789062,81.3929672241211,1434100,2802.60009765625
2018-07-31,94.77999877929688,95.16999816894533,94.43000030517578,95.12000274658205,81.84901428222656,1813700,2816.2900390625
2018-08-01,95.1500015258789,95.55999755859376,94.4499969482422,94.6500015258789,81.44459533691406,1567400,2813.360107421875
2018-08-02,95.83999633789062,97.76000213623048,94.81999969482422,97.54000091552734,83.93141174316406,2730100,2827.219970703125
2018-08-03,97.52999877929688,98.06999969482422,96.8000030517578,98.0500030517578,84.37025451660156,2681300,2840.35009765625
2018-08-06,98.12999725341795,98.9800033569336,98.12000274658205,98.4000015258789,84.67141723632812,1956100,2850.39990234375
2018-08-07,98.6500015258789,99.5999984741211,98.3499984741211,98.7699966430664,84.98978424072266,2189100,2858.449951171875
2018-08-08,98.66000366210938,99.37999725341795,98.26000213623048,99.20999908447266,85.36842346191406,1734800,2857.699951171875
2018-08-09,98.88999938964844,99.66999816894533,98.62999725341795,99.4800033569336,85.60073852539062,2010500,2853.580078125
2018-08-10,98.91999816894533,99.06999969482422,98.25,98.62999725341795,84.86931610107422,1227600,2833.280029296875
2018-08-13,98.62999725341795,99.08000183105467,97.95999908447266,98.16000366210938,84.46488952636719,1658900,2821.929931640625
2018-08-14,98.05999755859376,98.7699966430664,97.66000366210938,98.37999725341795,84.65418243408203,2608500,2839.9599609375
2018-08-15,98.13999938964844,99.27999877929688,98.13999938964844,98.83999633789062,85.05003356933594,1536700,2818.3701171875
2018-08-16,99.26000213623048,100.16999816894533,99.01000213623048,99.88999938964844,85.95352172851562,3000700,2840.68994140625
2018-08-17,99.63999938964844,100.1999969482422,99.41000366210938,100.0199966430664,86.06538391113281,1140100,2850.1298828125
2018-08-20,100.1999969482422,100.98999786376952,100.08000183105467,100.44000244140624,86.42678833007812,1150600,2857.050048828125
2018-08-21,100.26000213623048,101.75,100.26000213623048,101.44000244140624,87.28726196289062,2725300,2862.9599609375
2018-08-22,101.11000061035156,101.55999755859376,99.5,99.51000213623048,85.62654113769531,1325600,2861.820068359375
2018-08-23,99.4499969482422,99.61000061035156,98.7300033569336,99.1500015258789,85.31676483154297,1607400,2856.97998046875
2018-08-24,99.33999633789062,99.8499984741211,99.1999969482422,99.52999877929688,85.64374542236328,1879000,2874.68994140625
2018-08-27,100.16999816894533,100.45999908447266,99.91000366210938,100.41999816894533,86.40957641601562,1243800,2896.739990234375
2018-08-28,100.43000030517578,101.11000061035156,100.16999816894533,100.37999725341795,86.37517547607422,1953200,2897.52001953125
2018-08-29,100.55999755859376,101.04000091552734,100.31999969482422,100.58000183105467,86.54724884033203,1592400,2914.0400390625
2018-08-30,100.1999969482422,100.23999786376952,99.76000213623048,100.02999877929688,86.46945190429688,1576000,2901.1298828125
2018-08-31,99.8000030517578,100.66999816894533,99.58000183105467,100.56999969482422,86.9362564086914,1480400,2901.52001953125
2018-09-04,100.58999633789062,101.12000274658205,100.29000091552734,100.9499969482422,87.26473236083984,2119600,2896.719970703125
2018-09-05,100.9000015258789,101.94000244140624,100.70999908447266,101.4000015258789,87.65371704101562,1915100,2888.60009765625
2018-09-06,101.30999755859376,102.11000061035156,100.54000091552734,101.0999984741211,87.39440155029297,1653300,2878.050048828125
2018-09-07,100.91999816894533,101.43000030517578,99.98999786376952,100.02999877929688,86.46945190429688,1575400,2871.679931640625
2018-09-10,99.0500030517578,99.43000030517578,97.43000030517578,97.8499984741211,84.58499145507812,2311600,2877.1298828125
2018-09-11,97.0500030517578,98.43000030517578,95.66999816894533,98.16000366210938,84.85296630859375,1699300,2887.889892578125
2018-09-12,98.0,98.26000213623048,97.06999969482422,97.58000183105467,84.35160827636719,1559900,2888.919921875
2018-09-13,98.33999633789062,99.11000061035156,98.0,99.0500030517578,85.62230682373047,1544300,2904.179931640625
2018-09-14,99.0500030517578,100.02999877929688,99.02999877929688,99.98999786376952,86.43487548828125,1345900,2904.97998046875
2018-09-17,100.22000122070312,100.47000122070312,99.95999908447266,100.33000183105467,86.72879028320312,2357600,2888.800048828125
2018-09-18,100.36000061035156,101.37999725341795,100.23999786376952,101.1500015258789,87.4376220703125,1393300,2904.31005859375
2018-09-19,100.83000183105467,102.02999877929688,100.83000183105467,101.6999969482422,87.9130630493164,2140700,2907.949951171875
2018-09-20,101.98999786376952,102.7300033569336,101.73999786376952,102.02999877929688,88.19831848144531,1159500,2930.75
2018-09-21,102.16999816894533,102.31999969482422,101.22000122070312,101.81999969482422,88.01679992675781,2950300,2929.669921875
2018-09-24,101.56999969482422,101.8499984741211,100.1999969482422,100.37999725341795,86.77201843261719,1070300,2919.3701171875
2018-09-25,100.43000030517578,100.79000091552734,99.70999908447266,99.8000030517578,86.27064514160156,1525200,2915.56005859375
2018-09-26,99.95999908447266,100.1999969482422,98.70999908447266,98.8499984741211,85.44943237304688,1444700,2905.969970703125
2018-09-27,98.76000213623048,99.05999755859376,98.04000091552734,98.1500015258789,84.84432220458984,1617200,2914.0
2018-09-28,98.0,98.91999816894533,97.76000213623048,98.6999969482422,85.31975555419922,1445700,2913.97998046875
2018-10-01,99.12999725341795,99.4499969482422,98.27999877929688,98.52999877929688,85.17279815673828,1658400,2924.590087890625
2018-10-02,98.63999938964844,98.95999908447266,98.33999633789062,98.8499984741211,85.44943237304688,1565200,2923.429931640625
2018-10-03,99.08999633789062,99.73999786376952,98.63999938964844,98.81999969482422,85.42349243164062,1141000,2925.510009765625
2018-10-04,98.95999908447266,99.98999786376952,98.93000030517578,99.44000244140624,85.95943450927734,1071400,2901.610107421875
2018-10-05,99.38999938964844,100.16000366210938,99.3000030517578,99.58999633789062,86.08912658691406,1373200,2885.570068359375
2018-10-08,99.66000366210938,100.55999755859376,99.3000030517578,100.08999633789062,86.52131652832031,1333900,2884.429931640625
2018-10-09,99.97000122070312,100.5500030517578,99.41000366210938,100.45999908447266,86.84117889404297,1240500,2880.340087890625
2018-10-10,99.4499969482422,100.0,96.77999877929688,96.87000274658205,83.73785400390625,2344600,2785.679931640625
2018-10-11,96.5999984741211,96.75,93.0999984741211,93.16999816894533,80.53944396972656,2045100,2728.3701171875
2018-10-12,94.6999969482422,94.6999969482422,91.66999816894533,93.16000366210938,80.5307846069336,1860400,2767.1298828125
2018-10-15,93.13999938964844,93.87999725341795,92.75,92.79000091552734,80.21094512939453,1667000,2750.7900390625
2018-10-16,93.5,95.19000244140624,93.4499969482422,95.13999938964844,82.24236297607422,3137500,2809.919921875
2018-10-17,95.1999969482422,96.38999938964844,94.51000213623048,95.75,82.76968383789062,1737900,2809.2099609375
2018-10-18,95.80999755859376,97.13999938964844,95.37999725341795,96.61000061035156,83.51309967041016,2424200,2768.780029296875
2018-10-19,96.70999908447266,98.1999969482422,96.26000213623048,97.31999969482422,84.12683868408203,2384500,2767.780029296875
2018-10-22,97.6500015258789,97.93000030517578,96.6500015258789,96.73999786376952,83.62548828125,1346700,2755.8798828125
2018-10-23,95.25,96.56999969482422,94.91999816894533,96.06999969482422,83.04630279541016,1652900,2740.68994140625
2018-10-24,95.56999969482422,95.75,91.95999908447266,92.08999633789062,79.60584259033203,2453900,2656.10009765625
2018-10-25,92.54000091552734,93.2699966430664,91.88999938964844,92.8499984741211,80.26280975341797,1855600,2705.570068359375
2018-10-26,92.29000091552734,93.0999984741211,91.0199966430664,92.33000183105467,79.81329345703125,2608300,2658.68994140625
2018-10-29,93.27999877929688,94.98999786376952,92.72000122070312,93.54000091552734,80.85926055908203,2056600,2641.25
2018-10-30,94.18000030517578,95.6999969482422,93.1999969482422,95.48999786376952,82.54492950439453,2017700,2682.6298828125
2018-10-31,96.23999786376952,96.95999908447266,95.48999786376952,95.72000122070312,82.74372863769531,2124100,2711.739990234375
2018-11-01,91.0,91.77999877929688,88.58000183105469,89.97000122070312,77.77324676513672,5007200,2740.3701171875
2018-11-02,90.37000274658205,90.98999786376952,88.93000030517578,89.55000305175781,77.41017150878906,2738200,2723.06005859375
2018-11-05,89.63999938964844,90.91000366210938,89.63999938964844,90.38999938964844,78.13629913330078,1742700,2738.31005859375
2018-11-06,90.18000030517578,91.1500015258789,89.93000030517578,91.02999877929688,78.68954467773438,1705700,2755.449951171875
2018-11-07,91.58000183105467,92.55999755859376,90.80999755859376,92.5199966430664,79.97755432128906,1715200,2813.889892578125
2018-11-08,92.16999816894533,93.70999908447266,92.16999816894533,93.6999969482422,80.9975814819336,2539200,2806.830078125
2018-11-09,93.72000122070312,94.5999984741211,93.2699966430664,93.72000122070312,81.01485443115234,1640800,2781.010009765625
2018-11-12,93.48999786376952,93.8000030517578,91.36000061035156,91.55999755859376,79.14769744873047,1354300,2726.219970703125
2018-11-13,91.4800033569336,92.6500015258789,91.0199966430664,91.37999725341795,78.99210357666016,1360100,2722.179931640625
2018-11-14,91.06999969482422,91.33000183105467,87.83999633789062,88.63999938964844,76.6235580444336,2157500,2701.580078125
2018-11-15,87.86000061035156,89.30999755859375,87.1500015258789,89.29000091552734,77.18541717529297,2029300,2730.199951171875
2018-11-16,88.94999694824219,89.83000183105469,88.81999969482422,89.5,77.36695861816406,1778600,2736.27001953125
2018-11-19,89.5,89.7300033569336,87.48999786376953,88.44999694824219,76.45929718017578,2100600,2690.72998046875
2018-11-20,88.19999694824219,88.48999786376953,87.08000183105469,88.08999633789062,76.14808654785156,1658000,2641.889892578125
2018-11-21,88.52999877929688,89.12000274658203,87.69999694824219,88.06999969482422,76.13080596923828,2262200,2649.929931640625
2018-11-23,87.43000030517578,88.69000244140625,87.12000274658203,87.7300033569336,75.83692169189453,567300,2632.56005859375
2018-11-26,88.41999816894531,88.88999938964844,87.54000091552734,88.41999816894531,76.43336486816406,1827900,2673.449951171875
2018-11-27,88.02999877929688,88.41000366210938,86.7699966430664,87.5,75.6380844116211,1349900,2682.169921875
2018-11-28,87.7699966430664,89.16999816894531,87.41000366210938,89.16000366210938,77.07302856445312,1513800,2743.7900390625
2018-11-29,88.4000015258789,88.94000244140625,87.95999908447266,88.4800033569336,76.88188934326172,1658400,2737.800048828125
2018-11-30,88.4800033569336,89.37999725341797,87.94999694824219,89.19000244140625,77.49883270263672,2667100,2760.169921875
2018-12-03,89.68000030517578,90.0,87.88999938964844,88.76000213623047,77.12518310546875,2963800,2790.3701171875
2018-12-04,88.76000213623047,89.04000091552734,86.18000030517578,86.4000015258789,75.07454681396484,3162900,2700.06005859375
2018-12-06,85.62999725341797,86.06999969482422,83.33999633789062,85.08999633789062,73.93624114990234,2677100,2695.949951171875
2018-12-07,84.9800033569336,86.04000091552734,83.33000183105469,83.80999755859375,72.82404327392578,2521700,2633.080078125
2018-12-10,82.9800033569336,83.7699966430664,81.44999694824219,83.27999877929688,72.36354064941406,2221300,2637.719970703125
2018-12-11,84.37000274658203,84.58999633789062,81.91000366210938,82.48999786376953,71.67707824707031,2001400,2636.780029296875
2018-12-12,83.69999694824219,83.94000244140625,82.33999633789062,82.4000015258789,71.59886169433594,1882200,2651.070068359375
2018-12-13,82.18000030517578,82.62000274658203,80.23999786376953,80.58999633789062,70.02611541748047,2360800,2650.5400390625
2018-12-14,79.73999786376953,80.37999725341797,78.94000244140625,79.30000305175781,68.90522766113281,2274800,2599.949951171875
2018-12-17,79.16999816894531,81.29000091552734,78.86000061035156,80.16000366210938,69.65249633789062,3903700,2545.93994140625
2018-12-18,81.31999969482422,82.61000061035156,81.01000213623047,81.51000213623047,70.82553100585938,3304400,2546.159912109375
2018-12-19,81.58999633789062,82.94000244140625,80.4000015258789,80.9800033569336,70.36500549316406,3081000,2506.9599609375
2018-12-20,80.55999755859375,81.12000274658203,79.44999694824219,79.80999755859375,69.34838104248047,3320700,2467.419921875
2018-12-21,79.80999755859375,81.94999694824219,79.33000183105469,79.8499984741211,69.38311004638672,4347600,2416.6201171875
2018-12-24,79.3499984741211,79.80000305175781,77.18000030517578,77.2699966430664,67.14129638671875,1429300,2351.10009765625
2018-12-26,77.55000305175781,80.94000244140625,77.0,80.80000305175781,70.20860290527344,2452000,2467.699951171875
2018-12-27,79.80000305175781,81.86000061035156,79.16999816894531,81.79000091552734,71.06881713867188,2851800,2488.830078125
2018-12-28,82.2300033569336,82.9800033569336,81.62999725341797,82.0199966430664,71.26868438720703,2236000,2485.739990234375
2018-12-31,82.23999786376953,82.80999755859375,81.52999877929688,82.62999725341797,71.79869842529297,1775300,2506.85009765625
2019-01-02,81.44000244140625,82.06999969482422,81.16000366210938,81.63999938964844,70.93849182128906,2208000,2510.030029296875
2019-01-03,81.2300033569336,81.43000030517578,80.20999908447266,80.30000305175781,69.7741470336914,3034900,2447.889892578125
2019-01-04,81.37999725341797,82.8499984741211,81.2300033569336,82.66999816894531,71.8334732055664,3061600,2531.93994140625
2019-01-07,82.12000274658203,83.29000091552734,82.12000274658203,82.54000091552734,71.72051239013672,4135800,2549.68994140625
2019-01-08,83.23999786376953,83.5199966430664,81.62999725341797,82.52999877929688,71.7118148803711,2627500,2574.409912109375
2019-01-09,82.98999786376953,83.80000305175781,82.98999786376953,83.16000366210938,72.25923156738281,3309900,2584.9599609375
2019-01-10,83.12999725341797,83.62000274658203,82.77999877929688,83.54000091552734,72.58943939208984,1617900,2596.639892578125
2019-01-11,83.11000061035156,83.8499984741211,82.5999984741211,83.44999694824219,72.51122283935547,1821700,2596.260009765625
2019-01-14,83.02999877929688,83.98999786376953,82.95999908447266,83.80000305175781,72.81534576416016,1868000,2582.610107421875
2019-01-15,84.16000366210938,84.48999786376953,83.62999725341797,84.2300033569336,73.18898010253906,2553900,2610.300048828125
2019-01-16,84.56999969482422,85.12999725341797,84.20999908447266,84.54000091552734,73.45834350585938,2727500,2616.10009765625
2019-01-17,84.41000366210938,84.9000015258789,84.20999908447266,84.56999969482422,73.48440551757812,3475800,2635.9599609375
2019-01-18,84.93000030517578,85.93000030517578,84.5999984741211,85.69999694824219,74.46630859375,5067500,2670.7099609375
2019-01-22,85.41999816894531,86.41999816894531,85.3499984741211,85.86000061035156,74.60530853271484,3783400,2632.89990234375
2019-01-23,86.01000213623047,86.4800033569336,84.66000366210938,85.88999938964844,74.63138580322266,1804200,2638.699951171875
2019-01-24,85.83000183105469,86.58000183105469,85.44000244140625,86.25,74.94419860839844,2086600,2642.330078125
2019-01-25,86.58000183105469,86.93000030517578,85.94999694824219,86.1500015258789,74.8573226928711,1735700,2664.760009765625
2019-01-28,85.9000015258789,86.54000091552734,85.55000305175781,86.48999786376953,75.15274047851562,2195000,2643.85009765625
2019-01-29,86.41000366210938,87.19999694824219,86.41000366210938,86.77999877929688,75.40472412109375,2383900,2640.0
2019-01-30,86.86000061035156,87.7300033569336,86.12999725341797,87.33999633789062,75.89129638671875,2221600,2681.050048828125
2019-01-31,86.83999633789062,88.05000305175781,86.80999755859375,87.87000274658203,76.35185241699219,1720000,2704.10009765625
2019-02-01,88.30000305175781,88.87999725341797,88.0,88.81999969482422,77.17732238769531,1967200,2706.530029296875
2019-02-04,88.80000305175781,88.97000122070312,88.26000213623047,88.80000305175781,77.15994262695312,2119600,2724.8701171875
2019-02-05,89.0,89.16000366210938,88.44999694824219,88.95999908447266,77.29896545410156,2143200,2737.699951171875
2019-02-06,90.88999938964844,92.66999816894533,90.0,92.55999755859376,80.42707061767578,4553500,2731.610107421875
2019-02-07,92.41999816894533,93.22000122070312,91.37999725341795,92.33000183105467,80.22722625732422,4812400,2706.050048828125
2019-02-08,91.91000366210938,92.5199966430664,91.12000274658205,92.45999908447266,80.34017944335938,2477200,2707.8798828125
2019-02-11,92.80999755859376,92.80999755859376,91.5199966430664,92.52999877929688,80.4010009765625,2420500,2709.800048828125
2019-02-12,93.0199966430664,93.54000091552734,92.83000183105467,92.91000366210938,80.73119354248047,2242500,2744.72998046875
2019-02-13,93.1999969482422,94.88999938964844,93.0999984741211,94.0,81.6783218383789,2412800,2753.030029296875
2019-02-14,93.55999755859376,93.9499969482422,92.79000091552734,93.2300033569336,81.0092544555664,1831800,2745.72998046875
2019-02-15,94.08000183105467,94.56999969482422,93.97000122070312,94.37999725341795,82.00848388671875,1571500,2775.60009765625
2019-02-19,94.04000091552734,94.98999786376952,93.8499984741211,94.62000274658205,82.21703338623047,2940100,2779.760009765625
2019-02-20,94.76000213623048,95.33999633789062,94.3000030517578,95.05999755859376,82.59934997558594,2124400,2784.699951171875
2019-02-21,95.16000366210938,95.33999633789062,94.23999786376952,94.62999725341795,82.22573852539062,1688700,2774.8798828125
2019-02-22,94.7699966430664,94.94000244140624,94.3499984741211,94.56999969482422,82.17359924316406,1371000,2792.669921875
2019-02-25,95.0,95.43000030517578,94.62000274658205,94.9000015258789,82.46033477783203,1703800,2796.110107421875
2019-02-26,94.6999969482422,95.1999969482422,94.0500030517578,94.08999633789062,81.75652313232422,2155700,2793.89990234375
2019-02-27,93.36000061035156,94.2699966430664,93.29000091552734,93.9800033569336,82.09720611572266,1751600,2792.3798828125
2019-02-28,94.0999984741211,94.62000274658205,93.79000091552734,94.37999725341795,82.44662475585938,1981300,2784.489990234375
2019-03-01,94.7699966430664,95.33000183105467,94.30999755859376,95.01000213623048,82.9969711303711,1605600,2803.68994140625
2019-03-04,95.19000244140624,95.5,93.5500030517578,94.1999969482422,82.28936767578125,1970500,2792.81005859375
2019-03-05,94.4499969482422,94.45999908447266,93.5199966430664,94.0,82.11469268798828,1831600,2789.64990234375
2019-03-06,93.95999908447266,94.44000244140624,93.33000183105467,93.52999877929688,81.70410919189453,1493300,2771.449951171875
2019-03-07,93.27999877929688,93.8000030517578,92.86000061035156,93.23999786376952,81.45076751708984,1949000,2748.929931640625
2019-03-08,92.56999969482422,93.38999938964844,92.23999786376952,93.3000030517578,81.5031967163086,1416100,2743.070068359375
2019-03-11,93.5500030517578,94.16000366210938,93.38999938964844,94.11000061035156,82.21076965332031,1980300,2783.300048828125
2019-03-12,94.33000183105467,94.75,93.86000061035156,94.06999969482422,82.17582702636719,2109500,2791.52001953125
2019-03-13,94.29000091552734,94.38999938964844,93.45999908447266,93.5500030517578,81.72156524658203,2302400,2810.919921875
2019-03-14,93.41999816894533,94.4000015258789,93.41000366210938,93.8499984741211,81.98365020751953,1851000,2808.47998046875
2019-03-15,93.66000366210938,95.1999969482422,93.66000366210938,94.83999633789062,82.84845733642578,4428100,2822.47998046875
2019-03-18,95.23999786376952,95.61000061035156,94.88999938964844,95.0199966430664,83.00570678710938,2247800,2832.93994140625
2019-03-19,95.12000274658205,95.5500030517578,93.97000122070312,94.20999908447266,82.2981185913086,1642300,2832.570068359375
2019-03-20,94.16999816894533,94.30999755859376,93.04000091552734,93.04000091552734,81.27606201171875,2543000,2824.22998046875
2019-03-21,93.0,94.93000030517578,92.51000213623048,94.58999633789062,82.63008117675781,1950100,2854.8798828125
2019-03-22,94.33000183105467,94.91999816894533,93.88999938964844,94.16999816894533,82.26316833496094,1524200,2800.7099609375
2019-03-25,94.36000061035156,94.8000030517578,93.81999969482422,93.98999786376952,82.1059341430664,1386400,2798.360107421875
2019-03-26,94.08000183105467,94.62999725341795,93.6999969482422,94.0999984741211,82.20201873779297,1769600,2818.4599609375
2019-03-27,94.0500030517578,94.56999969482422,93.66999816894533,94.1500015258789,82.24571990966797,1349300,2805.3701171875
2019-03-28,94.41999816894533,94.9000015258789,93.25,93.94000244140624,82.06227111816406,1380000,2815.43994140625
2019-03-29,94.43000030517578,94.45999908447266,93.66999816894533,94.18000030517578,82.27192687988281,2085200,2834.39990234375
2019-04-01,94.5199966430664,95.5500030517578,94.45999908447266,95.08999633789062,83.06685638427734,1536700,2867.18994140625
2019-04-02,95.36000061035156,95.43000030517578,94.75,94.80999755859376,82.82225036621094,1605300,2867.239990234375
2019-04-03,95.25,95.87000274658205,94.45999908447266,95.63999938964844,83.54730987548828,2522100,2873.39990234375
2019-04-04,95.43000030517578,96.26000213623048,95.43000030517578,96.06999969482422,83.92296600341797,1549800,2879.389892578125
2019-04-05,96.44000244140624,97.12000274658205,95.98999786376952,96.30999755859376,84.13259887695312,1411600,2892.739990234375
2019-04-08,95.66999816894533,96.26000213623048,94.1999969482422,94.87000274658205,82.87468719482422,1572000,2895.77001953125
2019-04-09,94.41000366210938,94.9000015258789,94.08000183105467,94.36000061035156,82.4291763305664,1079500,2878.199951171875
2019-04-10,94.58000183105467,95.0500030517578,94.25,95.0,82.98824310302734,1431700,2888.2099609375
2019-04-11,95.25,95.9000015258789,95.12000274658205,95.80999755859376,83.6958236694336,1168700,2888.320068359375
2019-04-12,96.30999755859376,97.0999984741211,96.19000244140624,97.01000213623048,84.74409484863281,1416000,2907.409912109375
2019-04-15,97.0199966430664,97.18000030517578,96.20999908447266,96.4000015258789,84.21121978759766,930000,2905.580078125
2019-04-16,96.75,98.23999786376952,96.5999984741211,98.19000244140624,85.77488708496094,1768600,2907.06005859375
2019-04-17,98.33000183105467,98.5,97.19000244140624,97.43000030517578,85.11100006103516,1337200,2900.449951171875
2019-04-18,97.33999633789062,98.27999877929688,96.6999969482422,96.72000122070312,84.49076843261719,2533100,2905.030029296875
2019-04-22,96.23999786376952,97.12000274658205,96.02999877929688,97.06999969482422,84.79652404785156,1049400,2907.969970703125
2019-04-23,96.75,97.61000061035156,96.52999877929688,97.29000091552734,84.98869323730469,1754300,2933.679931640625
2019-04-24,97.08000183105467,97.44000244140624,96.37999725341795,96.41000366210938,84.219970703125,1765000,2927.25
2019-04-25,96.04000091552734,96.87000274658205,95.5199966430664,96.47000122070312,84.27237701416016,1483200,2926.169921875
2019-04-26,96.55999755859376,97.52999877929688,96.37000274658205,97.41000366210938,85.09351348876953,1218500,2939.8798828125
2019-04-29,97.54000091552734,98.26000213623048,97.54000091552734,97.76000213623048,85.39926147460938,1174200,2943.030029296875
2019-04-30,97.9000015258789,99.13999938964844,97.73999786376952,99.05999755859376,86.5348892211914,1759600,2945.830078125
2019-05-01,99.0500030517578,99.8499984741211,98.0,98.0,85.60890197753906,2089700,2923.72998046875
2019-05-02,98.9800033569336,100.0,97.18000030517578,98.29000091552734,85.86224365234375,1949200,2917.52001953125
2019-05-03,98.68000030517578,99.0,97.13999938964844,98.58000183105467,86.11559295654297,2028500,2945.639892578125
2019-05-06,97.51000213623048,98.18000030517578,96.9000015258789,97.68000030517578,85.32939147949219,1619800,2932.469970703125
2019-05-07,97.25,97.8000030517578,95.26000213623048,95.66000366210938,83.5647964477539,2222400,2884.050048828125
2019-05-08,95.25,96.1999969482422,94.81999969482422,95.31999969482422,83.26778411865234,2123500,2879.419921875
2019-05-09,94.68000030517578,95.08999633789062,93.9800033569336,94.38999938964844,82.45536804199219,2007700,2870.719970703125
2019-05-10,94.01000213623048,96.51000213623048,93.9499969482422,96.37999725341795,84.1937484741211,1883900,2881.39990234375
2019-05-13,95.22000122070312,95.33999633789062,93.54000091552734,94.08000183105467,82.1845474243164,1350200,2811.8701171875
2019-05-14,93.9499969482422,95.7300033569336,93.93000030517578,94.73999786376952,82.76110076904297,2301500,2834.409912109375
2019-05-15,94.43000030517578,96.08999633789062,94.43000030517578,95.48999786376952,83.41629028320312,1851100,2850.9599609375
2019-05-16,95.5999984741211,96.73999786376952,95.5,95.87000274658205,83.74823760986328,1950700,2876.320068359375
2019-05-17,95.0199966430664,96.27999877929688,95.0199966430664,95.63999938964844,83.54730987548828,1416300,2859.530029296875
2019-05-20,95.52999877929688,96.4800033569336,95.44000244140624,95.94000244140624,83.80937194824219,1236800,2840.22998046875
2019-05-21,96.4000015258789,97.0,95.80999755859376,96.91000366210938,84.65673828125,1865300,2864.360107421875
2019-05-22,96.69000244140624,97.3499984741211,96.08999633789062,97.08999633789062,84.81398010253906,1876200,2856.27001953125
2019-05-23,96.48999786376952,96.5,95.45999908447266,95.9800033569336,83.84432220458984,1316200,2822.239990234375
2019-05-24,96.2300033569336,96.5,95.7699966430664,96.37000274658205,84.18501281738281,1049600,2826.06005859375
2019-05-28,96.31999969482422,96.88999938964844,95.0199966430664,95.08999633789062,83.06685638427734,1894700,2802.389892578125
2019-05-29,95.9000015258789,96.37999725341795,95.26000213623048,96.2300033569336,84.06271362304688,1828700,2783.02001953125
2019-05-30,96.08000183105467,96.4000015258789,95.43000030517578,95.88999938964844,84.20321655273438,1395800,2788.860107421875
2019-05-31,94.93000030517578,95.73999786376952,94.81999969482422,95.51000213623048,83.8695068359375,1403100,2752.06005859375
2019-06-03,95.33000183105467,96.95999908447266,95.2699966430664,96.7699966430664,84.97594451904297,2059800,2744.449951171875
2019-06-04,97.5999984741211,98.05999755859376,97.13999938964844,97.87999725341795,85.95066833496094,1747300,2803.27001953125
2019-06-05,97.91000366210938,99.5,97.80999755859376,99.33000183105467,87.22396850585938,2047100,2826.14990234375
2019-06-06,99.41999816894533,99.66999816894533,98.9499969482422,99.5,87.37323760986328,1771600,2843.489990234375
2019-06-07,99.58000183105467,101.12000274658205,99.52999877929688,100.72000122070312,88.44454193115234,2270300,2873.340087890625
2019-06-10,101.0199966430664,101.26000213623048,100.54000091552734,100.79000091552734,88.50602722167969,1583600,2886.72998046875
2019-06-11,101.0500030517578,101.37000274658205,99.7300033569336,100.43000030517578,88.18989562988281,1488100,2885.719970703125
2019-06-12,100.5500030517578,101.16000366210938,100.33000183105467,100.61000061035156,88.34796905517578,1127700,2879.840087890625
2019-06-13,100.69000244140624,101.25,100.37000274658205,101.0999984741211,88.77823638916016,1881200,2891.639892578125
2019-06-14,101.18000030517578,102.4800033569336,101.16000366210938,102.13999938964844,89.69147491455078,1019400,2886.97998046875
2019-06-17,102.25,102.3000030517578,101.0500030517578,101.27999877929688,88.93630981445312,1295000,2889.669921875
2019-06-18,101.3000030517578,102.0500030517578,101.06999969482422,101.87000274658205,89.45439910888672,1467300,2917.75
2019-06-19,102.0500030517578,103.02999877929688,102.0500030517578,102.76000213623048,90.23592376708984,2555300,2926.4599609375
2019-06-20,102.98999786376952,103.98999786376952,102.5999984741211,103.5500030517578,90.92963409423828,2870900,2954.179931640625
2019-06-21,103.33000183105467,103.48999786376952,100.93000030517578,101.20999908447266,88.87482452392578,2704700,2950.4599609375
2019-06-24,101.1500015258789,102.56999969482422,101.11000061035156,102.19000244140624,89.73539733886719,1197500,2945.35009765625
2019-06-25,102.3000030517578,102.44000244140624,101.61000061035156,101.61000061035156,89.22607421875,1890200,2917.3798828125
2019-06-26,101.62000274658205,101.72000122070312,99.37999725341795,99.48999786376952,87.36446380615234,1850200,2913.780029296875
2019-06-27,99.9499969482422,100.3499984741211,99.58000183105467,100.13999938964844,87.93524932861328,1074900,2924.919921875
2019-06-28,100.87000274658205,101.73999786376952,100.73999786376952,101.69000244140624,89.29633331298828,1756000,2941.760009765625
2019-07-01,102.9800033569336,103.1999969482422,101.91000366210938,103.1500015258789,90.57838439941406,1418000,2964.330078125
2019-07-02,102.95999908447266,103.56999969482422,102.5999984741211,103.2699966430664,90.68375396728516,1437100,2973.010009765625
2019-07-03,103.2699966430664,107.43000030517578,103.2699966430664,104.62999725341795,91.87798309326172,1090800,2995.820068359375
2019-07-05,104.62999725341795,104.69000244140624,103.55999755859376,104.48999786376952,91.75507354736328,1074000,2990.409912109375
2019-07-08,104.31999969482422,104.66999816894533,104.02999877929688,104.37999725341795,91.65847778320312,1251600,2975.949951171875
2019-07-09,104.11000061035156,104.8000030517578,104.01000213623048,104.66000366210938,91.9043426513672,1321900,2979.6298828125
2019-07-10,104.61000061035156,105.26000213623048,103.80999755859376,104.26000213623048,91.5531005859375,1125200,2993.070068359375
2019-07-11,103.3499984741211,103.80999755859376,102.29000091552734,103.1500015258789,90.57838439941406,1767300,2999.909912109375
2019-07-12,103.3499984741211,103.93000030517578,102.88999938964844,103.91000366210938,91.24576568603516,979400,3013.77001953125
2019-07-15,104.0199966430664,104.38999938964844,103.61000061035156,104.38999938964844,91.66726684570312,1263800,3014.300048828125
2019-07-16,104.5199966430664,104.91999816894533,104.2300033569336,104.8499984741211,92.07118225097656,1161000,3004.0400390625
2019-07-17,104.68000030517578,104.68000030517578,102.45999908447266,102.94000244140624,90.39397430419922,1402100,2984.419921875
2019-07-18,102.93000030517578,103.37999725341795,102.43000030517578,103.1999969482422,90.62227630615234,1205900,2995.110107421875
2019-07-19,103.33000183105467,103.33000183105467,101.36000061035156,101.41000366210938,89.05045318603516,1294700,2976.610107421875
2019-07-22,101.33999633789062,101.97000122070312,101.06999969482422,101.20999908447266,88.87482452392578,1008700,2985.030029296875
2019-07-23,101.1999969482422,101.61000061035156,100.43000030517578,101.51000213623048,89.13825988769531,1257500,3005.469970703125
2019-07-24,101.4800033569336,102.16000366210938,100.88999938964844,102.08000183105467,89.63880157470703,1017300,3019.56005859375
2019-07-25,102.23999786376952,102.43000030517578,101.68000030517578,102.04000091552734,89.60366821289062,1034900,3003.669921875
2019-07-26,102.05999755859376,102.9800033569336,101.5199966430664,102.93000030517578,90.38517761230467,893600,3025.860107421875
2019-07-29,103.0,103.4499969482422,101.72000122070312,101.80999755859376,89.40170288085938,1407600,3020.969970703125
2019-07-30,101.5,102.5,101.2300033569336,101.83000183105467,89.41925811767578,1265000,3013.179931640625
2019-07-31,105.29000091552734,109.12999725341795,105.29000091552734,107.4000015258789,94.31040954589844,3523900,2980.3798828125
2019-08-01,107.69000244140624,107.83999633789062,104.27999877929688,104.87999725341795,92.0975341796875,2090800,2953.56005859375
2019-08-02,104.68000030517578,105.05999755859376,103.31999969482422,104.51000213623048,91.77262878417967,1727200,2932.050048828125
2019-08-05,103.69000244140624,104.05999755859376,101.33000183105467,101.77999877929688,89.3753433227539,1853100,2844.739990234375
2019-08-06,101.88999938964844,103.9000015258789,101.31999969482422,103.87000274658205,91.21062469482422,1913800,2881.77001953125
2019-08-07,102.48999786376952,104.33999633789062,100.83999633789062,103.33000183105467,90.7364501953125,1771400,2883.97998046875
2019-08-08,103.9800033569336,105.58999633789062,103.56999969482422,105.3000030517578,92.4663543701172,1462400,2938.090087890625
2019-08-09,105.0999984741211,105.30999755859376,103.16000366210938,104.08999633789062,91.40382385253906,1984700,2918.64990234375
2019-08-12,103.76000213623048,104.73999786376952,102.58000183105467,102.8499984741211,90.31494903564452,1027900,2882.699951171875
2019-08-13,102.52999877929688,104.87999725341795,102.04000091552734,104.44000244140624,91.711181640625,1444100,2926.320068359375
2019-08-14,103.38999938964844,103.72000122070312,100.83000183105467,101.69000244140624,89.29633331298828,2244900,2840.60009765625
2019-08-15,101.86000061035156,102.36000061035156,101.12999725341795,101.83999633789062,89.42803955078125,1244600,2847.60009765625
2019-08-16,102.3499984741211,103.66999816894533,101.12999725341795,103.22000122070312,90.63986206054688,1939900,2888.679931640625
2019-08-19,104.45999908447266,104.45999908447266,103.73999786376952,103.98999786376952,91.31600189208984,1640200,2923.64990234375
2019-08-20,103.70999908447266,104.29000091552734,103.1500015258789,103.22000122070312,90.63986206054688,923700,2900.510009765625
2019-08-21,103.72000122070312,103.95999908447266,103.3000030517578,103.88999938964844,91.22821044921876,920900,2924.429931640625
2019-08-22,104.54000091552734,104.83999633789062,103.41999816894533,104.5,91.7638702392578,1098000,2922.949951171875
2019-08-23,104.0199966430664,105.36000061035156,101.48999786376952,101.9800033569336,89.5510025024414,1418500,2847.110107421875
2019-08-26,102.5199966430664,103.27999877929688,101.87000274658205,103.20999908447266,90.63106536865234,1230700,2878.3798828125
2019-08-27,103.70999908447266,104.06999969482422,102.4000015258789,102.62999725341795,90.12176513671876,1274900,2869.159912109375
2019-08-28,102.2300033569336,102.88999938964844,101.6500015258789,102.41000366210938,89.9285659790039,1433200,2887.93994140625
2019-08-29,102.69000244140624,102.91000366210938,101.80999755859376,102.22000122070312,90.20214080810548,1296800,2924.580078125
2019-08-30,102.91000366210938,103.19000244140624,101.9000015258789,102.38999938964844,90.3521499633789,2077800,2926.4599609375
2019-09-03,101.80999755859376,102.73999786376952,101.61000061035156,102.54000091552734,90.48450469970705,1969100,2906.27001953125
2019-09-04,103.51000213623048,104.08000183105467,103.19000244140624,103.9000015258789,91.68460845947266,1236400,2937.780029296875
2019-09-05,105.0,105.58999633789062,104.2300033569336,104.37999725341795,92.1081771850586,1158400,2976.0
2019-09-06,104.2699966430664,105.5500030517578,104.02999877929688,105.30999755859376,92.92882537841795,993700,2978.7099609375
2019-09-09,106.02999877929688,106.0999984741211,104.8000030517578,105.79000091552734,93.3524169921875,1075500,2978.429931640625
2019-09-10,105.98999786376952,106.0199966430664,103.94000244140624,105.68000030517578,93.25533294677734,1396200,2979.389892578125
2019-09-11,105.4499969482422,106.16000366210938,104.7300033569336,106.1500015258789,93.67008209228516,1398700,3000.929931640625
2019-09-12,106.31999969482422,106.8499984741211,105.56999969482422,106.58000183105467,94.0495376586914,1310000,3009.570068359375
2019-09-13,106.91000366210938,107.2300033569336,105.51000213623048,105.80999755859376,93.37004852294922,1909400,3007.389892578125
2019-09-16,105.47000122070312,106.41000366210938,105.0500030517578,106.37999725341795,93.873046875,1299500,2997.9599609375
2019-09-17,106.37999725341795,107.97000122070312,106.12000274658205,107.94000244140624,95.2496337890625,1911900,3005.699951171875
2019-09-18,108.0,108.6999969482422,107.18000030517578,107.98999786376952,95.29376220703124,2078900,3006.72998046875
2019-09-19,108.16000366210938,109.0999984741211,108.12000274658205,108.36000061035156,95.6202621459961,1601200,3006.7900390625
2019-09-20,108.66999816894533,109.0199966430664,107.33000183105467,107.91999816894533,95.23198699951172,2087900,2992.070068359375
2019-09-23,107.56999969482422,108.6999969482422,107.22000122070312,108.41000366210938,95.66439056396484,1080800,2991.780029296875
2019-09-24,108.87000274658205,109.5500030517578,107.4800033569336,107.76000213623048,95.0907974243164,2146500,2966.60009765625
2019-09-25,108.0,108.25,107.3000030517578,107.66000366210938,95.00254821777344,2303900,2984.8701171875
2019-09-26,107.6500015258789,108.63999938964844,107.29000091552734,108.11000061035156,95.399658203125,1979800,2977.6201171875
2019-09-27,108.54000091552734,108.54000091552734,107.0999984741211,107.83000183105467,95.152587890625,1550900,2961.7900390625
2019-09-30,108.37999725341795,108.86000061035156,107.75,108.68000030517578,95.9026336669922,2163500,2976.739990234375
2019-10-01,109.0,109.4499969482422,106.9800033569336,107.16999816894533,94.57015228271484,2530100,2940.25
2019-10-02,106.62999725341795,107.12999725341795,104.95999908447266,105.61000061035156,93.19357299804688,1466700,2887.610107421875
2019-10-03,105.58000183105467,106.18000030517578,104.81999969482422,105.6500015258789,93.22887420654295,1276600,2910.6298828125
2019-10-04,105.7300033569336,108.5,105.7300033569336,108.45999908447266,95.70849609375,1715000,2952.010009765625
2019-10-07,108.16999816894533,108.7300033569336,107.4499969482422,107.45999908447266,94.82606506347656,1336300,2938.7900390625
2019-10-08,106.72000122070312,106.98999786376952,105.87000274658205,105.9000015258789,93.4494857788086,1422400,2893.06005859375
2019-10-09,106.5999984741211,107.05999755859376,106.29000091552734,106.56999969482422,94.04071044921876,836100,2919.39990234375
2019-10-10,106.5199966430664,108.04000091552734,106.51000213623048,107.13999938964844,94.54368591308594,1240800,2938.1298828125
2019-10-11,108.20999908447266,108.97000122070312,107.87000274658205,107.93000030517578,95.24080657958984,1297000,2970.27001953125
2019-10-14,107.73999786376952,108.54000091552734,107.5,108.2300033569336,95.50557708740234,1519200,2966.14990234375
2019-10-15,108.62000274658205,109.12999725341795,108.0199966430664,108.06999969482422,95.36434173583984,1489200,2995.679931640625
2019-10-16,107.52999877929688,107.75,106.2300033569336,107.48999786376952,94.85253143310548,1336200,2989.68994140625
2019-10-17,107.79000091552734,108.41000366210938,107.33000183105467,107.73999786376952,95.07315063476562,1051600,2997.949951171875
2019-10-18,108.1999969482422,108.69000244140624,107.58000183105467,108.41000366210938,95.66439056396484,1671800,2986.199951171875
2019-10-21,108.94000244140624,109.29000091552734,108.43000030517578,109.12999725341795,96.29973602294922,1399800,3006.719970703125
2019-10-22,108.66999816894533,108.72000122070312,107.08000183105467,107.5,94.86135864257812,1417900,2995.989990234375
2019-10-23,107.5,108.4000015258789,107.5,108.18000030517578,95.46142578125,1060900,3004.52001953125
2019-10-24,108.4000015258789,108.5500030517578,107.9000015258789,108.26000213623048,95.53201293945312,1104300,3010.2900390625
2019-10-25,108.19000244140624,108.1999969482422,106.7300033569336,107.23999786376952,94.6319351196289,1758100,3022.550048828125
2019-10-28,107.62999725341795,108.2699966430664,106.58999633789062,106.5999984741211,94.06717681884766,1937400,3039.419921875
2019-10-29,106.8000030517578,108.22000122070312,106.31999969482422,108.22000122070312,95.49671173095705,1784900,3036.889892578125
2019-10-30,107.47000122070312,107.61000061035156,103.6500015258789,104.9499969482422,92.61116027832033,2267400,3046.77001953125
2019-10-31,104.47000122070312,106.45999908447266,104.06999969482422,106.41999816894533,93.90834045410156,1600600,3037.56005859375
2019-11-01,106.9800033569336,107.38999938964844,105.45999908447266,105.9000015258789,93.4494857788086,2281400,3066.909912109375
2019-11-04,106.5500030517578,107.52999877929688,106.36000061035156,106.48999786376952,93.97010040283205,1379000,3078.27001953125
2019-11-05,106.93000030517578,107.06999969482422,105.80999755859376,105.83999633789062,93.3965301513672,1554500,3074.6201171875
2019-11-06,105.87000274658205,106.98999786376952,105.66999816894533,106.9499969482422,94.37602996826172,1948200,3076.780029296875
2019-11-07,106.9499969482422,108.41000366210938,106.80999755859376,107.72000122070312,95.05548858642578,1974500,3085.179931640625
2019-11-08,107.54000091552734,108.30999755859376,107.33999633789062,108.19000244140624,95.47025299072266,1374500,3093.080078125
2019-11-11,107.6999969482422,109.43000030517578,107.41000366210938,109.37999725341795,96.52032470703124,1011100,3087.010009765625
2019-11-12,109.62000274658205,111.0,109.29000091552734,110.12999725341795,97.18215942382812,2053000,3091.840087890625
2019-11-13,109.47000122070312,110.98999786376952,109.05999755859376,110.56999969482422,97.57044219970705,1806200,3094.0400390625
2019-11-14,110.36000061035156,110.86000061035156,110.0999984741211,110.8000030517578,97.77338409423828,988100,3096.6298828125
2019-11-15,110.97000122070312,111.31999969482422,110.45999908447266,111.0999984741211,98.03812408447266,1459500,3120.4599609375
2019-11-18,110.86000061035156,111.51000213623048,110.76000213623048,111.51000213623048,98.3999252319336,1668900,3122.030029296875
2019-11-19,111.54000091552734,111.7699966430664,110.91000366210938,111.02999877929688,97.9763412475586,1682200,3120.179931640625
2019-11-20,110.7699966430664,111.18000030517578,109.88999938964844,110.4000015258789,97.42041778564452,1787800,3108.4599609375
2019-11-21,110.30999755859376,110.63999938964844,109.3000030517578,110.1999969482422,97.24392700195312,1755900,3103.5400390625
2019-11-22,110.3000030517578,111.0,109.91000366210938,110.04000091552734,97.10272979736328,1036100,3110.2900390625
2019-11-25,110.25,111.11000061035156,110.25,110.63999938964844,97.63220977783205,956200,3133.639892578125
2019-11-26,110.88999938964844,112.63999938964844,110.63999938964844,112.62000274658205,99.37942504882812,2127300,3140.52001953125
2019-11-27,112.36000061035156,112.5,111.5999984741211,112.0199966430664,99.290771484375,1599900,3153.6298828125
2019-11-29,112.22000122070312,112.5,111.29000091552734,111.3499984741211,98.69690704345705,817900,3140.97998046875
2019-12-02,111.70999908447266,111.8499984741211,111.0199966430664,111.13999938964844,98.51077270507812,1180700,3113.8701171875
2019-12-03,110.29000091552734,110.38999938964844,108.95999908447266,109.44000244140624,97.00396728515624,1191300,3093.199951171875
2019-12-04,109.36000061035156,110.5199966430664,109.12000274658205,110.13999938964844,97.62440490722656,1209100,3112.760009765625
2019-12-05,110.16000366210938,110.33000183105467,109.33999633789062,109.54000091552734,97.09259033203124,2608500,3117.429931640625
2019-12-06,110.16999816894533,111.51000213623048,110.16999816894533,111.0999984741211,98.4753189086914,1805100,3145.909912109375
2019-12-09,111.0500030517578,111.5500030517578,110.5999984741211,111.31999969482422,98.67032623291016,1789400,3135.9599609375
2019-12-10,111.33999633789062,111.76000213623048,110.62999725341795,110.73999786376952,98.1562271118164,1031000,3132.52001953125
2019-12-11,110.54000091552734,110.68000030517578,109.06999969482422,109.58999633789062,97.13688659667967,1489300,3141.6298828125
2019-12-12,109.38999938964844,110.56999969482422,108.93000030517578,110.3499984741211,97.810546875,1757200,3168.570068359375
2019-12-13,109.8000030517578,110.29000091552734,109.2300033569336,109.6999969482422,97.2344207763672,1523400,3168.800048828125
2019-12-16,109.9000015258789,110.12000274658205,109.16999816894533,109.62000274658205,97.16349792480467,2329900,3191.449951171875
2019-12-17,109.88999938964844,110.62000274658205,109.4499969482422,109.8499984741211,97.36734771728516,3208100,3192.52001953125
2019-12-18,110.18000030517578,110.18000030517578,109.19000244140624,109.6500015258789,97.1900863647461,1672200,3191.139892578125
2019-12-19,109.4499969482422,111.20999908447266,108.9800033569336,111.20999908447266,98.57283782958984,2351900,3205.3701171875
2019-12-20,112.43000030517578,113.31999969482422,111.51000213623048,111.58000183105467,98.9007797241211,3457700,3221.219970703125
2019-12-23,111.81999969482422,112.0,110.38999938964844,110.87999725341795,98.28031158447266,1834700,3224.010009765625
2019-12-24,110.9499969482422,111.61000061035156,110.9499969482422,111.16999816894533,98.53736114501952,831700,3223.3798828125
2019-12-26,111.16000366210938,112.12000274658205,111.13999938964844,111.5999984741211,98.91848754882812,822900,3239.909912109375
2019-12-27,111.87000274658205,112.12000274658205,111.41000366210938,111.87000274658205,99.1578140258789,1041600,3240.02001953125
2019-12-30,112.0,112.0500030517578,111.33999633789062,111.7699966430664,99.06917572021484,920300,3221.2900390625
2019-12-31,111.81999969482422,112.4800033569336,111.58999633789062,112.4499969482422,99.67191314697266,1109000,3230.780029296875
2020-01-02,112.97000122070312,113.0,111.66000366210938,112.81999969482422,99.9998779296875,1212400,3257.85009765625
2020-01-03,111.83999633789062,113.0999984741211,111.7699966430664,112.83000183105467,100.0087432861328,1047100,3234.85009765625
2020-01-06,112.33999633789062,113.20999908447266,112.04000091552734,113.16000366210938,100.30123901367188,1214800,3246.280029296875
2020-01-07,112.68000030517578,112.98999786376952,112.16000366210938,112.19000244140624,99.44145965576172,1641000,3237.179931640625
2020-01-08,112.5500030517578,113.83000183105467,112.44000244140624,112.5,99.71623229980467,1748900,3253.050048828125
2020-01-09,113.0,113.91000366210938,112.72000122070312,113.77999877929688,100.85077667236328,1462000,3274.699951171875
2020-01-10,113.95999908447266,114.16000366210938,113.18000030517578,113.4499969482422,100.55828857421876,1431200,3265.35009765625
2020-01-13,113.4800033569336,114.48999786376952,113.4499969482422,114.4800033569336,101.47124481201172,1526100,3288.1298828125
2020-01-14,114.3499984741211,114.38999938964844,113.44000244140624,113.8000030517578,100.86851501464844,1899100,3283.14990234375
2020-01-15,113.62000274658205,114.62999725341795,113.0500030517578,114.26000213623048,101.2762451171875,1692500,3289.2900390625
2020-01-16,114.54000091552734,116.16000366210938,114.2699966430664,116.1500015258789,102.95146942138672,1902900,3316.81005859375
2020-01-17,116.4000015258789,117.62000274658205,115.8499984741211,117.5500030517578,104.1923828125,1725700,3329.6201171875
2020-01-21,117.1500015258789,118.2699966430664,117.05999755859376,117.8000030517578,104.41397094726562,1314100,3320.7900390625
2020-01-22,118.23999786376952,118.69000244140624,117.58999633789062,117.6500015258789,104.2810287475586,1274100,3321.75
2020-01-23,117.05999755859376,118.38999938964844,116.0999984741211,118.1500015258789,104.72420501708984,1502400,3325.5400390625
2020-01-24,118.23999786376952,118.75,117.4800033569336,118.27999877929688,104.83943176269533,2152200,3295.469970703125
2020-01-27,117.0,117.93000030517578,116.55999755859376,116.58000183105467,103.3326187133789,1135200,3243.6298828125
2020-01-28,116.87999725341795,118.1500015258789,116.87999725341795,117.54000091552734,104.18352508544922,1496500,3276.239990234375
2020-01-29,118.5,118.72000122070312,117.66999816894533,118.36000061035156,104.9103546142578,1878800,3273.39990234375
2020-01-30,117.58999633789062,119.9800033569336,117.56999969482422,119.87999725341795,106.25760650634766,1289400,3283.659912109375
2020-01-31,119.20999908447266,120.11000061035156,118.2699966430664,118.54000091552734,105.06988525390624,1754500,3225.52001953125
2020-02-03,119.0,120.06999969482422,118.8000030517578,119.0500030517578,105.5219497680664,1439300,3248.919921875
2020-02-04,120.16000366210938,121.16000366210938,119.91000366210938,119.9499969482422,106.31965637207033,1848200,3297.590087890625
2020-02-05,121.06999969482422,124.94000244140624,121.06999969482422,124.66999816894533,110.5033187866211,2718400,3334.68994140625
2020-02-06,124.7699966430664,125.43000030517578,123.79000091552734,123.88999938964844,109.8119659423828,1506700,3345.780029296875
2020-02-07,123.87000274658205,124.76000213623048,123.61000061035156,124.43000030517578,110.29058074951172,1331600,3327.7099609375
2020-02-10,124.33999633789062,124.83000183105467,123.2699966430664,123.9499969482422,109.86512756347656,1534300,3352.090087890625
2020-02-11,123.9000015258789,125.41000366210938,123.72000122070312,125.0999984741211,110.88445281982422,1739600,3357.75
2020-02-12,125.25,125.25,122.9499969482422,123.77999877929688,109.71446228027344,1549100,3379.449951171875
2020-02-13,123.6500015258789,124.91999816894533,123.1999969482422,124.88999938964844,110.69832611083984,1367500,3373.93994140625
2020-02-14,124.93000030517578,125.58999633789062,124.6500015258789,125.56999969482422,111.3010482788086,1110900,3380.159912109375
2020-02-18,125.4000015258789,125.91999816894533,124.11000061035156,124.3000030517578,110.17534637451172,1663700,3370.2900390625
2020-02-19,124.5999984741211,125.0,123.8499984741211,124.26000213623048,110.13990783691406,1414600,3386.14990234375
2020-02-20,123.98999786376952,124.4800033569336,123.0500030517578,123.45999908447266,109.43081665039062,2146100,3373.22998046875
2020-02-21,123.29000091552734,124.02999877929688,122.91999816894533,123.62000274658205,109.57261657714844,1477700,3337.75
2020-02-24,121.4499969482422,122.37000274658205,120.18000030517578,120.54000091552734,106.8426284790039,1745600,3225.889892578125
2020-02-25,120.75,120.8000030517578,117.13999938964844,117.30999755859376,103.97964477539062,2046400,3128.2099609375
2020-02-26,117.95999908447266,119.01000213623048,115.72000122070312,115.7300033569336,102.57918548583984,2479000,3116.389892578125
2020-02-27,114.58999633789062,115.02999877929688,109.87000274658205,109.91999816894533,97.42940521240234,2366900,2978.760009765625
2020-02-28,106.58000183105467,107.9000015258789,102.91000366210938,105.25,93.75064086914062,4179800,2954.219970703125
2020-03-02,104.58999633789062,112.76000213623048,104.58999633789062,112.66999816894533,100.35994720458984,2794600,3090.22998046875
2020-03-03,112.43000030517578,113.58000183105467,108.0,109.1999969482422,97.2690887451172,2810300,3003.3701171875
2020-03-04,111.33000183105467,114.88999938964844,110.16999816894533,114.51000213623048,101.99893951416016,1905900,3130.1201171875
2020-03-05,111.1500015258789,112.08999633789062,107.04000091552734,108.45999908447266,96.60993194580078,2459900,3023.93994140625
2020-03-06,104.20999908447266,107.70999908447266,103.91000366210938,107.13999938964844,95.43415069580078,3277500,2972.3701171875
2020-03-09,99.56999969482422,100.16000366210938,94.0199966430664,95.61000061035156,85.16387939453125,2527100,2746.56005859375
2020-03-10,99.36000061035156,100.1999969482422,94.58000183105467,99.26000213623048,88.41510009765625,2511100,2882.22998046875
2020-03-11,96.25,96.68000030517578,90.5500030517578,92.7699966430664,82.63417053222656,2662000,2741.3798828125
2020-03-12,86.04000091552734,90.37999725341795,83.72000122070312,83.80000305175781,74.64423370361328,4397700,2480.639892578125
2020-03-13,89.45999908447266,93.05999755859376,83.0999984741211,92.7699966430664,82.63417053222656,3606000,2711.02001953125
2020-03-16,78.0,90.54000091552734,78.0,84.9800033569336,75.6952896118164,3607500,2386.1298828125
2020-03-17,87.16000366210938,90.6500015258789,85.2699966430664,87.94000244140625,78.3318862915039,2917900,2529.18994140625
2020-03-18,81.63999938964844,83.75,64.12999725341797,75.55000305175781,67.29558563232422,3617400,2398.10009765625
2020-03-19,74.12999725341797,78.5199966430664,70.7300033569336,74.69000244140625,66.5295639038086,2475800,2409.389892578125
2020-03-20,76.36000061035156,78.66000366210938,70.76000213623047,73.87000274658203,65.79915618896484,3911100,2304.919921875
2020-03-23,71.73999786376953,75.91999816894531,68.86000061035156,73.2300033569336,65.22908020019531,3181100,2237.39990234375
2020-03-24,78.0999984741211,79.18000030517578,75.69999694824219,77.91999816894531,69.40666961669922,3197500,2447.330078125
2020-03-25,77.86000061035156,86.70999908447266,75.01000213623047,83.0,73.93162536621094,3539600,2475.56005859375
2020-03-26,83.11000061035156,90.51000213623048,83.01000213623047,89.5,79.72146606445312,3563500,2630.070068359375
2020-03-27,86.11000061035156,92.58999633789062,85.12999725341797,88.45999908447266,78.79508209228516,2662500,2541.469970703125
2020-03-30,88.27999877929688,95.29000091552734,85.4800033569336,94.63999938964844,84.29985809326172,2745400,2626.64990234375
2020-03-31,93.4000015258789,94.19000244140624,91.20999908447266,91.7300033569336,81.70781707763672,2534900,2584.590087890625
2020-04-01,86.48999786376953,88.80000305175781,85.3499984741211,86.4000015258789,76.96014404296875,2684000,2470.5
2020-04-02,86.2699966430664,89.7300033569336,84.04000091552734,85.79000091552734,76.41680145263672,2580000,2526.89990234375
2020-04-03,85.08999633789062,86.98999786376953,83.75,85.95999908447266,76.5682144165039,3264300,2488.64990234375
2020-04-06,90.52999877929688,94.62999725341795,88.63999938964844,93.5199966430664,83.30223846435547,2408400,2663.679931640625
2020-04-07,97.5999984741211,99.56999969482422,92.26000213623048,92.52999877929688,82.42039489746094,2677500,2659.409912109375
2020-04-08,94.04000091552734,98.37000274658205,91.5,97.25,86.62471008300781,1951900,2749.97998046875
2020-04-09,98.94000244140624,102.19000244140624,97.8000030517578,100.33999633789062,89.37710571289062,2714200,2789.820068359375
2020-04-13,101.81999969482422,102.25,97.37999725341795,98.0,87.29276275634766,2225500,2761.6298828125
2020-04-14,100.11000061035156,103.11000061035156,99.11000061035156,102.44000244140624,91.2476577758789,2393700,2846.06005859375
2020-04-15,98.7300033569336,99.9000015258789,97.47000122070312,97.94000244140624,87.23930358886719,2036600,2783.360107421875
2020-04-16,97.7699966430664,100.23999786376952,97.61000061035156,99.93000030517578,89.01190185546875,2168600,2799.550048828125
2020-04-17,103.0,105.79000091552734,100.12000274658205,104.91999816894533,93.45670318603516,3991000,2874.56005859375
2020-04-20,103.18000030517578,105.2699966430664,101.48999786376952,102.72000122070312,91.49706268310548,2378900,2823.159912109375
2020-04-21,99.27999877929688,102.2699966430664,98.41999816894533,100.08999633789062,89.15440368652344,1731600,2736.56005859375
2020-04-22,101.87999725341795,102.8499984741211,99.88999938964844,101.98999786376952,90.84680938720705,1828600,2799.31005859375
2020-04-23,102.63999938964844,103.29000091552734,99.41999816894533,99.4499969482422,88.58435821533203,1672200,2797.800048828125
2020-04-24,100.70999908447266,101.75,99.25,101.44000244140624,90.35691833496094,1801100,2836.739990234375
2020-04-27,101.80999755859376,103.58000183105467,101.6500015258789,103.08999633789062,91.82662963867188,1639800,2878.47998046875
2020-04-28,105.19000244140624,106.73999786376952,101.68000030517578,101.83999633789062,90.71321868896484,2058400,2863.389892578125
2020-04-29,104.5500030517578,106.72000122070312,102.7699966430664,105.81999969482422,94.25836944580078,2661100,2939.510009765625
2020-04-30,103.62000274658205,104.9800033569336,101.22000122070312,101.72000122070312,90.6063232421875,2468700,2912.429931640625
2020-05-01,99.97000122070312,100.58999633789062,98.9000015258789,99.73999786376952,88.8426513671875,2186100,2830.7099609375
2020-05-04,98.9800033569336,100.73999786376952,98.16000366210938,100.33999633789062,89.37710571289062,1548000,2842.739990234375
2020-05-05,101.1500015258789,103.31999969482422,101.1500015258789,102.1500015258789,90.98933410644533,2006900,2868.43994140625
2020-05-06,102.33000183105467,104.29000091552734,101.02999877929688,101.4800033569336,90.39256286621094,2471500,2848.419921875
2020-05-07,102.58000183105467,104.0500030517578,100.16000366210938,100.8499984741211,89.83138275146484,2408500,2881.18994140625
2020-05-08,102.5999984741211,102.8000030517578,100.63999938964844,100.79000091552734,89.77794647216797,2217700,2929.800048828125
2020-05-11,99.87000274658205,102.41999816894533,98.77999877929688,101.83999633789062,90.71321868896484,2079100,2930.18994140625
2020-05-12,102.06999969482422,102.55999755859376,97.52999877929688,97.5500030517578,86.89192199707031,1634100,2870.1201171875
2020-05-13,96.93000030517578,97.38999938964844,91.4499969482422,92.08000183105467,82.01956176757812,2798200,2820.0
2020-05-14,91.18000030517578,94.1500015258789,89.51000213623047,93.91999816894533,83.65852355957031,1690400,2852.5
2020-05-15,93.08000183105467,95.61000061035156,92.0500030517578,95.37999725341795,84.95901489257812,2439700,2863.699951171875
2020-05-18,98.29000091552734,100.02999877929688,98.05999755859376,99.04000091552734,88.21914672851562,1611800,2953.909912109375
2020-05-19,98.37000274658205,99.38999938964844,97.22000122070312,97.2699966430664,86.64251708984375,1180200,2922.93994140625
2020-05-20,98.56999969482422,98.94000244140624,96.75,96.98999786376952,86.39311981201172,2386800,2971.610107421875
2020-05-21,96.48999786376952,96.83999633789062,92.08000183105467,94.12999725341795,83.84557342529297,2972300,2948.510009765625
2020-05-22,94.43000030517578,95.05999755859376,92.69000244140624,94.81999969482422,84.460205078125,1510200,2955.449951171875
2020-05-26,97.9000015258789,98.12000274658205,93.87000274658205,94.0500030517578,83.77433013916016,2756600,2991.77001953125
2020-05-27,96.41000366210938,97.75,94.52999877929688,97.7300033569336,87.0522689819336,2711600,3036.1298828125
2020-05-28,98.58999633789062,99.30999755859376,96.91999816894533,98.26000213623048,88.0106430053711,1932700,3029.72998046875
2020-05-29,97.69000244140624,98.02999877929688,96.0999984741211,97.80999755859376,87.60758972167969,2112400,3044.31005859375
2020-06-01,98.36000061035156,99.58999633789062,97.97000122070312,99.06999969482422,88.73617553710938,1601100,3055.72998046875
2020-06-02,99.4000015258789,99.72000122070312,98.33999633789062,99.0,88.6734619140625,1586000,3080.820068359375
2020-06-03,100.25,100.91000366210938,99.70999908447266,100.41000366210938,89.93639373779297,1673200,3122.8701171875
2020-06-04,99.9000015258789,102.08999633789062,99.25,101.86000061035156,91.23514556884766,1980800,3112.35009765625
2020-06-05,106.4499969482422,106.5999984741211,102.86000061035156,105.47000122070312,94.46858215332033,2313500,3193.929931640625
2020-06-08,105.6500015258789,107.08000183105467,104.7699966430664,106.98999786376952,95.83003997802734,2240200,3232.389892578125
2020-06-09,105.41000366210938,105.87999725341795,102.80999755859376,103.20999908447266,92.44432067871094,1654900,3207.179931640625
2020-06-10,102.9800033569336,104.0,101.69000244140624,101.9800033569336,91.34262084960938,2013100,3190.139892578125
2020-06-11,99.7300033569336,100.2300033569336,94.77999877929688,94.79000091552734,84.902587890625,2295400,3002.10009765625
2020-06-12,97.33999633789062,97.5,93.26000213623048,95.6999969482422,85.71768188476562,2198800,3041.31005859375
2020-06-15,93.08999633789062,98.41000366210938,92.6999969482422,97.83000183105467,87.6255111694336,2049000,3066.590087890625
2020-06-16,100.62999725341795,101.08000183105467,97.20999908447266,99.12000274658205,88.78094482421875,1850200,3124.739990234375
2020-06-17,99.12999725341795,99.6500015258789,97.6999969482422,97.9499969482422,87.73297882080078,1566900,3113.489990234375
2020-06-18,97.45999908447266,99.0199966430664,96.5999984741211,98.75,88.44953155517578,1337000,3115.340087890625
2020-06-19,101.0,101.0,97.51000213623048,98.7300033569336,88.43163299560547,3654700,3097.739990234375
2020-06-22,97.88999938964844,98.58000183105467,96.94000244140624,97.16000366210938,87.02538299560547,1465300,3117.860107421875
2020-06-23,98.91999816894533,99.27999877929688,96.54000091552734,96.66000366210938,86.57754516601562,1672300,3131.2900390625
2020-06-24,95.8000030517578,95.9000015258789,92.87999725341795,92.9499969482422,83.25452423095703,2743600,3050.330078125
2020-06-25,93.37000274658205,95.87999725341795,93.25,95.83000183105467,85.8341293334961,1652400,3083.760009765625
2020-06-26,94.5,95.6999969482422,93.70999908447266,94.58000183105467,84.71450805664062,2418300,3009.050048828125
2020-06-29,95.55999755859376,95.87999725341795,94.58000183105467,95.44000244140624,85.48479461669922,1262200,3053.239990234375
2020-06-30,95.5500030517578,97.68000030517578,95.41000366210938,96.98999786376952,86.87311553955078,1839800,3100.2900390625
2020-07-01,96.7300033569336,97.43000030517578,95.37000274658205,95.52999877929688,85.56539916992188,1611000,3115.860107421875
2020-07-02,97.06999969482422,97.26000213623048,93.87000274658205,94.08999633789062,84.2756118774414,1941300,3130.010009765625
2020-07-06,95.83000183105467,96.81999969482422,95.08999633789062,95.63999938964844,85.6639404296875,1451400,3179.719970703125
2020-07-07,95.05999755859376,95.20999908447266,92.41999816894533,92.6500015258789,82.98580932617188,1312500,3145.320068359375
2020-07-08,89.19000244140625,90.9499969482422,87.69000244140625,88.22000122070312,79.01791381835938,5064400,3169.93994140625
2020-07-09,88.56999969482422,88.79000091552734,84.97000122070312,85.81999969482422,76.86824798583984,3216100,3152.050048828125
2020-07-10,86.23999786376953,87.52999877929688,85.69000244140625,86.97000122070312,77.89828491210938,2793200,3185.0400390625
2020-07-13,88.2699966430664,89.52999877929688,86.37000274658203,88.5,79.2686996459961,2846200,3155.219970703125
2020-07-14,88.38999938964844,90.41999816894533,88.30000305175781,89.7300033569336,80.37041473388672,2472100,3197.52001953125
2020-07-15,91.93000030517578,91.93000030517578,89.3499984741211,90.12999725341795,80.72867584228516,2480500,3226.56005859375
2020-07-16,89.7699966430664,93.0199966430664,89.6500015258789,91.61000061035156,82.05430603027344,2083400,3215.570068359375
2020-07-17,92.0199966430664,92.08000183105467,90.16000366210938,91.66999816894533,82.1080322265625,3274500,3224.72998046875
2020-07-20,91.26000213623048,92.22000122070312,90.81999969482422,90.93000030517578,81.44522094726562,1773400,3251.840087890625
2020-07-21,91.43000030517578,92.93000030517578,91.27999877929688,91.86000061035156,82.27821350097656,1723700,3257.300048828125
2020-07-22,91.36000061035156,93.76000213623048,91.33000183105467,93.5199966430664,83.76505279541016,1726400,3276.02001953125
2020-07-23,93.33999633789062,95.41000366210938,93.33999633789062,94.66999816894533,84.79512023925781,3225200,3235.659912109375
2020-07-24,94.7699966430664,95.47000122070312,92.88999938964844,94.36000061035156,84.51744842529297,1857300,3215.6298828125
2020-07-27,93.98999786376952,94.16000366210938,91.66999816894533,92.6999969482422,83.03060913085938,1635100,3239.409912109375
2020-07-28,92.6999969482422,93.05999755859376,91.95999908447266,92.2699966430664,82.64546203613281,1114300,3218.43994140625
2020-07-29,92.30999755859376,94.38999938964844,92.25,94.0,84.19499969482422,1649800,3258.43994140625
2020-07-30,92.5,93.16999816894533,91.91999816894533,92.08000183105467,82.47528076171875,1712500,3246.219970703125
2020-07-31,92.0500030517578,94.5199966430664,91.8499984741211,94.38999938964844,84.54431915283203,2077200,3271.1201171875
2020-08-03,94.52999877929688,97.23999786376952,94.0,96.19000244140624,86.15657806396484,1982700,3294.610107421875
2020-08-04,96.58000183105467,97.62000274658205,95.83999633789062,96.23999786376952,86.20133972167969,2443300,3306.510009765625
2020-08-05,98.19000244140624,100.55999755859376,93.88999938964844,94.76000213623048,84.87572479248047,3498800,3327.77001953125
2020-08-06,94.4499969482422,95.8499984741211,94.20999908447266,94.4800033569336,84.62493896484375,1306000,3349.159912109375
2020-08-07,94.05999755859376,96.9800033569336,94.05999755859376,96.91000366210938,86.80146026611328,1169400,3351.280029296875
2020-08-10,97.0999984741211,97.5999984741211,96.62000274658205,97.25,87.10599517822266,1262500,3360.469970703125
2020-08-11,98.72000122070312,99.16000366210938,96.55999755859376,96.83000183105467,86.72980499267578,1376700,3333.68994140625
2020-08-12,98.1999969482422,98.58000183105467,95.86000061035156,96.2300033569336,86.19239044189453,1404600,3380.35009765625
2020-08-13,95.5199966430664,96.91000366210938,95.05999755859376,96.26000213623048,86.2192611694336,1068500,3373.429931640625
2020-08-14,95.6500015258789,96.70999908447266,95.16999816894533,96.12000274658205,86.0938720703125,1581300,3372.85009765625
2020-08-17,96.31999969482422,96.66000366210938,95.11000061035156,95.2300033569336,85.29670715332031,1437100,3381.989990234375
2020-08-18,95.20999908447266,95.66999816894533,94.5,94.68000030517578,84.80406951904297,1367100,3389.780029296875
2020-08-19,94.98999786376952,95.87000274658205,93.87999725341795,94.27999877929688,84.44580841064453,1177400,3374.85009765625
2020-08-20,93.63999938964844,96.06999969482422,93.5,95.36000061035156,85.41316223144531,1618800,3385.510009765625
2020-08-21,95.48999786376952,95.87000274658205,94.02999877929688,94.48999786376952,84.63390350341797,1326200,3397.159912109375
2020-08-24,94.79000091552734,95.12999725341795,93.08000183105467,95.0,85.09069061279297,2399700,3431.280029296875
2020-08-25,95.3499984741211,95.5500030517578,93.61000061035156,93.7699966430664,83.98899841308594,1662100,3443.6201171875
2020-08-26,93.38999938964844,94.08000183105467,92.66000366210938,93.01000213623048,83.30826568603516,1688900,3478.72998046875
2020-08-27,93.01000213623048,95.12000274658205,92.8499984741211,94.12999725341795,84.80380249023438,2327000,3484.550048828125
2020-08-28,94.88999938964844,94.88999938964844,93.6500015258789,94.3000030517578,84.95696258544922,2976200,3508.010009765625
2020-08-31,94.2699966430664,94.3000030517578,92.3499984741211,93.0,83.78575897216797,1571400,3500.31005859375
2020-09-01,92.9000015258789,93.62999725341795,92.27999877929688,92.95999908447266,83.74971771240234,1890400,3526.64990234375
2020-09-02,92.7300033569336,95.08000183105467,92.13999938964844,94.58999633789062,85.21823120117188,3079100,3580.840087890625
2020-09-03,95.1999969482422,97.38999938964844,92.52999877929688,93.33999633789062,84.09207916259766,2022100,3455.06005859375
2020-09-04,94.62999725341795,95.16999816894533,92.63999938964844,93.80999755859376,84.51551055908203,1892500,3426.9599609375
2020-09-08,93.72000122070312,93.79000091552734,91.06999969482422,91.25,82.20913696289062,1927600,3331.840087890625
2020-09-09,91.93000030517578,93.69000244140624,91.61000061035156,92.54000091552734,83.371337890625,1784500,3398.9599609375
2020-09-10,93.11000061035156,94.08999633789062,92.58000183105467,92.62000274658205,83.44342803955078,1850800,3339.18994140625
2020-09-11,92.80999755859376,94.13999938964844,92.4800033569336,93.81999969482422,84.52452850341797,1288300,3340.969970703125
2020-09-14,94.4000015258789,95.56999969482422,94.2699966430664,94.9499969482422,85.54254913330078,1471400,3383.5400390625
2020-09-15,95.5999984741211,96.58000183105467,93.9800033569336,94.83999633789062,85.4434585571289,2411400,3401.199951171875
2020-09-16,95.1500015258789,97.55999755859376,94.94000244140624,95.91000366210938,86.40744018554688,1797400,3385.489990234375
2020-09-17,95.0,95.22000122070312,92.26000213623048,92.8000030517578,83.6055908203125,1539500,3357.010009765625
2020-09-18,92.54000091552734,92.9800033569336,90.91000366210938,91.27999877929688,82.23617553710938,2549400,3319.469970703125
2020-09-21,90.04000091552734,92.56999969482422,89.72000122070312,92.02999877929688,82.911865234375,2608900,3281.06005859375
2020-09-22,92.72000122070312,94.0,91.61000061035156,92.33999633789062,83.1911392211914,2095300,3315.570068359375
2020-09-23,92.25,93.05999755859376,89.56999969482422,89.62000274658203,80.74063873291016,1817800,3236.919921875
2020-09-24,89.68000030517578,91.1999969482422,88.77999877929688,89.9800033569336,81.06497192382812,1941300,3246.590087890625
2020-09-25,89.06999969482422,91.5999984741211,88.91999816894531,91.27999877929688,82.23617553710938,2077800,3298.4599609375
2020-09-28,92.30999755859376,94.12999725341795,91.88999938964844,93.22000122070312,83.98397064208984,1385100,3351.60009765625
2020-09-29,92.83999633789062,93.79000091552734,92.29000091552734,93.44000244140624,84.18216705322266,2403200,3335.469970703125
2020-09-30,93.5500030517578,94.68000030517578,93.31999969482422,94.13999938964844,84.81281280517578,2090500,3363.0
2020-10-01,95.0999984741211,95.1500015258789,91.66000366210938,92.26000213623048,83.11907958984375,2662500,3380.800048828125
2020-10-02,91.33999633789062,94.36000061035156,91.18000030517578,93.0199966430664,83.80376434326172,1369000,3348.419921875
2020-10-05,93.80999755859376,94.9499969482422,93.13999938964844,93.68000030517578,84.39838409423828,1501800,3408.60009765625
2020-10-06,93.98999786376952,94.83000183105467,92.2699966430664,92.6500015258789,83.4704360961914,2163800,3360.969970703125
2020-10-07,93.4000015258789,94.83999633789062,93.02999877929688,93.29000091552734,84.0470199584961,1558100,3419.43994140625
2020-10-08,93.5999984741211,94.91000366210938,93.26000213623048,93.58000183105467,84.30829620361328,1422900,3446.830078125
2020-10-09,93.88999938964844,93.97000122070312,92.7699966430664,92.86000061035156,83.65962219238281,1501300,3477.139892578125
2020-10-12,93.11000061035156,94.8499984741211,92.9000015258789,94.26000213623048,84.92091369628906,1526500,3534.219970703125
2020-10-13,94.0199966430664,94.66000366210938,91.37000274658205,91.79000091552734,82.69564819335938,2513700,3511.929931640625
2020-10-14,91.87999725341795,93.0999984741211,91.23999786376952,91.27999877929688,82.23617553710938,2514300,3488.669921875
2020-10-15,90.04000091552734,92.2699966430664,89.9000015258789,91.70999908447266,82.62356567382812,1812000,3483.340087890625
2020-10-16,91.81999969482422,93.2699966430664,91.81999969482422,92.58000183105467,83.4073486328125,3521000,3483.81005859375
2020-10-19,92.12000274658205,93.0999984741211,91.0500030517578,91.41999816894533,82.3623046875,1326800,3426.919921875
2020-10-20,92.25,92.52999877929688,90.93000030517578,91.08000183105467,82.05599212646484,1621500,3443.1201171875
2020-10-21,90.91999816894533,91.87000274658205,90.3000030517578,90.76000213623048,81.76768493652344,2483900,3435.56005859375
2020-10-22,90.8499984741211,91.9499969482422,90.11000061035156,91.69000244140624,82.60554504394531,1479900,3453.489990234375
2020-10-23,92.5199966430664,92.66000366210938,90.91000366210938,91.25,82.20913696289062,1166200,3465.389892578125
2020-10-26,90.56999969482422,90.88999938964844,89.52999877929688,90.81999969482422,81.82174682617188,1662700,3400.969970703125
2020-10-27,90.58000183105467,90.87999725341795,89.0,89.04000091552734,80.21810150146484,1800000,3390.679931640625
2020-10-28,87.75,88.94999694824219,87.33000183105469,88.0,79.28114318847656,2620500,3271.030029296875
2020-10-29,87.44000244140625,89.43000030517578,86.51000213623047,88.58999633789062,79.81269073486328,1653800,3310.110107421875
2020-10-30,88.27999877929688,89.4000015258789,87.69999694824219,88.75,79.95684051513672,1796400,3269.9599609375
2020-11-02,90.04000091552734,91.23999786376952,89.12000274658203,90.9000015258789,81.89382934570312,1922400,3310.239990234375
2020-11-03,92.4000015258789,94.31999969482422,92.29000091552734,92.91999816894533,83.71368408203125,1724600,3369.159912109375
2020-11-04,91.56999969482422,94.0999984741211,90.5999984741211,92.04000091552734,82.92088317871094,2148700,3443.43994140625
2020-11-05,93.26000213623048,94.13999938964844,90.06999969482422,90.41000366210938,81.4523696899414,2740200,3510.449951171875
2020-11-06,91.33999633789062,92.4800033569336,90.41999816894533,91.1500015258789,82.11905670166016,1507500,3509.43994140625
2020-11-09,96.62999725341795,96.98999786376952,91.16000366210938,93.88999938964844,84.58757781982422,3943200,3550.5
2020-11-10,94.79000091552734,94.91000366210938,93.06999969482422,94.44000244140624,85.08309936523438,2607700,3545.530029296875
2020-11-11,95.11000061035156,95.3499984741211,93.9800033569336,94.37000274658205,85.02003479003906,1675000,3572.659912109375
2020-11-12,94.16000366210938,95.5,93.9499969482422,94.80999755859376,85.41643524169922,1794900,3537.010009765625
2020-11-13,95.19000244140624,97.12000274658205,95.19000244140624,96.70999908447266,87.12816619873047,1669900,3585.14990234375
2020-11-16,98.48999786376952,98.83000183105467,97.08000183105467,98.05999755859376,88.34442138671875,2023100,3626.909912109375
2020-11-17,98.05999755859376,99.73999786376952,97.0500030517578,99.37000274658205,89.5246353149414,1756400,3609.530029296875
2020-11-18,99.55999755859376,102.01000213623048,98.5500030517578,100.06999969482422,90.15525817871094,2517800,3567.7900390625
2020-11-19,99.1999969482422,100.80999755859376,98.1500015258789,100.37000274658205,90.42555236816406,2155700,3581.8701171875
2020-11-20,100.3499984741211,101.7300033569336,99.91999816894533,100.18000030517578,90.25437927246094,1817900,3557.5400390625
2020-11-23,101.1999969482422,101.41000366210938,100.01000213623048,101.30999755859376,91.27242279052734,1878100,3577.590087890625
2020-11-24,102.5500030517578,105.22000122070312,101.36000061035156,104.87999725341795,94.48870849609376,2627000,3635.409912109375
2020-11-25,104.16000366210938,104.27999877929688,102.75,103.9499969482422,93.65086364746094,1950600,3629.64990234375
2020-11-27,103.23999786376952,104.3000030517578,102.81999969482422,104.13999938964844,94.31197357177734,1069400,3638.35009765625
2020-11-30,103.27999877929688,103.87999725341795,102.1500015258789,102.3499984741211,92.69087982177734,2931800,3621.6298828125
2020-12-01,103.51000213623048,104.83999633789062,103.2699966430664,104.29000091552734,94.44780731201172,2299000,3662.449951171875
2020-12-02,104.05999755859376,105.23999786376952,102.95999908447266,103.68000030517578,93.89537811279295,1710400,3669.010009765625
2020-12-03,103.08999633789062,104.3000030517578,102.6999969482422,103.83000183105467,94.03121948242188,1435600,3666.719970703125
2020-12-04,104.1999969482422,104.87999725341795,103.72000122070312,104.36000061035156,94.51117706298828,1243800,3699.1201171875
2020-12-07,103.6999969482422,104.4000015258789,102.70999908447266,103.41000366210938,93.65086364746094,1488800,3691.9599609375
2020-12-08,102.63999938964844,105.72000122070312,102.44000244140624,105.4499969482422,95.4983367919922,1578100,3702.25
2020-12-09,105.01000213623048,105.86000061035156,104.83999633789062,105.19000244140624,95.26287078857422,1413800,3672.820068359375
2020-12-10,104.91000366210938,105.72000122070312,104.31999969482422,105.41999816894533,95.47116088867188,2220700,3668.10009765625
2020-12-11,104.51000213623048,105.6500015258789,103.81999969482422,104.43000030517578,94.57459259033205,1662100,3663.4599609375
2020-12-14,105.4000015258789,106.0,104.5999984741211,104.87000274658205,94.97307586669922,1975300,3647.489990234375
2020-12-15,105.23999786376952,106.55999755859376,104.77999877929688,105.91999816894533,95.9239730834961,1404800,3694.6201171875
2020-12-16,106.38999938964844,107.48999786376952,106.04000091552734,106.41999816894533,96.37678527832033,1823600,3701.169921875
2020-12-17,106.52999877929688,107.0500030517578,105.8499984741211,106.55999755859376,96.50357818603516,1821000,3722.47998046875
2020-12-18,107.0,108.0999984741211,106.3000030517578,107.4000015258789,97.2643051147461,5276700,3709.409912109375
2020-12-21,107.5999984741211,107.61000061035156,104.47000122070312,106.16999816894533,96.150390625,2140200,3694.919921875
2020-12-22,106.55999755859376,107.26000213623048,106.01000213623048,106.19000244140624,96.1685028076172,1513600,3687.260009765625
2020-12-23,106.43000030517578,107.5500030517578,105.9499969482422,105.98999786376952,95.98737335205078,1083300,3690.010009765625
2020-12-24,106.19000244140624,107.41000366210938,105.91999816894533,107.19000244140624,97.0741195678711,509000,3703.06005859375
2020-12-28,108.0199966430664,108.97000122070312,107.4000015258789,107.47000122070312,97.32769775390624,1130000,3735.360107421875
2020-12-29,107.7300033569336,108.31999969482422,107.33999633789062,107.5199966430664,97.37296295166016,1406000,3727.0400390625
2020-12-30,108.11000061035156,108.61000061035156,107.7699966430664,108.1500015258789,97.94353485107422,1017200,3732.0400390625
2020-12-31,108.16999816894533,110.0999984741211,108.0,109.93000030517578,99.55555725097656,1033800,3756.070068359375
2021-01-04,109.9000015258789,110.25,107.18000030517578,108.08000183105467,97.88013458251952,2124600,3700.64990234375
2021-01-05,108.3499984741211,108.3499984741211,106.56999969482422,107.2300033569336,97.11035919189452,2054000,3726.860107421875
2021-01-06,107.87999725341795,111.06999969482422,107.61000061035156,109.98999786376952,99.60987854003906,2174800,3748.139892578125
2021-01-07,110.2699966430664,110.91000366210938,109.63999938964844,110.06999969482422,99.6823272705078,1545300,3803.7900390625
2021-01-08,110.5199966430664,110.63999938964844,108.6999969482422,109.9499969482422,99.57364654541016,1260900,3824.679931640625
2021-01-11,109.12999725341795,110.19000244140624,108.91999816894533,109.1500015258789,98.84915924072266,1290500,3799.610107421875
2021-01-12,109.58000183105467,110.51000213623048,109.16000366210938,109.77999877929688,99.41969299316406,1219200,3801.18994140625
2021-01-13,109.36000061035156,110.19000244140624,108.16000366210938,108.87999725341795,98.6046142578125,2023500,3809.840087890625
2021-01-14,108.98999786376952,109.54000091552734,108.1999969482422,109.05999755859376,98.76764678955078,1432900,3795.5400390625
2021-01-15,108.6999969482422,109.37000274658205,108.0199966430664,108.4000015258789,98.16992950439452,2126800,3768.25
2021-01-19,108.5999984741211,110.5,108.3499984741211,110.2699966430664,99.86344146728516,1255100,3798.909912109375
2021-01-20,110.11000061035156,111.70999908447266,109.77999877929688,111.0,100.52455139160156,1993400,3851.85009765625
2021-01-21,111.5199966430664,111.9000015258789,110.70999908447266,110.72000122070312,100.27098083496094,1605200,3853.070068359375
2021-01-22,110.19000244140624,110.95999908447266,109.5,110.43000030517578,100.00835418701172,1238700,3841.469970703125
2021-01-25,110.0500030517578,111.87999725341795,109.87000274658205,110.9499969482422,100.4792709350586,1124100,3855.360107421875
2021-01-26,111.0199966430664,111.41000366210938,109.16000366210938,109.5199966430664,99.18423461914062,1078800,3849.6201171875
2021-01-27,108.8000030517578,112.9000015258789,108.54000091552734,110.51000213623048,100.080810546875,2797100,3750.77001953125
2021-01-28,110.23999786376952,111.37999725341795,108.9000015258789,109.3000030517578,98.98500061035156,2741200,3787.3798828125
2021-01-29,108.55999755859376,109.22000122070312,107.0199966430664,107.18000030517578,97.06505584716795,2144500,3714.239990234375
2021-02-01,107.04000091552734,109.05999755859376,106.9499969482422,108.70999908447266,98.45066833496094,1548300,3773.860107421875
2021-02-02,110.33000183105467,111.76000213623048,109.5500030517578,110.79000091552734,100.33438110351562,2057100,3826.31005859375
2021-02-03,109.88999938964844,110.83999633789062,108.41000366210938,109.0,98.71330261230467,1702700,3830.169921875
2021-02-04,108.86000061035156,109.6500015258789,106.06999969482422,107.12999725341795,97.01978302001952,2767000,3871.739990234375
2021-02-05,107.06999969482422,107.87999725341795,106.51000213623048,106.91999816894533,96.82960510253906,1742700,3886.830078125
2021-02-08,107.0,107.45999908447266,105.9499969482422,107.37999725341795,97.2461929321289,1909200,3915.590087890625
2021-02-09,107.4800033569336,108.48999786376952,107.2699966430664,107.87999725341795,97.6989974975586,1054700,3911.22998046875
2021-02-10,107.5999984741211,107.8499984741211,105.37000274658205,105.5999984741211,95.63417053222656,1879200,3909.8798828125
2021-02-11,105.0,105.62000274658205,103.3499984741211,104.4800033569336,94.619873046875,2020300,3916.3798828125
2021-02-12,104.12000274658205,105.12000274658205,103.52999877929688,104.43000030517578,94.57459259033205,1202600,3934.830078125
2021-02-16,105.0,105.0,103.08999633789062,103.20999908447266,93.46971893310548,2086200,3932.590087890625
2021-02-17,102.93000030517578,105.08999633789062,102.5500030517578,104.86000061035156,94.96401977539062,1961600,3931.330078125
2021-02-18,104.69000244140624,105.5,104.1500015258789,105.08000183105467,95.16326141357422,1690900,3913.969970703125
2021-02-19,105.1999969482422,105.1999969482422,103.3000030517578,103.4499969482422,93.68708038330078,2574500,3906.7099609375
2021-02-22,103.26000213623048,106.25,102.56999969482422,105.30999755859376,95.3715362548828,2217800,3876.5
2021-02-23,106.37999725341795,108.54000091552734,105.33999633789062,108.01000213623048,97.81674194335938,2525100,3881.3701171875
2021-02-24,107.66000366210938,109.33999633789062,107.5500030517578,108.36000061035156,98.13369750976562,1578800,3925.429931640625
2021-02-25,109.0,110.38999938964844,108.79000091552734,108.83000183105467,98.55935668945312,1886700,3829.340087890625
2021-02-26,108.54000091552734,109.12000274658205,106.58000183105467,106.5999984741211,96.53980255126952,2795400,3811.14990234375
2021-03-01,107.6500015258789,110.62000274658205,107.48999786376952,109.72000122070312,99.3653564453125,1827700,3901.820068359375
2021-03-02,109.81999969482422,111.3000030517578,109.01000213623048,110.48999786376952,100.06271362304688,1337300,3870.2900390625
2021-03-03,109.93000030517578,112.68000030517578,109.5199966430664,111.26000213623048,101.50414276123048,2045800,3819.719970703125
2021-03-04,111.5199966430664,112.41999816894533,107.94000244140624,109.3499984741211,99.7616195678711,2241000,3768.469970703125
2021-03-05,110.4000015258789,112.33000183105467,109.48999786376952,111.62000274658205,101.83258056640624,2158300,3841.93994140625
2021-03-08,112.72000122070312,116.68000030517578,112.13999938964844,113.27999877929688,103.3470230102539,2971400,3821.35009765625
2021-03-09,112.31999969482422,112.81999969482422,111.04000091552734,111.58999633789062,101.8051986694336,2272700,3875.43994140625
2021-03-10,111.69000244140624,113.75,110.9000015258789,113.70999908447266,103.73933410644533,3212200,3898.81005859375
2021-03-11,112.9800033569336,114.91999816894533,112.77999877929688,113.76000213623048,103.7849349975586,2330100,3939.340087890625
2021-03-12,115.0,115.81999969482422,114.6500015258789,115.73999786376952,105.59131622314452,1698400,3943.340087890625
2021-03-15,115.68000030517578,117.3000030517578,115.5999984741211,117.2699966430664,106.98715209960938,2110100,3968.93994140625
2021-03-16,116.5999984741211,117.01000213623048,115.04000091552734,115.83999633789062,105.68254852294922,3758600,3962.7099609375
2021-03-17,116.5199966430664,116.5199966430664,114.61000061035156,115.83999633789062,105.68254852294922,2179800,3974.1201171875
2021-03-18,116.5,117.8000030517578,115.52999877929688,116.04000091552734,105.86500549316406,3051400,3915.4599609375
2021-03-19,115.31999969482422,115.86000061035156,113.0199966430664,113.23999786376952,103.31051635742188,8756500,3913.10009765625
2021-03-22,112.1500015258789,112.8499984741211,111.12999725341795,112.23999786376952,102.39822387695312,2714100,3940.590087890625
2021-03-23,111.7699966430664,112.83999633789062,111.47000122070312,111.86000061035156,102.0515365600586,1801800,3910.52001953125
2021-03-24,112.47000122070312,113.56999969482422,112.16999816894533,112.8499984741211,102.9547348022461,2653400,3889.139892578125
2021-03-25,113.69000244140624,114.77999877929688,112.8499984741211,114.70999908447266,104.6516342163086,1560700,3909.52001953125
2021-03-26,114.9499969482422,116.1500015258789,114.58000183105467,116.02999877929688,105.85588073730467,1459300,3974.5400390625
2021-03-29,116.0500030517578,117.26000213623048,115.72000122070312,116.8000030517578,106.55838012695312,2648100,3971.090087890625
2021-03-30,117.5,118.0500030517578,116.79000091552734,117.11000061035156,106.84117126464844,1531700,3958.550048828125
2021-03-31,116.61000061035156,117.0999984741211,114.8000030517578,114.9000015258789,104.82498168945312,2111500,3972.889892578125
2021-04-01,114.58999633789062,116.30999755859376,114.37999725341795,116.02999877929688,105.85588073730467,2293000,4019.8701171875
2021-04-05,116.79000091552734,117.61000061035156,116.5500030517578,117.48999786376952,107.1878662109375,1266700,4077.909912109375
2021-04-06,117.77999877929688,118.3000030517578,117.12999725341795,117.83000183105467,107.49805450439452,1439000,4073.93994140625
2021-04-07,117.80999755859376,117.8499984741211,115.6999969482422,116.37999725341795,106.1751937866211,1891600,4079.949951171875
2021-04-08,116.0,117.37000274658205,115.87000274658205,117.0500030517578,106.78646087646484,1516000,4097.169921875
2021-04-09,117.69000244140624,118.19000244140624,116.6500015258789,117.0999984741211,106.83206176757812,1630700,4128.7998046875
2021-04-12,117.52999877929688,119.62000274658205,117.41999816894533,119.36000061035156,108.89388275146484,1894000,4127.990234375
2021-04-13,118.52999877929688,119.91999816894533,118.29000091552734,119.19000244140624,108.73880004882812,1720900,4141.58984375
2021-04-14,119.36000061035156,120.47000122070312,119.12000274658205,120.41999816894533,109.86095428466795,1683000,4124.66015625
2021-04-15,120.38999938964844,121.62999725341795,119.77999877929688,121.58999633789062,110.92835235595705,1792800,4170.419921875
2021-04-16,122.0,122.70999908447266,121.75,122.1999969482422,111.48485565185548,1856200,4185.47021484375
2021-04-19,122.52999877929688,122.95999908447266,121.33999633789062,122.83999633789062,112.0687484741211,1169600,4163.259765625
2021-04-20,122.6999969482422,123.56999969482422,122.25,122.87000274658205,112.09612274169922,1759200,4134.93994140625
2021-04-21,123.2300033569336,124.23999786376952,123.19000244140624,123.9000015258789,113.03581237792967,1032800,4173.419921875
2021-04-22,123.25,124.11000061035156,122.93000030517578,123.66000366210938,112.81686401367188,1159700,4134.97998046875
2021-04-23,124.08999633789062,125.2699966430664,123.69000244140624,125.0500030517578,114.08496856689452,1181800,4180.169921875
2021-04-26,125.25,126.2699966430664,125.08999633789062,125.3000030517578,114.31304931640624,1537200,4187.6201171875
2021-04-27,125.29000091552734,125.91999816894533,125.06999969482422,125.83999633789062,114.80567169189452,1360200,4186.72021484375
2021-04-28,126.43000030517578,126.87999725341795,125.12000274658205,125.3499984741211,114.358642578125,1600100,4183.18017578125
2021-04-29,125.5199966430664,127.97000122070312,125.5199966430664,127.87000274658205,116.6576919555664,1066300,4211.47021484375
2021-04-30,128.0,128.0,126.38999938964844,126.8000030517578,115.68152618408205,1404800,4181.169921875
2021-05-03,127.54000091552734,129.08999633789062,127.2300033569336,128.1300048828125,116.8948974609375,1575500,4192.66015625
2021-05-04,128.25,128.57000732421875,127.41999816894533,127.83999633789062,116.6303253173828,2195600,4164.66015625
2021-05-05,127.5199966430664,127.76000213623048,125.77999877929688,127.4499969482422,116.2745132446289,2032800,4167.58984375
2021-05-06,128.11000061035156,132.8800048828125,128.0399932861328,132.6199951171875,120.99119567871094,2624100,4201.6201171875
2021-05-07,129.74000549316406,132.82000732421875,128.57000732421875,132.25999450683594,120.66275787353516,2104800,4232.60009765625
2021-05-10,133.0,136.17999267578125,133.0,134.49000549316406,122.69723510742188,2377400,4188.43017578125
2021-05-11,134.77000427246094,135.0,132.60000610351562,134.1300048828125,122.36876678466795,2307800,4152.10009765625
2021-05-12,134.9600067138672,135.7100067138672,132.63999938964844,132.75,121.10980224609376,2117000,4063.0400390625
2021-05-13,132.16000366210938,138.0800018310547,131.6199951171875,137.52000427246094,125.4615478515625,2217600,4112.5
2021-05-14,137.74000549316406,139.8800048828125,137.05999755859375,139.25999450683594,127.04896545410156,2518800,4173.85009765625
2021-05-17,138.75,139.72000122070312,138.05999755859375,139.02000427246094,126.83003997802734,4020000,4163.2900390625
2021-05-18,138.27999877929688,138.86000061035156,136.94000244140625,137.1300048828125,125.10575103759766,1764800,4127.830078125
2021-05-19,136.5500030517578,136.5500030517578,133.25,135.69000244140625,123.79197692871094,2108100,4115.68017578125
2021-05-20,135.10000610351562,136.72999572753906,134.3000030517578,136.08999633789062,124.15692901611328,1597000,4159.1201171875
2021-05-21,136.38999938964844,137.8300018310547,136.24000549316406,137.42999267578125,125.3794174194336,2741400,4155.85986328125
2021-05-24,137.4199981689453,138.32000732421875,136.9499969482422,137.24000549316406,125.20609283447266,1499200,4197.0498046875
2021-05-25,137.1300048828125,137.35000610351562,134.91000366210938,135.14999389648438,123.2993392944336,1492600,4188.1298828125
2021-05-26,135.61000061035156,140.0,135.0,135.57000732421875,123.6825180053711,3187200,4195.990234375
2021-05-27,136.33999633789062,136.60000610351562,134.3300018310547,136.3000030517578,124.3485107421875,3993900,4200.8798828125
2021-05-28,137.1699981689453,137.61000061035156,135.6999969482422,136.61000061035156,124.6313247680664,2095500,4204.10986328125
2021-06-01,137.5800018310547,139.44000244140625,137.3800048828125,138.02000427246094,125.91767120361328,1501400,4202.0400390625
2021-06-02,138.6699981689453,138.9199981689453,137.30999755859375,138.13999938964844,126.02716064453124,1520100,4208.1201171875
2021-06-03,135.5,137.0500030517578,135.49000549316406,136.25999450683594,125.04524230957033,1993300,4192.85009765625
2021-06-04,136.00999450683594,136.57000732421875,134.7899932861328,136.22999572753906,125.01766967773438,1361700,4229.89013671875
2021-06-07,136.3300018310547,136.47999572753906,134.4499969482422,134.49000549316406,123.42090606689452,2389600,4226.52001953125
2021-06-08,134.00999450683594,134.99000549316406,133.44000244140625,134.5800018310547,123.50347900390624,1624700,4227.259765625
2021-06-09,134.1699981689453,134.4199981689453,132.97999572753906,133.02999877929688,122.0810775756836,1256300,4219.5498046875
2021-06-10,133.5,134.25999450683594,131.32000732421875,131.41000366210938,120.59440612792967,1359700,4239.18017578125
2021-06-11,131.92999267578125,132.8300018310547,131.4199981689453,131.72999572753906,120.88806915283205,1538300,4247.43994140625
2021-06-14,131.0,131.61000061035156,129.5500030517578,130.97999572753906,120.19979095458984,1491300,4255.14990234375
2021-06-15,131.47000122070312,132.72999572753906,130.30999755859375,132.11000061035156,121.2367935180664,1623000,4246.58984375
2021-06-16,130.5,131.6300048828125,129.66000366210938,130.44000244140625,119.70426177978516,1880900,4223.7001953125
2021-06-17,131.0,131.0,126.16999816894533,126.5500030517578,116.13440704345705,1953500,4221.85986328125
2021-06-18,125.22000122070312,125.75,123.81999969482422,124.04000091552734,113.83097839355467,3910600,4166.4501953125
2021-06-21,125.05999755859376,128.47000122070312,125.05999755859376,128.16000366210938,117.61190032958984,1581600,4224.7900390625
2021-06-22,128.22999572753906,129.25999450683594,127.25,128.5,117.92391204833984,1329000,4246.43994140625
2021-06-23,128.47999572753906,128.69000244140625,127.8000030517578,127.81999969482422,117.29987335205078,994600,4241.83984375
2021-06-24,127.93000030517578,129.33999633789062,127.6999969482422,128.92999267578125,118.31849670410156,1136000,4266.490234375
2021-06-25,129.1300048828125,131.02999877929688,128.82000732421875,130.77999877929688,120.01625061035156,1409700,4280.7001953125
2021-06-28,130.72999572753906,130.77999877929688,129.10000610351562,129.75,119.07103729248048,1574200,4290.60986328125
2021-06-29,129.63999938964844,130.6999969482422,129.24000549316406,129.57000732421875,118.90584564208984,1357300,4291.7998046875
2021-06-30,129.8300018310547,130.6199951171875,129.2899932861328,130.44000244140625,119.70426177978516,1206300,4297.5
2021-07-01,131.00999450683594,133.69000244140625,130.57000732421875,132.7899932861328,121.8608169555664,1648500,4319.93994140625
2021-07-02,132.52000427246094,133.5,131.9600067138672,133.22999572753906,122.2646255493164,954100,4352.33984375
2021-07-06,132.75999450683594,132.75999450683594,130.44000244140625,131.6999969482422,120.86051940917967,1991300,4343.5400390625
2021-07-07,130.9600067138672,133.39999389648438,129.92999267578125,133.08999633789062,122.1361312866211,1168600,4358.1298828125
2021-07-08,132.02999877929688,132.88999938964844,129.75999450683594,130.39999389648438,119.66754150390624,1650800,4320.81982421875
2021-07-09,132.3699951171875,133.77000427246094,131.82000732421875,133.47000122070312,122.48486328125,1189700,4369.5498046875
2021-07-12,133.1199951171875,134.8300018310547,132.25,134.57000732421875,123.49432373046876,1478500,4384.6298828125
2021-07-13,134.57000732421875,134.57000732421875,132.08999633789062,132.27999877929688,121.39280700683594,1126000,4369.2099609375
2021-07-14,132.8300018310547,133.22000122070312,130.61000061035156,131.69000244140625,120.8513412475586,1317300,4374.2998046875
2021-07-15,128.82000732421875,130.7899932861328,125.04000091552734,130.49000549316406,119.75012969970705,2880800,4360.02978515625
2021-07-16,130.41000366210938,131.3699951171875,129.97000122070312,130.4499969482422,119.71343231201172,1631500,4327.16015625
2021-07-19,128.88999938964844,129.50999450683594,125.93000030517578,127.48999786376952,116.99703979492188,1983900,4258.490234375
2021-07-20,127.5199966430664,129.88999938964844,127.08999633789062,127.83000183105467,117.30905151367188,1918100,4323.06005859375
2021-07-21,128.5,130.27999877929688,128.5,128.7899932861328,118.19005584716795,1168800,4358.68994140625
2021-07-22,128.4600067138672,128.6999969482422,127.4000015258789,128.25,117.69448852539062,1304300,4367.47998046875
2021-07-23,129.19000244140625,130.0,128.55999755859375,129.74000549316406,119.06185150146484,1011800,4411.7900390625
2021-07-26,129.9499969482422,131.0399932861328,129.8000030517578,130.5,119.7593002319336,830400,4422.2998046875
2021-07-27,130.0,131.9600067138672,129.3699951171875,131.4499969482422,120.63111877441406,717100,4401.4599609375
2021-07-28,131.55999755859375,132.11000061035156,128.99000549316406,130.41000366210938,119.6767120361328,1083300,4400.64013671875
2021-07-29,131.5800018310547,133.05999755859375,130.5,132.52000427246094,121.61305236816406,1003800,4419.14990234375
2021-07-30,131.9499969482422,131.99000549316406,129.63999938964844,130.0500030517578,119.34635162353516,1423800,4395.259765625
2021-08-02,130.75999450683594,132.07000732421875,129.64999389648438,129.75999450683594,119.0802230834961,1022200,4387.16015625
2021-08-03,130.1999969482422,130.88999938964844,128.66000366210938,130.7100067138672,119.95203399658205,1674100,4423.14990234375
2021-08-04,130.02000427246094,130.66000366210938,128.92999267578125,128.92999267578125,118.31849670410156,1109100,4402.66015625
2021-08-05,127.75,128.0,124.8000030517578,127.93000030517578,117.40081787109376,1941600,4429.10009765625
2021-08-06,128.57000732421875,131.5399932861328,128.57000732421875,130.82000732421875,120.0529556274414,2029200,4436.52001953125
2021-08-09,131.1699981689453,133.5500030517578,130.6199951171875,132.67999267578125,121.75984954833984,1458700,4432.35009765625
2021-08-10,132.6999969482422,134.97999572753906,132.14999389648438,134.3300018310547,123.27409362792967,1455200,4436.75
2021-08-11,134.61000061035156,135.74000549316406,133.74000549316406,135.61000061035156,124.44873046875,1105500,4442.41015625
2021-08-12,135.9600067138672,136.75999450683594,134.9600067138672,135.25,124.11835479736328,979500,4460.830078125
2021-08-13,135.64999389648438,136.27000427246094,134.25999450683594,135.05999755859375,123.9439926147461,846300,4468.0
2021-08-16,134.86000061035156,136.6300048828125,134.0,136.5399932861328,125.30219268798828,984600,4479.7099609375
2021-08-17,134.11000061035156,135.39999389648438,133.69000244140625,134.72999572753906,123.64115142822266,1929700,4448.080078125
2021-08-18,134.1999969482422,136.4600067138672,134.08999633789062,134.30999755859375,123.25572204589844,1374900,4400.27001953125
2021-08-19,133.22000122070312,134.97999572753906,132.9199981689453,134.02999877929688,122.9987564086914,1038900,4405.7998046875
2021-08-20,134.0399932861328,135.17999267578125,133.6199951171875,134.55999755859375,123.48512268066406,1353800,4441.669921875
2021-08-23,135.3800048828125,138.77999877929688,135.00999450683594,137.3300018310547,126.02717590332033,2385700,4479.52978515625
2021-08-24,137.5399932861328,138.0,136.86000061035156,136.9499969482422,125.67845916748048,1227200,4486.22998046875
2021-08-25,137.41000366210938,139.4499969482422,137.33999633789062,137.8699951171875,126.5226821899414,1457500,4496.18994140625
2021-08-26,137.94000244140625,138.22999572753906,136.17999267578125,136.22000122070312,125.008544921875,1425000,4470.0
2021-08-27,136.49000549316406,137.5800018310547,136.35000610351562,137.50999450683594,126.19235229492188,1067500,4509.3701171875
2021-08-30,136.57000732421875,136.94000244140625,134.47999572753906,134.52000427246094,124.179931640625,1155300,4528.7900390625
2021-08-31,134.19000244140625,135.8699951171875,133.4199981689453,135.27999877929688,124.88150787353516,1825500,4522.68017578125
2021-09-01,135.36000061035156,135.52000427246094,133.75,134.27000427246094,123.94915008544922,1992100,4524.08984375
2021-09-02,134.55999755859375,135.4600067138672,133.63999938964844,133.97000122070312,123.67219543457033,1438000,4536.9501953125
2021-09-03,133.97000122070312,134.3300018310547,133.02999877929688,133.97000122070312,123.67219543457033,1405300,4535.43017578125
2021-09-07,133.75999450683594,133.91000366210938,131.39999389648438,131.47000122070312,121.3643569946289,1370700,4520.02978515625
2021-09-08,131.4600067138672,133.22000122070312,131.2100067138672,132.82000732421875,122.610595703125,1195700,4514.06982421875
2021-09-09,132.67999267578125,134.30999755859375,132.00999450683594,132.08999633789062,121.93669891357422,1441900,4493.27978515625
2021-09-10,132.7100067138672,132.97000122070312,130.94000244140625,131.5500030517578,121.4382095336914,1311400,4458.580078125
2021-09-13,132.64999389648438,133.49000549316406,131.9199981689453,133.27000427246094,123.02599334716795,1603600,4468.72998046875
2021-09-14,133.6699981689453,134.14999389648438,131.64999389648438,132.1300048828125,121.9736328125,2118900,4443.0498046875
2021-09-15,132.16000366210938,133.6199951171875,131.00999450683594,131.69000244140625,121.56743621826172,1914200,4480.7001953125
2021-09-16,131.49000549316406,132.30999755859375,130.77000427246094,131.47999572753906,121.37360382080078,1515600,4473.75
2021-09-17,130.72000122070312,132.07000732421875,130.16000366210938,131.02999877929688,120.95819854736328,3401200,4432.990234375
2021-09-20,129.1199951171875,129.72999572753906,127.72000122070312,129.58999633789062,119.6288604736328,2009400,4357.72998046875
2021-09-21,130.1300048828125,131.02999877929688,129.1699981689453,129.60000610351562,119.63811492919922,1631400,4354.18994140625
2021-09-22,130.7100067138672,131.4499969482422,130.3000030517578,130.36000061035156,120.33969116210938,1476100,4395.64013671875
2021-09-23,131.0800018310547,132.3000030517578,130.66000366210938,130.80999755859375,120.7551040649414,1237000,4448.97998046875
2021-09-24,130.7899932861328,131.66000366210938,130.42999267578125,130.5,120.46891784667967,1162900,4455.47998046875
2021-09-27,131.02999877929688,131.99000549316406,130.3699951171875,130.39999389648438,120.37661743164062,1156100,4443.10986328125
2021-09-28,130.3800048828125,131.22999572753906,127.7699966430664,127.98999786376952,118.15187072753906,1453600,4352.6298828125
2021-09-29,128.02999877929688,130.11000061035156,128.02999877929688,129.3300018310547,119.38885498046876,908600,4359.4599609375
2021-09-30,129.97000122070312,130.3699951171875,127.25,127.30999755859376,117.5241241455078,1463500,4307.5400390625
2021-10-01,127.5,128.9499969482422,126.5199966430664,127.72000122070312,117.90262603759766,1553200,4357.0400390625
2021-10-04,127.76000213623048,129.3300018310547,126.4000015258789,126.61000061035156,116.87794494628906,1539600,4300.4599609375
2021-10-05,126.83000183105467,128.88999938964844,125.88999938964844,128.1300048828125,118.28108978271484,1864200,4345.72021484375
2021-10-06,127.33999633789062,128.0,125.79000091552734,127.48999786376952,117.6902847290039,1247200,4363.5498046875
2021-10-07,128.1300048828125,129.3000030517578,127.18000030517578,127.33999633789062,117.55181121826172,1309500,4399.759765625
2021-10-08,127.54000091552734,127.93000030517578,126.33999633789062,126.87999725341795,117.12718200683594,970000,4391.33984375
2021-10-11,127.4499969482422,130.05999755859375,127.4499969482422,127.95999908447266,118.12416076660156,1265000,4361.18994140625
2021-10-12,128.13999938964844,128.85000610351562,126.51000213623048,126.80999755859376,117.06256866455078,1443900,4350.64990234375
2021-10-13,126.72000122070312,126.80999755859376,124.1999969482422,125.6999969482422,116.03787994384766,1277100,4363.7998046875
2021-10-14,126.26000213623048,126.91000366210938,125.1999969482422,126.80999755859376,117.06256866455078,1358200,4438.259765625
2021-10-15,127.41999816894533,128.0500030517578,126.38999938964844,126.76000213623048,117.0164031982422,1378100,4471.3701171875
2021-10-18,126.26000213623048,126.6500015258789,125.22000122070312,126.0500030517578,116.36097717285156,1057300,4486.4599609375
2021-10-19,126.58000183105467,126.7699966430664,125.27999877929688,126.5,116.77640533447266,1419100,4519.6298828125
2021-10-20,126.41999816894533,128.4600067138672,126.29000091552734,128.33999633789062,118.4749526977539,1347400,4536.18994140625
2021-10-21,128.30999755859375,128.30999755859375,125.45999908447266,126.7699966430664,117.02564239501952,1379800,4549.77978515625
2021-10-22,127.26000213623048,128.4600067138672,126.45999908447266,128.0,118.1611099243164,1837600,4544.89990234375
2021-10-25,128.35000610351562,129.17999267578125,127.79000091552734,129.0,119.08422088623048,1355600,4566.47998046875
2021-10-26,129.1199951171875,129.99000549316406,128.30999755859375,128.32000732421875,118.4564971923828,1179300,4574.7900390625
2021-10-27,128.3699951171875,128.5399932861328,124.80999755859376,124.9000015258789,115.29936981201172,1260000,4551.68017578125
2021-10-28,125.3000030517578,126.41000366210938,124.81999969482422,126.22000122070312,116.5179214477539,1418400,4596.419921875
2021-10-29,126.12999725341795,126.18000030517578,122.94000244140624,123.66999816894533,114.1639175415039,2162900,4605.3798828125
2021-11-01,124.18000030517578,125.08000183105467,122.66999816894533,123.51000213623048,114.01622009277344,2072200,4613.669921875
2021-11-02,123.51000213623048,125.41000366210938,122.0,125.18000030517578,115.55784606933594,2097300,4630.64990234375
2021-11-03,125.18000030517578,127.83999633789062,125.0,126.12000274658205,116.42560577392578,1693000,4660.56982421875
2021-11-04,121.0,121.94000244140624,115.18000030517578,117.0999984741211,108.09895324707033,4434500,4680.06005859375
2021-11-05,117.75,118.8000030517578,114.6500015258789,117.16000366210938,108.15431213378906,2580200,4697.52978515625
2021-11-08,118.0,118.48999786376952,116.37999725341795,117.05999755859376,108.06201171875,1610500,4701.7001953125
2021-11-09,116.30999755859376,117.81999969482422,115.06999969482422,115.19000244140624,106.33574676513672,1558000,4685.25
2021-11-10,114.08000183105467,115.62000274658205,113.91000366210938,114.11000061035156,105.33876037597656,2113700,4646.7099609375
2021-11-11,114.12000274658205,115.08999633789062,112.7699966430664,114.66000366210938,105.84648895263672,1534500,4649.27001953125
2021-11-12,114.63999938964844,115.9499969482422,114.37999725341795,114.70999908447266,105.89264678955078,2372900,4682.85009765625
2021-11-15,115.1500015258789,115.44000244140624,114.43000030517578,114.8000030517578,105.97572326660156,1774100,4682.7998046875
2021-11-16,115.2300033569336,116.66000366210938,114.6999969482422,115.3499984741211,106.48345184326172,3627700,4700.89990234375
2021-11-17,115.06999969482422,115.2699966430664,113.16000366210938,113.2300033569336,104.52640533447266,2592700,4688.669921875
2021-11-18,113.37999725341795,113.76000213623048,111.48999786376952,113.05999755859376,104.36945343017578,2445300,4704.5400390625
2021-11-19,112.77999877929688,113.61000061035156,111.86000061035156,111.94000244140624,103.33557891845705,2084100,4697.9599609375
2021-11-22,112.25,114.18000030517578,111.51000213623048,113.5500030517578,104.8218231201172,2216400,4682.93994140625
2021-11-23,112.31999969482422,115.81999969482422,112.12999725341795,114.9000015258789,106.06803894042967,3013000,4690.7001953125
2021-11-24,115.1500015258789,115.88999938964844,114.4000015258789,114.6999969482422,105.88341522216795,2676600,4701.4599609375
2021-11-26,111.91999816894533,115.4800033569336,111.3000030517578,115.12000274658205,106.2711181640625,1929900,4594.6201171875
2021-11-29,114.4800033569336,114.66999816894533,112.41999816894533,113.13999938964844,105.18341827392578,2656200,4655.27001953125
2021-11-30,112.0999984741211,112.3000030517578,108.1999969482422,108.72000122070312,101.0742645263672,8377100,4567.0
2021-12-01,109.61000061035156,111.12000274658205,107.12000274658205,107.12999725341795,99.59606170654295,2690200,4513.0400390625
2021-12-02,108.23999786376952,110.6500015258789,107.55999755859376,109.68000030517578,101.96672821044922,2201400,4577.10009765625
2021-12-03,109.7699966430664,110.80999755859376,107.7300033569336,108.31999969482422,100.70237731933594,2814700,4538.43017578125
2021-12-06,109.52999877929688,111.51000213623048,109.25,109.77999877929688,102.0597152709961,2334700,4591.669921875
2021-12-07,109.76000213623048,110.98999786376952,108.97000122070312,110.23999786376952,102.4873504638672,2660100,4686.75
2021-12-08,110.1500015258789,110.4800033569336,108.20999908447266,109.0199966430664,101.35315704345705,2176700,4701.2099609375
2021-12-09,106.4800033569336,108.44000244140624,106.11000061035156,107.66999816894533,100.09809112548828,2155600,4667.4501953125
2021-12-10,108.66000366210938,108.66000366210938,107.41000366210938,108.0199966430664,100.4234848022461,1392100,4712.02001953125
2021-12-13,107.88999938964844,108.62000274658205,106.41999816894533,108.1999969482422,100.59081268310548,1705200,4668.97021484375
2021-12-14,108.4800033569336,111.52999877929688,108.0500030517578,110.70999908447266,102.92430877685548,2208900,4634.08984375
2021-12-15,111.1999969482422,114.01000213623048,110.55999755859376,113.5199966430664,105.53668212890624,2988000,4709.85009765625
2021-12-16,114.18000030517578,116.23999786376952,114.06999969482422,115.81999969482422,107.67493438720705,2556100,4668.669921875
2021-12-17,115.37000274658205,115.69000244140624,113.83999633789062,114.13999938964844,106.1130828857422,4978400,4620.64013671875
2021-12-20,113.04000091552734,113.6500015258789,111.45999908447266,112.30999755859376,104.41177368164062,1979500,4568.02001953125
2021-12-21,112.9800033569336,114.81999969482422,112.9800033569336,113.31999969482422,105.35075378417967,1365000,4649.22998046875
2021-12-22,113.18000030517578,113.9499969482422,112.87999725341795,113.41999816894533,105.4437255859375,1092000,4696.56005859375
2021-12-23,114.05999755859376,115.1999969482422,113.75,114.12999725341795,106.10379028320312,1063100,4725.7900390625
2021-12-27,114.16000366210938,116.12999725341795,113.76000213623048,116.08000183105467,107.9166488647461,1116300,4791.18994140625
2021-12-28,115.91999816894533,117.4499969482422,115.91000366210938,117.08999633789062,108.85563659667967,1311100,4786.35009765625
2021-12-29,117.19000244140624,118.41999816894533,116.9499969482422,117.9499969482422,109.65514373779295,1511300,4793.06005859375
2021-12-30,118.48999786376952,118.9800033569336,117.58000183105467,117.68000030517578,109.40413665771484,1251900,4778.72998046875
2021-12-31,117.58000183105467,118.66000366210938,117.58000183105467,117.6500015258789,109.37625122070312,1144000,4766.18017578125
2022-01-03,117.75,119.70999908447266,117.37000274658205,118.2699966430664,109.95265197753906,1924600,4796.56005859375
2022-01-04,119.41000366210938,121.48999786376952,119.0,121.12999725341795,112.61150360107422,1878400,4793.5400390625
2022-01-05,121.79000091552734,123.0,120.9800033569336,121.0199966430664,112.50923919677734,1840100,4700.580078125
2022-01-06,122.93000030517578,123.7699966430664,121.22000122070312,122.4000015258789,113.7922134399414,1510900,4696.0498046875
2022-01-07,122.80999755859376,126.1999969482422,122.1500015258789,125.9499969482422,117.0925521850586,2314100,4677.02978515625
2022-01-10,126.51000213623048,127.2300033569336,123.0199966430664,123.54000091552734,114.85203552246094,2672400,4670.2900390625
2022-01-11,124.36000061035156,124.6999969482422,121.8499984741211,123.81999969482422,115.11233520507812,2019000,4713.06982421875
2022-01-12,123.4000015258789,124.26000213623048,122.5,123.79000091552734,115.08444213867188,1593100,4726.35009765625
2022-01-13,124.30999755859376,125.44000244140624,123.87000274658205,124.16000366210938,115.4284439086914,1723900,4659.02978515625
2022-01-14,123.9000015258789,124.47000122070312,122.5,124.08000183105467,115.35407257080078,1991100,4662.85009765625
2022-01-18,123.63999938964844,124.29000091552734,121.11000061035156,123.22000122070312,114.55453491210938,2362000,4577.10986328125
2022-01-19,123.6999969482422,123.6999969482422,120.4000015258789,120.93000030517578,112.42557525634766,1845800,4532.759765625
2022-01-20,121.31999969482422,122.95999908447266,119.30999755859376,119.48999786376952,111.08685302734376,2436000,4482.72998046875
2022-01-21,119.8000030517578,121.30999755859376,119.04000091552734,119.41000366210938,111.01248168945312,3810400,4397.93994140625
2022-01-24,119.68000030517578,122.2699966430664,117.9499969482422,121.91999816894533,113.34595489501952,2780400,4410.1298828125
2022-01-25,120.20999908447266,122.83999633789062,118.58000183105467,121.93000030517578,113.3552474975586,2202000,4356.4501953125
2022-01-26,121.37999725341795,122.33999633789062,119.2300033569336,120.3000030517578,111.8398895263672,2634200,4349.93017578125
2022-01-27,121.04000091552734,123.55999755859376,119.45999908447266,120.25,111.79340362548828,2184200,4326.509765625
2022-01-28,120.0,120.97000122070312,118.2699966430664,120.86000061035156,112.3604965209961,1981000,4431.85009765625
2022-01-31,119.37000274658205,121.08000183105467,118.18000030517578,120.66999816894533,112.18385314941406,3607800,4515.5498046875
2022-02-01,119.2300033569336,119.5,116.4000015258789,118.72000122070312,110.37100219726562,3367300,4546.5400390625
2022-02-02,118.69000244140624,119.75,117.19000244140624,117.69000244140624,109.41343688964844,5549600,4589.3798828125
2022-02-03,117.9499969482422,122.0999984741211,115.61000061035156,121.66999816894533,113.11354064941406,5012100,4477.43994140625
2022-02-04,120.44000244140624,123.26000213623048,120.44000244140624,122.12000274658205,113.53190612792967,2637300,4500.52978515625
2022-02-07,122.9800033569336,125.83999633789062,122.36000061035156,124.76000213623048,115.9862289428711,3108700,4483.8701171875
2022-02-08,125.58000183105467,127.54000091552734,125.4000015258789,127.18000030517578,118.2360610961914,2871000,4521.5400390625
2022-02-09,126.97000122070312,127.23999786376952,124.5500030517578,124.68000030517578,115.911865234375,1983400,4587.18017578125
2022-02-10,124.05999755859376,125.93000030517578,122.9499969482422,123.27999877929688,114.61031341552734,2199600,4504.080078125
2022-02-11,122.76000213623048,124.48999786376952,122.02999877929688,123.37999725341795,114.7032699584961,2841600,4418.64013671875
2022-02-14,125.30999755859376,126.31999969482422,123.08000183105467,124.8000030517578,116.02342987060548,3268800,4401.669921875
2022-02-15,125.31999969482422,126.12000274658205,123.48999786376952,124.20999908447266,115.47491455078124,2209800,4471.06982421875
2022-02-16,123.6999969482422,124.9000015258789,123.31999969482422,123.4800033569336,114.7962646484375,1796800,4475.009765625
2022-02-17,122.66999816894533,123.1999969482422,121.22000122070312,122.63999938964844,114.0153350830078,1801900,4380.259765625
2022-02-18,122.51000213623048,126.2699966430664,122.3000030517578,125.88999938964844,117.0367660522461,5359400,4348.8701171875
2022-02-22,125.4800033569336,126.1999969482422,124.13999938964844,125.08999633789062,116.29302978515624,2961300,4304.759765625
2022-02-23,125.66999816894533,126.16000366210938,123.05999755859376,123.27999877929688,114.61031341552734,2100100,4225.5
2022-02-24,120.52999877929688,121.26000213623048,117.5,120.81999969482422,112.32330322265624,3220300,4288.7001953125
2022-02-25,120.9000015258789,124.3000030517578,120.70999908447266,124.16999816894533,116.25562286376952,1787900,4384.64990234375
2022-02-28,121.11000061035156,123.12000274658205,120.77999877929688,122.36000061035156,114.56097412109376,2648700,4373.93994140625
2022-03-01,122.2300033569336,122.9499969482422,118.68000030517578,119.86000061035156,112.22032165527344,1757500,4306.259765625
2022-03-02,121.36000061035156,124.26000213623048,121.3499984741211,123.87999725341795,115.98409271240234,1843300,4386.5400390625
2022-03-03,123.8499984741211,126.08999633789062,122.69000244140624,125.68000030517578,117.66937255859376,2447200,4363.490234375
2022-03-04,123.5500030517578,127.5999984741211,123.36000061035156,127.5500030517578,119.42018127441406,2862400,4328.8701171875
2022-03-07,126.41000366210938,128.57000732421875,125.08999633789062,125.16999816894533,117.19188690185548,2605800,4201.08984375
2022-03-08,125.68000030517578,126.2699966430664,122.0,122.02999877929688,114.25202941894533,2356200,4170.7001953125
2022-03-09,123.62999725341795,124.12999725341795,121.4499969482422,122.41999816894533,114.61715698242188,1918700,4277.8798828125
2022-03-10,122.3499984741211,123.44000244140624,121.5199966430664,122.91000366210938,115.075927734375,1563500,4259.52001953125
2022-03-11,123.43000030517578,125.12999725341795,122.77999877929688,123.37999725341795,115.5159683227539,1475900,4204.31005859375
2022-03-14,125.58999633789062,127.16999816894533,124.4499969482422,125.87999725341795,117.85662841796876,1974600,4173.10986328125
2022-03-15,126.73999786376952,127.3499984741211,125.08999633789062,127.12999725341795,119.0269546508789,1699600,4262.4501953125
2022-03-16,127.5,127.66999816894533,124.02999877929688,126.48999786376952,118.42772674560548,1940600,4357.85986328125
2022-03-17,126.5999984741211,130.9499969482422,126.5,130.9199981689453,122.57537841796876,2343800,4411.669921875
2022-03-18,132.44000244140625,133.7899932861328,130.0800018310547,133.5,124.99092864990234,6081800,4463.1201171875
2022-03-21,133.86000061035156,134.89999389648438,131.97000122070312,134.52999877929688,125.95528411865234,2523600,4461.18017578125
2022-03-22,135.0,137.47999572753906,134.60000610351562,137.0399932861328,128.3052978515625,2475700,4511.60986328125
2022-03-23,136.9199981689453,138.05999755859375,135.86000061035156,137.0500030517578,128.31466674804688,2855500,4456.240234375
2022-03-24,136.75,138.82000732421875,136.6999969482422,138.75,129.90631103515625,1653300,4520.16015625
2022-03-25,138.86000061035156,141.82000732421875,138.75,141.8000030517578,132.76190185546875,1897900,4543.06005859375
2022-03-28,141.32000732421875,141.5,139.83999633789062,140.60000610351562,131.63841247558594,2542900,4575.52001953125
2022-03-29,140.86000061035156,140.91000366210938,138.3699951171875,139.58999633789062,130.69276428222656,1627000,4631.60009765625
2022-03-30,140.0,141.19000244140625,139.6300048828125,140.38999938964844,131.44178771972656,1310500,4602.4501953125
2022-03-31,140.47000122070312,141.57000732421875,138.47999572753906,138.50999450683594,129.6815948486328,2346400,4530.41015625
2022-04-01,139.52000427246094,140.02000427246094,138.3300018310547,139.5399932861328,130.64598083496094,1276300,4545.85986328125
2022-04-04,139.22999572753906,139.52999877929688,136.8300018310547,137.08999633789062,128.35211181640625,1815800,4582.64013671875
2022-04-05,137.0399932861328,139.05999755859375,137.00999450683594,137.24000549316406,128.4925537109375,1394800,4525.1201171875
2022-04-06,137.1199951171875,140.08999633789062,136.32000732421875,139.02000427246094,130.15911865234375,1610500,4481.14990234375
2022-04-07,139.3699951171875,140.97000122070312,138.24000549316406,140.41000366210938,131.46051025390625,1703200,4500.2099609375
2022-04-08,142.0,142.47000122070312,140.39999389648438,141.92999267578125,132.8836212158203,1682300,4488.27978515625
2022-04-11,142.66000366210938,144.41000366210938,142.66000366210938,142.89999389648438,133.79177856445312,1896800,4412.52978515625
2022-04-12,142.86000061035156,143.89999389648438,141.47000122070312,142.1199951171875,133.06149291992188,1872600,4397.4501953125
2022-04-13,141.3699951171875,143.7100067138672,140.17999267578125,141.8800048828125,132.83682250976562,1367700,4446.58984375
2022-04-14,141.64999389648438,141.64999389648438,139.89999389648438,141.16000366210938,132.16268920898438,3787400,4392.58984375
2022-04-18,139.88999938964844,141.0399932861328,139.24000549316406,139.72999572753906,130.8238525390625,1440200,4391.68994140625
2022-04-19,139.86000061035156,142.0500030517578,138.77000427246094,141.74000549316406,132.7057342529297,1807000,4462.2099609375
2022-04-20,142.13999938964844,144.10000610351562,141.74000549316406,143.86000061035156,134.69058227539062,1437100,4459.4501953125
2022-04-21,144.22999572753906,144.4600067138672,141.02000427246094,141.1300048828125,132.13462829589844,1276000,4393.66015625
2022-04-22,139.0,140.02999877929688,131.94000244140625,132.07000732421875,123.65208435058594,2305700,4271.77978515625
2022-04-25,131.6300048828125,132.47000122070312,129.1300048828125,131.82000732421875,123.41802215576172,1903100,4296.1201171875
2022-04-26,130.52999877929688,132.5,128.89999389648438,128.97999572753906,120.75902557373048,1600600,4175.2001953125
2022-04-27,129.19000244140625,129.69000244140625,127.75,128.3699951171875,120.18791961669922,1403600,4183.9599609375
2022-04-28,129.6699981689453,131.11000061035156,128.75999450683594,130.33999633789062,122.03235626220705,1355200,4287.5
2022-04-29,129.27000427246094,129.88999938964844,126.16999816894533,126.54000091552734,118.47454071044922,1614100,4131.93017578125
2022-05-02,127.38999938964844,129.41000366210938,125.43000030517578,127.7300033569336,119.58870697021484,1587800,4155.3798828125
2022-05-03,128.66000366210938,132.05999755859375,128.3300018310547,129.77999877929688,121.50804901123048,1662300,4175.47998046875
2022-05-04,129.75,133.89999389648438,128.69000244140625,133.67999267578125,125.15945434570312,1688600,4300.169921875
2022-05-05,131.30999755859375,133.08999633789062,129.61000061035156,131.5800018310547,123.19330596923828,2465100,4146.8701171875
2022-05-06,131.25999450683594,132.0,129.4600067138672,130.55999755859375,122.23833465576172,1851900,4123.33984375
2022-05-09,129.8699951171875,130.02999877929688,127.91000366210938,128.9600067138672,120.74031829833984,1405400,3991.239990234375
2022-05-10,129.86000061035156,132.0800018310547,128.38999938964844,129.58999633789062,121.33013916015624,1739500,4001.050048828125
2022-05-11,129.63999938964844,131.64999389648438,128.41000366210938,128.5500030517578,120.3564453125,1585500,3935.179931640625
2022-05-12,128.5500030517578,129.35000610351562,125.4800033569336,127.5500030517578,119.42018127441406,1867200,3930.080078125
2022-05-13,128.1199951171875,128.89999389648438,127.0999984741211,128.19000244140625,120.0193862915039,1384700,4023.889892578125
2022-05-16,128.58999633789062,128.8300018310547,126.98999786376952,127.25,119.1393051147461,1465900,4008.010009765625
2022-05-17,128.22999572753906,129.3699951171875,127.18000030517578,129.2100067138672,120.9743881225586,1208300,4088.85009765625
2022-05-18,128.49000549316406,130.02999877929688,127.58000183105467,128.00999450683594,119.85084533691406,1604600,3923.679931640625
2022-05-19,126.51000213623048,127.44000244140624,123.95999908447266,125.79000091552734,117.7723617553711,1470300,3900.7900390625
2022-05-20,125.1999969482422,125.91999816894533,120.56999969482422,123.02999877929688,115.1882781982422,2070000,3901.360107421875
2022-05-23,124.54000091552734,126.23999786376952,122.83000183105467,125.66000366210938,117.65064239501952,1498100,3973.75
2022-05-24,126.72000122070312,128.99000549316406,124.95999908447266,128.8300018310547,120.6186065673828,1540200,3941.47998046875
2022-05-25,128.3300018310547,131.57000732421875,127.87000274658205,130.9499969482422,122.60348510742188,2035600,3978.72998046875
2022-05-26,132.05999755859375,134.1300048828125,131.58999633789062,133.69000244140625,125.1688003540039,1676300,4057.840087890625
2022-05-27,133.63999938964844,136.91000366210938,132.72000122070312,136.88999938964844,128.1648712158203,1539500,4158.240234375
2022-05-31,135.1999969482422,137.5,133.82000732421875,136.69000244140625,127.97760009765624,6403500,4132.14990234375
2022-06-01,137.32000732421875,137.5399932861328,133.1999969482422,134.6999969482422,126.11444854736328,1476900,4101.22998046875
2022-06-02,134.19000244140625,134.25,132.6300048828125,134.14999389648438,126.39713287353516,1205600,4176.81982421875
2022-06-03,133.4499969482422,134.02000427246094,131.8800048828125,131.97000122070312,124.34310150146484,1031600,4108.5400390625
2022-06-06,133.1699981689453,133.75999450683594,131.64999389648438,132.35000610351562,124.70114135742188,1445800,4121.43017578125
2022-06-07,131.50999450683594,132.5399932861328,130.1199951171875,132.5399932861328,124.88015747070312,1604500,4160.68017578125
2022-06-08,132.19000244140625,132.47999572753906,130.4199981689453,131.05999755859375,123.48570251464844,957000,4115.77001953125
2022-06-09,131.22999572753906,131.94000244140625,127.83999633789062,127.86000061035156,120.47063446044922,1137300,4017.820068359375
2022-06-10,125.54000091552734,125.88999938964844,124.3499984741211,124.58999633789062,117.38961791992188,1582900,3900.860107421875
2022-06-13,121.63999938964844,125.62000274658205,121.63999938964844,123.0999984741211,115.9857177734375,1970400,3749.6298828125
2022-06-14,123.62000274658205,124.56999969482422,121.3499984741211,121.98999786376952,114.93988037109376,1634000,3735.47998046875
2022-06-15,122.8499984741211,123.87999725341795,119.87999725341795,121.66999816894533,114.63836669921876,1661400,3789.989990234375
2022-06-16,119.91999816894533,120.36000061035156,117.63999938964844,119.52999877929688,112.62203979492188,2362100,3666.77001953125
2022-06-17,119.86000061035156,121.36000061035156,118.2699966430664,120.55999755859376,113.59251403808594,4120600,3674.840087890625
2022-06-21,122.33000183105467,122.52999877929688,120.77999877929688,121.8000030517578,114.76085662841795,1161200,3764.7900390625
2022-06-22,120.30999755859376,123.05999755859376,119.86000061035156,122.06999969482422,115.01524353027344,1245600,3759.889892578125
2022-06-23,122.33999633789062,123.2699966430664,120.62000274658205,121.80999755859376,114.77027893066406,1368800,3795.72998046875
2022-06-24,122.70999908447266,127.7699966430664,122.2300033569336,127.16000366210938,119.81108856201172,5383200,3911.739990234375
2022-06-27,126.5199966430664,127.56999969482422,125.52999877929688,126.19000244140624,118.89714813232422,953600,3900.110107421875
2022-06-28,127.22000122070312,128.13999938964844,125.61000061035156,125.6999969482422,118.43545532226562,1341300,3821.550048828125
2022-06-29,126.16000366210938,126.52999877929688,124.93000030517578,125.41999816894533,118.17163848876952,1101300,3818.830078125
2022-06-30,124.4800033569336,127.11000061035156,123.7300033569336,126.7300033569336,119.40594482421876,1472700,3785.3798828125
2022-07-01,127.13999938964844,131.32000732421875,126.5,130.6999969482422,123.14649963378906,2525800,3825.330078125
2022-07-05,128.9499969482422,129.35000610351562,125.16000366210938,128.89999389648438,121.45050811767578,2336900,3831.389892578125
2022-07-06,128.3800048828125,132.08999633789062,128.07000732421875,131.13999938964844,123.56106567382812,1853600,3845.080078125
2022-07-07,131.89999389648438,133.32000732421875,131.00999450683594,131.1999969482422,123.61760711669922,1295800,3902.6201171875
2022-07-08,132.1999969482422,132.22999572753906,130.8000030517578,130.8699951171875,123.3066635131836,1116900,3899.3798828125
2022-07-11,130.27000427246094,131.39999389648438,129.77999877929688,130.3300018310547,122.79788208007812,1442500,3854.429931640625
2022-07-12,129.13999938964844,130.1699981689453,127.94000244140624,128.02999877929688,120.6308135986328,1704700,3818.800048828125
2022-07-13,127.2699966430664,128.5,126.7300033569336,126.86000061035156,119.52843475341795,1855000,3801.780029296875
2022-07-14,123.72000122070312,124.04000091552734,120.33000183105467,120.91999816894533,113.93171691894533,2481300,3790.3798828125
2022-07-15,122.48999786376952,123.37000274658205,121.7699966430664,122.4000015258789,115.32617950439452,4448600,3863.159912109375
2022-07-18,122.88999938964844,123.33999633789062,119.41000366210938,119.7699966430664,112.84817504882812,1531600,3830.85009765625
2022-07-19,121.0,122.93000030517578,120.6500015258789,122.62999725341795,115.54288482666016,1345200,3936.68994140625
2022-07-20,122.76000213623048,123.5500030517578,121.6500015258789,122.33999633789062,115.26966094970705,1581900,3959.89990234375
2022-07-21,118.58999633789062,119.3499984741211,111.8499984741211,115.9000015258789,109.20183563232422,4386800,3998.949951171875
2022-07-22,116.12000274658205,118.20999908447266,115.76000213623048,116.1999969482422,109.4844970703125,2157900,3961.6298828125
2022-07-25,117.16000366210938,117.6500015258789,116.16999816894533,116.72000122070312,109.97444152832033,1239300,3966.840087890625
2022-07-26,116.41000366210938,117.33999633789062,115.05999755859376,115.12000274658205,108.4669189453125,1457800,3921.050048828125
2022-07-27,114.93000030517578,117.06999969482422,114.12999725341795,116.9800033569336,110.21942138671876,2099900,4023.610107421875
2022-07-28,116.94000244140624,117.4000015258789,113.88999938964844,115.73999786376952,109.05108642578124,1849100,4072.429931640625
2022-07-29,116.13999938964844,117.54000091552734,116.11000061035156,116.97000122070312,110.20999908447266,1332100,4130.2900390625
2022-08-01,115.8499984741211,116.44000244140624,114.3499984741211,116.16000366210938,109.4468002319336,1871600,4118.6298828125
2022-08-02,116.5500030517578,117.25,115.62999725341795,115.6999969482422,109.01338958740234,1501600,4091.18994140625
2022-08-03,116.0,116.0999984741211,113.44000244140624,115.05999755859376,108.4103775024414,2062800,4155.169921875
2022-08-04,113.95999908447266,116.69000244140624,112.0500030517578,113.91999816894533,107.33626556396484,2168400,4151.93994140625
2022-08-05,113.9000015258789,117.0500030517578,113.45999908447266,117.0,110.23825073242188,1454300,4145.18994140625
2022-08-08,117.55999755859376,119.4800033569336,117.43000030517578,118.29000091552734,111.45372009277344,1346100,4140.06005859375
2022-08-09,118.9000015258789,120.0,118.44000244140624,119.73999786376952,112.81990814208984,1159700,4122.47021484375
2022-08-10,120.70999908447266,123.87999725341795,120.37999725341795,123.79000091552734,116.6358413696289,1675000,4210.240234375
2022-08-11,124.48999786376952,127.79000091552734,124.33000183105467,126.94000244140624,119.6038055419922,1926200,4207.27001953125
2022-08-12,127.66000366210938,129.6300048828125,127.20999908447266,129.44000244140625,121.9593276977539,1834400,4280.14990234375
2022-08-15,128.27000427246094,129.42999267578125,127.41999816894533,127.76000213623048,120.37641143798828,1615500,4297.14013671875
2022-08-16,127.5199966430664,130.32000732421875,127.27999877929688,129.72999572753906,122.23255157470705,1590400,4305.2001953125
2022-08-17,128.8300018310547,132.66000366210938,128.8300018310547,132.0399932861328,124.40904998779295,1907500,4274.0400390625
2022-08-18,132.13999938964844,133.1199951171875,131.82000732421875,133.02000427246094,125.33243560791016,1145100,4283.740234375
2022-08-19,132.75,133.07000732421875,130.11000061035156,130.1999969482422,122.67538452148438,1289200,4228.47998046875
2022-08-22,128.9199981689453,128.9199981689453,125.29000091552734,125.5500030517578,118.29413604736328,1474100,4137.990234375
2022-08-23,125.66999816894533,126.37000274658205,125.26000213623048,125.5,118.2470245361328,1445400,4128.72998046875
2022-08-24,125.41000366210938,127.3499984741211,125.0999984741211,126.95999908447266,119.62263488769533,1295400,4140.77001953125
2022-08-25,127.18000030517578,128.07000732421875,126.16999816894533,128.0,120.6025390625,912200,4199.1201171875
2022-08-26,128.22999572753906,128.3300018310547,125.02999877929688,125.0500030517578,117.82302856445312,1079900,4057.659912109375
2022-08-29,124.13999938964844,125.0500030517578,122.95999908447266,124.08999633789062,116.91851043701172,1343000,4030.610107421875
2022-08-30,123.2300033569336,123.83000183105467,121.83000183105467,122.33999633789062,116.06468200683594,1582000,3986.159912109375
2022-08-31,122.93000030517578,123.02999877929688,120.43000030517578,120.5,114.3190689086914,2548900,3955.0
2022-09-01,120.70999908447266,121.79000091552734,119.88999938964844,121.38999938964844,115.16340637207033,1719400,3966.85009765625
2022-09-02,122.27999877929688,124.4499969482422,120.9499969482422,121.4800033569336,115.24878692626952,1374300,3924.260009765625
2022-09-06,122.12999725341795,123.06999969482422,121.1500015258789,121.48999786376952,115.25827026367188,1211900,3908.18994140625
2022-09-07,121.58000183105467,125.18000030517578,121.36000061035156,125.12000274658205,118.70207977294922,1296000,3979.8701171875
2022-09-08,124.75,127.01000213623048,123.97000122070312,126.93000030517578,120.41922760009766,1590800,4006.179931640625
2022-09-09,127.05999755859376,127.79000091552734,126.38999938964844,126.44000244140624,119.9543685913086,1475300,4067.360107421875
2022-09-12,126.62999725341795,128.0,125.95999908447266,127.0999984741211,120.58051300048828,1063300,4110.41015625
2022-09-13,125.41999816894533,126.0,122.1500015258789,122.54000091552734,116.2544174194336,1189900,3932.68994140625
2022-09-14,122.93000030517578,124.12000274658205,121.83000183105467,124.0,117.63951873779295,1933600,3946.010009765625
2022-09-15,124.93000030517578,129.77000427246094,124.19000244140624,129.02000427246094,122.40203094482422,2584300,3901.35009765625
2022-09-16,128.9600067138672,130.16000366210938,127.72000122070312,129.4199981689453,122.78150939941406,4847200,3873.330078125
2022-09-19,128.41000366210938,132.17999267578125,128.22999572753906,132.0800018310547,125.3050765991211,1728000,3899.889892578125
2022-09-20,131.4499969482422,131.89999389648438,128.6999969482422,130.0800018310547,123.40766143798828,1677900,3855.929931640625
2022-09-21,130.85000610351562,131.82000732421875,127.83999633789062,127.8499984741211,121.29204559326172,1744400,3789.929931640625
2022-09-22,127.95999908447266,131.07000732421875,125.77999877929688,127.97000122070312,121.40589141845705,1751000,3757.989990234375
2022-09-23,127.02999877929688,127.9499969482422,125.79000091552734,127.62000274658205,121.07383728027344,1777800,3693.22998046875
2022-09-26,126.66000366210938,127.61000061035156,123.80999755859376,123.93000030517578,117.57311248779295,1583600,3655.0400390625
2022-09-27,124.33000183105467,124.91000366210938,121.76000213623048,123.81999969482422,117.46876525878906,1822600,3647.2900390625
2022-09-28,124.62000274658205,127.12999725341795,123.70999908447266,126.41000366210938,119.92591857910156,1403600,3719.0400390625
2022-09-29,126.05999755859376,126.66999816894533,123.63999938964844,126.12999725341795,119.6602783203125,1968400,3640.469970703125
2022-09-30,126.29000091552734,126.9800033569336,124.23999786376952,124.52999877929688,118.14234924316406,2601500,3585.6201171875
2022-10-03,126.18000030517578,128.3300018310547,124.19000244140624,128.27999877929688,121.69998168945312,1933400,3678.429931640625
2022-10-04,129.16000366210938,132.92999267578125,129.16000366210938,132.80999755859375,125.99762725830078,2098300,3790.929931640625
2022-10-05,131.3000030517578,133.97999572753906,130.85000610351562,133.0,126.1778793334961,1620600,3783.280029296875
2022-10-06,132.74000549316406,132.8300018310547,130.2899932861328,130.5399932861328,123.84405517578124,1546800,3744.52001953125
2022-10-07,130.25999450683594,130.72000122070312,128.2100067138672,130.63999938964844,123.93892669677734,2223300,3639.659912109375
2022-10-10,131.27000427246094,132.25,130.1300048828125,131.38999938964844,124.65047454833984,1237300,3612.389892578125
2022-10-11,131.3699951171875,135.2100067138672,130.99000549316406,132.97000122070312,126.1494140625,1570200,3588.840087890625
2022-10-12,133.80999755859375,135.05999755859375,130.99000549316406,131.1300048828125,124.40380096435548,2256100,3577.030029296875
2022-10-13,127.86000061035156,135.4600067138672,122.9000015258789,134.9600067138672,128.03733825683594,3423000,3669.909912109375
2022-10-14,136.24000549316406,136.8800048828125,132.27000427246094,132.44000244140625,125.6466064453125,1837700,3583.070068359375
2022-10-17,134.32000732421875,136.30999755859375,133.0399932861328,133.5,126.65222930908205,1193900,3677.949951171875
2022-10-18,136.08999633789062,137.4600067138672,135.24000549316406,137.3800048828125,130.33323669433594,1615000,3719.97998046875
2022-10-19,137.80999755859375,138.92999267578125,134.61000061035156,135.14999389648438,128.2175750732422,2068600,3695.159912109375
2022-10-20,116.55999755859376,122.79000091552734,116.51000213623048,117.70999908447266,111.6721649169922,9420300,3665.780029296875
2022-10-21,118.30999755859376,123.56999969482422,117.94000244140624,120.08000183105467,113.92060089111328,3193700,3752.75
2022-10-24,120.8000030517578,125.37999725341795,120.8000030517578,124.87000274658205,118.46489715576172,2682000,3797.340087890625
2022-10-25,123.63999938964844,125.12999725341795,122.5199966430664,124.6500015258789,118.25618743896484,1665900,3859.110107421875
2022-10-26,125.63999938964844,127.3499984741211,124.20999908447266,124.2699966430664,117.89567565917967,1799200,3830.60009765625
2022-10-27,125.0,125.70999908447266,122.36000061035156,122.56999969482422,116.28287506103516,2234800,3807.300048828125
2022-10-28,123.12000274658205,126.63999938964844,122.75,126.38999938964844,119.90695190429688,2222600,3901.06005859375
2022-10-31,126.38999938964844,127.29000091552734,125.83000183105467,126.25,119.77411651611328,1892200,3871.97998046875
2022-11-01,127.11000061035156,127.12000274658205,125.41000366210938,125.75,119.2997589111328,1508000,3856.10009765625
2022-11-02,125.72000122070312,126.58000183105467,122.95999908447266,123.33999633789062,117.0133819580078,2446000,3759.68994140625
2022-11-03,120.88999938964844,125.3000030517578,119.01000213623048,123.95999908447266,117.60157012939452,2815400,3719.889892578125
2022-11-04,128.1999969482422,129.91000366210938,125.83000183105467,129.1199951171875,122.49689483642578,2337800,3770.550048828125
2022-11-07,129.7100067138672,129.7100067138672,127.0199966430664,128.82000732421875,122.21229553222656,1284600,3806.800048828125
2022-11-08,128.88999938964844,131.6699981689453,127.7699966430664,130.25999450683594,123.57843017578124,1362500,3828.110107421875
2022-11-09,129.85000610351562,131.36000061035156,127.80999755859376,127.94000244140624,121.37743377685548,1178800,3748.570068359375
2022-11-10,131.00999450683594,131.39999389648438,128.19000244140625,130.19000244140625,123.51201629638672,1631800,3956.3701171875
2022-11-11,130.3800048828125,132.7100067138672,127.86000061035156,132.08999633789062,125.31453704833984,1533400,3992.929931640625
2022-11-14,132.33999633789062,133.1199951171875,128.9199981689453,129.0399932861328,122.4209976196289,1075000,3957.25
2022-11-15,129.67999267578125,132.8699951171875,128.8000030517578,132.02999877929688,125.25763702392578,2004100,3991.72998046875
2022-11-16,131.4199981689453,133.0,130.9600067138672,132.30999755859375,125.52326202392578,1531300,3958.7900390625
2022-11-17,131.63999938964844,134.74000549316406,131.07000732421875,134.61000061035156,127.70529174804688,1190500,3946.56005859375
2022-11-18,136.02999877929688,136.8699951171875,132.08999633789062,132.74000549316406,125.93124389648438,1756000,3965.340087890625
2022-11-21,132.5399932861328,134.75999450683594,131.72999572753906,134.25999450683594,127.3732452392578,1629800,3949.93994140625
2022-11-22,135.24000549316406,135.67999267578125,133.75,133.8699951171875,127.00324249267578,877700,4003.580078125
2022-11-23,133.72999572753906,134.3699951171875,132.6300048828125,134.35000610351562,127.45861053466795,935000,4027.260009765625
2022-11-25,134.9600067138672,135.5399932861328,134.1199951171875,135.4199981689453,128.47373962402344,513800,4026.1201171875
2022-11-28,135.22000122070312,135.27999877929688,132.5800018310547,132.72000122070312,125.91223907470705,1206800,3963.93994140625
2022-11-29,131.33999633789062,133.52000427246094,130.02999877929688,133.3800048828125,127.3540267944336,1263700,3957.6298828125
2022-11-30,132.5399932861328,134.02999877929688,130.1199951171875,133.89999389648438,127.85053253173828,3212800,4080.110107421875
2022-12-01,134.5399932861328,134.5399932861328,130.9199981689453,132.00999450683594,126.0459213256836,1925600,4076.570068359375
2022-12-02,130.80999755859375,131.8800048828125,129.88999938964844,130.85000610351562,124.9383316040039,1298100,4071.699951171875
2022-12-05,130.1699981689453,130.1699981689453,127.16999816894533,128.44000244140625,122.63720703125,1246600,3998.840087890625
2022-12-06,128.44000244140625,130.58999633789062,127.97000122070312,130.30999755859375,124.42271423339844,1464800,3941.260009765625
2022-12-07,130.22999572753906,132.75999450683594,128.97000122070312,130.11000061035156,124.23175811767578,1717500,3933.919921875
2022-12-08,130.85000610351562,131.6999969482422,129.5399932861328,130.02999877929688,124.1553726196289,1194900,3963.510009765625
2022-12-09,129.58999633789062,130.22999572753906,127.83000183105467,128.5500030517578,122.74224853515624,1237600,3934.3798828125
2022-12-12,128.80999755859375,129.22000122070312,127.41000366210938,128.8300018310547,123.00959014892578,1220300,3990.56005859375
2022-12-13,131.47000122070312,132.22999572753906,128.9600067138672,130.32000732421875,124.4322738647461,2135800,4019.64990234375
2022-12-14,130.5500030517578,132.24000549316406,128.92999267578125,129.89999389648438,124.03125762939452,1524500,3995.320068359375
2022-12-15,128.5500030517578,133.60000610351562,128.27000427246094,132.2899932861328,126.31326293945312,2416300,3895.75
2022-12-16,130.75,132.19000244140625,129.82000732421875,131.19000244140625,125.26295471191406,4120000,3852.360107421875
2022-12-19,131.0,132.42999267578125,130.39999389648438,130.99000549316406,125.07201385498048,1188900,3817.659912109375
2022-12-20,131.61000061035156,134.4499969482422,130.57000732421875,133.67999267578125,127.64046478271484,1616000,3821.6201171875
2022-12-21,135.00999450683594,136.4499969482422,134.5500030517578,134.63999938964844,128.5570831298828,1261500,3878.43994140625
2022-12-22,134.36000061035156,135.52999877929688,133.2899932861328,135.42999267578125,129.3114013671875,1382500,3822.389892578125
2022-12-23,135.58999633789062,136.58999633789062,134.9199981689453,136.3699951171875,130.2089385986328,872600,3844.820068359375
2022-12-27,136.47000122070312,136.97999572753906,135.5399932861328,136.02000427246094,129.87474060058594,737500,3829.25
2022-12-28,136.22000122070312,136.74000549316406,135.3300018310547,135.42999267578125,129.3114013671875,661300,3783.219970703125
2022-12-29,135.97999572753906,136.85000610351562,135.27000427246094,136.4199981689453,130.2566680908203,629100,3849.280029296875
2022-12-30,135.72999572753906,136.41000366210938,134.75999450683594,135.60000610351562,129.47373962402344,706000,3839.5
2023-01-03,135.5399932861328,137.22000122070312,135.2100067138672,136.66000366210938,130.48583984375,1248300,3824.139892578125
2023-01-04,137.32000732421875,139.5399932861328,136.8800048828125,138.9600067138672,132.6819305419922,1466000,3852.969970703125
2023-01-05,138.25999450683594,139.52000427246094,137.1999969482422,139.33999633789062,133.0447540283203,1108800,3808.10009765625
2023-01-06,140.0,142.0500030517578,139.2899932861328,141.3699951171875,134.98304748535156,1308100,3895.080078125
2023-01-09,141.72999572753906,142.05999755859375,139.3300018310547,140.00999450683594,133.68447875976562,1534200,3892.090087890625
2023-01-10,140.4600067138672,142.14999389648438,140.13999938964844,141.25999450683594,134.8780059814453,905700,3919.25
2023-01-11,140.38999938964844,140.9199981689453,137.8699951171875,138.22999572753906,131.98487854003906,1553500,3969.610107421875
2023-01-12,138.61000061035156,139.0800018310547,136.89999389648438,137.07000732421875,130.8773193359375,1365600,3983.169921875
2023-01-13,136.24000549316406,139.33999633789062,135.6999969482422,138.97000122070312,132.69146728515625,1203300,3999.090087890625
2023-01-17,138.85000610351562,138.85000610351562,134.1999969482422,135.52000427246094,129.3973388671875,1798400,3990.969970703125
2023-01-18,135.35000610351562,135.6300048828125,131.9199981689453,132.42999267578125,126.44693756103516,1900100,3928.860107421875
2023-01-19,126.0500030517578,127.16000366210938,122.0,124.63999938964844,119.00889587402344,4888600,3898.85009765625
2023-01-20,125.05999755859376,125.9800033569336,123.27999877929688,125.6500015258789,119.97325134277344,2522200,3972.610107421875
2023-01-23,125.72000122070312,126.66000366210938,124.81999969482422,125.23999786376952,119.58177947998048,2064900,4019.81005859375
2023-01-24,125.0,127.77999877929688,124.61000061035156,127.26000213623048,121.5105209350586,1852900,4016.949951171875
2023-01-25,126.70999908447266,129.47999572753906,126.01000213623048,128.6199951171875,122.80906677246094,1454300,4016.219970703125
2023-01-26,128.77999877929688,128.9600067138672,127.62000274658205,128.60000610351562,122.78998565673828,1256500,4060.429931640625
2023-01-27,128.27999877929688,129.1199951171875,127.54000091552734,127.83000183105467,122.05477142333984,1075600,4070.56005859375
2023-01-30,127.9499969482422,128.64999389648438,127.43000030517578,128.0,122.21709442138672,1159200,4017.77001953125
2023-01-31,128.82000732421875,128.82000732421875,127.01000213623048,128.47000122070312,122.66584777832033,1414400,4076.60009765625
2023-02-01,127.4499969482422,128.85000610351562,126.06999969482422,128.16000366210938,122.36986541748048,1794100,4119.2099609375
2023-02-02,125.0,132.11000061035156,123.08000183105467,131.88999938964844,125.93136596679688,4016400,4179.759765625
2023-02-03,131.75999450683594,132.22000122070312,128.4499969482422,131.3300018310547,125.39664459228516,1760800,4136.47998046875
2023-02-06,131.3000030517578,135.0399932861328,130.67999267578125,134.97999572753906,128.88172912597656,2233700,4111.080078125
2023-02-07,134.7100067138672,137.64999389648438,134.05999755859375,136.72000122070312,130.5431365966797,1493300,4164.0
2023-02-08,135.99000549316406,138.25,135.86000061035156,136.8300018310547,130.6481475830078,1483300,4117.85986328125
2023-02-09,137.5,137.8300018310547,132.35000610351562,133.55999755859375,127.52590942382812,1842000,4081.5
2023-02-10,133.58999633789062,135.63999938964844,133.14999389648438,135.41000366210938,129.29232788085938,1391700,4090.4599609375
2023-02-13,135.66000366210938,137.27999877929688,135.5399932861328,136.50999450683594,130.34259033203125,1215800,4137.2900390625
2023-02-14,136.3699951171875,136.91000366210938,133.99000549316406,135.0399932861328,128.93902587890625,1276500,4136.1298828125
2023-02-15,134.42999267578125,137.44000244140625,134.35000610351562,137.14999389648438,130.95370483398438,1308400,4147.60009765625
2023-02-16,136.0,139.02000427246094,135.72999572753906,137.10000610351562,130.90597534179688,1539200,4090.409912109375
2023-02-17,136.72000122070312,136.94000244140625,134.63999938964844,135.0500030517578,128.94857788085938,1460000,4079.090087890625
2023-02-21,134.41000366210938,134.9499969482422,132.8000030517578,134.41000366210938,128.33750915527344,1808700,3997.340087890625
2023-02-22,135.1999969482422,135.1999969482422,133.11000061035156,133.27999877929688,127.25852966308594,1439500,3991.050048828125
2023-02-23,133.69000244140625,134.42999267578125,130.69000244140625,131.85000610351562,125.89315032958984,1318800,4012.320068359375
2023-02-24,131.10000610351562,132.02999877929688,130.00999450683594,131.58999633789062,125.64488983154295,1365700,3970.0400390625
2023-02-27,131.1300048828125,131.66000366210938,128.47999572753906,128.9499969482422,123.96257019042967,1847800,3982.239990234375
2023-02-28,129.10000610351562,129.49000549316406,127.63999938964844,128.77999877929688,123.79915618896484,2013000,3970.14990234375
2023-03-01,128.14999389648438,128.75,126.86000061035156,127.61000061035156,122.67440795898438,1681600,3951.389892578125
2023-03-02,126.88999938964844,126.98999786376952,125.45999908447266,126.27999877929688,121.39585876464844,1730000,3981.35009765625
2023-03-03,126.38999938964844,128.1300048828125,125.56999969482422,128.1300048828125,123.17430114746094,1592300,4045.639892578125
2023-03-06,128.49000549316406,129.49000549316406,127.30999755859376,127.5999984741211,122.664794921875,1372400,4048.419921875
2023-03-07,127.70999908447266,127.70999908447266,124.5500030517578,124.58000183105467,119.76160430908205,1222000,3986.3701171875
2023-03-08,125.1999969482422,125.1999969482422,121.16000366210938,122.4000015258789,117.6659164428711,1824800,3992.010009765625
2023-03-09,122.4800033569336,122.52999877929688,118.44000244140624,119.4000015258789,114.78195190429688,1651700,3918.320068359375
2023-03-10,118.68000030517578,120.6999969482422,117.68000030517578,118.1999969482422,113.62835693359376,1979700,3861.590087890625
2023-03-13,115.9499969482422,117.16000366210938,113.8000030517578,114.18000030517578,109.76384735107422,3208000,3855.760009765625
2023-03-14,117.11000061035156,118.01000213623048,112.93000030517578,114.36000061035156,109.93687438964844,2513800,3919.2900390625
2023-03-15,111.16000366210938,111.7699966430664,107.86000061035156,110.61000061035156,106.33191680908205,2826400,3891.929931640625
2023-03-16,110.27999877929688,112.7300033569336,108.75,112.0999984741211,107.7642822265625,2727900,3960.280029296875
2023-03-17,110.77999877929688,111.0199966430664,104.31999969482422,105.11000061035156,101.04463958740234,9352100,3916.639892578125
2023-03-20,105.8000030517578,110.13999938964844,105.8000030517578,109.1999969482422,104.97644805908205,2990200,3951.570068359375
2023-03-21,111.18000030517578,114.05999755859376,110.41999816894533,112.54000091552734,108.1872787475586,2577000,4002.8701171875
2023-03-22,112.31999969482422,113.0199966430664,108.51000213623048,108.52999877929688,104.3323745727539,1856400,3936.969970703125
2023-03-23,108.44000244140624,108.66999816894533,105.23999786376952,105.58000183105467,101.49647521972656,2139700,3948.719970703125
2023-03-24,104.30999755859376,105.62000274658205,103.1999969482422,105.58999633789062,101.50607299804688,2893000,3970.989990234375
2023-03-27,107.55999755859376,108.0,106.08999633789062,106.98999786376952,102.85193634033205,1771400,3977.530029296875
2023-03-28,106.29000091552734,107.31999969482422,105.6500015258789,106.33999633789062,102.22705841064452,1585200,3971.27001953125
2023-03-29,107.58999633789062,109.8499984741211,107.0500030517578,109.6999969482422,105.45710754394533,2263500,4027.81005859375
2023-03-30,110.25,110.4000015258789,108.0,109.08999633789062,104.8707046508789,1324100,4050.830078125
2023-03-31,109.97000122070312,111.27999877929688,109.8499984741211,110.80999755859376,106.52417755126952,1901100,4109.31005859375
2023-04-03,112.68000030517578,115.30999755859376,112.20999908447266,114.25,109.83113098144533,2381600,4124.509765625
2023-04-04,114.4499969482422,114.9800033569336,111.58999633789062,113.16999816894533,108.79290008544922,1421900,4100.60009765625
2023-04-05,111.69000244140624,115.47000122070312,111.13999938964844,114.87999725341795,110.43677520751952,1396600,4090.3798828125
2023-04-06,115.37000274658205,116.5999984741211,114.8000030517578,115.22000122070312,110.76361846923828,1414500,4105.02001953125
2023-04-10,115.30999755859376,116.20999908447266,115.1999969482422,116.11000061035156,111.61920166015624,989500,4109.10986328125
2023-04-11,115.76000213623048,117.0,115.12999725341795,116.0999984741211,111.60958862304688,1062200,4108.93994140625
2023-04-12,116.38999938964844,117.88999938964844,115.6500015258789,116.08000183105467,111.5903549194336,1377100,4091.949951171875
2023-04-13,114.11000061035156,114.86000061035156,113.0,114.11000061035156,109.6965560913086,2889600,4146.22021484375
2023-04-14,114.29000091552734,115.12000274658205,111.2699966430664,112.12999725341795,107.79313659667967,2287600,4137.64013671875
2023-04-17,112.3499984741211,114.91000366210938,111.41999816894533,114.88999938964844,110.4463882446289,2210600,4151.31982421875
2023-04-18,114.98999786376952,115.41999816894533,113.36000061035156,114.13999938964844,109.7253875732422,1856400,4154.8701171875
2023-04-19,114.77999877929688,116.80999755859376,113.76000213623048,116.51000213623048,112.00372314453124,1962400,4154.52001953125
2023-04-20,118.3499984741211,122.5,117.08999633789062,117.37999725341795,112.84007263183594,3165400,4129.7900390625
2023-04-21,116.6999969482422,117.06999969482422,115.70999908447266,115.77999877929688,111.3019561767578,1503900,4133.52001953125
2023-04-24,115.8499984741211,117.37000274658205,115.75,115.9000015258789,111.41732788085938,1034400,4137.0400390625
2023-04-25,115.1999969482422,116.12000274658205,114.31999969482422,114.91000366210938,110.46560668945312,963300,4071.6298828125
2023-04-26,114.12999725341795,115.61000061035156,113.44000244140624,114.05999755859376,109.64847564697266,1141000,4055.989990234375
2023-04-27,113.86000061035156,115.70999908447266,113.62000274658205,115.25,110.7924575805664,1155500,4135.35009765625
2023-04-28,115.7699966430664,116.66999816894533,115.36000061035156,115.76000213623048,111.2827377319336,2228700,4169.47998046875
2023-05-01,115.5500030517578,117.25,115.38999938964844,115.86000061035156,111.3788604736328,1188800,4167.8701171875
2023-05-02,115.12999725341795,115.33000183105467,110.55999755859376,112.38999938964844,108.04306030273438,2224300,4119.580078125
2023-05-03,112.98999786376952,112.98999786376952,111.0199966430664,111.5,107.1875,2979700,4090.75
2023-05-04,109.97000122070312,114.72000122070312,109.5,114.0199966430664,109.61003112792967,3413800,4061.219970703125
2023-05-05,115.45999908447266,117.98999786376952,115.45999908447266,115.7300033569336,111.25389862060548,2244500,4136.25
2023-05-08,115.91999816894533,116.8499984741211,115.11000061035156,116.12000274658205,111.6288070678711,1323900,4138.1201171875
2023-05-09,115.54000091552734,118.58000183105467,115.45999908447266,118.41999816894533,113.83985137939452,1945200,4119.169921875
2023-05-10,118.55999755859376,119.44000244140624,116.4800033569336,117.66999816894533,113.11885833740234,1642800,4137.64013671875
2023-05-11,117.01000213623048,118.5,116.43000030517578,118.33000183105467,113.75333404541016,1730900,4130.6201171875
2023-05-12,119.13999938964844,119.63999938964844,117.70999908447266,118.26000213623048,113.68604278564452,1689700,4124.080078125
2023-05-15,118.54000091552734,118.58999633789062,117.1999969482422,117.93000030517578,113.36880493164062,2144500,4136.27978515625
2023-05-16,118.0199966430664,118.08999633789062,116.43000030517578,116.80999755859376,112.29212188720705,1196700,4109.89990234375
2023-05-17,117.0,119.47000122070312,116.72000122070312,119.0,114.39742279052734,1719100,4158.77001953125
2023-05-18,118.58000183105467,119.06999969482422,117.4800033569336,118.88999938964844,114.29167175292967,1512400,4198.0498046875
2023-05-19,119.83000183105467,119.98999786376952,117.75,117.77999877929688,113.224609375,2027600,4191.97998046875
2023-05-22,117.5,118.58000183105467,117.3000030517578,118.08999633789062,113.52261352539062,1579200,4192.6298828125
2023-05-23,118.16999816894533,118.61000061035156,115.87000274658205,116.26000213623048,111.76339721679688,1848200,4145.580078125
2023-05-24,115.4800033569336,116.11000061035156,113.33999633789062,113.4000015258789,109.0140151977539,1730500,4115.240234375
2023-05-25,112.55999755859376,113.56999969482422,110.6999969482422,111.04000091552734,106.74529266357422,2013600,4151.27978515625
2023-05-26,110.8000030517578,111.16000366210938,108.62999725341795,109.52999877929688,105.29369354248048,1697200,4205.4501953125
2023-05-30,109.13999938964844,110.77999877929688,108.52999877929688,110.66000366210938,106.3800048828125,1607900,4205.52001953125
2023-05-31,110.27999877929688,110.8000030517578,108.31999969482422,108.4499969482422,104.25545501708984,3870900,4179.830078125
2023-06-01,108.1999969482422,109.9499969482422,106.31999969482422,109.1999969482422,105.8450698852539,1618900,4221.02001953125
2023-06-02,109.94000244140624,110.8499984741211,109.3000030517578,110.08000183105467,106.6980438232422,1119200,4282.3701171875
2023-06-05,110.56999969482422,111.22000122070312,109.26000213623048,109.4800033569336,106.1164779663086,1307300,4273.7900390625
2023-06-06,109.51000213623048,110.62000274658205,109.43000030517578,109.98999786376952,106.61080169677734,1693300,4283.85009765625
2023-06-07,110.27999877929688,112.61000061035156,109.66000366210938,112.22000122070312,108.77229309082033,1337800,4267.52001953125
2023-06-08,112.12000274658205,112.20999908447266,110.62999725341795,111.91000366210938,108.4718246459961,1213500,4293.93017578125
2023-06-09,111.20999908447266,112.9499969482422,110.5,111.95999908447266,108.5202865600586,1602900,4298.85986328125
2023-06-12,111.87000274658205,113.19000244140624,111.66000366210938,112.3499984741211,108.89830017089844,1119100,4338.93017578125
2023-06-13,112.41000366210938,114.97000122070312,112.41000366210938,113.4499969482422,109.9645004272461,1308900,4369.009765625
2023-06-14,113.5,113.79000091552734,111.30999755859376,111.4000015258789,107.9774932861328,2878600,4372.58984375
2023-06-15,110.52999877929688,111.88999938964844,109.56999969482422,110.54000091552734,107.14391326904295,3260100,4425.83984375
2023-06-16,111.0,111.6500015258789,109.95999908447266,111.16999816894533,107.75455474853516,3778800,4409.58984375
2023-06-20,109.86000061035156,110.22000122070312,108.08000183105467,108.61000061035156,105.27320098876952,3393800,4388.7099609375
2023-06-21,108.1999969482422,108.58999633789062,105.54000091552734,107.7300033569336,104.42024993896484,4040100,4365.68994140625
2023-06-22,108.20999908447266,108.20999908447266,106.80999755859376,108.0,104.68195343017578,1801100,4381.89013671875
2023-06-23,107.5,107.75,106.58999633789062,107.52999877929688,104.22638702392578,3587800,4348.330078125
2023-06-26,107.6500015258789,109.0,107.3499984741211,108.95999908447266,105.6124496459961,1693300,4328.81982421875
2023-06-27,109.0999984741211,109.66999816894533,108.33999633789062,108.63999938964844,105.30228424072266,990100,4378.41015625
2023-06-28,108.38999938964844,108.91000366210938,107.4000015258789,108.86000061035156,105.51553344726562,2185100,4376.85986328125
2023-06-29,109.06999969482422,109.43000030517578,108.62000274658205,109.08999633789062,105.73845672607422,1416900,4396.43994140625
2023-06-30,109.62000274658205,109.80999755859376,108.72000122070312,109.04000091552734,105.68999481201172,1825900,4450.3798828125
2023-07-03,108.97000122070312,111.73999786376952,108.87999725341795,110.51000213623048,107.11483764648438,952100,4455.58984375
2023-07-05,109.63999938964844,110.06999969482422,108.12999725341795,110.04000091552734,106.65927124023438,2430800,4446.81982421875
2023-07-06,109.56999969482422,109.76000213623048,108.13999938964844,108.76000213623048,105.4186019897461,2118100,4411.58984375
2023-07-07,107.97000122070312,109.4000015258789,107.97000122070312,108.2699966430664,104.9436492919922,1847600,4398.9501953125
2023-07-10,107.83000183105467,108.6999969482422,106.44000244140624,106.75,103.47035217285156,1541000,4409.52978515625
2023-07-11,106.77999877929688,109.16000366210938,106.69000244140624,109.06999969482422,105.71907043457033,2003300,4439.259765625
2023-07-12,109.68000030517578,110.08999633789062,106.75,107.5999984741211,104.2942352294922,1745600,4472.16015625
2023-07-13,104.0500030517578,106.8000030517578,103.91000366210938,104.83000183105467,101.60933685302734,3209400,4510.0400390625
2023-07-14,104.8499984741211,104.8499984741211,100.97000122070312,101.18000030517578,98.07147216796876,3465000,4505.419921875
2023-07-17,101.3000030517578,102.55999755859376,100.56999969482422,102.41000366210938,99.26368713378906,1950900,4522.7900390625
2023-07-18,102.0999984741211,104.5199966430664,102.0999984741211,103.41999816894533,100.2426528930664,1742600,4554.97998046875
2023-07-19,103.69000244140624,106.04000091552734,103.55999755859376,105.79000091552734,102.5398406982422,2726700,4565.72021484375
2023-07-20,106.8499984741211,112.0999984741211,106.4000015258789,111.9800033569336,108.5396728515625,3263200,4534.8701171875
2023-07-21,112.0199966430664,112.33999633789062,110.23999786376952,110.81999969482422,107.41531372070312,1467900,4536.33984375
2023-07-24,111.13999938964844,113.02999877929688,111.02999877929688,112.11000061035156,108.6656723022461,1138000,4554.64013671875
2023-07-25,111.75,112.62000274658205,110.16999816894533,110.47000122070312,107.07606506347656,1064800,4567.4599609375
2023-07-26,111.36000061035156,113.44000244140624,110.45999908447266,112.95999908447266,109.48955535888672,1282400,4566.75
2023-07-27,113.20999908447266,113.20999908447266,112.01000213623048,112.77999877929688,109.3150863647461,1088300,4537.41015625
2023-07-28,113.8499984741211,114.08999633789062,111.77999877929688,112.45999908447266,109.00492095947266,1165500,4582.22998046875
2023-07-31,112.66000366210938,113.81999969482422,112.05999755859376,112.68000030517578,109.21817016601562,890400,4588.9599609375
2023-08-01,112.44000244140624,113.36000061035156,111.54000091552734,113.02999877929688,109.55741119384766,1459700,4576.72998046875
2023-08-02,111.73999786376952,112.2300033569336,105.4000015258789,106.51000213623048,103.23772430419922,2844000,4513.39013671875
2023-08-03,105.9499969482422,111.91999816894533,105.8499984741211,111.36000061035156,107.93871307373048,2727100,4501.89013671875
2023-08-04,111.31999969482422,111.33000183105467,109.5,109.87000274658205,106.49449920654295,1518200,4478.02978515625
2023-08-07,110.47000122070312,111.9800033569336,110.0,110.73999786376952,107.3377685546875,905700,4518.43994140625
2023-08-08,109.44000244140624,111.08999633789062,108.52999877929688,110.44000244140624,107.0469970703125,1432900,4499.3798828125
2023-08-09,110.2699966430664,111.58999633789062,109.51000213623048,109.5999984741211,106.23279571533205,1053600,4467.7099609375
2023-08-10,110.38999938964844,112.36000061035156,110.38999938964844,110.69000244140624,107.289306640625,1002000,4468.830078125
2023-08-11,110.7300033569336,111.12000274658205,108.6999969482422,109.04000091552734,105.68999481201172,1365500,4464.0498046875
2023-08-14,108.98999786376952,109.41999816894533,106.3000030517578,106.9000015258789,103.61573028564452,1524200,4489.72021484375
2023-08-15,105.19000244140624,106.1500015258789,104.6500015258789,105.06999969482422,101.84196472167967,1474100,4437.85986328125
2023-08-16,107.0,110.66000366210938,106.45999908447266,109.73999786376952,106.36847686767578,2269100,4404.330078125
2023-08-17,110.58000183105467,111.5199966430664,107.70999908447266,107.91000366210938,104.59471893310548,1724500,4370.35986328125
2023-08-18,107.23999786376952,108.33000183105467,106.06999969482422,106.19000244140624,102.92755889892578,1464000,4369.7099609375
2023-08-21,106.0500030517578,106.55999755859376,104.29000091552734,105.29000091552734,102.05520629882812,1547900,4399.77001953125
2023-08-22,105.05999755859376,106.19000244140624,104.56999969482422,105.12000274658205,101.89041900634766,1001800,4387.5498046875
2023-08-23,105.12999725341795,106.47000122070312,105.12999725341795,105.62000274658205,102.37506866455078,897100,4436.009765625
2023-08-24,105.33000183105467,107.18000030517578,105.08999633789062,105.33999633789062,102.10365295410156,1104600,4376.31005859375
2023-08-25,105.37999725341795,106.75,104.83999633789062,105.13999938964844,101.90980529785156,1217300,4405.7099609375
2023-08-28,105.52999877929688,106.27999877929688,104.6999969482422,105.41999816894533,102.18121337890624,1027800,4433.31005859375
2023-08-29,105.81999969482422,106.9499969482422,105.01000213623048,106.55999755859376,103.28618621826172,1178000,4497.6298828125
2023-08-30,105.56999969482422,109.45999908447266,105.56999969482422,109.26000213623048,106.79520416259766,1855900,4514.8701171875
2023-08-31,109.73999786376952,109.73999786376952,107.68000030517578,107.80999755859376,105.3779067993164,2218900,4507.66015625
2023-09-01,108.58999633789062,110.91000366210938,108.1500015258789,110.55999755859376,108.06586456298828,1330000,4515.77001953125
2023-09-05,110.33999633789062,110.55999755859376,107.1500015258789,107.22000122070312,104.8012237548828,1444800,4496.830078125
2023-09-06,107.31999969482422,108.93000030517578,106.87999725341795,107.93000030517578,105.49520111083984,1360300,4465.47998046875
2023-09-07,108.05999755859376,109.05999755859376,107.5,107.7300033569336,105.29971313476562,1493800,4451.14013671875
2023-09-08,107.6500015258789,107.75,105.8499984741211,106.1999969482422,103.8042221069336,1707500,4457.490234375
2023-09-11,107.04000091552734,108.47000122070312,106.73999786376952,107.77999877929688,105.3485870361328,1386700,4487.4599609375
2023-09-12,108.05999755859376,109.93000030517578,107.8499984741211,109.48999786376952,107.02001190185548,1305400,4461.89990234375
2023-09-13,110.0,110.48999786376952,108.12000274658205,108.9000015258789,106.44332122802734,2446800,4467.43994140625
2023-09-14,109.7699966430664,111.02999877929688,109.0500030517578,110.5500030517578,108.0561065673828,2585300,4505.10009765625
2023-09-15,109.95999908447266,110.04000091552734,108.66000366210938,108.77999877929688,106.3260269165039,2899700,4450.31982421875
2023-09-18,109.23999786376952,111.3499984741211,108.16000366210938,111.04000091552734,108.53504943847656,2140500,4453.52978515625
2023-09-19,111.51000213623048,114.4499969482422,111.12000274658205,113.37999725341795,110.82225799560548,2654500,4443.9501953125
2023-09-20,113.97000122070312,115.79000091552734,113.38999938964844,114.1500015258789,111.57488250732422,2142200,4402.2001953125
2023-09-21,114.06999969482422,115.05999755859376,112.51000213623048,113.8499984741211,111.28165435791016,1935400,4330.0
2023-09-22,114.4000015258789,114.87000274658205,113.5199966430664,114.08999633789062,111.51624298095705,1741100,4320.06005859375
2023-09-25,113.70999908447266,116.12000274658205,113.02999877929688,115.23999786376952,112.64029693603516,1983400,4337.43994140625
2023-09-26,114.83000183105467,115.36000061035156,112.7300033569336,113.2699966430664,110.71473693847656,1247100,4273.52978515625
2023-09-27,112.75,113.4499969482422,111.41999816894533,113.0199966430664,110.47038269042967,1262800,4274.509765625
2023-09-28,113.16000366210938,113.62000274658205,112.33999633789062,112.48999786376952,109.95233917236328,910000,4299.7001953125
2023-09-29,112.41000366210938,112.69000244140624,111.25,111.41000366210938,108.89669799804688,1206900,4288.0498046875
2023-10-02,110.93000030517578,111.4800033569336,110.02999877929688,110.91000366210938,108.40798950195312,1338000,4288.39013671875
2023-10-03,110.29000091552734,111.27999877929688,109.33000183105467,109.91000366210938,107.4305419921875,1192800,4229.4501953125
2023-10-04,110.12000274658205,111.62999725341795,109.01000213623048,111.4499969482422,108.935791015625,1009800,4263.75
2023-10-05,111.41999816894533,112.83000183105467,110.73999786376952,112.37000274658205,109.83504486083984,1014700,4258.18994140625
2023-10-06,112.18000030517578,113.97000122070312,111.83999633789062,113.1500015258789,110.59744262695312,1186100,4308.5
2023-10-09,112.75,114.4000015258789,112.41999816894533,114.16999816894533,111.59442901611328,831800,4335.66015625
2023-10-10,114.44000244140624,115.45999908447266,113.94000244140624,114.72000122070312,112.13201904296876,1247900,4358.240234375
2023-10-11,114.76000213623048,115.6500015258789,114.0199966430664,114.7699966430664,112.18089294433594,941200,4376.9501953125
2023-10-12,115.27999877929688,115.29000091552734,113.04000091552734,113.9800033569336,111.40872192382812,1125200,4349.60986328125
2023-10-13,115.63999938964844,120.88999938964844,115.63999938964844,120.31999969482422,117.60569763183594,2897400,4327.77978515625
2023-10-16,121.0,127.87000274658205,119.61000061035156,124.91999816894533,122.1019287109375,3982700,4373.6298828125
2023-10-17,125.1500015258789,129.25,125.13999938964844,127.91999816894533,125.03424072265624,3391500,4373.2001953125
2023-10-18,128.1300048828125,128.9199981689453,126.98999786376952,127.41000366210938,124.53575897216795,1647500,4314.60009765625
2023-10-19,126.91000366210938,129.10000610351562,124.44000244140624,124.73999786376952,121.9259796142578,1863300,4278.0
2023-10-20,125.05999755859376,125.77999877929688,123.1500015258789,123.19000244140624,120.41095733642578,1511600,4224.16015625
2023-10-23,122.52999877929688,123.3000030517578,121.6999969482422,121.83000183105467,119.08163452148438,1004900,4217.0400390625
2023-10-24,123.43000030517578,124.5199966430664,122.47000122070312,124.29000091552734,121.4861297607422,2456200,4247.68017578125
2023-10-25,124.98999786376952,126.9499969482422,124.5199966430664,125.19000244140624,122.36583709716795,2001700,4186.77001953125
2023-10-26,125.58999633789062,126.55999755859376,124.87999725341795,125.62000274658205,122.7861328125,1828000,4137.22998046875
2023-10-27,124.62000274658205,124.80999755859376,122.52999877929688,123.3000030517578,120.51847839355467,2431500,4117.3701171875
2023-10-30,124.0500030517578,125.56999969482422,123.41999816894533,125.47000122070312,122.63951110839844,1767700,4166.81982421875
2023-10-31,125.62999725341795,128.63999938964844,125.62999725341795,128.1300048828125,125.23951721191406,2475000,4193.7998046875
2023-11-01,129.0,130.47999572753906,127.58999633789062,129.75,126.82296752929688,2992500,4237.85986328125
2023-11-02,135.24000549316406,137.99000549316406,129.47999572753906,131.36000061035156,128.3966522216797,3689200,4317.77978515625
2023-11-03,132.1699981689453,133.32000732421875,131.4199981689453,131.72999572753906,128.75830078125,2006600,4358.33984375
2023-11-06,131.8000030517578,132.3000030517578,129.47000122070312,130.52000427246094,127.57559204101562,1266100,4365.97998046875
2023-11-07,130.52000427246094,130.6199951171875,128.9199981689453,129.66000366210938,126.73500061035156,1353100,4378.3798828125
2023-11-08,129.4199981689453,129.77999877929688,127.93000030517578,129.27999877929688,126.36356353759766,795700,4382.77978515625
2023-11-09,129.4600067138672,129.85000610351562,128.6199951171875,128.99000549316406,126.08011627197266,1133600,4347.35009765625
2023-11-10,129.50999450683594,130.42999267578125,128.3300018310547,130.32000732421875,127.3801040649414,818100,4415.240234375
2023-11-13,130.6699981689453,131.1199951171875,129.1699981689453,129.85000610351562,126.92070770263672,1133100,4411.5498046875
2023-11-14,129.9199981689453,132.30999755859375,129.17999267578125,131.64999389648438,128.6800994873047,1091300,4495.7001953125
2023-11-15,131.55999755859375,132.83999633789062,130.77000427246094,131.57000732421875,128.60191345214844,1279400,4502.8798828125
2023-11-16,131.99000549316406,135.3000030517578,131.64999389648438,134.75,131.7101593017578,2361000,4508.240234375
2023-11-17,135.0,135.67999267578125,133.3000030517578,134.19000244140625,131.16281127929688,1125500,4514.02001953125
2023-11-20,133.2100067138672,134.8800048828125,132.74000549316406,134.63999938964844,131.60264587402344,1205600,4547.3798828125
2023-11-21,135.00999450683594,135.72999572753906,134.38999938964844,134.9600067138672,131.91542053222656,1119900,4538.18994140625
2023-11-22,135.3800048828125,136.6199951171875,134.77000427246094,136.08999633789062,133.01992797851562,1034300,4556.6201171875
2023-11-24,136.1999969482422,136.97000122070312,135.86000061035156,136.61000061035156,133.52821350097656,443200,4559.33984375
2023-11-27,136.4499969482422,137.82000732421875,136.27999877929688,137.47000122070312,134.36880493164062,1167700,4550.43017578125
2023-11-28,137.3800048828125,137.39999389648438,135.9199981689453,136.42999267578125,133.35226440429688,754300,4554.89013671875
2023-11-29,135.4600067138672,136.35000610351562,134.60000610351562,135.49000549316406,133.30308532714844,1041400,4550.580078125
2023-11-30,134.97000122070312,137.99000549316406,134.97000122070312,137.8699951171875,135.64466857910156,2574300,4567.7998046875
2023-12-01,136.94000244140625,138.0,136.52999877929688,137.67999267578125,135.45773315429688,1033500,4594.6298828125
2023-12-04,136.88999938964844,139.7100067138672,136.57000732421875,138.63999938964844,136.40223693847656,1320600,4569.77978515625
2023-12-05,138.6999969482422,139.67999267578125,137.47999572753906,138.67999267578125,136.44158935546875,1504400,4567.18017578125
2023-12-06,138.82000732421875,139.97999572753906,138.19000244140625,138.49000549316406,136.25466918945312,1008100,4549.33984375
2023-12-07,138.82000732421875,139.89999389648438,138.02000427246094,139.02000427246094,136.77610778808594,1685800,4585.58984375
2023-12-08,139.77999877929688,139.97999572753906,138.55999755859375,139.32000732421875,137.07125854492188,806300,4604.3701171875
2023-12-11,140.99000549316406,144.99000549316406,140.0,143.07000732421875,140.76072692871094,2447900,4622.43994140625
2023-12-12,143.0,144.52000427246094,142.0800018310547,144.36000061035156,142.02989196777344,1809500,4643.7001953125
2023-12-13,143.74000549316406,144.55999755859375,143.05999755859375,144.35000610351562,142.02008056640625,1397500,4707.08984375
2023-12-14,143.9499969482422,144.08999633789062,139.02000427246094,139.24000549316406,136.99253845214844,2535500,4719.5498046875
2023-12-15,138.11000061035156,141.9499969482422,138.0,139.05999755859375,136.81546020507812,3198700,4719.18994140625
2023-12-18,139.10000610351562,139.63999938964844,137.6999969482422,138.75,136.51046752929688,1612600,4740.56005859375
2023-12-19,138.75,138.8699951171875,137.67999267578125,138.25,136.01852416992188,1738300,4768.3701171875
2023-12-20,137.47999572753906,137.8699951171875,135.5500030517578,135.6199951171875,133.43096923828125,1508700,4698.35009765625
2023-12-21,135.6999969482422,135.9199981689453,134.1699981689453,135.39999389648438,133.21453857421875,1511800,4746.75
2023-12-22,135.85000610351562,137.67999267578125,135.2899932861328,137.39999389648438,135.18222045898438,1227300,4754.6298828125
2023-12-26,137.39999389648438,138.69000244140625,137.07000732421875,138.0800018310547,135.8512725830078,704800,4774.75
2023-12-27,137.60000610351562,138.4199981689453,137.42999267578125,138.38999938964844,136.15626525878906,714400,4781.580078125
2023-12-28,138.07000732421875,139.8699951171875,138.07000732421875,139.82000732421875,137.5631866455078,900500,4783.35009765625
2023-12-29,139.8300018310547,140.38999938964844,139.41000366210938,139.97999572753906,137.72061157226562,723400,4769.830078125
2024-01-02,140.3300018310547,143.91000366210938,140.3300018310547,143.80999755859375,141.48878479003906,2263600,4742.830078125
2024-01-03,144.0800018310547,145.4499969482422,143.8000030517578,145.0,142.6595916748047,1701200,4704.81005859375
2024-01-04,147.0800018310547,151.4600067138672,147.0800018310547,148.5,146.10308837890625,3176500,4688.68017578125
2024-01-05,149.33999633789062,150.22000122070312,147.60000610351562,149.97999572753906,147.55917358398438,1551200,4697.240234375
2024-01-08,149.94000244140625,150.7899932861328,148.5800018310547,149.3800048828125,146.96888732910156,2398600,4763.5400390625
2024-01-09,150.25,151.36000061035156,148.66000366210938,150.97999572753906,148.5430450439453,1599700,4756.5
2024-01-10,151.0500030517578,152.0,149.91000366210938,150.30999755859375,147.8838653564453,1335100,4783.4501953125
2024-01-11,149.86000061035156,150.60000610351562,148.22999572753906,150.3699951171875,147.94290161132812,1532400,4780.240234375
2024-01-12,151.0,151.1999969482422,148.86000061035156,151.02999877929688,148.59225463867188,1115400,4783.830078125
2024-01-16,151.42999267578125,152.39999389648438,150.44000244140625,151.5,149.05467224121094,1187500,4765.97998046875
2024-01-17,151.55999755859375,153.8800048828125,150.97000122070312,152.5500030517578,150.0877227783203,1615300,4739.2099609375
2024-01-18,151.77999877929688,153.3000030517578,150.1699981689453,152.9199981689453,150.4517364501953,1573700,4780.93994140625
2024-01-19,155.0,156.52000427246094,154.1300048828125,154.8800048828125,152.38011169433594,1989700,4839.81005859375
2024-01-22,155.42999267578125,156.32000732421875,155.1699981689453,155.38999938964844,152.8818817138672,940600,4850.43017578125
2024-01-23,155.38999938964844,156.7899932861328,153.83999633789062,154.11000061035156,151.62254333496094,1140700,4864.60009765625
2024-01-24,155.6300048828125,159.60000610351562,155.57000732421875,157.4199981689453,154.87911987304688,2374600,4868.5498046875
2024-01-25,158.38999938964844,159.36000061035156,156.92999267578125,159.05999755859375,156.4926300048828,1253300,4894.16015625
2024-01-26,158.8800048828125,159.02000427246094,157.88999938964844,158.3699951171875,155.8137664794922,1034900,4890.97021484375
2024-01-29,157.27999877929688,158.1199951171875,155.72999572753906,156.05999755859375,153.54104614257812,1277000,4927.93017578125
2024-01-30,155.9600067138672,156.85000610351562,154.97000122070312,156.49000549316406,153.964111328125,1135500,4924.97021484375
2024-01-31,156.85000610351562,157.2899932861328,154.99000549316406,155.25,152.74412536621094,1349800,4845.64990234375
2024-02-01,154.33999633789062,156.52999877929688,153.4199981689453,156.19000244140625,153.66897583007812,1005100,4906.18994140625
2024-02-02,156.99000549316406,158.1999969482422,156.6199951171875,157.3699951171875,154.8299102783203,1088300,4958.60986328125
2024-02-05,156.4600067138672,157.44000244140625,155.69000244140625,156.8300018310547,154.2986297607422,1331400,4942.81005859375
2024-02-06,156.4499969482422,157.85000610351562,156.02000427246094,157.35000610351562,154.81024169921875,965300,4954.22998046875
2024-02-07,157.6999969482422,159.3300018310547,157.5399932861328,158.60000610351562,156.04006958007812,1871300,4995.06005859375
2024-02-08,163.0,168.0500030517578,159.9499969482422,161.75,159.13922119140625,3791900,4997.91015625
2024-02-09,160.35000610351562,160.58999633789062,158.52999877929688,160.02999877929688,157.4469757080078,1563900,5026.60986328125
2024-02-12,160.7899932861328,160.99000549316406,158.91000366210938,159.32000732421875,156.7484588623047,1196300,5021.83984375
2024-02-13,160.8300018310547,160.8300018310547,157.1300048828125,158.5800018310547,156.0203857421875,1383300,4953.169921875
2024-02-14,159.1699981689453,161.75999450683594,157.9499969482422,161.38999938964844,158.7850341796875,1467600,5000.6201171875
2024-02-15,162.22999572753906,162.61000061035156,160.13999938964844,161.88999938964844,159.27696228027344,1757300,5029.72998046875
2024-02-16,162.0,164.42999267578125,161.5,161.77999877929688,159.16873168945312,1777700,5005.56982421875
2024-02-20,161.5,162.9499969482422,159.6300048828125,159.72000122070312,157.14198303222656,1740600,4975.509765625
2024-02-21,160.3000030517578,161.11000061035156,158.17999267578125,159.1699981689453,156.60086059570312,1977700,4981.7998046875
2024-02-22,159.1699981689453,160.99000549316406,156.4499969482422,160.19000244140625,157.60440063476562,1851600,5087.02978515625
2024-02-23,160.16000366210938,161.1999969482422,158.8699951171875,159.1300048828125,156.56150817871094,1636300,5088.7998046875
2024-02-26,159.42999267578125,160.69000244140625,158.80999755859375,159.8000030517578,157.22068786621094,1311900,5069.52978515625
2024-02-27,159.44000244140625,160.1699981689453,158.25999450683594,159.5399932861328,156.9648895263672,1270600,5078.18017578125
2024-02-28,159.55999755859375,160.9600067138672,159.55999755859375,160.58999633789062,157.99794006347656,1083500,5069.759765625
2024-02-29,160.88999938964844,160.88999938964844,158.3000030517578,159.52000427246094,156.94522094726562,2637200,5096.27001953125
2024-03-01,158.4600067138672,158.8000030517578,154.6199951171875,155.14999389648438,153.53118896484375,2931100,5137.080078125
2024-03-04,154.32000732421875,156.4499969482422,153.8699951171875,156.3800048828125,154.74838256835938,1661800,5130.9501953125
2024-03-05,156.42999267578125,157.9199981689453,155.99000549316406,156.77000427246094,155.13430786132812,1356500,5078.64990234375
2024-03-06,156.41000366210938,157.2100067138672,154.75999450683594,157.0399932861328,155.40147399902344,1804100,5104.759765625
2024-03-07,156.97999572753906,157.10000610351562,155.39999389648438,156.63999938964844,155.00564575195312,1316700,5157.35986328125
2024-03-08,156.1699981689453,157.42999267578125,155.58999633789062,156.9199981689453,155.28274536132812,1145300,5123.68994140625
2024-03-11,156.57000732421875,159.97999572753906,156.4499969482422,159.94000244140625,158.27122497558594,1582100,5117.93994140625
2024-03-12,160.0,160.6999969482422,158.02000427246094,159.60000610351562,157.93478393554688,1798600,5175.27001953125
2024-03-13,160.1199951171875,160.49000549316406,158.5399932861328,160.0800018310547,158.40975952148438,1457600,5165.31005859375
2024-03-14,159.75999450683594,160.55999755859375,158.1199951171875,159.3800048828125,157.71707153320312,1596700,5150.47998046875
2024-03-15,157.86000061035156,162.7100067138672,157.4600067138672,162.1999969482422,160.5076446533203,9247300,5117.08984375
2024-03-18,161.3300018310547,163.3300018310547,160.8300018310547,163.00999450683594,161.30918884277344,1525800,5149.419921875
2024-03-19,164.10000610351562,164.3000030517578,161.27000427246094,162.36000061035156,160.6659698486328,1994900,5178.509765625
2024-03-20,162.11000061035156,162.86000061035156,160.52000427246094,161.1699981689453,159.48838806152344,1548400,5224.6201171875
2024-03-21,160.11000061035156,162.72999572753906,159.7100067138672,162.1699981689453,160.4779510498047,1954600,5241.52978515625
2024-03-22,163.0,165.57000732421875,162.5,165.25,163.52581787109375,1572500,5234.18017578125
2024-03-25,166.52000427246094,169.66000366210938,166.22000122070312,168.97000122070312,167.20700073242188,2459700,5218.18994140625
2024-03-26,169.3699951171875,171.61000061035156,169.1300048828125,170.80999755859375,169.02780151367188,1704600,5203.580078125
2024-03-27,171.0800018310547,171.60000610351562,168.4499969482422,169.83999633789062,168.06793212890625,1469600,5248.490234375
2024-03-28,172.02999877929688,173.47000122070312,171.10000610351562,173.00999450683594,171.20484924316406,1735800,5254.35009765625
2024-04-01,173.0800018310547,173.5,171.2899932861328,172.57000732421875,170.7694549560547,1397800,5243.77001953125
2024-04-02,173.00999450683594,173.77000427246094,171.92999267578125,172.5399932861328,170.73976135253906,1503100,5205.81005859375
2024-04-03,172.63999938964844,173.8000030517578,172.3000030517578,173.4199981689453,171.61058044433594,930300,5211.490234375
2024-04-04,174.0500030517578,174.57000732421875,170.38999938964844,171.22999572753906,169.44342041015625,1242300,5147.2099609375
2024-04-05,171.92999267578125,173.4600067138672,171.25,172.82000732421875,171.016845703125,999000,5204.33984375
2024-04-08,173.30999755859375,173.58999633789062,172.0,172.36000061035156,170.5616455078125,1004400,5202.39013671875
2024-04-09,172.44000244140625,172.9199981689453,166.92999267578125,168.3300018310547,166.5736846923828,1218600,5209.91015625
2024-04-10,167.72000122070312,170.0,167.0800018310547,169.75,167.9788818359375,1288100,5160.64013671875
2024-04-11,168.8800048828125,168.8800048828125,165.52999877929688,165.61000061035156,163.88206481933594,1270300,5199.06005859375
2024-04-12,166.0,168.99000549316406,165.8699951171875,166.80999755859375,165.06954956054688,1711200,5123.41015625
2024-04-15,168.77999877929688,168.86000061035156,165.47000122070312,165.75999450683594,164.03050231933594,1127000,5061.81982421875
2024-04-16,166.41000366210938,166.72000122070312,164.0800018310547,164.2100067138672,162.49667358398438,974800,5051.41015625
2024-04-17,162.27000427246094,164.00999450683594,161.05999755859375,162.9199981689453,161.2201385498047,1581500,5022.2099609375
2024-04-18,165.10000610351562,169.52999877929688,164.67999267578125,169.11000061035156,167.34555053710938,2068300,5011.1201171875
2024-04-19,170.00999450683594,173.85000610351562,169.77000427246094,172.9600067138672,171.15538024902344,2367900,4967.22998046875
2024-04-22,173.16000366210938,176.1199951171875,172.41000366210938,175.41000366210938,173.57981872558594,1698300,5010.60009765625
2024-04-23,176.14999389648438,176.92999267578125,174.6699981689453,175.27999877929688,173.45118713378906,1410800,5070.5498046875
2024-04-24,174.85000610351562,174.85000610351562,171.32000732421875,172.27000427246094,170.4725799560547,1772400,5071.6298828125
2024-04-25,172.3000030517578,173.0800018310547,171.2899932861328,172.33999633789062,170.54185485839844,1161200,5048.419921875
2024-04-26,170.75,170.9199981689453,168.02999877929688,170.07000732421875,168.2955322265625,1279000,5099.9599609375
2024-04-29,170.61000061035156,170.77999877929688,169.0500030517578,169.5800018310547,167.81065368652344,1238400,5116.169921875
2024-04-30,169.74000549316406,170.67999267578125,168.5399932861328,170.05999755859375,168.28564453125,1124600,5035.68994140625
2024-05-01,170.05999755859375,173.7899932861328,170.05999755859375,171.55999755859375,169.7699737548828,1693800,5018.39013671875
2024-05-02,176.0,177.3699951171875,168.2899932861328,169.17999267578125,167.41481018066406,3182100,5064.2001953125
2024-05-03,167.9600067138672,169.05999755859375,165.24000549316406,168.17999267578125,166.4252471923828,1668300,5127.7900390625
2024-05-06,169.52000427246094,170.86000061035156,168.85000610351562,170.0800018310547,168.30543518066406,1183300,5180.740234375
2024-05-07,170.35000610351562,170.74000549316406,167.8000030517578,168.19000244140625,166.43515014648438,1743400,5187.7001953125
2024-05-08,168.94000244140625,171.16000366210938,168.94000244140625,170.27999877929688,168.5033416748047,1295200,5187.669921875
2024-05-09,169.77999877929688,171.67999267578125,169.38999938964844,171.4600067138672,169.67103576660156,986300,5214.080078125
2024-05-10,172.1999969482422,173.02999877929688,171.32000732421875,172.7100067138672,170.90798950195312,901000,5222.68017578125
2024-05-13,172.91000366210938,173.75999450683594,169.66000366210938,169.8800048828125,168.10751342773438,1096000,5221.419921875
2024-05-14,170.39999389648438,170.86000061035156,168.64999389648438,169.0800018310547,167.31585693359375,1135200,5246.68017578125
2024-05-15,167.69000244140625,169.24000549316406,165.10000610351562,166.27000427246094,164.53518676757812,1482300,5308.14990234375
2024-05-16,167.64999389648438,169.66000366210938,167.1300048828125,169.0800018310547,167.31585693359375,1173700,5297.10009765625
2024-05-17,170.5500030517578,170.6999969482422,168.9600067138672,169.50999450683594,167.7413787841797,988200,5303.27001953125
2024-05-20,169.50999450683594,169.75,167.55999755859375,167.86000061035156,166.1085968017578,823400,5308.1298828125
2024-05-21,168.32000732421875,170.0500030517578,167.83999633789062,168.19000244140625,166.43515014648438,1901000,5321.41015625
2024-05-22,168.14999389648438,168.99000549316406,165.08999633789062,166.1699981689453,164.4362335205078,1144600,5307.009765625
2024-05-23,165.0,165.85000610351562,163.50999450683594,164.0,162.2888641357422,2039800,5267.83984375
2024-05-24,164.5,164.97999572753906,164.0,164.83999633789062,163.12010192871094,988500,5304.72021484375
2024-05-28,164.36000061035156,165.24000549316406,162.80999755859375,164.6699981689453,162.95187377929688,1460200,5306.0400390625
2024-05-29,164.30999755859375,164.55999755859375,162.9199981689453,163.5,161.79408264160156,827900,5266.9501953125
2024-05-30,163.22000122070312,165.22000122070312,162.5500030517578,164.97999572753906,163.25863647460938,1366200,5235.47998046875
2024-05-31,164.57000732421875,167.77000427246094,164.2899932861328,167.52000427246094,166.70175170898438,2329200,5277.509765625
2024-06-03,166.8800048828125,167.7100067138672,162.72000122070312,164.1199951171875,163.31834411621094,1503800,5283.39990234375
2024-06-04,163.1699981689453,164.60000610351562,162.22999572753906,163.4199981689453,162.62176513671875,1680300,5291.33984375
2024-06-05,163.50999450683594,164.41000366210938,160.83999633789062,163.3000030517578,162.5023651123047,1181700,5354.02978515625
2024-06-06,163.52999877929688,164.52999877929688,161.94000244140625,163.1199951171875,162.32322692871094,942100,5352.9599609375
2024-06-07,163.99000549316406,166.33999633789062,163.13999938964844,165.05999755859375,164.25375366210938,1351800,5346.990234375
2024-06-10,165.00999450683594,165.07000732421875,162.9499969482422,163.80999755859375,163.00985717773438,818900,5360.7900390625
2024-06-11,163.5399932861328,163.5399932861328,161.19000244140625,161.60000610351562,160.8106689453125,1111100,5375.31982421875
2024-06-12,161.0,163.3000030517578,159.83999633789062,160.6300048828125,159.84539794921875,1280700,5421.02978515625
2024-06-13,160.60000610351562,160.91000366210938,158.42999267578125,160.8300018310547,160.04441833496094,1188100,5433.740234375
2024-06-14,158.4499969482422,159.27999877929688,156.75999450683594,157.07000732421875,156.30279541015625,1986600,5431.60009765625
2024-06-17,157.52999877929688,158.75,156.66000366210938,158.74000549316406,157.96463012695312,2557800,5473.22998046875
2024-06-18,157.27999877929688,161.83999633789062,156.8699951171875,160.05999755859375,159.27818298339844,1920000,5487.02978515625
2024-06-20,164.1699981689453,164.5500030517578,160.27999877929688,162.58999633789062,161.7958221435547,1909800,5473.169921875
2024-06-21,161.0500030517578,161.0500030517578,158.67999267578125,160.50999450683594,159.72598266601562,2016600,5464.6201171875
2024-06-24,160.6699981689453,164.10000610351562,160.5500030517578,162.41000366210938,161.61669921875,1301700,5447.8701171875
2024-06-25,162.89999389648438,163.0399932861328,160.4499969482422,161.33999633789062,160.5519256591797,1165000,5469.2998046875
2024-06-26,160.91000366210938,160.91000366210938,157.47999572753906,158.36000061035156,157.58648681640625,1196900,5477.89990234375
2024-06-27,158.7100067138672,160.14999389648438,157.88999938964844,160.00999450683594,159.22842407226562,1222200,5482.8701171875
2024-06-28,160.25,160.9600067138672,158.57000732421875,159.66000366210938,158.88014221191406,2576300,5460.47998046875
2024-07-01,161.33999633789062,161.74000549316406,159.60000610351562,160.5399932861328,159.75582885742188,1187300,5475.08984375
2024-07-02,159.2899932861328,160.22000122070312,158.27000427246094,160.17999267578125,159.3975830078125,1245800,5509.009765625
2024-07-03,159.89999389648438,160.74000549316406,158.77000427246094,159.44000244140625,158.6612091064453,701200,5537.02001953125
2024-07-05,159.19000244140625,159.19000244140625,157.5,158.42999267578125,157.6561279296875,920100,5567.18994140625
2024-07-08,158.8800048828125,160.58999633789062,158.38999938964844,159.5399932861328,158.76071166992188,1278700,5572.85009765625
2024-07-09,159.17999267578125,160.89999389648438,158.5399932861328,158.72000122070312,157.94473266601562,1050900,5576.97998046875
2024-07-10,159.2899932861328,160.42999267578125,158.17999267578125,159.97000122070312,159.18861389160156,1172700,5633.91015625
2024-07-11,159.44000244140625,162.16000366210938,158.0399932861328,162.0399932861328,161.24850463867188,1085300,5584.5400390625
2024-07-12,162.5,164.25999450683594,161.82000732421875,163.69000244140625,162.8904571533203,1097000,5615.35009765625
2024-07-15,164.25,167.22000122070312,164.0500030517578,166.91000366210938,166.0947265625,1259900,5631.22021484375
2024-07-16,168.07000732421875,169.22999572753906,166.8800048828125,167.80999755859375,166.99032592773438,1307200,5667.2001953125
2024-07-17,168.63999938964844,171.0399932861328,168.63999938964844,170.6999969482422,169.8662109375,1079000,5588.27001953125
2024-07-18,173.5,179.92999267578125,173.07000732421875,176.69000244140625,175.8269500732422,2535100,5544.58984375
2024-07-19,177.5399932861328,177.5399932861328,174.02999877929688,174.3800048828125,173.5282440185547,1239500,5505.0
2024-07-22,175.5,175.7100067138672,174.00999450683594,174.8300018310547,173.97604370117188,960700,5564.41015625
2024-07-23,174.50999450683594,175.88999938964844,173.38999938964844,173.60000610351562,172.75204467773438,903500,5555.740234375
2024-07-24,174.6199951171875,176.44000244140625,172.25,172.33999633789062,171.49819946289062,1232700,5427.1298828125
2024-07-25,172.88999938964844,176.22000122070312,162.27000427246094,165.39999389648438,164.5920867919922,3802300,5399.22021484375
2024-07-26,166.4600067138672,171.17999267578125,166.4600067138672,169.1699981689453,168.3436737060547,1913700,5459.10009765625
2024-07-29,169.47999572753906,171.27999877929688,168.2899932861328,169.22999572753906,168.40338134765625,1471600,5463.5400390625
2024-07-30,169.99000549316406,173.91000366210938,169.99000549316406,173.58999633789062,172.74209594726562,1172900,5436.43994140625
2024-07-31,172.9600067138672,173.61000061035156,171.0,171.1199951171875,170.28414916992188,1194200,5522.2998046875
2024-08-01,174.5,180.8699951171875,173.0,177.3800048828125,176.51358032226562,2443500,5446.68017578125
2024-08-02,176.52000427246094,179.9600067138672,173.88999938964844,176.82000732421875,175.95632934570312,1699600,5346.56005859375
2024-08-05,176.85000610351562,176.85000610351562,168.36000061035156,169.02000427246094,168.1944122314453,1922600,5186.330078125
2024-08-06,169.27999877929688,172.22000122070312,169.2100067138672,169.7899932861328,168.9606475830078,2327900,5240.02978515625
2024-08-07,170.47000122070312,174.75,170.14999389648438,170.6699981689453,169.8363494873047,1155000,5199.5
2024-08-08,169.94000244140625,171.5800018310547,169.1999969482422,170.52000427246094,169.6870880126953,1006800,5319.31005859375
2024-08-09,170.6699981689453,171.6699981689453,170.13999938964844,171.02999877929688,170.19459533691406,1000100,5344.16015625
2024-08-12,172.83999633789062,173.02999877929688,170.5399932861328,171.36000061035156,170.52297973632812,1026100,5344.39013671875
2024-08-13,171.5800018310547,173.42999267578125,169.9499969482422,171.9600067138672,171.12005615234375,1066500,5434.43017578125
2024-08-14,176.0,181.33999633789065,175.75999450683594,180.9499969482422,180.06614685058594,2231000,5455.2099609375
2024-08-15,182.8800048828125,184.30999755859372,177.60000610351562,178.11000061035156,177.24002075195312,2263300,5543.22021484375
2024-08-16,178.5399932861328,180.17999267578125,176.89999389648438,179.63999938964844,178.76254272460938,1236000,5554.25
2024-08-19,179.0399932861328,180.83999633789065,179.0399932861328,180.6199951171875,179.7377471923828,1039000,5608.25
2024-08-20,180.7400054931641,181.1499938964844,179.39999389648438,180.41000366210935,179.52877807617188,1261500,5597.1201171875
2024-08-21,181.55999755859372,182.2700042724609,178.33999633789062,178.83999633789062,177.96644592285156,1866000,5620.85009765625
2024-08-22,179.41000366210938,181.3000030517578,178.35000610351562,181.22999572753903,180.3447723388672,2559700,5570.64013671875
2024-08-23,181.8500061035156,181.8800048828125,179.00999450683594,180.50999450683597,179.62828063964844,1527500,5634.60986328125
2024-08-26,180.4499969482422,184.00999450683597,180.1499938964844,183.08999633789065,182.1956787109375,1858100,5616.83984375
2024-08-27,183.6000061035156,185.5200042724609,183.00999450683597,185.13999938964844,184.2356719970703,1204400,5625.7998046875
2024-08-28,185.27999877929688,187.6000061035156,184.7400054931641,187.05999755859372,186.14630126953125,1569700,5592.18017578125
2024-08-29,186.8000030517578,188.8000030517578,185.5200042724609,188.3500061035156,187.4300079345703,1397700,5591.9599609375
2024-08-30,187.4600067138672,189.25999450683597,186.82000732421875,188.94000244140625,188.94000244140625,1430400,5648.39990234375
2024-09-03,190.0,191.3300018310547,188.8699951171875,189.1999969482422,189.1999969482422,2314600,5528.93017578125
2024-09-04,190.7100067138672,190.75,188.1699981689453,189.8699951171875,189.8699951171875,1212700,5520.06982421875
2024-09-05,190.1699981689453,190.1699981689453,183.8300018310547,185.75999450683597,185.75999450683597,1723700,5503.41015625
2024-09-06,187.63999938964844,188.44000244140625,184.3500061035156,185.3600006103516,185.3600006103516,1687600,5408.419921875
2024-09-09,186.4199981689453,189.0500030517578,185.4900054931641,187.1999969482422,187.1999969482422,1274300,5471.0498046875
2024-09-10,187.69000244140625,188.1699981689453,184.3300018310547,184.8699951171875,184.8699951171875,1298100,5495.52001953125
2024-09-11,184.4600067138672,184.9900054931641,181.08999633789065,184.38999938964844,184.38999938964844,1765600,5554.1298828125
2024-09-12,183.75999450683597,186.38999938964844,182.97000122070312,186.1000061035156,186.1000061035156,994200,5595.759765625
2024-09-13,187.5,188.63999938964844,186.6199951171875,188.3000030517578,188.3000030517578,1058500,5626.02001953125
2024-09-16,189.6000061035156,191.3000030517578,188.5,190.55999755859372,190.55999755859372,994900,5633.08984375
2024-09-17,190.3999938964844,191.17999267578125,187.4199981689453,190.25999450683597,190.25999450683597,948800,5634.580078125
2024-09-18,190.2400054931641,191.55999755859372,189.42999267578125,191.00999450683597,191.00999450683597,1235400,5618.259765625
2024-09-19,191.5,192.5,187.3000030517578,190.67999267578125,190.67999267578125,1594900,5713.64013671875
2024-09-20,191.1000061035156,193.19000244140625,190.13999938964844,191.0,191.0,4397100,5702.5498046875
2024-09-23,191.63999938964844,193.97000122070312,191.47000122070312,192.88999938964844,192.88999938964844,1712000,5718.56982421875
2024-09-24,193.0,193.0,190.5399932861328,191.82000732421875,191.82000732421875,1339700,5732.93017578125
2024-09-25,192.5800018310547,192.97000122070312,189.6999969482422,190.0,190.0,1234900,5722.259765625
2024-09-26,189.16000366210935,190.92999267578125,188.0,188.69000244140625,188.69000244140625,835700,5745.3701171875
2024-09-27,188.0,189.5200042724609,188.0,188.3600006103516,188.3600006103516,890700,5738.169921875
2024-09-30,189.0,189.8800048828125,186.0,189.6499938964844,189.6499938964844,1024500,5762.47998046875
2024-10-01,189.22000122070312,191.55999755859372,188.0,189.8800048828125,189.8800048828125,1142500,5708.75
2024-10-02,189.57000732421875,190.8699951171875,189.3800048828125,190.22000122070312,190.22000122070312,729700,5709.5400390625
2024-10-03,190.3300018310547,190.50999450683597,187.05999755859372,187.83999633789065,187.83999633789065,1295500,5699.93994140625
2024-10-04,187.3800048828125,190.7899932861328,187.16000366210935,190.57000732421875,190.57000732421875,704700,5751.06982421875
