Date,Open,High,Low,Close,Adj Close,Volume,SP500_Close
1990-01-02,3.9375,4.125,3.8125,4.125,4.125,2544000,359.69000244140625
1990-01-03,4.0625,4.125,3.9375,4.0,4.0,686800,358.760009765625
1990-01-04,4.0,4.0625,3.875,3.9375,3.9375,944200,355.6700134277344
1990-01-05,3.8125,3.8125,3.6875,3.8125,3.8125,1511000,352.20001220703125
1990-01-08,3.8125,3.8125,3.75,3.8125,3.8125,477000,353.7900085449219
1990-01-09,3.8125,3.875,3.75,3.875,3.875,1075000,349.6199951171875
1990-01-10,3.8125,3.875,3.8125,3.8125,3.8125,1191600,347.30999755859375
1990-01-11,3.8125,3.875,3.8125,3.875,3.875,395400,348.5299987792969
1990-01-12,3.75,3.8125,3.6875,3.75,3.75,832600,339.92999267578125
1990-01-15,3.6875,3.75,3.625,3.625,3.625,439600,337.0
1990-01-16,3.625,3.9375,3.5625,3.9375,3.9375,935800,340.75
1990-01-17,3.8125,3.875,3.75,3.8125,3.8125,930000,337.3999938964844
1990-01-18,3.75,3.875,3.75,3.8125,3.8125,501400,338.19000244140625
1990-01-19,3.8125,3.875,3.75,3.75,3.75,324800,339.1499938964844
1990-01-22,3.75,3.875,3.75,3.75,3.75,345600,330.3800048828125
1990-01-23,3.75,3.875,3.6875,3.6875,3.6875,283400,331.6099853515625
1990-01-24,3.625,3.875,3.5625,3.8125,3.8125,617800,330.260009765625
1990-01-25,3.8125,3.875,3.75,3.8125,3.8125,394000,326.0799865722656
1990-01-26,3.75,3.875,3.6875,3.6875,3.6875,612000,325.79998779296875
1990-01-29,3.6875,3.75,3.6875,3.6875,3.6875,171200,325.20001220703125
1990-01-30,3.75,3.75,3.5625,3.625,3.625,313000,322.9800109863281
1990-01-31,3.625,3.75,3.625,3.625,3.625,844200,329.0799865722656
1990-02-01,3.625,3.6875,3.5625,3.625,3.625,696600,328.7900085449219
1990-02-02,3.625,3.625,3.5,3.5,3.5,475600,330.9200134277344
1990-02-05,3.5,3.5625,3.4375,3.5625,3.5625,313400,331.8500061035156
1990-02-06,3.5,3.625,3.4375,3.5,3.5,561800,329.6600036621094
1990-02-07,3.5,3.6875,3.4375,3.6875,3.6875,590200,333.75
1990-02-08,3.625,3.6875,3.625,3.6875,3.6875,514800,332.9599914550781
1990-02-09,3.625,3.6875,3.625,3.625,3.625,135600,333.6199951171875
1990-02-12,3.625,3.6875,3.5,3.5,3.5,333000,330.0799865722656
1990-02-13,3.5,3.625,3.5,3.5625,3.5625,152600,331.0199890136719
1990-02-14,3.5625,3.625,3.5625,3.5625,3.5625,84200,332.010009765625
1990-02-15,3.5625,3.625,3.5625,3.5625,3.5625,99800,334.8900146484375
1990-02-16,3.5625,3.625,3.5625,3.625,3.625,213000,332.7200012207031
1990-02-20,3.5625,3.625,3.5625,3.5625,3.5625,305800,327.989990234375
1990-02-21,3.5625,3.75,3.5,3.75,3.75,874800,327.6700134277344
1990-02-22,3.75,3.9375,3.75,3.875,3.875,1695000,325.70001220703125
1990-02-23,3.875,3.9375,3.8125,3.875,3.875,651600,324.1499938964844
1990-02-26,3.875,4.125,3.875,4.0625,4.0625,1289400,328.6700134277344
1990-02-27,4.25,4.375,4.1875,4.3125,4.3125,2304400,330.260009765625
1990-02-28,4.3125,4.375,4.125,4.125,4.125,1223600,331.8900146484375
1990-03-01,4.125,4.375,4.125,4.375,4.375,820600,332.739990234375
1990-03-02,4.375,4.5625,4.375,4.5,4.5,1771000,335.5400085449219
1990-03-05,4.5,4.625,4.375,4.625,4.625,1325000,333.739990234375
1990-03-06,4.6875,4.6875,4.5625,4.5625,4.5625,1185000,337.92999267578125
1990-03-07,4.625,4.6875,4.5,4.5,4.5,506000,336.95001220703125
1990-03-08,4.5,4.5625,4.4375,4.5,4.5,268400,340.2699890136719
1990-03-09,4.4375,4.5625,4.4375,4.5,4.5,282000,337.92999267578125
1990-03-12,4.4375,4.5,4.4375,4.4375,4.4375,532600,338.6700134277344
1990-03-13,4.4375,4.5,4.375,4.4375,4.4375,866600,336.0
1990-03-14,4.4375,4.5625,4.4375,4.5625,4.5625,731600,336.8699951171875
1990-03-15,4.5625,4.5625,4.4375,4.5,4.5,518000,338.07000732421875
1990-03-16,4.5625,4.6875,4.5,4.625,4.625,1199600,341.9100036621094
1990-03-19,4.625,4.875,4.5625,4.8125,4.8125,1644600,343.5299987792969
1990-03-20,4.875,4.875,4.5,4.5,4.5,1515600,341.57000732421875
1990-03-21,4.625,4.875,4.625,4.75,4.75,2375000,339.739990234375
1990-03-22,4.6875,4.875,4.625,4.8125,4.8125,1576200,335.69000244140625
1990-03-23,4.9375,5.0625,4.9375,4.9375,4.9375,1940200,337.2200012207031
1990-03-26,5.0,5.0,4.8125,4.8125,4.8125,595000,337.6300048828125
1990-03-27,4.8125,4.9375,4.75,4.875,4.875,770800,341.5
1990-03-28,4.8125,4.8125,4.75,4.75,4.75,391200,342.0
1990-03-29,4.75,4.8125,4.625,4.6875,4.6875,285200,340.7900085449219
1990-03-30,4.625,4.625,4.5,4.5625,4.5625,1195400,339.94000244140625
1990-04-02,4.4375,4.6875,4.4375,4.6875,4.6875,1291600,338.70001220703125
1990-04-03,4.6875,4.75,4.625,4.625,4.625,764800,343.6400146484375
1990-04-04,4.5625,4.6875,4.5625,4.5625,4.5625,367400,341.0899963378906
1990-04-05,4.5625,4.625,4.5,4.5,4.5,276400,340.7300109863281
1990-04-06,4.5625,4.625,4.4375,4.4375,4.4375,453400,340.0799865722656
1990-04-09,4.5,4.5625,4.1875,4.25,4.25,767400,341.3699951171875
1990-04-10,4.25,4.375,4.1875,4.375,4.375,564600,342.07000732421875
1990-04-11,4.375,4.5,4.375,4.4375,4.4375,390400,341.9200134277344
1990-04-12,4.4375,4.5,4.375,4.4375,4.4375,383600,344.3399963378906
1990-04-16,4.4375,4.4375,4.125,4.3125,4.3125,1500400,344.739990234375
1990-04-17,4.3125,4.5,4.25,4.4375,4.4375,797000,344.67999267578125
1990-04-18,4.5,4.5,4.375,4.375,4.375,485200,340.7200012207031
1990-04-19,4.4375,4.4375,4.3125,4.3125,4.3125,332000,338.0899963378906
1990-04-20,4.3125,4.375,4.25,4.3125,4.3125,564000,335.1199951171875
1990-04-23,4.3125,4.3125,4.125,4.1875,4.1875,325200,331.04998779296875
1990-04-24,4.25,4.25,4.0625,4.1875,4.1875,1629000,330.3599853515625
1990-04-25,4.125,4.25,4.0625,4.1875,4.1875,383400,332.0299987792969
1990-04-26,4.1875,4.3125,4.1875,4.3125,4.3125,445000,332.9200134277344
1990-04-27,4.3125,4.375,4.25,4.3125,4.3125,205600,329.1099853515625
1990-04-30,4.25,4.375,4.25,4.375,4.375,230200,330.79998779296875
1990-05-01,4.375,4.4375,4.3125,4.375,4.375,730000,332.25
1990-05-02,4.3125,4.375,4.3125,4.3125,4.3125,113400,334.4800109863281
1990-05-03,4.375,4.4375,4.25,4.3125,4.3125,365000,335.57000732421875
1990-05-04,4.25,4.3125,4.125,4.1875,4.1875,390200,338.3900146484375
1990-05-07,4.1875,4.375,4.1875,4.3125,4.3125,863800,340.5299987792969
1990-05-08,4.375,4.5,4.3125,4.5,4.5,1053200,342.010009765625
1990-05-09,4.5,4.5625,4.4375,4.5,4.5,461000,342.8599853515625
1990-05-10,4.5625,4.625,4.4375,4.5625,4.5625,1711400,343.82000732421875
1990-05-11,4.5,4.75,4.5,4.75,4.75,2194800,352.0
1990-05-14,4.75,5.0,4.6875,4.9375,4.9375,2734600,354.75
1990-05-15,4.9375,5.1875,4.875,5.0625,5.0625,2955400,354.2799987792969
1990-05-16,5.0625,5.3125,4.9375,5.0,5.0,3724200,354.0
1990-05-17,5.0625,5.25,5.0,5.25,5.25,1432000,354.4700012207031
1990-05-18,5.25,5.25,5.0625,5.1875,5.1875,615200,354.6400146484375
1990-05-21,5.25,5.5,5.125,5.375,5.375,3713600,358.0
1990-05-22,5.5,5.5625,5.3125,5.375,5.375,1709800,358.42999267578125
1990-05-23,5.3125,5.625,5.3125,5.5625,5.5625,2368600,359.2900085449219
1990-05-24,5.5,5.5625,5.375,5.4375,5.4375,1427800,358.4100036621094
1990-05-25,5.375,5.375,5.0,5.375,5.375,1856200,354.5799865722656
1990-05-29,5.3125,5.5625,5.25,5.5,5.5,1052000,360.6499938964844
1990-05-30,5.625,5.6875,5.375,5.375,5.375,1559800,360.8599853515625
1990-05-31,5.3125,5.375,5.25,5.25,5.25,1009800,361.2300109863281
1990-06-01,5.3125,5.375,5.1875,5.25,5.25,1158000,363.1600036621094
1990-06-04,5.1875,5.375,5.1875,5.375,5.375,689200,367.3999938964844
1990-06-05,5.1875,5.25,5.0,5.0625,5.0625,2936400,366.6400146484375
1990-06-06,5.125,5.1875,5.0625,5.125,5.125,591200,364.9599914550781
1990-06-07,5.125,5.1875,4.875,4.875,4.875,2536800,363.1499938964844
1990-06-08,4.875,4.9375,4.75,4.8125,4.8125,937000,358.7099914550781
1990-06-11,4.8125,4.9375,4.8125,4.875,4.875,671600,361.6300048828125
1990-06-12,4.9375,5.0,4.75,4.9375,4.9375,4471000,366.25
1990-06-13,5.0,5.0,4.875,4.9375,4.9375,1418800,364.8999938964844
1990-06-14,4.9375,4.9375,4.6875,4.6875,4.6875,1289400,362.8999938964844
1990-06-15,4.625,4.75,4.625,4.6875,4.6875,824400,362.9100036621094
1990-06-18,4.6875,4.6875,4.5625,4.625,4.625,995200,356.8800048828125
1990-06-19,4.5625,4.6875,4.5,4.625,4.625,435600,358.4700012207031
1990-06-20,4.625,4.625,4.4375,4.5625,4.5625,1040400,359.1000061035156
1990-06-21,4.5625,4.625,4.5,4.625,4.625,371400,360.4700012207031
1990-06-22,4.6875,4.75,4.5,4.5,4.5,664200,355.42999267578125
1990-06-25,4.5625,4.625,4.4375,4.5,4.5,291600,352.30999755859375
1990-06-26,4.5625,4.5625,4.4375,4.5,4.5,331000,352.05999755859375
1990-06-27,4.4375,4.5625,4.4375,4.5625,4.5625,432600,355.1400146484375
1990-06-28,4.5625,4.6875,4.5,4.6875,4.6875,1693400,357.6300048828125
1990-06-29,4.6875,4.75,4.625,4.75,4.75,570600,358.0199890136719
1990-07-02,4.75,4.875,4.6875,4.875,4.875,1623600,359.5400085449219
1990-07-03,4.875,4.875,4.75,4.75,4.75,403400,360.1600036621094
1990-07-05,4.75,4.75,4.625,4.75,4.75,306600,355.67999267578125
1990-07-06,4.6875,4.8125,4.625,4.8125,4.8125,297000,358.4200134277344
1990-07-09,4.75,4.8125,4.625,4.6875,4.6875,492600,359.5199890136719
1990-07-10,4.6875,4.6875,4.5,4.5,4.5,284600,356.489990234375
1990-07-11,4.5,4.6875,4.5,4.6875,4.6875,575600,361.2300109863281
1990-07-12,4.625,4.6875,4.625,4.6875,4.6875,505200,365.44000244140625
1990-07-13,4.625,4.8125,4.625,4.8125,4.8125,2050200,367.30999755859375
1990-07-16,4.8125,4.8125,4.75,4.8125,4.8125,411000,368.95001220703125
1990-07-17,4.75,4.8125,4.625,4.6875,4.6875,295600,367.5199890136719
1990-07-18,4.625,4.6875,4.5625,4.5625,4.5625,356200,364.2200012207031
1990-07-19,4.625,4.625,4.375,4.5,4.5,770000,365.32000732421875
1990-07-20,4.5,4.5,3.5625,3.625,3.625,2850800,361.6099853515625
1990-07-23,3.5625,3.625,3.4375,3.5625,3.5625,1412000,355.30999755859375
1990-07-24,3.5,3.5625,3.375,3.5625,3.5625,2124000,355.7900085449219
1990-07-25,3.5,3.625,3.5,3.625,3.625,584600,357.0899963378906
1990-07-26,3.5625,3.6875,3.5625,3.625,3.625,1057400,355.9100036621094
1990-07-27,3.5625,3.625,3.5,3.5625,3.5625,365800,353.44000244140625
1990-07-30,3.5625,3.5625,3.5,3.5625,3.5625,356000,355.54998779296875
1990-07-31,3.5625,3.5625,3.4375,3.5,3.5,392400,356.1499938964844
1990-08-01,3.4375,3.5,3.4375,3.4375,3.4375,836000,355.5199890136719
1990-08-02,3.3125,3.375,3.125,3.1875,3.1875,1540200,351.4800109863281
1990-08-03,3.125,3.125,2.8125,3.0625,3.0625,1366600,344.8599853515625
1990-08-06,2.875,2.9375,2.75,2.8125,2.8125,1012200,334.42999267578125
1990-08-07,2.875,2.9375,2.4375,2.6875,2.6875,2224800,334.8299865722656
1990-08-08,2.75,2.875,2.625,2.8125,2.8125,1670800,338.3500061035156
1990-08-09,2.75,2.875,2.75,2.8125,2.8125,1351400,339.94000244140625
1990-08-10,2.75,2.8125,2.6875,2.75,2.75,998800,335.5199890136719
1990-08-13,2.75,2.9375,2.75,2.875,2.875,1992200,338.8399963378906
1990-08-14,2.875,3.0625,2.875,3.0,3.0,3057800,339.3900146484375
1990-08-15,3.0,3.0625,3.0,3.0,3.0,1474400,340.05999755859375
1990-08-16,3.0,3.125,2.875,2.9375,2.9375,918200,332.3900146484375
1990-08-17,2.8125,2.9375,2.75,2.875,2.875,1188200,327.8299865722656
1990-08-20,2.9375,2.9375,2.75,2.875,2.875,498800,328.510009765625
1990-08-21,2.75,2.8125,2.6875,2.75,2.75,485800,321.8599853515625
1990-08-22,2.8125,2.875,2.75,2.8125,2.8125,1202600,316.54998779296875
1990-08-23,2.6875,2.8125,2.625,2.75,2.75,613400,307.05999755859375
1990-08-24,2.6875,2.8125,2.6875,2.75,2.75,439000,311.510009765625
1990-08-27,2.8125,2.9375,2.8125,2.875,2.875,1163400,321.44000244140625
1990-08-28,2.875,2.875,2.75,2.8125,2.8125,371600,321.3399963378906
1990-08-29,2.75,2.8125,2.625,2.625,2.625,969000,324.19000244140625
1990-08-30,2.625,2.625,2.5625,2.625,2.625,802200,318.7099914550781
1990-08-31,2.625,2.6875,2.5625,2.6875,2.6875,419600,322.55999755859375
1990-09-04,2.6875,2.8125,2.6875,2.8125,2.8125,1069000,323.0899963378906
1990-09-05,2.875,2.9375,2.875,2.9375,2.9375,1142800,324.3900146484375
1990-09-06,2.875,2.9375,2.8125,2.9375,2.9375,407600,320.4599914550781
1990-09-07,2.9375,3.125,2.875,3.125,3.125,559400,323.3999938964844
1990-09-10,3.25,3.25,3.0,3.0,3.0,628400,321.6300048828125
1990-09-11,3.0625,3.0625,2.9375,3.0,3.0,279600,321.0400085449219
1990-09-12,2.75,2.9375,2.75,2.9375,2.9375,1701600,322.5400085449219
1990-09-13,2.9375,2.9375,2.8125,2.9375,2.9375,235800,318.6499938964844
1990-09-14,2.8125,2.875,2.75,2.875,2.875,284800,316.8299865722656
1990-09-17,2.8125,2.875,2.75,2.875,2.875,280600,317.7699890136719
1990-09-18,2.8125,2.8125,2.75,2.8125,2.8125,565200,318.6000061035156
1990-09-19,2.8125,2.875,2.75,2.875,2.875,291800,316.6000061035156
1990-09-20,2.8125,2.8125,2.75,2.8125,2.8125,337200,311.4800109863281
1990-09-21,2.8125,2.8125,2.6875,2.75,2.75,271600,311.32000732421875
1990-09-24,2.75,2.75,2.5625,2.625,2.625,609800,304.5899963378906
1990-09-25,2.5625,2.625,2.5,2.625,2.625,301400,308.260009765625
1990-09-26,2.625,2.6875,2.4375,2.6875,2.6875,1011600,305.05999755859375
1990-09-27,2.75,2.75,2.5625,2.625,2.625,535000,300.9700012207031
1990-09-28,2.5,2.6875,2.4375,2.5625,2.5625,560200,306.04998779296875
1990-10-01,2.625,2.75,2.5625,2.6875,2.6875,500000,314.94000244140625
1990-10-02,2.75,2.875,2.6875,2.6875,2.6875,877200,315.2099914550781
1990-10-03,2.6875,2.75,2.5,2.5,2.5,516000,311.3999938964844
1990-10-04,2.5,2.5,2.375,2.4375,2.4375,544400,312.69000244140625
1990-10-05,2.375,2.5,2.375,2.5,2.5,381400,311.5
1990-10-08,2.5,2.5625,2.25,2.3125,2.3125,916800,313.4800109863281
1990-10-09,2.1875,2.1875,1.875,2.0,2.0,1681600,305.1000061035156
1990-10-10,2.0,2.0625,1.9375,1.9375,1.9375,1215000,300.3900146484375
1990-10-11,1.9375,2.25,1.8125,2.125,2.125,1730600,295.4599914550781
1990-10-12,2.1875,2.1875,1.9375,2.0,2.0,2427800,300.0299987792969
1990-10-15,2.125,2.125,2.0,2.0625,2.0625,739800,303.2300109863281
1990-10-16,2.0,2.0625,1.875,2.0,2.0,445400,298.9200134277344
1990-10-17,1.9375,2.0,1.875,1.875,1.875,353600,298.760009765625
1990-10-18,1.9375,2.0,1.875,1.9375,1.9375,355400,305.739990234375
1990-10-19,2.0,2.0625,1.875,2.0,2.0,551800,312.4800109863281
1990-10-22,2.0,2.0,1.9375,2.0,2.0,408800,314.760009765625
1990-10-23,1.9375,2.0625,1.875,2.0,2.0,224000,312.3599853515625
1990-10-24,2.0625,2.125,2.0,2.0,2.0,227600,312.6000061035156
1990-10-25,2.0625,2.125,2.0,2.0625,2.0625,1082800,310.1700134277344
1990-10-26,2.0625,2.0625,2.0,2.0625,2.0625,210200,304.7099914550781
1990-10-29,2.0625,2.0625,1.9375,2.0,2.0,207400,301.8800048828125
1990-10-30,2.0,2.0,1.9375,2.0,2.0,250600,304.05999755859375
1990-10-31,2.0,2.0625,1.9375,1.9375,1.9375,491200,304.0
1990-11-01,1.9375,2.0,1.9375,1.9375,1.9375,253600,307.0199890136719
1990-11-02,1.875,1.9375,1.875,1.875,1.875,488000,311.8500061035156
1990-11-05,1.9375,1.9375,1.875,1.875,1.875,276400,314.5899963378906
1990-11-06,1.9375,1.9375,1.875,1.875,1.875,337800,311.6199951171875
1990-11-07,1.9375,1.9375,1.875,1.875,1.875,329800,306.010009765625
1990-11-08,1.9375,1.9375,1.875,1.9375,1.9375,252400,307.6099853515625
1990-11-09,1.9375,2.0,1.9375,1.9375,1.9375,406400,313.739990234375
1990-11-12,2.0625,2.375,2.0625,2.3125,2.3125,1856400,319.4800109863281
1990-11-13,2.375,2.375,2.25,2.3125,2.3125,980200,317.6700134277344
1990-11-14,2.3125,2.4375,2.25,2.375,2.375,588200,320.3999938964844
1990-11-15,2.4375,2.4375,2.125,2.125,2.125,1082400,317.0199890136719
1990-11-16,2.125,2.1875,2.125,2.125,2.125,436800,317.1199951171875
1990-11-19,2.1875,2.1875,2.0,2.0625,2.0625,472600,319.3399963378906
1990-11-20,2.125,2.125,2.0,2.0625,2.0625,462200,315.30999755859375
1990-11-21,2.125,2.125,2.0,2.125,2.125,413600,316.0299987792969
1990-11-23,2.125,2.125,2.0,2.0,2.0,197800,315.1000061035156
1990-11-26,2.0,2.0625,2.0,2.0625,2.0625,508200,316.510009765625
1990-11-27,2.0625,2.125,2.0,2.0625,2.0625,298800,318.1000061035156
1990-11-28,2.0625,2.125,2.0,2.125,2.125,387200,317.95001220703125
1990-11-29,2.0625,2.125,2.0,2.0625,2.0625,410200,316.4200134277344
1990-11-30,2.0,2.1875,2.0,2.1875,2.1875,1261000,322.2200012207031
1990-12-03,2.1875,2.1875,2.125,2.1875,2.1875,533800,324.1000061035156
1990-12-04,2.125,2.1875,2.125,2.1875,2.1875,413000,326.3500061035156
1990-12-05,2.1875,2.3125,2.125,2.3125,2.3125,855200,329.9200134277344
1990-12-06,2.375,2.375,2.25,2.25,2.25,972000,329.07000732421875
1990-12-07,2.3125,2.375,2.25,2.3125,2.3125,1314600,327.75
1990-12-10,2.3125,2.5625,2.25,2.5625,2.5625,1892800,328.8900146484375
1990-12-11,2.4375,2.5,2.375,2.4375,2.4375,1100200,326.44000244140625
1990-12-12,2.4375,2.5,2.375,2.4375,2.4375,486200,330.19000244140625
1990-12-13,2.4375,2.4375,2.375,2.4375,2.4375,521000,329.3399963378906
1990-12-14,2.375,2.4375,2.3125,2.4375,2.4375,690000,326.82000732421875
1990-12-17,2.3125,2.625,2.3125,2.4375,2.4375,1382800,326.0199890136719
1990-12-18,2.4375,2.5,2.4375,2.5,2.5,658200,330.04998779296875
1990-12-19,2.4375,2.6875,2.4375,2.625,2.625,1867000,330.20001220703125
1990-12-20,2.5,2.6875,2.5,2.625,2.625,1916200,330.1199951171875
1990-12-21,2.625,2.6875,2.5,2.6875,2.6875,1397600,331.75
1990-12-24,2.625,2.625,2.5,2.5625,2.5625,444200,329.8999938964844
1990-12-26,2.5625,2.625,2.5,2.5625,2.5625,273800,330.8500061035156
1990-12-27,2.5625,2.5625,2.375,2.4375,2.4375,492200,328.2900085449219
1990-12-28,2.4375,2.4375,2.375,2.375,2.375,519600,328.7200012207031
1990-12-31,2.375,2.4375,2.3125,2.4375,2.4375,681400,330.2200012207031
1991-01-02,2.4375,2.625,2.0,2.5,2.5,522000,326.45001220703125
1991-01-03,2.5,2.625,2.5,2.5625,2.5625,973400,321.9100036621094
1991-01-04,2.5625,2.5625,2.5,2.5625,2.5625,328600,321.0
1991-01-07,2.5,2.5625,2.4375,2.5,2.5,437600,315.44000244140625
1991-01-08,2.5,2.5,2.4375,2.5,2.5,310200,314.8999938964844
1991-01-09,2.5,2.5625,2.375,2.375,2.375,851000,311.489990234375
1991-01-10,2.4375,2.5,2.375,2.4375,2.4375,639600,314.5299987792969
1991-01-11,2.5,2.5625,2.4375,2.5,2.5,673400,315.2300109863281
1991-01-14,2.4375,2.4375,2.3125,2.375,2.375,508200,312.489990234375
1991-01-15,2.3125,2.5625,2.3125,2.5625,2.5625,1413400,313.7300109863281
1991-01-16,2.5625,2.75,2.5,2.6875,2.6875,3886800,316.1700134277344
1991-01-17,2.8125,3.0,2.5,2.8125,2.8125,3202800,327.9700012207031
1991-01-18,2.8125,2.875,2.75,2.8125,2.8125,1215800,332.2300109863281
1991-01-21,2.75,2.8125,2.6875,2.8125,2.8125,985000,331.05999755859375
1991-01-22,2.75,3.0,2.75,2.9375,2.9375,2850000,328.30999755859375
1991-01-23,3.0,3.25,2.9375,3.25,3.25,3300600,330.2099914550781
1991-01-24,3.3125,3.4375,3.25,3.4375,3.4375,3126800,334.7799987792969
1991-01-25,3.4375,3.75,3.4375,3.625,3.625,3632400,336.07000732421875
1991-01-28,3.625,3.625,3.375,3.4375,3.4375,1209600,336.0299987792969
1991-01-29,3.4375,3.5,3.375,3.4375,3.4375,588400,335.8399963378906
1991-01-30,3.4375,3.5625,3.4375,3.5,3.5,1348000,340.9100036621094
1991-01-31,3.5,3.625,3.4375,3.625,3.625,1816800,343.92999267578125
1991-02-01,3.625,3.75,3.5625,3.75,3.75,2136400,343.04998779296875
1991-02-04,3.75,4.0625,3.75,4.0625,4.0625,3753400,348.3399963378906
1991-02-05,4.0625,4.125,3.9375,4.0,4.0,3184800,351.260009765625
1991-02-06,4.0,4.0625,3.9375,3.9375,3.9375,1883200,358.07000732421875
1991-02-07,4.0,4.125,4.0,4.0625,4.0625,2210800,356.5199890136719
1991-02-08,4.0,4.0,3.8125,3.9375,3.9375,1380600,359.3500061035156
1991-02-11,3.9375,4.125,3.9375,4.0625,4.0625,1478400,368.5799865722656
1991-02-12,4.0,4.125,3.875,4.0625,4.0625,2472400,365.5
1991-02-13,4.0625,4.125,3.9375,4.0625,4.0625,705000,369.0199890136719
1991-02-14,4.0625,4.0625,3.875,3.875,3.875,1297000,364.2200012207031
1991-02-15,3.9375,4.0,3.875,3.9375,3.9375,656000,369.05999755859375
1991-02-19,3.9375,4.0,3.875,3.9375,3.9375,710000,369.3900146484375
1991-02-20,3.9375,4.0625,3.875,4.0625,4.0625,1898400,365.1400146484375
1991-02-21,4.0625,4.125,3.9375,4.0,4.0,1328200,364.9700012207031
1991-02-22,4.0,4.125,3.75,3.875,3.875,1424200,365.6499938964844
1991-02-25,3.9375,4.0,3.625,3.6875,3.6875,1504200,367.260009765625
1991-02-26,3.6875,3.8125,3.625,3.75,3.75,1517600,362.80999755859375
1991-02-27,3.8125,4.0625,3.75,4.0625,4.0625,1878000,367.739990234375
1991-02-28,4.0625,4.125,3.9375,4.0625,4.0625,1973400,367.07000732421875
1991-03-01,4.0,4.25,3.9375,4.0,4.0,1336800,370.4700012207031
1991-03-04,4.25,4.9375,4.1875,4.625,4.625,7599000,369.3299865722656
1991-03-05,4.6875,5.0625,4.6875,4.875,4.875,5330600,376.7200012207031
1991-03-06,5.0,5.0,4.3125,4.8125,4.8125,4244400,376.1700134277344
1991-03-07,4.8125,4.9375,4.75,4.75,4.75,2358000,375.9100036621094
1991-03-08,4.75,4.8125,4.5625,4.6875,4.6875,1802800,374.95001220703125
1991-03-11,4.75,4.8125,4.625,4.6875,4.6875,2059400,372.9599914550781
1991-03-12,4.625,4.6875,4.5,4.5625,4.5625,1186400,370.0299987792969
1991-03-13,4.625,4.8125,4.625,4.8125,4.8125,1431600,374.57000732421875
1991-03-14,4.875,5.1875,4.8125,5.125,5.125,4576400,373.5
1991-03-15,5.0625,5.1875,5.0625,5.125,5.125,1584600,373.5899963378906
1991-03-18,5.0625,5.3125,5.0,5.1875,5.1875,2085400,372.1099853515625
1991-03-19,5.0625,5.4375,5.0,5.375,5.375,2957000,366.5899963378906
1991-03-20,5.375,5.375,5.25,5.25,5.25,3467000,367.9200134277344
1991-03-21,5.375,5.625,5.375,5.5,5.5,3898600,366.5799865722656
1991-03-22,5.5625,5.6875,5.5,5.625,5.625,2479800,367.4800109863281
1991-03-25,5.75,5.875,5.5,5.5625,5.5625,3016000,369.8299865722656
1991-03-26,5.5625,5.5625,5.25,5.5,5.5,2712000,376.29998779296875
1991-03-27,5.5,5.5,5.1875,5.25,5.25,2143000,375.3500061035156
1991-03-28,5.1875,5.375,5.0,5.25,5.25,3082200,375.2200012207031
1991-04-01,5.125,5.1875,5.0,5.0625,5.0625,1052800,371.29998779296875
1991-04-02,5.0625,5.375,5.0625,5.3125,5.3125,1919200,379.5
1991-04-03,5.375,5.5,5.0625,5.375,5.375,1840800,378.94000244140625
1991-04-04,5.375,5.625,5.3125,5.5625,5.5625,2545800,379.7699890136719
1991-04-05,5.6875,5.8125,5.3125,5.6875,5.6875,2682600,375.3599853515625
1991-04-08,5.75,5.875,5.625,5.8125,5.8125,2172200,378.6600036621094
1991-04-09,5.8125,6.0625,5.75,5.75,5.75,2524400,373.55999755859375
1991-04-10,5.875,5.9375,5.6875,5.8125,5.8125,2233800,373.1499938964844
1991-04-11,6.0625,6.4375,6.0,6.3125,6.3125,7690800,377.6300048828125
1991-04-12,6.5625,6.875,6.4375,6.8125,6.8125,6959400,380.3999938964844
1991-04-15,6.8125,6.875,6.625,6.75,6.75,2541000,381.19000244140625
1991-04-16,6.6875,6.9375,6.5625,6.9375,6.9375,4359600,387.6199951171875
1991-04-17,6.875,7.125,6.8125,7.125,7.125,4174600,390.45001220703125
1991-04-18,7.0,7.125,6.875,6.9375,6.9375,2629800,388.4599914550781
1991-04-19,6.8125,6.9375,6.625,6.75,6.75,1862400,384.20001220703125
1991-04-22,6.75,6.75,6.1875,6.25,6.25,4515400,380.95001220703125
1991-04-23,6.25,6.4375,6.25,6.4375,6.4375,3197000,381.760009765625
1991-04-24,6.4375,6.625,6.4375,6.5,6.5,1401400,382.760009765625
1991-04-25,6.4375,6.5,6.375,6.375,6.375,961800,379.25
1991-04-26,6.3125,6.3125,6.0,6.1875,6.1875,2109600,379.0199890136719
1991-04-29,6.1875,6.3125,6.125,6.1875,6.1875,2278200,373.6600036621094
1991-04-30,6.1875,6.375,6.0,6.125,6.125,2506000,375.3399963378906
1991-05-01,6.0625,6.1875,6.0,6.1875,6.1875,1296000,380.2900085449219
1991-05-02,6.1875,6.25,5.875,6.0,6.0,1722800,380.5199890136719
1991-05-03,5.9375,6.125,5.8125,6.0625,6.0625,1636400,380.79998779296875
1991-05-06,6.0,6.1875,5.9375,6.0,6.0,1193800,380.0799865722656
1991-05-07,6.0,6.0625,5.75,5.8125,5.8125,1084600,377.32000732421875
1991-05-08,5.8125,6.0625,5.8125,5.9375,5.9375,1146800,378.510009765625
1991-05-09,6.125,6.3125,6.0625,6.3125,6.3125,2780800,383.25
1991-05-10,6.3125,6.375,6.0625,6.125,6.125,1141600,375.739990234375
1991-05-13,6.125,6.25,6.0,6.0,6.0,720400,376.760009765625
1991-05-14,6.0,6.0,5.8125,5.9375,5.9375,595400,371.6199951171875
1991-05-15,5.8125,5.875,5.375,5.5625,5.5625,3203200,368.57000732421875
1991-05-16,5.5,5.5625,5.25,5.5625,5.5625,1183800,372.19000244140625
1991-05-17,5.5,5.5625,5.375,5.5,5.5,859800,372.3900146484375
1991-05-20,5.5625,5.75,5.5,5.6875,5.6875,620000,372.2799987792969
1991-05-21,5.9375,6.0625,5.875,6.0,6.0,2806000,375.3500061035156
1991-05-22,6.1875,6.5625,6.125,6.5,6.5,3533600,376.19000244140625
1991-05-23,6.5,6.75,6.375,6.4375,6.4375,4091600,374.9599914550781
1991-05-24,6.4375,6.5,6.3125,6.5,6.5,1462000,377.489990234375
1991-05-28,6.4375,6.5,6.375,6.5,6.5,888600,381.94000244140625
1991-05-29,6.5,6.5,6.375,6.4375,6.4375,1232000,382.7900085449219
1991-05-30,6.5,6.6875,6.4375,6.625,6.625,1907200,386.9599914550781
1991-05-31,6.6875,6.875,6.625,6.75,6.75,2341600,389.8299865722656
1991-06-03,6.75,7.0,6.6875,7.0,7.0,2193600,388.05999755859375
1991-06-04,6.9375,7.0625,6.875,7.0,7.0,1985400,387.739990234375
1991-06-05,6.875,6.9375,6.6875,6.75,6.75,1962000,385.0899963378906
1991-06-06,6.75,6.875,6.6875,6.75,6.75,1192400,383.6300048828125
1991-06-07,6.6875,6.6875,6.375,6.5,6.5,2112600,379.42999267578125
1991-06-10,6.4375,6.625,6.375,6.625,6.625,1048600,378.57000732421875
1991-06-11,6.5625,6.875,6.5625,6.75,6.75,1534400,381.04998779296875
1991-06-12,6.4375,6.4375,6.1875,6.375,6.375,2722600,376.6499938964844
1991-06-13,6.3125,6.5,6.1875,6.375,6.375,1769200,377.6300048828125
1991-06-14,6.375,6.5,6.3125,6.4375,6.4375,809000,382.2900085449219
1991-06-17,6.375,6.4375,6.3125,6.375,6.375,671000,380.1300048828125
1991-06-18,6.375,6.4375,6.0625,6.125,6.125,856600,378.5899963378906
1991-06-19,6.0625,6.125,5.8125,6.0625,6.0625,1444600,375.0899963378906
1991-06-20,6.0625,6.125,5.9375,6.0,6.0,1146400,375.4200134277344
1991-06-21,6.0625,6.125,5.9375,6.0,6.0,843600,377.75
1991-06-24,6.0,6.0,5.6875,5.75,5.75,1079600,370.94000244140625
1991-06-25,5.8125,5.9375,5.8125,5.875,5.875,662000,370.6499938964844
1991-06-26,6.0,6.0,5.75,5.8125,5.8125,1191200,371.5899963378906
1991-06-27,5.8125,5.9375,5.8125,5.8125,5.8125,385000,374.3999938964844
1991-06-28,6.0,6.1875,6.0,6.0,6.0,1007600,371.1600036621094
1991-07-01,6.1875,6.3125,6.125,6.1875,6.1875,996000,377.9200134277344
1991-07-02,6.1875,6.1875,5.875,6.0,6.0,1101400,377.4700012207031
1991-07-03,5.8125,5.8125,5.625,5.75,5.75,1743200,373.3299865722656
1991-07-05,5.6875,5.6875,5.5625,5.6875,5.6875,417600,374.0799865722656
1991-07-08,5.5625,5.75,5.5,5.75,5.75,2375600,377.94000244140625
1991-07-09,5.875,6.0625,5.875,5.9375,5.9375,2542400,376.1099853515625
1991-07-10,6.0625,6.375,6.0,6.1875,6.1875,2673400,375.739990234375
1991-07-11,6.25,6.4375,6.25,6.4375,6.4375,1355600,376.9700012207031
1991-07-12,6.5,6.5625,6.375,6.5,6.5,1230000,380.25
1991-07-15,6.5,6.8125,6.3125,6.75,6.75,2688400,382.3900146484375
1991-07-16,5.9375,6.1875,5.9375,5.9375,5.9375,3931000,381.5400085449219
1991-07-17,5.9375,5.9375,5.6875,5.8125,5.8125,2187400,381.17999267578125
1991-07-18,5.8125,5.9375,5.75,5.8125,5.8125,1425800,385.3699951171875
1991-07-19,5.8125,5.8125,5.5625,5.5625,5.5625,1918400,384.2200012207031
1991-07-22,5.5625,5.6875,5.375,5.4375,5.4375,1443000,382.8800048828125
1991-07-23,5.375,5.4375,5.125,5.1875,5.1875,2693000,379.4200134277344
1991-07-24,5.1875,5.375,5.1875,5.3125,5.3125,1704200,378.6400146484375
1991-07-25,5.375,5.4375,5.3125,5.3125,5.3125,1286000,380.9599914550781
1991-07-26,5.3125,5.3125,5.1875,5.1875,5.1875,1348400,380.92999267578125
1991-07-29,5.1875,5.25,5.0625,5.125,5.125,941400,383.1499938964844
1991-07-30,5.1875,5.4375,5.1875,5.375,5.375,1409800,386.69000244140625
1991-07-31,5.375,5.625,5.375,5.5625,5.5625,1290800,387.80999755859375
1991-08-01,5.625,5.9375,5.625,5.75,5.75,1235400,387.1199951171875
1991-08-02,5.8125,5.8125,5.5625,5.75,5.75,1251600,387.17999267578125
1991-08-05,5.75,5.75,5.5625,5.625,5.625,644000,385.05999755859375
1991-08-06,5.625,5.8125,5.5,5.6875,5.6875,1258800,390.6199951171875
1991-08-07,5.6875,5.75,5.5625,5.6875,5.6875,930200,390.55999755859375
1991-08-08,5.6875,5.8125,5.5625,5.6875,5.6875,1139400,389.32000732421875
1991-08-09,5.625,5.6875,5.5,5.5,5.5,487800,387.1199951171875
1991-08-12,5.5,5.625,5.5,5.5625,5.5625,350600,388.0199890136719
1991-08-13,5.5625,5.75,5.5625,5.6875,5.6875,869800,389.6199951171875
1991-08-14,5.75,5.875,5.6875,5.75,5.75,841600,389.8999938964844
1991-08-15,5.8125,5.8125,5.625,5.6875,5.6875,671400,389.3299865722656
1991-08-16,5.6875,5.75,5.4375,5.5625,5.5625,706000,385.5799865722656
1991-08-19,5.0625,5.375,5.0625,5.3125,5.3125,2265200,376.4700012207031
1991-08-20,5.4375,5.5625,5.4375,5.5,5.5,1751000,379.42999267578125
1991-08-21,5.5625,5.6875,5.5625,5.6875,5.6875,1407200,390.5899963378906
1991-08-22,5.6875,5.9375,5.6875,5.875,5.875,2171600,391.3299865722656
1991-08-23,5.8125,5.875,5.6875,5.75,5.75,1123400,394.1700134277344
1991-08-26,5.8125,5.8125,5.75,5.75,5.75,288400,393.8500061035156
1991-08-27,5.75,5.8125,5.625,5.75,5.75,386800,393.05999755859375
1991-08-28,5.75,6.0625,5.6875,6.0625,6.0625,1522800,396.6400146484375
1991-08-29,6.125,6.125,6.0,6.0625,6.0625,1523400,396.4700012207031
1991-08-30,6.125,6.3125,6.125,6.1875,6.1875,20519000,395.42999267578125
1991-09-03,6.1875,6.25,6.0,6.0,6.0,1755800,392.1499938964844
1991-09-04,6.0,6.125,5.875,6.0,6.0,1477400,389.9700012207031
1991-09-05,6.0,6.0,5.75,5.8125,5.8125,902000,389.1400146484375
1991-09-06,5.875,6.0,5.8125,5.9375,5.9375,1195000,389.1000061035156
1991-09-09,5.9375,6.0,5.875,6.0,6.0,471200,388.57000732421875
1991-09-10,5.9375,5.9375,5.75,5.8125,5.8125,629200,384.55999755859375
1991-09-11,5.875,5.9375,5.8125,5.9375,5.9375,694200,385.0899963378906
1991-09-12,5.9375,6.0,5.875,5.875,5.875,351400,387.3399963378906
1991-09-13,5.75,5.75,5.5625,5.625,5.625,1513000,383.5899963378906
1991-09-16,5.5625,5.5625,5.3125,5.375,5.375,2036800,385.7799987792969
1991-09-17,5.3125,5.375,5.0625,5.125,5.125,2588600,385.5
1991-09-18,5.1875,5.375,5.125,5.375,5.375,1043400,386.94000244140625
1991-09-19,5.3125,5.375,5.1875,5.25,5.25,862200,387.55999755859375
1991-09-20,5.3125,5.4375,5.125,5.1875,5.1875,799600,387.9200134277344
1991-09-23,5.1875,5.25,5.125,5.125,5.125,647600,385.9200134277344
1991-09-24,5.125,5.1875,5.0,5.0625,5.0625,1403400,387.7099914550781
1991-09-25,5.0625,5.1875,5.0625,5.125,5.125,710000,386.8800048828125
1991-09-26,5.0625,5.3125,5.0625,5.25,5.25,1334800,386.489990234375
1991-09-27,5.25,5.375,4.6875,4.8125,4.8125,3292800,385.8999938964844
1991-09-30,4.6875,4.75,4.3125,4.6875,4.6875,2460000,387.8599853515625
1991-10-01,4.625,4.75,4.375,4.5,4.5,4821400,389.20001220703125
1991-10-02,4.4375,4.6875,4.4375,4.6875,4.6875,2533200,388.260009765625
1991-10-03,4.5,4.5,4.1875,4.3125,4.3125,3303600,384.4700012207031
1991-10-04,4.3125,4.5625,4.25,4.5,4.5,3333400,381.25
1991-10-07,4.5,4.625,4.4375,4.5,4.5,953200,379.5
1991-10-08,4.5,4.5625,4.4375,4.5,4.5,796600,380.6700134277344
1991-10-09,4.4375,4.6875,4.4375,4.625,4.625,1334600,376.79998779296875
1991-10-10,4.6875,5.0,4.625,5.0,5.0,1709000,380.54998779296875
1991-10-11,5.1875,5.25,5.0,5.25,5.25,3583400,381.45001220703125
1991-10-14,5.375,5.625,5.3125,5.5625,5.5625,3919000,386.4700012207031
1991-10-15,5.625,5.6875,5.4375,5.5,5.5,3446600,391.010009765625
1991-10-16,5.5,5.75,5.4375,5.6875,5.6875,2190600,392.79998779296875
1991-10-17,5.625,5.6875,5.4375,5.5625,5.5625,1310000,391.9200134277344
1991-10-18,5.5,5.5625,5.4375,5.5625,5.5625,786000,392.5
1991-10-21,5.5,5.5,5.3125,5.375,5.375,950200,390.0199890136719
1991-10-22,5.375,5.5,5.375,5.4375,5.4375,966000,387.8299865722656
1991-10-23,5.4375,5.5,5.3125,5.375,5.375,1386200,387.94000244140625
1991-10-24,5.4375,5.4375,5.25,5.3125,5.3125,907600,385.07000732421875
1991-10-25,5.25,5.3125,5.125,5.1875,5.1875,527800,384.20001220703125
1991-10-28,5.25,5.375,5.25,5.3125,5.3125,561000,389.5199890136719
1991-10-29,5.375,5.5625,5.3125,5.5,5.5,1160200,391.4800109863281
1991-10-30,5.5,5.625,5.4375,5.5625,5.5625,1418800,392.9599914550781
1991-10-31,6.25,6.5,5.8125,6.375,6.375,13487600,392.45001220703125
1991-11-01,6.375,6.5,6.0625,6.125,6.125,3764600,391.32000732421875
1991-11-04,6.125,6.1875,5.875,6.125,6.125,3118200,390.2799987792969
1991-11-05,6.1875,6.3125,6.125,6.1875,6.1875,1971400,388.7099914550781
1991-11-06,6.25,6.375,6.1875,6.3125,6.3125,2570400,389.9700012207031
1991-11-07,6.625,6.6875,6.5625,6.625,6.625,5172600,393.7200012207031
1991-11-08,6.6875,6.6875,6.375,6.5,6.5,2894400,392.8900146484375
1991-11-11,6.5,6.5,6.4375,6.5,6.5,765800,393.1199951171875
1991-11-12,6.5,6.5625,6.375,6.5625,6.5625,1347400,396.739990234375
1991-11-13,6.4375,7.0,6.375,7.0,7.0,4854200,397.4100036621094
1991-11-14,7.0,7.0625,6.6875,6.875,6.875,2573600,397.1499938964844
1991-11-15,6.75,6.8125,6.0625,6.3125,6.3125,2304400,382.6199951171875
1991-11-18,6.3125,6.5,6.1875,6.5,6.5,2987200,385.239990234375
1991-11-19,6.4375,6.4375,6.0,6.25,6.25,3037600,379.4200134277344
1991-11-20,6.375,6.375,6.1875,6.375,6.375,1776000,378.5299987792969
1991-11-21,6.3125,6.625,6.25,6.5,6.5,2257400,380.05999755859375
1991-11-22,6.5,7.0625,6.3125,6.9375,6.9375,1993200,376.1400146484375
1991-11-25,7.0625,7.25,6.875,6.9375,6.9375,4396800,375.3399963378906
1991-11-26,7.0,7.1875,6.75,7.0625,7.0625,3709000,377.9599914550781
1991-11-27,7.125,7.3125,7.0625,7.1875,7.1875,2492200,376.54998779296875
1991-11-29,7.1875,7.25,7.125,7.1875,7.1875,475000,375.2200012207031
1991-12-02,7.0,7.1875,6.9375,7.125,7.125,2066000,381.3999938964844
1991-12-03,7.1875,7.5625,7.125,7.4375,7.4375,4511400,380.9599914550781
1991-12-04,7.5,7.625,7.375,7.5,7.5,2456600,380.07000732421875
1991-12-05,7.5,7.75,7.4375,7.5,7.5,2198600,377.3900146484375
1991-12-06,7.5,7.6875,7.4375,7.5625,7.5625,2333200,379.1000061035156
1991-12-09,7.5625,7.5625,7.3125,7.4375,7.4375,1071800,378.260009765625
1991-12-10,7.375,7.4375,7.3125,7.4375,7.4375,980800,377.8999938964844
1991-12-11,7.5625,7.5625,7.3125,7.5625,7.5625,3002200,377.70001220703125
1991-12-12,7.625,7.875,7.5625,7.875,7.875,2644200,381.54998779296875
1991-12-13,8.0,8.0625,7.875,7.875,7.875,2820200,384.4700012207031
1991-12-16,7.875,8.0625,7.875,7.875,7.875,1692800,384.4599914550781
1991-12-17,7.875,7.875,7.5625,7.75,7.75,879200,382.739990234375
1991-12-18,7.5625,7.5625,7.3125,7.5,7.5,3484400,383.4800109863281
1991-12-19,8.3125,8.625,8.3125,8.375,8.375,7930400,382.5199890136719
1991-12-20,8.4375,8.4375,8.1875,8.25,8.25,3311200,387.0400085449219
1991-12-23,8.375,8.75,8.3125,8.6875,8.6875,2802800,396.82000732421875
1991-12-24,8.6875,8.875,8.5625,8.75,8.75,1340400,399.3299865722656
1991-12-26,8.625,8.75,8.5,8.5,8.5,1135200,404.8399963378906
1991-12-27,8.375,8.4375,8.3125,8.375,8.375,1026600,406.4599914550781
1991-12-30,8.375,8.625,8.375,8.5,8.5,2880800,415.1400146484375
1991-12-31,8.75,8.875,8.625,8.75,8.75,2357800,417.0899963378906
1992-01-02,8.6875,9.0,8.6875,8.9375,8.9375,2385000,417.260009765625
1992-01-03,9.0,9.1875,8.9375,9.125,9.125,2172400,419.3399963378906
1992-01-06,9.125,9.625,9.125,9.625,9.625,2849200,417.9599914550781
1992-01-07,9.5,9.9375,9.375,9.9375,9.9375,2746000,417.3999938964844
1992-01-08,9.375,9.5625,9.25,9.5,9.5,6768000,418.1000061035156
1992-01-09,10.0,10.25,9.0,9.4375,9.4375,13388800,417.6099853515625
1992-01-10,9.625,9.75,9.4375,9.5625,9.5625,5120800,415.1000061035156
1992-01-13,9.6875,10.125,9.5625,9.9375,9.9375,3997200,414.3399963378906
1992-01-14,10.0,10.125,9.75,10.0625,10.0625,3532800,420.44000244140625
1992-01-15,10.0625,10.0625,9.625,9.625,9.625,3109800,420.7699890136719
1992-01-16,9.625,9.875,8.75,8.875,8.875,5510600,418.2099914550781
1992-01-17,9.0,9.5,8.6875,9.3125,9.3125,5275200,418.8599853515625
1992-01-20,9.3125,9.8125,9.25,9.6875,9.6875,3677400,416.3599853515625
1992-01-21,9.8125,10.125,9.6875,10.0,10.0,6366800,412.6400146484375
1992-01-22,10.0,10.5625,10.0,10.5,10.5,5825800,418.1300048828125
1992-01-23,10.5625,10.625,10.3125,10.3125,10.3125,3316400,414.9599914550781
1992-01-24,10.1875,10.375,10.1875,10.3125,10.3125,1969400,415.4800109863281
1992-01-27,10.5,10.6875,10.375,10.5,10.5,2871400,414.989990234375
1992-01-28,10.5625,10.625,10.3125,10.375,10.375,2213000,414.9599914550781
1992-01-29,10.4375,10.6875,10.375,10.5,10.5,2728600,410.3399963378906
1992-01-30,10.5,10.5625,9.5625,9.625,9.625,6833200,411.6199951171875
1992-01-31,9.625,9.625,9.125,9.4375,9.4375,4804600,408.7799987792969
1992-02-03,9.25,9.75,9.25,9.75,9.75,4500600,409.5299987792969
1992-02-04,10.0,10.375,9.9375,10.3125,10.3125,5950200,413.8500061035156
1992-02-05,10.4375,10.75,10.375,10.625,10.625,5523800,413.8399963378906
1992-02-06,10.625,10.6875,9.9375,10.0625,10.0625,3505000,413.82000732421875
1992-02-07,10.0625,10.1875,9.9375,10.125,10.125,2201800,411.0899963378906
1992-02-10,10.25,10.4375,10.1875,10.375,10.375,1153000,413.7699890136719
1992-02-11,10.25,10.4375,10.25,10.3125,10.3125,1251600,413.760009765625
1992-02-12,10.5,10.5625,10.375,10.375,10.375,3747200,417.1300048828125
1992-02-13,10.3125,10.3125,9.9375,10.0,10.0,2988400,413.69000244140625
1992-02-14,9.875,9.875,9.5625,9.6875,9.6875,2583200,412.4800109863281
1992-02-18,9.9375,10.125,9.625,9.75,9.75,2208600,407.3800048828125
1992-02-19,9.6875,9.75,9.5,9.625,9.625,2338000,408.260009765625
1992-02-20,9.75,10.0,9.6875,9.9375,9.9375,3155800,413.8999938964844
1992-02-21,9.9375,9.9375,9.6875,9.75,9.75,1994400,411.42999267578125
1992-02-24,9.6875,9.6875,8.9375,9.5625,9.5625,3622400,412.2699890136719
1992-02-25,9.8125,10.0,9.4375,9.625,9.625,3893200,410.45001220703125
1992-02-26,9.5,9.5625,9.125,9.125,9.125,2345400,415.3500061035156
1992-02-27,9.1875,9.25,8.9375,9.0,9.0,2865000,413.8599853515625
1992-02-28,9.0625,9.375,9.0,9.1875,9.1875,1158200,412.70001220703125
1992-03-02,9.125,9.1875,8.9375,9.0625,9.0625,1737000,412.45001220703125
1992-03-03,9.0,9.0625,8.875,8.9375,8.9375,2509800,412.8500061035156
1992-03-04,8.875,8.9375,8.625,8.625,8.625,3154200,409.3299865722656
1992-03-05,8.5,8.625,8.125,8.25,8.25,4003800,406.510009765625
1992-03-06,8.5,8.5625,8.375,8.5625,8.5625,1902800,404.44000244140625
1992-03-09,8.625,9.0,8.5625,9.0,9.0,1997000,405.2099914550781
1992-03-10,9.25,9.375,9.0625,9.125,9.125,2083800,406.8900146484375
1992-03-11,9.1875,9.1875,8.875,8.9375,8.9375,1235400,404.0299987792969
1992-03-12,8.9375,9.0625,8.6875,8.8125,8.8125,1395200,403.8900146484375
1992-03-13,8.9375,9.0,8.875,8.9375,8.9375,835200,405.8399963378906
1992-03-16,8.9375,9.0,8.75,8.9375,8.9375,846600,406.3900146484375
1992-03-17,9.0,9.125,8.9375,9.0,9.0,1371800,409.5799865722656
1992-03-18,9.125,9.375,9.0,9.375,9.375,2123200,409.1499938964844
1992-03-19,9.4375,9.4375,9.1875,9.25,9.25,608000,409.79998779296875
1992-03-20,9.3125,9.4375,9.125,9.375,9.375,731600,411.29998779296875
1992-03-23,9.375,9.375,9.25,9.375,9.375,507200,409.9100036621094
1992-03-24,9.3125,9.375,9.0625,9.125,9.125,1399400,408.8800048828125
1992-03-25,9.1875,9.625,9.1875,9.625,9.625,2900600,407.5199890136719
1992-03-26,9.5625,9.8125,9.5,9.5625,9.5625,1719400,407.8599853515625
1992-03-27,9.5625,9.5625,8.75,8.75,8.75,3455000,403.5
1992-03-30,8.75,8.875,8.3125,8.6875,8.6875,3013800,403.0
1992-03-31,8.6875,8.9375,8.6875,8.875,8.875,2160400,403.69000244140625
1992-04-01,8.8125,8.875,8.625,8.8125,8.8125,1215800,404.2300109863281
1992-04-02,8.8125,8.9375,8.8125,8.875,8.875,836000,400.5
1992-04-03,8.8125,8.875,8.75,8.875,8.875,738000,401.54998779296875
1992-04-06,8.9375,9.4375,8.875,9.4375,9.4375,2146200,405.5899963378906
1992-04-07,9.75,9.75,8.8125,8.8125,8.8125,6600000,398.05999755859375
1992-04-08,8.8125,8.9375,8.4375,8.8125,8.8125,4727800,394.5
1992-04-09,8.8125,8.9375,8.4375,8.5,8.5,3166000,400.6400146484375
1992-04-10,8.5625,8.625,8.1875,8.3125,8.3125,3339200,404.2900085449219
1992-04-13,8.1875,8.375,8.1875,8.3125,8.3125,948800,406.0799865722656
1992-04-14,8.375,8.875,8.375,8.6875,8.6875,3402200,412.3900146484375
1992-04-15,8.8125,8.875,8.625,8.75,8.75,1887800,416.2799987792969
1992-04-16,8.75,8.75,8.3125,8.4375,8.4375,1649600,416.0400085449219
1992-04-20,8.3125,8.3125,7.9375,8.1875,8.1875,2187400,410.17999267578125
1992-04-21,8.1875,8.25,8.0625,8.1875,8.1875,1118000,410.260009765625
1992-04-22,8.1875,8.25,8.0,8.0,8.0,1148800,409.80999755859375
1992-04-23,8.0625,8.125,7.4375,7.5,7.5,3813600,411.6000061035156
1992-04-24,7.5625,7.6875,7.3125,7.5,7.5,1792200,409.0199890136719
1992-04-27,7.4375,7.625,7.4375,7.625,7.625,865000,408.45001220703125
1992-04-28,7.875,7.9375,7.75,7.75,7.75,1767000,409.1099853515625
1992-04-29,8.125,8.4375,7.8125,8.375,8.375,2392600,412.0199890136719
1992-04-30,8.3125,8.9375,8.3125,8.9375,8.9375,3119200,414.95001220703125
1992-05-01,8.875,8.875,8.3125,8.4375,8.4375,2238200,412.5299987792969
1992-05-04,8.5,8.6875,8.375,8.5,8.5,841400,416.9100036621094
1992-05-05,8.5625,9.0625,8.5,9.0,9.0,2509600,416.8399963378906
1992-05-06,9.0,9.0625,8.8125,8.875,8.875,1718600,416.7900085449219
1992-05-07,8.9375,9.0625,8.8125,9.0,9.0,1344200,415.8500061035156
1992-05-08,9.0,9.0625,8.875,8.9375,8.9375,812600,416.04998779296875
1992-05-11,8.875,9.125,8.8125,9.0625,9.0625,1196000,418.489990234375
1992-05-12,9.25,9.25,8.9375,9.0,9.0,1146200,416.2900085449219
1992-05-13,8.9375,9.0,8.6875,8.75,8.75,1298600,416.45001220703125
1992-05-14,8.25,8.25,7.625,7.8125,7.8125,8015400,413.1400146484375
1992-05-15,7.6875,7.8125,7.6875,7.75,7.75,1930200,410.0899963378906
1992-05-18,7.8125,7.8125,7.4375,7.5,7.5,1539600,412.80999755859375
1992-05-19,7.5625,8.0,7.5625,8.0,8.0,2020000,416.3699951171875
1992-05-20,7.875,8.0,7.375,7.4375,7.4375,4791200,415.3900146484375
1992-05-21,7.4375,7.625,7.375,7.5,7.5,2046600,412.6000061035156
1992-05-22,7.625,7.875,7.5,7.6875,7.6875,1514200,414.0199890136719
1992-05-26,7.75,7.8125,7.5625,7.625,7.625,960800,411.4100036621094
1992-05-27,7.625,7.8125,7.5625,7.6875,7.6875,1207800,412.1700134277344
1992-05-28,7.75,7.875,7.625,7.8125,7.8125,1846400,416.739990234375
1992-05-29,7.875,8.0,7.8125,7.875,7.875,1052600,415.3500061035156
1992-06-01,7.75,7.8125,7.625,7.75,7.75,978600,417.29998779296875
1992-06-02,7.75,7.8125,7.625,7.6875,7.6875,861000,413.5
1992-06-03,7.625,7.75,7.5625,7.625,7.625,924000,414.5899963378906
1992-06-04,7.6875,7.6875,7.5,7.5,7.5,934600,413.260009765625
1992-06-05,7.5625,7.5625,7.375,7.5,7.5,884800,413.4800109863281
1992-06-08,7.4375,7.5,7.25,7.3125,7.3125,1181000,413.3599853515625
1992-06-09,7.375,7.6875,7.3125,7.6875,7.6875,1686000,410.05999755859375
1992-06-10,7.75,7.9375,7.6875,7.9375,7.9375,2440800,407.25
1992-06-11,7.9375,8.0,7.75,7.875,7.875,1383200,409.04998779296875
1992-06-12,7.8125,7.8125,7.375,7.4375,7.4375,2111200,409.760009765625
1992-06-15,7.4375,7.6875,7.25,7.6875,7.6875,1591200,410.2900085449219
1992-06-16,7.625,7.6875,7.4375,7.5,7.5,997000,408.32000732421875
1992-06-17,7.4375,7.4375,7.25,7.25,7.25,875000,402.260009765625
1992-06-18,4.5625,4.8125,4.375,4.5,4.5,16687800,400.9599914550781
1992-06-19,4.6875,4.875,4.625,4.6875,4.6875,6451600,403.6700134277344
1992-06-22,4.875,4.9375,4.75,4.875,4.875,3017000,403.3999938964844
1992-06-23,4.875,4.875,4.4375,4.5625,4.5625,4268800,404.0400085449219
1992-06-24,4.5,4.5,4.3125,4.4375,4.4375,2744400,403.8399963378906
1992-06-25,4.4375,4.5,4.3125,4.375,4.375,1574000,403.1199951171875
1992-06-26,4.375,4.4375,4.25,4.3125,4.3125,2324200,403.45001220703125
1992-06-29,4.375,4.5,4.375,4.4375,4.4375,1276200,408.94000244140625
1992-06-30,4.4375,4.5,4.375,4.375,4.375,1330400,408.1400146484375
1992-07-01,4.375,4.4375,4.3125,4.375,4.375,2176200,412.8800048828125
1992-07-02,4.125,4.1875,3.6875,3.8125,3.8125,5679000,411.7699890136719
1992-07-06,3.8125,3.875,3.6875,3.8125,3.8125,3094800,413.8399963378906
1992-07-07,3.875,4.0,3.8125,3.875,3.875,2154200,409.1600036621094
1992-07-08,3.875,4.0625,3.8125,3.875,3.875,2021000,410.2799987792969
1992-07-09,3.875,4.1875,3.875,4.0,4.0,3957200,414.2300109863281
1992-07-10,4.0625,4.3125,4.0625,4.125,4.125,2863600,414.6199951171875
1992-07-13,4.25,4.375,4.1875,4.25,4.25,3183200,414.8699951171875
1992-07-14,4.375,4.4375,4.3125,4.375,4.375,4077000,417.67999267578125
1992-07-15,4.4375,4.5,4.375,4.4375,4.4375,2918000,417.1000061035156
1992-07-16,4.375,4.5,4.375,4.4375,4.4375,1810200,417.5400085449219
1992-07-17,4.375,4.4375,4.25,4.3125,4.3125,951400,415.6199951171875
1992-07-20,4.3125,4.375,4.25,4.3125,4.3125,1125200,413.75
1992-07-21,4.375,4.4375,4.375,4.4375,4.4375,827000,413.760009765625
1992-07-22,4.375,4.4375,4.25,4.3125,4.3125,936400,410.92999267578125
1992-07-23,4.375,4.375,4.25,4.3125,4.3125,494600,412.0799865722656
1992-07-24,4.25,4.3125,4.1875,4.1875,4.1875,1100800,411.6000061035156
1992-07-27,4.25,4.3125,4.1875,4.25,4.25,761000,411.5400085449219
1992-07-28,4.1875,4.3125,4.1875,4.25,4.25,1414200,417.5199890136719
1992-07-29,4.25,4.3125,4.1875,4.3125,4.3125,1458200,422.2300109863281
1992-07-30,4.3125,4.375,4.1875,4.3125,4.3125,1239600,423.9200134277344
1992-07-31,4.3125,4.4375,4.25,4.4375,4.4375,973400,424.2099914550781
1992-08-03,4.375,4.75,4.375,4.75,4.75,3125000,425.0899963378906
1992-08-04,4.75,4.8125,4.625,4.6875,4.6875,1812600,424.3599853515625
1992-08-05,4.625,4.6875,4.5625,4.625,4.625,1928200,422.19000244140625
1992-08-06,4.625,4.6875,4.5,4.6875,4.6875,1778800,420.5899963378906
1992-08-07,4.6875,4.75,4.5625,4.6875,4.6875,1541200,418.8800048828125
1992-08-10,4.625,4.6875,4.5625,4.5625,4.5625,948800,419.4200134277344
1992-08-11,4.5625,4.625,4.5,4.5,4.5,771400,418.8999938964844
1992-08-12,4.5,4.625,4.5,4.5,4.5,951400,417.7799987792969
1992-08-13,4.625,4.6875,4.625,4.625,4.625,962000,417.7300109863281
1992-08-14,4.625,4.6875,4.625,4.6875,4.6875,284800,419.9100036621094
1992-08-17,4.625,4.6875,4.5625,4.5625,4.5625,601600,420.739990234375
1992-08-18,4.5,4.5625,4.4375,4.5,4.5,862200,421.3399963378906
1992-08-19,4.5,4.5,4.375,4.5,4.5,604400,418.19000244140625
1992-08-20,4.375,4.4375,4.3125,4.4375,4.4375,544200,418.260009765625
1992-08-21,4.375,4.4375,4.25,4.3125,4.3125,716400,414.8500061035156
1992-08-24,4.25,4.3125,4.1875,4.25,4.25,1230600,410.7200012207031
1992-08-25,4.25,4.5625,4.25,4.5625,4.5625,1329800,411.6099853515625
1992-08-26,4.5625,4.875,4.5,4.75,4.75,1977400,413.510009765625
1992-08-27,4.8125,4.875,4.75,4.8125,4.8125,1594400,413.5299987792969
1992-08-28,4.8125,4.8125,4.75,4.75,4.75,630000,414.8399963378906
1992-08-31,4.875,5.0625,4.8125,5.0625,5.0625,3157400,414.0299987792969
1992-09-01,5.0625,5.3125,5.0625,5.25,5.25,3070800,416.07000732421875
1992-09-02,5.3125,5.75,5.3125,5.6875,5.6875,4099400,417.9800109863281
1992-09-03,5.875,5.9375,5.6875,5.6875,5.6875,4328400,417.9800109863281
1992-09-04,5.6875,5.75,5.4375,5.5625,5.5625,1909600,417.0799865722656
1992-09-08,5.5625,5.625,5.375,5.5,5.5,837000,414.44000244140625
1992-09-09,5.5,5.8125,5.5,5.75,5.75,1609000,416.3599853515625
1992-09-10,5.8125,6.125,5.8125,6.125,6.125,3589200,419.95001220703125
1992-09-11,6.1875,6.25,6.0625,6.1875,6.1875,2791000,419.5799865722656
1992-09-14,6.3125,6.5,6.0625,6.125,6.125,3113600,425.2699890136719
1992-09-15,6.0625,6.1875,6.0,6.125,6.125,1594400,419.7699890136719
1992-09-16,5.875,6.1875,5.875,6.0625,6.0625,1818400,419.9200134277344
1992-09-17,6.0625,6.1875,6.0,6.125,6.125,1261200,419.92999267578125
1992-09-18,6.125,6.25,6.0625,6.125,6.125,987600,422.92999267578125
1992-09-21,6.125,6.1875,6.0625,6.125,6.125,607600,422.1400146484375
1992-09-22,6.0625,6.125,6.0,6.0,6.0,1158400,417.1400146484375
1992-09-23,6.0,6.0,5.75,5.8125,5.8125,1257000,417.44000244140625
1992-09-24,5.8125,6.0,5.8125,5.875,5.875,1334200,418.4700012207031
1992-09-25,5.875,5.875,5.5625,5.75,5.75,1419000,414.3500061035156
1992-09-28,5.625,5.8125,5.5,5.75,5.75,930400,416.6199951171875
1992-09-29,5.8125,5.8125,5.6875,5.75,5.75,844600,416.79998779296875
1992-09-30,5.75,5.75,5.5625,5.625,5.625,930800,417.79998779296875
1992-10-01,5.5625,5.5625,5.3125,5.4375,5.4375,1783600,416.2900085449219
1992-10-02,5.4375,5.6875,5.4375,5.625,5.625,1918800,410.4700012207031
1992-10-05,5.5,5.9375,5.375,5.875,5.875,3143800,407.57000732421875
1992-10-06,6.25,6.4375,6.1875,6.4375,6.4375,8264600,407.17999267578125
1992-10-07,6.4375,6.5,6.1875,6.1875,6.1875,4428800,404.25
1992-10-08,6.3125,6.375,6.1875,6.1875,6.1875,2119200,407.75
1992-10-09,6.1875,6.25,5.6875,5.9375,5.9375,5602000,402.6600036621094
1992-10-12,6.125,6.3125,6.125,6.25,6.25,2753800,407.44000244140625
1992-10-13,6.3125,6.4375,6.25,6.375,6.375,2742000,409.29998779296875
1992-10-14,6.375,6.4375,6.25,6.375,6.375,1701600,409.3699951171875
1992-10-15,6.3125,6.375,6.1875,6.3125,6.3125,1119800,409.6000061035156
1992-10-16,6.3125,6.5625,6.25,6.5,6.5,1938200,411.7300109863281
1992-10-19,6.5,6.875,6.4375,6.875,6.875,4364200,414.9800109863281
1992-10-20,7.0,7.125,6.9375,7.0,7.0,4838200,415.4800109863281
1992-10-21,7.0,7.1875,7.0,7.125,7.125,1618200,415.6700134277344
1992-10-22,7.125,7.1875,7.0,7.1875,7.1875,2074200,414.8999938964844
1992-10-23,7.1875,7.1875,7.0625,7.1875,7.1875,1635600,414.1000061035156
1992-10-26,7.125,7.4375,7.125,7.3125,7.3125,1088200,418.1600036621094
1992-10-27,7.375,7.4375,7.375,7.375,7.375,1172600,418.489990234375
1992-10-28,7.5625,7.75,7.5,7.75,7.75,3728400,420.1300048828125
1992-10-29,7.75,7.9375,7.5625,7.9375,7.9375,2726000,420.8599853515625
1992-10-30,8.0,8.375,7.9375,8.25,8.25,5054000,418.67999267578125
1992-11-02,8.25,8.3125,7.875,7.9375,7.9375,3047800,422.75
1992-11-03,7.75,7.875,7.5625,7.75,7.75,2085000,419.9200134277344
1992-11-04,7.75,8.1875,7.75,8.125,8.125,1836800,417.1099853515625
1992-11-05,8.0625,8.25,8.0625,8.1875,8.1875,1351800,418.3399963378906
1992-11-06,8.125,8.1875,8.0625,8.125,8.125,770200,417.5799865722656
1992-11-09,8.0625,8.125,7.75,8.0,8.0,1381600,418.5899963378906
1992-11-10,8.0625,8.25,8.0,8.0,8.0,1561400,418.6199951171875
1992-11-11,8.0625,8.1875,8.0625,8.1875,8.1875,1421000,422.20001220703125
1992-11-12,8.125,8.1875,8.0,8.1875,8.1875,812200,422.8699951171875
1992-11-13,8.1875,8.25,8.0625,8.25,8.25,1004200,422.42999267578125
1992-11-16,8.125,8.3125,8.0625,8.1875,8.1875,1416400,420.67999267578125
1992-11-17,8.1875,8.25,7.9375,8.0625,8.0625,1327800,419.2699890136719
1992-11-18,8.0,8.1875,7.9375,8.1875,8.1875,1801200,422.8500061035156
1992-11-19,8.1875,9.125,8.125,9.0,9.0,4703200,423.6099853515625
1992-11-20,9.0,9.25,8.8125,9.1875,9.1875,4597400,426.6499938964844
1992-11-23,9.0,9.3125,8.9375,9.25,9.25,2875800,425.1199951171875
1992-11-24,9.1875,9.25,8.9375,9.0,9.0,1877000,427.5899963378906
1992-11-25,8.9375,9.0,8.5,8.8125,8.8125,2559400,429.19000244140625
1992-11-27,8.6875,8.875,8.625,8.6875,8.6875,862600,430.1600036621094
1992-11-30,8.75,8.9375,8.6875,8.9375,8.9375,1173400,431.3500061035156
1992-12-01,8.9375,9.125,8.875,9.125,9.125,1237800,430.7799987792969
1992-12-02,9.125,9.1875,8.9375,8.9375,8.9375,1160200,429.8900146484375
1992-12-03,7.5,8.1875,7.5,8.0625,8.0625,10511600,429.9100036621094
1992-12-04,8.125,8.4375,7.875,8.375,8.375,3266200,432.05999755859375
1992-12-07,8.5625,8.8125,8.5,8.8125,8.8125,2007400,435.30999755859375
1992-12-08,8.875,9.0625,8.75,8.8125,8.8125,2127400,436.989990234375
1992-12-09,8.875,8.875,8.5625,8.625,8.625,1443600,435.6499938964844
1992-12-10,8.6875,8.75,8.3125,8.4375,8.4375,2458400,434.6400146484375
1992-12-11,8.5,8.5,8.3125,8.375,8.375,677800,433.7300109863281
1992-12-14,8.4375,8.5625,8.3125,8.375,8.375,1161600,432.8399963378906
1992-12-15,8.375,8.375,8.0625,8.1875,8.1875,1397400,432.57000732421875
1992-12-16,8.125,8.4375,7.9375,8.3125,8.3125,2873600,431.5199890136719
1992-12-17,8.4375,9.0625,8.4375,9.0,9.0,4470800,435.42999267578125
1992-12-18,9.125,9.25,8.9375,9.125,9.125,3738400,441.2799987792969
1992-12-21,9.125,9.1875,9.0,9.125,9.125,1571600,440.70001220703125
1992-12-22,9.125,9.375,9.125,9.1875,9.1875,2435200,440.30999755859375
1992-12-23,8.5,8.875,8.5,8.8125,8.8125,3348600,439.0299987792969
1992-12-24,8.75,8.9375,8.6875,8.8125,8.8125,839400,439.7699890136719
1992-12-28,8.875,8.875,8.75,8.875,8.875,875000,439.1499938964844
1992-12-29,8.875,9.125,8.8125,8.9375,8.9375,1217000,437.9800109863281
1992-12-30,8.9375,9.125,8.875,9.0625,9.0625,961400,438.82000732421875
1992-12-31,9.0625,9.0625,8.9375,9.0625,9.0625,956000,435.7099914550781
1993-01-04,9.0,9.0625,8.8125,8.8125,8.8125,1245400,435.3800048828125
1993-01-05,8.875,9.5,8.8125,9.5,9.5,2275000,434.3399963378906
1993-01-06,9.75,10.0,9.625,9.875,9.875,4652800,434.5199890136719
1993-01-07,10.125,10.3125,9.875,10.0,10.0,5842800,430.7300109863281
1993-01-08,10.1875,10.75,9.5,9.625,9.625,6809400,429.04998779296875
1993-01-11,9.875,10.0,9.625,9.9375,9.9375,3502800,430.95001220703125
1993-01-12,9.75,10.125,9.6875,9.75,9.75,2404800,431.0400085449219
1993-01-13,9.75,10.0,9.5625,9.875,9.875,3667800,433.0299987792969
1993-01-14,10.0625,10.1875,10.0,10.1875,10.1875,3818600,435.94000244140625
1993-01-15,10.1875,10.25,9.9375,10.0,10.0,1907800,437.1499938964844
1993-01-18,10.0,10.0625,9.8125,10.0,10.0,1428400,436.8399963378906
1993-01-19,10.0625,10.4375,10.0,10.3125,10.3125,2302000,435.1300048828125
1993-01-20,10.375,10.375,9.875,10.0625,10.0625,1480000,433.3699951171875
1993-01-21,10.0,10.1875,9.75,10.0,10.0,1571400,435.489990234375
1993-01-22,10.0,10.0,9.8125,9.875,9.875,926600,436.1099853515625
1993-01-25,9.875,10.0625,9.875,9.9375,9.9375,1344800,440.010009765625
1993-01-26,9.9375,10.0625,9.75,9.8125,9.8125,1645600,439.95001220703125
1993-01-27,9.9375,10.0,9.625,9.6875,9.6875,1440200,438.1099853515625
1993-01-28,9.5625,9.5625,9.1875,9.5,9.5,2708000,438.6600036621094
1993-01-29,9.375,9.5625,9.3125,9.375,9.375,1461200,438.7799987792969
1993-02-01,9.3125,9.625,9.25,9.5625,9.5625,1500600,442.5199890136719
1993-02-02,9.6875,10.125,9.6875,10.125,10.125,2836200,442.54998779296875
1993-02-03,10.1875,10.3125,10.0625,10.25,10.25,4327000,447.20001220703125
1993-02-04,10.25,10.4375,10.0625,10.0625,10.0625,2660400,449.55999755859375
1993-02-05,10.0625,10.25,9.8125,9.8125,9.8125,2049200,448.92999267578125
1993-02-08,9.875,10.0625,9.8125,9.875,9.875,1605200,447.8500061035156
1993-02-09,10.0625,10.1875,9.75,9.875,9.875,1364200,445.3299865722656
1993-02-10,10.125,10.125,9.8125,9.875,9.875,1943000,446.2300109863281
1993-02-11,10.0625,10.5,10.0,10.5,10.5,3184000,447.6600036621094
1993-02-12,10.5,10.75,10.3125,10.6875,10.6875,4785600,444.5799865722656
1993-02-16,10.5625,10.625,9.6875,9.875,9.875,3633600,433.9100036621094
1993-02-17,10.0,10.375,9.9375,10.1875,10.1875,2121800,433.29998779296875
1993-02-18,10.4375,10.5625,10.25,10.5625,10.5625,3353400,431.8999938964844
1993-02-19,10.6875,11.1875,10.625,11.0625,11.0625,3319000,434.2200012207031
1993-02-22,11.125,11.25,10.8125,10.875,10.875,2321000,435.239990234375
1993-02-23,11.0,11.0625,10.6875,10.6875,10.6875,1433800,434.79998779296875
1993-02-24,10.375,11.0,10.3125,11.0,11.0,2535400,440.8699951171875
1993-02-25,11.0625,11.25,10.0625,11.0625,11.0625,1819600,442.3399963378906
1993-02-26,11.125,11.125,10.75,10.875,10.875,1337200,443.3800048828125
1993-03-01,10.9375,10.9375,10.5625,10.625,10.625,1169600,442.010009765625
1993-03-02,10.5,11.1875,10.4375,11.125,11.125,2703000,447.8999938964844
1993-03-03,11.3125,11.5,11.25,11.4375,11.4375,3273200,449.260009765625
1993-03-04,11.4375,11.4375,11.25,11.3125,11.3125,1503000,447.3399963378906
1993-03-05,11.375,11.75,10.9375,11.625,11.625,2365200,446.1099853515625
1993-03-08,11.75,12.125,11.6875,12.0,12.0,2496000,454.7099914550781
1993-03-09,12.0,12.125,11.75,11.8125,11.8125,1879000,454.3999938964844
1993-03-10,11.75,12.25,11.5,11.8125,11.8125,1168400,456.3299865722656
1993-03-11,12.0,12.1875,11.875,11.875,11.875,1210400,453.7200012207031
1993-03-12,11.8125,11.9375,11.625,11.875,11.875,1250400,449.8299865722656
1993-03-15,12.0,12.0625,11.875,11.9375,11.9375,1009400,451.42999267578125
1993-03-16,11.9375,11.9375,11.75,11.75,11.75,1063800,451.3699951171875
1993-03-17,11.8125,11.875,11.25,11.5625,11.5625,1787800,448.30999755859375
1993-03-18,11.5625,11.6875,11.375,11.625,11.625,1207800,451.8900146484375
1993-03-19,11.6875,11.6875,11.25,11.3125,11.3125,1341000,450.17999267578125
1993-03-22,11.1875,11.1875,10.875,11.125,11.125,1682400,448.8800048828125
1993-03-23,11.0625,11.3125,10.9375,11.0,11.0,899800,448.760009765625
1993-03-24,10.9375,11.25,10.8125,11.125,11.125,1545400,448.07000732421875
1993-03-25,11.125,11.625,11.125,11.5625,11.5625,980800,450.8800048828125
1993-03-26,11.6875,11.6875,11.3125,11.375,11.375,1018200,447.7799987792969
1993-03-29,11.5625,11.5625,11.375,11.4375,11.4375,731200,450.7699890136719
1993-03-30,11.5,11.5625,11.375,11.5,11.5,1097000,451.9700012207031
1993-03-31,11.5,11.625,11.375,11.5,11.5,965400,451.6700134277344
1993-04-01,11.5,11.5,11.1875,11.3125,11.3125,1125400,450.29998779296875
1993-04-02,11.1875,11.3125,10.5625,10.6875,10.6875,2615800,441.3900146484375
1993-04-05,10.6875,11.1875,10.6875,11.125,11.125,1545400,442.2900085449219
1993-04-06,11.875,12.0,11.625,11.75,11.75,5182200,441.1600036621094
1993-04-07,11.875,12.5625,11.875,12.5625,12.5625,5576600,442.7300109863281
1993-04-08,12.625,12.75,12.375,12.4375,12.4375,2415400,441.8399963378906
1993-04-12,12.625,13.0,12.5625,12.9375,12.9375,3725600,448.3699951171875
1993-04-13,12.9375,13.0,12.1875,12.375,12.375,2869000,449.2200012207031
1993-04-14,12.3125,12.375,12.0,12.25,12.25,1259800,448.6600036621094
1993-04-15,12.25,12.25,12.0,12.1875,12.1875,1022000,448.3999938964844
1993-04-16,12.1875,12.1875,11.875,12.0625,12.0625,1496000,448.94000244140625
1993-04-19,13.75,14.1875,13.5625,14.0,14.0,10874800,447.4599914550781
1993-04-20,13.9375,14.0,13.6875,13.8125,13.8125,3061200,445.1000061035156
1993-04-21,13.875,14.5,13.8125,14.5,14.5,3243000,443.6300048828125
1993-04-22,14.375,15.5625,14.3125,15.5,15.5,6373600,439.4599914550781
1993-04-23,15.5,16.4375,15.1875,15.25,15.25,7613400,437.0299987792969
1993-04-26,15.25,15.25,14.4375,14.5,14.5,3438800,433.5400085449219
1993-04-27,14.5,14.9375,14.25,14.875,14.875,3298000,438.010009765625
1993-04-28,14.9375,15.25,14.8125,15.0625,15.0625,2093600,438.0199890136719
1993-04-29,14.875,14.9375,14.5625,14.5625,14.5625,1769000,438.8900146484375
1993-04-30,14.0,14.25,13.625,14.0625,14.0625,4126000,440.19000244140625
1993-05-03,14.25,14.8125,14.1875,14.6875,14.6875,1764400,442.4599914550781
1993-05-04,14.75,15.125,14.5,15.125,15.125,2454600,444.04998779296875
1993-05-05,15.125,15.3125,14.6875,14.75,14.75,2085400,444.5199890136719
1993-05-06,14.625,14.6875,14.3125,14.375,14.375,2481800,443.260009765625
1993-05-07,14.375,14.75,14.3125,14.75,14.75,974400,442.30999755859375
1993-05-10,14.75,15.0,14.75,14.75,14.75,1596400,442.79998779296875
1993-05-11,14.5,14.875,14.5,14.5625,14.5625,1134200,444.3599853515625
1993-05-12,14.5625,14.625,14.4375,14.4375,14.4375,988400,444.79998779296875
1993-05-13,14.3125,14.5,14.1875,14.4375,14.4375,1272800,439.2300109863281
1993-05-14,14.4375,14.625,14.1875,14.25,14.25,845200,439.55999755859375
1993-05-17,14.1875,14.25,13.625,14.0,14.0,3517200,440.3699951171875
1993-05-18,14.1875,14.4375,14.125,14.25,14.25,2214000,440.32000732421875
1993-05-19,14.375,14.8125,14.0,14.5625,14.5625,3693400,447.57000732421875
1993-05-20,14.625,14.75,14.3125,14.375,14.375,1677800,450.5899963378906
1993-05-21,14.5,14.6875,14.3125,14.4375,14.4375,1351000,445.8399963378906
1993-05-24,14.375,14.625,14.3125,14.5,14.5,555200,448.0
1993-05-25,14.5,14.8125,14.5,14.8125,14.8125,1706800,448.8500061035156
1993-05-26,14.9375,15.25,14.875,15.1875,15.1875,2923400,453.44000244140625
1993-05-27,15.3125,15.375,14.6875,14.6875,14.6875,2125600,452.4100036621094
1993-05-28,14.6875,14.6875,14.0,14.3125,14.3125,1563000,450.19000244140625
1993-06-01,14.25,14.625,14.0625,14.125,14.125,1784800,453.8299865722656
1993-06-02,14.1875,14.1875,13.8125,13.8125,13.8125,1769800,453.8500061035156
1993-06-03,13.875,14.375,13.8125,14.25,14.25,1824800,452.489990234375
1993-06-04,14.3125,14.3125,14.0,14.0,14.0,713000,450.05999755859375
1993-06-07,11.5,11.875,11.0,11.875,11.875,10373400,447.69000244140625
1993-06-08,11.8125,11.9375,11.625,11.9375,11.9375,3050400,444.7099914550781
1993-06-09,11.875,12.0,11.4375,11.5,11.5,3360000,445.7799987792969
1993-06-10,11.375,11.4375,11.0,11.125,11.125,4341000,445.3800048828125
1993-06-11,11.125,11.1875,10.5,10.5625,10.5625,7619600,447.260009765625
1993-06-14,10.75,10.75,10.5,10.6875,10.6875,2789600,447.7099914550781
1993-06-15,11.0,11.3125,10.8125,10.875,10.875,4831200,446.2699890136719
1993-06-16,11.0625,11.0625,10.375,10.5,10.5,6180400,447.42999267578125
1993-06-17,10.625,10.625,10.1875,10.3125,10.3125,3017000,448.5400085449219
1993-06-18,10.4375,10.625,10.25,10.375,10.375,3165000,443.67999267578125
1993-06-21,10.375,10.6875,10.375,10.6875,10.6875,1594200,446.2200012207031
1993-06-22,10.6875,10.6875,10.5625,10.6875,10.6875,1288800,445.92999267578125
1993-06-23,10.625,10.6875,10.5,10.5625,10.5625,1380400,443.19000244140625
1993-06-24,10.375,10.625,10.25,10.625,10.625,1679600,446.6199951171875
1993-06-25,10.5625,10.9375,10.5,10.6875,10.6875,1179600,447.6000061035156
1993-06-28,10.75,11.1875,10.75,11.0625,11.0625,1718400,451.8500061035156
1993-06-29,11.5625,12.0,11.375,12.0,12.0,4847600,450.69000244140625
1993-06-30,11.875,12.1875,11.875,12.0625,12.0625,2944200,450.5299987792969
1993-07-01,12.0625,12.25,11.875,12.0625,12.0625,1887800,449.0199890136719
1993-07-02,11.875,12.0625,11.8125,11.9375,11.9375,2163400,445.8399963378906
1993-07-06,12.125,12.375,11.5625,11.625,11.625,2770000,441.42999267578125
1993-07-07,11.75,12.0625,11.75,12.0,12.0,2045400,442.8299865722656
1993-07-08,12.125,12.4375,12.0,12.4375,12.4375,1574800,448.6400146484375
1993-07-09,12.5,12.625,12.375,12.4375,12.4375,1177000,448.1099853515625
1993-07-12,12.5,12.5,12.0625,12.3125,12.3125,1636200,448.9800109863281
1993-07-13,12.375,12.375,12.1875,12.3125,12.3125,791200,448.0899963378906
1993-07-14,12.25,12.5625,12.1875,12.5,12.5,1429200,450.0799865722656
1993-07-15,12.5,12.5,12.125,12.1875,12.1875,1323200,449.2200012207031
1993-07-16,12.0625,12.125,11.375,11.5,11.5,1794400,445.75
1993-07-19,11.5,11.75,11.5,11.625,11.625,1349200,446.0299987792969
1993-07-20,11.625,12.3125,11.625,12.25,12.25,1932800,447.30999755859375
1993-07-21,12.75,12.875,12.3125,12.4375,12.4375,1956400,447.17999267578125
1993-07-22,12.4375,12.5,12.125,12.1875,12.1875,1148600,444.510009765625
1993-07-23,12.1875,12.1875,12.0625,12.1875,12.1875,636600,447.1000061035156
1993-07-26,12.25,12.375,12.25,12.3125,12.3125,582000,449.0899963378906
1993-07-27,12.375,12.375,12.0625,12.1875,12.1875,683200,448.239990234375
1993-07-28,12.1875,12.1875,12.0625,12.125,12.125,492400,447.19000244140625
1993-07-29,12.0,12.0625,11.875,11.9375,11.9375,830200,450.239990234375
1993-07-30,11.9375,11.9375,11.75,11.9375,11.9375,380600,448.1300048828125
1993-08-02,12.125,12.4375,12.125,12.3125,12.3125,980200,450.1499938964844
1993-08-03,12.4375,12.5625,12.3125,12.5,12.5,1295800,449.2699890136719
1993-08-04,12.5625,12.9375,12.4375,12.9375,12.9375,1949400,448.5400085449219
1993-08-05,13.0,13.625,13.0,13.5,13.5,3088600,448.1300048828125
1993-08-06,13.8125,14.125,13.6875,14.125,14.125,2536800,448.67999267578125
1993-08-09,14.125,14.5,13.875,14.3125,14.3125,2018000,450.7200012207031
1993-08-10,14.25,14.375,14.125,14.1875,14.1875,1779000,449.45001220703125
1993-08-11,14.75,15.125,14.625,14.8125,14.8125,3783600,450.4599914550781
1993-08-12,15.0,15.0625,14.6875,15.0625,15.0625,2327800,448.9599914550781
1993-08-13,15.0625,15.125,14.875,15.125,15.125,1142400,450.1400146484375
1993-08-16,14.9375,15.625,14.9375,15.625,15.625,1881000,452.3800048828125
1993-08-17,15.625,16.125,15.625,15.9375,15.9375,3411000,453.1300048828125
1993-08-18,16.1875,16.3125,15.625,15.6875,15.6875,3230200,456.0400085449219
1993-08-19,15.75,16.0625,15.0,15.0,15.0,2714200,456.42999267578125
1993-08-20,15.5,15.6875,15.3125,15.5,15.5,2802800,456.1600036621094
1993-08-23,15.5,15.875,15.25,15.8125,15.8125,1220600,455.2300109863281
1993-08-24,15.625,15.6875,15.5,15.5,15.5,1904200,459.7699890136719
1993-08-25,15.5,15.75,15.1875,15.3125,15.3125,2550000,460.1300048828125
1993-08-26,15.3125,15.5,15.125,15.4375,15.4375,2373400,461.0400085449219
1993-08-27,15.25,15.6875,15.1875,15.625,15.625,1193000,460.5400085449219
1993-08-30,15.625,15.8125,15.5625,15.75,15.75,878200,461.8999938964844
1993-08-31,15.875,16.25,15.875,16.1875,16.1875,2652600,463.55999755859375
1993-09-01,16.0,16.125,15.8125,15.8125,15.8125,1276400,463.1499938964844
1993-09-02,15.625,15.75,15.3125,15.5,15.5,1747000,461.29998779296875
1993-09-03,15.5625,15.6875,14.25,14.5,14.5,8231800,461.3399963378906
1993-09-07,13.75,13.9375,13.5625,13.8125,13.8125,4479000,458.5199890136719
1993-09-08,13.9375,14.25,13.0,13.6875,13.6875,3704800,456.6499938964844
1993-09-09,13.5625,14.0625,13.5,13.875,13.875,2849800,457.5
1993-09-10,14.125,14.375,13.9375,14.25,14.25,1508600,461.7200012207031
1993-09-13,14.375,14.5625,14.125,14.1875,14.1875,1097000,462.05999755859375
1993-09-14,13.9375,13.9375,13.75,13.875,13.875,1449800,459.8999938964844
1993-09-15,13.8125,14.125,13.6875,13.875,13.875,1474800,461.6000061035156
1993-09-16,14.125,14.375,14.0,14.375,14.375,1354600,459.42999267578125
1993-09-17,14.375,14.875,14.375,14.6875,14.6875,2255000,458.8299865722656
1993-09-20,14.6875,15.0625,14.6875,14.875,14.875,1599800,455.04998779296875
1993-09-21,14.8125,14.875,14.125,14.4375,14.4375,1508600,452.95001220703125
1993-09-22,14.5625,15.0625,14.5625,14.9375,14.9375,1407000,456.20001220703125
1993-09-23,15.0,15.3125,15.0,15.0625,15.0625,960400,457.739990234375
1993-09-24,15.0625,15.3125,14.875,15.0,15.0,1074400,457.6300048828125
1993-09-27,15.0,15.125,14.625,14.6875,14.6875,1968200,461.79998779296875
1993-09-28,14.5,15.125,14.125,15.0,15.0,2489400,461.5299987792969
1993-09-29,15.0,15.0,14.0,14.0625,14.0625,3626000,460.1099853515625
1993-09-30,14.125,14.125,13.0,13.1875,13.1875,4096200,458.92999267578125
1993-10-01,13.3125,13.375,12.5,12.9375,12.9375,5579600,461.2799987792969
1993-10-04,13.125,13.375,13.0,13.375,13.375,4936400,461.3399963378906
1993-10-05,12.5625,13.0625,10.6875,11.0,11.0,1682000,461.20001220703125
1993-10-06,10.9375,10.9375,10.375,10.5,10.5,10692800,460.739990234375
1993-10-07,10.5,10.5625,10.0625,10.375,10.375,6984200,459.17999267578125
1993-10-08,10.5,10.625,10.0,10.25,10.25,6300600,460.30999755859375
1993-10-11,10.375,10.5625,10.0625,10.0625,10.0625,4376800,460.8800048828125
1993-10-12,10.375,10.4375,10.1875,10.1875,10.1875,3010600,461.1199951171875
1993-10-13,10.125,10.5,10.0,10.0625,10.0625,2981800,461.489990234375
1993-10-14,10.0625,10.1875,9.75,9.9375,9.9375,3260600,466.8299865722656
1993-10-15,10.1875,10.375,10.0625,10.125,10.125,3329200,469.5
1993-10-18,10.25,10.375,10.0625,10.0625,10.0625,1531200,468.45001220703125
1993-10-19,10.0625,10.25,9.6875,9.75,9.75,3164200,466.2099914550781
1993-10-20,9.75,9.9375,9.375,9.4375,9.4375,2230600,466.07000732421875
1993-10-21,9.4375,10.0,8.9375,9.9375,9.9375,4341000,465.3599853515625
1993-10-22,10.0625,10.25,9.875,10.0,10.0,2317000,463.2699890136719
1993-10-25,9.875,10.125,9.8125,9.875,9.875,2236200,464.20001220703125
1993-10-26,9.9375,9.9375,9.5,9.6875,9.6875,3151200,464.29998779296875
1993-10-27,9.75,10.0625,9.6875,9.9375,9.9375,2614800,464.6099853515625
1993-10-28,9.625,9.875,9.625,9.875,9.875,4515400,467.7300109863281
1993-10-29,9.875,10.125,9.75,9.875,9.875,1815600,467.8299865722656
1993-11-01,10.0,10.25,10.0,10.1875,10.1875,1625200,469.1000061035156
1993-11-02,10.1875,10.25,10.0,10.125,10.125,1635400,468.44000244140625
1993-11-03,10.0,10.0,9.6875,9.8125,9.8125,2234400,463.0199890136719
1993-11-04,9.8125,9.9375,9.375,9.4375,9.4375,1576600,457.489990234375
1993-11-05,9.4375,9.75,9.375,9.625,9.625,1408200,459.57000732421875
1993-11-08,9.6875,9.6875,9.4375,9.5,9.5,990800,460.2099914550781
1993-11-09,9.6875,9.6875,9.375,9.4375,9.4375,999600,460.3299865722656
1993-11-10,9.75,9.9375,9.5625,9.8125,9.8125,2258600,463.7200012207031
1993-11-11,9.875,10.125,9.8125,10.0,10.0,1953600,462.6400146484375
1993-11-12,10.0,10.0625,9.875,9.875,9.875,1170800,465.3900146484375
1993-11-15,9.875,10.125,9.875,10.0,10.0,947200,463.75
1993-11-16,10.0625,10.0625,9.625,9.8125,9.8125,1888200,466.739990234375
1993-11-17,9.75,9.8125,9.4375,9.5,9.5,1319400,464.80999755859375
1993-11-18,9.4375,9.5,9.125,9.125,9.125,2713800,463.6199951171875
1993-11-19,9.0625,9.5625,9.0625,9.25,9.25,3410600,462.6000061035156
1993-11-22,9.25,9.375,8.9375,9.125,9.125,2303200,459.1300048828125
1993-11-23,9.1875,9.3125,9.0,9.25,9.25,2105400,461.0299987792969
1993-11-24,9.375,9.625,9.25,9.5,9.5,2414000,462.3599853515625
1993-11-26,9.625,9.6875,9.5,9.5625,9.5625,311800,463.05999755859375
1993-11-29,9.625,9.75,9.4375,9.4375,9.4375,1276200,461.8999938964844
1993-11-30,9.4375,9.5625,9.375,9.5,9.5,1029000,461.7900085449219
1993-12-01,9.5625,9.6875,9.4375,9.4375,9.4375,1411200,461.8900146484375
1993-12-02,9.5,9.5,9.1875,9.3125,9.3125,1741400,463.1099853515625
1993-12-03,9.375,9.4375,9.25,9.25,9.25,1124400,464.8900146484375
1993-12-06,9.1875,9.1875,8.8125,8.875,8.875,2659600,466.42999267578125
1993-12-07,8.8125,9.125,8.6875,9.0625,9.0625,2383800,466.760009765625
1993-12-08,9.125,9.1875,8.9375,9.0625,9.0625,1036400,466.2900085449219
1993-12-09,8.9375,9.125,8.75,8.8125,8.8125,1901400,464.17999267578125
1993-12-10,8.8125,8.875,8.6875,8.8125,8.8125,1230000,463.92999267578125
1993-12-13,8.9375,9.0625,8.8125,9.0625,9.0625,1057600,465.70001220703125
1993-12-14,9.125,9.1875,8.875,9.0,9.0,1161000,463.05999755859375
1993-12-15,9.0,9.125,8.9375,9.0,9.0,883800,461.8399963378906
1993-12-16,9.0625,9.125,8.8125,8.8125,8.8125,963600,463.3399963378906
1993-12-17,8.875,9.0,8.8125,8.9375,8.9375,1173200,466.3800048828125
1993-12-20,9.0625,9.0625,8.8125,8.875,8.875,1062600,465.8500061035156
1993-12-21,8.625,8.6875,8.5,8.5625,8.5625,1791400,465.29998779296875
1993-12-22,8.625,8.8125,8.625,8.6875,8.6875,1505600,467.32000732421875
1993-12-23,8.6875,8.8125,8.5625,8.6875,8.6875,1838400,467.3800048828125
1993-12-27,8.6875,8.875,8.625,8.75,8.75,781800,470.5400085449219
1993-12-28,8.8125,9.125,8.8125,9.0625,9.0625,1678600,470.94000244140625
1993-12-29,8.875,8.9375,8.8125,8.875,8.875,917600,470.5799865722656
1993-12-30,8.8125,9.0,8.75,8.875,8.875,1081600,468.6400146484375
1993-12-31,8.875,9.0625,8.875,8.875,8.875,1021400,466.45001220703125
1994-01-03,8.875,9.0,8.875,8.9375,8.9375,999400,465.44000244140625
1994-01-04,8.9375,9.125,8.9375,9.125,9.125,1065800,466.8900146484375
1994-01-05,9.125,9.25,9.0,9.0625,9.0625,1698200,467.54998779296875
1994-01-06,9.0625,9.125,8.6875,9.125,9.125,2352800,467.1199951171875
1994-01-07,8.4375,9.1875,8.375,9.1875,9.1875,6259600,469.8999938964844
1994-01-10,9.1875,9.1875,8.875,9.0625,9.0625,2314600,475.2699890136719
1994-01-11,9.125,9.125,8.8125,8.875,8.875,1121800,474.1300048828125
1994-01-12,9.0,9.0625,8.875,8.9375,8.9375,1854800,474.1700134277344
1994-01-13,8.875,9.0625,8.875,9.0625,9.0625,1356600,472.4700012207031
1994-01-14,9.0625,9.4375,9.0625,9.4375,9.4375,1812200,474.9100036621094
1994-01-17,9.375,9.8125,9.375,9.75,9.75,2524800,473.29998779296875
1994-01-18,9.75,9.875,9.6875,9.75,9.75,2221600,474.25
1994-01-19,9.625,9.6875,9.4375,9.5625,9.5625,1523800,474.29998779296875
1994-01-20,9.625,9.625,9.3125,9.375,9.375,605000,474.9800109863281
1994-01-21,9.4375,9.625,9.25,9.625,9.625,1056000,474.7200012207031
1994-01-24,9.5625,10.3125,9.5,10.25,10.25,3764200,471.9700012207031
1994-01-25,10.5,10.5,10.0,10.0,10.0,2290600,470.9200134277344
1994-01-26,10.4375,10.6875,10.25,10.3125,10.3125,3204800,473.20001220703125
1994-01-27,10.4375,10.5,10.125,10.375,10.375,2395800,477.04998779296875
1994-01-28,10.375,10.375,10.1875,10.1875,10.1875,993000,478.70001220703125
1994-01-31,10.3125,10.375,10.1875,10.25,10.25,1577000,481.6099853515625
1994-02-01,10.1875,10.1875,10.0625,10.125,10.125,761200,479.6199951171875
1994-02-02,10.25,10.375,10.125,10.3125,10.3125,1217400,482.0
1994-02-03,10.3125,10.4375,10.1875,10.4375,10.4375,1434400,480.7099914550781
1994-02-04,10.4375,10.4375,10.0625,10.1875,10.1875,2424000,469.80999755859375
1994-02-07,10.125,10.25,10.0625,10.1875,10.1875,1584800,471.760009765625
1994-02-08,10.25,11.0625,10.1875,11.0,11.0,3217400,471.04998779296875
1994-02-09,10.9375,11.125,10.8125,10.9375,10.9375,2998400,472.7699890136719
1994-02-10,11.0,11.0,10.75,10.875,10.875,1378000,468.92999267578125
1994-02-11,10.75,10.8125,10.5,10.625,10.625,623800,470.17999267578125
1994-02-14,10.75,10.75,10.5625,10.6875,10.6875,805600,470.2300109863281
1994-02-15,10.6875,11.0,10.625,10.9375,10.9375,1387800,472.5199890136719
1994-02-16,11.0,11.0,10.75,10.875,10.875,852400,472.7900085449219
1994-02-17,10.9375,11.25,10.875,11.0,11.0,1442200,470.3399963378906
1994-02-18,11.0,11.0,10.75,10.875,10.875,811800,467.69000244140625
1994-02-22,10.8125,10.9375,10.75,10.875,10.875,868800,471.4599914550781
1994-02-23,10.875,11.1875,10.875,10.9375,10.9375,1263000,470.69000244140625
1994-02-24,10.9375,10.9375,10.5,10.75,10.75,1363600,464.260009765625
1994-02-25,10.8125,10.875,10.5625,10.625,10.625,710200,466.07000732421875
1994-02-28,10.6875,10.8125,10.6875,10.75,10.75,498600,467.1400146484375
1994-03-01,10.75,10.875,10.6875,10.875,10.875,832000,464.44000244140625
1994-03-02,10.75,10.9375,10.625,10.875,10.875,2365000,464.80999755859375
1994-03-03,10.875,11.875,10.875,11.75,11.75,3274200,463.010009765625
1994-03-04,11.8125,12.0625,11.3125,11.6875,11.6875,3526400,464.739990234375
1994-03-07,11.5625,11.6875,11.3125,11.3125,11.3125,3256400,466.9100036621094
1994-03-08,11.125,11.1875,10.625,10.75,10.75,2756600,465.8800048828125
1994-03-09,11.0625,11.625,11.0625,11.375,11.375,2927000,467.05999755859375
1994-03-10,11.5,14.625,11.0625,14.4375,14.4375,8273400,463.8999938964844
1994-03-11,14.4375,14.5,13.9375,14.125,14.125,21373600,466.44000244140625
1994-03-14,14.0,14.25,13.75,13.875,13.875,4865800,467.3900146484375
1994-03-15,14.1875,14.5625,14.125,14.3125,14.3125,5306800,467.010009765625
1994-03-16,14.375,14.875,14.375,14.75,14.75,5640000,469.4200134277344
1994-03-17,14.75,14.8125,14.5,14.8125,14.8125,2666200,470.8999938964844
1994-03-18,14.8125,15.125,14.75,14.875,14.875,4991000,471.05999755859375
1994-03-21,14.875,15.5,14.6875,15.4375,15.4375,4381800,468.5400085449219
1994-03-22,15.4375,15.875,15.375,15.625,15.625,4391800,468.79998779296875
1994-03-23,15.625,15.625,15.3125,15.375,15.375,2300600,468.5400085449219
1994-03-24,15.125,15.3125,14.75,15.0,15.0,2636200,464.3500061035156
1994-03-25,15.125,15.1875,14.6875,14.8125,14.8125,2612200,460.5799865722656
1994-03-28,14.8125,14.8125,13.875,14.5625,14.5625,4231400,460.0
1994-03-29,14.875,14.875,14.625,14.625,14.625,4552400,452.4800109863281
1994-03-30,14.75,15.5,14.6875,15.4375,15.4375,4935600,445.54998779296875
1994-03-31,15.5625,15.75,14.375,15.625,15.625,4938400,445.7699890136719
1994-04-04,15.3125,15.8125,14.875,15.5,15.5,5397200,438.9200134277344
1994-04-05,15.5,15.875,14.9375,15.125,15.125,5006200,448.2900085449219
1994-04-06,15.1875,15.1875,14.375,14.625,14.625,3113000,448.04998779296875
1994-04-07,14.6875,14.6875,14.0625,14.25,14.25,3524200,450.8800048828125
1994-04-08,14.1875,14.1875,13.8125,14.0,14.0,2726400,447.1000061035156
1994-04-11,13.875,14.0,13.6875,13.8125,13.8125,2289800,449.8699951171875
1994-04-12,13.5,13.5,12.75,12.8125,12.8125,3878400,447.57000732421875
1994-04-13,12.9375,13.0,12.5625,12.75,12.75,2080800,446.260009765625
1994-04-14,12.375,12.84375,12.375,12.5625,12.5625,1666400,446.3800048828125
1994-04-15,12.3125,12.4375,11.9375,12.0,12.0,2479000,446.17999267578125
1994-04-18,12.1875,12.3125,11.75,12.0,12.0,1798400,442.4599914550781
1994-04-19,12.125,12.25,11.375,11.8125,11.8125,2239200,442.5400085449219
1994-04-20,11.9375,12.0625,11.6875,12.0,12.0,1757800,441.9599914550781
1994-04-21,12.125,12.9375,12.125,12.8125,12.8125,3995800,448.7300109863281
1994-04-22,13.0,13.0625,12.5,12.75,12.75,1664400,447.6300048828125
1994-04-25,12.6875,12.9375,12.6875,12.875,12.875,659000,452.7099914550781
1994-04-26,13.5,13.625,13.3125,13.4375,13.4375,2061400,451.8699951171875
1994-04-28,13.5625,13.6875,12.875,13.0,13.0,2086000,449.1000061035156
1994-04-29,12.9375,13.25,12.75,13.1875,13.1875,1873800,450.9100036621094
1994-05-02,13.1875,13.625,13.0,13.375,13.375,1313600,453.0199890136719
1994-05-03,13.125,13.125,12.5625,12.9375,12.9375,3369800,453.0299987792969
1994-05-04,12.9375,13.0625,12.625,12.625,12.625,1219200,451.7200012207031
1994-05-05,12.6875,12.75,12.4375,12.5,12.5,1213000,451.3800048828125
1994-05-06,12.25,12.4375,12.1875,12.25,12.25,1245000,447.82000732421875
1994-05-09,12.125,12.40625,12.0625,12.375,12.375,1276200,442.32000732421875
1994-05-10,12.625,12.6875,12.5,12.625,12.625,1536600,446.010009765625
1994-05-11,12.625,12.6875,12.0,12.0625,12.0625,2489000,441.489990234375
1994-05-12,12.1875,12.1875,11.875,11.875,11.875,1348000,443.75
1994-05-13,11.875,12.0,11.3125,11.875,11.875,2556600,444.1400146484375
1994-05-16,11.9375,12.0,11.75,11.8125,11.8125,774200,444.489990234375
1994-05-17,11.875,11.9375,11.4375,11.8125,11.8125,1683000,449.3699951171875
1994-05-18,12.0,12.625,12.0,12.4375,12.4375,1416600,453.69000244140625
1994-05-19,12.5,13.0625,12.4375,12.8125,12.8125,1504000,456.4800109863281
1994-05-20,12.875,12.875,12.5625,12.5625,12.5625,917000,454.9200134277344
1994-05-23,12.75,13.0625,12.6875,12.9375,12.9375,1719600,453.20001220703125
1994-05-24,13.0,13.5,12.9375,13.5,13.5,2896800,454.80999755859375
1994-05-25,13.3125,13.5625,13.125,13.5,13.5,1518400,456.3399963378906
1994-05-26,13.5,13.5,13.1875,13.375,13.375,756400,457.05999755859375
1994-05-27,13.25,13.3125,13.0,13.125,13.125,628400,457.3299865722656
1994-05-31,12.9375,13.5625,12.875,13.5,13.5,998200,456.5
1994-06-01,13.6875,14.4375,13.6875,14.4375,14.4375,3846000,457.6300048828125
1994-06-02,14.5625,14.8125,14.5,14.5625,14.5625,2466400,457.6499938964844
1994-06-03,14.6875,14.8125,14.125,14.125,14.125,2361200,460.1300048828125
1994-06-06,14.25,14.375,13.9375,14.0,14.0,1371000,458.8800048828125
1994-06-07,13.9375,14.1875,13.8125,13.875,13.875,841000,458.2099914550781
1994-06-08,13.6875,13.75,12.875,13.1875,13.1875,2300000,457.05999755859375
1994-06-09,13.1875,13.1875,12.875,13.0625,13.0625,1606200,457.8599853515625
1994-06-10,13.1875,13.5,13.125,13.4375,13.4375,1362200,458.6700134277344
1994-06-13,13.4375,13.625,13.25,13.3125,13.3125,1464600,459.1000061035156
1994-06-14,13.25,13.6875,13.25,13.4375,13.4375,961800,462.3699951171875
1994-06-15,13.375,13.5625,13.0625,13.25,13.25,1017800,460.6099853515625
1994-06-16,13.1875,13.4375,12.9375,13.0,13.0,1298000,461.92999267578125
1994-06-17,13.0,13.1875,12.8125,13.0,13.0,962200,458.45001220703125
1994-06-20,12.8125,13.0,12.6875,12.75,12.75,705200,455.4800109863281
1994-06-21,12.625,12.6875,12.125,12.375,12.375,1494200,451.3399963378906
1994-06-22,12.5,12.9375,12.4375,12.875,12.875,976600,453.0899963378906
1994-06-23,12.75,12.875,12.3125,12.3125,12.3125,849600,449.6300048828125
1994-06-24,12.125,12.3125,11.875,12.1875,12.1875,2379800,442.79998779296875
1994-06-27,12.0,12.8125,12.0,12.75,12.75,782400,447.30999755859375
1994-06-28,12.6875,13.0625,12.5625,13.0625,13.0625,1699200,446.07000732421875
1994-06-29,13.0,13.3125,12.9375,13.25,13.25,2257000,447.6300048828125
1994-06-30,13.3125,13.4375,12.375,12.5,12.5,2804800,444.2699890136719
1994-07-01,12.375,13.0625,12.0625,13.0,13.0,3050000,446.20001220703125
1994-07-05,13.0,13.1875,12.875,12.9375,12.9375,951600,446.3699951171875
1994-07-06,12.75,12.8125,12.4375,12.5,12.5,1025600,446.1300048828125
1994-07-07,12.625,13.1875,12.5625,13.1875,13.1875,961800,448.3800048828125
1994-07-08,13.0625,13.6875,13.0,13.375,13.375,2148200,449.54998779296875
1994-07-11,13.5,13.5,13.25,13.5,13.5,1249200,448.05999755859375
1994-07-12,13.25,13.4375,13.125,13.375,13.375,996800,447.95001220703125
1994-07-13,13.4375,13.4375,13.0625,13.25,13.25,1566000,448.7300109863281
1994-07-14,13.3125,13.5,13.0,13.0,13.0,1437600,453.4100036621094
1994-07-15,13.0,13.1875,12.5,12.6875,12.6875,1682400,454.1600036621094
1994-07-18,12.625,12.9375,12.5625,12.75,12.75,995800,455.2200012207031
1994-07-19,12.75,12.75,12.375,12.375,12.375,934400,453.8599853515625
1994-07-20,12.4375,12.4375,12.1875,12.3125,12.3125,1711400,451.6000061035156
1994-07-21,12.25,13.0,12.25,12.9375,12.9375,2212600,452.6099853515625
1994-07-22,12.875,13.0625,12.75,12.9375,12.9375,968600,453.1099853515625
1994-07-25,12.9375,12.9375,12.625,12.75,12.75,942800,454.25
1994-07-26,12.75,12.8125,12.75,12.8125,12.8125,604600,453.3599853515625
1994-07-27,12.8125,13.0,12.75,12.8125,12.8125,589200,452.57000732421875
1994-07-28,12.875,13.0625,12.875,12.875,12.875,551600,454.239990234375
1994-07-29,12.9375,13.5,12.875,13.5,13.5,1697600,458.260009765625
1994-08-01,13.4375,13.5625,13.3125,13.5,13.5,740400,461.010009765625
1994-08-02,13.625,13.6875,13.3125,13.4375,13.4375,804400,460.55999755859375
1994-08-03,13.375,13.4375,13.3125,13.4375,13.4375,780000,461.45001220703125
1994-08-04,13.5,13.5,13.1875,13.1875,13.1875,777800,458.3999938964844
1994-08-05,13.125,13.3125,13.0,13.3125,13.3125,406200,457.0899963378906
1994-08-08,13.25,13.625,13.125,13.5625,13.5625,979200,457.8900146484375
1994-08-09,13.6875,13.875,13.6875,13.8125,13.8125,1280000,457.9200134277344
1994-08-10,13.75,14.3125,13.75,14.0625,14.0625,1444600,460.29998779296875
1994-08-11,13.875,14.0625,13.875,14.0625,14.0625,1212600,458.8800048828125
1994-08-12,14.125,14.1875,14.0625,14.1875,14.1875,1706600,461.94000244140625
1994-08-15,14.1875,14.25,14.0625,14.125,14.125,579800,461.2300109863281
1994-08-16,14.0,14.125,13.9375,14.0,14.0,987800,465.010009765625
1994-08-17,14.0625,14.375,14.0625,14.375,14.375,1059800,465.1700134277344
1994-08-18,14.375,14.375,14.1875,14.25,14.25,686800,463.1700134277344
1994-08-19,14.3125,14.5,14.1875,14.375,14.375,972400,463.67999267578125
1994-08-22,14.25,14.4375,14.1875,14.375,14.375,706400,462.32000732421875
1994-08-23,14.375,14.6875,14.3125,14.5,14.5,1734200,464.510009765625
1994-08-24,14.5625,14.6875,14.4375,14.5625,14.5625,1157200,469.0299987792969
1994-08-25,14.5625,14.8125,14.5,14.5625,14.5625,1803400,468.0799865722656
1994-08-26,14.625,14.8125,14.5625,14.6875,14.6875,1791600,473.79998779296875
1994-08-29,14.6875,14.9375,14.4375,14.5,14.5,1267400,474.5899963378906
1994-08-30,14.4375,14.75,14.3125,14.75,14.75,1120000,476.07000732421875
1994-08-31,14.4375,14.75,14.375,14.5,14.5,1942200,475.489990234375
1994-09-01,13.75,13.875,13.6875,13.75,13.75,4270000,473.1700134277344
1994-09-02,13.875,14.125,13.6875,14.0625,14.0625,1126000,470.989990234375
1994-09-06,14.0625,14.1875,13.875,13.9375,13.9375,631000,471.8599853515625
1994-09-07,13.875,13.9375,13.6875,13.8125,13.8125,1662800,470.989990234375
1994-09-08,13.75,14.0625,13.75,14.0625,14.0625,929000,473.1400146484375
1994-09-09,13.9375,14.0,13.8125,13.9375,13.9375,602000,468.17999267578125
1994-09-12,13.875,14.0,13.6875,13.75,13.75,990200,466.2099914550781
1994-09-13,14.125,14.25,14.0625,14.1875,14.1875,954600,467.510009765625
1994-09-14,14.3125,14.625,14.25,14.5,14.5,1612800,468.79998779296875
1994-09-15,14.5,14.875,14.5,14.6875,14.6875,1151000,474.80999755859375
1994-09-16,14.75,15.0,14.25,15.0,15.0,3040000,471.19000244140625
1994-09-19,15.0625,15.5,15.0,15.0,15.0,3378000,470.8500061035156
1994-09-20,14.9375,15.125,14.8125,14.8125,14.8125,1649600,463.3599853515625
1994-09-21,14.8125,14.875,14.25,14.5625,14.5625,1751000,461.4599914550781
1994-09-22,14.5625,15.125,14.5625,14.875,14.875,954000,461.2699890136719
1994-09-23,15.0,15.1875,14.9375,15.0,15.0,1448400,459.6700134277344
1994-09-26,14.9375,14.9375,14.5,14.75,14.75,825200,460.82000732421875
1994-09-27,14.75,15.0,14.625,14.8125,14.8125,1094400,462.04998779296875
1994-09-28,15.125,15.25,14.9375,15.0,15.0,1567400,464.8399963378906
1994-09-29,15.0,15.0,14.625,14.8125,14.8125,1272400,462.239990234375
1994-09-30,14.9375,14.9375,14.8125,14.875,14.875,1361400,462.7099914550781
1994-10-03,15.125,15.1875,13.1875,13.25,13.25,11556000,461.739990234375
1994-10-04,13.375,13.5625,12.5,12.5625,12.5625,6457400,454.5899963378906
1994-10-05,12.5,12.625,12.1875,12.625,12.625,5441200,453.5199890136719
1994-10-06,12.625,12.75,12.25,12.25,12.25,2175200,452.3599853515625
1994-10-07,12.3125,12.5,12.0625,12.3125,12.3125,2582200,455.1000061035156
1994-10-10,12.5,12.625,12.3125,12.625,12.625,2241000,459.0400085449219
1994-10-11,12.125,12.75,12.0625,12.3125,12.3125,4537800,465.7900085449219
1994-10-12,12.4375,12.4375,11.3125,11.75,11.75,8575000,465.4700012207031
1994-10-13,11.8125,11.9375,11.5625,11.625,11.625,5624200,467.7900085449219
1994-10-14,11.375,11.4375,11.125,11.375,11.375,5075600,469.1000061035156
1994-10-17,11.4375,11.8125,11.3125,11.8125,11.8125,3765400,468.9599914550781
1994-10-18,11.875,12.0,11.6875,11.6875,11.6875,1394200,467.6600036621094
1994-10-19,11.6875,11.8125,11.5,11.5625,11.5625,2482000,470.2799987792969
1994-10-20,11.625,11.75,11.375,11.75,11.75,2063000,466.8500061035156
1994-10-21,11.75,11.875,11.375,11.875,11.875,3003000,464.8900146484375
1994-10-24,12.1875,12.5625,12.125,12.3125,12.3125,3431200,460.8299865722656
1994-10-25,12.1875,12.25,12.0,12.125,12.125,1612200,461.5299987792969
1994-10-26,12.1875,12.3125,12.0,12.25,12.25,912800,462.6199951171875
1994-10-27,12.375,12.9375,12.3125,12.9375,12.9375,3517600,465.8500061035156
1994-10-28,12.875,13.375,12.6875,13.1875,13.1875,4620600,473.7699890136719
1994-10-31,13.125,13.375,12.8125,13.1875,13.1875,2447400,472.3500061035156
1994-11-01,13.125,13.125,12.75,12.875,12.875,1798000,468.4200134277344
1994-11-02,12.8125,13.3125,12.8125,13.1875,13.1875,2479200,466.510009765625
1994-11-03,13.1875,13.3125,13.125,13.1875,13.1875,814200,467.9100036621094
1994-11-04,13.375,13.375,13.0,13.0,13.0,1899400,462.2799987792969
1994-11-07,13.0,13.0,12.75,12.8125,12.8125,979800,463.07000732421875
1994-11-08,12.875,13.0,12.8125,12.875,12.875,608800,465.6499938964844
1994-11-09,13.0,13.125,12.875,12.9375,12.9375,1149200,465.3999938964844
1994-11-10,12.625,12.6875,12.1875,12.375,12.375,1257000,464.3699951171875
1994-11-11,12.375,12.5,12.0625,12.25,12.25,2178600,462.3500061035156
1994-11-14,12.1875,12.375,12.1875,12.25,12.25,1532800,466.0400085449219
1994-11-15,12.25,12.625,12.25,12.375,12.375,1641600,465.0299987792969
1994-11-16,12.25,12.5,12.25,12.3125,12.3125,1046400,465.6199951171875
1994-11-17,12.25,12.4375,12.0625,12.4375,12.4375,1724400,463.57000732421875
1994-11-18,12.375,12.625,12.3125,12.625,12.625,1693800,461.4700012207031
1994-11-21,12.75,13.0625,12.6875,12.8125,12.8125,2440200,458.29998779296875
1994-11-22,12.8125,12.9375,12.4375,12.4375,12.4375,2240600,450.0899963378906
1994-11-23,12.5,12.625,12.125,12.375,12.375,2478000,449.92999267578125
1994-11-25,12.5,12.625,12.5,12.625,12.625,444800,452.2900085449219
1994-11-28,12.75,12.8125,12.5625,12.6875,12.6875,1713600,454.1600036621094
1994-11-29,12.875,12.9375,12.625,12.6875,12.6875,1344600,455.1700134277344
1994-11-30,12.75,12.875,12.5625,12.625,12.625,1377600,453.69000244140625
1994-12-01,12.5625,12.875,12.375,12.4375,12.4375,1494600,448.9200134277344
1994-12-02,12.375,12.5625,12.375,12.5,12.5,493000,453.29998779296875
1994-12-05,12.5,12.5625,12.375,12.5625,12.5625,1212600,453.32000732421875
1994-12-06,12.5,12.5625,12.25,12.3125,12.3125,1078000,453.1099853515625
1994-12-07,12.1875,12.3125,12.0,12.0,12.0,1158800,451.2300109863281
1994-12-08,12.125,12.125,11.75,11.75,11.75,1638000,445.45001220703125
1994-12-09,11.8125,12.0625,11.5625,11.875,11.875,1246200,446.9599914550781
1994-12-12,11.8125,12.125,11.625,11.625,11.625,1988400,449.4700012207031
1994-12-13,11.625,11.75,11.3125,11.375,11.375,2582400,450.1499938964844
1994-12-14,11.4375,11.6875,11.1875,11.6875,11.6875,2051000,454.9700012207031
1994-12-15,11.9375,11.9375,11.75,11.8125,11.8125,613400,455.3399963378906
1994-12-16,12.0,12.0,11.5625,11.5625,11.5625,1456800,458.79998779296875
1994-12-19,11.6875,11.6875,11.25,11.25,11.25,2169200,457.9100036621094
1994-12-20,11.25,11.5,11.25,11.4375,11.4375,2323400,457.1000061035156
1994-12-21,11.4375,11.625,11.375,11.4375,11.4375,2167800,459.6099853515625
1994-12-22,11.4375,11.5,11.375,11.4375,11.4375,917800,459.67999267578125
1994-12-23,11.5,11.5625,11.375,11.4375,11.4375,457200,459.8299865722656
1994-12-27,11.75,12.0,11.75,12.0,12.0,2394600,462.4700012207031
1994-12-28,12.0,12.25,11.9375,12.0625,12.0625,1403600,460.8599853515625
1994-12-29,12.1875,12.4375,12.1875,12.375,12.375,2149600,461.1700134277344
1994-12-30,12.375,12.5,12.25,12.4375,12.4375,1490200,459.2699890136719
1995-01-03,12.625,12.75,12.4375,12.5,12.5,1197200,459.1099853515625
1995-01-04,12.625,12.875,12.5,12.8125,12.8125,2357200,460.7099914550781
1995-01-05,12.75,12.875,12.6875,12.75,12.75,1332400,460.3399963378906
1995-01-06,12.8125,13.9375,12.5,13.9375,13.9375,9025600,460.67999267578125
1995-01-09,14.375,14.5625,14.25,14.4375,14.4375,5674800,460.8299865722656
1995-01-10,14.375,14.6875,14.375,14.5625,14.5625,3636200,461.67999267578125
1995-01-11,14.625,14.625,14.0625,14.3125,14.3125,2165800,461.6600036621094
1995-01-12,14.875,16.0,14.75,15.875,15.875,11506400,461.6400146484375
1995-01-13,15.75,15.875,15.5,15.75,15.75,3670800,465.9700012207031
1995-01-16,15.6875,16.0625,15.625,15.9375,15.9375,2420000,469.3800048828125
1995-01-17,15.9375,16.125,15.625,15.75,15.75,3152400,470.04998779296875
1995-01-18,15.875,16.125,15.75,16.0625,16.0625,4681200,469.7099914550781
1995-01-19,15.9375,16.0625,15.8125,16.0,16.0,3259400,466.95001220703125
1995-01-20,15.9375,16.0,15.625,15.6875,15.6875,2075600,464.7799987792969
1995-01-23,15.25,15.4375,15.1875,15.375,15.375,2489200,465.82000732421875
1995-01-24,15.3125,15.625,15.3125,15.625,15.625,1057600,465.8599853515625
1995-01-25,15.25,15.375,15.0,15.25,15.25,3687000,467.44000244140625
1995-01-26,15.25,15.375,15.0625,15.0625,15.0625,2047000,468.32000732421875
1995-01-27,15.125,15.25,14.75,15.125,15.125,1649200,470.3900146484375
1995-01-30,15.1875,15.1875,14.8125,14.875,14.875,1468000,468.510009765625
1995-01-31,14.9375,14.9375,14.625,14.6875,14.6875,1098600,470.4200134277344
1995-02-01,14.9375,15.1875,14.8125,15.125,15.125,1449400,470.3999938964844
1995-02-02,15.0625,15.5,14.875,15.4375,15.4375,2026400,472.7900085449219
1995-02-03,15.75,16.0,15.625,15.6875,15.6875,4347400,478.6499938964844
1995-02-06,15.5625,15.875,15.4375,15.8125,15.8125,3121200,481.1400146484375
1995-02-07,15.6875,15.6875,15.25,15.25,15.25,1962000,480.80999755859375
1995-02-08,15.4375,15.5625,15.1875,15.3125,15.3125,2710200,481.19000244140625
1995-02-09,15.625,15.75,15.4375,15.625,15.625,3951400,480.19000244140625
1995-02-10,15.625,16.0625,15.5,15.75,15.75,3289800,481.4599914550781
1995-02-13,15.8125,15.8125,15.4375,15.5,15.5,954000,481.6499938964844
1995-02-14,15.625,15.625,15.375,15.375,15.375,1591400,482.54998779296875
1995-02-15,15.4375,15.625,15.3125,15.375,15.375,1571200,484.5400085449219
1995-02-16,15.375,15.5625,15.1875,15.5625,15.5625,1967800,485.2200012207031
1995-02-17,15.5,15.5,15.25,15.375,15.375,1216000,481.9700012207031
1995-02-21,15.3125,15.375,14.8125,14.8125,14.8125,3050800,482.7200012207031
1995-02-22,14.9375,15.0625,14.8125,15.0,15.0,1678200,485.07000732421875
1995-02-23,15.125,15.3125,14.75,14.75,14.75,1373400,486.9100036621094
1995-02-24,14.8125,14.9375,14.5,14.875,14.875,1403000,488.1099853515625
1995-02-27,14.8125,15.0625,14.6875,14.75,14.75,1517000,483.80999755859375
1995-02-28,14.6875,15.1875,14.6875,15.1875,15.1875,1384800,487.3900146484375
1995-03-01,15.1875,15.25,14.9375,14.9375,14.9375,1541400,485.6499938964844
1995-03-02,15.0,15.125,14.6875,14.875,14.875,1151000,485.1300048828125
1995-03-03,14.8125,15.875,14.8125,15.75,15.75,3166600,485.4200134277344
1995-03-06,15.6875,17.375,15.5625,17.125,17.125,9912400,485.6300048828125
1995-03-07,17.125,17.5,16.375,16.8125,16.8125,5642800,482.1199951171875
1995-03-08,16.875,17.1875,16.5,16.75,16.75,2762400,483.1400146484375
1995-03-09,17.0,17.125,16.625,17.0625,17.0625,3176600,483.1600036621094
1995-03-10,17.0625,17.125,16.8125,16.9375,16.9375,2108800,489.57000732421875
1995-03-13,16.9375,17.6875,16.875,17.25,17.25,3047800,490.04998779296875
1995-03-14,17.4375,17.8125,17.25,17.4375,17.4375,3481600,492.8900146484375
1995-03-15,17.375,17.4375,17.1875,17.3125,17.3125,1097800,491.8800048828125
1995-03-16,17.375,17.625,17.3125,17.5,17.5,1493400,495.4100036621094
1995-03-17,17.5625,17.5625,17.125,17.25,17.25,1319200,495.5199890136719
1995-03-20,17.1875,17.25,17.125,17.25,17.25,741600,496.1400146484375
1995-03-21,17.25,17.3125,16.875,17.0,17.0,1468000,495.07000732421875
1995-03-22,17.0,17.0,16.5,16.625,16.625,1837600,495.6700134277344
1995-03-23,16.625,17.625,16.625,17.5,17.5,3064200,495.95001220703125
1995-03-24,17.625,17.9375,17.0,17.1875,17.1875,4852600,500.9700012207031
1995-03-27,17.3125,17.4375,17.125,17.4375,17.4375,2280200,503.20001220703125
1995-03-28,17.5,17.6875,17.25,17.375,17.375,1574000,503.8999938964844
1995-03-29,17.3125,17.5,16.75,17.1875,17.1875,2635000,503.1199951171875
1995-03-30,17.1875,17.1875,16.5,17.125,17.125,2694600,502.2200012207031
1995-03-31,16.5,17.125,16.125,16.9375,16.9375,3820000,500.7099914550781
1995-04-03,16.875,17.0625,16.5625,17.0625,17.0625,1735600,501.8500061035156
1995-04-04,17.1875,17.5625,17.1875,17.5,17.5,3392000,505.239990234375
1995-04-05,17.375,17.375,17.0625,17.375,17.375,3282400,505.57000732421875
1995-04-06,17.625,17.6875,17.375,17.6875,17.6875,2760000,506.0799865722656
1995-04-07,17.875,18.4375,17.75,18.4375,18.4375,5294800,506.4200134277344
1995-04-10,18.375,18.375,18.125,18.375,18.375,2732200,507.010009765625
1995-04-11,17.25,17.3125,16.5625,16.75,16.75,9720400,505.5299987792969
1995-04-12,16.8125,17.375,16.8125,17.25,17.25,4792200,507.1700134277344
1995-04-13,17.375,17.5,17.1875,17.4375,17.4375,2628800,509.2300109863281
1995-04-17,17.4375,17.4375,16.6875,16.8125,16.8125,3029000,506.1300048828125
1995-04-18,16.8125,17.0,16.75,16.9375,16.9375,1761600,505.3699951171875
1995-04-19,17.0,17.0,16.25,16.375,16.375,1717400,504.9200134277344
1995-04-20,16.5,16.875,16.3125,16.75,16.75,1447600,505.2900085449219
1995-04-21,16.8125,17.3125,16.75,17.0,17.0,1628800,508.489990234375
1995-04-24,17.0,17.625,17.0,17.4375,17.4375,2791000,512.8900146484375
1995-04-25,17.5625,17.875,17.5,17.5625,17.5625,2902200,512.0999755859375
1995-04-26,17.5,18.25,17.3125,18.125,18.125,2813400,512.6599731445312
1995-04-27,18.1875,18.375,18.125,18.25,18.25,3908800,513.5499877929688
1995-04-28,18.25,18.25,17.6875,18.0,18.0,2539400,514.7100219726562
1995-05-01,17.875,17.875,17.5625,17.625,17.625,1205800,514.260009765625
1995-05-02,17.625,17.625,17.1875,17.375,17.375,1480600,514.8599853515625
1995-05-03,17.3125,17.625,17.0,17.375,17.375,2792600,520.47998046875
1995-05-04,17.375,17.9375,17.125,17.375,17.375,3452000,520.5399780273438
1995-05-05,17.4375,17.5625,17.125,17.3125,17.3125,1525200,520.1199951171875
1995-05-08,17.375,18.0,17.3125,17.6875,17.6875,2539800,523.9600219726562
1995-05-09,18.0,18.3125,17.75,17.9375,17.9375,5067600,523.5599975585938
1995-05-10,18.25,18.5625,17.9375,18.5625,18.5625,4883400,524.3599853515625
1995-05-11,18.5,18.8125,18.25,18.5,18.5,3348400,524.3699951171875
1995-05-12,17.75,18.0625,17.3125,17.8125,17.8125,5175000,525.5499877929688
1995-05-15,17.8125,18.0,17.6875,17.875,17.875,1528000,527.739990234375
1995-05-16,18.0,18.0,17.4375,17.8125,17.8125,3082200,528.1900024414062
1995-05-17,17.8125,18.0,17.4375,17.5625,17.5625,3276400,527.0700073242188
1995-05-18,17.5625,17.9375,17.3125,17.375,17.375,3022600,519.5800170898438
1995-05-19,17.25,17.5,17.1875,17.4375,17.4375,1851200,519.1900024414062
1995-05-22,17.4375,17.6875,17.3125,17.3125,17.3125,1791400,523.6500244140625
1995-05-23,17.4375,17.75,17.3125,17.5625,17.5625,1914800,528.5900268554688
1995-05-24,17.8125,18.0,17.3125,17.4375,17.4375,2780200,528.6099853515625
1995-05-25,17.375,17.5625,16.75,17.0625,17.0625,3183200,528.5900268554688
1995-05-26,16.9375,17.125,16.625,17.0,17.0,1764000,523.6500244140625
1995-05-30,17.0625,17.125,16.25,16.4375,16.4375,2306800,523.5800170898438
1995-05-31,16.3125,16.5625,16.0625,16.5,16.5,1578800,533.4000244140625
1995-06-01,16.3125,17.0,16.3125,16.9375,16.9375,1648800,533.489990234375
1995-06-02,16.8125,17.1875,16.625,17.0625,17.0625,1311200,532.510009765625
1995-06-05,17.375,17.625,17.25,17.3125,17.3125,2361000,535.5999755859375
1995-06-06,17.375,17.375,16.875,17.0,17.0,1761400,535.5499877929688
1995-06-07,16.9375,17.125,16.8125,16.875,16.875,1761800,533.1300048828125
1995-06-08,17.0,17.1875,16.9375,17.1875,17.1875,1158200,532.3499755859375
1995-06-09,17.1875,17.375,17.0,17.1875,17.1875,3282000,527.9400024414062
1995-06-12,17.3125,17.375,17.0625,17.25,17.25,2629200,530.8800048828125
1995-06-13,17.4375,17.75,17.375,17.625,17.625,3267000,536.0499877929688
1995-06-14,17.5625,17.875,17.375,17.875,17.875,2343600,536.469970703125
1995-06-15,18.0,18.125,17.6875,17.6875,17.6875,2863000,537.1199951171875
1995-06-16,17.375,17.625,17.3125,17.375,17.375,2982800,539.8300170898438
1995-06-19,17.4375,18.5,17.375,18.5,18.5,5367800,545.219970703125
1995-06-20,18.6875,18.8125,18.0,18.25,18.25,3690600,544.97998046875
1995-06-21,18.4375,18.625,17.5625,17.6875,17.6875,6438000,543.97998046875
1995-06-22,17.9375,18.5,17.875,18.3125,18.3125,5360600,551.0700073242188
1995-06-23,18.4375,19.625,18.1875,19.4375,19.4375,4859000,549.7100219726562
1995-06-26,19.125,19.4375,18.3125,18.4375,18.4375,6261800,544.1300048828125
1995-06-27,18.5,18.875,18.0625,18.125,18.125,3988600,542.4299926757812
1995-06-28,18.125,18.5625,17.75,18.3125,18.3125,3538600,544.72998046875
1995-06-29,18.375,18.625,18.0625,18.25,18.25,2737400,543.8699951171875
1995-06-30,18.3125,18.4375,18.0625,18.25,18.25,2772600,544.75
1995-07-03,18.1875,18.1875,18.0,18.125,18.125,1105600,547.0900268554688
1995-07-05,18.125,18.125,17.125,17.6875,17.6875,5754800,547.260009765625
1995-07-06,17.6875,17.75,17.125,17.6875,17.6875,8040400,553.989990234375
1995-07-07,17.75,18.125,17.375,17.75,17.75,5755800,556.3699951171875
1995-07-10,17.8125,18.25,17.0,17.0625,17.0625,6891200,557.1900024414062
1995-07-11,16.875,17.375,16.5,17.1875,17.1875,11086000,554.780029296875
1995-07-12,17.5,17.9375,17.375,17.875,17.875,6315800,560.8900146484375
1995-07-13,17.5625,17.6875,17.3125,17.4375,17.4375,5745600,561.0
1995-07-14,17.0625,17.4375,17.0,17.4375,17.4375,4867600,559.8900146484375
1995-07-17,17.5625,17.6875,17.125,17.1875,17.1875,3377600,562.719970703125
1995-07-18,17.125,17.125,16.6875,16.875,16.875,4557800,558.4600219726562
1995-07-19,16.4375,16.5625,15.1875,16.3125,16.3125,7417000,550.97998046875
1995-07-20,16.25,16.4375,16.0,16.3125,16.3125,3156600,553.5399780273438
1995-07-21,16.1875,16.4375,16.0625,16.125,16.125,2335800,553.6199951171875
1995-07-24,16.125,16.75,16.125,16.75,16.75,2183400,556.6300048828125
1995-07-25,17.0,17.0625,16.75,16.8125,16.8125,2504600,561.0999755859375
1995-07-26,16.9375,17.0,16.4375,16.5625,16.5625,3175600,561.6099853515625
1995-07-27,16.5625,16.9375,16.4375,16.75,16.75,1785000,565.219970703125
1995-07-28,16.75,16.875,16.5625,16.625,16.625,1211400,562.9299926757812
1995-07-31,16.6875,16.6875,16.3125,16.3125,16.3125,1005400,562.0599975585938
1995-08-01,16.3125,16.3125,15.8125,15.8125,15.8125,2261400,559.6400146484375
1995-08-02,16.0625,16.1875,15.5,15.5,15.5,2257400,558.7999877929688
1995-08-03,15.375,16.125,15.25,15.875,15.875,3300600,558.75
1995-08-04,15.6875,16.0,15.6875,16.0,16.0,1362400,558.9400024414062
1995-08-07,16.0625,16.25,16.0,16.125,16.125,1420200,560.030029296875
1995-08-08,16.1875,16.25,16.0625,16.125,16.125,1106000,560.3900146484375
1995-08-09,16.4375,16.5625,16.25,16.5,16.5,1976200,559.7100219726562
1995-08-10,16.5625,16.75,16.375,16.5,16.5,2468800,557.4500122070312
1995-08-11,16.75,16.875,16.5,16.75,16.75,1522200,555.1099853515625
1995-08-14,16.8125,17.3125,16.75,17.25,17.25,1912000,559.739990234375
1995-08-15,17.4375,17.4375,17.0625,17.25,17.25,2583200,558.5700073242188
1995-08-16,17.4375,17.9375,17.3125,17.6875,17.6875,5735400,559.969970703125
1995-08-17,17.625,17.9375,17.1875,17.75,17.75,2848200,559.0399780273438
1995-08-18,17.9375,18.0,17.5625,17.5625,17.5625,1769000,559.2100219726562
1995-08-21,17.8125,18.0,17.0625,17.1875,17.1875,3683000,558.1099853515625
1995-08-22,17.25,17.3125,16.8125,16.875,16.875,3952600,559.52001953125
1995-08-23,16.6875,16.9375,16.5625,16.75,16.75,2565600,557.1400146484375
1995-08-24,16.875,17.0,16.6875,16.75,16.75,2302600,557.4600219726562
1995-08-25,16.75,16.75,16.4375,16.4375,16.4375,2591400,560.0999755859375
1995-08-28,16.5,16.5,16.0625,16.125,16.125,2433000,559.0499877929688
1995-08-29,16.125,16.5625,15.6875,16.5,16.5,5632600,560.0
1995-08-30,16.75,16.8125,16.5,16.6875,16.6875,2466600,560.9199829101562
1995-08-31,16.75,17.125,16.6875,16.875,16.875,2018800,561.8800048828125
1995-09-01,16.875,17.0625,16.8125,16.875,16.875,1327200,563.8400268554688
1995-09-05,17.0,17.4375,16.9375,17.3125,17.3125,1668800,569.1699829101562
1995-09-06,17.375,17.625,17.375,17.5625,17.5625,2800600,570.1699829101562
1995-09-07,17.8125,17.9375,17.4375,17.5625,17.5625,2517400,570.2899780273438
1995-09-08,17.5625,17.8125,17.0,17.125,17.125,3922200,572.6799926757812
1995-09-11,17.1875,17.3125,16.875,17.0625,17.0625,2800400,573.9099731445312
1995-09-12,17.1875,17.3125,16.875,17.3125,17.3125,3267800,576.510009765625
1995-09-13,17.375,17.625,17.125,17.5,17.5,3806200,578.77001953125
1995-09-14,17.4375,17.5625,17.0,17.25,17.25,3311200,583.6099853515625
1995-09-15,17.25,17.25,16.875,17.0,17.0,3234400,583.3499755859375
1995-09-18,17.0,17.1875,16.625,17.1875,17.1875,3364600,582.77001953125
1995-09-19,17.0,17.1875,16.9375,17.0625,17.0625,2217200,584.2000122070312
1995-09-20,17.125,17.1875,17.0625,17.1875,17.1875,1856400,586.77001953125
1995-09-21,17.0,17.0625,16.4375,16.5625,16.5625,4935000,583.0
1995-09-22,16.5,16.5625,16.3125,16.5625,16.5625,2144800,581.72998046875
1995-09-25,16.375,16.4375,15.5,15.5625,15.5625,5565600,581.8099975585938
1995-09-26,15.0,15.5625,14.75,14.875,14.875,8248000,581.4099731445312
1995-09-27,14.5,14.6875,14.0,14.5625,14.5625,5049600,581.0399780273438
1995-09-28,14.4375,15.0625,14.4375,15.0,15.0,2876800,585.8699951171875
1995-09-29,15.0625,15.1875,14.5625,14.5625,14.5625,3475000,584.4099731445312
1995-10-02,14.4375,14.625,14.3125,14.3125,14.3125,2406200,581.719970703125
1995-10-03,14.375,14.625,14.1875,14.4375,14.4375,3757800,582.3400268554688
1995-10-04,14.25,14.3125,13.6875,13.75,13.75,2438800,581.469970703125
1995-10-05,13.5,13.875,13.3125,13.625,13.625,2921800,582.6300048828125
1995-10-06,13.6875,14.0,13.5625,13.6875,13.6875,1998000,582.489990234375
1995-10-09,13.625,13.625,13.0625,13.125,13.125,2386200,578.3699951171875
1995-10-10,12.625,13.25,12.3125,12.5,12.5,4203600,577.52001953125
1995-10-11,12.4375,13.8125,12.4375,13.4375,13.4375,4290000,579.4600219726562
1995-10-12,13.625,14.0,13.5625,13.875,13.875,2713600,583.0999755859375
1995-10-13,14.125,14.25,13.6875,13.8125,13.8125,2244800,584.5
1995-10-16,13.625,13.75,13.5,13.5,13.5,1128400,583.030029296875
1995-10-17,13.5,14.0,13.25,13.9375,13.9375,2478600,586.780029296875
1995-10-18,14.125,14.1875,13.6875,13.8125,13.8125,3090800,587.4400024414062
1995-10-19,13.6875,13.6875,13.375,13.4375,13.4375,1846000,590.6500244140625
1995-10-20,13.5,13.5,13.0625,13.0625,13.0625,2077200,587.4600219726562
1995-10-23,13.125,14.25,13.125,13.75,13.75,8146000,585.0599975585938
1995-10-24,13.875,14.0,13.0625,13.125,13.125,3469200,586.5399780273438
1995-10-25,13.0,13.0,12.5625,12.75,12.75,3783400,582.469970703125
1995-10-26,12.5625,12.625,11.9375,12.5,12.5,4243000,576.719970703125
1995-10-27,12.5,12.5,11.875,12.25,12.25,3305800,579.7000122070312
1995-10-30,12.125,12.3125,11.8125,12.25,12.25,3087000,583.25
1995-10-31,12.25,12.25,11.375,11.75,11.75,1611800,581.5
1995-11-01,11.625,11.6875,11.375,11.375,11.375,3745800,584.219970703125
1995-11-02,11.5,11.9375,11.25,11.625,11.625,3829800,589.719970703125
1995-11-03,11.5625,11.5625,11.375,11.4375,11.4375,2546600,590.5700073242188
1995-11-06,11.4375,11.4375,11.25,11.25,11.25,2312800,588.4600219726562
1995-11-07,11.125,11.375,10.75,11.25,11.25,4277600,586.3200073242188
1995-11-08,11.3125,11.4375,10.375,10.5,10.5,5382000,591.7100219726562
1995-11-09,10.875,11.25,10.75,11.1875,11.1875,3899000,593.260009765625
1995-11-10,11.0625,11.1875,10.8125,10.875,10.875,1868000,592.719970703125
1995-11-13,10.8125,10.9375,10.5625,10.5625,10.5625,1840600,592.2999877929688
1995-11-14,10.5625,10.75,10.375,10.5,10.5,1647600,589.2899780273438
1995-11-15,10.5625,10.875,10.5625,10.8125,10.8125,1783800,593.9600219726562
1995-11-16,10.6875,11.0625,10.6875,10.875,10.875,2109600,597.3400268554688
1995-11-17,10.8125,10.875,10.5,10.75,10.75,1925200,600.0700073242188
1995-11-20,10.75,11.0,10.625,10.6875,10.6875,1496400,596.8499755859375
1995-11-21,10.625,10.625,10.0625,10.25,10.25,6011400,600.239990234375
1995-11-22,10.375,10.375,10.0,10.1875,10.1875,3050400,598.4000244140625
1995-11-24,10.1875,10.5,10.125,10.375,10.375,829800,599.969970703125
1995-11-27,10.5625,10.6875,10.25,10.375,10.375,3148600,601.3200073242188
1995-11-28,10.25,10.5625,10.125,10.3125,10.3125,3634600,606.4500122070312
1995-11-29,10.5625,10.75,10.375,10.5625,10.5625,3622000,607.6400146484375
1995-11-30,10.5,10.5625,10.0625,10.25,10.25,4340400,605.3699951171875
1995-12-01,10.25,10.25,9.6875,9.75,9.75,4665000,606.97998046875
1995-12-04,9.875,10.25,9.8125,10.1875,10.1875,5920400,613.6799926757812
1995-12-05,10.0625,10.3125,9.875,10.0625,10.0625,5634000,617.6799926757812
1995-12-06,10.0,10.125,9.75,10.0,10.0,3889200,620.1799926757812
1995-12-07,10.0,10.125,9.8125,9.875,9.875,2594000,616.1699829101562
1995-12-08,9.875,9.9375,9.625,9.9375,9.9375,2637800,617.47998046875
1995-12-11,9.9375,9.9375,9.625,9.6875,9.6875,2511400,619.52001953125
1995-12-12,9.5,9.5625,9.1875,9.3125,9.3125,2419800,618.780029296875
1995-12-13,9.25,9.3125,9.0625,9.0625,9.0625,3188400,621.6900024414062
1995-12-14,9.1875,9.375,9.125,9.3125,9.3125,2538600,616.9199829101562
1995-12-15,9.3125,9.3125,9.0,9.125,9.125,3259400,616.3400268554688
1995-12-18,8.75,8.75,8.25,8.5625,8.5625,3798600,606.8099975585938
1995-12-19,8.5625,8.75,8.5625,8.75,8.75,2984200,611.9299926757812
1995-12-20,8.75,8.875,8.4375,8.4375,8.4375,2323200,605.9400024414062
1995-12-21,8.5,8.75,8.5,8.625,8.625,2127400,610.489990234375
1995-12-22,8.5625,8.8125,8.5625,8.6875,8.6875,1921000,611.9500122070312
1995-12-26,8.625,8.75,8.5625,8.625,8.625,1629000,614.2999877929688
1995-12-27,8.6875,8.6875,8.4375,8.5,8.5,1743600,614.530029296875
1995-12-28,8.375,8.5,8.25,8.3125,8.3125,2513200,614.1199951171875
1995-12-29,8.3125,8.3125,8.0625,8.25,8.25,4038600,615.9299926757812
1996-01-02,8.25,8.625,8.1875,8.625,8.625,2033400,620.72998046875
1996-01-03,8.625,8.6875,8.4375,8.5625,8.5625,1669600,621.3200073242188
1996-01-04,8.5625,8.5625,8.0625,8.375,8.375,2741800,617.7000122070312
1996-01-05,8.25,10.0,8.25,9.0625,9.0625,5448800,616.7100219726562
1996-01-08,9.0,9.125,8.625,8.6875,8.6875,1527600,618.4600219726562
1996-01-09,8.75,8.75,8.1875,8.25,8.25,2199800,609.4500122070312
1996-01-10,8.25,8.8125,8.125,8.8125,8.8125,4235600,598.47998046875
1996-01-11,9.140625,9.3125,8.8125,8.9375,8.9375,5096000,602.6900024414062
1996-01-12,8.9375,9.0,8.75,9.0,9.0,2708400,601.8099975585938
1996-01-15,8.9375,9.0,8.75,8.75,8.75,1916800,599.8200073242188
1996-01-16,8.9375,9.875,8.9375,9.5,9.5,6295200,608.4400024414062
1996-01-17,9.4375,9.6875,9.25,9.375,9.375,3953200,606.3699951171875
1996-01-18,9.5,9.5625,9.3125,9.4375,9.4375,1662400,608.239990234375
1996-01-19,9.1875,9.375,9.125,9.3125,9.3125,2052800,611.8300170898438
1996-01-22,9.4375,9.875,9.4375,9.625,9.625,3079600,613.4000244140625
1996-01-23,9.6875,9.6875,9.4375,9.6875,9.6875,1623200,612.7899780273438
1996-01-24,9.875,10.4375,9.875,10.375,10.375,4144200,619.9600219726562
1996-01-25,10.4375,10.4375,10.1875,10.25,10.25,4347000,617.030029296875
1996-01-26,10.1875,10.3125,9.9375,10.0625,10.0625,2647400,621.6199951171875
1996-01-29,10.125,10.125,9.9375,10.0,10.0,1075400,624.219970703125
1996-01-30,10.0,10.125,9.9375,10.0,10.0,1160600,630.1500244140625
1996-01-31,9.875,10.0625,9.8125,9.875,9.875,2086000,636.02001953125
1996-02-01,9.6875,10.25,9.6875,10.25,10.25,3264800,638.4600219726562
1996-02-02,10.25,10.3125,9.9375,10.0625,10.0625,1148400,635.8400268554688
1996-02-05,10.125,10.3125,10.0,10.3125,10.3125,2314600,641.4299926757812
1996-02-06,10.375,10.625,10.1875,10.4375,10.4375,4126000,646.3300170898438
1996-02-07,10.4375,10.5,10.125,10.3125,10.3125,1823200,649.9299926757812
1996-02-08,10.3125,10.3125,10.0,10.0625,10.0625,1882200,656.0700073242188
1996-02-09,10.1875,10.5625,10.125,10.5625,10.5625,2618800,656.3699951171875
1996-02-12,10.4375,10.5625,10.375,10.5,10.5,1832400,661.4500122070312
1996-02-13,10.0,10.375,9.9375,10.25,10.25,3181200,660.510009765625
1996-02-14,10.125,10.375,10.0625,10.125,10.125,1522400,655.5800170898438
1996-02-15,10.125,10.1875,10.0,10.0,10.0,1509200,651.3200073242188
1996-02-16,10.0625,10.1875,9.9375,10.0,10.0,1577200,647.97998046875
1996-02-20,9.9375,10.125,9.8125,9.9375,9.9375,1576400,640.6500244140625
1996-02-21,9.875,10.125,9.875,9.9375,9.9375,1124600,648.0999755859375
1996-02-22,10.0,10.375,9.9375,10.3125,10.3125,2432400,658.8599853515625
1996-02-23,10.4375,10.5,10.125,10.25,10.25,1881000,659.0800170898438
1996-02-26,10.125,10.1875,9.875,9.875,9.875,1314400,650.4600219726562
1996-02-27,9.9375,9.9375,9.8125,9.875,9.875,1491600,647.239990234375
1996-02-28,10.0,10.0625,9.5,9.5,9.5,1790200,644.75
1996-02-29,9.6875,9.875,9.625,9.6875,9.6875,1687200,640.4299926757812
1996-03-01,9.6875,9.75,9.375,9.5625,9.5625,2611400,644.3699951171875
1996-03-04,9.5625,9.625,9.3125,9.375,9.375,1347400,650.8099975585938
1996-03-05,9.375,9.4375,9.25,9.375,9.375,906000,655.7899780273438
1996-03-06,9.3125,9.3125,8.875,8.9375,8.9375,2344600,652.0
1996-03-07,8.75,8.8125,8.4375,8.625,8.625,2249400,653.6500244140625
1996-03-08,8.5,8.9375,8.375,8.75,8.75,1652800,633.5
1996-03-11,8.8125,9.0,8.75,8.8125,8.8125,1108000,640.02001953125
1996-03-12,8.75,8.8125,8.5625,8.625,8.625,1199000,637.0900268554688
1996-03-13,9.0,9.0,8.625,8.625,8.625,2384400,638.5499877929688
1996-03-14,8.6875,8.8125,8.625,8.625,8.625,938800,640.8699951171875
1996-03-15,8.625,8.9375,8.625,8.875,8.875,2098400,641.4299926757812
1996-03-18,9.0,9.0625,8.875,9.0625,9.0625,2319800,652.6500244140625
1996-03-19,9.125,9.1875,8.9375,9.0625,9.0625,1459200,651.6900024414062
1996-03-20,8.875,8.875,8.625,8.6875,8.6875,1594000,649.97998046875
1996-03-21,8.6875,9.125,8.5,8.625,8.625,1301800,649.1900024414062
1996-03-22,8.625,8.6875,8.4375,8.4375,8.4375,1477400,650.6199951171875
1996-03-25,8.5,8.625,8.375,8.4375,8.4375,1284200,650.0399780273438
1996-03-26,8.5,8.8125,8.4375,8.625,8.625,1823200,652.969970703125
1996-03-27,8.8125,9.125,8.6875,8.875,8.875,2481000,648.9099731445312
1996-03-28,8.9375,9.0625,8.6875,8.75,8.75,1067000,648.9400024414062
1996-03-29,8.75,8.8125,8.5625,8.6875,8.6875,1037800,645.5
1996-04-01,8.75,8.875,8.6875,8.8125,8.8125,915000,653.72998046875
1996-04-02,8.5625,8.8125,8.5,8.75,8.75,2538000,655.260009765625
1996-04-03,8.6875,8.9375,8.625,8.75,8.75,1164200,655.8800048828125
1996-04-04,8.75,8.875,8.625,8.625,8.625,1130800,655.8599853515625
1996-04-08,8.5,9.0625,8.5,8.9375,8.9375,1815600,644.239990234375
1996-04-09,9.0625,9.0625,8.75,8.8125,8.8125,1344600,642.1900024414062
1996-04-10,8.625,9.0625,8.625,8.75,8.75,3076800,633.5
1996-04-11,8.8125,8.8125,8.5625,8.625,8.625,1817000,631.1799926757812
1996-04-12,8.625,8.75,8.5,8.5625,8.5625,842800,636.7100219726562
1996-04-15,8.625,8.75,8.5625,8.625,8.625,737200,642.489990234375
1996-04-16,8.6875,8.75,8.4375,8.5625,8.5625,2888000,645.0
1996-04-17,8.5,8.5625,8.3125,8.4375,8.4375,5243200,641.6099853515625
1996-04-18,8.5,8.75,8.4375,8.625,8.625,1531000,643.6099853515625
1996-04-19,8.625,8.8125,8.5625,8.6875,8.6875,1167600,645.0700073242188
1996-04-22,8.8125,8.8125,8.5625,8.6875,8.6875,1127400,647.8900146484375
1996-04-23,8.6875,8.75,8.5625,8.6875,8.6875,1722800,651.5800170898438
1996-04-24,8.8125,9.25,8.8125,9.1875,9.1875,4210000,650.1699829101562
1996-04-25,9.25,9.5,9.125,9.375,9.375,3212400,652.8699951171875
1996-04-26,9.4375,9.4375,9.25,9.25,9.25,1375600,653.4600219726562
1996-04-29,9.25,9.3125,9.0,9.0625,9.0625,1009400,654.1599731445312
1996-04-30,9.0,9.375,9.0,9.3125,9.3125,2050200,654.1699829101562
1996-05-01,9.3125,9.75,9.3125,9.5625,9.5625,3634000,654.5800170898438
1996-05-02,9.5625,9.875,9.5625,9.6875,9.6875,2893600,643.3800048828125
1996-05-03,9.75,9.9375,9.6875,9.75,9.75,2960600,641.6300048828125
1996-05-06,9.875,9.875,9.625,9.6875,9.6875,2991000,640.8099975585938
1996-05-07,9.625,9.875,9.5,9.5,9.5,1454200,638.260009765625
1996-05-08,9.375,9.5625,9.1875,9.5,9.5,1404200,644.77001953125
1996-05-09,9.375,9.4375,9.25,9.375,9.375,1487000,645.4400024414062
1996-05-10,9.25,9.375,9.125,9.125,9.125,1541600,652.0900268554688
1996-05-13,9.1875,9.4375,9.125,9.375,9.375,1669000,661.510009765625
1996-05-14,9.375,9.375,9.1875,9.375,9.375,1232800,665.5999755859375
1996-05-15,9.25,9.375,9.125,9.1875,9.1875,1358400,665.4199829101562
1996-05-16,9.0625,9.375,9.0625,9.3125,9.3125,1898800,664.8499755859375
1996-05-17,9.25,9.6875,9.25,9.6875,9.6875,2255600,668.9099731445312
1996-05-20,9.375,9.5,9.1875,9.1875,9.1875,3505800,673.1500244140625
1996-05-21,9.1875,9.25,8.8125,8.8125,8.8125,2464000,672.760009765625
1996-05-22,8.75,8.8125,8.5625,8.8125,8.8125,2367600,678.4199829101562
1996-05-23,8.875,8.875,8.5625,8.75,8.75,1992000,676.0
1996-05-24,8.6875,8.75,8.625,8.6875,8.6875,1289600,678.510009765625
1996-05-28,8.75,8.9375,8.6875,8.875,8.875,1051200,672.22998046875
1996-05-29,8.9375,9.0,8.6875,8.8125,8.8125,1548400,667.9299926757812
1996-05-30,8.8125,8.875,8.6875,8.875,8.875,1620600,671.7000122070312
1996-05-31,8.875,8.9375,8.6875,8.8125,8.8125,1293400,669.1199951171875
1996-06-03,8.75,8.8125,8.6875,8.75,8.75,739000,667.6799926757812
1996-06-04,8.6875,8.8125,8.625,8.75,8.75,1306600,672.5599975585938
1996-06-05,8.75,8.8125,8.625,8.75,8.75,1222200,678.4400024414062
1996-06-06,8.8125,8.8125,8.5625,8.5625,8.5625,1042400,673.030029296875
1996-06-07,8.5,8.75,8.5,8.6875,8.6875,1371800,673.3099975585938
1996-06-10,8.6875,8.6875,8.375,8.4375,8.4375,1301600,672.1599731445312
1996-06-11,8.375,8.625,8.3125,8.375,8.375,1303400,670.969970703125
1996-06-12,8.5625,8.625,8.4375,8.4375,8.4375,1050200,669.0399780273438
1996-06-13,8.4375,8.5,8.3125,8.375,8.375,948000,667.9199829101562
1996-06-14,8.3125,8.375,8.0,8.125,8.125,3015800,665.8499755859375
1996-06-17,8.0625,8.125,7.9375,8.0625,8.0625,1807000,665.1599731445312
1996-06-18,8.0,8.0625,7.5625,7.625,7.625,2258600,662.0599975585938
1996-06-19,7.75,7.875,7.6875,7.8125,7.8125,1862000,661.9600219726562
1996-06-20,7.8125,8.0,7.75,7.875,7.875,1230400,662.0999755859375
1996-06-21,7.6875,7.6875,6.5,7.125,7.125,9127200,666.8400268554688
1996-06-24,7.0625,7.25,7.0625,7.0625,7.0625,1892800,668.8499755859375
1996-06-25,7.125,7.25,6.875,6.9375,6.9375,1652600,668.47998046875
1996-06-26,6.875,6.875,6.5,6.625,6.625,2556800,664.3900146484375
1996-06-27,6.625,6.75,6.4375,6.625,6.625,2978200,668.5499877929688
1996-06-28,6.6875,6.8125,6.625,6.8125,6.8125,1859600,670.6300048828125
1996-07-01,6.875,7.0625,6.8125,7.0,7.0,1234000,675.8800048828125
1996-07-02,6.9375,7.1875,6.6875,6.8125,6.8125,2023000,673.6099853515625
1996-07-03,6.8125,6.875,6.6875,6.875,6.875,1726200,672.4000244140625
1996-07-05,6.75,6.84375,6.6875,6.8125,6.8125,679600,657.4400024414062
1996-07-08,6.8125,6.875,6.5,6.5625,6.5625,1363000,652.5399780273438
1996-07-09,6.625,6.6875,6.4375,6.5625,6.5625,1733000,654.75
1996-07-10,6.5625,6.5625,6.375,6.5,6.5,1754800,656.0599975585938
1996-07-11,6.375,6.375,6.0625,6.125,6.125,2625000,645.6699829101562
1996-07-12,6.3125,6.3125,5.9375,6.0625,6.0625,2591000,646.1900024414062
1996-07-15,6.0625,6.0625,5.875,5.9375,5.9375,1430400,629.7999877929688
1996-07-16,5.875,6.0,5.4375,5.875,5.875,2867800,628.3699951171875
1996-07-17,5.9375,6.0625,5.8125,5.9375,5.9375,2703600,634.0700073242188
1996-07-18,5.9375,5.9375,5.625,5.625,5.625,4025600,643.5599975585938
1996-07-19,5.625,5.6875,5.4375,5.5625,5.5625,2373200,638.72998046875
1996-07-22,5.5625,5.5625,5.375,5.4375,5.4375,1573200,633.77001953125
1996-07-23,5.5,5.5625,5.25,5.375,5.375,1732200,626.8699951171875
1996-07-24,5.25,5.375,5.125,5.3125,5.3125,2192400,626.6500244140625
1996-07-25,5.25,5.375,5.1875,5.25,5.25,1706800,631.1699829101562
1996-07-26,5.375,6.1875,5.3125,6.1875,6.1875,2611800,635.9000244140625
1996-07-29,6.25,6.3125,6.0625,6.0625,6.0625,2064600,630.9099731445312
1996-07-30,6.125,6.1875,5.875,6.0,6.0,1157000,635.260009765625
1996-07-31,6.0,6.1875,5.9375,6.0625,6.0625,934400,639.9500122070312
1996-08-01,6.0,6.1875,5.9375,6.1875,6.1875,1333000,650.02001953125
1996-08-02,6.1875,6.3125,6.125,6.25,6.25,1291000,662.489990234375
1996-08-05,6.25,6.25,6.125,6.25,6.25,1022800,660.22998046875
1996-08-06,6.1875,6.5,6.0625,6.5,6.5,1648400,662.3800048828125
1996-08-07,6.625,7.125,6.625,7.0625,7.0625,3378000,664.1599731445312
1996-08-08,7.0625,7.0625,6.875,6.9375,6.9375,1978200,662.5900268554688
1996-08-09,6.75,7.0625,6.6875,6.9375,6.9375,2590800,662.0999755859375
1996-08-12,6.9375,6.9375,6.8125,6.875,6.875,793000,665.77001953125
1996-08-13,6.875,6.9375,6.5625,6.625,6.625,868000,660.2000122070312
1996-08-14,6.625,6.8125,6.5625,6.75,6.75,878600,662.0499877929688
1996-08-15,6.75,6.75,6.5,6.6875,6.6875,1010600,662.280029296875
1996-08-16,6.625,6.6875,6.5,6.5625,6.5625,1151000,665.2100219726562
1996-08-19,6.5625,6.5625,6.4375,6.5625,6.5625,734000,666.5800170898438
1996-08-20,6.5,6.5,6.375,6.4375,6.4375,725600,665.6900024414062
1996-08-21,6.375,6.5,6.3125,6.5,6.5,867000,665.0700073242188
1996-08-22,6.4375,6.6875,6.375,6.5625,6.5625,1195200,670.6799926757812
1996-08-23,6.5,6.5,6.3125,6.3125,6.3125,876800,667.030029296875
1996-08-26,6.3125,6.375,6.125,6.3125,6.3125,991600,663.8800048828125
1996-08-27,6.3125,6.375,6.125,6.1875,6.1875,724800,666.4000244140625
1996-08-28,6.25,6.25,6.0625,6.125,6.125,713600,664.8099975585938
1996-08-29,6.1875,6.375,6.1875,6.375,6.375,977800,657.4000244140625
1996-08-30,6.4375,6.5,6.25,6.375,6.375,850600,651.989990234375
1996-09-03,6.375,6.375,6.25,6.25,6.25,689000,654.719970703125
1996-09-04,6.25,6.375,6.25,6.3125,6.3125,356800,655.6099853515625
1996-09-05,6.25,6.25,6.0625,6.125,6.125,1027400,649.4400024414062
1996-09-06,6.125,6.1875,6.0625,6.1875,6.1875,480400,655.6799926757812
1996-09-09,6.3125,6.5,6.25,6.4375,6.4375,1391400,663.760009765625
1996-09-10,6.4375,6.5,6.3125,6.4375,6.4375,1069400,663.8099975585938
1996-09-11,6.375,6.625,6.3125,6.5,6.5,1168200,667.280029296875
1996-09-12,6.5625,6.5625,6.4375,6.5,6.5,875400,671.1500244140625
1996-09-13,6.5625,6.625,6.5,6.5,6.5,959600,680.5399780273438
1996-09-16,6.625,6.8125,6.5625,6.6875,6.6875,2433200,683.97998046875
1996-09-17,6.875,7.0625,6.5625,7.0625,7.0625,3338400,682.9400024414062
1996-09-18,6.9375,7.0625,6.8125,7.0,7.0,1520600,681.469970703125
1996-09-19,6.9375,7.3125,6.875,7.125,7.125,2047400,683.0
1996-09-20,7.0,7.3125,6.9375,7.1875,7.1875,1940200,687.030029296875
1996-09-23,7.125,7.125,7.0,7.0625,7.0625,987200,686.47998046875
1996-09-24,7.125,7.5,7.125,7.5,7.5,3065800,685.6099853515625
1996-09-25,7.6875,8.125,7.5625,8.0,8.0,4225200,685.8300170898438
1996-09-26,7.875,8.125,7.5625,7.625,7.625,5329400,685.8599853515625
1996-09-27,7.4375,7.625,7.25,7.375,7.375,1552000,686.1900024414062
1996-09-30,7.4375,7.5625,7.375,7.375,7.375,663400,687.3300170898438
1996-10-01,7.3125,7.375,7.0625,7.1875,7.1875,849000,689.0800170898438
1996-10-02,7.0625,7.4375,7.0625,7.25,7.25,1478200,694.010009765625
1996-10-03,7.3125,7.3125,7.125,7.125,7.125,576600,692.780029296875
1996-10-04,7.1875,7.25,7.0625,7.25,7.25,684000,701.4600219726562
1996-10-07,7.3125,7.875,7.25,7.875,7.875,912200,703.3400268554688
1996-10-08,8.25,8.5,7.9375,8.0625,8.0625,5294200,700.6400146484375
1996-10-09,8.0625,8.25,7.75,7.875,7.875,2612000,696.739990234375
1996-10-10,7.9375,7.9375,7.8125,7.9375,7.9375,1207800,694.6099853515625
1996-10-11,7.9375,8.125,7.9375,8.0625,8.0625,2193000,700.6599731445312
1996-10-14,8.125,8.8125,8.125,8.8125,8.8125,4314600,703.5399780273438
1996-10-15,8.9375,9.0,8.625,8.9375,8.9375,4766400,702.5700073242188
1996-10-16,8.875,8.875,8.625,8.8125,8.8125,2462200,704.4099731445312
1996-10-17,8.875,8.9375,8.75,8.75,8.75,2074200,706.989990234375
1996-10-18,8.6875,8.75,8.5,8.6875,8.6875,1367000,710.8200073242188
1996-10-21,8.6875,8.9375,8.625,8.8125,8.8125,2286800,709.8499755859375
1996-10-22,8.8125,8.9375,8.5,8.6875,8.6875,2042400,706.5700073242188
1996-10-23,8.625,8.8125,8.5625,8.8125,8.8125,1621600,707.27001953125
1996-10-24,8.8125,8.8125,8.625,8.625,8.625,750000,702.2899780273438
1996-10-25,8.625,8.8125,8.5,8.75,8.75,2111000,700.9199829101562
1996-10-28,8.75,9.1875,8.75,8.9375,8.9375,2626200,697.260009765625
1996-10-29,9.0,9.0625,8.8125,8.9375,8.9375,2624600,701.5
1996-10-30,8.875,8.9375,8.8125,8.875,8.875,1434800,700.9000244140625
1996-10-31,8.8125,8.875,8.625,8.875,8.875,1525200,705.27001953125
1996-11-01,8.875,8.9375,8.8125,8.875,8.875,1112000,703.77001953125
1996-11-04,8.875,9.4375,8.875,9.4375,9.4375,2702800,706.72998046875
1996-11-05,9.4375,9.6875,9.25,9.5,9.5,2323000,714.1400146484375
1996-11-06,9.625,9.875,9.625,9.875,9.875,3626000,724.5900268554688
1996-11-07,9.8125,10.375,9.8125,10.1875,10.1875,4372200,727.6500244140625
1996-11-08,10.25,10.375,10.0625,10.125,10.125,2297600,730.8200073242188
1996-11-11,10.0625,10.3125,10.0,10.25,10.25,1499800,731.8699951171875
1996-11-12,10.4375,10.4375,9.9375,10.0,10.0,2657400,729.5599975585938
1996-11-13,10.0,10.9375,9.8125,10.8125,10.8125,6665000,731.1300048828125
1996-11-14,11.0,12.9375,10.9375,12.375,12.375,21352600,735.8800048828125
1996-11-15,12.625,12.75,12.125,12.5625,12.5625,9549000,737.6199951171875
1996-11-18,12.5,12.75,12.3125,12.4375,12.4375,4066600,737.02001953125
1996-11-19,12.5,12.75,12.5,12.625,12.625,3573800,742.1599731445312
1996-11-20,12.625,12.6875,12.4375,12.4375,12.4375,2449400,743.9500122070312
1996-11-21,12.5,12.6875,11.625,12.1875,12.1875,4487200,742.75
1996-11-22,12.25,12.4375,12.0625,12.375,12.375,2704800,748.72998046875
1996-11-25,12.4375,12.625,12.3125,12.3125,12.3125,2940600,757.030029296875
1996-11-26,12.4375,12.4375,12.0625,12.375,12.375,2246800,755.9600219726562
1996-11-27,12.25,12.375,12.125,12.1875,12.1875,1511200,755.0
1996-11-29,12.25,12.25,12.0625,12.125,12.125,517600,757.02001953125
1996-12-02,12.0625,12.75,11.875,12.6875,12.6875,4497800,756.5599975585938
1996-12-03,12.75,12.8125,12.0625,12.0625,12.0625,3025600,748.280029296875
1996-12-04,12.0,12.375,11.8125,12.125,12.125,2356200,745.0999755859375
1996-12-05,12.0,12.125,11.3125,11.6875,11.6875,5415600,744.3800048828125
1996-12-06,11.5625,13.25,11.5,12.875,12.875,11509800,739.5999755859375
1996-12-09,13.0,13.375,12.9375,13.3125,13.3125,3440200,749.760009765625
1996-12-10,13.5625,13.6875,13.0625,13.0625,13.0625,4722600,747.5399780273438
1996-12-11,12.625,13.4375,12.5625,13.4375,13.4375,4170600,740.72998046875
1996-12-12,14.0,14.1875,13.5,13.5625,13.5625,5627200,729.2999877929688
1996-12-13,13.5625,14.0625,13.375,14.0,14.0,3502200,728.6400146484375
1996-12-16,13.9375,13.9375,13.25,13.3125,13.3125,2507200,720.97998046875
1996-12-17,13.1875,13.1875,12.5625,12.75,12.75,3914200,726.0399780273438
1996-12-18,12.75,13.625,12.6875,13.5,13.5,3908000,731.5399780273438
1996-12-19,13.4375,13.5625,13.25,13.3125,13.3125,2380800,745.760009765625
1996-12-20,13.4375,13.4375,12.875,13.0,13.0,2432000,748.8699951171875
1996-12-23,13.0625,13.0625,12.8125,12.9375,12.9375,1229600,746.9199829101562
1996-12-24,12.875,13.0625,12.875,13.0625,13.0625,500400,751.030029296875
1996-12-26,13.125,13.4375,13.125,13.1875,13.1875,1053400,755.8200073242188
1996-12-27,13.25,13.25,12.9375,13.0625,13.0625,672400,756.7899780273438
1996-12-30,13.0,13.0625,12.8125,12.875,12.875,1363200,753.8499755859375
1996-12-31,12.75,12.9375,12.6875,12.875,12.875,1221200,740.739990234375
1997-01-02,12.9375,13.5625,12.4375,13.5625,13.5625,3406400,737.010009765625
1997-01-03,13.625,14.125,13.5625,14.0,14.0,4087200,748.030029296875
1997-01-06,14.0,14.3125,13.5625,14.25,14.25,3239600,747.6500244140625
1997-01-07,14.1875,15.0,14.0625,14.9375,14.9375,5278600,753.22998046875
1997-01-08,15.0625,15.0625,14.375,14.4375,14.4375,4190000,748.4099731445312
1997-01-09,14.375,14.375,13.625,13.75,13.75,6088200,754.8499755859375
1997-01-10,13.375,14.0,13.375,13.875,13.875,5518000,759.5
1997-01-13,14.8125,15.4375,14.5,14.5,14.5,11178600,759.510009765625
1997-01-14,15.375,16.625,15.375,16.25,16.25,17118000,768.8599853515625
1997-01-15,16.8125,17.3125,16.6875,16.8125,16.8125,12613800,767.2000122070312
1997-01-16,16.9375,17.125,16.75,16.875,16.875,4495000,769.75
1997-01-17,16.9375,17.5,16.9375,17.5,17.5,4298800,776.1699829101562
1997-01-20,17.3125,17.3125,16.8125,17.1875,17.1875,2858200,776.7000122070312
1997-01-21,16.875,17.4375,16.8125,17.125,17.125,2895600,782.719970703125
1997-01-22,17.0,17.125,16.8125,16.875,16.875,2362200,786.22998046875
1997-01-23,16.875,17.0625,16.25,16.25,16.25,4043200,777.5599975585938
1997-01-24,15.9375,16.4375,15.8125,15.875,15.875,4328200,770.52001953125
1997-01-27,16.0,16.125,15.375,15.375,15.375,2382200,765.02001953125
1997-01-28,15.875,16.1875,15.625,15.8125,15.8125,2300800,765.02001953125
1997-01-29,15.9375,16.5,15.8125,16.4375,16.4375,2262000,772.5
1997-01-30,16.875,17.625,16.8125,17.5625,17.5625,7756600,784.1699829101562
1997-01-31,17.4375,18.0625,17.25,17.5625,17.5625,6308200,786.1599731445312
1997-02-03,17.5625,17.8125,16.9375,16.9375,16.9375,2634400,786.72998046875
1997-02-04,16.875,16.9375,16.375,16.9375,16.9375,2478600,789.260009765625
1997-02-05,16.9375,17.25,15.875,16.375,16.375,2809000,778.280029296875
1997-02-06,16.5,16.875,16.375,16.8125,16.8125,2694000,780.1500244140625
1997-02-07,17.125,17.4375,17.0625,17.25,17.25,2712200,789.5599975585938
1997-02-10,17.3125,17.375,16.4375,16.5,16.5,1191800,785.4299926757812
1997-02-11,16.625,16.8125,15.6875,16.0,16.0,3763800,789.5900268554688
1997-02-12,16.0,17.25,15.875,17.125,17.125,5965200,802.77001953125
1997-02-13,17.1875,17.5,17.0625,17.0625,17.0625,3512200,811.8200073242188
1997-02-14,17.125,17.25,16.875,16.9375,16.9375,2178800,808.47998046875
1997-02-18,16.9375,17.3125,16.75,17.25,17.25,1388400,816.2899780273438
1997-02-19,17.5,18.125,17.4375,17.75,17.75,5866400,812.489990234375
1997-02-20,17.75,18.375,17.6875,18.1875,18.1875,4769200,802.7999877929688
1997-02-21,18.1875,18.1875,17.375,17.375,17.375,3837000,801.77001953125
1997-02-24,17.5,18.25,17.4375,18.1875,18.1875,2994400,810.280029296875
1997-02-25,18.125,18.4375,17.875,18.3125,18.3125,2580200,812.030029296875
1997-02-26,18.375,18.4375,17.8125,18.0625,18.0625,2384200,805.6799926757812
1997-02-27,18.0625,18.4375,17.6875,17.6875,17.6875,2638800,795.0700073242188
1997-02-28,17.625,18.25,17.1875,18.0,18.0,4007800,790.8200073242188
1997-03-03,17.75,18.3125,17.6875,17.9375,17.9375,1778600,795.3099975585938
1997-03-04,18.125,19.375,17.9375,19.25,19.25,6585800,790.9500122070312
1997-03-05,19.25,19.5,18.625,19.125,19.125,3712800,801.989990234375
1997-03-06,19.125,19.3125,18.8125,18.875,18.875,2628600,798.5599975585938
1997-03-07,18.9375,20.0,18.8125,19.75,19.75,5990400,804.969970703125
1997-03-10,19.75,20.1875,19.4375,20.0,20.0,4189400,813.6500244140625
1997-03-11,20.1875,21.1875,20.0,20.8125,20.8125,6925400,811.3400268554688
1997-03-12,22.0,23.875,21.8125,22.9375,22.9375,18512200,804.260009765625
1997-03-13,23.25,24.25,23.25,23.6875,23.6875,12095400,789.5599975585938
1997-03-14,23.875,24.1875,21.5,22.25,22.25,13015600,793.1699829101562
1997-03-17,21.75,22.875,21.6875,22.625,22.625,7929200,795.7100219726562
1997-03-18,22.75,22.8125,20.625,20.9375,20.9375,5478600,789.6599731445312
1997-03-19,20.9375,20.9375,18.5625,19.75,19.75,15518200,785.77001953125
1997-03-20,19.9375,20.6875,19.375,20.0625,20.0625,8375600,782.6500244140625
1997-03-21,20.0625,20.4375,19.375,19.5625,19.5625,3607400,784.0999755859375
1997-03-24,19.5,19.5,17.8125,18.8125,18.8125,10937400,790.8900146484375
1997-03-25,18.875,20.5625,18.875,20.375,20.375,7534200,789.0700073242188
1997-03-26,20.375,21.5625,20.1875,21.125,21.125,6452200,790.5
1997-03-27,21.625,21.8125,20.375,20.5,20.5,6006200,773.8800048828125
1997-03-31,20.6875,21.25,20.0,20.75,20.75,7109800,757.1199951171875
1997-04-01,20.625,20.75,19.0625,19.8125,19.8125,8014000,759.6400146484375
1997-04-02,20.375,20.625,19.5,19.75,19.75,11784000,750.1099853515625
1997-04-03,19.5,19.5,18.25,19.0,19.0,7828800,750.3200073242188
1997-04-04,19.0,19.9375,18.75,19.8125,19.8125,7040000,757.9000244140625
1997-04-07,20.25,21.75,20.25,21.5,21.5,7570400,762.1300048828125
1997-04-08,22.0,22.5,21.1875,21.6875,21.6875,12431600,766.1199951171875
1997-04-09,21.6875,21.75,20.5625,20.875,20.875,6079600,760.5999755859375
1997-04-10,20.75,20.75,19.75,19.875,19.875,4709200,758.3400268554688
1997-04-11,19.125,19.5,18.5,19.125,19.125,7296800,737.6500244140625
1997-04-14,19.25,19.375,18.5625,19.125,19.125,5571000,743.72998046875
1997-04-15,19.75,19.8125,18.6875,18.75,18.75,3770000,754.719970703125
1997-04-16,18.6875,19.25,18.5,19.125,19.125,3672000,763.530029296875
1997-04-17,19.625,19.6875,18.9375,19.3125,19.3125,4502200,761.77001953125
1997-04-18,19.5,19.5,18.375,18.375,18.375,3647000,766.3400268554688
1997-04-21,18.375,18.4375,17.5,17.75,17.75,4446800,760.3699951171875
1997-04-22,18.0,19.0,17.5,19.0,19.0,5561600,774.6099853515625
1997-04-23,18.75,19.625,18.6875,18.75,18.75,4750200,773.6400146484375
1997-04-24,19.375,20.75,18.8125,20.75,20.75,6882200,771.1799926757812
1997-04-25,20.25,20.875,19.6875,20.3125,20.3125,6968200,765.3699951171875
1997-04-28,20.3125,20.8125,20.0625,20.625,20.625,4039000,772.9600219726562
1997-04-29,21.0,21.375,20.9375,21.3125,21.3125,4004400,794.0499877929688
1997-04-30,21.0,21.5,21.0,21.25,21.25,3766600,801.3400268554688
1997-05-01,21.3125,21.9375,21.25,21.75,21.75,4140200,798.530029296875
1997-05-02,21.9375,22.125,21.5625,22.0,22.0,3088800,812.969970703125
1997-05-05,22.125,22.3125,21.6875,22.25,22.25,3968600,830.2899780273438
1997-05-06,22.25,22.375,21.25,21.4375,21.4375,3293800,827.760009765625
1997-05-07,21.3125,22.25,21.25,21.8125,21.8125,4577200,815.6199951171875
1997-05-08,21.5,22.4375,21.3125,22.375,22.375,6749000,820.260009765625
1997-05-09,22.5,22.875,22.125,22.5,22.5,5757200,824.780029296875
1997-05-12,22.5,22.5625,21.4375,21.625,21.625,3848000,837.6599731445312
1997-05-13,21.6875,22.0625,21.3125,21.9375,21.9375,2882200,833.1300048828125
1997-05-14,22.125,22.1875,21.375,21.5625,21.5625,2954200,836.0399780273438
1997-05-15,21.6875,22.125,21.5625,22.0,22.0,2867400,841.8800048828125
1997-05-16,21.75,21.9375,21.25,21.3125,21.3125,2542800,829.75
1997-05-19,21.25,21.25,19.75,20.0,20.0,6590000,833.27001953125
1997-05-20,20.125,21.1875,20.0625,21.125,21.125,6267400,841.6599731445312
1997-05-21,21.375,21.4375,20.1875,20.5625,20.5625,5098400,839.3499755859375
1997-05-22,20.5,20.8125,20.3125,20.5,20.5,2121000,835.6599731445312
1997-05-23,20.625,20.9375,20.0625,20.4375,20.4375,1778000,847.030029296875
1997-05-27,20.5,21.375,20.4375,21.0625,21.0625,3380000,849.7100219726562
1997-05-28,21.0625,21.8125,20.9375,21.125,21.125,3595600,847.2100219726562
1997-05-29,20.75,20.75,19.8125,19.9375,19.9375,4821400,844.0800170898438
1997-05-30,19.4375,20.125,18.625,20.0,20.0,8811000,848.280029296875
1997-06-02,20.8125,20.8125,19.5,19.875,19.875,3754600,846.3599853515625
1997-06-03,19.75,19.8125,19.1875,19.375,19.375,3963200,845.47998046875
1997-06-04,19.5,20.0,19.25,19.375,19.375,4702200,840.1099853515625
1997-06-05,19.5,19.6875,18.25,18.75,18.75,7472800,843.4299926757812
1997-06-06,18.75,19.5,18.3125,19.3125,19.3125,6892400,858.010009765625
1997-06-09,19.4375,20.6875,19.125,20.3125,20.3125,7199400,862.9099731445312
1997-06-10,20.3125,20.375,19.5625,19.5625,19.5625,4200800,865.27001953125
1997-06-11,19.4375,20.0625,19.1875,19.6875,19.6875,4652200,869.5700073242188
1997-06-12,19.125,19.375,18.8125,19.0,19.0,8050800,883.4600219726562
1997-06-13,18.9375,19.25,18.3125,18.4375,18.4375,8244000,893.27001953125
1997-06-16,18.625,19.25,18.625,18.875,18.875,4071400,893.9000244140625
1997-06-17,19.1875,19.75,19.125,19.5625,19.5625,3994600,894.4199829101562
1997-06-18,19.375,19.75,19.0,19.3125,19.3125,4038000,889.0599975585938
1997-06-19,19.375,19.375,18.8125,18.9375,18.9375,4802200,897.989990234375
1997-06-20,18.75,18.8125,18.4375,18.46875,18.46875,4169400,898.7000122070312
1997-06-23,18.4375,18.8125,18.3125,18.5,18.5,3105800,878.6199951171875
1997-06-24,18.625,18.75,18.5,18.75,18.75,2201800,896.3400268554688
1997-06-25,18.8125,19.125,18.75,19.0625,19.0625,4602800,888.989990234375
1997-06-26,18.75,18.875,17.9375,18.15625,18.15625,5506800,883.6799926757812
1997-06-27,18.3125,18.3125,17.78125,17.875,17.875,3464200,887.2999877929688
1997-06-30,17.84375,18.21875,17.0,17.9375,17.9375,5949200,885.1400146484375
1997-07-01,17.75,17.75,17.28125,17.375,17.375,4489200,891.030029296875
1997-07-02,17.75,17.75,17.4375,17.53125,17.53125,4557000,904.030029296875
1997-07-03,18.0,18.46875,17.75,17.96875,17.96875,1776400,916.9199829101562
1997-07-07,18.8125,19.1875,18.5625,19.0,19.0,5829800,912.2000122070312
1997-07-08,19.25,19.71875,18.28125,18.875,18.875,7719000,918.75
1997-07-09,18.875,20.0,18.6875,19.5,19.5,13074800,907.5399780273438
1997-07-10,19.4375,19.5,18.84375,19.21875,19.21875,3652600,913.780029296875
1997-07-11,19.28125,19.3125,18.8125,18.96875,18.96875,2324400,916.6799926757812
1997-07-14,18.875,19.46875,18.84375,19.28125,19.28125,3689200,918.3800048828125
1997-07-15,19.375,19.5,19.25,19.34375,19.34375,2696400,925.760009765625
1997-07-16,19.6875,20.4375,19.625,20.0,20.0,6103200,936.5900268554688
1997-07-17,20.0,20.0,19.5625,19.65625,19.65625,2273000,931.6099853515625
1997-07-18,19.5,19.625,18.5,18.65625,18.65625,3379200,915.2999877929688
1997-07-21,18.625,18.6875,17.875,18.0625,18.0625,4115400,912.9400024414062
1997-07-22,18.09375,18.625,18.0625,18.59375,18.59375,2318800,933.97998046875
1997-07-23,18.84375,19.0,18.09375,18.15625,18.15625,2772400,936.5599975585938
1997-07-24,18.15625,18.21875,17.71875,17.875,17.875,3621000,940.2999877929688
1997-07-25,17.875,17.9375,17.53125,17.5625,17.5625,2276400,938.7899780273438
1997-07-28,17.59375,18.09375,17.46875,17.75,17.75,2922800,936.4500122070312
1997-07-29,17.71875,17.875,17.125,17.25,17.25,3374400,942.2899780273438
1997-07-30,17.1875,17.625,16.90625,16.90625,16.90625,4466400,952.2899780273438
1997-07-31,16.96875,17.8125,16.59375,17.5625,17.5625,6008400,954.3099975585938
1997-08-01,17.625,18.5,17.5625,18.1875,18.1875,7968000,947.1400146484375
1997-08-04,18.75,18.875,18.34375,18.53125,18.53125,4501600,950.2999877929688
1997-08-05,18.75,19.34375,18.625,19.1875,19.1875,4905000,952.3699951171875
1997-08-06,19.25,19.625,18.875,19.09375,19.09375,4086600,960.3200073242188
1997-08-07,19.25,19.375,18.4375,18.4375,18.4375,3598800,951.1900024414062
1997-08-08,18.25,18.46875,17.96875,18.03125,18.03125,2860600,933.5399780273438
1997-08-11,18.0625,18.21875,17.59375,17.8125,17.8125,2108600,937.0
1997-08-12,17.96875,18.375,17.84375,17.875,17.875,1797000,926.530029296875
1997-08-13,18.15625,19.125,17.6875,19.0,19.0,5443400,922.02001953125
1997-08-14,19.25,19.625,18.75,19.0,19.0,5281600,924.77001953125
1997-08-15,18.96875,18.96875,18.65625,18.75,18.75,1999400,900.8099975585938
1997-08-18,18.53125,21.375,18.375,21.25,21.25,8634600,912.489990234375
1997-08-19,20.96875,21.125,20.3125,20.6875,20.6875,10580600,926.010009765625
1997-08-20,20.5,20.75,20.25,20.5625,20.5625,4032400,939.3499755859375
1997-08-21,20.625,21.21875,20.46875,20.96875,20.96875,6856800,925.0499877929688
1997-08-22,20.4375,21.0625,19.8125,20.90625,20.90625,5427200,923.5399780273438
1997-08-25,21.0,21.1875,20.40625,20.53125,20.53125,3384200,920.1599731445312
1997-08-26,20.5,20.5,19.59375,19.75,19.75,2213000,913.02001953125
1997-08-27,19.875,20.0,19.34375,19.5625,19.5625,2113200,913.7000122070312
1997-08-28,19.4375,19.75,19.125,19.25,19.25,1900400,903.6699829101562
1997-08-29,18.9375,19.0,18.5625,18.8125,18.8125,3035000,899.469970703125
1997-09-02,18.90625,19.5,18.90625,19.4375,19.4375,2105000,927.5800170898438
1997-09-03,19.71875,20.0,18.0,19.4375,19.4375,2382600,927.8599853515625
1997-09-04,18.0625,18.1875,17.5625,17.625,17.625,13555200,930.8699951171875
1997-09-05,17.75,17.875,17.28125,17.65625,17.65625,8004000,929.0499877929688
1997-09-08,17.71875,17.875,16.90625,17.0,17.0,5205600,931.2000122070312
1997-09-09,17.0,17.21875,16.875,16.875,16.875,4605800,933.6199951171875
1997-09-10,16.90625,17.0625,16.3125,16.375,16.375,4863800,919.030029296875
1997-09-11,16.40625,17.375,16.3125,17.0625,17.0625,6133800,912.5900268554688
1997-09-12,17.5,18.0,17.4375,17.75,17.75,10132400,923.9099731445312
1997-09-15,17.75,17.9375,16.9375,17.0,17.0,3645800,919.77001953125
1997-09-16,17.125,17.21875,16.5,17.03125,17.03125,3830400,945.6400146484375
1997-09-17,17.34375,17.34375,16.40625,16.53125,16.53125,7476800,943.0
1997-09-18,16.5625,16.59375,15.75,16.09375,16.09375,8195200,947.2899780273438
1997-09-19,16.0,16.34375,15.625,16.25,16.25,4519200,950.510009765625
1997-09-22,16.75,16.8125,16.3125,16.59375,16.59375,4114800,955.4299926757812
1997-09-23,16.5,16.65625,16.0,16.25,16.25,3589800,951.9299926757812
1997-09-24,16.1875,16.25,15.375,15.625,15.625,5949000,944.47998046875
1997-09-25,16.0,16.6875,15.84375,16.3125,16.3125,8776600,937.9099731445312
1997-09-26,16.46875,16.625,16.03125,16.1875,16.1875,3952200,945.219970703125
1997-09-29,16.25,16.6875,16.25,16.375,16.375,2431400,953.3400268554688
1997-09-30,16.21875,16.65625,16.0,16.28125,16.28125,4521800,947.280029296875
1997-10-01,14.75,14.875,13.375,13.5,13.5,24972400,955.4099731445312
1997-10-02,13.875,14.5,13.71875,14.40625,14.40625,10023800,960.4600219726562
1997-10-03,14.5,15.5625,14.3125,14.90625,14.90625,9889200,965.030029296875
1997-10-06,15.09375,15.09375,14.03125,14.03125,14.03125,5090800,972.6900024414062
1997-10-07,14.25,15.25,14.125,15.0,15.0,6663600,983.1199951171875
1997-10-08,14.375,15.4375,14.3125,15.3125,15.3125,9376200,973.8400268554688
1997-10-09,15.125,15.75,14.9375,15.59375,15.59375,3824800,970.6199951171875
1997-10-10,15.625,15.8125,15.28125,15.40625,15.40625,2832600,966.97998046875
1997-10-13,15.4375,15.5625,15.125,15.34375,15.34375,2099600,968.0999755859375
1997-10-14,15.375,15.4375,14.65625,14.90625,14.90625,3328000,970.280029296875
1997-10-15,14.71875,14.9375,14.59375,14.75,14.75,2475200,965.719970703125
1997-10-16,14.84375,14.96875,14.15625,14.375,14.375,3505800,955.25
1997-10-17,14.375,14.75,13.75,14.0625,14.0625,4091600,944.1599731445312
1997-10-20,14.03125,14.03125,13.59375,14.03125,14.03125,4196800,955.6099853515625
1997-10-21,14.1875,14.875,14.125,14.71875,14.71875,4834000,972.280029296875
1997-10-22,14.71875,14.75,14.03125,14.1875,14.1875,1975800,968.489990234375
1997-10-23,14.0,14.4375,13.5,13.75,13.75,5065800,950.6900024414062
1997-10-24,13.875,13.90625,12.625,13.09375,13.09375,6277600,941.6400146484375
1997-10-27,12.75,12.875,10.40625,10.5,10.5,6555400,876.989990234375
1997-10-28,9.8125,12.5,9.8125,12.5,12.5,10581400,921.8499755859375
1997-10-29,12.71875,12.71875,11.9375,12.0625,12.0625,4987000,919.1599731445312
1997-10-30,11.71875,11.8125,11.03125,11.09375,11.09375,4438600,903.6799926757812
1997-10-31,11.75,11.875,10.8125,11.5,11.5,3686200,914.6199951171875
1997-11-03,11.90625,12.28125,11.625,12.03125,12.03125,2974200,938.989990234375
1997-11-04,12.09375,12.28125,11.8125,11.96875,11.96875,1793600,940.760009765625
1997-11-05,12.0,12.25,11.53125,12.0625,12.0625,3157000,942.760009765625
1997-11-06,12.0,12.03125,10.75,10.9375,10.9375,6149200,938.030029296875
1997-11-07,10.5,11.46875,10.125,11.28125,11.28125,6466800,927.510009765625
1997-11-10,11.3125,11.3125,10.46875,10.625,10.625,3274400,921.1300048828125
1997-11-11,10.65625,11.0,10.5625,10.8125,10.8125,3430600,923.780029296875
1997-11-12,10.6875,10.8125,9.96875,9.96875,9.96875,2930800,905.9600219726562
1997-11-13,10.0625,10.5625,9.28125,10.5625,10.5625,7347000,916.6599731445312
1997-11-14,10.6875,10.6875,9.875,10.21875,10.21875,3926200,928.3499755859375
1997-11-17,10.65625,11.03125,10.53125,11.0,11.0,3328000,946.2000122070312
1997-11-18,10.96875,11.125,10.75,10.96875,10.96875,2842400,938.22998046875
1997-11-19,10.84375,11.0625,10.375,10.46875,10.46875,2740200,944.5900268554688
1997-11-20,10.5,11.46875,10.5,11.40625,11.40625,4687600,958.97998046875
1997-11-21,11.46875,11.59375,11.03125,11.3125,11.3125,2725200,963.0900268554688
1997-11-24,11.3125,11.3125,10.96875,11.125,11.125,2605200,946.6699829101562
1997-11-25,11.125,11.3125,11.03125,11.0625,11.0625,1849400,950.8200073242188
1997-11-26,10.9375,11.25,10.625,10.78125,10.78125,3232000,951.6400146484375
1997-11-28,10.65625,10.96875,10.625,10.90625,10.90625,880600,955.4000244140625
1997-12-01,11.0,11.3125,10.90625,11.28125,11.28125,2264400,974.77001953125
1997-12-02,11.28125,11.3125,10.5625,10.6875,10.6875,2357200,971.6799926757812
1997-12-03,10.625,11.0,10.28125,10.75,10.75,2279200,976.77001953125
1997-12-04,10.90625,10.9375,10.28125,10.46875,10.46875,1852400,973.0999755859375
1997-12-05,10.375,10.96875,10.3125,10.5625,10.5625,3156000,983.7899780273438
1997-12-08,10.5625,11.0625,10.1875,10.9375,10.9375,2961600,982.3699951171875
1997-12-09,10.9375,10.9375,10.25,10.40625,10.40625,2188600,975.780029296875
1997-12-10,10.28125,10.28125,9.78125,9.9375,9.9375,2973400,969.7899780273438
1997-12-11,9.75,9.75,9.25,9.34375,9.34375,3523000,954.9400024414062
1997-12-12,9.53125,9.59375,8.9375,9.09375,9.09375,3267600,953.3900146484375
1997-12-15,9.125,9.25,8.75,9.21875,9.21875,3863600,963.3900146484375
1997-12-16,9.21875,9.3125,9.125,9.15625,9.15625,2854400,968.0399780273438
1997-12-17,9.28125,9.46875,9.21875,9.46875,9.46875,3226600,965.5399780273438
1997-12-18,9.46875,9.46875,9.09375,9.125,9.125,2802400,955.2999877929688
1997-12-19,9.125,9.4375,8.90625,9.40625,9.40625,4693600,946.780029296875
1997-12-22,9.46875,9.65625,9.1875,9.28125,9.28125,2711400,953.7000122070312
1997-12-23,9.25,9.34375,8.96875,8.96875,8.96875,2040800,939.1300048828125
1997-12-24,9.09375,9.125,8.84375,8.875,8.875,1060200,932.7000122070312
1997-12-26,8.78125,8.90625,8.75,8.78125,8.78125,1072800,936.4600219726562
1997-12-29,8.84375,8.96875,8.5625,8.6875,8.6875,2806200,953.3499755859375
1997-12-30,8.6875,8.78125,8.5625,8.5625,8.5625,3097000,970.8400268554688
1997-12-31,8.6875,9.09375,8.625,8.875,8.875,6449200,970.4299926757812
1998-01-02,9.125,9.65625,9.09375,9.65625,9.65625,2512400,975.0399780273438
1998-01-05,9.6875,9.75,9.4375,9.65625,9.65625,5016000,977.0700073242188
1998-01-06,10.0625,10.4375,9.84375,9.96875,9.96875,9235400,966.5800170898438
1998-01-07,9.78125,9.8125,9.375,9.5,9.5,4503800,964.0
1998-01-08,9.53125,9.84375,9.375,9.46875,9.46875,3452400,956.0499877929688
1998-01-09,9.53125,9.5625,8.8125,9.125,9.125,3219400,927.6900024414062
1998-01-12,8.75,9.125,8.65625,8.875,8.875,2610600,939.2100219726562
1998-01-13,9.0,10.4375,8.96875,10.4375,10.4375,4973400,952.1199951171875
1998-01-14,9.59375,9.625,9.125,9.21875,9.21875,5866600,957.9400024414062
1998-01-15,9.25,9.34375,9.03125,9.03125,9.03125,3387400,950.72998046875
1998-01-16,9.125,9.1875,8.75,8.90625,8.90625,3041000,961.510009765625
1998-01-20,8.90625,9.28125,8.875,9.28125,9.28125,2212000,978.5999755859375
1998-01-21,9.25,9.3125,9.0625,9.28125,9.28125,2090800,970.8099975585938
1998-01-22,9.1875,9.375,9.03125,9.1875,9.1875,2435200,963.0399780273438
1998-01-23,9.3125,9.3125,9.03125,9.0625,9.0625,1321000,957.5900268554688
1998-01-26,9.1875,9.46875,9.1875,9.46875,9.46875,2760000,956.9500122070312
1998-01-27,9.4375,9.75,9.3125,9.375,9.375,2224600,969.02001953125
1998-01-28,9.40625,9.84375,9.40625,9.59375,9.59375,2698800,977.4600219726562
1998-01-29,9.5,10.03125,9.34375,9.875,9.875,5921000,985.489990234375
1998-01-30,10.0,10.09375,9.8125,10.09375,10.09375,3252200,980.280029296875
1998-02-02,10.15625,10.25,9.8125,10.03125,10.03125,5814200,1001.27001953125
1998-02-03,10.0625,10.34375,9.8125,10.0,10.0,5969000,1006.0
1998-02-04,9.96875,10.15625,9.8125,10.0,10.0,4109000,1006.9000244140625
1998-02-05,10.0,10.0,9.46875,9.53125,9.53125,4945400,1003.5399780273438
1998-02-06,9.4375,9.5,8.96875,9.25,9.25,4873200,1012.4600219726562
1998-02-09,9.25,9.71875,9.25,9.5625,9.5625,3178600,1010.739990234375
1998-02-10,9.625,9.84375,9.53125,9.6875,9.6875,3343400,1019.010009765625
1998-02-11,9.78125,9.84375,9.46875,9.5625,9.5625,2505400,1020.010009765625
1998-02-12,9.53125,9.59375,9.3125,9.5,9.5,2163600,1024.1400146484375
1998-02-13,9.5,9.5625,9.40625,9.5625,9.5625,1460400,1020.0900268554688
1998-02-17,9.625,9.65625,9.40625,9.46875,9.46875,1931000,1022.760009765625
1998-02-18,9.4375,9.59375,9.4375,9.5625,9.5625,1580400,1032.0799560546875
1998-02-19,9.65625,9.90625,9.5625,9.75,9.75,3591000,1028.280029296875
1998-02-20,9.8125,9.96875,9.71875,9.875,9.875,3421600,1034.2099609375
1998-02-23,9.96875,10.40625,9.90625,10.375,10.375,9154600,1038.1400146484375
1998-02-24,10.46875,10.8125,10.28125,10.34375,10.34375,9780800,1030.56005859375
1998-02-25,10.625,10.875,10.53125,10.875,10.875,5526000,1042.9000244140625
1998-02-26,10.875,12.5625,10.78125,12.5625,12.5625,16799800,1048.6700439453125
1998-02-27,12.6875,12.6875,11.5,11.75,11.75,14213200,1049.3399658203125
1998-03-02,11.75,11.9375,11.0625,11.125,11.125,4850600,1047.699951171875
1998-03-03,10.875,11.40625,10.5,11.40625,11.40625,4583800,1052.02001953125
1998-03-04,10.96875,11.21875,10.25,10.25,10.25,6159800,1047.3299560546875
1998-03-05,10.5625,10.65625,10.375,10.5,10.5,4751800,1035.050048828125
1998-03-06,10.53125,11.03125,10.53125,10.90625,10.90625,5197800,1055.68994140625
1998-03-09,10.78125,10.78125,10.28125,10.28125,10.28125,2700600,1052.31005859375
1998-03-10,10.5,10.875,10.3125,10.875,10.875,2406200,1064.25
1998-03-11,10.875,11.15625,10.65625,10.6875,10.6875,3657200,1068.469970703125
1998-03-12,10.75,11.25,10.6875,11.085938453674316,11.085938453674316,4685000,1069.9200439453125
1998-03-13,11.0625,11.15625,10.84375,10.96875,10.96875,1917800,1068.6099853515625
1998-03-16,11.0,11.625,10.9375,11.5,11.5,5651600,1079.27001953125
1998-03-17,11.5,11.5,10.90625,11.03125,11.03125,3379800,1080.449951171875
1998-03-18,11.0625,11.21875,11.03125,11.15625,11.15625,2206800,1085.52001953125
1998-03-19,11.1875,11.96875,11.15625,11.96875,11.96875,6961800,1089.739990234375
1998-03-20,11.96875,12.0,11.15625,11.1875,11.1875,5315400,1099.1600341796875
1998-03-23,11.1875,11.53125,10.96875,11.40625,11.40625,2272800,1095.550048828125
1998-03-24,11.40625,11.875,11.375,11.53125,11.53125,2919000,1105.6500244140625
1998-03-25,11.5625,11.6875,11.28125,11.46875,11.46875,3431200,1101.9300537109375
1998-03-26,11.46875,11.8125,11.375,11.6875,11.6875,2783000,1100.800048828125
1998-03-27,11.5,12.40625,11.5,12.34375,12.34375,7113200,1095.43994140625
1998-03-30,12.5,13.3125,12.5,13.28125,13.28125,17118800,1093.5999755859375
1998-03-31,13.75,14.8125,13.5,14.53125,14.53125,20423000,1101.75
1998-04-01,14.625,15.125,14.03125,14.96875,14.96875,15246600,1108.1500244140625
1998-04-02,14.96875,15.25,14.5625,14.84375,14.84375,10321400,1120.010009765625
1998-04-03,14.65625,14.75,14.25,14.28125,14.28125,4924800,1122.699951171875
1998-04-06,14.25,15.3125,14.25,15.21875,15.21875,11542800,1121.3800048828125
1998-04-07,15.125,15.5,14.0,15.25,15.25,7863200,1109.550048828125
1998-04-08,14.875,14.875,13.5,13.65625,13.65625,11244600,1101.6500244140625
1998-04-09,13.8125,13.84375,13.1875,13.3125,13.3125,5589000,1110.6700439453125
1998-04-13,13.125,13.15625,12.625,12.65625,12.65625,6662600,1109.68994140625
1998-04-14,12.5625,13.28125,12.5625,13.125,13.125,4510800,1115.75
1998-04-15,13.3125,13.5625,13.125,13.125,13.125,3328200,1119.3199462890625
1998-04-16,13.09375,13.125,12.40625,12.875,12.875,2387600,1108.1700439453125
1998-04-17,12.75,13.875,12.59375,13.875,13.875,3457600,1122.719970703125
1998-04-20,13.625,13.9375,13.3125,13.9375,13.9375,4635400,1123.6500244140625
1998-04-21,14.21875,14.40625,13.78125,13.875,13.875,6050600,1126.6700439453125
1998-04-22,13.8125,14.5625,13.75,14.28125,14.28125,5466000,1130.5400390625
1998-04-23,14.25,15.0625,13.9375,14.65625,14.65625,7249600,1119.5799560546875
1998-04-24,14.71875,15.0,14.1875,14.5625,14.5625,3808200,1107.9000244140625
1998-04-27,14.1875,14.375,13.8125,14.09375,14.09375,3043000,1086.5400390625
1998-04-28,14.03125,14.4375,13.5,13.71875,13.71875,2522400,1085.1099853515625
1998-04-29,13.84375,14.0625,13.65625,14.0,14.0,2744000,1094.6199951171875
1998-04-30,14.09375,14.34375,13.78125,13.875,13.875,2514400,1111.75
1998-05-01,13.8125,13.875,13.375,13.78125,13.78125,2829800,1121.0
1998-05-04,13.78125,13.96875,13.0,13.3125,13.3125,4647600,1122.0699462890625
1998-05-05,12.875,13.21875,12.8125,12.875,12.875,5416600,1115.5
1998-05-06,12.875,13.1875,12.59375,12.71875,12.71875,9851400,1104.9200439453125
1998-05-07,12.75,12.875,12.59375,12.6875,12.6875,4695600,1095.1400146484375
1998-05-08,12.59375,12.96875,12.59375,12.96875,12.96875,4705800,1108.1400146484375
1998-05-11,13.25,13.375,12.6875,12.6875,12.6875,6973800,1106.6400146484375
1998-05-12,12.71875,13.0,12.46875,13.0,13.0,5071000,1115.7900390625
1998-05-13,13.15625,13.1875,12.84375,13.0,13.0,2347400,1118.8599853515625
1998-05-14,12.8125,13.09375,12.5625,12.5625,12.5625,3010200,1117.3699951171875
1998-05-15,12.375,12.375,11.125,11.125,11.125,9174000,1108.72998046875
1998-05-18,11.15625,11.5,10.8125,11.09375,11.09375,4908000,1105.8199462890625
1998-05-19,11.375,11.46875,11.0625,11.1875,11.1875,3632200,1109.52001953125
1998-05-20,11.34375,11.375,10.25,10.3125,10.3125,7869400,1119.06005859375
1998-05-21,10.375,10.46875,9.96875,10.09375,10.09375,7137400,1114.6400146484375
1998-05-22,10.09375,10.21875,9.96875,10.03125,10.03125,3341400,1110.469970703125
1998-05-26,10.125,10.3125,9.875,10.0,10.0,3504600,1094.02001953125
1998-05-27,9.78125,10.0,9.53125,9.96875,9.96875,4931800,1092.22998046875
1998-05-28,10.0625,10.40625,9.90625,10.0625,10.0625,6879600,1097.5999755859375
1998-05-29,10.125,10.3125,9.75,9.78125,9.78125,4871400,1090.8199462890625
1998-06-01,9.90625,10.125,9.53125,9.625,9.625,3039800,1090.97998046875
1998-06-02,9.75,9.875,9.15625,9.375,9.375,6368400,1093.219970703125
1998-06-03,9.5,9.625,8.9375,9.0,9.0,5702400,1082.72998046875
1998-06-04,9.125,9.21875,8.96875,9.1875,9.1875,4891000,1094.8299560546875
1998-06-05,9.15625,9.46875,9.0625,9.15625,9.15625,3555000,1113.8599853515625
1998-06-08,9.15625,9.25,8.96875,9.0625,9.0625,4876200,1115.719970703125
1998-06-09,9.09375,9.375,8.8125,9.3125,9.3125,4795600,1118.4100341796875
1998-06-10,9.125,9.125,8.75,8.8125,8.8125,4363400,1112.280029296875
1998-06-11,8.90625,8.90625,8.625,8.8125,8.8125,2762400,1094.5799560546875
1998-06-12,8.8125,8.84375,8.1875,8.4375,8.4375,5704800,1098.8399658203125
1998-06-15,8.5,8.8125,8.4375,8.5,8.5,3159800,1077.010009765625
1998-06-16,8.625,8.9375,8.53125,8.90625,8.90625,3412400,1087.5899658203125
1998-06-17,9.0625,9.3125,8.78125,8.8125,8.8125,3291200,1107.1099853515625
1998-06-18,8.84375,9.0625,8.65625,9.0,9.0,2025000,1106.3699951171875
1998-06-19,9.125,9.15625,8.6875,8.75,8.75,1387000,1100.6500244140625
1998-06-22,8.75,9.1875,8.53125,9.125,9.125,2746200,1103.2099609375
1998-06-23,9.125,9.28125,8.875,8.9375,8.9375,2986800,1119.489990234375
1998-06-24,9.0,9.3125,8.75,9.125,9.125,3244600,1132.8800048828125
1998-06-25,9.1875,9.375,8.90625,9.0,9.0,3966000,1129.280029296875
1998-06-26,8.96875,9.0625,8.75,8.875,8.875,3924400,1133.199951171875
1998-06-29,8.875,8.96875,8.65625,8.6875,8.6875,2873000,1138.489990234375
1998-06-30,8.65625,8.84375,8.46875,8.53125,8.53125,4108800,1133.8399658203125
1998-07-01,8.65625,8.6875,8.1875,8.375,8.375,4661800,1148.56005859375
1998-07-02,8.375,8.46875,8.09375,8.375,8.375,3658000,1146.4200439453125
1998-07-06,8.375,8.375,8.1875,8.25,8.25,2197000,1157.3299560546875
1998-07-07,8.1875,9.03125,8.09375,9.0,9.0,5500600,1154.6600341796875
1998-07-08,9.125,9.5,8.9375,9.0625,9.0625,9980000,1166.3800048828125
1998-07-09,8.0625,8.25,7.65625,7.9375,7.9375,14758400,1158.56005859375
1998-07-10,7.90625,7.96875,7.6875,7.84375,7.84375,4665000,1164.3299560546875
1998-07-13,7.84375,7.875,7.59375,7.71875,7.71875,2709800,1165.18994140625
1998-07-14,7.78125,8.1875,7.78125,8.1875,8.1875,5922200,1177.5799560546875
1998-07-15,8.21875,8.75,8.125,8.6875,8.6875,6520000,1174.81005859375
1998-07-16,8.78125,8.84375,8.34375,8.375,8.375,3455400,1183.989990234375
1998-07-17,8.375,8.5,8.125,8.28125,8.28125,4079200,1186.75
1998-07-20,8.8125,8.8125,8.4375,8.6875,8.6875,5232800,1184.0999755859375
1998-07-21,8.875,9.09375,8.8125,8.84375,8.84375,4367000,1165.0699462890625
1998-07-22,8.75,8.75,8.1875,8.28125,8.28125,5934800,1164.0799560546875
1998-07-23,8.40625,8.4375,8.125,8.1875,8.1875,2212400,1139.75
1998-07-24,8.1875,8.34375,8.03125,8.125,8.125,1614400,1140.800048828125
1998-07-27,8.09375,8.15625,7.90625,8.15625,8.15625,1586000,1147.27001953125
1998-07-28,8.125,8.375,8.03125,8.25,8.25,1586000,1130.239990234375
1998-07-29,8.21875,8.25,7.8125,7.84375,7.84375,2266800,1125.2099609375
1998-07-30,8.4375,8.65625,8.25,8.5625,8.5625,4746200,1142.949951171875
1998-07-31,8.75,9.0625,8.59375,8.625,8.625,4956800,1120.6700439453125
1998-08-03,8.5625,8.59375,8.28125,8.4375,8.4375,2298200,1112.43994140625
1998-08-04,8.5,8.59375,7.96875,8.0,8.0,2928000,1072.1199951171875
1998-08-05,8.0625,8.25,7.78125,7.9375,7.9375,3236800,1081.4300537109375
1998-08-06,7.90625,8.625,7.875,8.375,8.375,4333000,1089.6300048828125
1998-08-07,8.84375,9.40625,8.8125,9.0,9.0,8252400,1089.449951171875
1998-08-10,9.09375,9.375,8.96875,9.0,9.0,3312200,1083.1400146484375
1998-08-11,8.53125,9.21875,8.53125,8.9375,8.9375,3838200,1068.97998046875
1998-08-12,9.3125,9.53125,9.21875,9.3125,9.3125,5649800,1084.219970703125
1998-08-13,9.3125,9.4375,8.84375,9.0,9.0,2103400,1074.9100341796875
1998-08-14,9.3125,9.375,9.0,9.0,9.0,3227200,1062.75
1998-08-17,9.125,9.4375,9.09375,9.4375,9.4375,4477400,1083.6700439453125
1998-08-18,9.5,10.0625,9.4375,10.03125,10.03125,12423400,1101.199951171875
1998-08-19,9.96875,9.96875,9.125,9.40625,9.40625,8262800,1098.06005859375
1998-08-20,9.0,9.15625,8.78125,8.90625,8.90625,4848800,1091.5999755859375
1998-08-21,8.625,8.8125,8.375,8.8125,8.8125,4938400,1081.239990234375
1998-08-24,8.875,9.125,8.5625,8.65625,8.65625,2577000,1088.1400146484375
1998-08-25,8.84375,9.03125,8.75,8.78125,8.78125,4657800,1092.8499755859375
1998-08-26,8.59375,8.6875,8.4375,8.5,8.5,2930000,1084.18994140625
1998-08-27,8.125,8.21875,7.53125,7.6875,7.6875,7540000,1042.5899658203125
1998-08-28,7.8125,8.09375,7.375,7.59375,7.59375,4955000,1027.1400146484375
1998-08-31,7.59375,7.6875,6.375,6.5,6.5,4716200,957.280029296875
1998-09-01,6.65625,7.25,6.375,7.1875,7.1875,4905000,994.260009765625
1998-09-02,7.40625,7.6875,7.0625,7.34375,7.34375,4567600,990.47998046875
1998-09-03,7.15625,7.5625,6.9375,7.0,7.0,3177400,982.260009765625
1998-09-04,7.15625,7.21875,6.75,7.125,7.125,2764400,973.8900146484375
1998-09-08,7.5625,7.71875,7.28125,7.5625,7.5625,3435200,1023.4600219726562
1998-09-09,7.90625,8.3125,7.84375,8.125,8.125,6926800,1006.2000122070312
1998-09-10,7.78125,8.15625,7.5625,8.09375,8.09375,4129800,980.1900024414062
1998-09-11,8.46875,8.6875,8.375,8.625,8.625,6137400,1009.0599975585938
1998-09-14,8.75,8.84375,8.375,8.40625,8.40625,2953600,1029.719970703125
1998-09-15,8.34375,8.53125,8.09375,8.46875,8.46875,2115200,1037.6800537109375
1998-09-16,8.5,8.65625,8.3125,8.375,8.375,2607600,1045.47998046875
1998-09-17,8.25,9.1875,8.25,8.875,8.875,10539600,1018.8699951171875
1998-09-18,8.9375,9.09375,8.78125,8.96875,8.96875,4728800,1020.0900268554688
1998-09-21,8.75,9.0625,8.5625,9.0,9.0,3502000,1023.8900146484375
1998-09-22,9.4375,9.59375,9.3125,9.375,9.375,8915000,1029.6300048828125
1998-09-23,9.75,10.46875,9.4375,10.46875,10.46875,16637000,1066.0899658203125
1998-09-24,10.09375,10.5,9.75,9.96875,9.96875,8177200,1042.719970703125
1998-09-25,9.75,10.28125,9.75,10.21875,10.21875,6725200,1044.75
1998-09-28,10.1875,10.21875,9.71875,9.78125,9.78125,4188800,1048.68994140625
1998-09-29,9.875,9.96875,9.21875,9.40625,9.40625,4353200,1049.02001953125
1998-09-30,9.34375,9.34375,8.9375,9.28125,9.28125,2786800,1017.010009765625
1998-10-01,9.15625,9.625,8.75,8.8125,8.8125,4621400,986.3900146484375
1998-10-02,9.09375,9.40625,8.90625,9.375,9.375,3671600,1002.5999755859375
1998-10-05,9.375,9.65625,8.78125,9.1875,9.1875,5285600,988.5599975585938
1998-10-06,9.71875,9.9375,9.125,9.9375,9.9375,10884200,984.5900268554688
1998-10-07,9.3125,9.625,7.75,7.875,7.875,19355800,970.6799926757812
1998-10-08,7.5,7.5625,6.8125,7.0,7.0,11290400,959.4400024414062
1998-10-09,7.28125,8.0,7.03125,7.59375,7.59375,11084200,984.3900146484375
1998-10-12,8.0,8.34375,7.90625,8.0,8.0,7049800,997.7100219726562
1998-10-13,8.125,8.28125,7.625,7.84375,7.84375,3848200,994.7999877929688
1998-10-14,7.75,8.3125,7.65625,8.03125,8.03125,4664600,1005.530029296875
1998-10-15,8.03125,8.5625,8.03125,8.46875,8.46875,4534200,1047.489990234375
1998-10-16,8.75,8.75,8.25,8.59375,8.59375,5414800,1056.4200439453125
1998-10-19,8.65625,8.65625,8.28125,8.46875,8.46875,2875800,1062.3900146484375
1998-10-20,8.625,9.125,8.5,8.5625,8.5625,6332400,1063.9300537109375
1998-10-21,8.78125,8.8125,8.375,8.59375,8.59375,3751600,1069.9200439453125
1998-10-22,8.59375,8.59375,8.34375,8.5,8.5,3345800,1078.47998046875
1998-10-23,8.5625,8.90625,8.5625,8.71875,8.71875,4422200,1070.6700439453125
1998-10-26,8.9375,9.0,8.65625,8.71875,8.71875,2997000,1072.3199462890625
1998-10-27,8.875,8.96875,8.4375,8.71875,8.71875,4569800,1065.3399658203125
1998-10-28,8.71875,9.5625,8.53125,9.40625,9.40625,9404000,1068.0899658203125
1998-10-29,9.40625,10.0,9.25,9.9375,9.9375,11841800,1085.9300537109375
1998-10-30,10.5,11.40625,10.28125,11.28125,11.28125,27399600,1098.6700439453125
1998-11-02,11.4375,11.6875,11.03125,11.5625,11.5625,11951800,1111.5999755859375
1998-11-03,11.5625,11.875,11.28125,11.71875,11.71875,11588400,1110.8399658203125
1998-11-04,12.0,12.5625,11.96875,12.5625,12.5625,13852600,1118.6700439453125
1998-11-05,12.3125,12.59375,12.1875,12.3125,12.3125,7941400,1133.8499755859375
1998-11-06,12.1875,12.46875,11.90625,12.21875,12.21875,5754400,1141.010009765625
1998-11-09,12.25,12.5,12.03125,12.5,12.5,5348400,1130.199951171875
1998-11-10,12.28125,13.375,12.25,13.25,13.25,9374800,1128.260009765625
1998-11-11,13.34375,13.84375,13.25,13.5,13.5,13082600,1120.969970703125
1998-11-12,13.375,14.03125,12.8125,13.75,13.75,11157000,1117.68994140625
1998-11-13,13.75,13.875,13.25,13.375,13.375,6733800,1125.719970703125
1998-11-16,13.78125,13.875,13.5625,13.84375,13.84375,5148200,1135.8699951171875
1998-11-17,13.71875,13.875,13.3125,13.53125,13.53125,5507200,1139.3199462890625
1998-11-18,13.71875,13.96875,13.65625,13.84375,13.84375,4752800,1144.47998046875
1998-11-19,13.875,14.4375,13.875,14.3125,14.3125,7510200,1152.6099853515625
1998-11-20,14.46875,14.5,13.375,13.71875,13.71875,6973200,1163.550048828125
1998-11-23,13.75,13.8125,13.21875,13.25,13.25,6726200,1188.2099609375
1998-11-24,13.25,13.625,12.75,12.8125,12.8125,5409600,1182.989990234375
1998-11-25,13.875,14.6875,13.875,14.5625,14.5625,17674200,1186.8699951171875
1998-11-27,14.625,14.6875,14.5,14.59375,14.59375,3827800,1192.3299560546875
1998-11-30,14.375,14.4375,13.8125,13.84375,13.84375,5093800,1163.6300048828125
1998-12-01,13.3125,14.59375,13.3125,14.59375,14.59375,8515200,1175.280029296875
1998-12-02,14.46875,14.65625,14.09375,14.3125,14.3125,7302600,1171.25
1998-12-03,14.5625,15.6875,14.4375,14.75,14.75,14325200,1150.1400146484375
1998-12-04,15.375,15.96875,15.15625,15.6875,15.6875,8437600,1176.739990234375
1998-12-07,15.6875,16.0,15.46875,15.75,15.75,8622600,1187.699951171875
1998-12-08,15.8125,16.375,15.65625,16.0,16.0,6729600,1181.3800048828125
1998-12-09,15.9375,16.0,15.375,15.46875,15.46875,4087600,1183.489990234375
1998-12-10,15.40625,15.59375,14.375,14.875,14.875,5119600,1165.02001953125
1998-12-11,14.46875,15.4375,14.46875,15.09375,15.09375,4308800,1166.4599609375
1998-12-14,14.78125,14.90625,14.1875,14.28125,14.28125,5261600,1141.199951171875
1998-12-15,14.4375,14.875,14.125,14.375,14.375,3929000,1162.8299560546875
1998-12-16,14.4375,14.46875,13.40625,13.71875,13.71875,7139200,1161.93994140625
1998-12-17,13.8125,14.25,13.25,14.0,14.0,10204000,1179.97998046875
1998-12-18,14.25,14.5,13.84375,14.03125,14.03125,5409000,1188.030029296875
1998-12-21,14.25,14.6875,14.25,14.4375,14.4375,4249400,1202.8399658203125
1998-12-22,14.5,14.59375,13.9375,14.375,14.375,4596800,1203.5699462890625
1998-12-23,14.34375,14.4375,13.625,13.84375,13.84375,6137600,1228.5400390625
1998-12-24,13.96875,14.125,13.78125,14.0,14.0,1281400,1226.27001953125
1998-12-28,14.0,14.09375,13.625,13.65625,13.65625,2918600,1225.489990234375
1998-12-29,13.5,13.75,13.3125,13.75,13.75,3781400,1241.81005859375
1998-12-30,14.25,14.90625,13.8125,14.5625,14.5625,9254000,1231.9300537109375
1998-12-31,14.625,14.9375,14.0,14.5,14.5,4745600,1229.22998046875
1999-01-04,14.5,14.75,13.8125,14.0,14.0,4987600,1228.0999755859375
1999-01-05,13.96875,14.28125,13.5,13.84375,13.84375,10463200,1244.780029296875
1999-01-06,14.0625,14.1875,13.5625,13.625,13.625,12031200,1272.3399658203125
1999-01-07,13.5,14.15625,13.4375,13.71875,13.71875,9706000,1269.72998046875
1999-01-08,14.25,14.3125,13.84375,14.0,14.0,6955800,1275.0899658203125
1999-01-11,14.25,15.96875,14.25,15.9375,15.9375,19264000,1263.8800048828125
1999-01-12,16.125,16.5,15.375,15.75,15.75,15023000,1239.510009765625
1999-01-13,14.75,16.40625,13.875,13.875,13.875,20616000,1234.4000244140625
1999-01-14,12.625,12.625,11.0,11.25,11.25,44225200,1212.18994140625
1999-01-15,11.5,11.5,10.5,11.1875,11.1875,16846600,1243.260009765625
1999-01-19,11.6875,12.0,10.84375,11.0625,11.0625,8237800,1252.0
1999-01-20,11.0625,11.21875,10.375,11.0,11.0,10568400,1256.6199951171875
1999-01-21,10.4375,10.625,9.875,10.5,10.5,13118200,1235.1600341796875
1999-01-22,10.375,11.03125,10.3125,10.78125,10.78125,9179000,1225.18994140625
1999-01-25,11.0625,11.25,10.6875,10.71875,10.71875,7139000,1233.97998046875
1999-01-26,10.875,11.25,10.6875,11.0,11.0,4653600,1252.31005859375
1999-01-27,11.0625,11.125,10.59375,10.625,10.625,3121600,1243.1700439453125
1999-01-28,11.0,11.5,10.90625,11.4375,11.4375,9317200,1265.3699951171875
1999-01-29,11.5625,11.75,11.25,11.46875,11.46875,6167600,1279.6400146484375
1999-02-01,12.46875,12.71875,12.15625,12.4375,12.4375,17797600,1273.0
1999-02-02,12.53125,12.65625,11.96875,12.15625,12.15625,6877800,1261.989990234375
1999-02-03,12.0,12.25,10.0,10.46875,10.46875,25487600,1272.0699462890625
1999-02-04,8.875,9.5,8.75,9.46875,9.46875,25440200,1248.489990234375
1999-02-05,8.5,8.625,8.25,8.40625,8.40625,20294400,1239.4000244140625
1999-02-08,8.5,8.59375,8.40625,8.5625,8.5625,9208800,1243.77001953125
1999-02-09,8.5625,8.59375,8.375,8.375,8.375,4825200,1216.1400146484375
1999-02-10,8.40625,8.4375,8.28125,8.3125,8.3125,4238400,1223.550048828125
1999-02-11,8.34375,8.625,8.34375,8.59375,8.59375,5278400,1254.0400390625
1999-02-12,8.6875,8.875,8.46875,8.78125,8.78125,6549000,1230.1300048828125
1999-02-16,8.875,8.9375,8.53125,8.53125,8.53125,3721800,1241.8699951171875
1999-02-17,8.5,8.6875,8.4375,8.5,8.5,5718200,1224.030029296875
1999-02-18,8.53125,8.59375,8.46875,8.5625,8.5625,3498400,1237.280029296875
1999-02-19,8.5625,9.0,8.46875,8.8125,8.8125,3083800,1239.219970703125
1999-02-22,9.375,9.75,9.25,9.65625,9.65625,12995000,1272.1400146484375
1999-02-23,9.6875,9.84375,9.21875,9.375,9.375,5906200,1271.1800537109375
1999-02-24,9.375,9.4375,9.0625,9.28125,9.28125,3587600,1253.4100341796875
1999-02-25,9.25,9.25,8.90625,9.0625,9.0625,3812800,1245.02001953125
1999-02-26,9.25,9.40625,8.78125,8.9375,8.9375,5830800,1238.3299560546875
1999-03-01,9.34375,9.375,9.0,9.15625,9.15625,6106000,1236.1600341796875
1999-03-02,9.25,9.625,9.1875,9.25,9.25,7772800,1225.5
1999-03-03,9.25,9.375,9.03125,9.0625,9.0625,3528800,1227.699951171875
1999-03-04,9.25,9.3125,9.0,9.25,9.25,2866200,1246.6400146484375
1999-03-05,9.3125,9.34375,9.03125,9.21875,9.21875,3489000,1275.469970703125
1999-03-08,9.28125,9.59375,9.21875,9.46875,9.46875,4248600,1282.72998046875
1999-03-09,8.28125,8.8125,8.15625,8.75,8.75,14533200,1279.8399658203125
1999-03-10,8.6875,8.78125,8.5625,8.6875,8.6875,4871800,1286.8399658203125
1999-03-11,8.75,8.8125,8.375,8.5,8.5,3566600,1297.6800537109375
1999-03-12,8.5,8.5,8.125,8.25,8.25,4126800,1294.5899658203125
1999-03-15,8.1875,8.28125,8.03125,8.15625,8.15625,3006400,1307.260009765625
1999-03-16,8.25,8.625,8.1875,8.5,8.5,3511400,1306.3800048828125
1999-03-17,8.5,8.5,8.34375,8.4375,8.4375,1956800,1297.8199462890625
1999-03-18,8.375,8.40625,8.1875,8.28125,8.28125,2520600,1316.550048828125
1999-03-19,8.28125,8.28125,8.0,8.03125,8.03125,4986400,1299.2900390625
1999-03-22,8.09375,8.1875,8.0,8.03125,8.03125,2340800,1297.010009765625
1999-03-23,8.0,8.03125,7.78125,7.84375,7.84375,2894800,1262.1400146484375
1999-03-24,7.84375,7.9375,7.78125,7.875,7.875,1986600,1268.5899658203125
1999-03-25,8.0,8.21875,7.84375,8.0625,8.0625,3203200,1289.989990234375
1999-03-26,8.0625,8.375,7.9375,8.0,8.0,1681800,1282.800048828125
1999-03-29,8.125,8.1875,7.875,7.9375,7.9375,3363600,1310.1700439453125
1999-03-30,8.0625,8.0625,7.875,7.875,7.875,2197800,1300.75
1999-03-31,7.96875,8.0,7.75,7.75,7.75,2054000,1286.3699951171875
1999-04-01,7.78125,7.84375,7.75,7.8125,7.8125,1410200,1293.719970703125
1999-04-05,7.875,7.9375,7.75,7.84375,7.84375,2412200,1321.1199951171875
1999-04-06,7.875,8.125,7.78125,7.875,7.875,3548600,1317.8900146484375
1999-04-07,8.15625,8.15625,7.875,8.09375,8.09375,2561600,1326.8900146484375
1999-04-08,7.6875,7.84375,7.375,7.78125,7.78125,5398000,1343.97998046875
1999-04-09,7.875,8.0,7.75,7.8125,7.8125,2002800,1348.3499755859375
1999-04-12,7.78125,7.78125,7.53125,7.53125,7.53125,3056600,1358.6300048828125
1999-04-13,7.75,7.75,7.46875,7.5,7.5,2311200,1349.8199462890625
1999-04-14,7.46875,7.5,7.28125,7.375,7.375,2480200,1328.43994140625
1999-04-15,7.5,8.25,7.46875,8.1875,8.1875,8392000,1322.8499755859375
1999-04-16,8.28125,8.28125,7.96875,8.1875,8.1875,3196600,1319.0
1999-04-19,8.28125,8.40625,7.90625,7.96875,7.96875,3295400,1289.47998046875
1999-04-20,8.09375,8.09375,7.875,8.0,8.0,1782400,1306.1700439453125
1999-04-21,8.28125,8.46875,8.125,8.40625,8.40625,3361400,1336.1199951171875
1999-04-22,8.40625,8.59375,8.40625,8.46875,8.46875,3608000,1358.8199462890625
1999-04-23,8.5,8.59375,8.4375,8.5625,8.5625,2015200,1356.8499755859375
1999-04-26,8.5625,8.625,8.3125,8.375,8.375,1447400,1360.0400390625
1999-04-27,8.5,8.5,8.25,8.34375,8.34375,1352200,1362.800048828125
1999-04-28,8.375,8.4375,8.1875,8.1875,8.1875,1194000,1350.9100341796875
1999-04-29,8.125,8.375,8.125,8.25,8.25,1440800,1342.8299560546875
1999-04-30,8.28125,8.4375,8.0625,8.25,8.25,2216400,1335.1800537109375
1999-05-03,8.375,8.375,8.15625,8.21875,8.21875,1009000,1354.6300048828125
1999-05-04,8.15625,8.34375,8.125,8.3125,8.3125,2187600,1332.0
1999-05-05,8.375,8.71875,8.25,8.65625,8.65625,3249200,1347.31005859375
1999-05-06,8.71875,9.1875,8.5,8.65625,8.65625,8004600,1332.050048828125
1999-05-07,8.6875,9.03125,8.6875,8.8125,8.8125,2461400,1345.0
1999-05-10,9.0,9.4375,8.96875,9.34375,9.34375,4328200,1340.300048828125
1999-05-11,9.40625,9.75,9.3125,9.75,9.75,6586800,1355.6099853515625
1999-05-12,9.875,9.875,9.25,9.75,9.75,4888400,1364.0
1999-05-13,9.75,9.75,9.15625,9.15625,9.15625,3289400,1367.56005859375
1999-05-14,9.15625,9.53125,9.03125,9.375,9.375,2491600,1337.800048828125
1999-05-17,9.3125,9.46875,9.1875,9.4375,9.4375,1731600,1339.489990234375
1999-05-18,9.5625,9.78125,9.40625,9.6875,9.6875,3606400,1333.3199462890625
1999-05-19,9.96875,10.875,9.78125,10.8125,10.8125,10018000,1344.22998046875
1999-05-20,10.8125,10.8125,10.0625,10.1875,10.1875,7360800,1338.8299560546875
1999-05-21,10.25,10.46875,10.0625,10.25,10.25,3199800,1330.2900390625
1999-05-24,10.25,10.25,9.40625,9.53125,9.53125,3274800,1306.6500244140625
1999-05-25,9.5625,9.625,9.21875,9.21875,9.21875,3496600,1284.4000244140625
1999-05-26,9.25,9.65625,9.21875,9.65625,9.65625,2273600,1304.760009765625
1999-05-27,9.5625,9.5625,9.21875,9.4375,9.4375,2319800,1281.4100341796875
1999-05-28,9.5,9.5,9.0,9.25,9.25,3630200,1301.8399658203125
1999-06-01,9.28125,9.375,9.125,9.28125,9.28125,1473000,1294.260009765625
1999-06-02,9.1875,9.25,9.0,9.25,9.25,1672000,1294.81005859375
1999-06-03,9.34375,9.34375,8.875,8.90625,8.90625,2738400,1299.5400390625
1999-06-04,8.90625,9.15625,8.90625,8.96875,8.96875,3058400,1327.75
1999-06-07,8.96875,9.0625,8.71875,8.96875,8.96875,2691800,1334.52001953125
1999-06-08,8.9375,8.9375,8.71875,8.84375,8.84375,1550600,1317.3299560546875
1999-06-09,8.84375,8.96875,8.6875,8.71875,8.71875,2410200,1318.6400146484375
1999-06-10,8.65625,8.71875,8.5625,8.6875,8.6875,2249000,1302.8199462890625
1999-06-11,8.6875,8.8125,8.3125,8.40625,8.40625,3317000,1293.6400146484375
1999-06-14,8.4375,8.75,8.28125,8.46875,8.46875,3730400,1294.0
1999-06-15,8.53125,9.3125,8.5,9.15625,9.15625,6199000,1301.1600341796875
1999-06-16,9.125,9.46875,8.96875,9.125,9.125,3314000,1330.4100341796875
1999-06-17,9.125,9.34375,9.03125,9.1875,9.1875,2429000,1339.9000244140625
1999-06-18,9.28125,9.6875,9.25,9.375,9.375,9257800,1342.8399658203125
1999-06-21,9.53125,9.75,9.5,9.59375,9.59375,4704800,1349.0
1999-06-22,9.59375,9.75,9.5625,9.625,9.625,3928000,1335.8800048828125
1999-06-23,9.3125,9.375,8.78125,9.09375,9.09375,7930200,1333.06005859375
1999-06-24,8.28125,8.59375,8.25,8.53125,8.53125,9791200,1315.780029296875
1999-06-25,8.75,8.75,8.5,8.625,8.625,2755400,1315.31005859375
1999-06-28,8.625,8.65625,8.5,8.5625,8.5625,2757000,1331.3499755859375
1999-06-29,8.625,9.09375,8.5625,9.03125,9.03125,3169000,1351.449951171875
1999-06-30,9.03125,9.0625,8.75,9.03125,9.03125,3334000,1372.7099609375
1999-07-01,8.84375,8.9375,8.625,8.6875,8.6875,2448000,1380.9599609375
1999-07-02,8.5625,8.6875,8.5625,8.59375,8.59375,1242800,1391.219970703125
1999-07-06,8.78125,8.78125,8.5,8.5625,8.5625,3496400,1388.1199951171875
1999-07-07,8.5625,8.5625,8.375,8.4375,8.4375,2125000,1395.8599853515625
1999-07-08,8.40625,8.71875,8.40625,8.6875,8.6875,2746200,1394.4200439453125
1999-07-09,8.6875,8.75,8.46875,8.5,8.5,2637000,1403.280029296875
1999-07-12,8.5,8.9375,8.5,8.6875,8.6875,2715000,1399.0999755859375
1999-07-13,8.5625,8.65625,8.5,8.53125,8.53125,1653400,1393.56005859375
1999-07-14,8.8125,9.28125,8.65625,9.0,9.0,6464800,1398.1700439453125
1999-07-15,9.0625,9.125,8.75,8.84375,8.84375,5358000,1409.6199951171875
1999-07-16,8.8125,8.84375,8.6875,8.78125,8.78125,2235400,1418.780029296875
1999-07-19,8.78125,8.8125,8.5625,8.65625,8.65625,2023200,1407.6500244140625
1999-07-20,8.59375,8.625,8.34375,8.375,8.375,2316000,1377.0999755859375
1999-07-21,8.34375,8.5625,8.34375,8.5,8.5,1533000,1379.2900390625
1999-07-22,8.40625,8.46875,8.15625,8.15625,8.15625,2752800,1360.969970703125
1999-07-23,8.15625,8.21875,8.0625,8.0625,8.0625,1878000,1356.93994140625
1999-07-26,8.0625,8.25,8.03125,8.1875,8.1875,1347600,1347.760009765625
1999-07-27,8.1875,8.375,8.125,8.28125,8.28125,1898200,1362.8399658203125
1999-07-28,8.40625,8.4375,8.28125,8.40625,8.40625,1807200,1365.4000244140625
1999-07-29,8.34375,8.875,8.3125,8.75,8.75,4564400,1341.030029296875
1999-07-30,8.75,8.84375,8.53125,8.6875,8.6875,3617200,1328.719970703125
1999-08-02,8.59375,8.625,8.34375,8.5,8.5,1881000,1328.050048828125
1999-08-03,8.5,8.5,8.25,8.3125,8.3125,1136400,1322.1800537109375
1999-08-04,8.375,8.40625,8.09375,8.15625,8.15625,1803000,1305.3299560546875
1999-08-05,8.15625,8.1875,7.8125,8.0625,8.0625,2048200,1313.7099609375
1999-08-06,8.21875,8.84375,8.125,8.6875,8.6875,3530400,1300.2900390625
1999-08-09,9.40625,9.71875,9.28125,9.625,9.625,12580400,1297.800048828125
1999-08-10,9.65625,9.78125,9.09375,9.21875,9.21875,5082000,1281.4300537109375
1999-08-11,9.5,9.5,9.25,9.46875,9.46875,2960600,1301.9300537109375
1999-08-12,9.53125,9.53125,9.25,9.25,9.25,2439200,1298.1600341796875
1999-08-13,9.4375,9.5,9.28125,9.46875,9.46875,2669000,1327.6800537109375
1999-08-16,9.46875,9.5625,9.3125,9.375,9.375,2287000,1330.77001953125
1999-08-17,9.4375,9.46875,9.09375,9.3125,9.3125,1762600,1344.1600341796875
1999-08-18,9.3125,9.3125,9.1875,9.28125,9.28125,1459800,1332.8399658203125
1999-08-19,9.28125,9.28125,8.90625,9.0625,9.0625,2979000,1323.5899658203125
1999-08-20,9.0625,9.125,8.96875,9.125,9.125,1596400,1336.6099853515625
1999-08-23,9.1875,9.78125,9.1875,9.59375,9.59375,5529600,1360.219970703125
1999-08-24,9.5625,9.59375,9.28125,9.375,9.375,2463200,1363.5
1999-08-25,9.375,9.625,9.1875,9.5,9.5,2527400,1381.7900390625
1999-08-26,9.5,9.6875,9.40625,9.4375,9.4375,2283800,1362.010009765625
1999-08-27,9.5,9.9375,9.46875,9.84375,9.84375,4154600,1348.27001953125
1999-08-30,9.96875,10.21875,9.9375,10.125,10.125,5590000,1324.02001953125
1999-08-31,10.21875,10.5,10.0,10.34375,10.34375,6099400,1320.4100341796875
1999-09-01,10.40625,10.59375,9.90625,9.9375,9.9375,5282000,1331.0699462890625
1999-09-02,9.75,9.96875,9.53125,9.90625,9.90625,3972200,1319.1099853515625
1999-09-03,10.15625,10.625,10.15625,10.5,10.5,7067400,1357.239990234375
1999-09-07,10.6875,11.8125,10.6875,11.625,11.625,13091400,1350.449951171875
1999-09-08,11.5,12.375,10.65625,10.84375,10.84375,15288400,1344.1500244140625
1999-09-09,10.90625,11.34375,10.8125,11.125,11.125,5103200,1347.6600341796875
1999-09-10,11.3125,11.5,10.78125,10.84375,10.84375,4238400,1351.6600341796875
1999-09-13,10.75,10.90625,10.375,10.625,10.625,3792400,1344.1300048828125
1999-09-14,10.40625,11.09375,10.40625,10.875,10.875,5639600,1336.2900390625
1999-09-15,11.03125,11.21875,10.40625,10.53125,10.53125,4459400,1317.969970703125
1999-09-16,10.5,10.5,9.78125,10.0,10.0,7810000,1318.47998046875
1999-09-17,10.0,10.34375,9.96875,10.15625,10.15625,5356800,1335.4200439453125
1999-09-20,9.8125,9.90625,9.3125,9.65625,9.65625,5772000,1335.530029296875
1999-09-21,9.25,9.5625,9.125,9.25,9.25,3716000,1307.5799560546875
1999-09-22,9.5,9.5625,9.1875,9.46875,9.46875,3317000,1310.510009765625
1999-09-23,9.4375,9.4375,8.5625,8.625,8.625,4448400,1280.4100341796875
1999-09-24,8.6875,8.96875,8.5625,8.71875,8.71875,3736800,1277.3599853515625
1999-09-27,8.84375,9.15625,8.84375,9.03125,9.03125,2376000,1283.31005859375
1999-09-28,9.0625,9.0625,8.53125,8.59375,8.59375,3631600,1282.199951171875
1999-09-29,8.625,9.3125,8.5625,8.6875,8.6875,3240400,1268.3699951171875
1999-09-30,8.75,8.9375,8.53125,8.59375,8.59375,3903800,1282.7099609375
1999-10-01,8.5625,8.875,8.53125,8.625,8.625,4642000,1282.81005859375
1999-10-04,8.90625,9.15625,8.875,8.9375,8.9375,4409800,1304.5999755859375
1999-10-05,9.25,9.5625,9.0625,9.3125,9.3125,4857600,1301.3499755859375
1999-10-06,9.40625,9.75,9.28125,9.71875,9.71875,6976600,1325.4000244140625
1999-10-07,10.03125,10.21875,9.15625,9.3125,9.3125,11226400,1317.6400146484375
1999-10-08,9.375,9.4375,8.9375,9.28125,9.28125,2782600,1336.02001953125
1999-10-11,9.4375,9.5625,9.34375,9.5,9.5,2307400,1335.2099609375
1999-10-12,9.5,9.65625,9.28125,9.375,9.375,2597800,1313.0400390625
1999-10-13,9.40625,9.40625,9.03125,9.125,9.125,2329600,1285.550048828125
1999-10-14,9.125,9.25,8.9375,9.0,9.0,2009400,1283.4200439453125
1999-10-15,8.78125,9.0,8.6875,8.78125,8.78125,2366600,1247.4100341796875
1999-10-18,8.6875,8.78125,8.5,8.625,8.625,2304600,1254.1300048828125
1999-10-19,8.625,8.625,8.1875,8.21875,8.21875,3342600,1261.3199462890625
1999-10-20,8.3125,8.59375,8.3125,8.5,8.5,2936000,1289.4300537109375
1999-10-21,8.375,9.46875,8.3125,9.4375,9.4375,6828600,1283.6099853515625
1999-10-22,9.75,9.75,9.3125,9.34375,9.34375,6237800,1301.6500244140625
1999-10-25,9.375,9.59375,9.3125,9.53125,9.53125,2966600,1293.6300048828125
1999-10-26,9.65625,9.65625,9.375,9.5625,9.5625,3303200,1281.9100341796875
1999-10-27,9.5625,9.625,9.15625,9.21875,9.21875,1622600,1296.7099609375
1999-10-28,9.5,9.65625,9.375,9.5,9.5,2572600,1342.43994140625
1999-10-29,9.8125,9.96875,9.71875,9.90625,9.90625,5519000,1362.9300537109375
1999-11-01,9.96875,10.21875,9.9375,10.15625,10.15625,3127400,1354.1199951171875
1999-11-02,10.15625,10.40625,10.15625,10.28125,10.28125,3796200,1347.739990234375
1999-11-03,10.34375,10.75,10.28125,10.65625,10.65625,4472000,1354.9300537109375
1999-11-04,10.5625,10.65625,9.96875,10.3125,10.3125,4830000,1362.6400146484375
1999-11-05,10.375,10.6875,10.125,10.625,10.625,4296000,1370.22998046875
1999-11-08,10.5,10.8125,10.46875,10.71875,10.71875,3196600,1377.010009765625
1999-11-09,10.65625,10.6875,10.21875,10.53125,10.53125,2993000,1365.280029296875
1999-11-10,10.96875,11.5,10.90625,11.5,11.5,9072400,1373.4599609375
1999-11-11,11.5625,14.5,11.15625,14.125,14.125,16667600,1381.4599609375
1999-11-12,13.5,14.0,12.4375,13.28125,13.28125,22969600,1396.06005859375
1999-11-15,13.34375,13.34375,12.75,12.78125,12.78125,7156800,1394.3900146484375
1999-11-16,12.90625,13.21875,12.625,12.875,12.875,6048600,1420.0699462890625
1999-11-17,12.90625,13.875,12.90625,13.34375,13.34375,10738200,1410.7099609375
1999-11-18,13.375,13.46875,12.84375,13.0,13.0,5302600,1424.93994140625
1999-11-19,13.0,13.65625,12.90625,13.5625,13.5625,5620600,1422.0
1999-11-22,13.125,13.625,13.125,13.46875,13.46875,3935600,1420.93994140625
1999-11-23,13.40625,13.5,12.875,13.5,13.5,4831200,1404.6400146484375
1999-11-24,13.625,14.0,13.53125,13.625,13.625,6332400,1417.0799560546875
1999-11-26,13.75,14.0625,13.375,13.84375,13.84375,3760800,1416.6199951171875
1999-11-29,14.1875,15.25,14.15625,15.25,15.25,17486200,1407.8299560546875
1999-11-30,14.875,14.875,13.9375,14.125,14.125,7103200,1388.9100341796875
1999-12-01,14.125,14.15625,13.53125,13.75,13.75,5376600,1397.719970703125
1999-12-02,13.96875,15.25,13.875,15.25,15.25,6732600,1409.0400390625
1999-12-03,14.9375,15.84375,14.3125,15.75,15.75,16548000,1433.300048828125
1999-12-06,15.5,15.75,15.34375,15.71875,15.71875,11096400,1423.3299560546875
1999-12-07,15.5,15.90625,14.84375,15.875,15.875,8355000,1409.1700439453125
1999-12-08,15.75,15.96875,14.875,14.875,14.875,7025200,1403.8800048828125
1999-12-09,15.34375,15.5,14.40625,14.6875,14.6875,7157000,1408.1099853515625
1999-12-10,14.6875,14.8125,14.0625,14.625,14.625,6205600,1417.0400390625
1999-12-13,14.25,14.96875,14.09375,14.53125,14.53125,3926200,1415.219970703125
1999-12-14,14.96875,14.96875,13.78125,13.8125,13.8125,5455200,1403.1700439453125
1999-12-15,13.6875,14.28125,13.25,13.5625,13.5625,6427800,1413.3299560546875
1999-12-16,13.8125,14.75,13.8125,14.75,14.75,5878200,1418.780029296875
1999-12-17,15.0,15.0,14.25,14.40625,14.40625,5046000,1421.030029296875
1999-12-20,14.3125,14.9375,14.09375,14.625,14.625,4746200,1418.0899658203125
1999-12-21,14.75,15.3125,14.625,15.03125,15.03125,4814200,1433.4300537109375
1999-12-22,15.0,15.03125,14.34375,14.40625,14.40625,2426600,1436.1300048828125
1999-12-23,14.5,14.65625,14.1875,14.3125,14.3125,2466000,1458.3399658203125
1999-12-27,14.28125,14.5,14.0,14.46875,14.46875,2471600,1457.0999755859375
1999-12-28,14.25,14.46875,14.1875,14.375,14.375,1560600,1457.6600341796875
1999-12-29,14.375,14.40625,14.0,14.21875,14.21875,1045200,1463.4599609375
1999-12-30,14.25,14.375,13.90625,14.21875,14.21875,1784800,1464.469970703125
1999-12-31,14.21875,14.46875,14.0,14.46875,14.46875,1765600,1469.25
2000-01-03,14.96875,15.59375,14.6875,15.5,15.5,7843200,1455.219970703125
2000-01-04,15.125,15.5,14.59375,14.625,14.625,6290200,1399.4200439453125
2000-01-05,14.53125,15.0625,14.0,15.0,15.0,8204600,1402.1099853515625
2000-01-06,15.5,16.0,15.25,16.0,16.0,11489400,1403.449951171875
2000-01-07,15.40625,16.40625,15.375,16.25,16.25,8543400,1441.469970703125
2000-01-10,16.75,17.75,16.6875,17.5,17.5,12916400,1457.5999755859375
2000-01-11,17.5,17.96875,16.96875,17.25,17.25,6679800,1438.56005859375
2000-01-12,17.0,18.375,16.8125,18.125,18.125,8818600,1432.25
2000-01-13,18.375,18.875,17.5625,18.875,18.875,7542200,1449.6800537109375
2000-01-14,18.5625,20.28125,18.5,20.1875,20.1875,15007800,1465.1500244140625
2000-01-18,20.0,20.625,19.34375,19.5,19.5,10871400,1455.1400146484375
2000-01-19,19.875,21.5,19.40625,19.59375,19.59375,8924400,1455.9000244140625
2000-01-20,21.75,22.5625,19.0,19.5,19.5,28847200,1445.5699462890625
2000-01-21,19.5625,19.5625,18.0625,18.9375,18.9375,11715000,1441.3599853515625
2000-01-24,18.625,19.21875,16.90625,17.25,17.25,10269800,1401.530029296875
2000-01-25,17.28125,20.25,17.25,20.0,20.0,10805800,1410.030029296875
2000-01-26,18.8125,19.125,18.28125,18.5,18.5,7597800,1404.0899658203125
2000-01-27,19.0,19.5,18.4375,18.46875,18.46875,6167800,1398.56005859375
2000-01-28,18.59375,18.875,17.1875,17.625,17.625,6867200,1360.1600341796875
2000-01-31,17.625,18.125,17.21875,18.0,18.0,4288800,1394.4599609375
2000-02-01,18.25,18.375,17.5,18.28125,18.28125,5111200,1409.280029296875
2000-02-02,18.15625,18.25,17.78125,18.03125,18.03125,4076200,1409.1199951171875
2000-02-03,18.375,19.6875,18.15625,19.5,19.5,9523800,1424.969970703125
2000-02-04,19.5,20.0625,19.1875,19.28125,19.28125,7109200,1424.3699951171875
2000-02-07,19.28125,20.65625,19.0625,20.65625,20.65625,6056600,1424.239990234375
2000-02-08,20.5,21.0,19.59375,20.6875,20.6875,8583800,1441.719970703125
2000-02-09,20.6875,21.1875,20.25,21.03125,21.03125,7813600,1411.7099609375
2000-02-10,21.03125,21.375,20.65625,21.25,21.25,6373600,1416.8299560546875
2000-02-11,21.375,22.75,20.90625,22.75,22.75,14933400,1387.1199951171875
2000-02-14,22.40625,22.75,21.0625,21.625,21.625,8745200,1389.93994140625
2000-02-15,21.75,22.375,21.1875,21.75,21.75,8673800,1402.050048828125
2000-02-16,21.875,22.59375,21.6875,21.875,21.875,7579800,1387.6700439453125
2000-02-17,22.09375,22.09375,21.0625,21.5,21.5,5442600,1388.260009765625
2000-02-18,21.1875,21.8125,20.0,21.5,21.5,6451000,1346.0899658203125
2000-02-22,20.125,21.21875,19.8125,20.90625,20.90625,5422600,1352.1700439453125
2000-02-23,20.84375,20.96875,20.53125,20.53125,20.53125,2930400,1360.68994140625
2000-02-24,20.75,21.46875,20.34375,21.28125,21.28125,4091400,1353.4300537109375
2000-02-25,20.78125,21.1875,19.625,20.25,20.25,10911400,1333.3599853515625
2000-02-28,20.15625,20.15625,18.8125,18.875,18.875,8847000,1348.050048828125
2000-02-29,19.6875,20.125,19.5,19.75,19.75,8303200,1366.4200439453125
2000-03-01,19.9375,20.6875,19.84375,20.25,20.25,6552200,1379.18994140625
2000-03-02,20.21875,20.21875,19.25,19.625,19.625,4540600,1381.760009765625
2000-03-03,19.875,21.0,19.875,20.75,20.75,6913000,1409.1700439453125
2000-03-06,23.0,24.5,23.0,23.75,23.75,22458400,1391.280029296875
2000-03-07,24.71875,29.5,24.5,27.5,27.5,25724000,1355.6199951171875
2000-03-08,27.75,27.75,24.0,26.75,26.75,13466000,1366.699951171875
2000-03-09,26.34375,30.0,25.25,29.0625,29.0625,13412000,1401.68994140625
2000-03-10,26.5625,27.125,25.0,26.0,26.0,16850000,1395.0699462890625
2000-03-13,24.15625,26.625,24.125,25.75,25.75,7735800,1383.6199951171875
2000-03-14,26.0,26.875,24.0,24.0,24.0,5936200,1359.1500244140625
2000-03-15,24.5,25.21875,23.75,24.625,24.625,8376200,1392.1400146484375
2000-03-16,24.8125,25.0,23.15625,24.59375,24.59375,6421000,1458.469970703125
2000-03-17,24.40625,25.34375,24.0625,25.0,25.0,5280200,1464.469970703125
2000-03-20,25.46875,27.0625,25.375,26.875,26.875,7369200,1456.6300048828125
2000-03-21,27.0625,27.875,26.3125,27.40625,27.40625,9448000,1493.8699951171875
2000-03-22,27.75,29.4375,27.625,28.75,28.75,9577200,1500.6400146484375
2000-03-23,28.28125,29.0,26.25,27.6875,27.6875,5679800,1527.3499755859375
2000-03-24,26.75,28.4375,26.59375,27.0,27.0,6610000,1527.4599609375
2000-03-27,27.0,27.96875,26.90625,27.09375,27.09375,4453400,1523.8599853515625
2000-03-28,27.125,28.4375,26.75,27.5625,27.5625,5329400,1507.72998046875
2000-03-29,28.0,28.125,25.9375,27.375,27.375,7653400,1508.52001953125
2000-03-30,26.4375,30.0,26.375,30.0,30.0,15643800,1487.9200439453125
2000-03-31,29.875,30.1875,28.25,29.5,29.5,10217200,1498.5799560546875
2000-04-03,29.625,30.9375,29.0,30.4375,30.4375,9475000,1505.969970703125
2000-04-04,30.625,32.25,25.5,30.5625,30.5625,17683000,1494.72998046875
2000-04-05,32.0,34.53125,30.90625,34.1875,34.1875,21476000,1487.3699951171875
2000-04-06,36.375,37.125,31.375,35.5,35.5,18208000,1501.3399658203125
2000-04-07,35.4375,37.75,35.0,37.75,37.75,15218800,1516.3499755859375
2000-04-10,38.375,39.59375,36.125,37.75,37.75,16499800,1504.4599609375
2000-04-11,35.78125,35.875,33.53125,35.3125,35.3125,17022200,1500.5899658203125
2000-04-12,34.875,38.5,31.375,38.0,38.0,11613600,1467.1700439453125
2000-04-13,38.59375,38.6875,35.0625,35.5,35.5,30025400,1440.510009765625
2000-04-14,34.875,35.75,32.125,33.0,33.0,14366400,1356.56005859375
2000-04-17,32.625,37.0,32.59375,36.3125,36.3125,13095800,1401.43994140625
2000-04-18,36.4375,39.625,35.75,39.5,39.5,16538200,1441.6099853515625
2000-04-19,39.34375,39.46875,37.21875,37.625,37.625,9904200,1427.469970703125
2000-04-20,37.6875,39.46875,37.5,39.125,39.125,7509600,1434.5400390625
2000-04-24,38.625,40.8125,38.09375,40.5,40.5,12660000,1429.8599853515625
2000-04-25,41.0,44.0,40.875,43.75,43.75,12718000,1477.43994140625
2000-04-26,42.59375,43.6875,40.9375,41.125,41.125,14022200,1460.989990234375
2000-04-27,40.25,43.625,40.125,42.625,42.625,14193400,1464.9200439453125
2000-04-28,43.0,44.4375,40.8125,43.75,43.75,15888000,1452.4300537109375
2000-05-01,43.5,46.0,43.46875,44.1875,44.1875,12111800,1468.25
2000-05-02,44.0625,46.1875,43.90625,44.75,44.75,12281600,1446.2900390625
2000-05-03,44.75,45.25,42.03125,43.875,43.875,9597600,1415.0999755859375
2000-05-04,44.0,45.5625,43.0,45.0,45.0,7897600,1409.5699462890625
2000-05-05,45.03125,46.4375,45.03125,46.0,46.0,7915000,1432.6300048828125
2000-05-08,45.0,45.5,44.09375,44.375,44.375,6561600,1424.1700439453125
2000-05-09,44.0,44.75,40.6875,41.75,41.75,9492800,1412.1400146484375
2000-05-10,40.25,41.0,38.5,39.96875,39.96875,13863200,1383.050048828125
2000-05-11,40.625,43.875,39.75,43.875,43.875,10316800,1407.81005859375
2000-05-12,43.53125,44.875,42.25,42.84375,42.84375,7459400,1420.9599609375
2000-05-15,42.625,43.0,41.53125,42.75,42.75,5605200,1452.3599853515625
2000-05-16,43.4375,44.78125,42.875,44.25,44.25,8100400,1466.0400390625
2000-05-17,43.9375,44.59375,42.5,42.5,42.5,9305400,1447.800048828125
2000-05-18,43.0,43.5625,42.375,43.25,43.25,5400400,1437.2099609375
2000-05-19,42.625,42.875,41.65625,41.90625,41.90625,6507800,1406.949951171875
2000-05-22,41.53125,41.75,38.625,40.25,40.25,9016600,1400.719970703125
2000-05-23,39.875,40.4375,37.59375,37.75,37.75,12117400,1373.8599853515625
2000-05-24,37.0,37.875,33.8125,36.34375,36.34375,19178200,1399.050048828125
2000-05-25,36.0,37.6875,33.0,35.3125,35.3125,21466400,1381.52001953125
2000-05-26,35.1875,37.5625,34.625,37.0,37.0,8143200,1378.02001953125
2000-05-30,38.9375,43.0,38.4375,43.0,43.0,10459200,1422.449951171875
2000-05-31,42.9375,43.125,40.53125,40.875,40.875,7844200,1420.5999755859375
2000-06-01,41.4375,43.6875,41.15625,42.0,42.0,7616000,1448.81005859375
2000-06-02,45.0,45.4375,43.8125,45.0625,45.0625,8108000,1477.260009765625
2000-06-05,44.875,48.5,44.8125,45.5625,45.5625,14661800,1467.6300048828125
2000-06-06,46.28125,47.21875,44.5,45.125,45.125,9043600,1457.8399658203125
2000-06-07,44.75,44.96875,42.875,43.5,43.5,9222800,1471.3599853515625
2000-06-08,45.0,45.25,43.125,43.5625,43.5625,8488200,1461.6700439453125
2000-06-09,44.25,44.75,44.03125,44.375,44.375,5569800,1456.949951171875
2000-06-12,44.9375,45.0,42.625,42.75,42.75,6642200,1446.0
2000-06-13,43.0,44.40625,42.03125,44.0,44.0,6264200,1469.43994140625
2000-06-14,43.65625,44.5,41.28125,41.875,41.875,7067600,1470.5400390625
2000-06-15,41.28125,42.25,40.15625,41.4375,41.4375,9750000,1478.72998046875
2000-06-16,41.375,42.375,40.5,41.25,41.25,5441400,1464.4599609375
2000-06-19,40.5,46.125,40.5,45.90625,45.90625,7653000,1486.0
2000-06-20,45.8125,46.59375,44.6875,45.625,45.625,7149200,1475.949951171875
2000-06-21,44.9375,47.71875,44.5,47.5,47.5,7298200,1479.1300048828125
2000-06-22,47.0,47.46875,45.5,45.625,45.625,6747200,1452.1800537109375
2000-06-23,45.625,45.84375,43.25,43.875,43.875,5561400,1441.47998046875
2000-06-26,44.5,44.6875,42.625,43.625,43.625,6033600,1455.31005859375
2000-06-27,43.0,43.5,41.25,42.125,42.125,6810000,1450.550048828125
2000-06-28,41.6875,41.9375,39.46875,40.34375,40.34375,8925400,1454.8199462890625
2000-06-29,39.5,39.5,37.46875,38.125,38.125,11918600,1442.3900146484375
2000-06-30,38.3125,40.375,38.1875,38.625,38.625,10416800,1454.5999755859375
2000-07-03,38.5,42.5,38.0,42.125,42.125,3930000,1469.5400390625
2000-07-05,37.5,38.84375,36.25,37.625,37.625,17843200,1446.22998046875
2000-07-06,37.25,38.9375,36.5,38.75,38.75,10987400,1456.6700439453125
2000-07-07,38.875,41.71875,38.78125,41.0,41.0,9007000,1478.9000244140625
2000-07-10,43.125,43.8125,41.875,42.5,42.5,10199800,1475.6199951171875
2000-07-11,42.125,43.09375,40.78125,41.75,41.75,7623800,1480.8800048828125
2000-07-12,42.0,42.59375,41.375,42.15625,42.15625,6527000,1492.9200439453125
2000-07-13,42.96875,43.5,42.1875,42.75,42.75,6131000,1495.8399658203125
2000-07-14,43.6875,45.25,43.09375,45.0,45.0,5754400,1509.97998046875
2000-07-17,44.59375,46.125,43.9375,45.625,45.625,7044400,1510.489990234375
2000-07-18,44.0625,45.625,43.1875,45.5,45.5,6729600,1493.739990234375
2000-07-19,44.0,47.5,43.15625,45.125,45.125,14192200,1481.9599609375
2000-07-20,44.5,44.75,41.9375,43.0625,43.0625,16273000,1495.5699462890625
2000-07-21,42.46875,42.46875,40.0,40.0625,40.0625,9594000,1480.18994140625
2000-07-24,40.5,41.59375,38.3125,39.0,39.0,10565200,1464.2900390625
2000-07-25,39.5,40.0625,38.78125,39.375,39.375,7225400,1474.469970703125
2000-07-26,39.34375,39.34375,36.875,38.09375,38.09375,9044400,1452.4200439453125
2000-07-27,36.8125,36.9375,34.0,35.0,35.0,17077000,1449.6199951171875
2000-07-28,35.84375,37.46875,34.6875,35.5,35.5,13689800,1419.8900146484375
2000-07-31,35.9375,36.875,34.75,36.0,36.0,7546000,1430.8299560546875
2000-08-01,36.09375,36.1875,33.28125,33.875,33.875,9895200,1438.0999755859375
2000-08-02,33.5,34.4375,30.375,31.25,31.25,20000200,1438.699951171875
2000-08-03,29.375,32.875,29.03125,32.75,32.75,20238400,1452.56005859375
2000-08-04,33.0,33.1875,30.28125,31.375,31.375,13104000,1462.9300537109375
2000-08-07,30.25,33.1875,30.1875,32.5,32.5,15136000,1479.3199462890625
2000-08-08,32.875,33.40625,30.25,30.625,30.625,12861000,1482.800048828125
2000-08-09,31.25,31.9375,29.875,30.875,30.875,11138400,1472.8699951171875
2000-08-10,30.1875,30.78125,28.25,28.5,28.5,14584200,1460.25
2000-08-11,27.625,29.25,27.0,28.875,28.875,14878200,1471.8399658203125
2000-08-14,29.5625,31.625,28.625,31.5,31.5,12196200,1491.56005859375
2000-08-15,31.625,32.375,31.0,32.0,32.0,12354000,1484.4300537109375
2000-08-16,32.3125,33.125,31.0625,32.625,32.625,11556000,1479.8499755859375
2000-08-17,31.625,34.125,31.375,34.0625,34.0625,13113800,1496.0699462890625
2000-08-18,35.21875,35.5,34.5,35.125,35.125,13328000,1491.719970703125
2000-08-21,35.375,35.875,33.25,34.09375,34.09375,11183800,1499.47998046875
2000-08-22,34.125,35.125,33.125,34.4375,34.4375,5475900,1498.1300048828125
2000-08-23,34.625,35.0,33.375,34.75,34.75,4834100,1505.969970703125
2000-08-24,35.125,36.0,34.125,34.9375,34.9375,7984200,1508.31005859375
2000-08-25,35.0,35.125,33.6875,34.5,34.5,3829400,1506.449951171875
2000-08-28,34.625,35.25,33.8125,34.5,34.5,4558900,1514.0899658203125
2000-08-29,34.5625,35.75,34.0,34.75,34.75,5512500,1509.8399658203125
2000-08-30,34.5,35.375,34.0625,35.0,35.0,3804000,1502.5899658203125
2000-08-31,35.25,38.25,35.0625,37.5,37.5,8755600,1517.6800537109375
2000-09-01,38.125,38.25,36.625,37.5,37.5,5270600,1520.77001953125
2000-09-05,37.0,37.0,34.25,34.75,34.75,9198100,1507.0799560546875
2000-09-06,34.5,34.5,32.0,32.0,32.0,9135200,1492.25
2000-09-07,32.5,33.875,31.5,33.0,33.0,8354600,1502.510009765625
2000-09-08,33.0,33.0,31.5625,31.875,31.875,5504000,1494.5
2000-09-11,31.5625,33.0625,31.0,32.25,32.25,4414200,1489.260009765625
2000-09-12,31.0625,32.4375,30.125,30.5,30.5,5455600,1481.989990234375
2000-09-13,28.5,29.5,28.0625,29.0,29.0,13190900,1484.9100341796875
2000-09-14,29.0625,30.0,27.75,28.375,28.375,8138000,1480.8699951171875
2000-09-15,28.0,28.5,27.125,27.75,27.75,7637200,1465.81005859375
2000-09-18,27.5,30.0,26.0,26.5,26.5,6981900,1444.510009765625
2000-09-19,26.25,30.5,26.25,30.375,30.375,10605700,1459.9000244140625
2000-09-20,30.4375,30.75,28.3125,29.6875,29.6875,9542100,1451.3399658203125
2000-09-21,28.25,28.625,23.0,23.9375,23.9375,8839800,1449.050048828125
2000-09-22,24.25,28.0,24.0,26.5,26.5,21627000,1448.719970703125
2000-09-25,26.75,26.875,25.0,25.9375,25.9375,12297300,1439.030029296875
2000-09-26,26.0,26.0,24.5,24.875,24.875,8801400,1427.2099609375
2000-09-27,25.0625,25.5,23.25,24.0,24.0,6909500,1426.5699462890625
2000-09-28,24.75,25.5,23.25,23.625,23.625,6539500,1458.2900390625
2000-09-29,24.0625,25.0,23.0,24.0,24.0,7743900,1436.510009765625
2000-10-02,23.9375,24.9375,22.75,23.25,23.25,7766300,1436.22998046875
2000-10-03,24.0,25.4375,23.4375,23.6875,23.6875,8826500,1426.4599609375
2000-10-04,23.5,24.875,23.0,24.5,24.5,8668200,1434.3199462890625
2000-10-05,24.4375,24.625,23.125,23.5,23.5,5810300,1436.280029296875
2000-10-06,23.8125,24.9375,21.5625,22.0,22.0,10701100,1408.989990234375
2000-10-09,22.75,22.75,21.375,22.375,22.375,7888500,1402.030029296875
2000-10-10,22.75,23.4375,21.625,22.75,22.75,9923000,1387.02001953125
2000-10-11,22.25,23.625,21.125,23.5,23.5,12706100,1364.5899658203125
2000-10-12,24.25,26.0,21.75,22.5625,22.5625,20637600,1329.780029296875
2000-10-13,22.125,22.625,21.3125,21.875,21.875,13210000,1374.1700439453125
2000-10-16,21.8125,21.8125,20.0,20.375,20.375,11793100,1374.6199951171875
2000-10-17,20.0,20.25,17.875,18.375,18.375,14554200,1349.969970703125
2000-10-18,17.5,19.5,16.1875,18.125,18.125,16311600,1342.1300048828125
2000-10-19,19.9375,22.0,19.375,21.8125,21.8125,11908600,1388.760009765625
2000-10-20,21.875,22.625,21.4375,22.125,22.125,12562100,1396.9300537109375
2000-10-23,22.1875,22.875,21.5625,21.875,21.875,5701300,1395.780029296875
2000-10-24,21.75,21.75,19.9375,20.1875,20.1875,8452500,1398.1300048828125
2000-10-25,20.1875,20.3125,19.0,19.1875,19.1875,6409500,1364.9000244140625
2000-10-26,19.125,20.625,18.75,20.3125,20.3125,6161100,1364.43994140625
2000-10-27,21.0,21.1875,20.125,20.4375,20.4375,6773600,1379.5799560546875
2000-10-30,20.375,20.875,20.0,20.25,20.25,6771000,1398.6600341796875
2000-10-31,20.875,23.0625,20.75,22.625,22.625,10439500,1429.4000244140625
2000-11-01,21.875,24.25,21.75,23.8125,23.8125,10367100,1421.219970703125
2000-11-02,24.625,25.4375,23.625,23.75,23.75,8088000,1428.3199462890625
2000-11-03,24.0625,24.125,23.0,23.75,23.75,3297500,1426.68994140625
2000-11-06,24.4375,24.8125,23.9375,24.3125,24.3125,4106100,1432.18994140625
2000-11-07,24.0,24.0,22.5,22.5625,22.5625,5533200,1431.8699951171875
2000-11-08,22.6875,22.6875,21.5625,21.6875,21.6875,3981500,1409.280029296875
2000-11-09,21.125,21.6875,20.1875,21.0,21.0,7050800,1400.1400146484375
2000-11-10,21.125,21.3125,19.75,20.0625,20.0625,5069800,1365.97998046875
2000-11-13,19.3125,22.25,19.25,21.3125,21.3125,8330100,1351.260009765625
2000-11-14,22.5,22.625,21.375,21.75,21.75,4856000,1382.949951171875
2000-11-15,21.8125,22.5,21.4375,21.9375,21.9375,5790600,1389.81005859375
2000-11-16,21.6875,21.6875,20.4375,20.5625,20.5625,4651400,1372.3199462890625
2000-11-17,20.5625,21.375,20.0625,20.5625,20.5625,4296900,1367.719970703125
2000-11-20,20.25,21.1875,19.8125,20.375,20.375,5611800,1342.6199951171875
2000-11-21,20.5625,21.1875,19.8125,19.9375,19.9375,4077300,1347.3499755859375
2000-11-22,19.8125,20.8125,19.4375,19.625,19.625,5312700,1322.3599853515625
2000-11-24,20.375,20.9375,20.1875,20.8125,20.8125,2168300,1341.77001953125
2000-11-27,21.4375,21.4375,18.5625,19.0,19.0,9048500,1348.969970703125
2000-11-28,18.75,19.25,17.4375,17.75,17.75,6184000,1336.0899658203125
2000-11-29,17.6875,18.0625,16.5,17.0625,17.0625,8465800,1341.9300537109375
2000-11-30,16.0,16.0,14.6875,15.25,15.25,12231900,1314.949951171875
2000-12-01,15.8125,16.625,15.25,15.4375,15.4375,8112500,1315.22998046875
2000-12-04,15.875,16.0,15.125,15.375,15.375,6153000,1324.969970703125
2000-12-05,15.5,16.5,15.5,15.75,15.75,8882900,1376.5400390625
2000-12-06,16.1875,16.25,14.3125,14.4375,14.4375,9786600,1351.4599609375
2000-12-07,14.5625,14.9375,14.25,14.5,14.5,5020800,1343.550048828125
2000-12-08,15.25,16.25,15.0,16.0625,16.0625,8058400,1369.8900146484375
2000-12-11,16.25,17.4375,16.0625,17.3125,17.3125,7621600,1380.199951171875
2000-12-12,17.5,18.1875,17.125,17.25,17.25,10251800,1371.1800537109375
2000-12-13,17.875,17.875,16.5625,16.75,16.75,7575900,1359.989990234375
2000-12-14,16.75,17.3125,16.5,16.5,16.5,3210800,1340.9300537109375
2000-12-15,16.3125,16.5625,15.5,16.1875,16.1875,3945700,1312.1500244140625
2000-12-18,16.0,16.125,15.0,15.25,15.25,4327800,1322.739990234375
2000-12-19,15.4375,16.625,15.3125,15.375,15.375,7509500,1305.5999755859375
2000-12-20,15.125,15.375,14.25,14.5625,14.5625,5458700,1264.739990234375
2000-12-21,14.3125,14.6875,13.5625,13.6875,13.6875,6156000,1274.8599853515625
2000-12-22,14.0,14.625,13.9375,14.3125,14.3125,4452100,1305.949951171875
2000-12-26,14.625,14.8125,13.875,14.125,14.125,3253000,1315.18994140625
2000-12-27,14.125,14.75,13.875,14.625,14.625,5042200,1328.9200439453125
2000-12-28,14.5,14.6875,14.0625,14.3125,14.3125,4696400,1334.219970703125
2000-12-29,14.3125,14.5,13.8125,13.8125,13.8125,6342700,1320.280029296875
2001-01-02,14.125,14.75,14.125,14.375,14.375,4863600,1283.27001953125
2001-01-03,14.5,16.375,14.4375,16.25,16.25,8808100,1347.56005859375
2001-01-04,16.125,17.375,15.75,16.6875,16.6875,7045000,1333.3399658203125
2001-01-05,17.1875,17.1875,15.6875,16.0,16.0,5230600,1298.3499755859375
2001-01-08,15.9375,16.25,15.4375,16.1875,16.1875,3365700,1295.8599853515625
2001-01-09,16.8125,17.0,16.25,16.75,16.75,3383600,1300.800048828125
2001-01-10,16.5,17.25,15.9375,17.125,17.125,5294200,1313.27001953125
2001-01-11,16.875,19.0,16.625,18.1875,18.1875,9084700,1326.8199462890625
2001-01-12,18.125,18.75,17.375,17.8125,17.8125,5732400,1318.550048828125
2001-01-16,17.8125,17.8125,16.875,17.125,17.125,4207500,1326.6500244140625
2001-01-17,19.0625,19.0625,17.875,18.5,18.5,11075800,1329.469970703125
2001-01-18,18.5625,22.6875,18.0,22.6875,22.6875,21222500,1347.969970703125
2001-01-19,22.75,22.9375,21.0,22.0,22.0,12341400,1342.5400390625
2001-01-22,21.625,22.375,20.25,21.4375,21.4375,6225800,1342.9000244140625
2001-01-23,21.1875,22.9375,20.5,22.3125,22.3125,8281200,1360.4000244140625
2001-01-24,22.5,22.75,21.8125,22.6875,22.6875,5469600,1364.300048828125
2001-01-25,22.5,22.625,21.5,21.9375,21.9375,6068300,1357.510009765625
2001-01-26,21.375,21.875,20.6875,21.375,21.375,6544700,1354.949951171875
2001-01-29,21.700000762939453,23.149999618530277,21.6299991607666,23.0,23.0,6617400,1364.1700439453125
2001-01-30,23.13999938964844,24.75,22.75,24.020000457763672,24.020000457763672,9093800,1373.72998046875
2001-01-31,23.649999618530277,25.100000381469727,23.649999618530277,24.600000381469727,24.600000381469727,9727500,1366.010009765625
2001-02-01,25.299999237060547,26.489999771118164,24.959999084472656,25.709999084472656,25.709999084472656,12460700,1373.469970703125
2001-02-02,25.649999618530277,26.100000381469727,23.88999938964844,23.88999938964844,23.88999938964844,8059600,1349.469970703125
2001-02-05,23.63999938964844,24.040000915527344,22.959999084472656,24.0,24.0,6054000,1354.31005859375
2001-02-06,23.75,24.700000762939453,23.75,24.049999237060547,24.049999237060547,4137500,1352.260009765625
2001-02-07,23.700000762939453,24.209999084472656,23.059999465942383,23.56999969482422,23.56999969482422,3804200,1340.8900146484375
2001-02-08,23.979999542236328,24.75,23.700000762939453,24.0,24.0,6493300,1332.530029296875
2001-02-09,23.950000762939453,24.799999237060547,23.799999237060547,24.3700008392334,24.3700008392334,7598400,1314.760009765625
2001-02-12,23.350000381469727,24.71999931335449,23.309999465942383,24.0,24.0,4295400,1330.31005859375
2001-02-13,24.0,24.57999992370605,23.799999237060547,24.01000022888184,24.01000022888184,3398900,1318.800048828125
2001-02-14,24.0,24.950000762939453,23.649999618530277,24.950000762939453,24.950000762939453,6069700,1315.9200439453125
2001-02-15,25.5,26.75,25.270000457763672,26.229999542236328,26.229999542236328,9720800,1326.6099853515625
2001-02-16,24.850000381469727,25.0,24.020000457763672,24.709999084472656,24.709999084472656,5550200,1301.530029296875
2001-02-20,25.0,25.01000022888184,22.40999984741211,22.56999969482422,22.56999969482422,7281500,1278.93994140625
2001-02-21,21.6200008392334,24.600000381469727,21.6200008392334,23.0,23.0,7925100,1255.27001953125
2001-02-22,23.0,23.549999237060547,20.670000076293945,21.0,21.0,10745200,1252.8199462890625
2001-02-23,20.850000381469727,22.100000381469727,20.51000022888184,22.100000381469727,22.100000381469727,9435500,1245.8599853515625
2001-02-26,22.100000381469727,23.32999992370605,21.5,22.82999992370605,22.82999992370605,6769700,1267.6500244140625
2001-02-27,22.81999969482422,23.68000030517578,21.979999542236328,21.979999542236328,21.979999542236328,4424200,1257.93994140625
2001-02-28,22.030000686645508,22.399999618530277,20.670000076293945,21.5,21.5,6614800,1239.93994140625
2001-03-01,20.5,21.100000381469727,19.649999618530277,20.950000762939453,20.950000762939453,9224900,1241.22998046875
2001-03-02,19.75,22.540000915527344,19.700000762939453,21.739999771118164,21.739999771118164,10344300,1234.1800537109375
2001-03-05,22.149999618530277,23.399999618530277,22.149999618530277,23.1299991607666,23.1299991607666,5465000,1241.4100341796875
2001-03-06,24.0,25.51000022888184,24.0,24.75,24.75,8921200,1253.800048828125
2001-03-07,24.899999618530277,25.100000381469727,24.100000381469727,25.100000381469727,25.100000381469727,5612600,1261.8900146484375
2001-03-08,25.049999237060547,26.049999237060547,24.600000381469727,26.0,26.0,5970500,1264.739990234375
2001-03-09,24.5,24.5,23.06999969482422,23.299999237060547,23.299999237060547,11057500,1233.4200439453125
2001-03-12,22.75,23.940000534057617,22.200000762939453,22.729999542236328,22.729999542236328,7026500,1180.1600341796875
2001-03-13,23.450000762939453,23.790000915527344,22.149999618530277,23.780000686645508,23.780000686645508,7067100,1197.6600341796875
2001-03-14,22.5,24.450000762939453,22.26000022888184,23.940000534057617,23.940000534057617,6796800,1166.7099609375
2001-03-15,24.700000762939453,24.940000534057617,23.25,23.559999465942383,23.559999465942383,4557300,1173.56005859375
2001-03-16,23.549999237060547,23.989999771118164,23.26000022888184,23.399999618530277,23.399999618530277,5006500,1150.530029296875
2001-03-19,23.5,23.75,22.190000534057617,23.729999542236328,23.729999542236328,7116400,1170.81005859375
2001-03-20,23.600000381469727,24.350000381469727,22.200000762939453,22.43000030517578,22.43000030517578,5495900,1142.6199951171875
2001-03-21,22.0,24.0,21.950000762939453,23.290000915527344,23.290000915527344,5838900,1122.1400146484375
2001-03-22,24.049999237060547,26.5,24.040000915527344,26.450000762939453,26.450000762939453,11878900,1117.5799560546875
2001-03-23,27.07999992370605,29.709999084472656,26.5,29.440000534057617,29.440000534057617,20067200,1139.8299560546875
2001-03-26,29.5,29.549999237060547,28.18000030517578,28.739999771118164,28.739999771118164,9714700,1152.68994140625
2001-03-27,28.270000457763672,30.149999618530277,28.26000022888184,29.690000534057617,29.690000534057617,9646600,1182.1700439453125
2001-03-28,29.0,29.51000022888184,27.149999618530277,27.700000762939453,27.700000762939453,9205600,1153.2900390625
2001-03-29,27.25,28.600000381469727,26.989999771118164,28.299999237060547,28.299999237060547,8584000,1147.949951171875
2001-03-30,28.149999618530277,28.149999618530277,26.5,26.540000915527344,26.540000915527344,9636100,1160.3299560546875
2001-04-02,26.700000762939453,27.86000061035156,24.76000022888184,25.5,25.5,9392500,1145.8699951171875
2001-04-03,24.75,25.100000381469727,22.979999542236328,23.68000030517578,23.68000030517578,12680300,1106.4599609375
2001-04-04,23.5,23.51000022888184,20.190000534057617,20.739999771118164,20.739999771118164,17071500,1103.25
2001-04-05,22.0,23.75,21.5,23.020000457763672,23.020000457763672,11699300,1151.43994140625
2001-04-06,22.799999237060547,22.799999237060547,20.049999237060547,20.049999237060547,20.049999237060547,12273800,1128.4300537109375
2001-04-09,20.299999237060547,20.88999938964844,18.729999542236328,19.700000762939453,19.700000762939453,11222300,1137.5899658203125
2001-04-10,20.0,21.770000457763672,19.600000381469727,21.31999969482422,21.31999969482422,9575000,1168.3800048828125
2001-04-11,26.0,26.0,23.200000762939453,23.51000022888184,23.51000022888184,15052500,1165.8900146484375
2001-04-12,23.299999237060547,25.0,22.479999542236328,24.850000381469727,24.850000381469727,8106300,1183.5
2001-04-16,23.850000381469727,23.88999938964844,22.780000686645508,23.5,23.5,6707600,1179.6800537109375
2001-04-17,23.0,24.040000915527344,22.209999084472656,23.0,23.0,7502200,1191.81005859375
2001-04-18,25.0,29.149999618530277,24.850000381469727,27.850000381469727,27.850000381469727,19834100,1238.1600341796875
2001-04-19,28.86000061035156,29.88999938964844,28.600000381469727,29.01000022888184,29.01000022888184,21630600,1253.68994140625
2001-04-20,29.0,29.31999969482422,27.850000381469727,29.0,29.0,11627400,1242.97998046875
2001-04-23,27.799999237060547,27.989999771118164,26.799999237060547,27.600000381469727,27.600000381469727,8964700,1224.3599853515625
2001-04-24,27.450000762939453,28.549999237060547,26.600000381469727,27.350000381469727,27.350000381469727,8969300,1209.469970703125
2001-04-25,27.350000381469727,27.790000915527344,26.420000076293945,26.899999618530277,26.899999618530277,6938400,1228.75
2001-04-26,27.850000381469727,28.96999931335449,27.5,27.51000022888184,27.51000022888184,9561400,1234.52001953125
2001-04-27,28.5,30.0,28.200000762939453,30.0,30.0,11065500,1253.050048828125
2001-04-30,30.75,32.150001525878906,30.5,31.0,31.0,10096100,1249.4599609375
2001-05-01,30.5,31.950000762939453,29.5,31.86000061035156,31.86000061035156,6891600,1266.43994140625
2001-05-02,32.0,33.25,31.989999771118164,32.95000076293945,32.95000076293945,12964100,1267.4300537109375
2001-05-03,31.899999618530277,32.70000076293945,31.25,32.61000061035156,32.61000061035156,6960500,1248.5799560546875
2001-05-04,31.149999618530277,31.709999084472656,30.020000457763672,30.989999771118164,30.989999771118164,11783600,1266.6099853515625
2001-05-07,31.0,31.200000762939453,30.0,30.01000022888184,30.01000022888184,6249700,1263.510009765625
2001-05-08,30.399999618530277,30.649999618530277,29.5,29.75,29.75,7601400,1261.199951171875
2001-05-09,28.8700008392334,29.450000762939453,28.01000022888184,28.149999618530277,28.149999618530277,8615100,1255.5400390625
2001-05-10,30.0,30.0,28.51000022888184,28.700000762939453,28.700000762939453,10281900,1255.1800537109375
2001-05-11,28.75,29.280000686645508,27.530000686645508,27.68000030517578,27.68000030517578,6195000,1245.6700439453125
2001-05-14,27.68000030517578,28.049999237060547,27.049999237060547,27.200000762939453,27.200000762939453,4441800,1248.9200439453125
2001-05-15,28.0,30.25,27.76000022888184,29.13999938964844,29.13999938964844,8272900,1249.43994140625
2001-05-16,29.100000381469727,31.57999992370605,28.700000762939453,31.5,31.5,11554600,1284.989990234375
2001-05-17,31.5,32.81999969482422,30.899999618530277,31.549999237060547,31.549999237060547,9595600,1288.489990234375
2001-05-18,31.25,32.5,30.90999984741211,32.4900016784668,32.4900016784668,7606900,1291.9599609375
2001-05-21,31.950000762939453,34.45000076293945,31.799999237060547,34.400001525878906,34.400001525878906,10797800,1312.8299560546875
2001-05-22,34.0,34.650001525878906,33.400001525878906,33.9900016784668,33.9900016784668,7727500,1309.3800048828125
2001-05-23,33.54999923706055,33.599998474121094,32.529998779296875,32.65999984741211,32.65999984741211,4871700,1289.050048828125
2001-05-24,32.65999984741211,32.79999923706055,30.540000915527344,31.950000762939453,31.950000762939453,8735400,1293.1700439453125
2001-05-25,31.959999084472656,32.5,31.299999237060547,31.940000534057617,31.940000534057617,2928200,1277.8900146484375
2001-05-29,31.90999984741211,31.90999984741211,29.399999618530277,29.43000030517578,29.43000030517578,6546600,1267.9300537109375
2001-05-30,29.200000762939453,29.200000762939453,27.5,27.950000762939453,27.950000762939453,9180800,1248.0799560546875
2001-05-31,27.950000762939453,28.75,27.90999984741211,28.25,28.25,7217700,1255.8199462890625
2001-06-01,29.0,29.600000381469727,27.96999931335449,29.600000381469727,29.600000381469727,5925300,1260.6700439453125
2001-06-04,29.549999237060547,29.549999237060547,27.520000457763672,27.61000061035156,27.61000061035156,7897400,1267.1099853515625
2001-06-05,28.100000381469727,29.46999931335449,28.100000381469727,28.899999618530277,28.899999618530277,7838100,1283.5699462890625
2001-06-06,29.25,29.600000381469727,28.01000022888184,28.3700008392334,28.3700008392334,7556400,1270.030029296875
2001-06-07,28.600000381469727,31.100000381469727,28.520000457763672,30.280000686645508,30.280000686645508,10903700,1276.9599609375
2001-06-08,30.899999618530277,31.790000915527344,30.100000381469727,31.100000381469727,31.100000381469727,9639800,1264.9599609375
2001-06-11,31.100000381469727,31.100000381469727,29.07999992370605,30.049999237060547,30.049999237060547,5982200,1254.3900146484375
2001-06-12,29.049999237060547,30.299999237060547,28.530000686645508,29.670000076293945,29.670000076293945,6348200,1255.8499755859375
2001-06-13,29.75,30.459999084472656,28.899999618530277,29.280000686645508,29.280000686645508,4284000,1241.5999755859375
2001-06-14,28.07999992370605,29.280000686645508,27.229999542236328,27.440000534057617,27.440000534057617,5932600,1219.8699951171875
2001-06-15,27.049999237060547,28.100000381469727,26.5,27.559999465942383,27.559999465942383,6735800,1214.3599853515625
2001-06-18,27.5,28.049999237060547,26.149999618530277,26.399999618530277,26.399999618530277,5887800,1208.4300537109375
2001-06-19,27.5,27.75,24.3799991607666,24.989999771118164,24.989999771118164,11304400,1212.5799560546875
2001-06-20,24.0,25.100000381469727,23.559999465942383,23.950000762939453,23.950000762939453,11126200,1223.1400146484375
2001-06-21,24.049999237060547,24.59000015258789,23.6200008392334,24.479999542236328,24.479999542236328,7173400,1237.0400390625
2001-06-22,24.649999618530277,25.850000381469727,24.200000762939453,24.670000076293945,24.670000076293945,4866500,1225.3499755859375
2001-06-25,25.950000762939453,25.950000762939453,24.709999084472656,25.290000915527344,25.290000915527344,3415600,1218.5999755859375
2001-06-26,25.149999618530277,26.399999618530277,24.82999992370605,26.149999618530277,26.149999618530277,4906200,1216.760009765625
2001-06-27,25.899999618530277,27.059999465942383,25.549999237060547,26.5,26.5,5611500,1211.0699462890625
2001-06-28,26.950000762939453,28.600000381469727,26.940000534057617,27.43000030517578,27.43000030517578,4919400,1226.199951171875
2001-06-29,27.43000030517578,30.100000381469727,27.43000030517578,28.899999618530277,28.899999618530277,11227700,1224.3800048828125
2001-07-02,29.049999237060547,30.0,28.63999938964844,29.739999771118164,29.739999771118164,5074400,1236.719970703125
2001-07-03,29.100000381469727,30.200000762939453,28.86000061035156,29.76000022888184,29.76000022888184,3284300,1234.449951171875
2001-07-05,29.25,29.26000022888184,28.5,28.63999938964844,28.63999938964844,7030700,1219.239990234375
2001-07-06,23.5,23.899999618530277,20.799999237060547,20.799999237060547,20.799999237060547,26133700,1190.5899658203125
2001-07-09,20.8700008392334,21.459999084472656,20.1200008392334,21.200000762939453,21.200000762939453,13000600,1198.780029296875
2001-07-10,21.5,21.729999542236328,20.790000915527344,21.0,21.0,7220200,1181.52001953125
2001-07-11,20.989999771118164,21.200000762939453,20.200000762939453,21.1200008392334,21.1200008392334,7457900,1180.1800537109375
2001-07-12,22.0,23.21999931335449,22.0,22.700000762939453,22.700000762939453,7957900,1208.1400146484375
2001-07-13,21.850000381469727,22.489999771118164,20.5,21.07999992370605,21.07999992370605,12669700,1215.6800537109375
2001-07-16,21.100000381469727,21.200000762939453,19.84000015258789,20.0,20.0,9602700,1202.449951171875
2001-07-17,19.700000762939453,20.600000381469727,19.100000381469727,20.420000076293945,20.420000076293945,9218200,1214.43994140625
2001-07-18,20.299999237060547,20.299999237060547,17.350000381469727,17.8700008392334,17.8700008392334,15573200,1207.7099609375
2001-07-19,18.450000762939453,18.5,17.260000228881836,17.540000915527344,17.540000915527344,8988600,1215.02001953125
2001-07-20,17.450000762939453,17.459999084472656,16.81999969482422,17.0,17.0,7314100,1210.8499755859375
2001-07-23,17.649999618530273,17.649999618530273,16.799999237060547,16.8700008392334,16.8700008392334,5528000,1191.030029296875
2001-07-24,16.899999618530273,17.239999771118164,16.209999084472656,16.3799991607666,16.3799991607666,6295700,1171.6500244140625
2001-07-25,16.549999237060547,16.729999542236328,15.3100004196167,16.299999237060547,16.299999237060547,7863900,1190.489990234375
2001-07-26,16.299999237060547,17.649999618530273,16.1299991607666,17.5,17.5,7551200,1202.9300537109375
2001-07-27,17.25,18.020000457763672,17.25,17.68000030517578,17.68000030517578,6575300,1205.8199462890625
2001-07-30,18.5,18.75,17.799999237060547,18.209999084472656,18.209999084472656,8651800,1204.52001953125
2001-07-31,18.84000015258789,18.899999618530277,18.200000762939453,18.26000022888184,18.26000022888184,8385400,1211.22998046875
2001-08-01,18.950000762939453,19.350000381469727,18.600000381469727,18.899999618530277,18.899999618530277,8130500,1215.9300537109375
2001-08-02,19.399999618530277,19.899999618530277,19.280000686645508,19.76000022888184,19.76000022888184,8031700,1220.75
2001-08-03,19.600000381469727,19.61000061035156,19.13999938964844,19.25,19.25,3556500,1214.3499755859375
2001-08-06,18.489999771118164,19.270000457763672,17.5,17.6200008392334,17.6200008392334,10027100,1200.47998046875
2001-08-07,17.690000534057617,17.75,16.979999542236328,17.549999237060547,17.549999237060547,5475300,1204.4000244140625
2001-08-08,17.559999465942383,17.75,16.5,16.700000762939453,16.700000762939453,5711300,1183.530029296875
2001-08-09,16.40999984741211,17.1200008392334,16.399999618530273,16.690000534057617,16.690000534057617,4288400,1183.4300537109375
2001-08-10,16.440000534057617,16.799999237060547,15.949999809265137,16.209999084472656,16.209999084472656,6884100,1190.1600341796875
2001-08-13,16.579999923706055,16.770000457763672,16.049999237060547,16.610000610351562,16.610000610351562,6341600,1191.2900390625
2001-08-14,16.399999618530273,16.700000762939453,15.449999809265137,15.5,15.5,10012300,1186.72998046875
2001-08-15,15.699999809265137,15.699999809265137,14.369999885559082,14.75,14.75,11167800,1178.02001953125
2001-08-16,14.510000228881836,15.050000190734863,14.25,15.0,15.0,7077200,1181.6600341796875
2001-08-17,14.520000457763672,14.760000228881836,14.119999885559082,14.390000343322754,14.390000343322754,4444000,1161.969970703125
2001-08-20,14.220000267028809,14.75,14.18000030517578,14.460000038146973,14.460000038146973,3016700,1171.4100341796875
2001-08-21,14.5,14.75,14.149999618530272,14.75,14.75,3899500,1157.260009765625
2001-08-22,14.90999984741211,14.90999984741211,14.100000381469728,14.510000228881836,14.510000228881836,4320300,1165.31005859375
2001-08-23,14.699999809265137,14.75,14.279999732971191,14.300000190734863,14.300000190734863,3081500,1162.0899658203125
2001-08-24,14.449999809265137,15.119999885559082,14.369999885559082,15.0,15.0,4399400,1184.9300537109375
2001-08-27,15.100000381469728,15.739999771118164,14.75,15.300000190734863,15.300000190734863,4674400,1179.2099609375
2001-08-28,15.5,15.600000381469728,14.699999809265137,14.859999656677246,14.859999656677246,6218300,1161.510009765625
2001-08-29,15.229999542236328,15.239999771118164,14.010000228881836,14.199999809265137,14.199999809265137,6311800,1148.56005859375
2001-08-30,14.0,14.010000228881836,13.0,13.289999961853027,13.289999961853027,7921700,1129.030029296875
2001-08-31,13.1899995803833,13.579999923706056,13.0,13.550000190734863,13.550000190734863,3493000,1133.5799560546875
2001-09-04,13.170000076293944,13.399999618530272,12.850000381469728,12.949999809265137,12.949999809265137,5627000,1132.93994140625
2001-09-05,12.75,13.100000381469728,11.699999809265137,12.050000190734863,12.050000190734863,9138500,1131.739990234375
2001-09-06,12.0600004196167,12.25,11.229999542236328,11.399999618530272,11.399999618530272,8685700,1106.4000244140625
2001-09-07,11.600000381469728,12.0,11.100000381469728,11.5,11.5,6778400,1085.780029296875
2001-09-10,11.5,12.010000228881836,11.449999809265137,11.850000381469728,11.850000381469728,5168900,1092.5400390625
2001-09-17,10.25,11.199999809265137,10.050000190734863,10.140000343322754,10.140000343322754,8475000,1038.77001953125
2001-09-18,10.239999771118164,10.399999618530272,9.5,9.5,9.5,5639500,1032.739990234375
2001-09-19,9.850000381469728,9.850000381469728,8.399999618530273,9.109999656677246,9.109999656677246,8096900,1016.0999755859375
2001-09-20,9.050000190734863,9.300000190734863,8.5,8.989999771118164,8.989999771118164,6874800,984.5399780273438
2001-09-21,8.3100004196167,9.300000190734863,8.300000190734863,9.300000190734863,9.300000190734863,10443600,965.7999877929688
2001-09-24,9.75,10.029999732971191,9.350000381469728,9.8100004196167,9.8100004196167,8713200,1003.4500122070312
2001-09-25,9.710000038146973,10.350000381469728,8.75,9.050000190734863,9.050000190734863,12250700,1012.27001953125
2001-09-26,9.050000190734863,9.050000190734863,8.199999809265137,8.350000381469727,8.350000381469727,8248200,1007.0399780273438
2001-09-27,8.260000228881836,8.449999809265137,7.800000190734863,8.0,8.0,5820900,1018.6099853515625
2001-09-28,8.430000305175781,8.449999809265137,7.960000038146973,8.149999618530273,8.149999618530273,7492800,1040.93994140625
2001-10-01,8.300000190734863,8.300000190734863,7.71999979019165,7.929999828338623,7.929999828338623,4960200,1038.550048828125
2001-10-02,7.929999828338623,8.09000015258789,7.760000228881836,8.0,8.0,4067300,1051.3299560546875
2001-10-03,7.789999961853027,8.75,7.690000057220459,8.460000038146973,8.460000038146973,6824400,1072.280029296875
2001-10-04,8.850000381469727,9.479999542236328,8.75,9.0,9.0,7922800,1069.6300048828125
2001-10-05,8.550000190734863,8.899999618530273,8.039999961853027,8.600000381469727,8.600000381469727,8118900,1071.3800048828125
2001-10-08,8.329999923706055,8.979999542236328,8.25,8.779999732971191,8.779999732971191,3734600,1062.43994140625
2001-10-09,9.119999885559082,9.199999809265137,8.800000190734863,8.859999656677246,8.859999656677246,5132300,1056.75
2001-10-10,8.989999771118164,9.59000015258789,8.75,9.59000015258789,9.59000015258789,5301500,1080.989990234375
2001-10-11,9.880000114440918,10.800000190734863,9.859999656677246,10.5,10.5,9384600,1097.4300537109375
2001-10-12,10.5,10.600000381469728,9.800000190734863,10.399999618530272,10.399999618530272,5856400,1091.6500244140625
2001-10-15,10.300000190734863,10.449999809265137,9.899999618530272,10.229999542236328,10.229999542236328,4000500,1089.97998046875
2001-10-16,10.229999542236328,10.75,10.149999618530272,10.609999656677246,10.609999656677246,4906700,1097.5400390625
2001-10-17,11.380000114440918,11.390000343322754,9.609999656677246,9.710000038146973,9.710000038146973,9124700,1077.0899658203125
2001-10-18,9.979999542236328,10.0,9.399999618530272,9.5,9.5,5469500,1068.6099853515625
2001-10-19,9.75,9.75,9.050000190734863,9.1899995803833,9.1899995803833,4172200,1073.47998046875
2001-10-22,9.220000267028809,9.75,9.09000015258789,9.579999923706056,9.579999923706056,3038900,1089.9000244140625
2001-10-23,9.75,10.149999618530272,9.600000381469728,9.65999984741211,9.65999984741211,4195500,1084.780029296875
2001-10-24,9.800000190734863,10.220000267028809,9.699999809265137,9.949999809265137,9.949999809265137,3526500,1085.199951171875
2001-10-25,9.68000030517578,10.300000190734863,9.380000114440918,10.260000228881836,10.260000228881836,3779400,1100.0899658203125
2001-10-26,10.260000228881836,10.489999771118164,9.949999809265137,10.34000015258789,10.34000015258789,3975400,1104.6099853515625
2001-10-29,10.029999732971191,10.289999961853027,9.5600004196167,9.5600004196167,9.5600004196167,4145000,1078.300048828125
2001-10-30,9.5,9.75,9.199999809265137,9.43000030517578,9.43000030517578,3325300,1059.7900390625
2001-10-31,9.529999732971191,10.09000015258789,9.510000228881836,9.84000015258789,9.84000015258789,4238100,1059.780029296875
2001-11-01,10.0,11.5,9.949999809265137,11.5,11.5,9662100,1084.0999755859375
2001-11-02,11.470000267028809,12.449999809265137,11.0,12.25,12.25,12444900,1087.199951171875
2001-11-05,12.460000038146973,13.199999809265137,12.460000038146973,13.039999961853027,13.039999961853027,10509600,1102.8399658203125
2001-11-06,13.100000381469728,13.25,12.68000030517578,13.0,13.0,8130500,1118.8599853515625
2001-11-07,12.800000190734863,14.5,12.770000457763672,13.520000457763672,13.520000457763672,9470000,1115.800048828125
2001-11-08,14.100000381469728,14.670000076293944,12.380000114440918,12.399999618530272,12.399999618530272,17671200,1118.5400390625
2001-11-09,13.0600004196167,13.06999969482422,12.149999618530272,12.390000343322754,12.390000343322754,8306500,1120.31005859375
2001-11-12,12.399999618530272,12.84000015258789,11.9399995803833,12.800000190734863,12.800000190734863,4736400,1118.3299560546875
2001-11-13,13.25,13.850000381469728,13.25,13.649999618530272,13.649999618530272,6310800,1139.0899658203125
2001-11-14,13.960000038146973,14.18000030517578,13.3100004196167,14.0,14.0,6815700,1141.2099609375
2001-11-15,14.0,14.0,13.449999809265137,13.75,13.75,5721100,1142.239990234375
2001-11-16,13.75,13.800000190734863,13.300000190734863,13.649999618530272,13.649999618530272,4251500,1138.6500244140625
2001-11-19,13.670000076293944,13.800000190734863,13.25,13.649999618530272,13.649999618530272,4093800,1151.06005859375
2001-11-20,13.399999618530272,13.550000190734863,13.100000381469728,13.1899995803833,13.1899995803833,4774800,1142.6600341796875
2001-11-21,13.100000381469728,13.4399995803833,12.720000267028809,13.34000015258789,13.34000015258789,3318500,1137.030029296875
2001-11-23,13.100000381469728,13.399999618530272,13.029999732971191,13.359999656677246,13.359999656677246,1322200,1150.3399658203125
2001-11-26,13.399999618530272,14.149999618530272,13.369999885559082,14.149999618530272,14.149999618530272,4713800,1157.4200439453125
2001-11-27,13.81999969482422,14.350000381469728,13.520000457763672,13.800000190734863,13.800000190734863,5248100,1149.5
2001-11-28,13.800000190734863,13.800000190734863,13.130000114440918,13.210000038146973,13.210000038146973,4157200,1128.52001953125
2001-11-29,12.979999542236328,13.699999809265137,12.5,13.529999732971191,13.529999732971191,8632000,1140.199951171875
2001-11-30,13.630000114440918,13.899999618530272,13.140000343322754,13.5600004196167,13.5600004196167,4464100,1139.449951171875
2001-12-03,13.5,14.350000381469728,13.390000343322754,14.050000190734863,14.050000190734863,6811000,1129.9000244140625
2001-12-04,14.199999809265137,14.970000267028809,13.899999618530272,14.899999618530272,14.899999618530272,7743400,1144.800048828125
2001-12-05,15.399999618530272,16.25,15.3100004196167,16.239999771118164,16.239999771118164,11661000,1170.3499755859375
2001-12-06,15.949999809265137,16.700000762939453,15.850000381469728,16.25,16.25,11736700,1167.0999755859375
2001-12-07,17.75,18.6200008392334,17.610000610351562,17.850000381469727,17.850000381469727,24624800,1158.31005859375
2001-12-10,17.5,17.979999542236328,17.299999237060547,17.5,17.5,6895300,1139.9300537109375
2001-12-11,17.850000381469727,18.18000030517578,17.610000610351562,17.860000610351562,17.860000610351562,6278300,1136.760009765625
2001-12-12,18.149999618530277,18.36000061035156,17.65999984741211,18.309999465942383,18.309999465942383,4834100,1137.0699462890625
2001-12-13,17.299999237060547,17.5,16.1200008392334,16.18000030517578,16.18000030517578,9479300,1119.3800048828125
2001-12-14,16.25,17.850000381469727,16.18000030517578,17.469999313354492,17.469999313354492,7887700,1123.0899658203125
2001-12-17,17.200000762939453,17.950000762939453,17.0,17.799999237060547,17.799999237060547,5827000,1134.3599853515625
2001-12-18,17.899999618530273,18.09000015258789,17.200000762939453,17.579999923706055,17.579999923706055,4548800,1142.9200439453125
2001-12-19,17.0,17.399999618530273,16.8799991607666,16.959999084472656,16.959999084472656,3502200,1149.56005859375
2001-12-20,16.700000762939453,16.75,15.609999656677246,15.649999618530272,15.649999618530272,5937100,1139.9300537109375
2001-12-21,15.649999618530272,16.200000762939453,15.329999923706056,15.869999885559082,15.869999885559082,7550700,1144.8900146484375
2001-12-24,15.949999809265137,15.949999809265137,15.510000228881836,15.5600004196167,15.5600004196167,1402100,1144.6500244140625
2001-12-26,15.649999618530272,16.299999237060547,15.5,15.619999885559082,15.619999885559082,4099800,1149.3699951171875
2001-12-27,15.9399995803833,16.600000381469727,15.9399995803833,16.1200008392334,16.1200008392334,4052100,1157.1300048828125
2001-12-28,16.549999237060547,16.600000381469727,16.25,16.3799991607666,16.3799991607666,2967300,1161.02001953125
2001-12-31,16.489999771118164,16.5,15.850000381469728,15.859999656677246,15.859999656677246,3396500,1148.0799560546875
2002-01-02,16.280000686645508,16.40999984741211,15.949999809265137,16.389999389648438,16.389999389648438,4475400,1154.6700439453125
2002-01-03,16.719999313354492,19.649999618530277,16.719999313354492,19.3700008392334,19.3700008392334,14836600,1165.27001953125
2002-01-04,19.899999618530277,20.200000762939453,19.1200008392334,20.0,20.0,14737700,1172.510009765625
2002-01-07,20.450000762939453,20.600000381469727,19.530000686645508,19.979999542236328,19.979999542236328,9822300,1164.8900146484375
2002-01-08,19.979999542236328,20.06999969482422,19.649999618530277,19.899999618530277,19.899999618530277,5880300,1160.7099609375
2002-01-09,20.0,20.18000030517578,18.899999618530277,19.09000015258789,19.09000015258789,7979600,1155.1400146484375
2002-01-10,19.200000762939453,19.239999771118164,18.299999237060547,18.63999938964844,18.63999938964844,5810600,1156.550048828125
2002-01-11,18.799999237060547,19.38999938964844,18.549999237060547,19.149999618530277,19.149999618530277,6398100,1145.5999755859375
2002-01-14,19.18000030517578,19.959999084472656,19.15999984741211,19.61000061035156,19.61000061035156,8454700,1138.4100341796875
2002-01-15,19.549999237060547,19.799999237060547,18.8799991607666,19.149999618530277,19.149999618530277,8156900,1146.18994140625
2002-01-16,18.700000762939453,18.950000762939453,17.899999618530273,17.899999618530273,17.899999618530273,11634000,1127.5699462890625
2002-01-17,18.8700008392334,19.049999237060547,16.989999771118164,17.280000686645508,17.280000686645508,16837800,1138.8800048828125
2002-01-18,16.40999984741211,17.09000015258789,16.40999984741211,16.809999465942383,16.809999465942383,8489800,1127.5799560546875
2002-01-22,17.18000030517578,17.18000030517578,16.200000762939453,16.290000915527344,16.290000915527344,4303300,1119.31005859375
2002-01-23,16.450000762939453,16.739999771118164,15.789999961853027,16.700000762939453,16.700000762939453,5949200,1128.1800537109375
2002-01-24,16.0,16.34000015258789,15.989999771118164,16.1299991607666,16.1299991607666,15280900,1132.1500244140625
2002-01-25,16.049999237060547,16.360000610351562,15.75,16.299999237060547,16.299999237060547,7632700,1133.280029296875
2002-01-28,16.350000381469727,16.5,16.1200008392334,16.360000610351562,16.360000610351562,6433400,1133.06005859375
2002-01-29,16.5,16.700000762939453,15.619999885559082,15.890000343322754,15.890000343322754,6889800,1100.6400146484375
2002-01-30,15.949999809265137,16.09000015258789,14.960000038146973,15.760000228881836,15.760000228881836,8529500,1113.5699462890625
2002-01-31,16.049999237060547,16.239999771118164,15.390000343322754,16.049999237060547,16.049999237060547,8267200,1130.199951171875
2002-02-01,15.859999656677246,15.979999542236328,15.479999542236328,15.800000190734863,15.800000190734863,4872500,1122.199951171875
2002-02-04,15.800000190734863,15.850000381469728,14.699999809265137,15.050000190734863,15.050000190734863,6426100,1094.43994140625
2002-02-05,15.050000190734863,15.050000190734863,14.449999809265137,14.579999923706056,14.579999923706056,5161900,1090.02001953125
2002-02-06,14.68000030517578,14.739999771118164,14.0,14.050000190734863,14.050000190734863,5612800,1083.510009765625
2002-02-07,14.020000457763672,14.170000076293944,13.0,13.489999771118164,13.489999771118164,6248400,1080.1700439453125
2002-02-08,13.75,15.25,13.399999618530272,15.25,15.25,8707800,1096.219970703125
2002-02-11,15.010000228881836,15.25,14.399999618530272,15.0,15.0,6207000,1111.93994140625
2002-02-12,14.779999732971191,15.239999771118164,14.390000343322754,15.119999885559082,15.119999885559082,7170300,1107.5
2002-02-13,15.229999542236328,15.520000457763672,15.100000381469728,15.5,15.5,5147700,1118.510009765625
2002-02-14,15.5,15.699999809265137,14.84000015258789,14.850000381469728,14.850000381469728,5040200,1116.47998046875
2002-02-15,15.0,15.149999618530272,14.350000381469728,14.520000457763672,14.520000457763672,7334500,1104.1800537109375
2002-02-19,14.5,14.600000381469728,13.760000228881836,13.760000228881836,13.760000228881836,5273100,1083.3399658203125
2002-02-20,14.149999618530272,14.760000228881836,13.789999961853027,14.720000267028809,14.720000267028809,5349900,1097.97998046875
2002-02-21,14.399999618530272,14.399999618530272,13.100000381469728,13.140000343322754,13.140000343322754,10916000,1080.949951171875
2002-02-22,13.25,13.449999809265137,12.630000114440918,12.850000381469728,12.850000381469728,8948000,1089.8399658203125
2002-02-25,13.199999809265137,13.75,13.109999656677246,13.56999969482422,13.56999969482422,5647300,1109.4300537109375
2002-02-26,13.600000381469728,13.829999923706056,13.18000030517578,13.699999809265137,13.699999809265137,4525200,1109.3800048828125
2002-02-27,14.449999809265137,14.649999618530272,13.800000190734863,14.020000457763672,14.020000457763672,7095100,1109.8900146484375
2002-02-28,14.199999809265137,14.210000038146973,13.25,13.5,13.5,5141700,1106.72998046875
2002-03-01,13.779999732971191,15.149999618530272,13.779999732971191,15.149999618530272,15.149999618530272,5851200,1131.780029296875
2002-03-04,15.06999969482422,15.470000267028809,14.399999618530272,15.239999771118164,15.239999771118164,6970800,1153.8399658203125
2002-03-05,15.300000190734863,16.020000457763672,15.210000038146973,15.739999771118164,15.739999771118164,8753800,1146.1400146484375
2002-03-06,15.670000076293944,15.869999885559082,15.289999961853027,15.460000038146973,15.460000038146973,5554400,1162.77001953125
2002-03-07,15.989999771118164,16.100000381469727,15.119999885559082,15.3100004196167,15.3100004196167,6639200,1157.5400390625
2002-03-08,15.949999809265137,16.549999237060547,15.630000114440918,16.209999084472656,16.209999084472656,8358400,1164.31005859375
2002-03-11,16.209999084472656,17.280000686645508,15.489999771118164,16.25,16.25,5610900,1168.260009765625
2002-03-12,15.6899995803833,15.850000381469728,15.529999732971191,15.75,15.75,5384100,1165.5799560546875
2002-03-13,14.850000381469728,15.359999656677246,14.289999961853027,14.300000190734863,14.300000190734863,9225800,1154.0899658203125
2002-03-14,14.5,14.829999923706056,14.350000381469728,14.350000381469728,14.350000381469728,5063600,1153.0400390625
2002-03-15,14.449999809265137,14.899999618530272,14.449999809265137,14.600000381469728,14.600000381469728,4455300,1166.1600341796875
2002-03-18,14.899999618530272,15.09000015258789,14.699999809265137,14.81999969482422,14.81999969482422,3155400,1165.550048828125
2002-03-19,14.920000076293944,15.020000457763672,14.510000228881836,14.789999961853027,14.789999961853027,3714600,1170.2900390625
2002-03-20,14.6899995803833,14.699999809265137,14.029999732971191,14.170000076293944,14.170000076293944,6311600,1151.8499755859375
2002-03-21,14.119999885559082,14.59000015258789,14.029999732971191,14.489999771118164,14.489999771118164,4211800,1153.5899658203125
2002-03-22,14.649999618530272,15.050000190734863,14.520000457763672,14.760000228881836,14.760000228881836,4754900,1148.699951171875
2002-03-25,14.649999618530272,14.90999984741211,14.079999923706056,14.130000114440918,14.130000114440918,4747400,1131.8699951171875
2002-03-26,14.130000114440918,14.529999732971191,14.0,14.359999656677246,14.359999656677246,3061700,1138.489990234375
2002-03-27,14.3100004196167,14.31999969482422,14.0600004196167,14.140000343322754,14.140000343322754,2116300,1144.5799560546875
2002-03-28,14.239999771118164,14.779999732971191,14.18000030517578,14.710000038146973,14.710000038146973,3450700,1147.3900146484375
2002-04-01,14.609999656677246,14.850000381469728,14.239999771118164,14.75,14.75,3063900,1146.5400390625
2002-04-02,14.399999618530272,14.5,14.149999618530272,14.170000076293944,14.170000076293944,3427600,1136.760009765625
2002-04-03,14.210000038146973,14.380000114440918,13.6899995803833,13.800000190734863,13.800000190734863,3957000,1125.4000244140625
2002-04-04,13.789999961853027,14.039999961853027,13.579999923706056,13.760000228881836,13.760000228881836,4661600,1126.3399658203125
2002-04-05,13.850000381469728,13.93000030517578,13.289999961853027,13.5,13.5,4432300,1122.72998046875
2002-04-08,13.010000228881836,13.75,12.75,13.75,13.75,6213600,1125.2900390625
2002-04-09,13.65999984741211,13.989999771118164,13.270000457763672,13.359999656677246,13.359999656677246,4846600,1117.800048828125
2002-04-10,13.420000076293944,13.520000457763672,12.880000114440918,13.5,13.5,5240000,1130.469970703125
2002-04-11,13.399999618530272,13.600000381469728,13.06999969482422,13.229999542236328,13.229999542236328,3524200,1103.68994140625
2002-04-12,13.329999923706056,13.40999984741211,13.050000190734863,13.149999618530272,13.149999618530272,3162400,1111.010009765625
2002-04-15,13.25,13.600000381469728,13.149999618530272,13.5,13.5,3336900,1102.550048828125
2002-04-16,13.949999809265137,14.449999809265137,13.850000381469728,14.350000381469728,14.350000381469728,7095800,1128.3699951171875
2002-04-17,14.65999984741211,15.300000190734863,14.579999923706056,14.81999969482422,14.81999969482422,8864000,1126.0699462890625
2002-04-18,13.699999809265137,14.81999969482422,12.59000015258789,12.600000381469728,12.600000381469728,18642000,1124.469970703125
2002-04-19,12.699999809265137,12.699999809265137,12.109999656677246,12.15999984741211,12.15999984741211,9053300,1125.1700439453125
2002-04-22,12.100000381469728,12.109999656677246,11.399999618530272,11.479999542236328,11.479999542236328,6826500,1107.8299560546875
2002-04-23,11.600000381469728,11.920000076293944,11.550000190734863,11.84000015258789,11.84000015258789,9201600,1100.9599609375
2002-04-24,12.149999618530272,12.25,11.380000114440918,11.6899995803833,11.6899995803833,7565100,1093.1400146484375
2002-04-25,11.880000114440918,11.880000114440918,11.25,11.350000381469728,11.350000381469728,5597900,1091.47998046875
2002-04-26,11.520000457763672,11.59000015258789,11.010000228881836,11.199999809265137,11.199999809265137,6248600,1076.3199462890625
2002-04-29,11.34000015258789,11.449999809265137,10.949999809265137,11.0,11.0,4278600,1065.449951171875
2002-04-30,11.0,11.460000038146973,10.970000267028809,11.18000030517578,11.18000030517578,4191600,1076.9200439453125
2002-05-01,11.350000381469728,11.550000190734863,11.109999656677246,11.520000457763672,11.520000457763672,4355900,1086.4599609375
2002-05-02,11.75,11.75,11.270000457763672,11.34000015258789,11.34000015258789,7193300,1084.56005859375
2002-05-03,11.34000015258789,11.34000015258789,11.010000228881836,11.050000190734863,11.050000190734863,4048300,1073.4300537109375
2002-05-06,11.020000457763672,11.170000076293944,10.529999732971191,10.609999656677246,10.609999656677246,5250500,1052.6700439453125
2002-05-07,10.949999809265137,10.949999809265137,10.399999618530272,10.640000343322754,10.640000343322754,10002900,1049.489990234375
2002-05-08,11.25,11.510000228881836,11.220000267028809,11.510000228881836,11.510000228881836,9607000,1088.8499755859375
2002-05-09,11.470000267028809,11.739999771118164,11.25,11.40999984741211,11.40999984741211,3987600,1073.010009765625
2002-05-10,11.40999984741211,11.630000114440918,10.859999656677246,11.039999961853027,11.039999961853027,3395000,1054.989990234375
2002-05-13,11.300000190734863,11.5,11.109999656677246,11.5,11.5,5008000,1074.56005859375
2002-05-14,12.199999809265137,12.539999961853027,12.06999969482422,12.399999618530272,12.399999618530272,6987500,1097.280029296875
2002-05-15,12.399999618530272,12.899999618530272,12.100000381469728,12.510000228881836,12.510000228881836,5165600,1091.0699462890625
2002-05-16,12.510000228881836,12.550000190734863,12.25,12.399999618530272,12.399999618530272,3443400,1098.22998046875
2002-05-17,12.6899995803833,12.949999809265137,12.0,12.199999809265137,12.199999809265137,6440500,1106.5899658203125
2002-05-20,12.199999809265137,12.350000381469728,12.020000457763672,12.140000343322754,12.140000343322754,2621700,1091.8800048828125
2002-05-21,12.350000381469728,12.4399995803833,11.649999618530272,11.739999771118164,11.739999771118164,3867900,1079.8800048828125
2002-05-22,11.640000343322754,12.050000190734863,11.5600004196167,11.779999732971191,11.779999732971191,4055100,1086.02001953125
2002-05-23,11.800000190734863,12.0,11.460000038146973,12.0,12.0,2979000,1097.0799560546875
2002-05-24,11.800000190734863,11.850000381469728,11.579999923706056,11.649999618530272,11.649999618530272,1823600,1083.8199462890625
2002-05-28,11.949999809265137,11.949999809265137,11.470000267028809,11.729999542236328,11.729999542236328,2906700,1074.550048828125
2002-05-29,11.5,11.739999771118164,11.449999809265137,11.600000381469728,11.600000381469728,2523900,1067.6600341796875
2002-05-30,11.350000381469728,11.579999923706056,11.130000114440918,11.380000114440918,11.380000114440918,2849300,1064.6600341796875
2002-05-31,11.380000114440918,11.729999542236328,11.199999809265137,11.43000030517578,11.43000030517578,2327700,1067.1400146484375
2002-06-03,11.399999618530272,11.40999984741211,10.760000228881836,10.760000228881836,10.760000228881836,4215400,1040.6800537109375
2002-06-04,10.760000228881836,11.100000381469728,10.65999984741211,10.989999771118164,10.989999771118164,4291600,1040.68994140625
2002-06-05,11.0,11.119999885559082,10.600000381469728,10.970000267028809,10.970000267028809,4259300,1049.9000244140625
2002-06-06,10.699999809265137,10.829999923706056,10.5,10.609999656677246,10.609999656677246,3281800,1029.1500244140625
2002-06-07,9.300000190734863,9.869999885559082,9.039999961853027,9.8100004196167,9.8100004196167,12685500,1027.530029296875
2002-06-10,9.899999618530272,10.149999618530272,9.8100004196167,9.890000343322754,9.890000343322754,4311300,1030.739990234375
2002-06-11,10.100000381469728,10.140000343322754,9.25,9.329999923706056,9.329999923706056,4553400,1013.5999755859375
2002-06-12,9.59000015258789,9.729999542236328,9.199999809265137,9.670000076293944,9.670000076293944,5317700,1020.260009765625
2002-06-13,9.529999732971191,9.93000030517578,9.390000343322754,9.390000343322754,9.390000343322754,2791800,1009.5599975585938
2002-06-14,9.300000190734863,9.829999923706056,9.149999618530272,9.600000381469728,9.600000381469728,3379500,1007.27001953125
2002-06-17,9.899999618530272,10.800000190734863,9.800000190734863,10.800000190734863,10.800000190734863,5346500,1036.1700439453125
2002-06-18,10.800000190734863,11.18000030517578,10.300000190734863,10.300000190734863,10.300000190734863,5913500,1037.1400146484375
2002-06-19,9.0,9.229999542236328,8.5,8.699999809265137,8.699999809265137,21860200,1019.989990234375
2002-06-20,8.649999618530273,8.930000305175781,8.109999656677246,8.270000457763672,8.270000457763672,11702200,1006.2899780273438
2002-06-21,8.199999809265137,8.399999618530273,7.989999771118164,8.039999961853027,8.039999961853027,8128000,989.1400146484375
2002-06-24,8.0,8.699999809265137,7.949999809265137,8.699999809265137,8.699999809265137,7254300,992.719970703125
2002-06-25,9.050000190734863,9.149999618530272,8.350000381469727,8.380000114440918,8.380000114440918,6675900,976.1400146484375
2002-06-26,8.25,9.239999771118164,8.0,8.970000267028809,8.970000267028809,8490000,973.530029296875
2002-06-27,9.149999618530272,9.239999771118164,8.819999694824219,9.050000190734863,9.050000190734863,6853800,990.6400146484375
2002-06-28,9.130000114440918,9.720000267028809,9.06999969482422,9.720000267028809,9.720000267028809,6167200,989.8200073242188
2002-07-01,9.600000381469728,9.699999809265137,9.100000381469728,9.140000343322754,9.140000343322754,3394100,968.6500244140625
2002-07-02,8.800000190734863,9.149999618530272,8.529999732971191,8.800000190734863,8.800000190734863,4410200,948.0900268554688
2002-07-03,8.25,8.5,7.820000171661377,8.430000305175781,8.430000305175781,12653400,953.989990234375
2002-07-05,9.050000190734863,9.350000381469728,8.9399995803833,9.34000015258789,9.34000015258789,3477600,989.030029296875
2002-07-08,9.34000015258789,9.539999961853027,9.010000228881836,9.050000190734863,9.050000190734863,3646700,976.97998046875
2002-07-09,9.0,9.43000030517578,8.850000381469727,8.979999542236328,8.979999542236328,3331900,952.8300170898438
2002-07-10,9.229999542236328,9.31999969482422,9.0,9.010000228881836,9.010000228881836,4870700,920.469970703125
2002-07-11,8.90999984741211,9.449999809265137,8.850000381469727,9.329999923706056,9.329999923706056,5355600,927.3699951171875
2002-07-12,9.329999923706056,9.600000381469728,8.949999809265137,9.100000381469728,9.100000381469728,7857800,921.3900146484375
2002-07-15,9.100000381469728,9.4399995803833,8.960000038146973,9.25,9.25,4856600,917.9299926757812
2002-07-16,9.25,10.0,9.149999618530272,9.399999618530272,9.399999618530272,7508300,900.9400024414062
2002-07-17,10.0,10.300000190734863,9.010000228881836,9.329999923706056,9.329999923706056,6485800,906.0399780273438
2002-07-18,8.899999618530273,9.100000381469728,8.670000076293945,8.720000267028809,8.720000267028809,8136200,881.5599975585938
2002-07-19,8.720000267028809,9.050000190734863,8.34000015258789,8.489999771118164,8.489999771118164,4295400,847.75
2002-07-22,8.59000015258789,8.899999618530273,8.300000190734863,8.420000076293945,8.420000076293945,3996100,819.8499755859375
2002-07-23,8.5,8.75,8.100000381469727,8.149999618530273,8.149999618530273,4143200,797.7000122070312
2002-07-24,8.050000190734863,8.460000038146973,7.889999866485596,8.460000038146973,8.460000038146973,4410100,843.4299926757812
2002-07-25,8.050000190734863,8.239999771118164,7.460000038146973,7.860000133514404,7.860000133514404,5931600,838.6799926757812
2002-07-26,7.960000038146973,8.020000457763672,7.519999980926514,7.820000171661377,7.820000171661377,2735100,852.8400268554688
2002-07-29,8.119999885559082,8.319999694824219,7.849999904632568,8.149999618530273,8.149999618530273,3841400,898.9600219726562
2002-07-30,8.119999885559082,8.510000228881836,7.900000095367432,8.449999809265137,8.449999809265137,3401100,902.780029296875
2002-07-31,8.449999809265137,8.449999809265137,8.0,8.029999732971191,8.029999732971191,2879500,911.6199951171875
2002-08-01,8.029999732971191,8.1899995803833,7.650000095367432,7.730000019073486,7.730000019073486,3879300,884.6599731445312
2002-08-02,7.730000019073486,7.730000019073486,7.010000228881836,7.309999942779541,7.309999942779541,7057500,864.239990234375
2002-08-05,7.730000019073486,7.940000057220459,7.449999809265137,7.570000171661377,7.570000171661377,6705900,834.5999755859375
2002-08-06,7.900000095367432,8.699999809265137,7.820000171661377,8.319999694824219,8.319999694824219,8322300,859.5700073242188
2002-08-07,8.800000190734863,8.9399995803833,8.199999809265137,8.600000381469727,8.600000381469727,4917000,876.77001953125
2002-08-08,8.399999618530273,9.020000457763672,8.270000457763672,8.9399995803833,8.9399995803833,5950000,905.4600219726562
2002-08-09,8.550000190734863,9.0,8.510000228881836,8.829999923706055,8.829999923706055,3038500,908.6400146484375
2002-08-12,8.680000305175781,8.859999656677246,8.510000228881836,8.829999923706055,8.829999923706055,2545000,903.7999877929688
2002-08-13,8.829999923706055,9.18000030517578,8.5,8.5,8.5,3728200,884.2100219726562
2002-08-14,8.510000228881836,9.0600004196167,8.380000114440918,9.050000190734863,9.050000190734863,4220300,919.6199951171875
2002-08-15,8.770000457763672,9.25,8.720000267028809,9.100000381469728,9.100000381469728,3316500,930.25
2002-08-16,9.100000381469728,9.949999809265137,8.800000190734863,9.93000030517578,9.93000030517578,6187400,928.77001953125
2002-08-19,9.93000030517578,10.880000114440918,9.850000381469728,10.5,10.5,7849900,950.7000122070312
2002-08-20,10.489999771118164,10.5,10.100000381469728,10.1899995803833,10.1899995803833,5549300,937.4299926757812
2002-08-21,10.43000030517578,10.770000457763672,10.1899995803833,10.699999809265137,10.699999809265137,5333000,949.3599853515625
2002-08-22,10.5,10.829999923706056,10.40999984741211,10.40999984741211,10.40999984741211,4542800,962.7000122070312
2002-08-23,10.329999923706056,10.34000015258789,9.449999809265137,9.670000076293944,9.670000076293944,6425400,940.8599853515625
2002-08-26,9.699999809265137,9.800000190734863,9.170000076293944,9.720000267028809,9.720000267028809,4190300,947.9500122070312
2002-08-27,9.720000267028809,9.770000457763672,9.0,9.09000015258789,9.09000015258789,4917800,934.8200073242188
2002-08-28,8.850000381469727,8.899999618530273,8.539999961853027,8.699999809265137,8.699999809265137,4975400,917.8699951171875
2002-08-29,8.579999923706055,9.100000381469728,8.510000228881836,8.760000228881836,8.760000228881836,4440500,917.7999877929688
2002-08-30,8.699999809265137,9.100000381469728,8.550000190734863,8.850000381469727,8.850000381469727,2203700,916.0700073242188
2002-09-03,8.600000381469727,8.6899995803833,8.25,8.260000228881836,8.260000228881836,4103300,878.02001953125
2002-09-04,8.420000076293945,8.5600004196167,8.020000457763672,8.449999809265137,8.449999809265137,4661500,893.4000244140625
2002-09-05,8.199999809265137,8.279999732971191,7.829999923706055,7.989999771118164,7.989999771118164,6605300,879.1500244140625
2002-09-06,8.399999618530273,8.5,7.96999979019165,8.039999961853027,8.039999961853027,5771400,893.9199829101562
2002-09-09,8.010000228881836,8.180000305175781,7.809999942779541,7.96999979019165,7.96999979019165,3529900,902.9600219726562
2002-09-10,8.199999809265137,8.470000267028809,8.010000228881836,8.270000457763672,8.270000457763672,4820600,909.5800170898438
2002-09-11,8.600000381469727,8.600000381469727,8.199999809265137,8.239999771118164,8.239999771118164,2208900,909.4500122070312
2002-09-12,8.180000305175781,8.180000305175781,7.599999904632568,7.639999866485596,7.639999866485596,7223300,886.9099731445312
2002-09-13,7.25,7.639999866485596,7.119999885559082,7.210000038146973,7.210000038146973,8848900,889.8099975585938
2002-09-16,7.199999809265137,7.199999809265137,7.0,7.03000020980835,7.03000020980835,4790800,891.0999755859375
2002-09-17,7.380000114440918,7.380000114440918,6.809999942779541,6.829999923706055,6.829999923706055,6560400,873.52001953125
2002-09-18,6.800000190734863,6.980000019073486,6.619999885559082,6.78000020980835,6.78000020980835,3614000,869.4600219726562
2002-09-19,6.599999904632568,6.75,6.269999980926514,6.269999980926514,6.269999980926514,4597400,843.3200073242188
2002-09-20,6.300000190734863,6.53000020980835,6.300000190734863,6.400000095367432,6.400000095367432,5413500,845.3900146484375
2002-09-23,6.230000019073486,6.230000019073486,5.909999847412109,5.980000019073486,5.980000019073486,6124400,833.7000122070312
2002-09-24,5.800000190734863,6.099999904632568,5.699999809265137,5.75,5.75,8264200,819.2899780273438
2002-09-25,5.949999809265137,6.130000114440918,5.820000171661377,5.929999828338623,5.929999828338623,11781700,839.6599731445312
2002-09-26,6.03000020980835,6.179999828338623,5.929999828338623,6.070000171661377,6.070000171661377,5252000,854.9500122070312
2002-09-27,5.989999771118164,6.070000171661377,5.710000038146973,5.739999771118164,5.739999771118164,5822700,827.3699951171875
2002-09-30,5.699999809265137,5.699999809265137,5.199999809265137,5.340000152587891,5.340000152587891,8770100,815.280029296875
2002-10-01,5.420000076293945,5.449999809265137,5.0,5.269999980926514,5.269999980926514,13726700,847.9099731445312
2002-10-02,5.239999771118164,5.579999923706055,5.190000057220459,5.369999885559082,5.369999885559082,7814200,827.9099731445312
2002-10-03,4.429999828338623,4.460000038146973,3.549999952316284,3.630000114440918,3.630000114440918,30872600,818.9500122070312
2002-10-04,3.630000114440918,3.9800000190734863,3.5,3.509999990463257,3.509999990463257,9000900,800.5800170898438
2002-10-07,3.5,3.5799999237060547,3.200000047683716,3.200000047683716,3.200000047683716,7348400,785.280029296875
2002-10-08,3.299999952316284,3.549999952316284,3.0999999046325684,3.549999952316284,3.549999952316284,9801200,798.5499877929688
2002-10-09,3.539999961853028,3.740000009536743,3.369999885559082,3.559999942779541,3.559999942779541,7545800,776.760009765625
2002-10-10,3.619999885559082,3.7699999809265137,3.559999942779541,3.630000114440918,3.630000114440918,7178000,803.9199829101562
2002-10-11,3.890000104904175,3.890000104904175,3.700000047683716,3.759999990463257,3.759999990463257,9239200,835.3200073242188
2002-10-14,3.75,3.930000066757202,3.640000104904175,3.930000066757202,3.930000066757202,3509500,841.4400024414062
2002-10-15,4.269999980926514,4.300000190734863,4.050000190734863,4.199999809265137,4.199999809265137,6882900,881.27001953125
2002-10-16,3.950000047683716,3.950000047683716,3.430000066757202,3.490000009536743,3.490000009536743,6757100,860.02001953125
2002-10-17,4.869999885559082,4.869999885559082,4.179999828338623,4.329999923706055,4.329999923706055,9027000,879.2000122070312
2002-10-18,4.380000114440918,4.610000133514404,4.070000171661377,4.400000095367432,4.400000095367432,4273300,884.3900146484375
2002-10-21,4.730000019073486,5.550000190734863,4.670000076293945,5.550000190734863,5.550000190734863,12174700,899.719970703125
2002-10-22,5.46999979019165,5.889999866485596,5.199999809265137,5.320000171661377,5.320000171661377,13720500,890.1599731445312
2002-10-23,5.320000171661377,5.900000095367432,5.320000171661377,5.849999904632568,5.849999904632568,9073500,896.1400146484375
2002-10-24,6.150000095367432,6.449999809265137,5.889999866485596,5.920000076293945,5.920000076293945,11101200,882.5
2002-10-25,5.46999979019165,6.199999809265137,5.46999979019165,6.090000152587891,6.090000152587891,5728800,897.6500244140625
2002-10-28,6.429999828338623,6.440000057220459,6.039999961853027,6.110000133514404,6.110000133514404,8796600,890.22998046875
2002-10-29,6.0,6.090000152587891,5.610000133514404,5.829999923706055,5.829999923706055,6588700,882.1500244140625
2002-10-30,5.929999828338623,6.329999923706055,5.840000152587891,6.320000171661377,6.320000171661377,6208400,890.7100219726562
2002-10-31,6.369999885559082,6.449999809265137,6.099999904632568,6.139999866485596,6.139999866485596,5238700,885.760009765625
2002-11-01,6.099999904632568,6.510000228881836,5.920000076293945,6.510000228881836,6.510000228881836,5565000,900.9600219726562
2002-11-04,6.900000095367432,7.039999961853027,6.630000114440918,6.730000019073486,6.730000019073486,7073700,908.3499755859375
2002-11-05,6.699999809265137,6.809999942779541,6.5,6.800000190734863,6.800000190734863,4312800,915.3900146484375
2002-11-06,6.960000038146973,7.230000019073486,6.789999961853027,7.230000019073486,7.230000019073486,6493800,923.760009765625
2002-11-07,7.0,7.800000190734863,6.789999961853027,6.820000171661377,6.820000171661377,8507900,902.6500244140625
2002-11-08,6.730000019073486,6.789999961853027,6.039999961853027,6.099999904632568,6.099999904632568,9058100,894.739990234375
2002-11-11,6.099999904632568,6.260000228881836,5.800000190734863,5.949999809265137,5.949999809265137,5168000,876.1900024414062
2002-11-12,6.139999866485596,6.550000190734863,6.039999961853027,6.369999885559082,6.369999885559082,6064400,882.9500122070312
2002-11-13,6.369999885559082,6.489999771118164,6.159999847412109,6.329999923706055,6.329999923706055,4885800,882.530029296875
2002-11-14,6.5,6.599999904632568,6.309999942779541,6.590000152587891,6.590000152587891,6556200,904.27001953125
2002-11-15,6.400000095367432,6.480000019073486,6.150000095367432,6.480000019073486,6.480000019073486,4961300,909.8300170898438
2002-11-18,6.5,6.889999866485596,6.460000038146973,6.519999980926514,6.519999980926514,4990000,900.3599853515625
2002-11-19,6.25,6.460000038146973,5.510000228881836,5.579999923706055,5.579999923706055,32454900,896.739990234375
2002-11-20,5.5,5.739999771118164,5.440000057220459,5.550000190734863,5.550000190734863,34779600,914.1500244140625
2002-11-21,5.699999809265137,6.170000076293945,5.699999809265137,6.139999866485596,6.139999866485596,32567600,933.760009765625
2002-11-22,5.849999904632568,7.0,5.849999904632568,6.860000133514404,6.860000133514404,29687100,930.5499877929688
2002-11-25,6.860000133514404,8.0,6.860000133514404,7.949999809265137,7.949999809265137,36735200,932.8699951171875
2002-11-26,8.199999809265137,8.220000267028809,7.75,7.960000038146973,7.960000038146973,19690300,913.3099975585938
2002-11-27,8.380000114440918,8.670000076293945,8.180000305175781,8.550000190734863,8.550000190734863,20961600,938.8699951171875
2002-11-29,8.6899995803833,9.100000381469728,8.350000381469727,9.0,9.0,6080700,936.3099975585938
2002-12-02,9.289999961853027,9.600000381469728,8.699999809265137,8.930000305175781,8.930000305175781,20036100,934.530029296875
2002-12-03,8.699999809265137,8.710000038146973,8.109999656677246,8.119999885559082,8.119999885559082,13517100,920.75
2002-12-04,7.550000190734863,8.029999732971191,7.230000019073486,7.849999904632568,7.849999904632568,25166900,917.5800170898438
2002-12-05,8.550000190734863,8.729999542236328,8.0,8.25,8.25,24546900,906.5499877929688
2002-12-06,8.0,8.399999618530273,7.900000095367432,8.109999656677246,8.109999656677246,12280200,912.22998046875
2002-12-09,7.599999904632568,8.020000457763672,7.309999942779541,7.309999942779541,7.309999942779541,9575600,892.0
2002-12-10,7.510000228881836,7.949999809265137,7.400000095367432,7.949999809265137,7.949999809265137,8491100,904.4500122070312
2002-12-11,7.760000228881836,8.050000190734863,7.650000095367432,7.71999979019165,7.71999979019165,7477800,904.9600219726562
2002-12-12,7.849999904632568,7.989999771118164,7.619999885559082,7.75,7.75,7347300,901.5800170898438
2002-12-13,7.380000114440918,7.539999961853027,7.28000020980835,7.320000171661377,7.320000171661377,6064600,889.47998046875
2002-12-16,7.309999942779541,7.480000019073486,7.21999979019165,7.46999979019165,7.46999979019165,6139900,910.4000244140625
2002-12-17,7.449999809265137,7.699999809265137,7.239999771118164,7.340000152587891,7.340000152587891,6408500,902.989990234375
2002-12-18,7.0,7.050000190734863,6.659999847412109,6.670000076293945,6.670000076293945,14292400,891.1199951171875
2002-12-19,6.670000076293945,6.860000133514404,6.369999885559082,6.46999979019165,6.46999979019165,10643600,884.25
2002-12-20,6.510000228881836,6.78000020980835,6.5,6.619999885559082,6.619999885559082,6772800,895.760009765625
2002-12-23,6.699999809265137,6.880000114440918,6.550000190734863,6.760000228881836,6.760000228881836,4151100,897.3800048828125
2002-12-24,6.599999904632568,6.71999979019165,6.539999961853027,6.570000171661377,6.570000171661377,2911300,892.469970703125
2002-12-26,6.710000038146973,6.789999961853027,6.409999847412109,6.460000038146973,6.460000038146973,3674500,889.6599731445312
2002-12-27,6.440000057220459,6.579999923706055,6.300000190734863,6.349999904632568,6.349999904632568,3067900,875.4000244140625
2002-12-30,6.269999980926514,6.420000076293945,6.179999828338623,6.349999904632568,6.349999904632568,4082900,879.3900146484375
2002-12-31,6.420000076293945,6.550000190734863,6.269999980926514,6.460000038146973,6.460000038146973,4323200,879.8200073242188
2003-01-02,6.559999942779541,7.110000133514404,6.46999979019165,7.010000228881836,7.010000228881836,17474800,909.030029296875
2003-01-03,7.010000228881836,7.190000057220459,6.860000133514404,6.940000057220459,6.940000057220459,6235700,908.5900268554688
2003-01-06,7.050000190734863,7.230000019073486,7.0,7.159999847412109,7.159999847412109,6833200,929.010009765625
2003-01-07,7.25,7.480000019073486,7.099999904632568,7.170000076293945,7.170000076293945,9785100,922.9299926757812
2003-01-08,7.059999942779541,7.099999904632568,6.630000114440918,6.690000057220459,6.690000057220459,13952300,909.9299926757812
2003-01-09,6.920000076293945,7.010000228881836,6.849999904632568,6.909999847412109,6.909999847412109,9901000,927.5700073242188
2003-01-10,6.909999847412109,7.550000190734863,6.809999942779541,7.409999847412109,7.409999847412109,15492500,927.5700073242188
2003-01-13,7.679999828338623,7.789999961853027,7.199999809265137,7.449999809265137,7.449999809265137,8910500,926.260009765625
2003-01-14,7.5,7.650000095367432,7.369999885559082,7.429999828338623,7.429999828338623,7821600,931.6599731445312
2003-01-15,7.489999771118164,7.489999771118164,7.139999866485596,7.449999809265137,7.449999809265137,6423800,918.219970703125
2003-01-16,7.369999885559082,7.489999771118164,6.920000076293945,7.199999809265137,7.199999809265137,10022000,914.5999755859375
2003-01-17,6.349999904632568,6.400000095367432,5.849999904632568,6.03000020980835,6.03000020980835,23198900,901.780029296875
2003-01-21,6.119999885559082,6.190000057220459,5.949999809265137,6.0,6.0,8814300,887.6199951171875
2003-01-22,6.0,6.039999961853027,5.710000038146973,5.71999979019165,5.71999979019165,8840100,878.3599853515625
2003-01-23,5.800000190734863,5.940000057220459,5.5,5.650000095367432,5.650000095367432,8632800,887.3400268554688
2003-01-24,5.650000095367432,5.650000095367432,5.340000152587891,5.429999828338623,5.429999828338623,6597600,861.4000244140625
2003-01-27,5.369999885559082,5.599999904632568,5.25,5.28000020980835,5.28000020980835,5188700,847.47998046875
2003-01-28,5.289999961853027,5.420000076293945,5.199999809265137,5.300000190734863,5.300000190734863,6159100,858.5399780273438
2003-01-29,5.300000190734863,5.650000095367432,5.210000038146973,5.610000133514404,5.610000133514404,6044500,864.3599853515625
2003-01-30,5.610000133514404,5.650000095367432,5.159999847412109,5.170000076293945,5.170000076293945,7525400,844.6099853515625
2003-01-31,5.050000190734863,5.269999980926514,4.989999771118164,5.239999771118164,5.239999771118164,10069200,855.7000122070312
2003-02-03,5.239999771118164,5.239999771118164,5.010000228881836,5.050000190734863,5.050000190734863,7192400,860.3200073242188
2003-02-04,5.039999961853027,5.099999904632568,4.880000114440918,5.059999942779541,5.059999942779541,6144700,848.2000122070312
2003-02-05,5.070000171661377,5.25,5.010000228881836,5.03000020980835,5.03000020980835,4906800,843.5900268554688
2003-02-06,5.03000020980835,5.199999809265137,4.980000019073486,5.070000171661377,5.070000171661377,3548900,838.1500244140625
2003-02-07,5.139999866485596,5.199999809265137,5.010000228881836,5.039999961853027,5.039999961853027,3788100,829.6900024414062
2003-02-10,5.050000190734863,5.230000019073486,5.039999961853027,5.170000076293945,5.170000076293945,4184800,835.969970703125
2003-02-11,5.170000076293945,5.269999980926514,5.070000171661377,5.079999923706055,5.079999923706055,3590800,829.2000122070312
2003-02-12,5.079999923706055,5.139999866485596,4.900000095367432,4.940000057220459,4.940000057220459,5085100,818.6799926757812
2003-02-13,4.949999809265137,5.03000020980835,4.78000020980835,5.0,5.0,5270700,817.3699951171875
2003-02-14,5.0,5.179999828338623,4.949999809265137,5.099999904632568,5.099999904632568,4987300,834.8900146484375
2003-02-18,5.329999923706055,5.5,5.269999980926514,5.480000019073486,5.480000019073486,5236700,851.1699829101562
2003-02-19,5.599999904632568,5.670000076293945,5.5,5.579999923706055,5.579999923706055,5235800,845.1300048828125
2003-02-20,5.599999904632568,5.650000095367432,5.329999923706055,5.329999923706055,5.329999923706055,7363300,837.0999755859375
2003-02-21,5.46999979019165,5.510000228881836,5.28000020980835,5.389999866485596,5.389999866485596,3339500,848.1699829101562
2003-02-24,5.489999771118164,5.489999771118164,5.289999961853027,5.309999942779541,5.309999942779541,7087900,832.5800170898438
2003-02-25,5.150000095367432,5.409999847412109,5.079999923706055,5.25,5.25,3575500,838.5700073242188
2003-02-26,5.25,5.349999904632568,5.119999885559082,5.150000095367432,5.150000095367432,6745600,827.5499877929688
2003-02-27,5.170000076293945,5.269999980926514,5.119999885559082,5.230000019073486,5.230000019073486,3561500,837.280029296875
2003-02-28,5.360000133514404,5.489999771118164,5.269999980926514,5.489999771118164,5.489999771118164,3973600,841.1500244140625
2003-03-03,5.550000190734863,5.650000095367432,5.349999904632568,5.369999885559082,5.369999885559082,3743800,834.8099975585938
2003-03-04,5.28000020980835,5.349999904632568,5.170000076293945,5.260000228881836,5.260000228881836,3830100,821.989990234375
2003-03-05,5.260000228881836,5.429999828338623,5.25,5.420000076293945,5.420000076293945,3131200,829.8499755859375
2003-03-06,5.409999847412109,5.409999847412109,5.25,5.320000171661377,5.320000171661377,4764700,822.0999755859375
2003-03-07,5.300000190734863,5.380000114440918,5.099999904632568,5.25,5.25,9423000,828.8900146484375
2003-03-10,5.25,5.619999885559082,5.239999771118164,5.53000020980835,5.53000020980835,9547400,807.47998046875
2003-03-11,5.539999961853027,5.670000076293945,5.53000020980835,5.599999904632568,5.599999904632568,5696300,800.72998046875
2003-03-12,5.480000019073486,5.579999923706055,5.369999885559082,5.519999980926514,5.519999980926514,4086200,804.1900024414062
2003-03-13,5.670000076293945,5.829999923706055,5.590000152587891,5.789999961853027,5.789999961853027,6672700,831.9000244140625
2003-03-14,5.789999961853027,5.869999885559082,5.699999809265137,5.769999980926514,5.769999980926514,3487400,833.27001953125
2003-03-17,5.599999904632568,6.090000152587891,5.5,5.809999942779541,5.809999942779541,6813100,862.7899780273438
2003-03-18,5.940000057220459,6.550000190734863,5.940000057220459,6.550000190734863,6.550000190734863,13951500,866.4500122070312
2003-03-19,6.690000057220459,6.929999828338623,6.5,6.869999885559082,6.869999885559082,17246900,874.02001953125
2003-03-20,6.869999885559082,7.179999828338623,6.650000095367432,7.050000190734863,7.050000190734863,11480700,875.6699829101562
2003-03-21,7.21999979019165,7.239999771118164,7.079999923706055,7.150000095367432,7.150000095367432,8103600,895.7899780273438
2003-03-24,6.900000095367432,7.070000171661377,6.539999961853027,6.590000152587891,6.590000152587891,7335300,864.22998046875
2003-03-25,6.590000152587891,6.809999942779541,6.5,6.690000057220459,6.690000057220459,7936000,874.739990234375
2003-03-26,6.690000057220459,6.739999771118164,6.400000095367432,6.460000038146973,6.460000038146973,8779600,869.9500122070312
2003-03-27,6.400000095367432,6.480000019073486,6.199999809265137,6.440000057220459,6.440000057220459,7834200,868.52001953125
2003-03-28,6.380000114440918,6.440000057220459,6.150000095367432,6.21999979019165,6.21999979019165,4313300,863.5
2003-03-31,6.0,6.25,6.0,6.179999828338623,6.179999828338623,6382400,848.1799926757812
2003-04-01,6.199999809265137,6.420000076293945,6.0,6.380000114440918,6.380000114440918,9818000,858.47998046875
2003-04-02,6.599999904632568,7.099999904632568,6.599999904632568,7.0,7.0,11176600,880.9000244140625
2003-04-03,7.190000057220459,7.400000095367432,7.150000095367432,7.199999809265137,7.199999809265137,13289900,876.4500122070312
2003-04-04,7.300000190734863,7.349999904632568,6.960000038146973,7.099999904632568,7.099999904632568,8576100,878.8499755859375
2003-04-07,7.5,7.559999942779541,7.099999904632568,7.150000095367432,7.150000095367432,7276300,879.9299926757812
2003-04-08,7.050000190734863,7.099999904632568,6.929999828338623,7.0,7.0,4373200,878.2899780273438
2003-04-09,7.0,7.190000057220459,6.880000114440918,6.920000076293945,6.920000076293945,4985200,865.989990234375
2003-04-10,7.019999980926514,7.059999942779541,6.889999866485596,6.980000019073486,6.980000019073486,5230400,871.5800170898438
2003-04-11,7.03000020980835,7.159999847412109,6.940000057220459,7.150000095367432,7.150000095367432,7819900,868.2999877929688
2003-04-14,7.159999847412109,7.400000095367432,7.159999847412109,7.400000095367432,7.400000095367432,6829700,885.22998046875
2003-04-15,7.400000095367432,7.710000038146973,7.329999923706055,7.599999904632568,7.599999904632568,10316200,890.8099975585938
2003-04-16,7.800000190734863,8.1899995803833,7.800000190734863,7.900000095367432,7.900000095367432,15527500,879.9099731445312
2003-04-17,7.400000095367432,8.09000015258789,7.400000095367432,8.029999732971191,8.029999732971191,17087900,893.5800170898438
2003-04-21,8.180000305175781,8.380000114440918,8.09000015258789,8.319999694824219,8.319999694824219,9704800,892.010009765625
2003-04-22,8.449999809265137,8.449999809265137,8.260000228881836,8.4399995803833,8.4399995803833,15064300,911.3699951171875
2003-04-23,8.5,8.59000015258789,8.350000381469727,8.380000114440918,8.380000114440918,11021400,919.02001953125
2003-04-24,8.369999885559082,8.369999885559082,7.78000020980835,7.800000190734863,7.800000190734863,19008300,911.4299926757812
2003-04-25,7.800000190734863,7.800000190734863,7.420000076293945,7.539999961853027,7.539999961853027,12999100,898.8099975585938
2003-04-28,7.539999961853027,7.889999866485596,7.510000228881836,7.590000152587891,7.590000152587891,8383400,914.8400268554688
2003-04-29,7.710000038146973,7.78000020980835,7.559999942779541,7.659999847412109,7.659999847412109,11711600,917.8400268554688
2003-04-30,7.659999847412109,7.659999847412109,7.369999885559082,7.440000057220459,7.440000057220459,9245800,916.9199829101562
2003-05-01,7.409999847412109,7.420000076293945,7.099999904632568,7.360000133514404,7.360000133514404,7097900,916.2999877929688
2003-05-02,7.360000133514404,7.5,7.329999923706055,7.400000095367432,7.400000095367432,9887200,930.0800170898438
2003-05-05,7.510000228881836,7.78000020980835,7.5,7.570000171661377,7.570000171661377,7397800,926.5499877929688
2003-05-06,7.550000190734863,7.880000114440918,7.550000190734863,7.639999866485596,7.639999866485596,9009500,934.3900146484375
2003-05-07,7.639999866485596,7.760000228881836,7.389999866485596,7.489999771118164,7.489999771118164,8119100,929.6199951171875
2003-05-08,7.380000114440918,7.489999771118164,7.21999979019165,7.25,7.25,7897000,920.27001953125
2003-05-09,7.349999904632568,7.480000019073486,7.340000152587891,7.349999904632568,7.349999904632568,5306000,933.4099731445312
2003-05-12,7.360000133514404,7.610000133514404,7.300000190734863,7.429999828338623,7.429999828338623,8566700,945.1099853515625
2003-05-13,7.349999904632568,7.619999885559082,7.329999923706055,7.5,7.5,6390600,942.2999877929688
2003-05-14,7.559999942779541,7.659999847412109,7.429999828338623,7.519999980926514,7.519999980926514,5067900,939.280029296875
2003-05-15,7.659999847412109,7.670000076293945,7.400000095367432,7.46999979019165,7.46999979019165,5548300,946.6699829101562
2003-05-16,7.489999771118164,7.610000133514404,7.420000076293945,7.599999904632568,7.599999904632568,5959200,944.2999877929688
2003-05-19,7.510000228881836,7.539999961853027,7.199999809265137,7.210000038146973,7.210000038146973,6000300,920.77001953125
2003-05-20,7.25,7.340000152587891,6.889999866485596,7.0,7.0,6069100,919.72998046875
2003-05-21,7.039999961853027,7.159999847412109,6.949999809265137,7.050000190734863,7.050000190734863,4349700,923.4199829101562
2003-05-22,7.050000190734863,7.199999809265137,7.03000020980835,7.050000190734863,7.050000190734863,3747500,931.8699951171875
2003-05-23,7.099999904632568,7.159999847412109,6.880000114440918,6.909999847412109,6.909999847412109,5250900,933.219970703125
2003-05-27,6.900000095367432,7.25,6.800000190734863,7.199999809265137,7.199999809265137,6901800,951.47998046875
2003-05-28,7.199999809265137,7.409999847412109,7.199999809265137,7.320000171661377,7.320000171661377,6831200,953.219970703125
2003-05-29,7.389999866485596,7.650000095367432,7.369999885559082,7.420000076293945,7.420000076293945,6379200,949.6400146484375
2003-05-30,7.519999980926514,7.579999923706055,7.25,7.28000020980835,7.28000020980835,7470700,963.5900268554688
2003-06-02,7.199999809265137,7.25,6.829999923706055,6.869999885559082,6.869999885559082,13923100,967.0
2003-06-03,6.869999885559082,7.130000114440918,6.809999942779541,6.940000057220459,6.940000057220459,10598400,971.5599975585938
2003-06-04,6.960000038146973,7.079999923706055,6.940000057220459,7.010000228881836,7.010000228881836,6770800,986.239990234375
2003-06-05,7.0,7.019999980926514,6.909999847412109,7.019999980926514,7.019999980926514,7819600,990.1400146484375
2003-06-06,7.269999980926514,7.389999866485596,6.900000095367432,6.929999828338623,6.929999828338623,12638600,987.760009765625
2003-06-09,6.900000095367432,6.909999847412109,6.5,6.550000190734863,6.550000190734863,10369100,975.9299926757812
2003-06-10,6.5,6.710000038146973,6.369999885559082,6.679999828338623,6.679999828338623,9810500,984.8400268554688
2003-06-11,6.679999828338623,6.679999828338623,6.28000020980835,6.409999847412109,6.409999847412109,14372500,997.47998046875
2003-06-12,6.550000190734863,6.909999847412109,6.440000057220459,6.900000095367432,6.900000095367432,16476800,998.510009765625
2003-06-13,6.869999885559082,6.880000114440918,6.460000038146973,6.519999980926514,6.519999980926514,8933200,988.6099853515625
2003-06-16,6.53000020980835,6.690000057220459,6.449999809265137,6.610000133514404,6.610000133514404,6557800,1010.739990234375
2003-06-17,6.699999809265137,6.730000019073486,6.46999979019165,6.579999923706055,6.579999923706055,6213900,1011.6599731445312
2003-06-18,6.510000228881836,6.800000190734863,6.440000057220459,6.75,6.75,7236700,1010.0900268554688
2003-06-19,6.820000171661377,7.0,6.760000228881836,6.809999942779541,6.809999942779541,10391500,994.7000122070312
2003-06-20,6.809999942779541,6.869999885559082,6.679999828338623,6.789999961853027,6.789999961853027,7286800,995.6900024414062
2003-06-23,6.789999961853027,6.900000095367432,6.539999961853027,6.590000152587891,6.590000152587891,5949900,981.6400146484375
2003-06-24,5.800000190734863,6.409999847412109,5.800000190734863,6.309999942779541,6.309999942779541,26043700,983.4500122070312
2003-06-25,6.320000171661377,6.550000190734863,6.320000171661377,6.349999904632568,6.349999904632568,9733000,975.3200073242188
2003-06-26,6.349999904632568,6.579999923706055,6.329999923706055,6.550000190734863,6.550000190734863,5878900,985.8200073242188
2003-06-27,6.53000020980835,6.559999942779541,6.289999961853027,6.380000114440918,6.380000114440918,5368700,976.219970703125
2003-06-30,6.380000114440918,6.489999771118164,6.329999923706055,6.409999847412109,6.409999847412109,4249600,974.5
2003-07-01,6.320000171661377,6.639999866485596,6.25,6.539999961853027,6.539999961853027,5645800,982.3200073242188
2003-07-02,6.550000190734863,6.769999980926514,6.550000190734863,6.75,6.75,7794100,993.75
2003-07-03,6.519999980926514,6.849999904632568,6.519999980926514,6.710000038146973,6.710000038146973,3108000,985.7000122070312
2003-07-07,6.980000019073486,7.260000228881836,6.980000019073486,7.179999828338623,7.179999828338623,9104400,1004.4199829101562
2003-07-08,7.010000228881836,7.210000038146973,7.010000228881836,7.099999904632568,7.099999904632568,10499100,1007.8400268554688
2003-07-09,7.119999885559082,7.349999904632568,7.090000152587891,7.119999885559082,7.119999885559082,7607500,1002.2100219726562
2003-07-10,6.849999904632568,7.400000095367432,6.849999904632568,7.050000190734863,7.050000190734863,9749400,988.7000122070312
2003-07-11,6.949999809265137,7.260000228881836,6.949999809265137,7.199999809265137,7.199999809265137,5548700,998.1400146484375
2003-07-14,7.46999979019165,7.519999980926514,7.150000095367432,7.199999809265137,7.199999809265137,7889300,1003.8599853515625
2003-07-15,7.329999923706055,7.480000019073486,7.119999885559082,7.28000020980835,7.28000020980835,5305200,1000.4199829101562
2003-07-16,7.300000190734863,7.380000114440918,7.050000190734863,7.320000171661377,7.320000171661377,8983700,994.0900268554688
2003-07-17,7.260000228881836,7.5,7.130000114440918,7.269999980926514,7.269999980926514,14948800,981.72998046875
2003-07-18,7.260000228881836,7.349999904632568,7.090000152587891,7.119999885559082,7.119999885559082,5585100,993.3200073242188
2003-07-21,7.119999885559082,7.210000038146973,7.079999923706055,7.099999904632568,7.099999904632568,3702700,978.7999877929688
2003-07-22,7.190000057220459,7.300000190734863,7.159999847412109,7.289999961853027,7.289999961853027,5201700,988.1099853515625
2003-07-23,7.21999979019165,7.25,7.099999904632568,7.190000057220459,7.190000057220459,7701600,988.6099853515625
2003-07-24,7.199999809265137,7.25,7.019999980926514,7.059999942779541,7.059999942779541,4904900,981.5999755859375
2003-07-25,7.059999942779541,7.199999809265137,7.0,7.159999847412109,7.159999847412109,4304600,998.6799926757812
2003-07-28,7.119999885559082,7.400000095367432,7.119999885559082,7.329999923706055,7.329999923706055,4238400,996.52001953125
2003-07-29,7.269999980926514,7.460000038146973,7.130000114440918,7.309999942779541,7.309999942779541,5188300,989.280029296875
2003-07-30,7.309999942779541,7.420000076293945,7.25,7.28000020980835,7.28000020980835,3280400,987.489990234375
2003-07-31,7.449999809265137,7.5,7.269999980926514,7.300000190734863,7.300000190734863,3941600,990.3099975585938
2003-08-01,7.269999980926514,7.320000171661377,7.139999866485596,7.190000057220459,7.190000057220459,3400300,980.1500244140625
2003-08-04,7.190000057220459,7.28000020980835,7.119999885559082,7.21999979019165,7.21999979019165,2556300,982.8200073242188
2003-08-05,7.239999771118164,7.46999979019165,7.199999809265137,7.269999980926514,7.269999980926514,6195000,965.4600219726562
2003-08-06,7.21999979019165,7.289999961853027,7.150000095367432,7.260000228881836,7.260000228881836,6167400,967.0800170898438
2003-08-07,7.309999942779541,7.679999828338623,7.300000190734863,7.559999942779541,7.559999942779541,10417200,974.1199951171875
2003-08-08,7.650000095367432,7.800000190734863,7.230000019073486,7.260000228881836,7.260000228881836,8080600,977.5900268554688
2003-08-11,7.300000190734863,7.409999847412109,7.070000171661377,7.389999866485596,7.389999866485596,4263600,980.5900268554688
2003-08-12,7.440000057220459,7.440000057220459,7.269999980926514,7.400000095367432,7.400000095367432,4926700,990.3499755859375
2003-08-13,7.380000114440918,7.769999980926514,7.369999885559082,7.570000171661377,7.570000171661377,6394800,984.030029296875
2003-08-14,7.619999885559082,7.869999885559082,7.590000152587891,7.820000171661377,7.820000171661377,5354300,990.510009765625
2003-08-15,7.869999885559082,7.869999885559082,7.650000095367432,7.800000190734863,7.800000190734863,3231600,990.6699829101562
2003-08-18,8.479999542236328,8.979999542236328,8.350000381469727,8.90999984741211,8.90999984741211,26783000,999.739990234375
2003-08-19,9.050000190734863,9.609999656677246,9.0,9.229999542236328,9.229999542236328,26135800,1002.3499755859375
2003-08-20,9.050000190734863,9.380000114440918,8.90999984741211,9.119999885559082,9.119999885559082,12598600,1000.2999877929688
2003-08-21,9.34000015258789,9.65999984741211,9.300000190734863,9.449999809265137,9.449999809265137,14123700,1003.27001953125
2003-08-22,9.90999984741211,10.300000190734863,9.800000190734863,9.90999984741211,9.90999984741211,24891900,993.0599975585938
2003-08-25,10.199999809265137,10.34000015258789,10.039999961853027,10.09000015258789,10.09000015258789,13222300,993.7100219726562
2003-08-26,10.0,10.109999656677246,9.600000381469728,10.100000381469728,10.100000381469728,11007000,996.72998046875
2003-08-27,10.100000381469728,10.239999771118164,9.970000267028809,10.239999771118164,10.239999771118164,8321200,996.7899780273438
2003-08-28,10.329999923706056,10.920000076293944,10.239999771118164,10.920000076293944,10.920000076293944,17373500,1002.8400268554688
2003-08-29,10.899999618530272,11.359999656677246,10.75,11.289999961853027,11.289999961853027,14652000,1008.010009765625
2003-09-02,11.479999542236328,11.489999771118164,10.949999809265137,11.15999984741211,11.15999984741211,14003300,1021.989990234375
2003-09-03,11.520000457763672,11.520000457763672,10.899999618530272,11.010000228881836,11.010000228881836,15314700,1026.27001953125
2003-09-04,10.93000030517578,11.699999809265137,10.800000190734863,11.699999809265137,11.699999809265137,15566200,1027.969970703125
2003-09-05,11.619999885559082,12.550000190734863,11.59000015258789,12.100000381469728,12.100000381469728,24609800,1021.3900146484375
2003-09-08,12.210000038146973,12.59000015258789,12.210000038146973,12.449999809265137,12.449999809265137,10624400,1031.6400146484375
2003-09-09,12.369999885559082,12.399999618530272,12.119999885559082,12.279999732971191,12.279999732971191,9629500,1023.1699829101562
2003-09-10,12.0,12.0,11.149999618530272,11.260000228881836,11.260000228881836,23807900,1010.9199829101562
2003-09-11,11.260000228881836,11.850000381469728,10.890000343322754,11.829999923706056,11.829999923706056,19657600,1016.4199829101562
2003-09-12,11.9399995803833,12.329999923706056,11.510000228881836,12.15999984741211,12.15999984741211,16739500,1018.6300048828125
2003-09-15,12.300000190734863,12.460000038146973,11.699999809265137,11.899999618530272,11.899999618530272,10986800,1014.8099975585938
2003-09-16,11.920000076293944,12.279999732971191,11.899999618530272,12.239999771118164,12.239999771118164,9613300,1029.3199462890625
2003-09-17,12.25,12.760000228881836,12.100000381469728,12.5,12.5,21714100,1025.969970703125
2003-09-18,12.300000190734863,12.800000190734863,12.25,12.789999961853027,12.789999961853027,13977900,1039.5799560546875
2003-09-19,12.800000190734863,12.869999885559082,12.600000381469728,12.68000030517578,12.68000030517578,10024100,1036.300048828125
2003-09-22,12.40999984741211,12.600000381469728,12.199999809265137,12.420000076293944,12.420000076293944,9365600,1022.8200073242188
2003-09-23,12.550000190734863,12.6899995803833,12.149999618530272,12.380000114440918,12.380000114440918,13677200,1029.030029296875
2003-09-24,12.529999732971191,12.529999732971191,11.5,11.550000190734863,11.550000190734863,21474100,1009.3800048828125
2003-09-25,11.649999618530272,11.779999732971191,11.3100004196167,11.369999885559082,11.369999885559082,11531800,1003.27001953125
2003-09-26,11.25,11.449999809265137,10.859999656677246,10.869999885559082,10.869999885559082,13273900,996.8499755859375
2003-09-29,11.149999618530272,11.25,11.029999732971191,11.199999809265137,11.199999809265137,11762700,1006.5800170898438
2003-09-30,10.520000457763672,11.34000015258789,10.520000457763672,11.109999656677246,11.109999656677246,9744800,995.969970703125
2003-10-01,11.15999984741211,11.3100004196167,11.010000228881836,11.170000076293944,11.170000076293944,9318800,1018.219970703125
2003-10-02,11.229999542236328,11.989999771118164,11.199999809265137,11.6899995803833,11.6899995803833,13467600,1020.239990234375
2003-10-03,12.199999809265137,12.279999732971191,11.84000015258789,11.890000343322754,11.890000343322754,11827100,1029.8499755859375
2003-10-06,12.100000381469728,12.220000267028809,11.90999984741211,12.15999984741211,12.15999984741211,6089300,1034.3499755859375
2003-10-07,12.31999969482422,12.800000190734863,12.15999984741211,12.789999961853027,12.789999961853027,13074300,1039.25
2003-10-08,12.899999618530272,13.15999984741211,12.770000457763672,12.960000038146973,12.960000038146973,13012900,1033.780029296875
2003-10-09,13.329999923706056,13.5600004196167,13.010000228881836,13.09000015258789,13.09000015258789,13610600,1038.72998046875
2003-10-10,13.279999732971191,13.359999656677246,13.0600004196167,13.239999771118164,13.239999771118164,5694400,1038.06005859375
2003-10-13,13.329999923706056,13.460000038146973,13.25,13.399999618530272,13.399999618530272,7002300,1045.3499755859375
2003-10-14,13.199999809265137,13.649999618530272,13.199999809265137,13.630000114440918,13.630000114440918,9333500,1049.47998046875
2003-10-15,14.210000038146973,14.380000114440918,13.630000114440918,13.65999984741211,13.65999984741211,16131900,1046.760009765625
2003-10-16,13.5,14.020000457763672,13.43000030517578,13.960000038146973,13.960000038146973,16023800,1050.0699462890625
2003-10-17,14.550000190734863,14.5600004196167,13.9399995803833,13.989999771118164,13.989999771118164,31673700,1039.3199462890625
2003-10-20,14.199999809265137,14.199999809265137,13.869999885559082,14.119999885559082,14.119999885559082,9133000,1044.6800537109375
2003-10-21,14.199999809265137,14.4399995803833,14.130000114440918,14.289999961853027,14.289999961853027,19720500,1046.030029296875
2003-10-22,14.020000457763672,14.300000190734863,13.9399995803833,13.960000038146973,13.960000038146973,11664300,1030.3599853515625
2003-10-23,13.630000114440918,13.68000030517578,13.380000114440918,13.649999618530272,13.649999618530272,10241300,1033.77001953125
2003-10-24,13.5,13.59000015258789,13.260000228881836,13.59000015258789,13.59000015258789,5927900,1028.9100341796875
2003-10-27,13.699999809265137,13.949999809265137,13.699999809265137,13.850000381469728,13.850000381469728,6222100,1031.1300048828125
2003-10-28,13.970000267028809,14.850000381469728,13.960000038146973,14.850000381469728,14.850000381469728,13914300,1046.7900390625
2003-10-29,14.720000267028809,15.149999618530272,14.670000076293944,15.09000015258789,15.09000015258789,10619500,1048.1099853515625
2003-10-30,15.350000381469728,15.5600004196167,15.09000015258789,15.18000030517578,15.18000030517578,11711200,1046.93994140625
2003-10-31,15.199999809265137,15.260000228881836,14.970000267028809,15.199999809265137,15.199999809265137,7629600,1050.7099609375
2003-11-03,15.4399995803833,16.0,15.420000076293944,15.93000030517578,15.93000030517578,8667700,1059.02001953125
2003-11-04,15.899999618530272,16.670000076293945,15.81999969482422,16.549999237060547,16.549999237060547,27396100,1053.25
2003-11-05,16.549999237060547,17.040000915527344,16.450000762939453,17.010000228881836,17.010000228881836,12757200,1051.81005859375
2003-11-06,17.110000610351562,17.25,16.889999389648438,17.040000915527344,17.040000915527344,15881000,1058.050048828125
2003-11-07,17.059999465942383,17.18000030517578,16.610000610351562,17.010000228881836,17.010000228881836,15135700,1053.2099609375
2003-11-10,16.350000381469727,17.100000381469727,16.350000381469727,16.81999969482422,16.81999969482422,11646500,1047.1099853515625
2003-11-11,16.639999389648438,16.75,16.299999237060547,16.6200008392334,16.6200008392334,15435000,1046.5699462890625
2003-11-12,16.700000762939453,18.09000015258789,16.700000762939453,18.07999992370605,18.07999992370605,21452000,1058.530029296875
2003-11-13,17.799999237060547,18.5,17.799999237060547,18.290000915527344,18.290000915527344,16088000,1058.4100341796875
2003-11-14,18.229999542236328,18.32999992370605,17.59000015258789,17.860000610351562,17.860000610351562,13631000,1050.3499755859375
2003-11-17,17.549999237060547,17.559999465942383,16.850000381469727,17.360000610351562,17.360000610351562,12035800,1043.6300048828125
2003-11-18,17.68000030517578,17.8700008392334,17.299999237060547,17.329999923706055,17.329999923706055,11664500,1034.1500244140625
2003-11-19,17.389999389648438,17.639999389648438,17.149999618530273,17.600000381469727,17.600000381469727,9839900,1042.43994140625
2003-11-20,17.600000381469727,17.950000762939453,16.5,16.5,16.5,20651800,1033.6500244140625
2003-11-21,16.65999984741211,17.059999465942383,16.360000610351562,16.799999237060547,16.799999237060547,12761600,1035.280029296875
2003-11-24,17.149999618530273,17.5,17.149999618530273,17.40999984741211,17.40999984741211,8095500,1052.0799560546875
2003-11-25,17.700000762939453,17.969999313354492,17.450000762939453,17.489999771118164,17.489999771118164,6409900,1053.8900146484375
2003-11-26,17.709999084472656,17.8700008392334,17.489999771118164,17.729999542236328,17.729999542236328,5392100,1058.449951171875
2003-11-28,17.790000915527344,17.979999542236328,17.739999771118164,17.969999313354492,17.969999313354492,2062500,1058.199951171875
2003-12-01,18.200000762939453,18.38999938964844,17.729999542236328,18.06999969482422,18.06999969482422,10819800,1070.1199951171875
2003-12-02,18.049999237060547,18.1200008392334,17.8799991607666,17.899999618530273,17.899999618530273,6850500,1066.6199951171875
2003-12-03,17.90999984741211,18.09000015258789,17.149999618530273,17.290000915527344,17.290000915527344,11309600,1064.72998046875
2003-12-04,17.309999465942383,17.440000534057617,16.059999465942383,16.65999984741211,16.65999984741211,21238300,1069.719970703125
2003-12-05,16.3799991607666,16.3799991607666,15.75,16.06999969482422,16.06999969482422,13691900,1061.5
2003-12-08,15.93000030517578,16.200000762939453,15.510000228881836,15.739999771118164,15.739999771118164,13274400,1069.300048828125
2003-12-09,16.190000534057617,16.190000534057617,14.760000228881836,14.920000076293944,14.920000076293944,17662500,1060.1800537109375
2003-12-10,14.800000190734863,15.010000228881836,14.390000343322754,14.68000030517578,14.68000030517578,20186000,1059.050048828125
2003-12-11,14.75,15.25,14.65999984741211,15.1899995803833,15.1899995803833,14072700,1071.2099609375
2003-12-12,15.25,15.380000114440918,14.81999969482422,15.270000457763672,15.270000457763672,11255900,1074.1400146484375
2003-12-15,15.800000190734863,15.800000190734863,14.68000030517578,14.729999542236328,14.729999542236328,10951600,1068.0400390625
2003-12-16,14.75,14.859999656677246,14.050000190734863,14.359999656677246,14.359999656677246,15267600,1075.1300048828125
2003-12-17,14.359999656677246,14.359999656677246,13.800000190734863,13.989999771118164,13.989999771118164,20998300,1076.47998046875
2003-12-18,14.130000114440918,14.68000030517578,14.109999656677246,14.5600004196167,14.5600004196167,21272900,1089.1800537109375
2003-12-19,14.600000381469728,14.859999656677246,14.1899995803833,14.260000228881836,14.260000228881836,13115700,1088.6600341796875
2003-12-22,14.15999984741211,14.380000114440918,14.079999923706056,14.229999542236328,14.229999542236328,7244300,1092.93994140625
2003-12-23,14.270000457763672,14.670000076293944,14.229999542236328,14.670000076293944,14.670000076293944,7530100,1096.02001953125
2003-12-24,14.670000076293944,14.789999961853027,14.460000038146973,14.510000228881836,14.510000228881836,3879900,1094.0400390625
2003-12-26,14.539999961853027,14.75,14.539999961853027,14.699999809265137,14.699999809265137,1825600,1095.8900146484375
2003-12-29,14.949999809265137,15.329999923706056,14.899999618530272,15.279999732971191,15.279999732971191,9114500,1109.47998046875
2003-12-30,15.329999923706056,15.470000267028809,14.119999885559082,15.109999656677246,15.109999656677246,8322600,1109.6400146484375
2003-12-31,15.199999809265137,15.199999809265137,14.8100004196167,14.899999618530272,14.899999618530272,7395900,1111.9200439453125
2004-01-02,15.100000381469728,15.109999656677246,14.770000457763672,14.859999656677246,14.859999656677246,8220700,1108.47998046875
2004-01-05,15.050000190734863,15.270000457763672,15.010000228881836,15.199999809265137,15.199999809265137,9156000,1122.219970703125
2004-01-06,15.210000038146973,15.81999969482422,15.050000190734863,15.609999656677246,15.609999656677246,14592200,1123.6700439453125
2004-01-07,15.779999732971191,15.989999771118164,15.489999771118164,15.65999984741211,15.65999984741211,15329300,1126.3299560546875
2004-01-08,15.949999809265137,16.0,15.59000015258789,15.93000030517578,15.93000030517578,11764600,1131.9200439453125
2004-01-09,15.739999771118164,15.800000190734863,15.399999618530272,15.539999961853027,15.539999961853027,14421800,1121.8599853515625
2004-01-12,15.699999809265137,15.770000457763672,15.4399995803833,15.770000457763672,15.770000457763672,8306700,1127.22998046875
2004-01-13,15.84000015258789,15.850000381469728,15.140000343322754,15.1899995803833,15.1899995803833,12812000,1121.219970703125
2004-01-14,15.350000381469728,15.369999885559082,15.109999656677246,15.199999809265137,15.199999809265137,13103400,1130.52001953125
2004-01-15,15.25,15.920000076293944,15.140000343322754,15.899999618530272,15.899999618530272,15471500,1132.050048828125
2004-01-16,16.010000228881836,17.079999923706055,15.899999618530272,16.760000228881836,16.760000228881836,25060000,1139.8299560546875
2004-01-20,17.239999771118164,17.5,16.799999237060547,17.3799991607666,17.3799991607666,21899500,1138.77001953125
2004-01-21,16.700000762939453,16.700000762939453,15.729999542236328,15.899999618530272,15.899999618530272,28796300,1147.6199951171875
2004-01-22,15.93000030517578,16.100000381469727,15.18000030517578,15.43000030517578,15.43000030517578,17510800,1143.93994140625
2004-01-23,15.43000030517578,15.550000190734863,15.15999984741211,15.31999969482422,15.31999969482422,8128200,1141.550048828125
2004-01-26,15.1899995803833,15.619999885559082,15.18000030517578,15.600000381469728,15.600000381469728,7286300,1155.3699951171875
2004-01-27,15.800000190734863,16.079999923706055,15.539999961853027,15.5600004196167,15.5600004196167,11138900,1144.050048828125
2004-01-28,15.899999618530272,15.989999771118164,15.25,15.300000190734863,15.300000190734863,8797800,1128.47998046875
2004-01-29,15.5,15.600000381469728,14.25,14.68000030517578,14.68000030517578,19116800,1134.1099853515625
2004-01-30,14.710000038146973,15.0,14.539999961853027,14.859999656677246,14.859999656677246,8183200,1131.1300048828125
2004-02-02,15.0,15.199999809265137,14.600000381469728,14.640000343322754,14.640000343322754,8095100,1135.260009765625
2004-02-03,14.59000015258789,14.90999984741211,14.520000457763672,14.75,14.75,8265700,1136.030029296875
2004-02-04,14.520000457763672,14.670000076293944,14.050000190734863,14.130000114440918,14.130000114440918,12061600,1126.52001953125
2004-02-05,14.149999618530272,14.34000015258789,14.0600004196167,14.170000076293944,14.170000076293944,10378500,1128.5899658203125
2004-02-06,14.199999809265137,14.989999771118164,14.18000030517578,14.9399995803833,14.9399995803833,8494600,1142.760009765625
2004-02-09,15.010000228881836,15.449999809265137,14.949999809265137,15.0600004196167,15.0600004196167,8048500,1139.81005859375
2004-02-10,15.140000343322754,15.5600004196167,15.0600004196167,15.539999961853027,15.539999961853027,8680200,1145.5400390625
2004-02-11,15.600000381469728,15.850000381469728,15.550000190734863,15.710000038146973,15.710000038146973,10284600,1157.760009765625
2004-02-12,15.710000038146973,15.710000038146973,14.970000267028809,15.09000015258789,15.09000015258789,9645500,1152.1099853515625
2004-02-13,15.25,15.399999618530272,14.760000228881836,14.9399995803833,14.9399995803833,10415300,1145.81005859375
2004-02-17,15.119999885559082,15.25,14.81999969482422,14.93000030517578,14.93000030517578,8034900,1156.989990234375
2004-02-18,14.979999542236328,15.449999809265137,14.960000038146973,15.300000190734863,15.300000190734863,11626900,1151.8199462890625
2004-02-19,15.539999961853027,15.579999923706056,14.93000030517578,14.970000267028809,14.970000267028809,10773400,1147.06005859375
2004-02-20,14.970000267028809,15.020000457763672,14.640000343322754,14.649999618530272,14.649999618530272,9848800,1144.1099853515625
2004-02-23,14.5,14.640000343322754,13.920000076293944,13.989999771118164,13.989999771118164,14379100,1140.989990234375
2004-02-24,13.949999809265137,14.220000267028809,13.600000381469728,14.010000228881836,14.010000228881836,11948100,1139.0899658203125
2004-02-25,14.390000343322754,14.609999656677246,14.229999542236328,14.520000457763672,14.520000457763672,8487800,1143.6700439453125
2004-02-26,14.600000381469728,15.300000190734863,14.520000457763672,15.050000190734863,15.050000190734863,13674000,1144.9100341796875
2004-02-27,15.199999809265137,15.279999732971191,14.779999732971191,15.0,15.0,8132200,1144.93994140625
2004-03-01,14.65999984741211,14.970000267028809,14.59000015258789,14.890000343322754,14.890000343322754,11163200,1155.969970703125
2004-03-02,15.06999969482422,15.289999961853027,14.90999984741211,14.93000030517578,14.93000030517578,8095500,1149.0999755859375
2004-03-03,14.949999809265137,14.949999809265137,14.56999969482422,14.699999809265137,14.699999809265137,5509000,1151.030029296875
2004-03-04,14.760000228881836,15.40999984741211,14.729999542236328,15.390000343322754,15.390000343322754,12029700,1154.8699951171875
2004-03-05,15.100000381469728,15.619999885559082,15.029999732971191,15.359999656677246,15.359999656677246,10252800,1156.8599853515625
2004-03-08,15.489999771118164,15.579999923706056,14.670000076293944,14.699999809265137,14.699999809265137,9805200,1147.199951171875
2004-03-09,14.710000038146973,14.84000015258789,14.329999923706056,14.529999732971191,14.529999732971191,9106900,1140.5799560546875
2004-03-10,14.43000030517578,14.880000114440918,14.300000190734863,14.43000030517578,14.43000030517578,11520600,1123.8900146484375
2004-03-11,14.220000267028809,14.770000457763672,14.199999809265137,14.4399995803833,14.4399995803833,8706100,1106.780029296875
2004-03-12,14.739999771118164,15.0,14.65999984741211,15.0,15.0,10345900,1120.5699462890625
2004-03-15,14.880000114440918,14.899999618530272,13.699999809265137,14.600000381469728,14.600000381469728,6979500,1104.489990234375
2004-03-16,14.789999961853027,15.050000190734863,14.630000114440918,14.920000076293944,14.920000076293944,8655500,1110.699951171875
2004-03-17,15.020000457763672,15.399999618530272,15.020000457763672,15.350000381469728,15.350000381469728,7906000,1123.75
2004-03-18,15.5,15.829999923706056,15.31999969482422,15.350000381469728,15.350000381469728,13594800,1122.3199462890625
2004-03-19,15.270000457763672,15.59000015258789,15.170000076293944,15.25,15.25,8134500,1109.780029296875
2004-03-22,15.050000190734863,15.050000190734863,14.56999969482422,14.789999961853027,14.789999961853027,9707900,1095.4000244140625
2004-03-23,15.06999969482422,15.09000015258789,14.720000267028809,14.859999656677246,14.859999656677246,11668900,1093.949951171875
2004-03-24,14.859999656677246,15.539999961853027,14.710000038146973,15.539999961853027,15.539999961853027,14434400,1091.3299560546875
2004-03-25,15.649999618530272,15.949999809265137,15.59000015258789,15.869999885559082,15.869999885559082,12420200,1109.18994140625
2004-03-26,15.75,15.880000114440918,15.399999618530272,15.510000228881836,15.510000228881836,14027400,1108.06005859375
2004-03-29,15.670000076293944,15.859999656677246,15.619999885559082,15.729999542236328,15.729999542236328,7892400,1122.469970703125
2004-03-30,15.600000381469728,16.06999969482422,15.350000381469728,16.030000686645508,16.030000686645508,10802000,1127.0
2004-03-31,16.030000686645508,16.399999618530273,15.75,16.229999542236328,16.229999542236328,12225900,1126.2099609375
2004-04-01,16.280000686645508,16.899999618530273,16.260000228881836,16.790000915527344,16.790000915527344,13592300,1132.1700439453125
2004-04-02,17.139999389648438,17.489999771118164,17.010000228881836,17.450000762939453,17.450000762939453,14414600,1141.81005859375
2004-04-05,17.25,17.5,17.219999313354492,17.43000030517578,17.43000030517578,10910900,1150.5699462890625
2004-04-06,17.200000762939453,17.200000762939453,16.850000381469727,17.100000381469727,17.100000381469727,12107100,1148.1600341796875
2004-04-07,17.0,17.079999923706055,16.709999084472656,16.899999618530273,16.899999618530273,10301300,1140.530029296875
2004-04-08,17.239999771118164,17.25,16.8799991607666,17.0,17.0,6985300,1139.3199462890625
2004-04-12,17.1200008392334,17.3799991607666,17.0,17.3700008392334,17.3700008392334,6429100,1145.199951171875
2004-04-13,17.5,17.600000381469727,17.149999618530273,17.15999984741211,17.15999984741211,16671600,1129.43994140625
2004-04-14,16.75,17.420000076293945,16.75,17.1200008392334,17.1200008392334,12760800,1128.1700439453125
2004-04-15,17.1200008392334,17.200000762939453,15.8100004196167,16.219999313354492,16.219999313354492,24917100,1128.8399658203125
2004-04-16,16.219999313354492,16.290000915527344,15.75,16.049999237060547,16.049999237060547,10064700,1134.6099853515625
2004-04-19,16.100000381469727,16.31999969482422,16.049999237060547,16.290000915527344,16.290000915527344,10693600,1135.8199462890625
2004-04-20,16.450000762939453,16.549999237060547,15.770000457763672,15.789999961853027,15.789999961853027,7281000,1118.1500244140625
2004-04-21,15.9399995803833,16.31999969482422,15.630000114440918,16.280000686645508,16.280000686645508,16002700,1124.0899658203125
2004-04-22,16.1299991607666,16.6200008392334,15.850000381469728,16.459999084472656,16.459999084472656,7748600,1139.9300537109375
2004-04-23,16.600000381469727,16.739999771118164,16.200000762939453,16.360000610351562,16.360000610351562,7417700,1140.5999755859375
2004-04-26,16.3700008392334,16.420000076293945,15.920000076293944,16.0,16.0,5855700,1135.530029296875
2004-04-27,16.0,16.18000030517578,15.550000190734863,15.59000015258789,15.59000015258789,8975000,1138.1099853515625
2004-04-28,15.399999618530272,15.56999969482422,14.5,15.170000076293944,15.170000076293944,10847400,1122.4100341796875
2004-04-29,15.170000076293944,15.390000343322754,14.390000343322754,14.600000381469728,14.600000381469728,10655200,1113.8900146484375
2004-04-30,14.65999984741211,15.100000381469728,13.979999542236328,14.220000267028809,14.220000267028809,10622200,1107.300048828125
2004-05-03,14.6899995803833,14.6899995803833,14.050000190734863,14.220000267028809,14.220000267028809,9113900,1117.489990234375
2004-05-04,14.329999923706056,14.619999885559082,14.229999542236328,14.460000038146973,14.460000038146973,7401000,1119.550048828125
2004-05-05,14.460000038146973,14.579999923706056,14.270000457763672,14.350000381469728,14.350000381469728,8736000,1121.530029296875
2004-05-06,14.270000457763672,14.390000343322754,14.100000381469728,14.369999885559082,14.369999885559082,7944100,1113.989990234375
2004-05-07,14.3100004196167,14.979999542236328,14.3100004196167,14.90999984741211,14.90999984741211,11178700,1098.699951171875
2004-05-10,14.899999618530272,15.300000190734863,14.6899995803833,15.020000457763672,15.020000457763672,10444300,1087.1199951171875
2004-05-11,15.279999732971191,15.5,15.220000267028809,15.479999542236328,15.479999542236328,8055900,1095.449951171875
2004-05-12,15.359999656677246,15.460000038146973,14.470000267028809,15.140000343322754,15.140000343322754,13228300,1097.280029296875
2004-05-13,15.140000343322754,15.140000343322754,14.369999885559082,14.670000076293944,14.670000076293944,11438300,1096.43994140625
2004-05-14,14.670000076293944,14.770000457763672,13.84000015258789,13.869999885559082,13.869999885559082,17771800,1095.699951171875
2004-05-17,13.93000030517578,14.1899995803833,13.649999618530272,13.880000114440918,13.880000114440918,13047700,1084.0999755859375
2004-05-18,14.050000190734863,14.109999656677246,13.90999984741211,13.949999809265137,13.949999809265137,7420400,1091.489990234375
2004-05-19,14.449999809265137,15.0,14.31999969482422,14.489999771118164,14.489999771118164,14458400,1088.6800537109375
2004-05-20,14.489999771118164,14.609999656677246,14.149999618530272,14.1899995803833,14.1899995803833,7731100,1089.18994140625
2004-05-21,14.43000030517578,14.4399995803833,14.170000076293944,14.239999771118164,14.239999771118164,6807100,1093.56005859375
2004-05-24,14.43000030517578,14.56999969482422,14.260000228881836,14.359999656677246,14.359999656677246,6281700,1095.4100341796875
2004-05-25,14.300000190734863,14.960000038146973,14.199999809265137,14.920000076293944,14.920000076293944,9224000,1113.050048828125
2004-05-26,14.850000381469728,15.3100004196167,14.81999969482422,15.119999885559082,15.119999885559082,8011400,1114.93994140625
2004-05-27,15.25,15.40999984741211,15.029999732971191,15.199999809265137,15.199999809265137,5610600,1121.280029296875
2004-05-28,15.239999771118164,15.550000190734863,15.140000343322754,15.550000190734863,15.550000190734863,5678800,1120.6800537109375
2004-06-01,15.5,15.600000381469728,15.149999618530272,15.300000190734863,15.300000190734863,5964000,1121.199951171875
2004-06-02,15.350000381469728,15.399999618530272,14.890000343322754,15.079999923706056,15.079999923706056,6467500,1124.989990234375
2004-06-03,14.949999809265137,14.949999809265137,14.579999923706056,14.59000015258789,14.59000015258789,7615400,1116.6400146484375
2004-06-04,14.890000343322754,15.25,14.829999923706056,15.119999885559082,15.119999885559082,9378400,1122.5
2004-06-07,15.300000190734863,15.899999618530272,15.289999961853027,15.800000190734863,15.800000190734863,9807500,1140.4200439453125
2004-06-08,15.800000190734863,16.190000534057617,15.619999885559082,16.18000030517578,16.18000030517578,9404200,1142.1800537109375
2004-06-09,16.31999969482422,16.350000381469727,15.479999542236328,15.510000228881836,15.510000228881836,14821000,1131.3299560546875
2004-06-10,15.65999984741211,15.800000190734863,15.460000038146973,15.75,15.75,9075100,1136.469970703125
2004-06-14,15.75,15.75,15.020000457763672,15.149999618530272,15.149999618530272,8973700,1125.2900390625
2004-06-15,15.380000114440918,15.460000038146973,15.25,15.390000343322754,15.390000343322754,6083400,1132.010009765625
2004-06-16,15.380000114440918,15.43000030517578,15.170000076293944,15.239999771118164,15.239999771118164,3871900,1133.56005859375
2004-06-17,15.18000030517578,15.199999809265137,14.729999542236328,14.760000228881836,14.760000228881836,9111700,1132.050048828125
2004-06-18,14.350000381469728,15.079999923706056,14.350000381469728,14.880000114440918,14.880000114440918,5907400,1135.02001953125
2004-06-21,14.9399995803833,15.010000228881836,14.0600004196167,14.100000381469728,14.100000381469728,15389200,1130.300048828125
2004-06-22,14.15999984741211,14.779999732971191,14.079999923706056,14.670000076293944,14.670000076293944,14416900,1134.4100341796875
2004-06-23,14.880000114440918,15.449999809265137,14.760000228881836,15.399999618530272,15.399999618530272,12912100,1144.06005859375
2004-06-24,15.399999618530272,15.75,15.119999885559082,15.31999969482422,15.31999969482422,10501300,1140.6500244140625
2004-06-25,15.31999969482422,15.800000190734863,15.239999771118164,15.5,15.5,9016400,1134.4300537109375
2004-06-28,15.720000267028809,15.720000267028809,15.25,15.289999961853027,15.289999961853027,6420600,1133.3499755859375
2004-06-29,15.720000267028809,15.960000038146973,15.539999961853027,15.81999969482422,15.81999969482422,17748600,1136.199951171875
2004-06-30,15.850000381469728,16.0,15.630000114440918,15.899999618530272,15.899999618530272,9001600,1140.8399658203125
2004-07-01,15.899999618530272,15.899999618530272,15.380000114440918,15.5,15.5,9586200,1128.93994140625
2004-07-02,15.5,15.5,15.09000015258789,15.270000457763672,15.270000457763672,6543100,1125.3800048828125
2004-07-06,15.0,15.029999732971191,14.649999618530272,14.8100004196167,14.8100004196167,9855100,1116.2099609375
2004-07-07,14.81999969482422,15.279999732971191,14.81999969482422,15.199999809265137,15.199999809265137,10774000,1118.3299560546875
2004-07-08,15.050000190734863,15.270000457763672,14.90999984741211,15.100000381469728,15.100000381469728,8830300,1109.1099853515625
2004-07-09,15.25,15.399999618530272,14.6899995803833,14.8100004196167,14.8100004196167,10410000,1112.81005859375
2004-07-12,14.710000038146973,14.710000038146973,14.229999542236328,14.43000030517578,14.43000030517578,11876600,1114.3499755859375
2004-07-13,14.550000190734863,14.649999618530272,14.31999969482422,14.5,14.5,7598400,1115.1400146484375
2004-07-14,13.779999732971191,14.119999885559082,13.529999732971191,13.739999771118164,13.739999771118164,34083100,1111.469970703125
2004-07-15,13.800000190734863,13.81999969482422,12.600000381469728,12.970000267028809,12.970000267028809,33714700,1106.68994140625
2004-07-16,13.199999809265137,13.210000038146973,12.550000190734863,12.640000343322754,12.640000343322754,11327300,1101.3900146484375
2004-07-19,12.640000343322754,12.93000030517578,12.460000038146973,12.550000190734863,12.550000190734863,10842900,1100.9000244140625
2004-07-20,12.640000343322754,12.710000038146973,12.380000114440918,12.68000030517578,12.68000030517578,9891900,1108.6700439453125
2004-07-21,12.880000114440918,12.899999618530272,12.119999885559082,12.119999885559082,12.119999885559082,13111200,1093.8800048828125
2004-07-22,12.170000076293944,12.720000267028809,12.140000343322754,12.640000343322754,12.640000343322754,14111800,1096.8399658203125
2004-07-23,12.43000030517578,12.539999961853027,12.109999656677246,12.119999885559082,12.119999885559082,7898000,1086.199951171875
2004-07-26,12.149999618530272,12.300000190734863,11.579999923706056,11.649999618530272,11.649999618530272,13942200,1084.0699462890625
2004-07-27,11.699999809265137,11.710000038146973,11.359999656677246,11.609999656677246,11.609999656677246,13692100,1094.8299560546875
2004-07-28,11.510000228881836,11.550000190734863,11.029999732971191,11.329999923706056,11.329999923706056,12492600,1095.4200439453125
2004-07-29,11.5,11.960000038146973,11.489999771118164,11.84000015258789,11.84000015258789,11100900,1100.4300537109375
2004-07-30,12.0,12.5600004196167,11.899999618530272,12.489999771118164,12.489999771118164,13959000,1101.719970703125
2004-08-02,12.199999809265137,12.289999961853027,12.020000457763672,12.289999961853027,12.289999961853027,7475100,1106.6199951171875
2004-08-03,12.210000038146973,12.279999732971191,11.56999969482422,11.600000381469728,11.600000381469728,9142400,1099.68994140625
2004-08-04,11.649999618530272,11.949999809265137,11.56999969482422,11.859999656677246,11.859999656677246,13893700,1098.6300048828125
2004-08-05,11.869999885559082,12.020000457763672,11.729999542236328,11.8100004196167,11.8100004196167,7220200,1080.699951171875
2004-08-06,11.550000190734863,11.59000015258789,11.170000076293944,11.260000228881836,11.260000228881836,7181400,1063.969970703125
2004-08-09,11.75,11.75,11.130000114440918,11.170000076293944,11.170000076293944,7808600,1065.219970703125
2004-08-10,11.199999809265137,11.56999969482422,11.199999809265137,11.520000457763672,11.520000457763672,7660100,1079.0400390625
2004-08-11,11.199999809265137,11.300000190734863,10.789999961853027,10.93000030517578,10.93000030517578,12353300,1075.7900390625
2004-08-12,10.800000190734863,11.0600004196167,10.760000228881836,10.899999618530272,10.899999618530272,8321300,1063.22998046875
2004-08-13,10.970000267028809,11.0600004196167,10.779999732971191,11.0600004196167,11.0600004196167,5922900,1064.800048828125
2004-08-16,11.0600004196167,11.34000015258789,10.979999542236328,11.239999771118164,11.239999771118164,6861500,1079.3399658203125
2004-08-17,11.350000381469728,11.600000381469728,11.350000381469728,11.380000114440918,11.380000114440918,5946700,1081.7099609375
2004-08-18,11.279999732971191,11.899999618530272,11.199999809265137,11.869999885559082,11.869999885559082,5913200,1095.1700439453125
2004-08-19,11.869999885559082,11.989999771118164,11.600000381469728,11.75,11.75,6651000,1091.22998046875
2004-08-20,11.75,12.149999618530272,11.649999618530272,11.970000267028809,11.970000267028809,7611600,1098.3499755859375
2004-08-23,12.130000114440918,12.399999618530272,12.130000114440918,12.260000228881836,12.260000228881836,5866200,1095.6800537109375
2004-08-24,12.420000076293944,12.4399995803833,11.880000114440918,11.949999809265137,11.949999809265137,6703500,1096.18994140625
2004-08-25,11.949999809265137,12.300000190734863,11.699999809265137,12.199999809265137,12.199999809265137,7670300,1104.9599609375
2004-08-26,11.8100004196167,11.979999542236328,11.6899995803833,11.81999969482422,11.81999969482422,7053700,1105.0899658203125
2004-08-27,11.859999656677246,12.039999961853027,11.81999969482422,11.960000038146973,11.960000038146973,4115800,1107.77001953125
2004-08-30,11.960000038146973,11.960000038146973,11.5600004196167,11.59000015258789,11.59000015258789,4374900,1099.1500244140625
2004-08-31,11.5,11.56999969482422,11.18000030517578,11.43000030517578,11.43000030517578,5676100,1104.239990234375
2004-09-01,11.699999809265137,11.800000190734863,11.460000038146973,11.699999809265137,11.699999809265137,6437100,1105.9100341796875
2004-09-02,11.720000267028809,11.800000190734863,11.40999984741211,11.68000030517578,11.68000030517578,5729700,1118.31005859375
2004-09-03,11.31999969482422,11.350000381469728,10.760000228881836,10.899999618530272,10.899999618530272,16969900,1113.6300048828125
2004-09-07,11.100000381469728,11.170000076293944,10.899999618530272,10.970000267028809,10.970000267028809,6299300,1121.300048828125
2004-09-08,10.960000038146973,11.039999961853027,10.829999923706056,10.859999656677246,10.859999656677246,6484600,1116.27001953125
2004-09-09,11.0,11.770000457763672,10.970000267028809,11.600000381469728,11.600000381469728,12041600,1118.3800048828125
2004-09-10,11.600000381469728,12.289999961853027,11.520000457763672,12.210000038146973,12.210000038146973,11075900,1123.9200439453125
2004-09-13,12.43000030517578,13.15999984741211,12.359999656677246,12.899999618530272,12.899999618530272,16504600,1125.8199462890625
2004-09-14,12.829999923706056,12.84000015258789,12.550000190734863,12.699999809265137,12.699999809265137,11260300,1128.3299560546875
2004-09-15,12.550000190734863,12.5600004196167,12.220000267028809,12.220000267028809,12.220000267028809,9191100,1120.3699951171875
2004-09-16,12.300000190734863,12.489999771118164,12.119999885559082,12.170000076293944,12.170000076293944,11182400,1123.5
2004-09-17,12.260000228881836,12.720000267028809,12.1899995803833,12.699999809265137,12.699999809265137,11937700,1128.550048828125
2004-09-20,12.5,13.140000343322754,12.470000267028809,12.789999961853027,12.789999961853027,9577400,1122.199951171875
2004-09-21,13.0,13.229999542236328,12.93000030517578,13.029999732971191,13.029999732971191,10351500,1129.300048828125
2004-09-22,13.029999732971191,13.199999809265137,12.90999984741211,12.979999542236328,12.979999542236328,7906500,1113.56005859375
2004-09-23,12.979999542236328,12.979999542236328,12.649999618530272,12.81999969482422,12.81999969482422,6015500,1108.3599853515625
2004-09-24,12.829999923706056,12.960000038146973,12.239999771118164,12.420000076293944,12.420000076293944,8057700,1110.1099853515625
2004-09-27,12.25,12.670000076293944,12.220000267028809,12.470000267028809,12.470000267028809,6303500,1103.52001953125
2004-09-28,12.470000267028809,12.649999618530272,12.289999961853027,12.460000038146973,12.460000038146973,4542800,1110.06005859375
2004-09-29,12.489999771118164,12.859999656677246,12.420000076293944,12.800000190734863,12.800000190734863,5603700,1114.800048828125
2004-09-30,12.550000190734863,13.100000381469728,12.550000190734863,13.0,13.0,6234300,1114.5799560546875
2004-10-01,13.100000381469728,13.489999771118164,13.100000381469728,13.43000030517578,13.43000030517578,7951300,1131.5
2004-10-04,13.520000457763672,14.0,13.520000457763672,13.699999809265137,13.699999809265137,9090400,1135.1700439453125
2004-10-05,13.210000038146973,13.779999732971191,13.09000015258789,13.68000030517578,13.68000030517578,15940700,1134.47998046875
2004-10-06,13.75,14.0600004196167,13.630000114440918,13.970000267028809,13.970000267028809,10061200,1142.050048828125
2004-10-07,13.970000267028809,14.220000267028809,13.859999656677246,14.109999656677246,14.109999656677246,15795800,1130.6500244140625
2004-10-08,14.0,14.029999732971191,13.449999809265137,13.5,13.5,12149500,1122.1400146484375
2004-10-11,13.75,13.989999771118164,13.56999969482422,13.949999809265137,13.949999809265137,7686000,1124.3900146484375
2004-10-12,13.65999984741211,13.84000015258789,13.520000457763672,13.699999809265137,13.699999809265137,8208800,1121.8399658203125
2004-10-13,14.140000343322754,14.1899995803833,13.510000228881836,13.84000015258789,13.84000015258789,10288900,1113.6500244140625
2004-10-14,13.649999618530272,13.720000267028809,13.510000228881836,13.59000015258789,13.59000015258789,6722200,1103.2900390625
2004-10-15,13.75,14.109999656677246,13.65999984741211,14.0,14.0,10715600,1108.199951171875
2004-10-18,13.899999618530272,14.270000457763672,13.880000114440918,14.1899995803833,14.1899995803833,10583200,1114.02001953125
2004-10-19,14.449999809265137,14.979999542236328,14.399999618530272,14.75,14.75,17892500,1103.22998046875
2004-10-20,14.760000228881836,15.449999809265137,14.630000114440918,15.40999984741211,15.40999984741211,18238500,1103.6600341796875
2004-10-21,15.729999542236328,15.989999771118164,15.56999969482422,15.949999809265137,15.949999809265137,13594700,1106.489990234375
2004-10-22,15.979999542236328,15.979999542236328,15.43000030517578,15.5600004196167,15.5600004196167,20374400,1095.739990234375
2004-10-25,15.489999771118164,15.899999618530272,15.40999984741211,15.5,15.5,10577900,1094.800048828125
2004-10-26,15.789999961853027,15.789999961853027,15.43000030517578,15.619999885559082,15.619999885559082,9667400,1111.0899658203125
2004-10-27,15.670000076293944,16.290000915527344,15.649999618530272,16.229999542236328,16.229999542236328,8634900,1125.4000244140625
2004-10-28,16.25,16.850000381469727,16.149999618530273,16.690000534057617,16.690000534057617,10793300,1127.43994140625
2004-10-29,16.690000534057617,16.850000381469727,16.3700008392334,16.81999969482422,16.81999969482422,7827800,1130.199951171875
2004-11-01,16.8799991607666,17.3799991607666,16.700000762939453,17.34000015258789,17.34000015258789,11203400,1130.510009765625
2004-11-02,17.34000015258789,17.8799991607666,17.270000457763672,17.700000762939453,17.700000762939453,16836700,1130.56005859375
2004-11-03,18.100000381469727,18.100000381469727,16.850000381469727,17.100000381469727,17.100000381469727,30287200,1143.199951171875
2004-11-04,17.149999618530273,17.149999618530273,16.450000762939453,16.979999542236328,16.979999542236328,15124500,1161.6700439453125
2004-11-05,16.809999465942383,17.389999389648438,16.809999465942383,17.09000015258789,17.09000015258789,11951100,1166.1700439453125
2004-11-08,17.09000015258789,17.3799991607666,17.020000457763672,17.3700008392334,17.3700008392334,6757800,1164.8900146484375
2004-11-09,17.270000457763672,17.520000457763672,17.059999465942383,17.219999313354492,17.219999313354492,8712000,1164.0799560546875
2004-11-10,17.399999618530273,17.65999984741211,17.25,17.290000915527344,17.290000915527344,9256300,1162.9100341796875
2004-11-11,17.799999237060547,18.6299991607666,17.549999237060547,18.59000015258789,18.59000015258789,20169600,1173.47998046875
2004-11-12,19.07999992370605,21.100000381469727,18.940000534057617,21.020000457763672,21.020000457763672,39768600,1184.1700439453125
2004-11-15,20.850000381469727,21.59000015258789,20.5,20.979999542236328,20.979999542236328,21420700,1183.81005859375
2004-11-16,20.850000381469727,21.059999465942383,20.51000022888184,20.8799991607666,20.8799991607666,13795300,1175.4300537109375
2004-11-17,21.26000022888184,22.489999771118164,21.15999984741211,21.989999771118164,21.989999771118164,22698800,1181.93994140625
2004-11-18,21.5,22.01000022888184,21.3799991607666,21.959999084472656,21.959999084472656,11870800,1183.550048828125
2004-11-19,21.700000762939453,21.709999084472656,20.809999465942383,20.809999465942383,20.809999465942383,13875200,1170.3399658203125
2004-11-22,20.5,20.989999771118164,20.0,20.959999084472656,20.959999084472656,11489200,1177.239990234375
2004-11-23,21.299999237060547,21.700000762939453,21.100000381469727,21.38999938964844,21.38999938964844,10369000,1176.93994140625
2004-11-24,21.600000381469727,21.76000022888184,21.420000076293945,21.56999969482422,21.56999969482422,5637100,1181.760009765625
2004-11-26,21.82999992370605,21.82999992370605,21.459999084472656,21.540000915527344,21.540000915527344,2459000,1182.6500244140625
2004-11-29,21.850000381469727,22.1200008392334,21.200000762939453,21.229999542236328,21.229999542236328,10644600,1178.5699462890625
2004-11-30,21.06999969482422,21.530000686645508,20.86000061035156,21.280000686645508,21.280000686645508,8481400,1173.8199462890625
2004-12-01,21.600000381469727,22.649999618530277,21.34000015258789,22.61000061035156,22.61000061035156,15413800,1191.3699951171875
2004-12-02,22.11000061035156,23.0,22.100000381469727,22.6200008392334,22.6200008392334,15345300,1190.3299560546875
2004-12-03,23.0,23.5,23.0,23.21999931335449,23.21999931335449,16156300,1191.1700439453125
2004-12-06,23.21999931335449,24.950000762939453,22.82999992370605,24.850000381469727,24.850000381469727,21139300,1190.25
2004-12-07,24.399999618530277,24.46999931335449,23.479999542236328,23.489999771118164,23.489999771118164,22433100,1177.0699462890625
2004-12-08,23.38999938964844,23.670000076293945,22.559999465942383,22.899999618530277,22.899999618530277,11573000,1182.81005859375
2004-12-09,22.350000381469727,22.6299991607666,21.81999969482422,22.100000381469727,22.100000381469727,17782000,1189.239990234375
2004-12-10,21.82999992370605,22.450000762939453,21.649999618530277,21.82999992370605,21.82999992370605,11738400,1188.0
2004-12-13,22.549999237060547,22.549999237060547,22.0,22.11000061035156,22.11000061035156,8013300,1198.6800537109375
2004-12-14,22.350000381469727,22.739999771118164,22.25,22.540000915527344,22.540000915527344,10609800,1203.3800048828125
2004-12-15,22.729999542236328,22.8700008392334,22.3799991607666,22.63999938964844,22.63999938964844,5613300,1205.719970703125
2004-12-16,22.600000381469727,23.1299991607666,22.270000457763672,22.489999771118164,22.489999771118164,7346900,1203.2099609375
2004-12-17,22.100000381469727,22.51000022888184,22.100000381469727,22.43000030517578,22.43000030517578,8122800,1194.199951171875
2004-12-20,22.5,22.600000381469727,21.690000534057617,21.84000015258789,21.84000015258789,8064200,1194.6500244140625
2004-12-21,21.86000061035156,21.950000762939453,20.51000022888184,21.729999542236328,21.729999542236328,23371200,1205.449951171875
2004-12-22,21.780000686645508,22.0,21.57999992370605,21.82999992370605,21.82999992370605,7912300,1209.5699462890625
2004-12-23,21.82999992370605,22.239999771118164,21.81999969482422,22.1200008392334,22.1200008392334,5828900,1210.1300048828125
2004-12-27,22.26000022888184,22.3700008392334,21.850000381469727,21.899999618530277,21.899999618530277,5530900,1204.9200439453125
2004-12-28,22.0,22.09000015258789,21.549999237060547,21.729999542236328,21.729999542236328,7739300,1213.5400390625
2004-12-29,21.75,22.350000381469727,21.549999237060547,21.959999084472656,21.959999084472656,6456000,1213.449951171875
2004-12-30,22.01000022888184,22.229999542236328,21.850000381469727,21.950000762939453,21.950000762939453,4545900,1213.550048828125
2004-12-31,22.0,22.13999938964844,21.940000534057617,22.020000457763672,22.020000457763672,3782300,1211.9200439453125
2005-01-03,22.11000061035156,22.299999237060547,21.25,21.40999984741211,21.40999984741211,9275300,1202.0799560546875
2005-01-04,21.479999542236328,21.51000022888184,20.209999084472656,20.209999084472656,20.209999084472656,20375800,1188.050048828125
2005-01-05,20.31999969482422,20.61000061035156,19.520000457763672,19.75,19.75,19217200,1183.739990234375
2005-01-06,20.06999969482422,20.11000061035156,19.34000015258789,19.71999931335449,19.71999931335449,10759300,1187.8900146484375
2005-01-07,19.90999984741211,20.200000762939453,19.149999618530277,19.920000076293945,19.920000076293945,16590200,1186.18994140625
2005-01-10,20.100000381469727,20.489999771118164,19.959999084472656,20.1299991607666,20.1299991607666,11584500,1190.25
2005-01-11,16.6299991607666,16.75,14.800000190734863,14.859999656677246,14.859999656677246,99894300,1182.989990234375
2005-01-12,14.949999809265137,15.149999618530272,14.630000114440918,15.020000457763672,15.020000457763672,42202000,1187.699951171875
2005-01-13,15.239999771118164,15.260000228881836,15.039999961853027,15.15999984741211,15.15999984741211,22226800,1177.449951171875
2005-01-14,15.199999809265137,15.449999809265137,15.010000228881836,15.15999984741211,15.15999984741211,15611800,1184.52001953125
2005-01-18,15.050000190734863,15.630000114440918,15.050000190734863,15.5,15.5,20636900,1195.97998046875
2005-01-19,15.329999923706056,15.869999885559082,15.270000457763672,15.5,15.5,17981900,1184.6300048828125
2005-01-20,15.359999656677246,15.729999542236328,15.199999809265137,15.640000343322754,15.640000343322754,16476200,1175.4100341796875
2005-01-21,15.640000343322754,15.829999923706056,15.4399995803833,15.489999771118164,15.489999771118164,12209600,1167.8699951171875
2005-01-24,15.600000381469728,15.779999732971191,15.109999656677246,15.15999984741211,15.15999984741211,12345400,1163.75
2005-01-25,15.270000457763672,15.760000228881836,15.199999809265137,15.75,15.75,10888300,1168.4100341796875
2005-01-26,15.84000015258789,15.989999771118164,15.699999809265137,15.979999542236328,15.979999542236328,9095800,1174.0699462890625
2005-01-27,15.979999542236328,16.270000457763672,15.75,16.1200008392334,16.1200008392334,8418600,1174.550048828125
2005-01-28,16.139999389648438,16.31999969482422,15.550000190734863,15.710000038146973,15.710000038146973,10442800,1171.3599853515625
2005-01-31,16.0,16.040000915527344,15.739999771118164,15.800000190734863,15.800000190734863,7220800,1181.27001953125
2005-02-01,15.899999618530272,16.420000076293945,15.850000381469728,16.270000457763672,16.270000457763672,14257100,1189.4100341796875
2005-02-02,16.3799991607666,16.790000915527344,16.34000015258789,16.65999984741211,16.65999984741211,9279900,1193.18994140625
2005-02-03,16.700000762939453,16.799999237060547,16.309999465942383,16.670000076293945,16.670000076293945,6605200,1189.8900146484375
2005-02-04,16.8799991607666,17.489999771118164,16.829999923706055,17.489999771118164,17.489999771118164,12884700,1203.030029296875
2005-02-07,17.530000686645508,17.68000030517578,17.1299991607666,17.219999313354492,17.219999313354492,9236100,1201.719970703125
2005-02-08,17.200000762939453,17.649999618530273,17.170000076293945,17.639999389648438,17.639999389648438,7630300,1202.300048828125
2005-02-09,18.07999992370605,18.450000762939453,17.90999984741211,17.940000534057617,17.940000534057617,14254700,1191.989990234375
2005-02-10,18.149999618530277,18.299999237060547,17.649999618530273,17.75,17.75,10348900,1197.010009765625
2005-02-11,17.75,18.299999237060547,17.5,18.11000061035156,18.11000061035156,9376300,1205.300048828125
2005-02-14,18.100000381469727,18.36000061035156,18.049999237060547,18.239999771118164,18.239999771118164,4920800,1206.1400146484375
2005-02-15,18.1200008392334,18.25,17.6299991607666,17.68000030517578,17.68000030517578,11476100,1210.1199951171875
2005-02-16,17.68000030517578,17.799999237060547,17.350000381469727,17.450000762939453,17.450000762939453,8857100,1210.3399658203125
2005-02-17,17.510000228881836,17.649999618530273,17.0,17.059999465942383,17.059999465942383,9813600,1200.75
2005-02-18,17.0,17.139999389648438,16.780000686645508,16.899999618530273,16.899999618530273,9603500,1201.5899658203125
2005-02-22,16.790000915527344,17.549999237060547,16.709999084472656,17.0,17.0,11696900,1184.1600341796875
2005-02-23,16.8700008392334,17.149999618530273,16.239999771118164,16.600000381469727,16.600000381469727,15422700,1190.800048828125
2005-02-24,16.639999389648438,17.6299991607666,16.6299991607666,17.6200008392334,17.6200008392334,18182100,1200.199951171875
2005-02-25,17.700000762939453,17.90999984741211,17.399999618530273,17.770000457763672,17.770000457763672,12175300,1211.3699951171875
2005-02-28,17.700000762939453,17.90999984741211,17.290000915527344,17.450000762939453,17.450000762939453,6209000,1203.5999755859375
2005-03-01,17.6299991607666,17.989999771118164,17.610000610351562,17.959999084472656,17.959999084472656,6882200,1210.4100341796875
2005-03-02,17.700000762939453,18.020000457763672,17.450000762939453,17.649999618530273,17.649999618530273,9358800,1210.0799560546875
2005-03-03,17.75,17.899999618530273,17.079999923706055,17.520000457763672,17.520000457763672,11264400,1210.469970703125
2005-03-04,17.6200008392334,17.65999984741211,17.260000228881836,17.43000030517578,17.43000030517578,6378700,1222.1199951171875
2005-03-07,17.34000015258789,17.610000610351562,17.25,17.469999313354492,17.469999313354492,7497300,1225.31005859375
2005-03-08,17.469999313354492,17.75,17.06999969482422,17.1200008392334,17.1200008392334,7342900,1219.4300537109375
2005-03-09,17.100000381469727,17.280000686645508,16.899999618530273,16.940000534057617,16.940000534057617,5785100,1207.010009765625
2005-03-10,17.0,17.1200008392334,16.719999313354492,17.020000457763672,17.020000457763672,5814500,1209.25
2005-03-11,17.1299991607666,17.219999313354492,16.299999237060547,16.360000610351562,16.360000610351562,8941300,1200.0799560546875
2005-03-14,16.360000610351562,16.690000534057617,16.309999465942383,16.440000534057617,16.440000534057617,6711600,1206.8299560546875
2005-03-15,16.5,16.59000015258789,16.030000686645508,16.06999969482422,16.06999969482422,7852200,1197.75
2005-03-16,16.030000686645508,16.329999923706055,15.859999656677246,16.030000686645508,16.030000686645508,11058200,1188.0699462890625
2005-03-17,16.030000686645508,16.239999771118164,16.030000686645508,16.1200008392334,16.1200008392334,5335600,1190.2099609375
2005-03-18,16.229999542236328,16.299999237060547,15.979999542236328,16.079999923706055,16.079999923706055,5702100,1189.6500244140625
2005-03-21,16.100000381469727,16.1299991607666,15.699999809265137,15.75,15.75,6816400,1183.780029296875
2005-03-22,15.800000190734863,15.890000343322754,15.34000015258789,15.380000114440918,15.380000114440918,7337000,1171.7099609375
2005-03-23,15.329999923706056,15.729999542236328,15.15999984741211,15.649999618530272,15.649999618530272,9590200,1172.530029296875
2005-03-24,15.75,16.219999313354492,15.720000267028809,16.1200008392334,16.1200008392334,8708600,1171.4200439453125
2005-03-28,16.25,16.440000534057617,15.449999809265137,15.470000267028809,15.470000267028809,9201400,1174.280029296875
2005-03-29,15.399999618530272,15.880000114440918,15.109999656677246,15.420000076293944,15.420000076293944,6986200,1165.3599853515625
2005-03-30,15.550000190734863,16.329999923706055,15.470000267028809,16.209999084472656,16.209999084472656,9967800,1181.4100341796875
2005-03-31,16.209999084472656,16.229999542236328,15.970000267028809,16.1200008392334,16.1200008392334,8330000,1180.5899658203125
2005-04-01,16.309999465942383,16.31999969482422,15.9399995803833,16.190000534057617,16.190000534057617,8580000,1172.9200439453125
2005-04-04,16.18000030517578,16.18000030517578,15.9399995803833,15.949999809265137,15.949999809265137,7825200,1176.1199951171875
2005-04-05,16.0,16.18000030517578,15.800000190734863,15.850000381469728,15.850000381469728,7733000,1181.3900146484375
2005-04-06,15.949999809265137,16.079999923706055,15.720000267028809,15.739999771118164,15.739999771118164,6013000,1184.0699462890625
2005-04-07,15.699999809265137,16.25,15.670000076293944,16.18000030517578,16.18000030517578,7959600,1191.1400146484375
2005-04-08,16.239999771118164,17.3799991607666,16.239999771118164,17.09000015258789,17.09000015258789,24613800,1181.199951171875
2005-04-11,17.09000015258789,17.170000076293945,16.780000686645508,17.020000457763672,17.020000457763672,8285400,1181.2099609375
2005-04-12,17.020000457763672,17.31999969482422,16.670000076293945,17.229999542236328,17.229999542236328,11132300,1187.760009765625
2005-04-13,17.229999542236328,17.5,16.950000762939453,17.059999465942383,17.059999465942383,15417200,1173.7900390625
2005-04-14,17.0,17.06999969482422,16.239999771118164,16.260000228881836,16.260000228881836,24039600,1162.050048828125
2005-04-15,15.859999656677246,16.0,15.40999984741211,15.449999809265137,15.449999809265137,13917900,1142.6199951171875
2005-04-18,15.449999809265137,15.600000381469728,15.25,15.279999732971191,15.279999732971191,8807200,1145.97998046875
2005-04-19,15.489999771118164,15.5,15.25,15.279999732971191,15.279999732971191,7234800,1152.780029296875
2005-04-20,15.359999656677246,15.4399995803833,14.619999885559082,14.649999618530272,14.649999618530272,15943400,1137.5
2005-04-21,15.010000228881836,15.149999618530272,14.68000030517578,14.989999771118164,14.989999771118164,10776800,1159.949951171875
2005-04-22,15.020000457763672,15.0600004196167,14.449999809265137,14.600000381469728,14.600000381469728,7409800,1152.1199951171875
2005-04-25,14.800000190734863,14.8100004196167,14.470000267028809,14.699999809265137,14.699999809265137,6809200,1162.0999755859375
2005-04-26,14.649999618530272,15.09000015258789,14.579999923706056,14.619999885559082,14.619999885559082,6332200,1151.8299560546875
2005-04-27,14.600000381469728,14.75,14.460000038146973,14.510000228881836,14.510000228881836,4952200,1156.3800048828125
2005-04-28,14.300000190734863,14.56999969482422,14.09000015258789,14.15999984741211,14.15999984741211,6372500,1143.219970703125
2005-04-29,14.25,14.369999885559082,14.079999923706056,14.229999542236328,14.229999542236328,6402200,1156.8499755859375
2005-05-02,14.210000038146973,14.479999542236328,14.210000038146973,14.31999969482422,14.31999969482422,2878800,1162.1600341796875
2005-05-03,14.260000228881836,14.460000038146973,14.25,14.359999656677246,14.359999656677246,3556600,1161.1700439453125
2005-05-04,14.399999618530272,14.68000030517578,14.34000015258789,14.68000030517578,14.68000030517578,6278600,1175.6500244140625
2005-05-05,14.68000030517578,14.890000343322754,14.619999885559082,14.739999771118164,14.739999771118164,7166400,1172.6300048828125
2005-05-06,14.93000030517578,15.020000457763672,14.770000457763672,14.899999618530272,14.899999618530272,5503000,1171.3499755859375
2005-05-09,15.079999923706056,15.130000114440918,14.899999618530272,15.050000190734863,15.050000190734863,5957800,1178.8399658203125
2005-05-10,15.199999809265137,15.369999885559082,15.010000228881836,15.06999969482422,15.06999969482422,7263200,1166.219970703125
2005-05-11,15.140000343322754,15.210000038146973,14.850000381469728,15.09000015258789,15.09000015258789,5515200,1171.1099853515625
2005-05-12,15.039999961853027,15.600000381469728,15.039999961853027,15.300000190734863,15.300000190734863,9482600,1159.3599853515625
2005-05-13,15.329999923706056,15.850000381469728,15.279999732971191,15.479999542236328,15.479999542236328,8842100,1154.050048828125
2005-05-16,15.699999809265137,15.739999771118164,15.59000015258789,15.670000076293944,15.670000076293944,5531100,1165.68994140625
2005-05-17,15.520000457763672,15.6899995803833,15.380000114440918,15.670000076293944,15.670000076293944,6640300,1173.800048828125
2005-05-18,15.699999809265137,15.869999885559082,15.470000267028809,15.81999969482422,15.81999969482422,5654700,1185.56005859375
2005-05-19,15.81999969482422,16.1200008392334,15.779999732971191,15.859999656677246,15.859999656677246,6197000,1191.0799560546875
2005-05-20,15.90999984741211,16.030000686645508,15.699999809265137,16.0,16.0,3881800,1189.280029296875
2005-05-23,16.1200008392334,16.149999618530273,15.81999969482422,15.949999809265137,15.949999809265137,6647100,1193.8599853515625
2005-05-24,15.8100004196167,16.1200008392334,15.760000228881836,16.1200008392334,16.1200008392334,3999600,1194.0699462890625
2005-05-25,16.0,16.18000030517578,15.979999542236328,16.15999984741211,16.15999984741211,5492900,1190.010009765625
2005-05-26,16.229999542236328,16.6200008392334,16.1200008392334,16.360000610351562,16.360000610351562,11518400,1197.6199951171875
2005-05-27,16.299999237060547,16.489999771118164,16.110000610351562,16.209999084472656,16.209999084472656,3549600,1198.780029296875
2005-05-31,16.149999618530273,16.520000457763672,16.149999618530273,16.399999618530273,16.399999618530273,6980500,1191.5
2005-06-01,16.350000381469727,16.790000915527344,16.299999237060547,16.719999313354492,16.719999313354492,6632000,1202.219970703125
2005-06-02,16.719999313354492,17.100000381469727,16.709999084472656,17.049999237060547,17.049999237060547,6377400,1204.2900390625
2005-06-03,17.100000381469727,17.34000015258789,17.030000686645508,17.079999923706055,17.079999923706055,7272500,1196.02001953125
2005-06-06,17.0,17.079999923706055,16.809999465942383,17.010000228881836,17.010000228881836,5947100,1197.510009765625
2005-06-07,17.200000762939453,18.049999237060547,17.190000534057617,17.559999465942383,17.559999465942383,17616700,1197.260009765625
2005-06-08,17.700000762939453,17.969999313354492,17.649999618530273,17.799999237060547,17.799999237060547,7277300,1194.6700439453125
2005-06-09,17.790000915527344,18.34000015258789,17.520000457763672,18.209999084472656,18.209999084472656,10243300,1200.9300537109375
2005-06-10,18.239999771118164,18.299999237060547,17.100000381469727,17.56999969482422,17.56999969482422,13571300,1198.1099853515625
2005-06-13,17.450000762939453,17.649999618530273,17.170000076293945,17.31999969482422,17.31999969482422,5911400,1200.8199462890625
2005-06-14,17.25,17.59000015258789,16.959999084472656,17.079999923706055,17.079999923706055,6266400,1203.9100341796875
2005-06-15,17.25,17.290000915527344,16.579999923706055,17.049999237060547,17.049999237060547,9205800,1206.5799560546875
2005-06-16,17.229999542236328,17.40999984741211,17.020000457763672,17.389999389648438,17.389999389648438,5038500,1210.9599609375
2005-06-17,17.690000534057617,17.700000762939453,17.229999542236328,17.440000534057617,17.440000534057617,5506000,1216.9599609375
2005-06-20,17.229999542236328,17.600000381469727,17.110000610351562,17.530000686645508,17.530000686645508,5211500,1216.0999755859375
2005-06-21,17.479999542236328,17.799999237060547,17.479999542236328,17.799999237060547,17.799999237060547,5592100,1213.6099853515625
2005-06-22,17.850000381469727,17.950000762939453,17.739999771118164,17.90999984741211,17.90999984741211,5810200,1213.8800048828125
2005-06-23,17.8799991607666,18.229999542236328,17.510000228881836,17.6200008392334,17.6200008392334,7839600,1200.72998046875
2005-06-24,17.600000381469727,17.6200008392334,17.100000381469727,17.170000076293945,17.170000076293945,6166300,1191.5699462890625
2005-06-27,17.110000610351562,17.219999313354492,16.6299991607666,16.649999618530273,16.649999618530273,6487400,1190.68994140625
2005-06-28,16.850000381469727,17.729999542236328,16.799999237060547,17.700000762939453,17.700000762939453,9802700,1201.5699462890625
2005-06-29,17.690000534057617,17.700000762939453,17.200000762939453,17.3700008392334,17.3700008392334,5624300,1199.8499755859375
2005-06-30,17.5,17.600000381469727,17.280000686645508,17.34000015258789,17.34000015258789,5949400,1191.3299560546875
2005-07-01,17.34000015258789,17.520000457763672,17.219999313354492,17.450000762939453,17.450000762939453,3126100,1194.43994140625
2005-07-05,17.739999771118164,18.34000015258789,17.600000381469727,18.040000915527344,18.040000915527344,6556400,1204.989990234375
2005-07-06,18.049999237060547,18.549999237060547,18.020000457763672,18.51000022888184,18.51000022888184,9358500,1194.93994140625
2005-07-07,18.21999931335449,18.729999542236328,18.11000061035156,18.729999542236328,18.729999542236328,7401800,1197.8699951171875
2005-07-08,18.690000534057617,19.030000686645508,18.649999618530277,18.940000534057617,18.940000534057617,8619600,1211.8599853515625
2005-07-11,19.049999237060547,19.229999542236328,18.709999084472656,19.01000022888184,19.01000022888184,7812700,1219.43994140625
2005-07-12,18.93000030517578,19.420000076293945,18.899999618530277,19.3700008392334,19.3700008392334,10557800,1222.2099609375
2005-07-13,19.200000762939453,19.38999938964844,19.059999465942383,19.25,19.25,12798500,1223.2900390625
2005-07-14,19.770000457763672,20.01000022888184,19.07999992370605,19.8799991607666,19.8799991607666,22404400,1226.5
2005-07-15,19.8700008392334,20.170000076293945,19.63999938964844,20.01000022888184,20.01000022888184,9049400,1227.9200439453125
2005-07-18,19.950000762939453,20.020000457763672,19.780000686645508,19.940000534057617,19.940000534057617,5238500,1221.1300048828125
2005-07-19,20.020000457763672,20.84000015258789,20.0,20.670000076293945,20.670000076293945,11952300,1229.3499755859375
2005-07-20,20.25,20.799999237060547,20.149999618530277,20.59000015258789,20.59000015258789,9172300,1235.199951171875
2005-07-21,20.51000022888184,20.559999465942383,20.209999084472656,20.3700008392334,20.3700008392334,7939700,1227.0400390625
2005-07-22,20.399999618530277,20.649999618530277,20.299999237060547,20.489999771118164,20.489999771118164,5142900,1233.6800537109375
2005-07-25,20.21999931335449,20.36000061035156,19.690000534057617,19.75,19.75,8476400,1229.030029296875
2005-07-26,19.700000762939453,20.200000762939453,19.200000762939453,19.850000381469727,19.850000381469727,11514800,1231.1600341796875
2005-07-27,19.920000076293945,20.1200008392334,19.729999542236328,20.100000381469727,20.100000381469727,6815500,1236.7900390625
2005-07-28,20.020000457763672,20.309999465942383,19.96999931335449,20.270000457763672,20.270000457763672,5127100,1243.719970703125
2005-07-29,20.190000534057617,20.36000061035156,20.049999237060547,20.07999992370605,20.07999992370605,3899000,1234.1800537109375
2005-08-01,20.07999992370605,20.18000030517578,19.82999992370605,20.049999237060547,20.049999237060547,6115700,1235.3499755859375
2005-08-02,20.200000762939453,20.549999237060547,20.1299991607666,20.420000076293945,20.420000076293945,4916300,1244.1199951171875
2005-08-03,20.26000022888184,20.700000762939453,20.239999771118164,20.649999618530277,20.649999618530277,3987700,1245.0400390625
2005-08-04,20.479999542236328,20.540000915527344,20.1200008392334,20.149999618530277,20.149999618530277,3813300,1235.8599853515625
2005-08-05,20.049999237060547,20.3700008392334,19.81999969482422,19.90999984741211,19.90999984741211,3582700,1226.4200439453125
2005-08-08,20.07999992370605,20.32999992370605,19.90999984741211,19.959999084472656,19.959999084472656,3984700,1223.1300048828125
2005-08-09,20.3799991607666,20.729999542236328,20.280000686645508,20.420000076293945,20.420000076293945,6556700,1231.3800048828125
2005-08-10,20.700000762939453,21.299999237060547,20.549999237060547,20.600000381469727,20.600000381469727,9750200,1229.1300048828125
2005-08-11,20.450000762939453,20.96999931335449,20.399999618530277,20.690000534057617,20.690000534057617,6671900,1237.81005859375
2005-08-12,20.549999237060547,20.84000015258789,20.270000457763672,20.700000762939453,20.700000762939453,6071600,1230.3900146484375
2005-08-15,20.6299991607666,20.989999771118164,20.61000061035156,20.850000381469727,20.850000381469727,3990800,1233.8699951171875
2005-08-16,20.770000457763672,20.799999237060547,20.280000686645508,20.299999237060547,20.299999237060547,3733200,1219.3399658203125
2005-08-17,20.5,21.270000457763672,20.459999084472656,21.190000534057617,21.190000534057617,10369500,1220.239990234375
2005-08-18,20.93000030517578,21.15999984741211,20.81999969482422,20.8700008392334,20.8700008392334,6368500,1219.02001953125
2005-08-19,21.13999938964844,21.149999618530277,20.420000076293945,20.549999237060547,20.549999237060547,6366600,1219.7099609375
2005-08-22,20.670000076293945,20.899999618530277,20.520000457763672,20.6299991607666,20.6299991607666,4925400,1221.72998046875
2005-08-23,20.71999931335449,20.8700008392334,20.440000534057617,20.5,20.5,4523000,1217.5899658203125
2005-08-24,20.399999618530277,20.90999984741211,20.350000381469727,20.649999618530277,20.649999618530277,4561700,1209.5899658203125
2005-08-25,20.61000061035156,21.0,20.61000061035156,20.989999771118164,20.989999771118164,4299900,1212.3699951171875
2005-08-26,20.950000762939453,21.18000030517578,20.899999618530277,21.0,21.0,4778700,1205.0999755859375
2005-08-29,20.899999618530277,21.21999931335449,20.790000915527344,20.84000015258789,20.84000015258789,5552700,1212.280029296875
2005-08-30,20.809999465942383,20.899999618530277,20.299999237060547,20.3700008392334,20.3700008392334,8509300,1208.4100341796875
2005-08-31,20.3700008392334,20.780000686645508,20.350000381469727,20.770000457763672,20.770000457763672,6928900,1220.3299560546875
2005-09-01,20.729999542236328,21.059999465942383,20.690000534057617,20.8799991607666,20.8799991607666,6325100,1221.5899658203125
2005-09-02,21.040000915527344,21.100000381469727,20.8700008392334,20.899999618530277,20.899999618530277,3155000,1218.02001953125
2005-09-06,21.049999237060547,21.549999237060547,20.959999084472656,21.520000457763672,21.520000457763672,5535900,1233.3900146484375
2005-09-07,21.450000762939453,22.690000534057617,21.450000762939453,22.549999237060547,22.549999237060547,11772600,1236.3599853515625
2005-09-08,22.450000762939453,23.09000015258789,22.3700008392334,23.07999992370605,23.07999992370605,11340400,1231.6700439453125
2005-09-09,23.100000381469727,24.030000686645508,23.100000381469727,23.850000381469727,23.850000381469727,12872500,1241.47998046875
2005-09-12,23.709999084472656,23.950000762939453,23.34000015258789,23.3799991607666,23.3799991607666,8074700,1240.56005859375
2005-09-13,23.489999771118164,23.84000015258789,22.84000015258789,23.299999237060547,23.299999237060547,10151000,1231.199951171875
2005-09-14,23.3799991607666,23.790000915527344,23.209999084472656,23.6299991607666,23.6299991607666,8454400,1227.1600341796875
2005-09-15,23.56999969482422,23.780000686645508,23.420000076293945,23.63999938964844,23.63999938964844,6341100,1227.72998046875
2005-09-16,23.709999084472656,23.75,22.40999984741211,22.649999618530277,22.649999618530277,14000300,1237.9100341796875
2005-09-19,22.520000457763672,22.65999984741211,21.799999237060547,22.34000015258789,22.34000015258789,7756100,1231.02001953125
2005-09-20,22.950000762939453,23.280000686645508,22.690000534057617,23.0,23.0,9080100,1221.3399658203125
2005-09-21,22.31999969482422,22.459999084472656,22.059999465942383,22.100000381469727,22.100000381469727,8853300,1210.199951171875
2005-09-22,22.0,22.5,21.90999984741211,22.209999084472656,22.209999084472656,9231700,1214.6199951171875
2005-09-23,21.799999237060547,23.01000022888184,21.770000457763672,22.979999542236328,22.979999542236328,11048500,1215.2900390625
2005-09-26,23.76000022888184,24.170000076293945,23.200000762939453,23.6299991607666,23.6299991607666,16598400,1215.6300048828125
2005-09-27,23.790000915527344,23.96999931335449,23.489999771118164,23.770000457763672,23.770000457763672,9083800,1215.6600341796875
2005-09-28,23.940000534057617,24.68000030517578,23.780000686645508,24.170000076293945,24.170000076293945,11236500,1216.8900146484375
2005-09-29,24.31999969482422,24.959999084472656,24.11000061035156,24.8700008392334,24.8700008392334,9375600,1227.6800537109375
2005-09-30,25.0,25.75,24.86000061035156,25.200000762939453,25.200000762939453,16213600,1228.81005859375
2005-10-03,25.46999931335449,26.06999969482422,25.3799991607666,25.65999984741211,25.65999984741211,11878200,1226.699951171875
2005-10-04,25.75,25.790000915527344,24.31999969482422,24.36000061035156,24.36000061035156,13989800,1214.469970703125
2005-10-05,24.559999465942383,24.8700008392334,23.950000762939453,24.0,24.0,11701500,1196.3900146484375
2005-10-06,24.149999618530277,24.46999931335449,23.59000015258789,23.82999992370605,23.82999992370605,12162600,1191.489990234375
2005-10-07,24.01000022888184,24.26000022888184,23.780000686645508,24.0,24.0,6826100,1195.9000244140625
2005-10-10,24.299999237060547,24.450000762939453,23.049999237060547,23.11000061035156,23.11000061035156,10064900,1187.3299560546875
2005-10-11,23.34000015258789,24.0,22.700000762939453,24.0,24.0,15674000,1184.8699951171875
2005-10-12,22.950000762939453,22.950000762939453,20.5,21.0,21.0,43236500,1177.6800537109375
2005-10-13,21.299999237060547,21.780000686645508,20.8700008392334,21.6299991607666,21.6299991607666,14307600,1176.8399658203125
2005-10-14,21.8700008392334,22.149999618530277,20.65999984741211,21.190000534057617,21.190000534057617,15691200,1186.5699462890625
2005-10-17,21.36000061035156,21.600000381469727,21.21999931335449,21.3700008392334,21.3700008392334,5727800,1190.0999755859375
2005-10-18,21.520000457763672,21.6299991607666,20.82999992370605,21.049999237060547,21.049999237060547,8700400,1178.1400146484375
2005-10-19,20.6299991607666,21.350000381469727,20.21999931335449,21.34000015258789,21.34000015258789,12360700,1195.760009765625
2005-10-20,21.440000534057617,21.790000915527344,20.93000030517578,21.0,21.0,10096100,1177.800048828125
2005-10-21,21.15999984741211,21.950000762939453,21.1200008392334,21.850000381469727,21.850000381469727,12118700,1179.5899658203125
2005-10-24,22.0,22.200000762939453,21.5,22.1200008392334,22.1200008392334,9277000,1199.3800048828125
2005-10-25,22.149999618530277,22.459999084472656,21.93000030517578,22.350000381469727,22.350000381469727,7955700,1196.5400390625
2005-10-26,22.350000381469727,23.040000915527344,22.200000762939453,22.81999969482422,22.81999969482422,11515700,1191.3800048828125
2005-10-27,22.600000381469727,22.65999984741211,21.799999237060547,21.81999969482422,21.81999969482422,10261200,1178.9000244140625
2005-10-28,22.18000030517578,22.399999618530277,21.43000030517578,22.31999969482422,22.31999969482422,8183700,1198.4100341796875
2005-10-31,22.450000762939453,23.43000030517578,22.43000030517578,23.21999931335449,23.21999931335449,11265000,1207.010009765625
2005-11-01,22.93000030517578,23.25,22.780000686645508,23.07999992370605,23.07999992370605,8711200,1202.760009765625
2005-11-02,23.07999992370605,24.32999992370605,23.07999992370605,24.200000762939453,24.200000762939453,13192800,1214.760009765625
2005-11-03,24.649999618530277,24.690000534057617,24.100000381469727,24.5,24.5,7748100,1219.93994140625
2005-11-04,24.459999084472656,24.82999992370605,24.229999542236328,24.6299991607666,24.6299991607666,6956100,1220.1400146484375
2005-11-07,24.76000022888184,24.989999771118164,24.530000686645508,24.88999938964844,24.88999938964844,8675400,1222.81005859375
2005-11-08,24.979999542236328,24.979999542236328,24.3700008392334,24.540000915527344,24.540000915527344,7663900,1218.5899658203125
2005-11-09,24.57999992370605,24.600000381469727,23.96999931335449,24.520000457763672,24.520000457763672,10423400,1220.6500244140625
2005-11-10,24.670000076293945,24.88999938964844,24.350000381469727,24.81999969482422,24.81999969482422,7454200,1230.9599609375
2005-11-11,24.76000022888184,24.96999931335449,24.68000030517578,24.76000022888184,24.76000022888184,5377500,1234.719970703125
2005-11-14,24.76000022888184,25.3799991607666,24.76000022888184,25.0,25.0,10585500,1233.760009765625
2005-11-15,25.8700008392334,26.530000686645508,25.31999969482422,25.5,25.5,33762900,1229.010009765625
2005-11-16,25.209999084472656,25.799999237060547,25.200000762939453,25.549999237060547,25.549999237060547,10696100,1231.2099609375
2005-11-17,25.770000457763672,26.0,25.43000030517578,25.88999938964844,25.88999938964844,6618300,1242.800048828125
2005-11-18,26.25,26.950000762939453,26.25,26.739999771118164,26.739999771118164,16000200,1248.27001953125
2005-11-21,27.0,27.350000381469727,26.93000030517578,27.040000915527344,27.040000915527344,17039600,1254.8499755859375
2005-11-22,26.950000762939453,27.34000015258789,26.86000061035156,27.09000015258789,27.09000015258789,12942700,1261.22998046875
2005-11-23,27.209999084472656,27.36000061035156,26.049999237060547,26.21999931335449,26.21999931335449,13390600,1265.6099853515625
2005-11-25,26.5,26.82999992370605,26.350000381469727,26.520000457763672,26.520000457763672,4396500,1268.25
2005-11-28,26.68000030517578,26.809999465942383,26.34000015258789,26.489999771118164,26.489999771118164,7317000,1257.4599609375
2005-11-29,26.350000381469727,26.450000762939453,25.309999465942383,25.57999992370605,25.57999992370605,13624200,1257.47998046875
2005-11-30,25.350000381469727,26.350000381469727,25.299999237060547,26.18000030517578,26.18000030517578,8302400,1249.47998046875
2005-12-01,26.549999237060547,27.420000076293945,26.36000061035156,27.40999984741211,27.40999984741211,12188900,1264.6700439453125
2005-12-02,27.459999084472656,28.25,27.200000762939453,27.950000762939453,27.950000762939453,13250700,1265.0799560546875
2005-12-05,27.649999618530277,27.770000457763672,27.15999984741211,27.270000457763672,27.270000457763672,7808400,1262.0899658203125
2005-12-06,27.43000030517578,27.6299991607666,26.850000381469727,26.950000762939453,26.950000762939453,7712400,1263.699951171875
2005-12-07,26.96999931335449,27.170000076293945,26.459999084472656,26.670000076293945,26.670000076293945,6607300,1257.3699951171875
2005-12-08,26.670000076293945,26.75,25.25,25.649999618530277,25.649999618530277,14485800,1255.8399658203125
2005-12-09,25.93000030517578,27.049999237060547,25.8700008392334,26.899999618530277,26.899999618530277,11301200,1259.3699951171875
2005-12-12,27.200000762939453,27.649999618530277,26.8700008392334,26.989999771118164,26.989999771118164,9403100,1260.4300537109375
2005-12-13,26.88999938964844,27.25,26.65999984741211,27.030000686645508,27.030000686645508,6879900,1267.4300537109375
2005-12-14,27.030000686645508,27.6299991607666,26.700000762939453,27.549999237060547,27.549999237060547,9455800,1272.739990234375
2005-12-15,27.540000915527344,27.96999931335449,27.420000076293945,27.899999618530277,27.899999618530277,7286300,1270.93994140625
2005-12-16,28.36000061035156,28.3700008392334,27.82999992370605,28.170000076293945,28.170000076293945,10254800,1267.3199462890625
2005-12-19,27.809999465942383,28.280000686645508,27.670000076293945,28.1200008392334,28.1200008392334,10672800,1259.9200439453125
2005-12-20,27.920000076293945,29.770000457763672,27.90999984741211,29.21999931335449,29.21999931335449,15757800,1259.6199951171875
2005-12-21,29.239999771118164,29.520000457763672,29.020000457763672,29.34000015258789,29.34000015258789,5939000,1262.7900390625
2005-12-22,29.489999771118164,30.350000381469727,29.489999771118164,30.020000457763672,30.020000457763672,11369600,1268.1199951171875
2005-12-23,30.01000022888184,30.649999618530277,30.01000022888184,30.5,30.5,5323300,1268.6600341796875
2005-12-27,30.770000457763672,31.3799991607666,30.649999618530277,31.200000762939453,31.200000762939453,9535100,1256.5400390625
2005-12-28,31.25,31.75,31.06999969482422,31.700000762939453,31.700000762939453,9601300,1258.1700439453125
2005-12-29,31.61000061035156,31.84000015258789,30.270000457763672,30.530000686645508,30.530000686645508,11510800,1254.4200439453125
2005-12-30,30.399999618530277,30.75,30.15999984741211,30.600000381469727,30.600000381469727,6540900,1248.2900390625
2006-01-03,31.020000457763672,32.58000183105469,30.8799991607666,32.400001525878906,32.400001525878906,16649600,1268.800048828125
2006-01-04,32.5,33.099998474121094,32.45000076293945,32.560001373291016,32.560001373291016,11301400,1273.4599609375
2006-01-05,32.5099983215332,33.939998626708984,32.5099983215332,33.68000030517578,33.68000030517578,13806800,1273.47998046875
2006-01-06,33.900001525878906,34.25,32.95000076293945,33.779998779296875,33.779998779296875,13307900,1285.449951171875
2006-01-09,33.75,33.97999954223633,33.119998931884766,33.25,33.25,9980000,1290.1500244140625
2006-01-10,33.2400016784668,34.970001220703125,32.90999984741211,34.93000030517578,34.93000030517578,16311400,1289.68994140625
2006-01-11,35.04999923706055,36.470001220703125,35.0,36.27000045776367,36.27000045776367,15871500,1294.1800537109375
2006-01-12,36.380001068115234,37.459999084472656,34.400001525878906,35.349998474121094,35.349998474121094,25449500,1286.06005859375
2006-01-13,34.189998626708984,34.849998474121094,33.220001220703125,34.130001068115234,34.130001068115234,23464600,1287.6099853515625
2006-01-17,32.459999084472656,33.119998931884766,32.150001525878906,32.86000061035156,32.86000061035156,21867700,1282.9300537109375
2006-01-18,32.599998474121094,34.380001068115234,32.33000183105469,34.150001525878906,34.150001525878906,31688700,1277.9300537109375
2006-01-19,38.13999938964844,38.400001525878906,36.5,37.130001068115234,37.130001068115234,44668300,1285.0400390625
2006-01-20,36.59999847412109,36.79999923706055,35.25,35.70000076293945,35.70000076293945,26461200,1261.489990234375
2006-01-23,35.849998474121094,36.29999923706055,34.66999816894531,35.470001220703125,35.470001220703125,12236500,1263.8199462890625
2006-01-24,35.61000061035156,36.790000915527344,35.16999816894531,36.77000045776367,36.77000045776367,27093300,1266.8599853515625
2006-01-25,37.20000076293945,38.380001068115234,36.81999969482422,38.380001068115234,38.380001068115234,19563200,1264.6800537109375
2006-01-26,38.81999969482422,40.63999938964844,38.7599983215332,40.40999984741211,40.40999984741211,31657800,1273.8299560546875
2006-01-27,40.63999938964844,40.790000915527344,39.36000061035156,39.84999847412109,39.84999847412109,14213700,1283.719970703125
2006-01-30,39.619998931884766,41.650001525878906,39.61000061035156,41.400001525878906,41.400001525878906,14340100,1285.18994140625
2006-01-31,41.04999923706055,42.0099983215332,40.4900016784668,41.79999923706055,41.79999923706055,15409500,1280.0799560546875
2006-02-01,41.29999923706055,42.18000030517578,40.52000045776367,42.09999847412109,42.09999847412109,15270400,1282.4599609375
2006-02-02,41.97999954223633,42.41999816894531,40.619998931884766,41.02000045776367,41.02000045776367,15358100,1270.8399658203125
2006-02-03,41.060001373291016,41.09999847412109,39.43999862670898,39.540000915527344,39.540000915527344,16524700,1264.030029296875
2006-02-06,40.09999847412109,41.22999954223633,39.84000015258789,41.220001220703125,41.220001220703125,11608200,1265.02001953125
2006-02-07,41.0,41.27000045776367,40.04999923706055,41.0099983215332,41.0099983215332,11217900,1254.780029296875
2006-02-08,41.34999847412109,41.650001525878906,40.16999816894531,40.86000061035156,40.86000061035156,10414300,1265.6500244140625
2006-02-09,41.09999847412109,42.09000015258789,39.90999984741211,40.060001373291016,40.060001373291016,12414200,1263.780029296875
2006-02-10,40.09999847412109,40.54999923706055,39.16999816894531,40.09999847412109,40.09999847412109,10458200,1266.989990234375
2006-02-13,39.880001068115234,39.900001525878906,38.650001525878906,38.959999084472656,38.959999084472656,10930500,1262.8599853515625
2006-02-14,39.29999923706055,40.310001373291016,38.31999969482422,40.220001220703125,40.220001220703125,14074500,1275.530029296875
2006-02-15,40.0,40.470001220703125,39.5,40.2400016784668,40.2400016784668,9085700,1280.0
2006-02-16,40.59000015258789,41.81999969482422,40.25,41.7400016784668,41.7400016784668,11640600,1289.3800048828125
2006-02-17,40.0,41.060001373291016,39.72999954223633,40.33000183105469,40.33000183105469,21324900,1287.239990234375
2006-02-21,40.58000183105469,41.09999847412109,39.91999816894531,40.04999923706055,40.04999923706055,13909400,1283.030029296875
2006-02-22,39.95000076293945,40.9900016784668,39.369998931884766,40.79999923706055,40.79999923706055,13356900,1292.6700439453125
2006-02-23,40.5099983215332,41.20000076293945,40.29999923706055,40.38999938964844,40.38999938964844,11892400,1287.7900390625
2006-02-24,40.650001525878906,40.9900016784668,40.09000015258789,40.540000915527344,40.540000915527344,8326100,1289.4300537109375
2006-02-27,40.70000076293945,41.150001525878906,40.56999969482422,40.619998931884766,40.619998931884766,6902800,1294.1199951171875
2006-02-28,40.790000915527344,40.900001525878906,38.619998931884766,38.66999816894531,38.66999816894531,18217200,1280.6600341796875
2006-03-01,39.0,40.369998931884766,39.0,40.06999969482422,40.06999969482422,14504500,1291.239990234375
2006-03-02,40.70000076293945,41.34000015258789,40.34999847412109,41.33000183105469,41.33000183105469,14376100,1289.1400146484375
2006-03-03,41.7599983215332,42.70000076293945,39.040000915527344,39.5099983215332,39.5099983215332,38662300,1287.22998046875
2006-03-06,39.900001525878906,40.25,38.43000030517578,39.38999938964844,39.38999938964844,18725500,1278.260009765625
2006-03-07,39.290000915527344,39.58000183105469,38.15999984741211,38.27000045776367,38.27000045776367,15667400,1275.8800048828125
2006-03-08,37.880001068115234,37.88999938964844,36.11000061035156,37.09000015258789,37.09000015258789,23826400,1278.469970703125
2006-03-09,37.119998931884766,37.83000183105469,36.18999862670898,36.209999084472656,36.209999084472656,14344100,1272.22998046875
2006-03-10,36.0,37.41999816894531,35.599998474121094,36.630001068115234,36.630001068115234,17870000,1281.4200439453125
2006-03-13,35.5,36.0,33.7599983215332,34.0,34.0,33835100,1284.1300048828125
2006-03-14,33.70000076293945,35.09000015258789,32.59000015258789,34.9900016784668,34.9900016784668,42289500,1297.47998046875
2006-03-15,35.16999816894531,35.59000015258789,34.220001220703125,35.119998931884766,35.119998931884766,22680900,1303.02001953125
2006-03-16,35.5,35.630001068115234,33.9900016784668,34.08000183105469,34.08000183105469,13236700,1305.3299560546875
2006-03-17,34.0099983215332,34.540000915527344,33.0,33.95000076293945,33.95000076293945,17731600,1307.25
2006-03-20,33.939998626708984,34.56999969482422,33.720001220703125,34.150001525878906,34.150001525878906,10169900,1305.0799560546875
2006-03-21,34.290000915527344,36.0,33.84000015258789,34.439998626708984,34.439998626708984,14901500,1297.22998046875
2006-03-22,33.900001525878906,34.709999084472656,33.52000045776367,34.369998931884766,34.369998931884766,21170100,1305.0400390625
2006-03-23,35.04999923706055,36.130001068115234,34.7400016784668,34.75,34.75,22806300,1301.6700439453125
2006-03-24,34.900001525878906,36.15999984741211,34.75,36.130001068115234,36.130001068115234,11716700,1302.949951171875
2006-03-27,35.959999084472656,36.08000183105469,35.18000030517578,35.33000183105469,35.33000183105469,12060400,1301.6099853515625
2006-03-28,35.25,35.25,33.599998474121094,34.09000015258789,34.09000015258789,15608900,1293.22998046875
2006-03-29,34.25,34.650001525878906,33.5,34.290000915527344,34.290000915527344,21578900,1302.8900146484375
2006-03-30,34.20000076293945,34.349998474121094,33.54999923706055,33.59000015258789,33.59000015258789,13789400,1300.25
2006-03-31,33.599998474121094,33.95000076293945,32.95000076293945,33.15999984741211,33.15999984741211,13498700,1294.8699951171875
2006-04-03,32.20000076293945,33.599998474121094,32.16999816894531,33.18000030517578,33.18000030517578,21449200,1297.81005859375
2006-04-04,33.349998474121094,34.04999923706055,33.08000183105469,33.43000030517578,33.43000030517578,14139900,1305.9300537109375
2006-04-05,33.75,34.849998474121094,33.61000061035156,34.779998779296875,34.779998779296875,12991800,1311.56005859375
2006-04-06,34.779998779296875,35.400001525878906,34.099998474121094,34.70000076293945,34.70000076293945,13343900,1309.0400390625
2006-04-07,34.970001220703125,35.09000015258789,33.65999984741211,33.689998626708984,33.689998626708984,11274100,1295.5
2006-04-10,33.619998931884766,34.61000061035156,33.5,34.56999969482422,34.56999969482422,12375100,1296.6199951171875
2006-04-11,34.91999816894531,35.02000045776367,34.119998931884766,34.349998474121094,34.349998474121094,9594300,1286.5699462890625
2006-04-12,34.70000076293945,35.75,34.439998626708984,35.41999816894531,35.41999816894531,24189500,1288.1199951171875
2006-04-13,33.81999969482422,33.81999969482422,31.61000061035156,31.799999237060547,31.799999237060547,60853700,1289.1199951171875
2006-04-17,31.940000534057617,32.0,29.96999931335449,30.600000381469727,30.600000381469727,31513300,1285.3299560546875
2006-04-18,30.670000076293945,31.5,30.420000076293945,31.229999542236328,31.229999542236328,22094800,1307.280029296875
2006-04-19,31.38999938964844,32.2400016784668,31.13999938964844,31.540000915527344,31.540000915527344,20969900,1309.9300537109375
2006-04-20,31.540000915527344,31.950000762939453,31.049999237060547,31.3799991607666,31.3799991607666,16658000,1311.4599609375
2006-04-21,31.649999618530277,31.979999542236328,31.40999984741211,31.729999542236328,31.729999542236328,12798800,1311.280029296875
2006-04-24,31.899999618530277,32.900001525878906,31.40999984741211,32.810001373291016,32.810001373291016,13872400,1308.1099853515625
2006-04-25,32.810001373291016,33.650001525878906,32.630001068115234,33.40999984741211,33.40999984741211,14069900,1301.739990234375
2006-04-26,33.5,33.7599983215332,32.56999969482422,32.79999923706055,32.79999923706055,10756300,1305.4100341796875
2006-04-27,32.599998474121094,33.209999084472656,32.150001525878906,32.79999923706055,32.79999923706055,11647000,1309.719970703125
2006-04-28,32.54999923706055,32.66999816894531,32.0,32.349998474121094,32.349998474121094,10383000,1310.6099853515625
2006-05-01,32.52000045776367,32.689998626708984,31.780000686645508,31.790000915527344,31.790000915527344,7424400,1305.18994140625
2006-05-02,31.82999992370605,32.7400016784668,31.82999992370605,32.619998931884766,32.619998931884766,8128000,1313.2099609375
2006-05-03,32.599998474121094,33.36000061035156,32.52000045776367,33.27000045776367,33.27000045776367,8894400,1308.1199951171875
2006-05-04,33.459999084472656,33.970001220703125,33.220001220703125,33.95000076293945,33.95000076293945,7741300,1312.25
2006-05-05,34.369998931884766,34.5,33.619998931884766,34.43000030517578,34.43000030517578,8403600,1325.760009765625
2006-05-08,34.04999923706055,34.41999816894531,33.900001525878906,33.95000076293945,33.95000076293945,5856400,1324.6600341796875
2006-05-09,33.689998626708984,34.279998779296875,33.29999923706055,34.15999984741211,34.15999984741211,9071500,1325.1400146484375
2006-05-10,33.95000076293945,33.97999954223633,32.81999969482422,32.83000183105469,32.83000183105469,12274900,1322.8499755859375
2006-05-11,33.099998474121094,33.099998474121094,31.25,31.489999771118164,31.489999771118164,17159500,1305.9200439453125
2006-05-12,31.700000762939453,32.31999969482422,31.25,31.65999984741211,31.65999984741211,14358200,1291.239990234375
2006-05-15,31.600000381469727,32.38999938964844,30.670000076293945,31.1200008392334,31.1200008392334,11943300,1294.5
2006-05-16,30.899999618530277,30.959999084472656,29.68000030517578,30.809999465942383,30.809999465942383,17898700,1292.0799560546875
2006-05-17,30.899999618530277,31.489999771118164,30.690000534057617,30.770000457763672,30.770000457763672,12706200,1270.3199462890625
2006-05-18,30.940000534057617,31.40999984741211,30.450000762939453,31.350000381469727,31.350000381469727,23882300,1261.81005859375
2006-05-19,34.2400016784668,34.959999084472656,33.560001373291016,34.95000076293945,34.95000076293945,48621500,1267.030029296875
2006-05-22,34.45000076293945,34.75,32.439998626708984,33.18000030517578,33.18000030517578,22708400,1262.0699462890625
2006-05-23,33.720001220703125,34.0,31.739999771118164,31.790000915527344,31.790000915527344,16155000,1256.5799560546875
2006-05-24,31.899999618530277,32.86000061035156,30.57999992370605,31.18000030517578,31.18000030517578,20773800,1258.5699462890625
2006-05-25,31.51000022888184,31.51000022888184,30.25,30.96999931335449,30.96999931335449,19433900,1272.8800048828125
2006-05-26,31.190000534057617,31.950000762939453,30.799999237060547,31.6299991607666,31.6299991607666,9821300,1280.1600341796875
2006-05-30,31.38999938964844,31.549999237060547,30.309999465942383,30.479999542236328,30.479999542236328,11391700,1259.8699951171875
2006-05-31,30.950000762939453,31.229999542236328,30.40999984741211,30.88999938964844,30.88999938964844,10190500,1270.0899658203125
2006-06-01,31.049999237060547,31.43000030517578,30.450000762939453,31.38999938964844,31.38999938964844,15279700,1285.7099609375
2006-06-02,31.520000457763672,31.920000076293945,29.950000762939453,30.100000381469727,30.100000381469727,21204100,1288.219970703125
2006-06-05,30.049999237060547,30.13999938964844,29.01000022888184,29.059999465942383,29.059999465942383,17070500,1265.2900390625
2006-06-06,29.100000381469727,29.350000381469727,28.549999237060547,28.950000762939453,28.950000762939453,18034100,1263.8499755859375
2006-06-07,28.940000534057617,29.32999992370605,27.920000076293945,28.0,28.0,17352100,1256.1500244140625
2006-06-08,27.3700008392334,27.700000762939453,26.229999542236328,27.030000686645508,27.030000686645508,30622600,1257.9300537109375
2006-06-09,27.399999618530277,28.030000686645508,26.649999618530277,26.75,26.75,14963400,1252.300048828125
2006-06-12,26.799999237060547,26.96999931335449,25.600000381469727,25.68000030517578,25.68000030517578,14346300,1237.43994140625
2006-06-13,25.459999084472656,26.299999237060547,24.3700008392334,24.38999938964844,24.38999938964844,23847700,1223.68994140625
2006-06-14,24.979999542236328,25.71999931335449,24.600000381469727,25.11000061035156,25.11000061035156,24168200,1230.0400390625
2006-06-15,25.399999618530277,26.299999237060547,25.350000381469727,26.11000061035156,26.11000061035156,14069600,1256.1600341796875
2006-06-16,26.11000061035156,26.3799991607666,25.5,25.63999938964844,25.63999938964844,11823900,1251.5400390625
2006-06-19,25.850000381469727,26.020000457763672,24.899999618530277,24.950000762939453,24.950000762939453,10916900,1240.1300048828125
2006-06-20,24.899999618530277,25.299999237060547,24.6200008392334,24.8700008392334,24.8700008392334,10471400,1240.1199951171875
2006-06-21,24.86000061035156,25.899999618530277,24.75,25.420000076293945,25.420000076293945,12169700,1252.199951171875
2006-06-22,25.40999984741211,25.88999938964844,25.059999465942383,25.3700008392334,25.3700008392334,11220300,1245.5999755859375
2006-06-23,25.75,25.790000915527344,25.1299991607666,25.13999938964844,25.13999938964844,9197300,1244.5
2006-06-26,25.299999237060547,25.3799991607666,24.3700008392334,24.65999984741211,24.65999984741211,11922100,1250.56005859375
2006-06-27,24.65999984741211,24.65999984741211,23.459999084472656,24.26000022888184,24.26000022888184,19713100,1239.199951171875
2006-06-28,24.32999992370605,24.459999084472656,23.700000762939453,23.88999938964844,23.88999938964844,12024300,1246.0
2006-06-29,24.100000381469727,24.8799991607666,23.86000061035156,24.809999465942383,24.809999465942383,11132100,1272.8699951171875
2006-06-30,24.989999771118164,24.989999771118164,24.15999984741211,24.420000076293945,24.420000076293945,9432600,1270.199951171875
2006-07-03,24.479999542236328,24.71999931335449,24.239999771118164,24.600000381469727,24.600000381469727,4734200,1280.18994140625
2006-07-05,24.309999465942383,24.43000030517578,23.82999992370605,23.899999618530277,23.899999618530277,11446500,1270.9100341796875
2006-07-06,24.06999969482422,24.38999938964844,23.65999984741211,23.82999992370605,23.82999992370605,12580200,1274.0799560546875
2006-07-07,22.809999465942383,23.799999237060547,22.450000762939453,23.559999465942383,23.559999465942383,28935200,1265.47998046875
2006-07-10,23.709999084472656,23.90999984741211,22.32999992370605,22.51000022888184,22.51000022888184,15456500,1267.3399658203125
2006-07-11,22.350000381469727,23.07999992370605,22.020000457763672,22.979999542236328,22.979999542236328,14584600,1272.4300537109375
2006-07-12,22.899999618530277,23.07999992370605,22.450000762939453,22.84000015258789,22.84000015258789,17805600,1258.5999755859375
2006-07-13,22.729999542236328,23.239999771118164,22.100000381469727,22.1299991607666,22.1299991607666,18827200,1242.280029296875
2006-07-14,22.07999992370605,22.299999237060547,21.229999542236328,21.600000381469727,21.600000381469727,13544500,1236.199951171875
2006-07-17,21.350000381469727,21.780000686645508,20.790000915527344,20.920000076293945,20.920000076293945,15542500,1234.489990234375
2006-07-18,20.709999084472656,21.190000534057617,20.07999992370605,20.549999237060547,20.549999237060547,16583000,1236.8599853515625
2006-07-19,20.780000686645508,21.65999984741211,20.3799991607666,21.459999084472656,21.459999084472656,18270200,1259.81005859375
2006-07-20,21.899999618530277,22.100000381469727,21.15999984741211,21.649999618530277,21.649999618530277,30891800,1249.1300048828125
2006-07-21,19.780000686645508,19.799999237060547,18.229999542236328,18.26000022888184,18.26000022888184,41175600,1240.2900390625
2006-07-24,17.6200008392334,17.729999542236328,16.899999618530273,17.389999389648438,17.389999389648438,57340500,1260.9100341796875
2006-07-25,17.479999542236328,18.049999237060547,17.18000030517578,17.799999237060547,17.799999237060547,27134700,1268.8800048828125
2006-07-26,17.8799991607666,18.5,17.56999969482422,18.25,18.25,19998300,1268.4000244140625
2006-07-27,18.299999237060547,18.6200008392334,18.010000228881836,18.059999465942383,18.059999465942383,19515400,1263.199951171875
2006-07-28,18.0,19.100000381469727,17.8799991607666,19.100000381469727,19.100000381469727,20620200,1278.550048828125
2006-07-31,19.280000686645508,19.649999618530277,19.049999237060547,19.38999938964844,19.38999938964844,17236900,1276.6600341796875
2006-08-01,19.649999618530277,19.729999542236328,18.84000015258789,19.100000381469727,19.100000381469727,22481800,1270.9200439453125
2006-08-02,19.26000022888184,20.030000686645508,19.26000022888184,19.600000381469727,19.600000381469727,17210300,1277.4100341796875
2006-08-03,19.459999084472656,20.739999771118164,19.440000534057617,20.450000762939453,20.450000762939453,20863600,1280.27001953125
2006-08-04,20.8799991607666,21.200000762939453,20.1200008392334,20.46999931335449,20.46999931335449,20483000,1279.3599853515625
2006-08-07,20.280000686645508,20.850000381469727,20.100000381469727,20.21999931335449,20.21999931335449,13926100,1275.77001953125
2006-08-08,20.280000686645508,20.690000534057617,19.950000762939453,20.1200008392334,20.1200008392334,15635000,1271.47998046875
2006-08-09,20.5,20.59000015258789,19.75,19.850000381469727,19.850000381469727,15280000,1265.949951171875
2006-08-10,19.770000457763672,20.190000534057617,19.600000381469727,20.01000022888184,20.01000022888184,10918200,1271.81005859375
2006-08-11,19.93000030517578,20.0,19.3700008392334,19.780000686645508,19.780000686645508,12434500,1266.739990234375
2006-08-14,19.93000030517578,20.34000015258789,19.59000015258789,19.8700008392334,19.8700008392334,14512700,1268.2099609375
2006-08-15,20.350000381469727,20.93000030517578,20.18000030517578,20.8700008392334,20.8700008392334,16278700,1285.5799560546875
2006-08-16,21.25,22.68000030517578,20.88999938964844,22.56999969482422,22.56999969482422,24644700,1295.4300537109375
2006-08-17,23.15999984741211,24.76000022888184,23.11000061035156,24.200000762939453,24.200000762939453,49238400,1297.47998046875
2006-08-18,23.489999771118164,24.15999984741211,22.520000457763672,23.93000030517578,23.93000030517578,36283200,1302.300048828125
2006-08-21,23.670000076293945,23.709999084472656,23.290000915527344,23.399999618530277,23.399999618530277,16747900,1297.52001953125
2006-08-22,23.899999618530277,25.21999931335449,23.850000381469727,24.8799991607666,24.8799991607666,39574100,1298.8199462890625
2006-08-23,25.190000534057617,25.71999931335449,24.75,24.899999618530277,24.899999618530277,23522100,1292.989990234375
2006-08-24,25.200000762939453,25.309999465942383,24.61000061035156,24.76000022888184,24.76000022888184,15495200,1296.06005859375
2006-08-25,24.690000534057617,24.959999084472656,24.31999969482422,24.559999465942383,24.559999465942383,11914100,1295.0899658203125
2006-08-28,24.540000915527344,24.84000015258789,23.850000381469727,23.920000076293945,23.920000076293945,17494700,1301.780029296875
2006-08-29,23.950000762939453,24.440000534057617,23.700000762939453,24.399999618530277,24.399999618530277,17463000,1304.280029296875
2006-08-30,24.540000915527344,25.15999984741211,24.450000762939453,25.030000686645508,25.030000686645508,14565000,1305.3699951171875
2006-08-31,25.209999084472656,25.25,24.68000030517578,24.989999771118164,24.989999771118164,11156900,1303.8199462890625
2006-09-01,25.25,25.25,24.51000022888184,24.65999984741211,24.65999984741211,11208800,1311.010009765625
2006-09-05,25.200000762939453,26.229999542236328,24.84000015258789,26.21999931335449,26.21999931335449,22184000,1313.25
2006-09-06,25.850000381469727,26.13999938964844,24.51000022888184,24.530000686645508,24.530000686645508,20874100,1300.260009765625
2006-09-07,23.88999938964844,25.01000022888184,23.71999931335449,24.59000015258789,24.59000015258789,31462700,1294.02001953125
2006-09-08,24.76000022888184,25.81999969482422,24.649999618530277,25.799999237060547,25.799999237060547,24531600,1298.9200439453125
2006-09-11,25.479999542236328,26.06999969482422,25.36000061035156,25.65999984741211,25.65999984741211,18258900,1299.5400390625
2006-09-12,26.06999969482422,26.670000076293945,25.799999237060547,26.479999542236328,26.479999542236328,23310500,1313.0
2006-09-13,26.57999992370605,27.420000076293945,26.38999938964844,27.149999618530277,27.149999618530277,23290100,1318.0699462890625
2006-09-14,26.670000076293945,27.3700008392334,26.63999938964844,27.020000457763672,27.020000457763672,14117800,1316.280029296875
2006-09-15,27.40999984741211,27.649999618530277,26.520000457763672,26.530000686645508,26.530000686645508,18196900,1319.6600341796875
2006-09-18,26.57999992370605,27.51000022888184,26.520000457763672,27.31999969482422,27.31999969482422,16687500,1321.1800537109375
2006-09-19,27.25,27.31999969482422,26.40999984741211,26.93000030517578,26.93000030517578,14328100,1317.6400146484375
2006-09-20,27.21999931335449,27.559999465942383,27.049999237060547,27.3799991607666,27.3799991607666,13193700,1325.1800537109375
2006-09-21,27.57999992370605,27.899999618530277,26.84000015258789,26.979999542236328,26.979999542236328,16596600,1318.030029296875
2006-09-22,26.799999237060547,26.82999992370605,25.63999938964844,26.209999084472656,26.209999084472656,24657600,1314.780029296875
2006-09-25,26.399999618530277,27.170000076293945,25.739999771118164,26.770000457763672,26.770000457763672,22638500,1326.3699951171875
2006-09-26,26.600000381469727,26.809999465942383,25.649999618530277,25.989999771118164,25.989999771118164,25080200,1336.3499755859375
2006-09-27,25.850000381469727,26.51000022888184,25.270000457763672,25.31999969482422,25.31999969482422,26580300,1336.5899658203125
2006-09-28,25.059999465942383,25.299999237060547,24.65999984741211,25.06999969482422,25.06999969482422,21517300,1338.8800048828125
2006-09-29,25.32999992370605,25.5,24.780000686645508,24.850000381469727,24.850000381469727,12730500,1335.8499755859375
2006-10-02,24.670000076293945,25.049999237060547,24.399999618530277,24.809999465942383,24.809999465942383,17817400,1331.3199462890625
2006-10-03,24.5,24.51000022888184,23.790000915527344,24.1299991607666,24.1299991607666,19087300,1334.1099853515625
2006-10-04,24.100000381469727,25.100000381469727,23.950000762939453,25.030000686645508,25.030000686645508,17869600,1350.199951171875
2006-10-05,24.799999237060547,25.239999771118164,24.600000381469727,25.11000061035156,25.11000061035156,17304500,1353.219970703125
2006-10-06,24.65999984741211,24.799999237060547,23.959999084472656,24.01000022888184,24.01000022888184,17299800,1349.5899658203125
2006-10-09,24.25,24.6200008392334,22.950000762939453,23.0,23.0,34081800,1350.6600341796875
2006-10-10,23.209999084472656,23.729999542236328,22.8700008392334,23.13999938964844,23.13999938964844,27698100,1353.4200439453125
2006-10-11,23.07999992370605,24.559999465942383,22.8700008392334,24.270000457763672,24.270000457763672,29329600,1349.949951171875
2006-10-12,24.450000762939453,24.71999931335449,24.040000915527344,24.690000534057617,24.690000534057617,19510400,1362.8299560546875
2006-10-13,24.56999969482422,25.399999618530277,24.56999969482422,25.229999542236328,25.229999542236328,19364900,1365.6199951171875
2006-10-16,25.350000381469727,25.690000534057617,25.13999938964844,25.3799991607666,25.3799991607666,17730800,1369.06005859375
2006-10-17,24.81999969482422,24.899999618530277,24.06999969482422,24.479999542236328,24.479999542236328,22547600,1364.050048828125
2006-10-18,24.799999237060547,25.15999984741211,24.07999992370605,24.229999542236328,24.229999542236328,40929500,1365.800048828125
2006-10-19,21.989999771118164,22.0,20.90999984741211,21.01000022888184,21.01000022888184,96497700,1366.9599609375
2006-10-20,21.18000030517578,21.18000030517578,20.0,20.1200008392334,20.1200008392334,51593200,1368.5999755859375
2006-10-23,20.21999931335449,20.8700008392334,20.149999618530277,20.239999771118164,20.239999771118164,34231700,1377.02001953125
2006-10-24,20.479999542236328,20.63999938964844,20.280000686645508,20.31999969482422,20.31999969482422,37597100,1377.3800048828125
2006-10-25,20.350000381469727,20.93000030517578,20.350000381469727,20.82999992370605,20.82999992370605,30140000,1382.219970703125
2006-10-26,21.25,21.68000030517578,21.0,21.5,21.5,33031400,1389.0799560546875
2006-10-27,21.350000381469727,21.790000915527344,20.739999771118164,20.86000061035156,20.86000061035156,28098900,1377.3399658203125
2006-10-30,20.959999084472656,21.5,20.81999969482422,21.31999969482422,21.31999969482422,19939700,1377.9300537109375
2006-10-31,21.31999969482422,21.56999969482422,20.950000762939453,21.270000457763672,21.270000457763672,17571200,1377.93994140625
2006-11-01,21.239999771118164,21.34000015258789,20.670000076293945,20.729999542236328,20.729999542236328,23508500,1367.81005859375
2006-11-02,20.6200008392334,21.059999465942383,20.559999465942383,20.850000381469727,20.850000381469727,16829700,1367.3399658203125
2006-11-03,20.950000762939453,21.09000015258789,20.809999465942383,20.8799991607666,20.8799991607666,17719200,1364.300048828125
2006-11-06,21.1200008392334,21.479999542236328,21.059999465942383,21.38999938964844,21.38999938964844,17919800,1379.780029296875
2006-11-07,21.399999618530277,21.979999542236328,21.399999618530277,21.559999465942383,21.559999465942383,18720300,1382.8399658203125
2006-11-08,21.3799991607666,21.5,20.84000015258789,21.25,21.25,20653000,1385.719970703125
2006-11-09,21.540000915527344,21.600000381469727,20.799999237060547,20.88999938964844,20.88999938964844,21301800,1378.3299560546875
2006-11-10,20.82999992370605,21.15999984741211,20.81999969482422,21.06999969482422,21.06999969482422,12329600,1380.9000244140625
2006-11-13,21.059999465942383,21.3700008392334,21.01000022888184,21.200000762939453,21.200000762939453,17101500,1384.4200439453125
2006-11-14,21.049999237060547,21.40999984741211,20.790000915527344,21.34000015258789,21.34000015258789,23649100,1393.219970703125
2006-11-15,21.46999931335449,21.920000076293945,21.350000381469727,21.709999084472656,21.709999084472656,25125400,1396.5699462890625
2006-11-16,21.899999618530277,21.950000762939453,21.3799991607666,21.739999771118164,21.739999771118164,17887400,1399.760009765625
2006-11-17,21.51000022888184,21.700000762939453,21.309999465942383,21.450000762939453,21.450000762939453,14740800,1401.199951171875
2006-11-20,21.40999984741211,21.559999465942383,21.209999084472656,21.440000534057617,21.440000534057617,16080000,1400.5
2006-11-21,21.40999984741211,21.649999618530277,21.049999237060547,21.239999771118164,21.239999771118164,19988900,1402.81005859375
2006-11-22,21.549999237060547,21.850000381469727,21.299999237060547,21.770000457763672,21.770000457763672,15604100,1406.0899658203125
2006-11-24,21.57999992370605,21.96999931335449,21.540000915527344,21.799999237060547,21.799999237060547,5400800,1400.949951171875
2006-11-27,21.71999931335449,22.32999992370605,21.6200008392334,21.82999992370605,21.82999992370605,24453600,1381.9599609375
2006-11-28,21.850000381469727,22.09000015258789,21.61000061035156,21.93000030517578,21.93000030517578,15159400,1386.719970703125
2006-11-29,22.149999618530277,22.190000534057617,21.32999992370605,21.40999984741211,21.40999984741211,21208700,1399.47998046875
2006-11-30,21.530000686645508,21.940000534057617,21.1200008392334,21.56999969482422,21.56999969482422,23809500,1400.6300048828125
2006-12-01,21.299999237060547,21.530000686645508,20.40999984741211,20.690000534057617,20.690000534057617,32273900,1396.7099609375
2006-12-04,21.0,21.32999992370605,20.649999618530277,21.040000915527344,21.040000915527344,17967300,1409.1199951171875
2006-12-05,21.040000915527344,21.489999771118164,21.040000915527344,21.34000015258789,21.34000015258789,16962900,1414.760009765625
2006-12-06,21.18000030517578,21.59000015258789,21.06999969482422,21.489999771118164,21.489999771118164,17056000,1412.9000244140625
2006-12-07,21.530000686645508,21.729999542236328,21.030000686645508,21.049999237060547,21.049999237060547,17665500,1407.2900390625
2006-12-08,21.01000022888184,21.149999618530277,20.690000534057617,20.93000030517578,20.93000030517578,19635000,1409.8399658203125
2006-12-11,21.020000457763672,21.09000015258789,20.61000061035156,20.690000534057617,20.690000534057617,15527600,1413.0400390625
2006-12-12,20.6200008392334,20.790000915527344,20.3700008392334,20.46999931335449,20.46999931335449,16091800,1411.56005859375
2006-12-13,20.57999992370605,20.739999771118164,19.899999618530277,20.170000076293945,20.170000076293945,28031200,1413.2099609375
2006-12-14,20.21999931335449,22.799999237060547,20.21999931335449,22.709999084472656,22.709999084472656,76120200,1425.489990234375
2006-12-15,22.950000762939453,23.0,22.020000457763672,22.1200008392334,22.1200008392334,34431000,1427.0899658203125
2006-12-18,22.049999237060547,22.209999084472656,21.71999931335449,21.96999931335449,21.96999931335449,24239800,1422.47998046875
2006-12-19,21.82999992370605,22.01000022888184,21.600000381469727,21.63999938964844,21.63999938964844,19482700,1425.550048828125
2006-12-20,21.61000061035156,21.989999771118164,21.61000061035156,21.850000381469727,21.850000381469727,11292300,1423.530029296875
2006-12-21,21.96999931335449,22.0,20.90999984741211,20.950000762939453,20.950000762939453,22505600,1418.300048828125
2006-12-22,21.0,21.200000762939453,20.68000030517578,20.770000457763672,20.770000457763672,10634200,1410.760009765625
2006-12-26,20.88999938964844,20.88999938964844,20.450000762939453,20.600000381469727,20.600000381469727,7190700,1416.9000244140625
2006-12-27,20.709999084472656,20.84000015258789,20.5,20.700000762939453,20.700000762939453,9919300,1426.8399658203125
2006-12-28,20.559999465942383,20.75,20.520000457763672,20.56999969482422,20.56999969482422,8023900,1424.72998046875
2006-12-29,20.5,20.729999542236328,20.299999237060547,20.350000381469727,20.350000381469727,11594000,1418.300048828125
2007-01-03,20.07999992370605,20.399999618530277,19.350000381469727,19.520000457763672,19.520000457763672,28350300,1416.5999755859375
2007-01-04,19.65999984741211,19.86000061035156,19.31999969482422,19.790000915527344,19.790000915527344,23652500,1418.3399658203125
2007-01-05,19.540000915527344,19.90999984741211,19.540000915527344,19.709999084472656,19.709999084472656,15902400,1409.7099609375
2007-01-08,19.709999084472656,19.86000061035156,19.3700008392334,19.46999931335449,19.46999931335449,15814800,1412.8399658203125
2007-01-09,19.450000762939453,19.709999084472656,19.3700008392334,19.649999618530277,19.649999618530277,14494200,1412.1099853515625
2007-01-10,19.63999938964844,20.020000457763672,19.5,20.01000022888184,20.01000022888184,19783200,1414.8499755859375
2007-01-11,19.799999237060547,20.6299991607666,19.799999237060547,20.18000030517578,20.18000030517578,23135700,1423.8199462890625
2007-01-12,18.6299991607666,18.770000457763672,17.6200008392334,18.26000022888184,18.26000022888184,123328200,1430.72998046875
2007-01-16,18.149999618530277,18.350000381469727,17.950000762939453,18.1299991607666,18.1299991607666,37697200,1431.9000244140625
2007-01-17,17.899999618530273,18.280000686645508,17.899999618530273,18.200000762939453,18.200000762939453,21415000,1430.6199951171875
2007-01-18,18.06999969482422,18.18000030517578,17.760000228881836,17.920000076293945,17.920000076293945,21712500,1426.3699951171875
2007-01-19,17.809999465942383,17.979999542236328,17.65999984741211,17.729999542236328,17.729999542236328,22764400,1430.5
2007-01-22,17.59000015258789,17.639999389648438,17.260000228881836,17.530000686645508,17.530000686645508,24494900,1422.949951171875
2007-01-23,17.600000381469727,17.700000762939453,17.3700008392334,17.510000228881836,17.510000228881836,25341200,1427.989990234375
2007-01-24,16.239999771118164,16.450000762939453,15.93000030517578,16.030000686645508,16.030000686645508,74633800,1440.1300048828125
2007-01-25,16.139999389648438,16.40999984741211,16.0,16.049999237060547,16.049999237060547,30902100,1423.9000244140625
2007-01-26,16.149999618530273,16.270000457763672,16.010000228881836,16.219999313354492,16.219999313354492,28649600,1422.1800537109375
2007-01-29,16.209999084472656,16.229999542236328,15.850000381469728,15.949999809265137,15.949999809265137,30040100,1420.6199951171875
2007-01-30,16.0,16.0,15.649999618530272,15.789999961853027,15.789999961853027,20399500,1428.8199462890625
2007-01-31,15.829999923706056,15.890000343322754,15.520000457763672,15.550000190734863,15.550000190734863,30280100,1438.239990234375
2007-02-01,15.649999618530272,15.850000381469728,15.56999969482422,15.770000457763672,15.770000457763672,23450600,1445.93994140625
2007-02-02,15.899999618530272,15.90999984741211,15.65999984741211,15.6899995803833,15.6899995803833,20216200,1448.3900146484375
2007-02-05,15.739999771118164,15.800000190734863,15.520000457763672,15.600000381469728,15.600000381469728,18451700,1446.989990234375
2007-02-06,15.619999885559082,15.670000076293944,15.130000114440918,15.31999969482422,15.31999969482422,31872900,1448.0
2007-02-07,15.390000343322754,15.550000190734863,15.359999656677246,15.5,15.5,17258300,1450.02001953125
2007-02-08,15.399999618530272,15.460000038146973,15.109999656677246,15.130000114440918,15.130000114440918,24673000,1448.31005859375
2007-02-09,15.220000267028809,15.260000228881836,14.800000190734863,14.899999618530272,14.899999618530272,30651800,1438.06005859375
2007-02-12,14.960000038146973,15.010000228881836,14.65999984741211,14.6899995803833,14.6899995803833,20472600,1433.3699951171875
2007-02-13,14.75,14.859999656677246,14.470000267028809,14.600000381469728,14.600000381469728,17824500,1444.260009765625
2007-02-14,14.649999618530272,15.130000114440918,14.609999656677246,14.949999809265137,14.949999809265137,31912700,1455.300048828125
2007-02-15,15.010000228881836,15.020000457763672,14.75,14.829999923706056,14.829999923706056,15886100,1456.81005859375
2007-02-16,14.800000190734863,15.0,14.699999809265137,14.9399995803833,14.9399995803833,15951200,1455.5400390625
2007-02-20,14.93000030517578,15.010000228881836,14.699999809265137,14.920000076293944,14.920000076293944,21961300,1459.6800537109375
2007-02-21,14.829999923706056,14.850000381469728,14.520000457763672,14.5600004196167,14.5600004196167,23986900,1457.6300048828125
2007-02-22,14.65999984741211,14.699999809265137,14.43000030517578,14.539999961853027,14.539999961853027,26771700,1456.3800048828125
2007-02-23,14.59000015258789,14.760000228881836,14.59000015258789,14.6899995803833,14.6899995803833,22884800,1451.18994140625
2007-02-26,14.829999923706056,15.729999542236328,14.800000190734863,15.68000030517578,15.68000030517578,65831500,1449.3699951171875
2007-02-27,15.350000381469728,15.4399995803833,14.859999656677246,15.079999923706056,15.079999923706056,43273800,1399.0400390625
2007-02-28,15.300000190734863,15.300000190734863,14.960000038146973,15.06999969482422,15.06999969482422,32605500,1406.8199462890625
2007-03-01,14.760000228881836,14.979999542236328,14.760000228881836,14.789999961853027,14.789999961853027,25736300,1403.1700439453125
2007-03-02,14.6899995803833,14.739999771118164,14.130000114440918,14.18000030517578,14.18000030517578,49779200,1387.1700439453125
2007-03-05,13.600000381469728,14.0,13.529999732971191,13.949999809265137,13.949999809265137,32175300,1374.1199951171875
2007-03-06,14.18000030517578,14.350000381469728,14.020000457763672,14.09000015258789,14.09000015258789,17971300,1395.4100341796875
2007-03-07,14.020000457763672,14.220000267028809,13.899999618530272,14.100000381469728,14.100000381469728,21556900,1391.969970703125
2007-03-08,14.199999809265137,14.270000457763672,13.960000038146973,14.1899995803833,14.1899995803833,21157000,1401.8900146484375
2007-03-09,14.260000228881836,14.329999923706056,14.130000114440918,14.199999809265137,14.199999809265137,19111200,1402.8399658203125
2007-03-12,14.09000015258789,14.270000457763672,14.039999961853027,14.170000076293944,14.170000076293944,14612100,1406.5999755859375
2007-03-13,14.039999961853027,14.119999885559082,13.760000228881836,13.9399995803833,13.9399995803833,23148300,1377.949951171875
2007-03-14,13.81999969482422,14.170000076293944,13.699999809265137,14.130000114440918,14.130000114440918,25332800,1387.1700439453125
2007-03-15,14.09000015258789,14.229999542236328,13.920000076293944,13.93000030517578,13.93000030517578,14533000,1392.280029296875
2007-03-16,14.0,14.15999984741211,13.84000015258789,14.010000228881836,14.010000228881836,20088500,1386.949951171875
2007-03-19,14.010000228881836,14.010000228881836,13.65999984741211,13.720000267028809,13.720000267028809,16415900,1402.06005859375
2007-03-20,13.699999809265137,13.739999771118164,13.359999656677246,13.40999984741211,13.40999984741211,25378000,1410.93994140625
2007-03-21,13.449999809265137,14.050000190734863,13.369999885559082,13.600000381469728,13.600000381469728,48964200,1435.0400390625
2007-03-22,13.649999618530272,13.760000228881836,13.31999969482422,13.350000381469728,13.350000381469728,28363400,1434.5400390625
2007-03-23,13.350000381469728,13.619999885559082,13.350000381469728,13.5,13.5,14155900,1436.1099853515625
2007-03-26,13.550000190734863,13.729999542236328,13.40999984741211,13.550000190734863,13.550000190734863,14069900,1437.5
2007-03-27,13.5600004196167,13.65999984741211,13.470000267028809,13.5,13.5,13302100,1428.6099853515625
2007-03-28,13.449999809265137,13.5,13.380000114440918,13.380000114440918,13.380000114440918,17688300,1417.22998046875
2007-03-29,13.449999809265137,13.460000038146973,12.960000038146973,13.079999923706056,13.079999923706056,28354400,1422.530029296875
2007-03-30,13.09000015258789,13.18000030517578,12.970000267028809,13.0600004196167,13.0600004196167,18148200,1420.8599853515625
2007-04-02,13.079999923706056,13.09000015258789,12.8100004196167,12.829999923706056,12.829999923706056,16599600,1424.550048828125
2007-04-03,12.859999656677246,13.0,12.710000038146973,12.899999618530272,12.899999618530272,18179500,1437.77001953125
2007-04-04,12.8100004196167,12.869999885559082,12.670000076293944,12.710000038146973,12.710000038146973,15527600,1439.3699951171875
2007-04-05,12.68000030517578,12.869999885559082,12.600000381469728,12.859999656677246,12.859999656677246,13956400,1443.760009765625
2007-04-09,13.399999618530272,13.609999656677246,13.130000114440918,13.350000381469728,13.350000381469728,52559000,1444.6099853515625
2007-04-10,13.40999984741211,13.539999961853027,13.199999809265137,13.270000457763672,13.270000457763672,31496400,1448.3900146484375
2007-04-11,13.260000228881836,13.380000114440918,13.149999618530272,13.1899995803833,13.1899995803833,26197800,1438.8699951171875
2007-04-12,13.25,13.6899995803833,13.239999771118164,13.65999984741211,13.65999984741211,30963900,1447.800048828125
2007-04-13,13.779999732971191,13.789999961853027,13.350000381469728,13.56999969482422,13.56999969482422,29108700,1452.8499755859375
2007-04-16,13.600000381469728,13.649999618530272,13.369999885559082,13.520000457763672,13.520000457763672,22926000,1468.3299560546875
2007-04-17,13.479999542236328,13.619999885559082,13.40999984741211,13.470000267028809,13.470000267028809,15411600,1471.47998046875
2007-04-18,13.420000076293944,14.130000114440918,13.40999984741211,13.90999984741211,13.90999984741211,36476900,1472.5
2007-04-19,13.90999984741211,14.670000076293944,13.869999885559082,14.279999732971191,14.279999732971191,56775000,1470.72998046875
2007-04-20,14.56999969482422,14.75,13.68000030517578,14.15999984741211,14.15999984741211,51110400,1484.3499755859375
2007-04-23,14.029999732971191,14.229999542236328,13.970000267028809,14.039999961853027,14.039999961853027,27913800,1480.9300537109375
2007-04-24,13.760000228881836,14.65999984741211,13.600000381469728,14.56999969482422,14.56999969482422,123830100,1480.4100341796875
2007-04-25,14.59000015258789,14.729999542236328,14.399999618530272,14.649999618530272,14.649999618530272,38742700,1495.4200439453125
2007-04-26,14.699999809265137,14.699999809265137,14.380000114440918,14.5,14.5,25734500,1494.25
2007-04-27,14.329999923706056,14.449999809265137,14.210000038146973,14.31999969482422,14.31999969482422,23396100,1494.0699462890625
2007-04-30,14.270000457763672,14.279999732971191,13.8100004196167,13.81999969482422,13.81999969482422,20980200,1482.3699951171875
2007-05-01,13.859999656677246,13.960000038146973,13.449999809265137,13.539999961853027,13.539999961853027,27744200,1486.300048828125
2007-05-02,13.619999885559082,13.739999771118164,13.350000381469728,13.630000114440918,13.630000114440918,31601900,1495.9200439453125
2007-05-03,13.93000030517578,14.0600004196167,13.649999618530272,13.6899995803833,13.6899995803833,23494500,1502.3900146484375
2007-05-04,13.789999961853027,13.800000190734863,13.479999542236328,13.529999732971191,13.529999732971191,15284100,1505.6199951171875
2007-05-07,13.579999923706056,13.649999618530272,13.270000457763672,13.279999732971191,13.279999732971191,20101800,1509.47998046875
2007-05-08,13.270000457763672,13.300000190734863,13.0,13.18000030517578,13.18000030517578,25046900,1507.719970703125
2007-05-09,13.109999656677246,13.59000015258789,13.029999732971191,13.56999969482422,13.56999969482422,24983300,1512.5799560546875
2007-05-10,13.479999542236328,14.140000343322754,13.420000076293944,14.050000190734863,14.050000190734863,52887800,1491.469970703125
2007-05-11,14.15999984741211,14.6899995803833,14.100000381469728,14.68000030517578,14.68000030517578,43421700,1505.8499755859375
2007-05-14,14.9399995803833,15.43000030517578,14.84000015258789,15.359999656677246,15.359999656677246,49408800,1503.1500244140625
2007-05-15,15.550000190734863,15.75,15.260000228881836,15.399999618530272,15.399999618530272,41447400,1501.18994140625
2007-05-16,15.359999656677246,15.630000114440918,15.170000076293944,15.579999923706056,15.579999923706056,28041200,1514.1400146484375
2007-05-17,15.619999885559082,15.949999809265137,15.399999618530272,15.43000030517578,15.43000030517578,29236300,1512.75
2007-05-18,15.539999961853027,15.75,15.289999961853027,15.59000015258789,15.59000015258789,26442100,1522.75
2007-05-21,15.630000114440918,15.770000457763672,15.390000343322754,15.43000030517578,15.43000030517578,24534400,1525.0999755859375
2007-05-22,15.479999542236328,15.600000381469728,15.100000381469728,15.420000076293944,15.420000076293944,22971600,1524.1199951171875
2007-05-23,15.3100004196167,15.460000038146973,15.15999984741211,15.210000038146973,15.210000038146973,17842600,1522.280029296875
2007-05-24,15.15999984741211,15.25,14.8100004196167,14.880000114440918,14.880000114440918,20696900,1507.510009765625
2007-05-25,15.010000228881836,15.029999732971191,14.59000015258789,14.760000228881836,14.760000228881836,22946000,1515.72998046875
2007-05-29,14.970000267028809,15.0,14.40999984741211,14.600000381469728,14.600000381469728,23393400,1518.1099853515625
2007-05-30,14.359999656677246,14.479999542236328,14.220000267028809,14.369999885559082,14.369999885559082,19121200,1530.22998046875
2007-05-31,14.43000030517578,14.43000030517578,14.239999771118164,14.270000457763672,14.270000457763672,14011200,1530.6199951171875
2007-06-01,14.300000190734863,14.619999885559082,14.270000457763672,14.3100004196167,14.3100004196167,17752400,1536.3399658203125
2007-06-04,14.25,14.399999618530272,14.109999656677246,14.170000076293944,14.170000076293944,19526200,1539.1800537109375
2007-06-05,14.06999969482422,14.149999618530272,13.84000015258789,13.979999542236328,13.979999542236328,25919700,1530.949951171875
2007-06-06,13.859999656677246,13.859999656677246,13.59000015258789,13.630000114440918,13.630000114440918,25617800,1517.3800048828125
2007-06-07,13.5600004196167,14.020000457763672,13.5600004196167,13.68000030517578,13.68000030517578,34513200,1490.719970703125
2007-06-08,13.770000457763672,14.170000076293944,13.729999542236328,14.06999969482422,14.06999969482422,42600900,1507.6700439453125
2007-06-11,14.119999885559082,14.25,13.81999969482422,13.90999984741211,13.90999984741211,22635000,1509.1199951171875
2007-06-12,13.75,14.100000381469728,13.729999542236328,13.800000190734863,13.800000190734863,25684300,1493.0
2007-06-13,13.859999656677246,14.050000190734863,13.75,13.960000038146973,13.960000038146973,20365200,1515.6700439453125
2007-06-14,13.970000267028809,14.029999732971191,13.710000038146973,13.779999732971191,13.779999732971191,21391800,1522.969970703125
2007-06-15,13.850000381469728,13.949999809265137,13.529999732971191,13.630000114440918,13.630000114440918,24796900,1532.9100341796875
2007-06-18,13.649999618530272,13.649999618530272,13.5,13.510000228881836,13.510000228881836,18449200,1531.050048828125
2007-06-19,13.479999542236328,13.630000114440918,13.279999732971191,13.56999969482422,13.56999969482422,24860900,1533.699951171875
2007-06-20,13.550000190734863,13.81999969482422,13.510000228881836,13.640000343322754,13.640000343322754,31036600,1512.8399658203125
2007-06-21,13.890000343322754,14.880000114440918,13.829999923706056,14.720000267028809,14.720000267028809,57709500,1522.18994140625
2007-06-22,14.6899995803833,14.84000015258789,14.390000343322754,14.56999969482422,14.56999969482422,28412700,1502.56005859375
2007-06-25,14.68000030517578,14.75,14.199999809265137,14.279999732971191,14.279999732971191,21723200,1497.739990234375
2007-06-26,14.380000114440918,14.4399995803833,14.050000190734863,14.18000030517578,14.18000030517578,17507600,1492.8900146484375
2007-06-27,14.09000015258789,14.640000343322754,14.06999969482422,14.579999923706056,14.579999923706056,25102400,1506.3399658203125
2007-06-28,14.739999771118164,14.829999923706056,14.489999771118164,14.489999771118164,14.489999771118164,18196200,1505.7099609375
2007-06-29,14.56999969482422,14.609999656677246,14.260000228881836,14.300000190734863,14.300000190734863,21023600,1503.3499755859375
2007-07-02,14.260000228881836,14.40999984741211,14.119999885559082,14.359999656677246,14.359999656677246,17224400,1519.4300537109375
2007-07-03,14.380000114440918,14.489999771118164,14.239999771118164,14.359999656677246,14.359999656677246,7586700,1524.8699951171875
2007-07-05,14.420000076293944,14.449999809265137,14.109999656677246,14.1899995803833,14.1899995803833,16622700,1525.4000244140625
2007-07-06,14.239999771118164,14.479999542236328,14.18000030517578,14.390000343322754,14.390000343322754,20035600,1530.43994140625
2007-07-09,14.529999732971191,14.760000228881836,14.420000076293944,14.56999969482422,14.56999969482422,19785700,1531.8499755859375
2007-07-10,14.5,14.649999618530272,14.420000076293944,14.43000030517578,14.43000030517578,18283600,1510.1199951171875
2007-07-11,14.460000038146973,14.739999771118164,14.34000015258789,14.649999618530272,14.649999618530272,24004300,1518.760009765625
2007-07-12,14.850000381469728,15.399999618530272,14.649999618530272,15.359999656677246,15.359999656677246,40924700,1547.699951171875
2007-07-13,15.420000076293944,15.5,15.149999618530272,15.43000030517578,15.43000030517578,20537200,1552.5
2007-07-16,15.449999809265137,15.9399995803833,15.399999618530272,15.720000267028809,15.720000267028809,32994600,1549.52001953125
2007-07-17,15.850000381469728,15.960000038146973,15.609999656677246,15.84000015258789,15.84000015258789,25781600,1549.3699951171875
2007-07-18,15.449999809265137,15.65999984741211,15.020000457763672,15.460000038146973,15.460000038146973,39567000,1546.1700439453125
2007-07-19,15.68000030517578,15.850000381469728,15.449999809265137,15.779999732971191,15.779999732971191,49401600,1553.0799560546875
2007-07-20,16.149999618530273,16.190000534057617,15.40999984741211,15.5,15.5,42602500,1534.0999755859375
2007-07-23,15.510000228881836,15.649999618530272,15.119999885559082,15.359999656677246,15.359999656677246,21801000,1541.5699462890625
2007-07-24,15.229999542236328,15.40999984741211,15.050000190734863,15.210000038146973,15.210000038146973,30927700,1511.0400390625
2007-07-25,15.380000114440918,15.6899995803833,15.260000228881836,15.579999923706056,15.579999923706056,39433800,1518.0899658203125
2007-07-26,15.4399995803833,15.609999656677246,14.329999923706056,14.729999542236328,14.729999542236328,56258900,1482.6600341796875
2007-07-27,14.760000228881836,14.760000228881836,13.84000015258789,13.869999885559082,13.869999885559082,51121900,1458.949951171875
2007-07-30,14.020000457763672,14.079999923706056,13.5600004196167,13.789999961853027,13.789999961853027,28868700,1473.9100341796875
2007-07-31,13.970000267028809,13.989999771118164,13.390000343322754,13.539999961853027,13.539999961853027,38820700,1455.27001953125
2007-08-01,13.479999542236328,13.630000114440918,13.029999732971191,13.40999984741211,13.40999984741211,28455500,1465.81005859375
2007-08-02,13.489999771118164,13.600000381469728,13.300000190734863,13.399999618530272,13.399999618530272,20601900,1472.199951171875
2007-08-03,13.359999656677246,13.43000030517578,12.850000381469728,12.850000381469728,12.850000381469728,25624100,1433.06005859375
2007-08-06,12.90999984741211,12.920000076293944,12.380000114440918,12.770000457763672,12.770000457763672,39626700,1467.6700439453125
2007-08-07,12.65999984741211,12.800000190734863,12.380000114440918,12.630000114440918,12.630000114440918,27107800,1476.7099609375
2007-08-08,12.81999969482422,13.600000381469728,12.699999809265137,13.420000076293944,13.420000076293944,33972500,1497.489990234375
2007-08-09,12.899999618530272,13.359999656677246,12.859999656677246,13.079999923706056,13.079999923706056,61830100,1453.0899658203125
2007-08-10,12.960000038146973,13.1899995803833,12.770000457763672,13.010000228881836,13.010000228881836,26582900,1453.6400146484375
2007-08-13,13.220000267028809,13.220000267028809,12.760000228881836,12.84000015258789,12.84000015258789,21435200,1452.9200439453125
2007-08-14,12.869999885559082,12.920000076293944,12.449999809265137,12.539999961853027,12.539999961853027,21886200,1426.5400390625
2007-08-15,12.449999809265137,12.539999961853027,11.850000381469728,11.949999809265137,11.949999809265137,47123500,1406.699951171875
2007-08-16,11.859999656677246,11.899999618530272,11.270000457763672,11.640000343322754,11.640000343322754,36549800,1411.27001953125
2007-08-17,12.039999961853027,12.170000076293944,11.710000038146973,11.890000343322754,11.890000343322754,29195600,1445.93994140625
2007-08-20,12.050000190734863,12.260000228881836,11.84000015258789,12.100000381469728,12.100000381469728,23966200,1445.550048828125
2007-08-21,12.170000076293944,12.260000228881836,12.06999969482422,12.170000076293944,12.170000076293944,15148200,1447.1199951171875
2007-08-22,12.25,12.4399995803833,11.960000038146973,12.010000228881836,12.010000228881836,27556500,1464.0699462890625
2007-08-23,11.979999542236328,12.239999771118164,11.81999969482422,12.0600004196167,12.0600004196167,24604300,1462.5
2007-08-24,12.0600004196167,12.130000114440918,11.920000076293944,12.130000114440918,12.130000114440918,12585800,1479.3699951171875
2007-08-27,12.079999923706056,12.25,11.949999809265137,11.979999542236328,11.979999542236328,14464100,1466.7900390625
2007-08-28,11.899999618530272,12.050000190734863,11.65999984741211,11.65999984741211,11.65999984741211,14793800,1432.3599853515625
2007-08-29,11.760000228881836,12.31999969482422,11.729999542236328,12.300000190734863,12.300000190734863,24718800,1463.760009765625
2007-08-30,12.130000114440918,12.779999732971191,12.020000457763672,12.420000076293944,12.420000076293944,30309800,1457.6400146484375
2007-08-31,12.720000267028809,13.039999961853027,12.5600004196167,13.0,13.0,27658300,1473.989990234375
2007-09-04,13.170000076293944,13.4399995803833,13.0600004196167,13.170000076293944,13.170000076293944,29039800,1489.4200439453125
2007-09-05,13.149999618530272,13.229999542236328,12.75,12.899999618530272,12.899999618530272,18668800,1472.2900390625
2007-09-06,12.949999809265137,13.100000381469728,12.75,12.9399995803833,12.9399995803833,12501300,1478.550048828125
2007-09-07,12.75,12.8100004196167,12.550000190734863,12.609999656677246,12.609999656677246,13349800,1453.550048828125
2007-09-10,12.920000076293944,13.109999656677246,12.68000030517578,12.9399995803833,12.9399995803833,32134000,1451.699951171875
2007-09-11,13.0600004196167,13.09000015258789,12.859999656677246,12.970000267028809,12.970000267028809,20305100,1471.489990234375
2007-09-12,12.949999809265137,13.130000114440918,12.760000228881836,12.829999923706056,12.829999923706056,19090300,1471.56005859375
2007-09-13,12.90999984741211,12.920000076293944,12.649999618530272,12.729999542236328,12.729999542236328,14591400,1483.949951171875
2007-09-14,12.600000381469728,12.789999961853027,12.56999969482422,12.6899995803833,12.6899995803833,12684000,1484.25
2007-09-17,12.850000381469728,12.960000038146973,12.699999809265137,12.84000015258789,12.84000015258789,14869000,1476.6500244140625
2007-09-18,12.920000076293944,13.359999656677246,12.850000381469728,13.300000190734863,13.300000190734863,28627000,1519.780029296875
2007-09-19,13.40999984741211,13.529999732971191,13.010000228881836,13.100000381469728,13.100000381469728,28029800,1529.030029296875
2007-09-20,13.09000015258789,13.520000457763672,13.050000190734863,13.350000381469728,13.350000381469728,22660400,1518.75
2007-09-21,13.43000030517578,13.479999542236328,13.1899995803833,13.239999771118164,13.239999771118164,15336800,1525.75
2007-09-24,13.34000015258789,13.550000190734863,13.25,13.479999542236328,13.479999542236328,28916500,1517.72998046875
2007-09-25,13.399999618530272,13.899999618530272,13.34000015258789,13.8100004196167,13.8100004196167,21341200,1517.2099609375
2007-09-26,13.899999618530272,13.920000076293944,13.6899995803833,13.75,13.75,16308800,1525.4200439453125
2007-09-27,13.760000228881836,13.770000457763672,13.220000267028809,13.279999732971191,13.279999732971191,29042300,1531.3800048828125
2007-09-28,13.25,13.390000343322754,13.119999885559082,13.199999809265137,13.199999809265137,16158400,1526.75
2007-10-01,13.25,13.449999809265137,13.149999618530272,13.229999542236328,13.229999542236328,18374300,1547.0400390625
2007-10-02,13.079999923706056,13.220000267028809,13.0,13.199999809265137,13.199999809265137,19151900,1546.6300048828125
2007-10-03,12.970000267028809,13.289999961853027,12.800000190734863,13.229999542236328,13.229999542236328,32015100,1539.5899658203125
2007-10-04,13.260000228881836,13.420000076293944,13.130000114440918,13.350000381469728,13.350000381469728,16187200,1542.8399658203125
2007-10-05,13.40999984741211,13.899999618530272,13.369999885559082,13.630000114440918,13.630000114440918,21874300,1557.5899658203125
2007-10-08,13.550000190734863,13.84000015258789,13.520000457763672,13.630000114440918,13.630000114440918,9863100,1552.5799560546875
2007-10-09,13.670000076293944,13.81999969482422,13.5,13.789999961853027,13.789999961853027,15169700,1565.1500244140625
2007-10-10,13.84000015258789,14.0600004196167,13.6899995803833,14.020000457763672,14.020000457763672,32143000,1562.469970703125
2007-10-11,14.100000381469728,14.229999542236328,13.619999885559082,13.800000190734863,13.800000190734863,28395300,1554.4100341796875
2007-10-12,13.710000038146973,14.149999618530272,13.710000038146973,13.9399995803833,13.9399995803833,16004200,1561.800048828125
2007-10-15,13.899999618530272,14.0600004196167,13.8100004196167,13.979999542236328,13.979999542236328,13329800,1548.7099609375
2007-10-16,13.899999618530272,14.239999771118164,13.84000015258789,13.960000038146973,13.960000038146973,19924600,1538.530029296875
2007-10-17,14.369999885559082,14.470000267028809,13.979999542236328,14.109999656677246,14.109999656677246,23021100,1541.239990234375
2007-10-18,14.020000457763672,14.729999542236328,13.949999809265137,14.550000190734863,14.550000190734863,43934900,1540.0799560546875
2007-10-19,14.489999771118164,14.5,13.619999885559082,13.800000190734863,13.800000190734863,45753200,1500.6300048828125
2007-10-22,13.600000381469728,13.899999618530272,13.5,13.75,13.75,17900600,1506.3299560546875
2007-10-23,13.829999923706056,13.850000381469728,13.520000457763672,13.729999542236328,13.729999542236328,14955500,1519.5899658203125
2007-10-24,13.5,13.579999923706056,12.899999618530272,13.119999885559082,13.119999885559082,28084300,1515.8800048828125
2007-10-25,13.220000267028809,13.220000267028809,12.550000190734863,12.75,12.75,22462000,1514.4000244140625
2007-10-26,12.9399995803833,13.09000015258789,12.760000228881836,12.890000343322754,12.890000343322754,12883400,1535.280029296875
2007-10-29,12.979999542236328,13.149999618530272,12.859999656677246,12.880000114440918,12.880000114440918,9567600,1540.97998046875
2007-10-30,12.899999618530272,13.149999618530272,12.899999618530272,13.0,13.0,10554100,1531.02001953125
2007-10-31,13.079999923706056,13.140000343322754,12.949999809265137,13.079999923706056,13.079999923706056,10160200,1549.3800048828125
2007-11-01,12.989999771118164,13.039999961853027,12.75,12.800000190734863,12.800000190734863,13239100,1508.43994140625
2007-11-02,12.960000038146973,13.220000267028809,12.68000030517578,13.170000076293944,13.170000076293944,14414800,1509.6500244140625
2007-11-05,13.0600004196167,13.5600004196167,12.960000038146973,13.420000076293944,13.420000076293944,21880600,1502.1700439453125
2007-11-06,13.449999809265137,13.800000190734863,13.34000015258789,13.43000030517578,13.43000030517578,18324100,1520.27001953125
2007-11-07,13.140000343322754,13.449999809265137,13.0,13.010000228881836,13.010000228881836,18291100,1475.6199951171875
2007-11-08,13.039999961853027,13.390000343322754,12.050000190734863,12.510000228881836,12.510000228881836,28899600,1474.77001953125
2007-11-09,12.18000030517578,12.649999618530272,12.079999923706056,12.369999885559082,12.369999885559082,17228600,1453.699951171875
2007-11-12,12.31999969482422,12.43000030517578,11.920000076293944,11.949999809265137,11.949999809265137,17279000,1439.1800537109375
2007-11-13,12.109999656677246,12.449999809265137,12.010000228881836,12.399999618530272,12.399999618530272,14464500,1481.050048828125
2007-11-14,12.449999809265137,12.56999969482422,12.220000267028809,12.279999732971191,12.279999732971191,16327500,1470.5799560546875
2007-11-15,12.239999771118164,12.920000076293944,12.15999984741211,12.699999809265137,12.699999809265137,22450700,1451.1500244140625
2007-11-16,12.890000343322754,13.270000457763672,12.350000381469728,12.640000343322754,12.640000343322754,28141300,1458.739990234375
2007-11-19,12.539999961853027,12.609999656677246,12.029999732971191,12.06999969482422,12.06999969482422,18317700,1433.27001953125
2007-11-20,12.170000076293944,12.25,11.18000030517578,11.279999732971191,11.279999732971191,43147400,1439.699951171875
2007-11-21,11.149999618530272,11.5,10.520000457763672,10.829999923706056,10.829999923706056,34573300,1416.77001953125
2007-11-23,11.0,11.020000457763672,10.600000381469728,10.779999732971191,10.779999732971191,10338800,1440.699951171875
2007-11-26,10.829999923706056,10.920000076293944,10.210000038146973,10.270000457763672,10.270000457763672,26668300,1407.219970703125
2007-11-27,10.350000381469728,10.359999656677246,9.800000190734863,10.149999618530272,10.149999618530272,37828400,1428.22998046875
2007-11-28,10.239999771118164,10.489999771118164,10.149999618530272,10.350000381469728,10.350000381469728,15045700,1469.02001953125
2007-11-29,10.34000015258789,10.390000343322754,10.0,10.140000343322754,10.140000343322754,50739100,1469.719970703125
2007-11-30,10.239999771118164,10.300000190734863,9.649999618530272,9.760000228881836,9.760000228881836,35613300,1481.1400146484375
2007-12-03,9.81999969482422,9.899999618530272,9.619999885559082,9.65999984741211,9.65999984741211,23784900,1472.4200439453125
2007-12-04,9.600000381469728,9.640000343322754,9.220000267028809,9.25,9.25,28688300,1462.7900390625
2007-12-05,9.270000457763672,9.489999771118164,8.829999923706055,8.90999984741211,8.90999984741211,70387700,1485.010009765625
2007-12-06,8.949999809265137,9.130000114440918,8.859999656677246,9.06999969482422,9.06999969482422,30085200,1507.3399658203125
2007-12-07,9.079999923706056,9.079999923706056,8.789999961853027,9.050000190734863,9.050000190734863,27084300,1504.6600341796875
2007-12-10,9.119999885559082,9.34000015258789,9.050000190734863,9.18000030517578,9.18000030517578,23950700,1515.9599609375
2007-12-11,9.260000228881836,9.529999732971191,9.039999961853027,9.06999969482422,9.06999969482422,39730000,1477.6500244140625
2007-12-12,9.239999771118164,9.390000343322754,8.829999923706055,8.970000267028809,8.970000267028809,39039600,1486.5899658203125
2007-12-13,8.90999984741211,9.010000228881836,8.420000076293945,8.84000015258789,8.84000015258789,45747100,1488.4100341796875
2007-12-14,8.850000381469727,8.850000381469727,8.420000076293945,8.430000305175781,8.430000305175781,26747600,1467.949951171875
2007-12-17,8.399999618530273,8.420000076293945,7.929999828338623,7.949999809265137,7.949999809265137,29907600,1445.9000244140625
2007-12-18,8.069999694824219,8.100000381469727,7.619999885559082,7.679999828338623,7.679999828338623,39257600,1454.97998046875
2007-12-19,7.699999809265137,8.039999961853027,7.539999961853027,7.980000019073486,7.980000019073486,45774200,1453.0
2007-12-20,8.100000381469727,8.109999656677246,7.909999847412109,7.96999979019165,7.96999979019165,25323100,1460.1199951171875
2007-12-21,8.039999961853027,8.050000190734863,7.659999847412109,7.789999961853027,7.789999961853027,26836400,1484.4599609375
2007-12-24,7.78000020980835,7.880000114440918,7.679999828338623,7.769999980926514,7.769999980926514,9193800,1496.449951171875
2007-12-26,7.809999942779541,7.880000114440918,7.679999828338623,7.769999980926514,7.769999980926514,12431200,1497.6600341796875
2007-12-27,7.739999771118164,7.78000020980835,7.510000228881836,7.53000020980835,7.53000020980835,16497600,1476.27001953125
2007-12-28,7.550000190734863,7.579999923706055,7.300000190734863,7.320000171661377,7.320000171661377,18345200,1478.489990234375
2007-12-31,7.260000228881836,7.599999904632568,7.260000228881836,7.5,7.5,19668800,1468.3599853515625
2008-01-02,7.400000095367432,7.400000095367432,7.019999980926514,7.139999866485596,7.139999866485596,46057300,1447.1600341796875
2008-01-03,7.150000095367432,7.179999828338623,6.75,6.769999980926514,6.769999980926514,34787400,1447.1600341796875
2008-01-04,6.639999866485596,6.639999866485596,6.099999904632568,6.25,6.25,51476400,1411.6300048828125
2008-01-07,6.369999885559082,6.409999847412109,6.019999980926514,6.079999923706055,6.079999923706055,32111500,1416.1800537109375
2008-01-08,6.179999828338623,6.380000114440918,5.96999979019165,6.0,6.0,37271600,1390.18994140625
2008-01-09,6.059999942779541,6.059999942779541,5.309999942779541,5.53000020980835,5.53000020980835,50976000,1409.1300048828125
2008-01-10,5.519999980926514,6.0,5.420000076293945,5.960000038146973,5.960000038146973,55612700,1420.3299560546875
2008-01-11,6.070000171661377,6.440000057220459,6.019999980926514,6.25,6.25,41432000,1401.02001953125
2008-01-14,6.480000019073486,6.539999961853027,6.25,6.409999847412109,6.409999847412109,30007200,1416.25
2008-01-15,6.28000020980835,6.349999904632568,6.010000228881836,6.119999885559082,6.119999885559082,30309700,1380.949951171875
2008-01-16,5.889999866485596,6.909999847412109,5.800000190734863,6.570000171661377,6.570000171661377,52425800,1373.199951171875
2008-01-17,6.699999809265137,6.920000076293945,6.21999979019165,6.340000152587891,6.340000152587891,40337800,1333.25
2008-01-18,6.849999904632568,7.150000095367432,6.800000190734863,7.070000171661377,7.070000171661377,60464000,1325.18994140625
2008-01-22,6.570000171661377,7.090000152587891,6.570000171661377,6.829999923706055,6.829999923706055,28519600,1310.5
2008-01-23,6.650000095367432,7.590000152587891,6.599999904632568,7.559999942779541,7.559999942779541,45996900,1338.5999755859375
2008-01-24,7.730000019073486,7.789999961853027,7.429999828338623,7.579999923706055,7.579999923706055,33625400,1352.0699462890625
2008-01-25,7.659999847412109,7.78000020980835,7.070000171661377,7.150000095367432,7.150000095367432,30011500,1330.6099853515625
2008-01-28,7.099999904632568,7.489999771118164,6.980000019073486,7.460000038146973,7.460000038146973,20428500,1353.9599609375
2008-01-29,7.489999771118164,7.650000095367432,7.25,7.610000133514404,7.610000133514404,20649100,1362.300048828125
2008-01-30,7.599999904632568,7.75,7.449999809265137,7.610000133514404,7.610000133514404,21502100,1355.81005859375
2008-01-31,7.5,7.690000057220459,7.380000114440918,7.590000152587891,7.590000152587891,21174900,1378.550048828125
2008-02-01,7.78000020980835,8.029999732971191,7.599999904632568,8.0,8.0,26266400,1395.4200439453125
2008-02-04,8.069999694824219,8.079999923706055,7.800000190734863,7.920000076293945,7.920000076293945,16687900,1380.8199462890625
2008-02-05,7.769999980926514,7.860000133514404,7.210000038146973,7.210000038146973,7.210000038146973,28511300,1336.6400146484375
2008-02-06,7.380000114440918,7.380000114440918,6.679999828338623,6.739999771118164,6.739999771118164,29748700,1326.449951171875
2008-02-07,6.639999866485596,6.760000228881836,6.429999828338623,6.590000152587891,6.590000152587891,36182400,1336.9100341796875
2008-02-08,6.579999923706055,6.630000114440918,6.21999979019165,6.340000152587891,6.340000152587891,30758900,1331.2900390625
2008-02-11,6.360000133514404,6.420000076293945,6.230000019073486,6.28000020980835,6.28000020980835,23919500,1339.1300048828125
2008-02-12,6.400000095367432,6.610000133514404,6.309999942779541,6.409999847412109,6.409999847412109,25263700,1348.8599853515625
2008-02-13,6.489999771118164,6.71999979019165,6.46999979019165,6.699999809265137,6.699999809265137,21779100,1367.2099609375
2008-02-14,6.78000020980835,6.929999828338623,6.519999980926514,6.53000020980835,6.53000020980835,20940000,1348.8599853515625
2008-02-15,6.53000020980835,6.610000133514404,6.360000133514404,6.449999809265137,6.449999809265137,14219400,1349.989990234375
2008-02-19,6.639999866485596,6.739999771118164,6.489999771118164,6.5,6.5,16220600,1348.780029296875
2008-02-20,6.5,6.960000038146973,6.5,6.829999923706055,6.829999923706055,22695700,1360.030029296875
2008-02-21,6.880000114440918,7.179999828338623,6.880000114440918,6.960000038146973,6.960000038146973,26370300,1342.530029296875
2008-02-22,7.03000020980835,7.03000020980835,6.449999809265137,6.710000038146973,6.710000038146973,26522200,1353.1099853515625
2008-02-25,6.639999866485596,6.989999771118164,6.639999866485596,6.96999979019165,6.96999979019165,17599800,1371.800048828125
2008-02-26,6.949999809265137,7.190000057220459,6.860000133514404,7.130000114440918,7.130000114440918,21404800,1381.2900390625
2008-02-27,7.050000190734863,7.480000019073486,6.96999979019165,7.28000020980835,7.28000020980835,19430000,1380.02001953125
2008-02-28,7.170000076293945,7.25,6.909999847412109,7.019999980926514,7.019999980926514,17271300,1367.6800537109375
2008-02-29,6.980000019073486,7.340000152587891,6.96999979019165,7.210000038146973,7.210000038146973,27384500,1330.6300048828125
2008-03-03,7.210000038146973,7.210000038146973,6.630000114440918,6.760000228881836,6.760000228881836,33104000,1331.3399658203125
2008-03-04,6.659999847412109,6.78000020980835,6.380000114440918,6.760000228881836,6.760000228881836,31551500,1326.75
2008-03-05,6.849999904632568,7.039999961853027,6.75,6.840000152587891,6.840000152587891,22641800,1333.699951171875
2008-03-06,6.849999904632568,6.849999904632568,6.449999809265137,6.489999771118164,6.489999771118164,21429400,1304.3399658203125
2008-03-07,6.440000057220459,6.75,6.309999942779541,6.489999771118164,6.489999771118164,28821800,1293.3699951171875
2008-03-10,6.599999904632568,6.599999904632568,6.130000114440918,6.159999847412109,6.159999847412109,19869900,1273.3699951171875
2008-03-11,6.28000020980835,6.489999771118164,6.130000114440918,6.480000019073486,6.480000019073486,25491000,1320.6500244140625
2008-03-12,6.489999771118164,6.650000095367432,6.309999942779541,6.429999828338623,6.429999828338623,19031000,1308.77001953125
2008-03-13,6.329999923706055,6.78000020980835,6.309999942779541,6.730000019073486,6.730000019073486,23734900,1315.47998046875
2008-03-14,6.829999923706055,6.829999923706055,6.349999904632568,6.380000114440918,6.380000114440918,25336000,1288.1400146484375
2008-03-17,6.210000038146973,6.409999847412109,6.159999847412109,6.340000152587891,6.340000152587891,19283500,1276.5999755859375
2008-03-18,6.429999828338623,6.539999961853027,6.269999980926514,6.389999866485596,6.389999866485596,21990800,1330.739990234375
2008-03-19,6.429999828338623,6.449999809265137,6.110000133514404,6.150000095367432,6.150000095367432,19822600,1298.4200439453125
2008-03-20,6.110000133514404,6.21999979019165,6.070000171661377,6.110000133514404,6.110000133514404,25882800,1329.510009765625
2008-03-24,6.199999809265137,6.340000152587891,6.130000114440918,6.210000038146973,6.210000038146973,18015700,1349.8800048828125
2008-03-25,6.289999961853027,6.340000152587891,6.150000095367432,6.300000190734863,6.300000190734863,16347100,1352.989990234375
2008-03-26,6.269999980926514,6.300000190734863,6.119999885559082,6.21999979019165,6.21999979019165,16266700,1341.1300048828125
2008-03-27,6.329999923706055,6.329999923706055,6.159999847412109,6.159999847412109,6.159999847412109,11456800,1325.760009765625
2008-03-28,6.21999979019165,6.21999979019165,5.760000228881836,5.909999847412109,5.909999847412109,35744400,1315.219970703125
2008-03-31,5.820000171661377,6.019999980926514,5.78000020980835,5.889999866485596,5.889999866485596,18961800,1322.699951171875
2008-04-01,5.929999828338623,6.110000133514404,5.889999866485596,6.070000171661377,6.070000171661377,16203300,1370.1800537109375
2008-04-02,6.079999923706055,6.369999885559082,6.079999923706055,6.190000057220459,6.190000057220459,30141100,1367.530029296875
2008-04-03,6.159999847412109,6.289999961853027,6.150000095367432,6.260000228881836,6.260000228881836,39533000,1369.31005859375
2008-04-04,6.239999771118164,6.329999923706055,6.159999847412109,6.230000019073486,6.230000019073486,21184100,1370.4000244140625
2008-04-07,6.309999942779541,6.46999979019165,6.269999980926514,6.340000152587891,6.340000152587891,25995100,1372.5400390625
2008-04-08,6.110000133514404,6.179999828338623,5.949999809265137,6.03000020980835,6.03000020980835,61778900,1365.5400390625
2008-04-09,6.090000152587891,6.300000190734863,5.980000019073486,6.260000228881836,6.260000228881836,26884100,1354.489990234375
2008-04-10,6.269999980926514,6.480000019073486,6.230000019073486,6.269999980926514,6.269999980926514,21680200,1360.550048828125
2008-04-11,6.210000038146973,6.289999961853027,5.96999979019165,6.010000228881836,6.010000228881836,22158500,1332.8299560546875
2008-04-14,6.059999942779541,6.090000152587891,5.829999923706055,5.860000133514404,5.860000133514404,19333100,1328.3199462890625
2008-04-15,5.909999847412109,5.909999847412109,5.610000133514404,5.78000020980835,5.78000020980835,22744000,1334.4300537109375
2008-04-16,5.929999828338623,6.170000076293945,5.829999923706055,6.070000171661377,6.070000171661377,26678700,1364.7099609375
2008-04-17,6.059999942779541,6.300000190734863,6.0,6.190000057220459,6.190000057220459,23814600,1365.56005859375
2008-04-18,6.380000114440918,6.389999866485596,5.980000019073486,6.110000133514404,6.110000133514404,34375600,1390.3299560546875
2008-04-21,6.099999904632568,6.139999866485596,5.949999809265137,6.139999866485596,6.139999866485596,14601100,1388.1700439453125
2008-04-22,6.139999866485596,6.139999866485596,5.929999828338623,5.960000038146973,5.960000038146973,14770500,1375.93994140625
2008-04-23,6.03000020980835,6.070000171661377,5.860000133514404,5.920000076293945,5.920000076293945,23275900,1379.9300537109375
2008-04-24,5.940000057220459,6.130000114440918,5.829999923706055,6.03000020980835,6.03000020980835,20086700,1388.8199462890625
2008-04-25,6.090000152587891,6.099999904632568,5.929999828338623,6.059999942779541,6.059999942779541,11075600,1397.8399658203125
2008-04-28,6.059999942779541,6.110000133514404,6.0,6.0,6.0,8014900,1396.3699951171875
2008-04-29,5.980000019073486,6.070000171661377,5.949999809265137,6.019999980926514,6.019999980926514,10695600,1390.93994140625
2008-04-30,6.039999961853027,6.070000171661377,5.929999828338623,5.960000038146973,5.960000038146973,14029700,1385.5899658203125
2008-05-01,5.980000019073486,6.289999961853027,5.96999979019165,6.21999979019165,6.21999979019165,19591800,1409.3399658203125
2008-05-02,6.28000020980835,6.340000152587891,6.090000152587891,6.159999847412109,6.159999847412109,16102500,1413.9000244140625
2008-05-05,6.159999847412109,6.590000152587891,6.110000133514404,6.53000020980835,6.53000020980835,41539000,1407.489990234375
2008-05-06,6.449999809265137,7.409999847412109,6.440000057220459,7.119999885559082,7.119999885559082,75533800,1418.260009765625
2008-05-07,7.150000095367432,7.269999980926514,6.860000133514404,6.909999847412109,6.909999847412109,26791200,1392.5699462890625
2008-05-08,6.989999771118164,7.239999771118164,6.670000076293945,6.929999828338623,6.929999828338623,30371400,1397.6800537109375
2008-05-09,6.900000095367432,7.059999942779541,6.730000019073486,6.940000057220459,6.940000057220459,15496100,1388.280029296875
2008-05-12,6.96999979019165,7.300000190734863,6.96999979019165,7.159999847412109,7.159999847412109,24085800,1403.5799560546875
2008-05-13,7.190000057220459,7.320000171661377,7.110000133514404,7.190000057220459,7.190000057220459,15153600,1403.0400390625
2008-05-14,7.260000228881836,7.420000076293945,7.099999904632568,7.159999847412109,7.159999847412109,24836900,1408.6600341796875
2008-05-15,7.170000076293945,7.420000076293945,7.159999847412109,7.409999847412109,7.409999847412109,16955600,1423.5699462890625
2008-05-16,7.480000019073486,7.480000019073486,7.170000076293945,7.260000228881836,7.260000228881836,18008000,1425.3499755859375
2008-05-19,7.309999942779541,7.480000019073486,7.059999942779541,7.099999904632568,7.099999904632568,23527700,1426.6300048828125
2008-05-20,7.070000171661377,7.230000019073486,7.0,7.119999885559082,7.119999885559082,18484100,1413.4000244140625
2008-05-21,7.159999847412109,7.260000228881836,7.050000190734863,7.079999923706055,7.079999923706055,13446400,1390.7099609375
2008-05-22,7.159999847412109,7.190000057220459,7.010000228881836,7.070000171661377,7.070000171661377,11537300,1394.3499755859375
2008-05-23,7.019999980926514,7.059999942779541,6.760000228881836,6.880000114440918,6.880000114440918,13377900,1375.9300537109375
2008-05-27,6.909999847412109,7.0,6.789999961853027,6.920000076293945,6.920000076293945,13114700,1385.3499755859375
2008-05-28,7.010000228881836,7.070000171661377,6.739999771118164,6.820000171661377,6.820000171661377,18159000,1390.8399658203125
2008-05-29,6.820000171661377,6.900000095367432,6.75,6.769999980926514,6.769999980926514,12623100,1398.260009765625
2008-05-30,6.860000133514404,6.949999809265137,6.710000038146973,6.880000114440918,6.880000114440918,20871900,1400.3800048828125
2008-06-02,6.880000114440918,6.880000114440918,6.739999771118164,6.800000190734863,6.800000190734863,10823700,1385.6700439453125
2008-06-03,6.840000152587891,6.869999885559082,6.71999979019165,6.809999942779541,6.809999942779541,15573200,1377.6500244140625
2008-06-04,6.849999904632568,7.300000190734863,6.809999942779541,7.190000057220459,7.190000057220459,33424100,1377.199951171875
2008-06-05,7.309999942779541,7.789999961853027,7.289999961853027,7.78000020980835,7.78000020980835,40481900,1404.050048828125
2008-06-06,7.690000057220459,7.699999809265137,7.420000076293945,7.429999828338623,7.429999828338623,29842400,1360.6800537109375
2008-06-09,7.570000171661377,7.980000019073486,7.440000057220459,7.679999828338623,7.679999828338623,26738500,1361.760009765625
2008-06-10,7.579999923706055,7.650000095367432,7.380000114440918,7.429999828338623,7.429999828338623,23476600,1358.43994140625
2008-06-11,7.429999828338623,7.429999828338623,6.920000076293945,6.960000038146973,6.960000038146973,26590500,1335.489990234375
2008-06-12,7.090000152587891,7.360000133514404,7.090000152587891,7.139999866485596,7.139999866485596,22173500,1339.8699951171875
2008-06-13,7.230000019073486,7.550000190734863,7.230000019073486,7.519999980926514,7.519999980926514,19410900,1360.030029296875
2008-06-16,7.46999979019165,7.769999980926514,7.409999847412109,7.710000038146973,7.710000038146973,18112000,1360.1400146484375
2008-06-17,7.880000114440918,7.940000057220459,7.579999923706055,7.71999979019165,7.71999979019165,24980400,1350.9300537109375
2008-06-18,7.659999847412109,7.699999809265137,7.269999980926514,7.289999961853027,7.289999961853027,22951700,1337.81005859375
2008-06-19,7.329999923706055,7.400000095367432,7.019999980926514,7.329999923706055,7.329999923706055,20543400,1342.8299560546875
2008-06-20,7.239999771118164,7.25,6.960000038146973,6.989999771118164,6.989999771118164,22395100,1317.9300537109375
2008-06-23,7.130000114440918,7.170000076293945,6.510000228881836,6.550000190734863,6.550000190734863,29666900,1318.0
2008-06-24,6.489999771118164,6.489999771118164,6.21999979019165,6.239999771118164,6.239999771118164,37493200,1314.2900390625
2008-06-25,6.360000133514404,6.579999923706055,6.329999923706055,6.429999828338623,6.429999828338623,26964400,1321.969970703125
2008-06-26,6.329999923706055,6.329999923706055,6.0,6.130000114440918,6.130000114440918,29126600,1283.1500244140625
2008-06-27,6.150000095367432,6.21999979019165,5.849999904632568,5.949999809265137,5.949999809265137,23612700,1278.3800048828125
2008-06-30,6.010000228881836,6.039999961853027,5.670000076293945,5.829999923706055,5.829999923706055,27347200,1280.0
2008-07-01,5.710000038146973,5.820000171661377,5.400000095367432,5.650000095367432,5.650000095367432,32866100,1284.9100341796875
2008-07-02,5.769999980926514,5.840000152587891,5.420000076293945,5.440000057220459,5.440000057220459,24019300,1261.52001953125
2008-07-03,5.480000019073486,5.550000190734863,5.010000228881836,5.300000190734863,5.300000190734863,24320100,1262.9000244140625
2008-07-07,5.46999979019165,5.670000076293945,5.21999979019165,5.380000114440918,5.380000114440918,25813600,1252.31005859375
2008-07-08,5.380000114440918,5.539999961853027,5.289999961853027,5.53000020980835,5.53000020980835,29246700,1273.699951171875
2008-07-09,5.550000190734863,5.590000152587891,5.010000228881836,5.059999942779541,5.059999942779541,35716600,1244.68994140625
2008-07-10,5.110000133514404,5.119999885559082,4.75,4.960000038146973,4.960000038146973,45743800,1253.3900146484375
2008-07-11,4.75,4.929999828338623,4.599999904632568,4.840000152587891,4.840000152587891,29950700,1239.489990234375
2008-07-14,4.920000076293945,4.960000038146973,4.71999979019165,4.820000171661377,4.820000171661377,22365600,1228.300048828125
2008-07-15,4.679999828338623,4.880000114440918,4.53000020980835,4.71999979019165,4.71999979019165,26935200,1214.9100341796875
2008-07-16,4.900000095367432,5.090000152587891,4.679999828338623,5.059999942779541,5.059999942779541,24060400,1245.3599853515625
2008-07-17,5.25,5.320000171661377,4.820000171661377,5.300000190734863,5.300000190734863,36053000,1260.3199462890625
2008-07-18,4.909999847412109,5.0,4.579999923706055,4.650000095367432,4.650000095367432,58910400,1260.6800537109375
2008-07-21,4.730000019073486,4.75,4.559999942779541,4.590000152587891,4.590000152587891,23296600,1260.0
2008-07-22,4.519999980926514,4.590000152587891,4.320000171661377,4.409999847412109,4.409999847412109,29393200,1277.0
2008-07-23,4.449999809265137,4.690000057220459,4.440000057220459,4.670000076293945,4.670000076293945,22668800,1282.18994140625
2008-07-24,4.679999828338623,4.730000019073486,4.329999923706055,4.369999885559082,4.369999885559082,18573400,1252.5400390625
2008-07-25,4.420000076293945,4.440000057220459,4.269999980926514,4.360000133514404,4.360000133514404,14936100,1257.760009765625
2008-07-28,4.380000114440918,4.389999866485596,4.179999828338623,4.190000057220459,4.190000057220459,17167400,1234.3699951171875
2008-07-29,4.199999809265137,4.25,4.110000133514404,4.210000038146973,4.210000038146973,18722200,1263.199951171875
2008-07-30,4.28000020980835,4.28000020980835,4.110000133514404,4.230000019073486,4.230000019073486,18972800,1284.260009765625
2008-07-31,4.179999828338623,4.369999885559082,4.130000114440918,4.210000038146973,4.210000038146973,14905700,1267.3800048828125
2008-08-01,4.260000228881836,4.320000171661377,4.050000190734863,4.28000020980835,4.28000020980835,25928000,1260.31005859375
2008-08-04,4.309999942779541,4.519999980926514,4.289999961853027,4.480000019073486,4.480000019073486,15988400,1249.010009765625
2008-08-05,4.619999885559082,4.650000095367432,4.46999979019165,4.599999904632568,4.599999904632568,14193300,1284.8800048828125
2008-08-06,4.619999885559082,4.800000190734863,4.480000019073486,4.800000190734863,4.800000190734863,14528300,1289.18994140625
2008-08-07,4.710000038146973,5.170000076293945,4.659999847412109,5.03000020980835,5.03000020980835,32592600,1266.0699462890625
2008-08-08,5.190000057220459,5.260000228881836,5.050000190734863,5.130000114440918,5.130000114440918,22304100,1296.3199462890625
2008-08-11,5.099999904632568,5.199999809265137,5.03000020980835,5.110000133514404,5.110000133514404,15651300,1305.3199462890625
2008-08-12,5.199999809265137,5.349999904632568,5.119999885559082,5.210000038146973,5.210000038146973,30836400,1289.5899658203125
2008-08-13,5.199999809265137,5.230000019073486,5.0,5.150000095367432,5.150000095367432,19108700,1285.8299560546875
2008-08-14,5.150000095367432,5.369999885559082,5.139999866485596,5.300000190734863,5.300000190734863,18960500,1292.9300537109375
2008-08-15,5.369999885559082,5.869999885559082,5.25,5.639999866485596,5.639999866485596,33367500,1298.199951171875
2008-08-18,5.699999809265137,5.909999847412109,5.579999923706055,5.909999847412109,5.909999847412109,36912300,1278.5999755859375
2008-08-19,5.71999979019165,5.900000095367432,5.539999961853027,5.579999923706055,5.579999923706055,21242000,1266.68994140625
2008-08-20,5.699999809265137,5.849999904632568,5.519999980926514,5.699999809265137,5.699999809265137,20661800,1274.5400390625
2008-08-21,5.579999923706055,5.820000171661377,5.539999961853027,5.760000228881836,5.760000228881836,14840600,1277.719970703125
2008-08-22,5.880000114440918,6.0,5.699999809265137,5.809999942779541,5.809999942779541,16999300,1292.199951171875
2008-08-25,5.929999828338623,6.179999828338623,5.820000171661377,5.929999828338623,5.929999828338623,24523700,1266.8399658203125
2008-08-26,5.980000019073486,6.019999980926514,5.869999885559082,5.929999828338623,5.929999828338623,17470900,1271.510009765625
2008-08-27,5.909999847412109,6.139999866485596,5.900000095367432,6.070000171661377,6.070000171661377,14544200,1281.6600341796875
2008-08-28,6.139999866485596,6.25,6.099999904632568,6.25,6.25,11440500,1300.6800537109375
2008-08-29,6.139999866485596,6.349999904632568,6.099999904632568,6.289999961853027,6.289999961853027,16257000,1282.8299560546875
2008-09-02,6.369999885559082,6.46999979019165,6.150000095367432,6.340000152587891,6.340000152587891,25162700,1277.5799560546875
2008-09-03,6.340000152587891,6.449999809265137,6.070000171661377,6.150000095367432,6.150000095367432,24977100,1274.97998046875
2008-09-04,6.119999885559082,6.179999828338623,5.769999980926514,5.840000152587891,5.840000152587891,24817600,1236.8299560546875
2008-09-05,5.630000114440918,5.989999771118164,5.340000152587891,5.960000038146973,5.960000038146973,23031100,1242.31005859375
2008-09-08,6.230000019073486,6.300000190734863,5.929999828338623,6.070000171661377,6.070000171661377,19520700,1267.7900390625
2008-09-09,6.070000171661377,6.099999904632568,5.619999885559082,5.769999980926514,5.769999980926514,21407100,1224.510009765625
2008-09-10,5.820000171661377,5.880000114440918,5.610000133514404,5.78000020980835,5.78000020980835,15144100,1232.0400390625
2008-09-11,5.610000133514404,5.849999904632568,5.510000228881836,5.710000038146973,5.710000038146973,17954900,1249.050048828125
2008-09-12,5.699999809265137,5.840000152587891,5.610000133514404,5.75,5.75,22589800,1251.699951171875
2008-09-15,5.309999942779541,5.630000114440918,5.179999828338623,5.179999828338623,5.179999828338623,16281500,1192.699951171875
2008-09-16,4.960000038146973,5.269999980926514,4.800000190734863,5.260000228881836,5.260000228881836,24720700,1213.5999755859375
2008-09-17,5.130000114440918,5.289999961853027,4.849999904632568,4.900000095367432,4.900000095367432,25876500,1156.3900146484375
2008-09-18,4.980000019073486,5.389999866485596,4.800000190734863,5.300000190734863,5.300000190734863,31008100,1206.510009765625
2008-09-19,5.630000114440918,5.679999828338623,5.230000019073486,5.420000076293945,5.420000076293945,21878300,1255.0799560546875
2008-09-22,5.400000095367432,5.420000076293945,4.960000038146973,4.989999771118164,4.989999771118164,14714600,1207.0899658203125
2008-09-23,5.050000190734863,5.170000076293945,4.889999866485596,4.940000057220459,4.940000057220459,21576000,1188.219970703125
2008-09-24,5.03000020980835,5.050000190734863,4.849999904632568,4.880000114440918,4.880000114440918,13284500,1185.8699951171875
2008-09-25,4.949999809265137,5.289999961853027,4.909999847412109,5.230000019073486,5.230000019073486,26068000,1209.1800537109375
2008-09-26,5.010000228881836,5.210000038146973,4.960000038146973,5.159999847412109,5.159999847412109,19265300,1213.27001953125
2008-09-29,5.0,6.0,3.0,4.289999961853027,4.289999961853027,32847400,1106.4200439453125
2008-09-30,4.489999771118164,5.25,4.21999979019165,5.25,5.25,18799700,1166.3599853515625
2008-10-01,4.550000190734863,5.0,4.53000020980835,4.739999771118164,4.739999771118164,27342200,1161.06005859375
2008-10-02,4.599999904632568,4.849999904632568,4.130000114440918,4.139999866485596,4.139999866485596,24978500,1114.280029296875
2008-10-03,4.320000171661377,4.809999942779541,4.210000038146973,4.53000020980835,4.53000020980835,38166900,1099.22998046875
2008-10-06,4.260000228881836,4.360000133514404,4.010000228881836,4.230000019073486,4.230000019073486,26603100,1056.8900146484375
2008-10-07,5.269999980926514,5.559999942779541,4.230000019073486,4.590000152587891,4.590000152587891,79681000,996.22998046875
2008-10-08,4.449999809265137,4.739999771118164,3.990000009536743,4.050000190734863,4.050000190734863,46034100,984.9400024414062
2008-10-09,4.21999979019165,4.440000057220459,4.039999961853027,4.039999961853027,4.039999961853027,29086700,909.9199829101562
2008-10-10,3.849999904632568,4.300000190734863,3.509999990463257,3.809999942779541,3.809999942779541,32994400,899.219970703125
2008-10-13,4.239999771118164,4.25,3.910000085830689,4.210000038146973,4.210000038146973,16132000,1003.3499755859375
2008-10-14,4.5,4.519999980926514,4.150000095367432,4.269999980926514,4.269999980926514,27700900,998.010009765625
2008-10-15,4.269999980926514,4.269999980926514,3.910000085830689,3.910000085830689,3.910000085830689,23157300,907.8400268554688
2008-10-16,4.010000228881836,4.230000019073486,3.650000095367432,4.119999885559082,4.119999885559082,29123000,946.4299926757812
2008-10-17,4.400000095367432,4.519999980926514,4.090000152587891,4.210000038146973,4.210000038146973,38905700,940.5499877929688
2008-10-20,4.25,4.309999942779541,4.0,4.110000133514404,4.110000133514404,22553800,985.4000244140625
2008-10-21,4.03000020980835,4.079999923706055,3.880000114440918,3.910000085830689,3.910000085830689,13700000,955.0499877929688
2008-10-22,3.859999895095825,3.910000085830689,3.5899999141693115,3.619999885559082,3.619999885559082,15952100,896.780029296875
2008-10-23,3.619999885559082,3.680000066757202,3.200000047683716,3.2799999713897705,3.2799999713897705,23892400,908.1099853515625
2008-10-24,2.9100000858306885,3.190000057220459,2.7799999713897705,3.0299999713897705,3.0299999713897705,25578500,876.77001953125
2008-10-27,2.9600000381469727,3.0199999809265137,2.8399999141693115,2.940000057220459,2.940000057220459,16610800,848.9199829101562
2008-10-28,3.130000114440918,3.140000104904175,2.650000095367432,2.8399999141693115,2.8399999141693115,24929700,940.510009765625
2008-10-29,3.0,3.150000095367432,2.859999895095825,2.9800000190734863,2.9800000190734863,19945100,930.0900268554688
2008-10-30,3.200000047683716,3.5899999141693115,3.150000095367432,3.559999942779541,3.559999942779541,24332400,954.0900268554688
2008-10-31,3.400000095367432,3.7100000381469727,3.359999895095825,3.5,3.5,16621000,968.75
2008-11-03,3.5899999141693115,3.869999885559082,3.539999961853028,3.609999895095825,3.609999895095825,17845500,966.2999877929688
2008-11-04,3.819999933242798,3.839999914169312,3.5999999046325684,3.799999952316284,3.799999952316284,20869800,1005.75
2008-11-05,3.680000066757202,3.7899999618530273,3.539999961853028,3.549999952316284,3.549999952316284,13392200,952.77001953125
2008-11-06,3.470000028610229,3.5,3.0899999141693115,3.1700000762939453,3.1700000762939453,20675900,904.8800048828125
2008-11-07,3.25,3.4100000858306885,3.059999942779541,3.1600000858306885,3.1600000858306885,15559700,930.989990234375
2008-11-10,3.289999961853028,3.289999961853028,3.009999990463257,3.039999961853028,3.039999961853028,8325700,919.2100219726562
2008-11-11,3.009999990463257,3.059999942779541,2.8299999237060547,2.9600000381469727,2.9600000381469727,10508400,898.9500122070312
2008-11-12,2.869999885559082,2.890000104904175,2.569999933242798,2.569999933242798,2.569999933242798,20544700,852.2999877929688
2008-11-13,2.7100000381469727,2.75,2.299999952316284,2.700000047683716,2.700000047683716,28108000,911.2899780273438
2008-11-14,2.650000095367432,2.6600000858306885,2.369999885559082,2.430000066757202,2.430000066757202,23803200,873.2899780273438
2008-11-17,2.5,2.650000095367432,2.470000028610229,2.5,2.5,14343200,850.75
2008-11-18,2.680000066757202,2.690000057220459,2.400000095367432,2.5,2.5,13315000,859.1199951171875
2008-11-19,2.509999990463257,2.539999961853028,2.109999895095825,2.119999885559082,2.119999885559082,17241900,806.5800170898438
2008-11-20,2.0999999046325684,2.150000095367432,1.8799999952316284,1.909999966621399,1.909999966621399,22740900,752.4400024414062
2008-11-21,1.9900000095367432,2.0199999809265137,1.6200000047683716,1.8200000524520876,1.8200000524520876,22929400,800.030029296875
2008-11-24,1.899999976158142,1.940000057220459,1.75,1.8600000143051147,1.8600000143051147,22659000,851.8099975585938
2008-11-25,1.919999957084656,1.9600000381469729,1.7799999713897705,1.7999999523162842,1.7999999523162842,16334500,857.3900146484375
2008-11-26,1.850000023841858,2.1700000762939453,1.7999999523162842,2.130000114440918,2.130000114440918,23960300,887.6799926757812
2008-11-28,2.200000047683716,2.369999885559082,2.150000095367432,2.359999895095825,2.359999895095825,8941900,896.239990234375
2008-12-01,2.309999942779541,2.3299999237060547,1.9800000190734863,2.0,2.0,17178500,816.2100219726562
2008-12-02,2.0999999046325684,2.150000095367432,1.9600000381469729,2.0299999713897705,2.0299999713897705,13839600,848.8099975585938
2008-12-03,1.950000047683716,2.369999885559082,1.919999957084656,2.200000047683716,2.200000047683716,31256100,870.739990234375
2008-12-04,2.0,2.3499999046325684,1.919999957084656,2.0799999237060547,2.0799999237060547,32670700,845.219970703125
2008-12-05,2.049999952316284,2.220000028610229,2.0,2.130000114440918,2.130000114440918,18831200,876.0700073242188
2008-12-08,2.25,2.299999952316284,2.0199999809265137,2.0999999046325684,2.0999999046325684,22646800,909.7000122070312
2008-12-09,2.049999952316284,2.289999961853028,2.009999990463257,2.2699999809265137,2.2699999809265137,22851700,888.6699829101562
2008-12-10,2.2699999809265137,2.299999952316284,2.190000057220459,2.200000047683716,2.200000047683716,11249400,899.239990234375
2008-12-11,2.1700000762939453,2.2799999713897705,2.0999999046325684,2.200000047683716,2.200000047683716,10983700,873.5900268554688
2008-12-12,2.109999895095825,2.319999933242798,2.049999952316284,2.2799999713897705,2.2799999713897705,14410300,879.72998046875
2008-12-15,2.259999990463257,2.3499999046325684,2.150000095367432,2.2100000381469727,2.2100000381469727,6394000,868.5700073242188
2008-12-16,2.2799999713897705,2.2799999713897705,2.150000095367432,2.25,2.25,10886700,913.1799926757812
2008-12-17,2.2100000381469727,2.299999952316284,2.180000066757202,2.289999961853028,2.289999961853028,8320600,904.4199829101562
2008-12-18,2.259999990463257,2.3399999141693115,2.200000047683716,2.2300000190734863,2.2300000190734863,12656000,885.280029296875
2008-12-19,2.3299999237060547,2.3299999237060547,2.180000066757202,2.2699999809265137,2.2699999809265137,13520700,887.8800048828125
2008-12-22,2.259999990463257,2.259999990463257,1.9299999475479128,2.0199999809265137,2.0199999809265137,16351900,871.6300048828125
2008-12-23,2.069999933242798,2.0799999237060547,1.950000047683716,1.9600000381469729,1.9600000381469729,10138300,863.1599731445312
2008-12-24,1.9800000190734863,2.0299999713897705,1.9700000286102293,1.9900000095367432,1.9900000095367432,2912200,868.1500244140625
2008-12-26,2.0999999046325684,2.2100000381469727,2.039999961853028,2.180000066757202,2.180000066757202,9514300,872.7999877929688
2008-12-29,2.259999990463257,2.2699999809265137,2.059999942779541,2.0999999046325684,2.0999999046325684,10998500,869.4199829101562
2008-12-30,2.130000114440918,2.2100000381469727,2.0999999046325684,2.2100000381469727,2.2100000381469727,10266000,890.6400146484375
2008-12-31,2.200000047683716,2.200000047683716,2.109999895095825,2.1600000858306885,2.1600000858306885,10226500,903.25
2009-01-02,2.190000057220459,2.430000066757202,2.1700000762939453,2.380000114440918,2.380000114440918,13832100,931.7999877929688
2009-01-05,2.369999885559082,2.680000066757202,2.3499999046325684,2.6700000762939453,2.6700000762939453,19326900,927.4500122070312
2009-01-06,2.75,2.8499999046325684,2.549999952316284,2.7799999713897705,2.7799999713897705,23860000,934.7000122070312
2009-01-07,2.720000028610229,2.720000028610229,2.549999952316284,2.6600000858306885,2.6600000858306885,14026300,906.6500244140625
2009-01-08,2.640000104904175,2.740000009536743,2.509999990463257,2.740000009536743,2.740000009536743,13413000,909.72998046875
2009-01-09,2.789999961853028,2.8299999237060547,2.630000114440918,2.690000057220459,2.690000057220459,9733000,890.3499755859375
2009-01-12,2.690000057220459,2.690000057220459,2.450000047683716,2.5199999809265137,2.5199999809265137,13085600,870.260009765625
2009-01-13,2.4200000762939453,2.470000028610229,2.299999952316284,2.380000114440918,2.380000114440918,21157100,871.7899780273438
2009-01-14,2.289999961853028,2.299999952316284,2.109999895095825,2.150000095367432,2.150000095367432,14821600,842.6199951171875
2009-01-15,2.150000095367432,2.299999952316284,2.049999952316284,2.259999990463257,2.259999990463257,16022500,843.739990234375
2009-01-16,2.319999933242798,2.400000095367432,2.200000047683716,2.289999961853028,2.289999961853028,15182600,850.1199951171875
2009-01-20,2.2300000190734863,2.289999961853028,2.0,2.0,2.0,12983200,805.219970703125
2009-01-21,2.049999952316284,2.25,2.0299999713897705,2.25,2.25,11915800,840.239990234375
2009-01-22,2.150000095367432,2.180000066757202,1.9700000286102293,2.0199999809265137,2.0199999809265137,21451500,827.5
2009-01-23,1.8600000143051147,2.2300000190734863,1.8600000143051147,2.069999933242798,2.069999933242798,26600900,831.9500122070312
2009-01-26,2.0799999237060547,2.140000104904175,2.0,2.009999990463257,2.009999990463257,15745800,836.5700073242188
2009-01-27,2.059999942779541,2.190000057220459,2.039999961853028,2.140000104904175,2.140000104904175,12903300,845.7100219726562
2009-01-28,2.2300000190734863,2.450000047683716,2.1700000762939453,2.3499999046325684,2.3499999046325684,19551900,874.0900268554688
2009-01-29,2.289999961853028,2.289999961853028,2.180000066757202,2.200000047683716,2.200000047683716,8305000,845.1400146484375
2009-01-30,2.220000028610229,2.289999961853028,2.1600000858306885,2.190000057220459,2.190000057220459,11034900,825.8800048828125
2009-02-02,2.150000095367432,2.220000028610229,2.069999933242798,2.150000095367432,2.150000095367432,8110300,825.4400024414062
2009-02-03,2.1600000858306885,2.2300000190734863,2.109999895095825,2.2100000381469727,2.2100000381469727,8594900,838.510009765625
2009-02-04,2.220000028610229,2.509999990463257,2.150000095367432,2.2699999809265137,2.2699999809265137,15475300,832.22998046875
2009-02-05,2.259999990463257,2.440000057220459,2.2100000381469727,2.359999895095825,2.359999895095825,17011600,845.8499755859375
2009-02-06,2.4200000762939453,2.470000028610229,2.3299999237060547,2.4100000858306885,2.4100000858306885,12613400,868.5999755859375
2009-02-09,2.359999895095825,2.4100000858306885,2.3299999237060547,2.359999895095825,2.359999895095825,9916600,869.8900146484375
2009-02-10,2.359999895095825,2.400000095367432,2.0,2.109999895095825,2.109999895095825,24515200,827.1599731445312
2009-02-11,2.1600000858306885,2.2100000381469727,2.0899999141693115,2.150000095367432,2.150000095367432,11796000,833.739990234375
2009-02-12,2.180000066757202,2.299999952316284,2.109999895095825,2.2799999713897705,2.2799999713897705,12085200,835.1900024414062
2009-02-13,2.299999952316284,2.4600000381469727,2.25,2.4200000762939453,2.4200000762939453,15057900,826.8400268554688
2009-02-17,2.299999952316284,2.400000095367432,2.2799999713897705,2.369999885559082,2.369999885559082,15592900,789.1699829101562
2009-02-18,2.3499999046325684,2.5,2.119999885559082,2.200000047683716,2.200000047683716,18635200,788.4199829101562
2009-02-19,2.299999952316284,2.299999952316284,2.109999895095825,2.119999885559082,2.119999885559082,12271700,778.9400024414062
2009-02-20,2.069999933242798,2.130000114440918,2.0,2.0299999713897705,2.0299999713897705,12688400,770.0499877929688
2009-02-23,2.0899999141693115,2.0899999141693115,2.009999990463257,2.0199999809265137,2.0199999809265137,10436500,743.3300170898438
2009-02-24,2.049999952316284,2.180000066757202,2.0199999809265137,2.119999885559082,2.119999885559082,12778200,773.1400146484375
2009-02-25,2.130000114440918,2.2799999713897705,2.069999933242798,2.220000028610229,2.220000028610229,13086400,764.9000244140625
2009-02-26,2.259999990463257,2.2799999713897705,2.0899999141693115,2.0899999141693115,2.0899999141693115,11036900,752.8300170898438
2009-02-27,2.0799999237060547,2.200000047683716,2.049999952316284,2.180000066757202,2.180000066757202,14342300,735.0900268554688
2009-03-02,2.130000114440918,2.2100000381469727,2.009999990463257,2.009999990463257,2.009999990463257,15337400,700.8200073242188
2009-03-03,2.140000104904175,2.190000057220459,2.069999933242798,2.069999933242798,2.069999933242798,18596000,696.3300170898438
2009-03-04,2.150000095367432,2.3299999237060547,2.140000104904175,2.299999952316284,2.299999952316284,21183500,712.8699951171875
2009-03-05,2.2100000381469727,2.299999952316284,2.140000104904175,2.1600000858306885,2.1600000858306885,10533400,682.5499877929688
2009-03-06,2.190000057220459,2.220000028610229,2.0899999141693115,2.140000104904175,2.140000104904175,9510200,683.3800048828125
2009-03-09,2.109999895095825,2.259999990463257,2.0999999046325684,2.140000104904175,2.140000104904175,9490200,676.530029296875
2009-03-10,2.2100000381469727,2.3499999046325684,2.190000057220459,2.319999933242798,2.319999933242798,14926500,719.5999755859375
2009-03-11,2.3299999237060547,2.3499999046325684,2.25,2.309999942779541,2.309999942779541,11985800,721.3599853515625
2009-03-12,2.299999952316284,2.440000057220459,2.2699999809265137,2.400000095367432,2.400000095367432,14596600,750.739990234375
2009-03-13,2.390000104904175,2.5999999046325684,2.3499999046325684,2.5199999809265137,2.5199999809265137,14898000,756.5499877929688
2009-03-16,2.509999990463257,2.720000028610229,2.440000057220459,2.4800000190734863,2.4800000190734863,22781100,753.8900146484375
2009-03-17,2.4800000190734863,2.880000114440918,2.430000066757202,2.759999990463257,2.759999990463257,22838600,778.1199951171875
2009-03-18,2.759999990463257,2.970000028610229,2.7300000190734863,2.970000028610229,2.970000028610229,14552600,794.3499755859375
2009-03-19,3.039999961853028,3.190000057220459,2.8399999141693115,2.9600000381469727,2.9600000381469727,18551600,784.0399780273438
2009-03-20,2.970000028610229,3.0999999046325684,2.6700000762939453,2.6700000762939453,2.6700000762939453,17890400,768.5399780273438
2009-03-23,2.869999885559082,3.0299999713897705,2.8299999237060547,3.0199999809265137,3.0199999809265137,13723500,822.9199829101562
2009-03-24,2.9600000381469727,3.200000047683716,2.880000114440918,3.140000104904175,3.140000104904175,19895300,806.1199951171875
2009-03-25,3.2100000381469727,3.7799999713897705,2.930000066757202,3.1700000762939453,3.1700000762939453,33607200,813.8800048828125
2009-03-26,3.299999952316284,3.5899999141693115,3.2100000381469727,3.559999942779541,3.559999942779541,24274900,832.8599853515625
2009-03-27,3.430000066757202,3.549999952316284,3.3499999046325684,3.369999885559082,3.369999885559082,11206300,815.9400024414062
2009-03-30,3.200000047683716,3.289999961853028,3.0999999046325684,3.190000057220459,3.190000057220459,12112600,787.530029296875
2009-03-31,3.309999942779541,3.359999895095825,3.039999961853028,3.049999952316284,3.049999952316284,20773500,797.8699951171875
2009-04-01,2.9800000190734863,3.2100000381469727,2.9200000762939453,3.0199999809265137,3.0199999809265137,31558500,811.0800170898438
2009-04-02,3.190000057220459,3.25,3.039999961853028,3.1600000858306885,3.1600000858306885,22516700,834.3800048828125
2009-04-03,3.130000114440918,3.430000066757202,3.069999933242798,3.430000066757202,3.430000066757202,16140300,842.5
2009-04-06,3.299999952316284,3.559999942779541,3.25,3.5299999713897705,3.5299999713897705,15234800,835.47998046875
2009-04-07,3.4100000858306885,3.490000009536743,3.390000104904175,3.440000057220459,3.440000057220459,11663000,815.5499877929688
2009-04-08,3.5,3.7300000190734863,3.430000066757202,3.680000066757202,3.680000066757202,16869600,825.1599731445312
2009-04-09,3.7799999713897705,3.920000076293945,3.680000066757202,3.75,3.75,19026000,856.5599975585938
2009-04-13,3.75,3.7799999713897705,3.539999961853028,3.609999895095825,3.609999895095825,16038600,858.72998046875
2009-04-14,3.5899999141693115,3.849999904632568,3.5299999713897705,3.630000114440918,3.630000114440918,14713800,841.5
2009-04-15,3.5299999713897705,3.5899999141693115,3.319999933242798,3.440000057220459,3.440000057220459,15601300,852.0599975585938
2009-04-16,3.5199999809265137,3.5999999046325684,3.470000028610229,3.569999933242798,3.569999933242798,10120800,865.2999877929688
2009-04-17,3.5799999237060547,3.5999999046325684,3.490000009536743,3.559999942779541,3.559999942779541,12224300,869.5999755859375
2009-04-20,3.430000066757202,3.450000047683716,3.259999990463257,3.309999942779541,3.309999942779541,10502200,832.3900146484375
2009-04-21,3.2300000190734863,3.359999895095825,3.200000047683716,3.359999895095825,3.359999895095825,14244500,850.0800170898438
2009-04-22,3.200000047683716,3.450000047683716,3.1700000762939453,3.3299999237060547,3.3299999237060547,23887100,843.5499877929688
2009-04-23,3.369999885559082,3.549999952316284,3.259999990463257,3.5299999713897705,3.5299999713897705,18621700,851.9199829101562
2009-04-24,3.549999952316284,3.75,3.4800000190734863,3.509999990463257,3.509999990463257,18536800,866.22998046875
2009-04-27,3.430000066757202,3.609999895095825,3.4200000762939453,3.470000028610229,3.470000028610229,11960900,857.510009765625
2009-04-28,3.4100000858306885,3.549999952316284,3.3499999046325684,3.4100000858306885,3.4100000858306885,12108800,855.1599731445312
2009-04-29,3.400000095367432,3.559999942779541,3.380000114440918,3.509999990463257,3.509999990463257,11546300,873.6400146484375
2009-04-30,3.549999952316284,3.7300000190734863,3.5299999713897705,3.609999895095825,3.609999895095825,18194700,872.8099975585938
2009-05-01,3.549999952316284,3.900000095367432,3.549999952316284,3.819999933242798,3.819999933242798,16236600,877.52001953125
2009-05-04,3.900000095367432,4.300000190734863,3.829999923706055,4.260000228881836,4.260000228881836,21256400,907.239990234375
2009-05-05,4.360000133514404,4.389999866485596,4.110000133514404,4.320000171661377,4.320000171661377,16369800,903.7999877929688
2009-05-06,4.449999809265137,4.449999809265137,4.119999885559082,4.309999942779541,4.309999942779541,15076500,919.530029296875
2009-05-07,4.21999979019165,4.349999904632568,3.910000085830689,4.010000228881836,4.010000228881836,23408000,907.3900146484375
2009-05-08,4.119999885559082,4.150000095367432,3.839999914169312,3.930000066757202,3.930000066757202,14316100,929.22998046875
2009-05-11,3.900000095367432,4.369999885559082,3.869999885559082,4.21999979019165,4.21999979019165,25404600,909.239990234375
2009-05-12,4.409999847412109,4.5,4.130000114440918,4.349999904632568,4.349999904632568,29756700,908.3499755859375
2009-05-13,4.360000133514404,4.670000076293945,4.329999923706055,4.380000114440918,4.380000114440918,35483300,883.9199829101562
2009-05-14,4.349999904632568,4.570000171661377,4.070000171661377,4.239999771118164,4.239999771118164,33859900,893.0700073242188
2009-05-15,4.260000228881836,4.369999885559082,3.930000066757202,4.010000228881836,4.010000228881836,30105100,882.8800048828125
2009-05-18,4.190000057220459,4.25,4.059999942779541,4.139999866485596,4.139999866485596,19665800,909.7100219726562
2009-05-19,4.300000190734863,4.5,4.239999771118164,4.389999866485596,4.389999866485596,23196000,908.1300048828125
2009-05-20,4.570000171661377,4.760000228881836,4.440000057220459,4.5,4.5,25214100,903.469970703125
2009-05-21,4.449999809265137,4.460000038146973,4.25,4.340000152587891,4.340000152587891,14492200,888.3300170898438
2009-05-22,4.429999828338623,4.429999828338623,4.25,4.260000228881836,4.260000228881836,8274300,887.0
2009-05-26,4.260000228881836,4.570000171661377,4.230000019073486,4.53000020980835,4.53000020980835,16094300,910.3300170898438
2009-05-27,4.570000171661377,4.800000190734863,4.550000190734863,4.710000038146973,4.710000038146973,21512600,893.0599975585938
2009-05-28,4.75,4.840000152587891,4.539999961853027,4.699999809265137,4.699999809265137,18383900,906.8300170898438
2009-05-29,4.710000038146973,4.78000020980835,4.380000114440918,4.539999961853027,4.539999961853027,24539700,919.1400146484375
2009-06-01,4.690000057220459,4.900000095367432,4.639999866485596,4.730000019073486,4.730000019073486,26633200,942.8699951171875
2009-06-02,4.679999828338623,4.699999809265137,4.550000190734863,4.559999942779541,4.559999942779541,24950700,944.739990234375
2009-06-03,4.550000190734863,4.599999904632568,4.340000152587891,4.480000019073486,4.480000019073486,19087100,931.760009765625
2009-06-04,4.570000171661377,4.739999771118164,4.539999961853027,4.650000095367432,4.650000095367432,19728300,942.4600219726562
2009-06-05,4.840000152587891,4.869999885559082,4.610000133514404,4.630000114440918,4.630000114440918,18775200,940.0900268554688
2009-06-08,4.579999923706055,4.670000076293945,4.5,4.610000133514404,4.610000133514404,12342400,939.1400146484375
2009-06-09,4.699999809265137,4.800000190734863,4.679999828338623,4.75,4.75,18767500,942.4299926757812
2009-06-10,4.809999942779541,4.860000133514404,4.699999809265137,4.820000171661377,4.820000171661377,18322600,939.1500244140625
2009-06-11,4.829999923706055,4.869999885559082,4.679999828338623,4.699999809265137,4.699999809265137,15847200,944.8900146484375
2009-06-12,4.75,4.789999961853027,4.329999923706055,4.46999979019165,4.46999979019165,39939500,946.2100219726562
2009-06-15,4.389999866485596,4.449999809265137,4.210000038146973,4.260000228881836,4.260000228881836,27471700,923.719970703125
2009-06-16,4.300000190734863,4.349999904632568,4.099999904632568,4.130000114440918,4.130000114440918,27530400,911.969970703125
2009-06-17,4.130000114440918,4.170000076293945,3.859999895095825,4.079999923706055,4.079999923706055,32809400,910.7100219726562
2009-06-18,4.03000020980835,4.070000171661377,3.809999942779541,3.849999904632568,3.849999904632568,29208700,918.3699951171875
2009-06-19,3.920000076293945,3.9800000190734863,3.859999895095825,3.869999885559082,3.869999885559082,20840700,921.22998046875
2009-06-22,3.839999914169312,3.859999895095825,3.609999895095825,3.619999885559082,3.619999885559082,21564900,893.0399780273438
2009-06-23,3.670000076293945,3.690000057220459,3.430000066757202,3.549999952316284,3.549999952316284,21411900,895.0999755859375
2009-06-24,3.630000114440918,3.7799999713897705,3.5999999046325684,3.660000085830689,3.660000085830689,19674200,900.9400024414062
2009-06-25,3.619999885559082,3.680000066757202,3.5299999713897705,3.640000104904175,3.640000104904175,14595100,920.260009765625
2009-06-26,3.690000057220459,3.7100000381469727,3.619999885559082,3.619999885559082,3.619999885559082,16782600,918.9000244140625
2009-06-29,3.7200000286102295,3.7799999713897705,3.650000095367432,3.7200000286102295,3.7200000286102295,14889100,927.22998046875
2009-06-30,3.7699999809265137,3.9800000190734863,3.740000009536743,3.869999885559082,3.869999885559082,24129800,919.3200073242188
2009-07-01,3.930000066757202,4.050000190734863,3.880000114440918,3.910000085830689,3.910000085830689,25970300,923.3300170898438
2009-07-02,3.839999914169312,3.890000104904175,3.759999990463257,3.7799999713897705,3.7799999713897705,13415300,896.4199829101562
2009-07-06,3.740000009536743,3.7699999809265137,3.5,3.549999952316284,3.549999952316284,26785900,898.719970703125
2009-07-07,3.630000114440918,3.630000114440918,3.3499999046325684,3.430000066757202,3.430000066757202,20511800,881.030029296875
2009-07-08,3.430000066757202,3.490000009536743,3.220000028610229,3.359999895095825,3.359999895095825,32725000,879.5599975585938
2009-07-09,3.430000066757202,3.559999942779541,3.380000114440918,3.4800000190734863,3.4800000190734863,19995600,882.6799926757812
2009-07-10,3.430000066757202,3.559999942779541,3.4200000762939453,3.490000009536743,3.490000009536743,13017100,879.1300048828125
2009-07-13,3.5299999713897705,3.5999999046325684,3.359999895095825,3.559999942779541,3.559999942779541,15494800,901.0499877929688
2009-07-14,3.5899999141693115,3.609999895095825,3.490000009536743,3.549999952316284,3.549999952316284,14482300,905.8400268554688
2009-07-15,3.799999952316284,3.9700000286102295,3.799999952316284,3.859999895095825,3.859999895095825,35985700,932.6799926757812
2009-07-16,3.900000095367432,3.950000047683716,3.759999990463257,3.920000076293945,3.920000076293945,18804500,940.739990234375
2009-07-17,3.950000047683716,4.0,3.890000104904175,4.0,4.0,15920000,940.3800048828125
2009-07-20,4.03000020980835,4.179999828338623,4.0,4.170000076293945,4.170000076293945,30769400,951.1300048828125
2009-07-21,4.25,4.25,3.950000047683716,4.079999923706055,4.079999923706055,47575700,954.5800170898438
2009-07-22,3.539999961853028,3.640000104904175,3.4100000858306885,3.549999952316284,3.549999952316284,66623200,954.0700073242188
2009-07-23,3.539999961853028,3.5999999046325684,3.490000009536743,3.5899999141693115,3.5899999141693115,26307900,976.2899780273438
2009-07-24,3.559999942779541,3.809999942779541,3.539999961853028,3.7699999809265137,3.7699999809265137,25206600,979.260009765625
2009-07-27,3.819999933242798,3.839999914169312,3.7100000381469727,3.799999952316284,3.799999952316284,15781300,982.1799926757812
2009-07-28,3.7699999809265137,3.809999942779541,3.700000047683716,3.7699999809265137,3.7699999809265137,15661700,979.6199951171875
2009-07-29,3.7699999809265137,3.7899999618530273,3.650000095367432,3.7100000381469727,3.7100000381469727,18382700,975.1500244140625
2009-07-30,3.7799999713897705,3.809999942779541,3.650000095367432,3.660000085830689,3.660000085830689,20841900,986.75
2009-07-31,3.660000085830689,3.7300000190734863,3.650000095367432,3.660000085830689,3.660000085830689,14282400,987.47998046875
2009-08-03,3.75,3.7799999713897705,3.700000047683716,3.740000009536743,3.740000009536743,12875200,1002.6300048828125
2009-08-04,3.75,3.849999904632568,3.680000066757202,3.759999990463257,3.759999990463257,20095900,1005.6500244140625
2009-08-05,3.7699999809265137,3.7899999618530273,3.700000047683716,3.75,3.75,12174500,1002.719970703125
2009-08-06,3.75,3.7899999618530273,3.660000085830689,3.7100000381469727,3.7100000381469727,11660200,997.0800170898438
2009-08-07,3.7699999809265137,3.7699999809265137,3.660000085830689,3.700000047683716,3.700000047683716,12259500,1010.47998046875
2009-08-10,3.7100000381469727,3.7100000381469727,3.650000095367432,3.680000066757202,3.680000066757202,10704400,1007.0999755859375
2009-08-11,3.680000066757202,3.690000057220459,3.549999952316284,3.5899999141693115,3.5899999141693115,12670300,994.3499755859375
2009-08-12,3.5999999046325684,3.630000114440918,3.559999942779541,3.5899999141693115,3.5899999141693115,13465300,1005.8099975585938
2009-08-13,3.609999895095825,3.7100000381469727,3.5199999809265137,3.680000066757202,3.680000066757202,22048000,1012.72998046875
2009-08-14,3.660000085830689,3.759999990463257,3.5899999141693115,3.690000057220459,3.690000057220459,23177600,1004.0900268554688
2009-08-17,3.549999952316284,3.609999895095825,3.5199999809265137,3.549999952316284,3.549999952316284,15706400,979.72998046875
2009-08-18,3.549999952316284,3.5799999237060547,3.490000009536743,3.559999942779541,3.559999942779541,23269700,989.6699829101562
2009-08-19,3.490000009536743,3.5299999713897705,3.470000028610229,3.5199999809265137,3.5199999809265137,10937500,996.4600219726562
2009-08-20,3.5299999713897705,3.549999952316284,3.490000009536743,3.5199999809265137,3.5199999809265137,6528900,1007.3699951171875
2009-08-21,3.5299999713897705,3.7100000381469727,3.509999990463257,3.700000047683716,3.700000047683716,20133600,1026.1300048828125
2009-08-24,3.930000066757202,4.099999904632568,3.880000114440918,4.0,4.0,49755000,1025.5699462890625
2009-08-25,4.130000114440918,4.139999866485596,4.019999980926514,4.019999980926514,4.019999980926514,28065000,1028.0
2009-08-26,4.03000020980835,4.079999923706055,4.0,4.059999942779541,4.059999942779541,20686200,1028.1199951171875
2009-08-27,4.039999961853027,4.260000228881836,4.0,4.230000019073486,4.230000019073486,26139300,1030.97998046875
2009-08-28,4.449999809265137,4.550000190734863,4.300000190734863,4.46999979019165,4.46999979019165,41971900,1028.9300537109375
2009-08-31,4.320000171661377,4.380000114440918,4.230000019073486,4.360000133514404,4.360000133514404,22133900,1020.6199951171875
2009-09-01,4.360000133514404,4.570000171661377,4.179999828338623,4.21999979019165,4.21999979019165,32602600,998.0399780273438
2009-09-02,4.190000057220459,4.329999923706055,4.130000114440918,4.28000020980835,4.28000020980835,19010800,994.75
2009-09-03,4.389999866485596,4.559999942779541,4.349999904632568,4.53000020980835,4.53000020980835,33180600,1003.239990234375
2009-09-04,4.550000190734863,4.559999942779541,4.380000114440918,4.53000020980835,4.53000020980835,19622500,1016.4000244140625
2009-09-08,4.599999904632568,5.239999771118164,4.570000171661377,5.190000057220459,5.190000057220459,73355000,1025.3900146484375
2009-09-09,5.150000095367432,5.300000190734863,5.0,5.199999809265137,5.199999809265137,44410400,1033.3699951171875
2009-09-10,5.289999961853027,5.449999809265137,5.199999809265137,5.380000114440918,5.380000114440918,39108400,1044.1400146484375
2009-09-11,5.489999771118164,5.75,5.449999809265137,5.679999828338623,5.679999828338623,48505700,1042.72998046875
2009-09-14,5.619999885559082,5.78000020980835,5.510000228881836,5.71999979019165,5.71999979019165,27629100,1049.3399658203125
2009-09-15,5.769999980926514,5.940000057220459,5.71999979019165,5.880000114440918,5.880000114440918,26757300,1052.6300048828125
2009-09-16,5.849999904632568,5.869999885559082,5.570000171661377,5.690000057220459,5.690000057220459,43399700,1068.760009765625
2009-09-17,5.690000057220459,5.78000020980835,5.550000190734863,5.670000076293945,5.670000076293945,38169500,1065.489990234375
2009-09-18,5.739999771118164,5.75,5.429999828338623,5.699999809265137,5.699999809265137,34251800,1068.300048828125
2009-09-21,5.570000171661377,5.889999866485596,5.559999942779541,5.809999942779541,5.809999942779541,26292700,1064.6600341796875
2009-09-22,5.909999847412109,6.300000190734863,5.840000152587891,6.079999923706055,6.079999923706055,39994300,1071.6600341796875
2009-09-23,6.179999828338623,6.28000020980835,6.0,6.019999980926514,6.019999980926514,34479800,1060.8699951171875
2009-09-24,6.059999942779541,6.090000152587891,5.570000171661377,5.659999847412109,5.659999847412109,36318200,1050.780029296875
2009-09-25,5.519999980926514,5.829999923706055,5.510000228881836,5.829999923706055,5.829999923706055,29820800,1044.3800048828125
2009-09-28,5.869999885559082,6.059999942779541,5.789999961853027,5.940000057220459,5.940000057220459,20247100,1062.97998046875
2009-09-29,5.849999904632568,6.099999904632568,5.71999979019165,5.78000020980835,5.78000020980835,31086500,1060.6099853515625
2009-09-30,5.800000190734863,5.849999904632568,5.590000152587891,5.659999847412109,5.659999847412109,37557200,1057.0799560546875
2009-10-01,5.619999885559082,5.650000095367432,5.269999980926514,5.389999866485596,5.389999866485596,42759500,1029.8499755859375
2009-10-02,5.21999979019165,5.449999809265137,5.050000190734863,5.309999942779541,5.309999942779541,31821800,1025.2099609375
2009-10-05,5.150000095367432,5.630000114440918,5.119999885559082,5.539999961853027,5.539999961853027,29232100,1040.4599609375
2009-10-06,5.670000076293945,5.78000020980835,5.53000020980835,5.639999866485596,5.639999866485596,21908400,1054.719970703125
2009-10-07,5.659999847412109,5.690000057220459,5.519999980926514,5.539999961853027,5.539999961853027,16911100,1057.5799560546875
2009-10-08,5.579999923706055,5.670000076293945,5.460000038146973,5.510000228881836,5.510000228881836,20299300,1065.47998046875
2009-10-09,5.510000228881836,5.900000095367432,5.510000228881836,5.880000114440918,5.880000114440918,27325500,1071.489990234375
2009-10-12,6.130000114440918,6.289999961853027,6.079999923706055,6.139999866485596,6.139999866485596,38595800,1076.18994140625
2009-10-13,6.210000038146973,6.21999979019165,6.059999942779541,6.079999923706055,6.079999923706055,29647100,1073.18994140625
2009-10-14,6.309999942779541,6.360000133514404,6.159999847412109,6.25,6.25,32294400,1092.02001953125
2009-10-15,6.210000038146973,6.230000019073486,6.050000190734863,6.190000057220459,6.190000057220459,37778500,1096.56005859375
2009-10-16,5.889999866485596,5.940000057220459,5.650000095367432,5.739999771118164,5.739999771118164,62203100,1087.6800537109375
2009-10-19,5.78000020980835,5.889999866485596,5.679999828338623,5.869999885559082,5.869999885559082,20547600,1097.9100341796875
2009-10-20,5.940000057220459,6.179999828338623,5.920000076293945,5.980000019073486,5.980000019073486,35580300,1091.06005859375
2009-10-21,5.889999866485596,6.070000171661377,5.699999809265137,5.769999980926514,5.769999980926514,27058800,1081.4000244140625
2009-10-22,5.760000228881836,5.869999885559082,5.610000133514404,5.829999923706055,5.829999923706055,21176900,1092.9100341796875
2009-10-23,5.929999828338623,5.929999828338623,5.519999980926514,5.599999904632568,5.599999904632568,26662900,1079.5999755859375
2009-10-26,5.619999885559082,5.710000038146973,5.340000152587891,5.420000076293945,5.420000076293945,26803400,1066.949951171875
2009-10-27,5.420000076293945,5.46999979019165,5.070000171661377,5.150000095367432,5.150000095367432,31030200,1063.4100341796875
2009-10-28,4.980000019073486,5.019999980926514,4.75,4.849999904632568,4.849999904632568,30672900,1042.6300048828125
2009-10-29,4.949999809265137,5.099999904632568,4.900000095367432,4.929999828338623,4.929999828338623,27195300,1066.1099853515625
2009-10-30,4.980000019073486,4.980000019073486,4.550000190734863,4.599999904632568,4.599999904632568,31600900,1036.18994140625
2009-11-02,4.679999828338623,4.78000020980835,4.440000057220459,4.599999904632568,4.599999904632568,23885000,1042.8800048828125
2009-11-03,4.489999771118164,4.650000095367432,4.329999923706055,4.639999866485596,4.639999866485596,23046700,1045.4100341796875
2009-11-04,4.710000038146973,4.880000114440918,4.670000076293945,4.690000057220459,4.690000057220459,25223500,1046.5
2009-11-05,4.809999942779541,4.860000133514404,4.71999979019165,4.829999923706055,4.829999923706055,14731100,1066.6300048828125
2009-11-06,4.840000152587891,5.050000190734863,4.789999961853027,5.039999961853027,5.039999961853027,20953200,1069.300048828125
2009-11-09,5.119999885559082,5.239999771118164,5.099999904632568,5.210000038146973,5.210000038146973,15821100,1093.0799560546875
2009-11-10,5.199999809265137,5.309999942779541,5.070000171661377,5.139999866485596,5.139999866485596,16308400,1093.010009765625
2009-11-11,5.230000019073486,5.349999904632568,5.199999809265137,5.320000171661377,5.320000171661377,24533200,1098.510009765625
2009-11-12,6.639999866485596,6.730000019073486,6.349999904632568,6.480000019073486,6.480000019073486,163101700,1087.239990234375
2009-11-13,6.260000228881836,6.559999942779541,6.170000076293945,6.53000020980835,6.53000020980835,68140400,1093.47998046875
2009-11-16,6.559999942779541,6.699999809265137,6.320000171661377,6.429999828338623,6.429999828338623,48798900,1109.300048828125
2009-11-17,6.369999885559082,6.639999866485596,6.349999904632568,6.619999885559082,6.619999885559082,26734100,1110.3199462890625
2009-11-18,6.710000038146973,7.329999923706055,6.699999809265137,7.320000171661377,7.320000171661377,79142400,1109.800048828125
2009-11-19,7.199999809265137,7.300000190734863,6.78000020980835,7.050000190734863,7.050000190734863,65901400,1094.9000244140625
2009-11-20,6.900000095367432,7.0,6.800000190734863,6.949999809265137,6.949999809265137,28226700,1091.3800048828125
2009-11-23,7.03000020980835,7.150000095367432,6.940000057220459,7.0,7.0,29284300,1106.239990234375
2009-11-24,7.010000228881836,7.070000171661377,6.829999923706055,6.949999809265137,6.949999809265137,18549700,1105.6500244140625
2009-11-25,7.010000228881836,7.119999885559082,6.96999979019165,7.110000133514404,7.110000133514404,16390300,1110.6300048828125
2009-11-27,6.690000057220459,7.0,6.679999828338623,6.849999904632568,6.849999904632568,16185100,1091.489990234375
2009-11-30,6.900000095367432,7.010000228881836,6.78000020980835,7.010000228881836,7.010000228881836,19388300,1095.6300048828125
2009-12-01,7.110000133514404,7.25,7.010000228881836,7.199999809265137,7.199999809265137,23136400,1108.8599853515625
2009-12-02,7.210000038146973,7.5,7.210000038146973,7.300000190734863,7.300000190734863,26906700,1109.239990234375
2009-12-03,7.369999885559082,8.229999542236328,7.360000133514404,8.029999732971191,8.029999732971191,69019800,1099.9200439453125
2009-12-04,8.09000015258789,8.25,7.650000095367432,7.860000133514404,7.860000133514404,43885500,1105.97998046875
2009-12-07,8.25,8.609999656677246,8.229999542236328,8.520000457763672,8.520000457763672,45635400,1103.25
2009-12-08,8.430000305175781,8.819999694824219,8.34000015258789,8.670000076293945,8.670000076293945,41620000,1091.93994140625
2009-12-09,8.8100004196167,8.869999885559082,8.550000190734863,8.710000038146973,8.710000038146973,30324700,1095.949951171875
2009-12-10,8.819999694824219,8.899999618530273,8.569999694824219,8.579999923706055,8.579999923706055,26101900,1102.3499755859375
2009-12-11,8.609999656677246,8.6899995803833,8.430000305175781,8.640000343322754,8.640000343322754,20052900,1106.4100341796875
2009-12-14,8.8100004196167,8.84000015258789,8.579999923706055,8.680000305175781,8.680000305175781,24243900,1114.1099853515625
2009-12-15,8.649999618530273,9.079999923706056,8.569999694824219,8.819999694824219,8.819999694824219,30510200,1107.9300537109375
2009-12-16,9.140000343322754,9.390000343322754,8.819999694824219,9.149999618530272,9.149999618530272,43161900,1109.1800537109375
2009-12-17,9.029999732971191,9.300000190734863,9.0,9.119999885559082,9.119999885559082,19954300,1096.0799560546875
2009-12-18,9.0,9.119999885559082,8.930000305175781,9.050000190734863,9.050000190734863,15956300,1102.469970703125
2009-12-21,9.09000015258789,9.59000015258789,9.010000228881836,9.529999732971191,9.529999732971191,30422500,1114.050048828125
2009-12-22,9.550000190734863,9.760000228881836,9.289999961853027,9.43000030517578,9.43000030517578,26229900,1118.02001953125
2009-12-23,9.449999809265137,9.6899995803833,9.420000076293944,9.670000076293944,9.670000076293944,19547900,1120.5899658203125
2009-12-24,9.789999961853027,9.949999809265137,9.779999732971191,9.90999984741211,9.90999984741211,11332000,1126.47998046875
2009-12-28,9.970000267028809,10.039999961853027,9.710000038146973,9.829999923706056,9.829999923706056,17266400,1127.780029296875
2009-12-29,9.8100004196167,9.90999984741211,9.4399995803833,9.75,9.75,20986000,1126.199951171875
2009-12-30,9.630000114440918,9.829999923706056,9.579999923706056,9.720000267028809,9.720000267028809,14407600,1126.4200439453125
2009-12-31,9.75,9.770000457763672,9.630000114440918,9.68000030517578,9.68000030517578,9396500,1115.0999755859375
2010-01-04,9.789999961853027,9.899999618530272,9.68000030517578,9.699999809265137,9.699999809265137,18748700,1132.989990234375
2010-01-05,9.710000038146973,9.899999618530272,9.68000030517578,9.710000038146973,9.710000038146973,22145700,1136.52001953125
2010-01-06,9.68000030517578,9.760000228881836,9.550000190734863,9.56999969482422,9.56999969482422,18643400,1137.1400146484375
2010-01-07,9.510000228881836,9.550000190734863,9.18000030517578,9.470000267028809,9.470000267028809,26806800,1141.68994140625
2010-01-08,9.369999885559082,9.470000267028809,9.289999961853027,9.43000030517578,9.43000030517578,13752800,1144.97998046875
2010-01-11,9.380000114440918,9.4399995803833,9.079999923706056,9.140000343322754,9.140000343322754,23700100,1146.97998046875
2010-01-12,8.890000343322754,8.920000076293945,8.520000457763672,8.649999618530273,8.649999618530273,33387100,1136.219970703125
2010-01-13,8.710000038146973,9.199999809265137,8.550000190734863,9.149999618530272,9.149999618530272,32741900,1145.6800537109375
2010-01-14,9.18000030517578,9.260000228881836,8.920000076293945,9.0,9.0,22556600,1148.4599609375
2010-01-15,9.130000114440918,9.1899995803833,8.800000190734863,8.84000015258789,8.84000015258789,34336600,1136.030029296875
2010-01-19,8.84000015258789,9.210000038146973,8.84000015258789,9.010000228881836,9.010000228881836,24866200,1150.22998046875
2010-01-20,8.979999542236328,9.0,8.760000228881836,8.869999885559082,8.869999885559082,22813600,1138.0400390625
2010-01-21,9.010000228881836,9.100000381469728,8.770000457763672,8.989999771118164,8.989999771118164,37888700,1116.47998046875
2010-01-22,8.550000190734863,8.5600004196167,7.820000171661377,7.880000114440918,7.880000114440918,69136400,1091.760009765625
2010-01-25,8.010000228881836,8.140000343322754,7.929999828338623,8.069999694824219,8.069999694824219,20560000,1096.780029296875
2010-01-26,8.029999732971191,8.1899995803833,7.929999828338623,8.09000015258789,8.09000015258789,20946600,1092.1700439453125
2010-01-27,8.029999732971191,8.220000267028809,7.909999847412109,8.1899995803833,8.1899995803833,26832700,1097.5
2010-01-28,8.239999771118164,8.25,7.710000038146973,7.880000114440918,7.880000114440918,32084100,1084.530029296875
2010-01-29,8.010000228881836,8.100000381469727,7.300000190734863,7.460000038146973,7.460000038146973,37457700,1073.8699951171875
2010-02-01,7.610000133514404,7.980000019073486,7.53000020980835,7.980000019073486,7.980000019073486,25476400,1089.18994140625
2010-02-02,7.739999771118164,7.960000038146973,7.71999979019165,7.909999847412109,7.909999847412109,21110900,1103.3199462890625
2010-02-03,7.829999923706055,7.960000038146973,7.760000228881836,7.809999942779541,7.809999942779541,14521900,1097.280029296875
2010-02-04,7.639999866485596,7.650000095367432,7.099999904632568,7.190000057220459,7.190000057220459,33172200,1063.1099853515625
2010-02-05,7.130000114440918,7.369999885559082,6.980000019073486,7.349999904632568,7.349999904632568,28808300,1066.18994140625
2010-02-08,7.380000114440918,7.619999885559082,7.28000020980835,7.420000076293945,7.420000076293945,24304200,1056.739990234375
2010-02-09,7.590000152587891,7.639999866485596,7.420000076293945,7.539999961853027,7.539999961853027,19978100,1070.52001953125
2010-02-10,7.46999979019165,7.710000038146973,7.449999809265137,7.639999866485596,7.639999866485596,17269400,1068.1300048828125
2010-02-11,7.670000076293945,7.900000095367432,7.599999904632568,7.840000152587891,7.840000152587891,14973100,1078.469970703125
2010-02-12,7.710000038146973,8.0,7.650000095367432,7.869999885559082,7.869999885559082,21788000,1075.510009765625
2010-02-16,7.909999847412109,8.140000343322754,7.869999885559082,8.0600004196167,8.0600004196167,13579100,1094.8699951171875
2010-02-17,8.109999656677246,8.199999809265137,7.940000057220459,8.029999732971191,8.029999732971191,12019200,1099.510009765625
2010-02-18,7.980000019073486,8.079999923706055,7.869999885559082,7.949999809265137,7.949999809265137,14677000,1106.75
2010-02-19,7.820000171661377,7.989999771118164,7.820000171661377,7.929999828338623,7.929999828338623,8107300,1109.1700439453125
2010-02-22,7.960000038146973,8.0,7.829999923706055,7.900000095367432,7.900000095367432,9708700,1108.010009765625
2010-02-23,7.909999847412109,7.940000057220459,7.690000057220459,7.789999961853027,7.789999961853027,15566700,1094.5999755859375
2010-02-24,7.78000020980835,8.100000381469727,7.769999980926514,8.050000190734863,8.050000190734863,16543800,1105.239990234375
2010-02-25,7.880000114440918,7.889999866485596,7.619999885559082,7.889999866485596,7.889999866485596,20955600,1102.93994140625
2010-02-26,7.829999923706055,7.960000038146973,7.679999828338623,7.909999847412109,7.909999847412109,17085200,1104.489990234375
2010-03-01,7.940000057220459,8.25,7.940000057220459,8.210000038146973,8.210000038146973,14856000,1115.7099609375
2010-03-02,8.329999923706055,8.600000381469727,8.289999961853027,8.380000114440918,8.380000114440918,25506100,1118.31005859375
2010-03-03,8.4399995803833,8.550000190734863,8.279999732971191,8.350000381469727,8.350000381469727,14260800,1118.7900390625
2010-03-04,8.369999885559082,8.5,8.279999732971191,8.5,8.5,14448000,1122.969970703125
2010-03-05,8.550000190734863,8.699999809265137,8.479999542236328,8.609999656677246,8.609999656677246,14826400,1138.699951171875
2010-03-08,8.65999984741211,8.6899995803833,8.510000228881836,8.640000343322754,8.640000343322754,12760000,1138.5
2010-03-09,8.5,8.6899995803833,8.430000305175781,8.630000114440918,8.630000114440918,17664900,1140.449951171875
2010-03-10,8.600000381469727,9.09000015258789,8.59000015258789,8.920000076293945,8.920000076293945,23426900,1145.6099853515625
2010-03-11,8.90999984741211,9.0,8.739999771118164,8.949999809265137,8.949999809265137,15977800,1150.239990234375
2010-03-12,9.039999961853027,9.039999961853027,8.899999618530273,8.930000305175781,8.930000305175781,12802500,1149.989990234375
2010-03-15,8.880000114440918,8.949999809265137,8.800000190734863,8.920000076293945,8.920000076293945,11428900,1150.510009765625
2010-03-16,8.949999809265137,9.420000076293944,8.9399995803833,9.399999618530272,9.399999618530272,25356300,1159.4599609375
2010-03-17,9.470000267028809,9.739999771118164,9.420000076293944,9.670000076293944,9.670000076293944,23574800,1166.2099609375
2010-03-18,9.619999885559082,9.65999984741211,9.260000228881836,9.390000343322754,9.390000343322754,17772300,1165.8299560546875
2010-03-19,9.109999656677246,9.40999984741211,9.100000381469728,9.109999656677246,9.109999656677246,15938000,1159.9000244140625
2010-03-22,8.90999984741211,9.31999969482422,8.789999961853027,9.3100004196167,9.3100004196167,15101100,1165.81005859375
2010-03-23,9.34000015258789,9.489999771118164,9.260000228881836,9.449999809265137,9.449999809265137,10623200,1174.1700439453125
2010-03-24,9.380000114440918,9.380000114440918,9.199999809265137,9.229999542236328,9.229999542236328,12096100,1167.719970703125
2010-03-25,9.350000381469728,9.4399995803833,9.020000457763672,9.029999732971191,9.029999732971191,15824100,1165.72998046875
2010-03-26,9.109999656677246,9.1899995803833,8.90999984741211,9.020000457763672,9.020000457763672,12158100,1166.5899658203125
2010-03-29,9.079999923706056,9.199999809265137,9.0600004196167,9.109999656677246,9.109999656677246,9621900,1173.219970703125
2010-03-30,9.210000038146973,9.279999732971191,9.09000015258789,9.270000457763672,9.270000457763672,13451600,1173.27001953125
2010-03-31,9.149999618530272,9.4399995803833,9.130000114440918,9.270000457763672,9.270000457763672,12850100,1169.4300537109375
2010-04-01,9.34000015258789,9.489999771118164,9.220000267028809,9.369999885559082,9.369999885559082,11757400,1178.0999755859375
2010-04-05,9.470000267028809,9.539999961853027,9.420000076293944,9.529999732971191,9.529999732971191,10467800,1187.43994140625
2010-04-06,9.4399995803833,9.489999771118164,9.18000030517578,9.350000381469728,9.350000381469728,18738400,1189.43994140625
2010-04-07,9.380000114440918,9.829999923706056,9.25,9.65999984741211,9.65999984741211,29125500,1182.449951171875
2010-04-08,9.630000114440918,9.630000114440918,9.329999923706056,9.420000076293944,9.420000076293944,21494000,1186.43994140625
2010-04-09,9.489999771118164,9.579999923706056,9.279999732971191,9.300000190734863,9.300000190734863,24207600,1194.3699951171875
2010-04-12,9.369999885559082,9.529999732971191,9.350000381469728,9.420000076293944,9.420000076293944,16578500,1196.47998046875
2010-04-13,9.420000076293944,9.59000015258789,9.350000381469728,9.5600004196167,9.5600004196167,15125200,1197.300048828125
2010-04-14,9.81999969482422,9.970000267028809,9.710000038146973,9.890000343322754,9.890000343322754,29201400,1210.6500244140625
2010-04-15,9.970000267028809,10.239999771118164,9.899999618530272,10.15999984741211,10.15999984741211,55096500,1211.6700439453125
2010-04-16,9.779999732971191,9.899999618530272,9.369999885559082,9.8100004196167,9.8100004196167,67757600,1192.1300048828125
2010-04-19,9.729999542236328,9.84000015258789,9.289999961853027,9.579999923706056,9.579999923706056,27868200,1197.52001953125
2010-04-20,9.739999771118164,9.8100004196167,9.630000114440918,9.770000457763672,9.770000457763672,21244700,1207.1700439453125
2010-04-21,9.800000190734863,9.90999984741211,9.489999771118164,9.779999732971191,9.779999732971191,28651400,1205.93994140625
2010-04-22,9.56999969482422,9.899999618530272,9.449999809265137,9.859999656677246,9.859999656677246,22389600,1208.6700439453125
2010-04-23,9.8100004196167,9.850000381469728,9.609999656677246,9.760000228881836,9.760000228881836,18841700,1217.280029296875
2010-04-26,9.800000190734863,10.149999618530272,9.699999809265137,9.970000267028809,9.970000267028809,24335500,1212.050048828125
2010-04-27,9.84000015258789,10.0600004196167,9.529999732971191,9.579999923706056,9.579999923706056,27169000,1183.7099609375
2010-04-28,9.6899995803833,9.800000190734863,9.350000381469728,9.550000190734863,9.550000190734863,23028300,1191.3599853515625
2010-04-29,9.699999809265137,9.779999732971191,9.59000015258789,9.720000267028809,9.720000267028809,14350400,1206.780029296875
2010-04-30,9.720000267028809,9.720000267028809,9.0600004196167,9.06999969482422,9.06999969482422,37974900,1186.68994140625
2010-05-03,9.18000030517578,9.380000114440918,9.020000457763672,9.289999961853027,9.289999961853027,27504700,1202.260009765625
2010-05-04,9.079999923706056,9.079999923706056,8.539999961853027,8.680000305175781,8.680000305175781,46482500,1173.5999755859375
2010-05-05,8.4399995803833,8.880000114440918,8.350000381469727,8.579999923706055,8.579999923706055,36757300,1165.8699951171875
2010-05-06,8.579999923706055,8.720000267028809,7.809999942779541,8.270000457763672,8.270000457763672,44875400,1128.1500244140625
2010-05-07,8.300000190734863,8.670000076293945,7.920000076293945,8.380000114440918,8.380000114440918,48469500,1110.8800048828125
2010-05-10,8.920000076293945,9.029999732971191,8.3100004196167,8.989999771118164,8.989999771118164,34695700,1159.72998046875
2010-05-11,8.850000381469727,9.289999961853027,8.75,9.06999969482422,9.06999969482422,41062100,1155.7900390625
2010-05-12,9.199999809265137,9.579999923706056,9.149999618530272,9.489999771118164,9.489999771118164,33567100,1171.6700439453125
2010-05-13,9.520000457763672,9.779999732971191,9.31999969482422,9.420000076293944,9.420000076293944,33222600,1157.43994140625
2010-05-14,9.239999771118164,9.3100004196167,8.569999694824219,8.800000190734863,8.800000190734863,59018500,1135.6800537109375
2010-05-17,8.75,8.869999885559082,8.470000267028809,8.850000381469727,8.850000381469727,27721900,1136.93994140625
2010-05-18,8.960000038146973,9.010000228881836,8.369999885559082,8.420000076293945,8.420000076293945,29716300,1120.800048828125
2010-05-19,8.229999542236328,8.630000114440918,8.199999809265137,8.470000267028809,8.470000267028809,29864100,1115.050048828125
2010-05-20,8.270000457763672,8.369999885559082,8.0,8.09000015258789,8.09000015258789,37502700,1071.5899658203125
2010-05-21,7.869999885559082,8.550000190734863,7.75,8.399999618530273,8.399999618530273,39732500,1087.68994140625
2010-05-24,8.319999694824219,8.5600004196167,8.069999694824219,8.09000015258789,8.09000015258789,24504000,1073.6500244140625
2010-05-25,7.75,8.149999618530273,7.679999828338623,8.149999618530273,8.149999618530273,30410500,1074.030029296875
2010-05-26,8.390000343322754,8.59000015258789,8.180000305175781,8.220000267028809,8.220000267028809,37479100,1067.949951171875
2010-05-27,8.449999809265137,8.800000190734863,8.399999618530273,8.800000190734863,8.800000190734863,24221900,1103.06005859375
2010-05-28,8.84000015258789,8.869999885559082,8.449999809265137,8.569999694824219,8.569999694824219,28073700,1089.4100341796875
2010-06-01,8.430000305175781,8.430000305175781,8.140000343322754,8.140000343322754,8.140000343322754,31201200,1070.7099609375
2010-06-02,8.260000228881836,8.539999961853027,8.109999656677246,8.539999961853027,8.539999961853027,24157900,1098.3800048828125
2010-06-03,8.59000015258789,8.729999542236328,8.359999656677246,8.6899995803833,8.6899995803833,22533800,1102.8299560546875
2010-06-04,8.420000076293945,8.670000076293945,8.010000228881836,8.109999656677246,8.109999656677246,37657500,1064.8800048828125
2010-06-07,8.199999809265137,8.220000267028809,7.639999866485596,7.710000038146973,7.710000038146973,27240400,1050.469970703125
2010-06-08,7.75,7.880000114440918,7.420000076293945,7.769999980926514,7.769999980926514,36007300,1062.0
2010-06-09,7.909999847412109,8.050000190734863,7.579999923706055,7.610000133514404,7.610000133514404,24756300,1055.68994140625
2010-06-10,7.78000020980835,8.039999961853027,7.739999771118164,8.010000228881836,8.010000228881836,27986700,1086.8399658203125
2010-06-11,7.849999904632568,8.180000305175781,7.809999942779541,8.119999885559082,8.119999885559082,21054300,1091.5999755859375
2010-06-14,8.3100004196167,8.449999809265137,8.239999771118164,8.279999732971191,8.279999732971191,21793500,1089.6300048828125
2010-06-15,8.350000381469727,8.880000114440918,8.34000015258789,8.819999694824219,8.819999694824219,35702500,1115.22998046875
2010-06-16,8.729999542236328,9.1899995803833,8.649999618530273,8.899999618530273,8.899999618530273,33576700,1114.6099853515625
2010-06-17,9.050000190734863,9.050000190734863,8.710000038146973,8.90999984741211,8.90999984741211,21712000,1116.0400390625
2010-06-18,8.920000076293945,9.050000190734863,8.770000457763672,8.829999923706055,8.829999923706055,16524200,1117.510009765625
2010-06-21,9.029999732971191,9.15999984741211,8.710000038146973,8.800000190734863,8.800000190734863,25872100,1113.199951171875
2010-06-22,8.8100004196167,9.020000457763672,8.539999961853027,8.579999923706055,8.579999923706055,23876600,1095.31005859375
2010-06-23,8.630000114440918,8.800000190734863,8.479999542236328,8.5600004196167,8.5600004196167,23040500,1092.0400390625
2010-06-24,8.510000228881836,8.569999694824219,8.050000190734863,8.130000114440918,8.130000114440918,31282200,1073.68994140625
2010-06-25,8.220000267028809,8.220000267028809,7.929999828338623,8.09000015258789,8.09000015258789,22859400,1076.760009765625
2010-06-28,8.140000343322754,8.239999771118164,7.960000038146973,8.050000190734863,8.050000190734863,21544000,1074.5699462890625
2010-06-29,7.929999828338623,7.929999828338623,7.409999847412109,7.480000019073486,7.480000019073486,43861400,1041.239990234375
2010-06-30,7.579999923706055,7.650000095367432,7.300000190734863,7.320000171661377,7.320000171661377,26406200,1030.7099609375
2010-07-01,7.349999904632568,7.53000020980835,7.099999904632568,7.389999866485596,7.389999866485596,27289900,1027.3699951171875
2010-07-02,7.449999809265137,7.480000019073486,7.019999980926514,7.170000076293945,7.170000076293945,26074800,1022.5800170898438
2010-07-06,7.400000095367432,7.420000076293945,6.960000038146973,7.039999961853027,7.039999961853027,25868800,1028.06005859375
2010-07-07,7.039999961853027,7.409999847412109,7.039999961853027,7.389999866485596,7.389999866485596,23676900,1060.27001953125
2010-07-08,7.519999980926514,7.519999980926514,7.21999979019165,7.369999885559082,7.369999885559082,21847000,1070.25
2010-07-09,7.340000152587891,7.349999904632568,7.139999866485596,7.340000152587891,7.340000152587891,20373000,1077.9599609375
2010-07-12,7.380000114440918,7.599999904632568,7.320000171661377,7.360000133514404,7.360000133514404,36053000,1078.75
2010-07-13,7.599999904632568,7.690000057220459,7.429999828338623,7.519999980926514,7.519999980926514,39013900,1095.3399658203125
2010-07-14,7.820000171661377,7.820000171661377,7.329999923706055,7.440000057220459,7.440000057220459,49139700,1095.1700439453125
2010-07-15,7.460000038146973,7.480000019073486,7.179999828338623,7.409999847412109,7.409999847412109,51384100,1096.47998046875
2010-07-16,7.28000020980835,7.590000152587891,7.110000133514404,7.369999885559082,7.369999885559082,72988600,1064.8800048828125
2010-07-19,7.409999847412109,7.539999961853027,7.21999979019165,7.440000057220459,7.440000057220459,27901000,1071.25
2010-07-20,7.210000038146973,7.630000114440918,7.150000095367432,7.599999904632568,7.599999904632568,30643500,1083.47998046875
2010-07-21,7.610000133514404,7.650000095367432,7.349999904632568,7.400000095367432,7.400000095367432,28174700,1069.5899658203125
2010-07-22,7.489999771118164,7.679999828338623,7.360000133514404,7.610000133514404,7.610000133514404,25149600,1093.6700439453125
2010-07-23,7.570000171661377,7.840000152587891,7.460000038146973,7.820000171661377,7.820000171661377,28582400,1102.6600341796875
2010-07-26,7.820000171661377,8.100000381469727,7.679999828338623,8.069999694824219,8.069999694824219,32459900,1115.010009765625
2010-07-27,8.140000343322754,8.25,8.029999732971191,8.210000038146973,8.210000038146973,34586300,1113.8399658203125
2010-07-28,8.09000015258789,8.199999809265137,7.880000114440918,7.980000019073486,7.980000019073486,30818500,1106.1300048828125
2010-07-29,7.880000114440918,7.880000114440918,7.579999923706055,7.78000020980835,7.78000020980835,40211700,1101.530029296875
2010-07-30,7.610000133514404,7.670000076293945,7.409999847412109,7.489999771118164,7.489999771118164,35900700,1101.5999755859375
2010-08-02,7.630000114440918,7.769999980926514,7.46999979019165,7.650000095367432,7.650000095367432,29109400,1125.8599853515625
2010-08-03,7.570000171661377,7.590000152587891,7.409999847412109,7.510000228881836,7.510000228881836,20259500,1120.4599609375
2010-08-04,7.550000190734863,7.610000133514404,7.440000057220459,7.519999980926514,7.519999980926514,18846500,1127.239990234375
2010-08-05,7.489999771118164,7.619999885559082,7.449999809265137,7.5,7.5,14581900,1125.81005859375
2010-08-06,7.489999771118164,7.71999979019165,7.429999828338623,7.449999809265137,7.449999809265137,33055500,1121.6400146484375
2010-08-09,7.480000019073486,7.519999980926514,7.380000114440918,7.420000076293945,7.420000076293945,26503200,1127.7900390625
2010-08-10,7.059999942779541,7.130000114440918,6.75,6.829999923706055,6.829999923706055,80795900,1121.06005859375
2010-08-11,6.630000114440918,6.679999828338623,6.409999847412109,6.489999771118164,6.489999771118164,54953600,1089.469970703125
2010-08-12,6.349999904632568,6.75,6.260000228881836,6.570000171661377,6.570000171661377,55112400,1083.6099853515625
2010-08-13,6.599999904632568,6.71999979019165,6.46999979019165,6.489999771118164,6.489999771118164,24334500,1079.25
2010-08-16,6.46999979019165,6.710000038146973,6.429999828338623,6.619999885559082,6.619999885559082,20081000,1079.3800048828125
2010-08-17,6.71999979019165,6.769999980926514,6.619999885559082,6.630000114440918,6.630000114440918,14697000,1092.5400390625
2010-08-18,6.619999885559082,6.659999847412109,6.510000228881836,6.570000171661377,6.570000171661377,20106000,1094.1600341796875
2010-08-19,6.480000019073486,6.550000190734863,6.28000020980835,6.420000076293945,6.420000076293945,21654500,1075.6300048828125
2010-08-20,6.360000133514404,6.440000057220459,6.190000057220459,6.25,6.25,23001300,1071.68994140625
2010-08-23,6.300000190734863,6.360000133514404,6.110000133514404,6.139999866485596,6.139999866485596,22085300,1067.3599853515625
2010-08-24,6.0,6.210000038146973,5.940000057220459,5.989999771118164,5.989999771118164,32883400,1051.8699951171875
2010-08-25,5.920000076293945,6.179999828338623,5.849999904632568,6.130000114440918,6.130000114440918,27782400,1055.3299560546875
2010-08-26,6.190000057220459,6.21999979019165,5.829999923706055,5.869999885559082,5.869999885559082,28958300,1047.219970703125
2010-08-27,5.940000057220459,6.090000152587891,5.53000020980835,6.079999923706055,6.079999923706055,49323200,1064.5899658203125
2010-08-30,6.019999980926514,6.079999923706055,5.769999980926514,5.78000020980835,5.78000020980835,23624200,1048.9200439453125
2010-08-31,5.690000057220459,5.800000190734863,5.570000171661377,5.610000133514404,5.610000133514404,28571000,1049.3299560546875
2010-09-01,5.75,5.860000133514404,5.679999828338623,5.760000228881836,5.760000228881836,34998400,1080.2900390625
2010-09-02,5.820000171661377,5.960000038146973,5.699999809265137,5.929999828338623,5.929999828338623,24411300,1090.0999755859375
2010-09-03,6.050000190734863,6.119999885559082,5.889999866485596,6.090000152587891,6.090000152587891,22285200,1104.510009765625
2010-09-07,6.039999961853027,6.179999828338623,5.949999809265137,5.949999809265137,5.949999809265137,21679600,1091.8399658203125
2010-09-08,5.960000038146973,5.960000038146973,5.789999961853027,5.829999923706055,5.829999923706055,19381400,1098.8699951171875
2010-09-09,5.949999809265137,5.949999809265137,5.820000171661377,5.860000133514404,5.860000133514404,17213400,1104.1800537109375
2010-09-10,5.880000114440918,5.900000095367432,5.670000076293945,5.809999942779541,5.809999942779541,23117800,1109.550048828125
2010-09-13,5.889999866485596,6.340000152587891,5.889999866485596,6.179999828338623,6.179999828338623,51746600,1121.9000244140625
2010-09-14,6.159999847412109,6.46999979019165,6.079999923706055,6.269999980926514,6.269999980926514,33687400,1121.0999755859375
2010-09-15,6.25,6.289999961853027,6.130000114440918,6.21999979019165,6.21999979019165,18351800,1125.0699462890625
2010-09-16,6.210000038146973,6.25,6.099999904632568,6.150000095367432,6.150000095367432,21556800,1124.6600341796875
2010-09-17,6.210000038146973,6.21999979019165,6.090000152587891,6.119999885559082,6.119999885559082,20223700,1125.5899658203125
2010-09-20,6.159999847412109,6.170000076293945,6.019999980926514,6.090000152587891,6.090000152587891,22871300,1142.7099609375
2010-09-21,6.099999904632568,6.25,6.059999942779541,6.170000076293945,6.170000076293945,20615600,1139.780029296875
2010-09-22,6.119999885559082,6.269999980926514,6.059999942779541,6.260000228881836,6.260000228881836,27117300,1134.280029296875
2010-09-23,6.199999809265137,6.590000152587891,6.139999866485596,6.400000095367432,6.400000095367432,39689700,1124.8299560546875
2010-09-24,6.599999904632568,6.849999904632568,6.599999904632568,6.840000152587891,6.840000152587891,53726900,1148.6700439453125
2010-09-27,6.920000076293945,7.239999771118164,6.840000152587891,7.019999980926514,7.019999980926514,56266900,1142.1600341796875
2010-09-28,7.059999942779541,7.090000152587891,6.869999885559082,6.949999809265137,6.949999809265137,32223300,1147.699951171875
2010-09-29,6.869999885559082,7.340000152587891,6.849999904632568,7.28000020980835,7.28000020980835,44249400,1144.72998046875
2010-09-30,7.389999866485596,7.440000057220459,6.989999771118164,7.110000133514404,7.110000133514404,38514800,1141.199951171875
2010-10-01,7.199999809265137,7.260000228881836,7.010000228881836,7.050000190734863,7.050000190734863,27510600,1146.239990234375
2010-10-04,7.03000020980835,7.079999923706055,6.840000152587891,6.940000057220459,6.940000057220459,23042400,1137.030029296875
2010-10-05,7.039999961853027,7.119999885559082,6.889999866485596,6.980000019073486,6.980000019073486,36286400,1160.75
2010-10-06,7.010000228881836,7.050000190734863,6.78000020980835,6.860000133514404,6.860000133514404,23477400,1159.969970703125
2010-10-07,6.889999866485596,6.929999828338623,6.769999980926514,6.869999885559082,6.869999885559082,21005600,1158.06005859375
2010-10-08,6.869999885559082,7.099999904632568,6.789999961853027,7.050000190734863,7.050000190734863,25394100,1165.1500244140625
2010-10-11,7.099999904632568,7.28000020980835,7.079999923706055,7.239999771118164,7.239999771118164,24687300,1165.3199462890625
2010-10-12,7.260000228881836,7.349999904632568,7.159999847412109,7.300000190734863,7.300000190734863,27727500,1169.77001953125
2010-10-13,7.449999809265137,7.480000019073486,7.21999979019165,7.21999979019165,7.21999979019165,32283000,1178.0999755859375
2010-10-14,7.230000019073486,7.25,7.0,7.139999866485596,7.139999866485596,36306700,1173.81005859375
2010-10-15,7.360000133514404,7.389999866485596,7.010000228881836,7.119999885559082,7.119999885559082,37688100,1176.18994140625
2010-10-18,7.110000133514404,7.130000114440918,6.889999866485596,6.960000038146973,6.960000038146973,26657500,1184.7099609375
2010-10-19,6.860000133514404,7.139999866485596,6.800000190734863,6.949999809265137,6.949999809265137,39344200,1165.9000244140625
2010-10-20,6.980000019073486,7.050000190734863,6.800000190734863,6.820000171661377,6.820000171661377,45596700,1178.1700439453125
2010-10-21,6.869999885559082,6.949999809265137,6.789999961853027,6.889999866485596,6.889999866485596,23156100,1180.260009765625
2010-10-22,6.860000133514404,7.0,6.860000133514404,6.889999866485596,6.889999866485596,21180100,1183.0799560546875
2010-10-25,6.960000038146973,7.329999923706055,6.940000057220459,7.260000228881836,7.260000228881836,37042200,1185.6199951171875
2010-10-26,7.199999809265137,7.300000190734863,7.139999866485596,7.199999809265137,7.199999809265137,16114600,1185.6400146484375
2010-10-27,7.170000076293945,7.349999904632568,7.159999847412109,7.349999904632568,7.349999904632568,18477100,1182.449951171875
2010-10-28,7.360000133514404,7.679999828338623,7.340000152587891,7.630000114440918,7.630000114440918,32454500,1183.780029296875
2010-10-29,7.610000133514404,7.630000114440918,7.309999942779541,7.340000152587891,7.340000152587891,26841400,1183.260009765625
2010-11-01,7.480000019073486,7.5,7.300000190734863,7.360000133514404,7.360000133514404,20604400,1184.3800048828125
2010-11-02,7.409999847412109,7.630000114440918,7.400000095367432,7.539999961853027,7.539999961853027,21752500,1193.5699462890625
2010-11-03,7.519999980926514,7.670000076293945,7.46999979019165,7.639999866485596,7.639999866485596,20359100,1197.9599609375
2010-11-04,7.710000038146973,8.0,7.670000076293945,8.0,8.0,29582400,1221.06005859375
2010-11-05,8.029999732971191,8.15999984741211,7.96999979019165,8.039999961853027,8.039999961853027,24711800,1225.8499755859375
2010-11-08,8.029999732971191,8.220000267028809,8.029999732971191,8.140000343322754,8.140000343322754,28465800,1223.25
2010-11-09,8.220000267028809,8.239999771118164,7.849999904632568,7.909999847412109,7.909999847412109,42726500,1213.4000244140625
2010-11-10,7.889999866485596,7.940000057220459,7.699999809265137,7.75,7.75,31317300,1218.7099609375
2010-11-11,7.559999942779541,7.679999828338623,7.460000038146973,7.630000114440918,7.630000114440918,17940500,1213.5400390625
2010-11-12,7.590000152587891,7.849999904632568,7.5,7.630000114440918,7.630000114440918,34469700,1199.2099609375
2010-11-15,7.75,7.820000171661377,7.559999942779541,7.570000171661377,7.570000171661377,15867600,1197.75
2010-11-16,7.489999771118164,7.650000095367432,7.420000076293945,7.429999828338623,7.429999828338623,26840800,1178.3399658203125
2010-11-17,7.320000171661377,7.429999828338623,7.239999771118164,7.329999923706055,7.329999923706055,17761400,1178.5899658203125
2010-11-18,7.429999828338623,7.480000019073486,7.300000190734863,7.349999904632568,7.349999904632568,13942700,1196.68994140625
2010-11-19,7.360000133514404,7.53000020980835,7.269999980926514,7.46999979019165,7.46999979019165,14476000,1199.72998046875
2010-11-22,7.440000057220459,7.559999942779541,7.300000190734863,7.409999847412109,7.409999847412109,12073300,1197.8399658203125
2010-11-23,7.320000171661377,7.409999847412109,7.260000228881836,7.320000171661377,7.320000171661377,10386700,1180.72998046875
2010-11-24,7.380000114440918,7.670000076293945,7.369999885559082,7.619999885559082,7.619999885559082,14304900,1198.3499755859375
2010-11-26,7.599999904632568,7.650000095367432,7.510000228881836,7.550000190734863,7.550000190734863,4052200,1189.4000244140625
2010-11-29,7.46999979019165,7.5,7.260000228881836,7.380000114440918,7.380000114440918,15579700,1187.760009765625
2010-11-30,7.289999961853027,7.369999885559082,7.260000228881836,7.289999961853027,7.289999961853027,12917100,1180.550048828125
2010-12-01,7.409999847412109,7.599999904632568,7.369999885559082,7.510000228881836,7.510000228881836,23883600,1206.0699462890625
2010-12-02,7.559999942779541,7.630000114440918,7.489999771118164,7.539999961853027,7.539999961853027,19539900,1221.530029296875
2010-12-03,7.53000020980835,7.699999809265137,7.5,7.650000095367432,7.650000095367432,17230100,1224.7099609375
2010-12-06,7.650000095367432,7.869999885559082,7.610000133514404,7.820000171661377,7.820000171661377,22908800,1223.1199951171875
2010-12-07,7.909999847412109,8.140000343322754,7.900000095367432,8.020000457763672,8.020000457763672,31776500,1223.75
2010-12-08,7.980000019073486,8.199999809265137,7.949999809265137,8.170000076293945,8.170000076293945,19981200,1228.280029296875
2010-12-09,8.210000038146973,8.229999542236328,7.909999847412109,7.949999809265137,7.949999809265137,16823000,1233.0
2010-12-10,8.0,8.119999885559082,7.889999866485596,8.069999694824219,8.069999694824219,15130900,1240.4000244140625
2010-12-13,8.130000114440918,8.430000305175781,8.100000381469727,8.229999542236328,8.229999542236328,29524200,1240.4599609375
2010-12-14,8.229999542236328,8.270000457763672,8.0,8.050000190734863,8.050000190734863,15770200,1241.5899658203125
2010-12-15,8.0,8.239999771118164,7.96999979019165,8.020000457763672,8.020000457763672,17187800,1235.22998046875
2010-12-16,8.010000228881836,8.119999885559082,7.960000038146973,8.029999732971191,8.029999732971191,9935500,1242.8699951171875
2010-12-17,8.050000190734863,8.100000381469727,7.860000133514404,8.100000381469727,8.100000381469727,25999900,1243.9100341796875
2010-12-20,8.09000015258789,8.239999771118164,8.0600004196167,8.239999771118164,8.239999771118164,14044600,1247.0799560546875
2010-12-21,8.270000457763672,8.319999694824219,8.130000114440918,8.140000343322754,8.140000343322754,9684600,1254.5999755859375
2010-12-22,8.170000076293945,8.180000305175781,8.09000015258789,8.109999656677246,8.109999656677246,9203300,1258.8399658203125
2010-12-23,8.039999961853027,8.109999656677246,7.949999809265137,8.039999961853027,8.039999961853027,10784500,1256.77001953125
2010-12-27,8.0,8.079999923706055,7.929999828338623,8.050000190734863,8.050000190734863,8493000,1257.5400390625
2010-12-28,8.069999694824219,8.170000076293945,8.050000190734863,8.09000015258789,8.09000015258789,6138100,1258.510009765625
2010-12-29,8.100000381469727,8.149999618530273,8.0600004196167,8.079999923706055,8.079999923706055,6926400,1259.780029296875
2010-12-30,8.100000381469727,8.149999618530273,8.100000381469727,8.140000343322754,8.140000343322754,6213500,1257.8800048828125
2010-12-31,8.140000343322754,8.1899995803833,8.050000190734863,8.180000305175781,8.180000305175781,7971200,1257.6400146484375
2011-01-03,8.4399995803833,8.550000190734863,8.390000343322754,8.470000267028809,8.470000267028809,21152900,1271.8699951171875
2011-01-04,8.5600004196167,8.84000015258789,8.539999961853027,8.770000457763672,8.770000457763672,26875300,1270.199951171875
2011-01-05,8.739999771118164,8.949999809265137,8.720000267028809,8.90999984741211,8.90999984741211,19457400,1276.56005859375
2011-01-06,8.920000076293945,8.9399995803833,8.670000076293945,8.6899995803833,8.6899995803833,21198200,1273.8499755859375
2011-01-07,8.729999542236328,8.859999656677246,8.630000114440918,8.829999923706055,8.829999923706055,14062400,1271.5
2011-01-10,9.050000190734863,9.25,8.920000076293945,9.1899995803833,9.1899995803833,42654000,1269.75
2011-01-11,8.770000457763672,8.800000190734863,8.329999923706055,8.359999656677246,8.359999656677246,82092400,1274.47998046875
2011-01-12,8.40999984741211,8.5,8.359999656677246,8.390000343322754,8.390000343322754,34001000,1285.9599609375
2011-01-13,8.4399995803833,8.460000038146973,8.239999771118164,8.260000228881836,8.260000228881836,31520900,1283.760009765625
2011-01-14,8.319999694824219,8.329999923706055,8.050000190734863,8.199999809265137,8.199999809265137,38179400,1293.239990234375
2011-01-18,8.199999809265137,8.239999771118164,8.069999694824219,8.100000381469727,8.100000381469727,22013300,1295.02001953125
2011-01-19,8.130000114440918,8.170000076293945,7.900000095367432,7.929999828338623,7.929999828338623,22737700,1281.9200439453125
2011-01-20,7.880000114440918,8.020000457763672,7.849999904632568,8.020000457763672,8.020000457763672,25167900,1280.260009765625
2011-01-21,8.140000343322754,8.149999618530273,7.510000228881836,7.539999961853027,7.539999961853027,64327200,1283.3499755859375
2011-01-24,7.53000020980835,7.730000019073486,7.5,7.679999828338623,7.679999828338623,28030200,1290.8399658203125
2011-01-25,7.659999847412109,7.679999828338623,7.340000152587891,7.480000019073486,7.480000019073486,36805900,1291.1800537109375
2011-01-26,7.489999771118164,7.539999961853027,7.349999904632568,7.489999771118164,7.489999771118164,25064300,1296.6300048828125
2011-01-27,7.610000133514404,7.78000020980835,7.53000020980835,7.75,7.75,29756900,1299.5400390625
2011-01-28,7.760000228881836,7.829999923706055,7.400000095367432,7.489999771118164,7.489999771118164,33405600,1276.3399658203125
2011-01-31,7.550000190734863,8.039999961853027,7.5,7.829999923706055,7.829999923706055,42749900,1286.1199951171875
2011-02-01,8.100000381469727,8.25,8.0600004196167,8.220000267028809,8.220000267028809,40250200,1307.5899658203125
2011-02-02,8.15999984741211,8.600000381469727,8.15999984741211,8.289999961853027,8.289999961853027,36239600,1304.030029296875
2011-02-03,8.359999656677246,8.430000305175781,8.100000381469727,8.329999923706055,8.329999923706055,22946500,1307.0999755859375
2011-02-04,8.319999694824219,8.489999771118164,8.25,8.399999618530273,8.399999618530273,21103900,1310.8699951171875
2011-02-07,8.470000267028809,8.489999771118164,8.25,8.329999923706055,8.329999923706055,18586100,1319.050048828125
2011-02-08,8.279999732971191,8.300000190734863,8.09000015258789,8.239999771118164,8.239999771118164,18819100,1324.5699462890625
2011-02-09,8.180000305175781,8.319999694824219,8.029999732971191,8.229999542236328,8.229999542236328,18426800,1320.8800048828125
2011-02-10,8.100000381469727,8.25,8.079999923706055,8.220000267028809,8.220000267028809,14926600,1321.8699951171875
2011-02-11,8.15999984741211,8.289999961853027,8.119999885559082,8.279999732971191,8.279999732971191,11337700,1329.1500244140625
2011-02-14,8.260000228881836,8.739999771118164,8.25,8.630000114440918,8.630000114440918,37759600,1332.3199462890625
2011-02-15,8.600000381469727,8.760000228881836,8.4399995803833,8.600000381469727,8.600000381469727,30341600,1328.010009765625
2011-02-16,8.649999618530273,9.119999885559082,8.609999656677246,8.989999771118164,8.989999771118164,47680900,1336.3199462890625
2011-02-17,8.960000038146973,9.510000228881836,8.9399995803833,9.4399995803833,9.4399995803833,53360500,1340.4300537109375
2011-02-18,9.520000457763672,9.579999923706056,9.149999618530272,9.18000030517578,9.18000030517578,30992800,1343.010009765625
2011-02-22,8.880000114440918,9.170000076293944,8.819999694824219,8.850000381469727,8.850000381469727,32256700,1315.43994140625
2011-02-23,8.779999732971191,8.949999809265137,8.369999885559082,8.550000190734863,8.550000190734863,32335800,1307.4000244140625
2011-02-24,8.59000015258789,9.18000030517578,8.569999694824219,9.100000381469728,9.100000381469728,40939000,1306.0999755859375
2011-02-25,9.25,9.449999809265137,9.229999542236328,9.289999961853027,9.289999961853027,29307900,1319.8800048828125
2011-02-28,9.34000015258789,9.390000343322754,9.050000190734863,9.210000038146973,9.210000038146973,21558600,1327.219970703125
2011-03-01,9.270000457763672,9.31999969482422,9.0,9.029999732971191,9.029999732971191,19415000,1306.3299560546875
2011-03-02,9.050000190734863,9.34000015258789,9.050000190734863,9.170000076293944,9.170000076293944,21253600,1308.43994140625
2011-03-03,9.3100004196167,9.369999885559082,9.18000030517578,9.279999732971191,9.279999732971191,18762800,1330.969970703125
2011-03-04,9.329999923706056,9.390000343322754,9.149999618530272,9.229999542236328,9.229999542236328,23059400,1321.1500244140625
2011-03-07,9.1899995803833,9.220000267028809,8.739999771118164,8.84000015258789,8.84000015258789,29786000,1310.1300048828125
2011-03-08,8.880000114440918,9.100000381469728,8.75,8.989999771118164,8.989999771118164,20298300,1321.8199462890625
2011-03-09,8.9399995803833,8.9399995803833,8.630000114440918,8.670000076293945,8.670000076293945,23332100,1320.02001953125
2011-03-10,8.529999732971191,8.550000190734863,8.359999656677246,8.420000076293945,8.420000076293945,26255500,1295.1099853515625
2011-03-11,8.260000228881836,8.670000076293945,8.260000228881836,8.649999618530273,8.649999618530273,21127900,1304.280029296875
2011-03-14,8.5600004196167,8.75,8.350000381469727,8.430000305175781,8.430000305175781,17092200,1296.3900146484375
2011-03-15,7.989999771118164,8.34000015258789,7.929999828338623,8.279999732971191,8.279999732971191,19782900,1281.8699951171875
2011-03-16,8.279999732971191,8.460000038146973,8.050000190734863,8.119999885559082,8.119999885559082,21088500,1256.8800048828125
2011-03-17,8.289999961853027,8.399999618530273,8.199999809265137,8.3100004196167,8.3100004196167,14552000,1273.719970703125
2011-03-18,8.449999809265137,8.630000114440918,8.34000015258789,8.550000190734863,8.550000190734863,21509200,1279.2099609375
2011-03-21,8.729999542236328,8.739999771118164,8.510000228881836,8.550000190734863,8.550000190734863,13728600,1298.3800048828125
2011-03-22,8.539999961853027,8.619999885559082,8.359999656677246,8.359999656677246,8.359999656677246,11878000,1293.77001953125
2011-03-23,8.359999656677246,8.600000381469727,8.279999732971191,8.59000015258789,8.59000015258789,13611100,1297.5400390625
2011-03-24,8.65999984741211,8.850000381469727,8.609999656677246,8.829999923706055,8.829999923706055,17440600,1309.6600341796875
2011-03-25,8.779999732971191,8.899999618530273,8.729999542236328,8.880000114440918,8.880000114440918,17489100,1313.800048828125
2011-03-28,8.890000343322754,8.890000343322754,8.680000305175781,8.6899995803833,8.6899995803833,12030000,1310.18994140625
2011-03-29,8.6899995803833,8.699999809265137,8.539999961853027,8.680000305175781,8.680000305175781,14767300,1319.43994140625
2011-03-30,8.739999771118164,8.850000381469727,8.609999656677246,8.789999961853027,8.789999961853027,14592700,1328.260009765625
2011-03-31,8.770000457763672,8.850000381469727,8.569999694824219,8.600000381469727,8.600000381469727,18376500,1325.8299560546875
2011-04-01,8.609999656677246,8.6899995803833,8.270000457763672,8.359999656677246,8.359999656677246,20393200,1332.4100341796875
2011-04-04,8.399999618530273,8.420000076293945,8.010000228881836,8.100000381469727,8.100000381469727,26709200,1332.8699951171875
2011-04-05,8.229999542236328,8.350000381469727,8.100000381469727,8.109999656677246,8.109999656677246,26089100,1332.6300048828125
2011-04-06,8.220000267028809,8.510000228881836,8.170000076293945,8.430000305175781,8.430000305175781,21004600,1335.5400390625
2011-04-07,8.479999542236328,8.539999961853027,8.289999961853027,8.40999984741211,8.40999984741211,14977000,1333.510009765625
2011-04-08,8.470000267028809,8.510000228881836,8.3100004196167,8.470000267028809,8.470000267028809,19905400,1328.1700439453125
2011-04-11,8.460000038146973,8.579999923706055,8.399999618530273,8.420000076293945,8.420000076293945,16621600,1324.4599609375
2011-04-12,8.350000381469727,8.390000343322754,8.15999984741211,8.260000228881836,8.260000228881836,12465200,1314.1600341796875
2011-04-13,8.350000381469727,8.369999885559082,8.180000305175781,8.199999809265137,8.199999809265137,11568900,1314.4100341796875
2011-04-14,8.140000343322754,8.220000267028809,8.020000457763672,8.1899995803833,8.1899995803833,13562200,1314.52001953125
2011-04-15,8.199999809265137,8.279999732971191,8.079999923706055,8.270000457763672,8.270000457763672,12619500,1319.6800537109375
2011-04-18,8.109999656677246,8.279999732971191,8.010000228881836,8.199999809265137,8.199999809265137,16728600,1305.1400146484375
2011-04-19,8.210000038146973,8.289999961853027,8.15999984741211,8.270000457763672,8.270000457763672,12075200,1312.6199951171875
2011-04-20,8.479999542236328,8.649999618530273,8.40999984741211,8.630000114440918,8.630000114440918,21385600,1330.3599853515625
2011-04-21,8.729999542236328,8.770000457763672,8.630000114440918,8.710000038146973,8.710000038146973,18746500,1337.3800048828125
2011-04-25,8.670000076293945,8.720000267028809,8.420000076293945,8.699999809265137,8.699999809265137,21700300,1335.25
2011-04-26,8.699999809265137,8.920000076293945,8.640000343322754,8.880000114440918,8.880000114440918,22000000,1347.239990234375
2011-04-27,8.859999656677246,8.949999809265137,8.8100004196167,8.949999809265137,8.949999809265137,12857900,1355.6600341796875
2011-04-28,8.880000114440918,9.09000015258789,8.850000381469727,9.06999969482422,9.06999969482422,17041600,1360.47998046875
2011-04-29,9.039999961853027,9.140000343322754,9.020000457763672,9.100000381469728,9.100000381469728,11383900,1363.6099853515625
2011-05-02,9.15999984741211,9.170000076293944,8.989999771118164,9.029999732971191,9.029999732971191,10711100,1361.219970703125
2011-05-03,9.0,9.050000190734863,8.630000114440918,8.800000190734863,8.800000190734863,17344300,1356.6199951171875
2011-05-04,8.770000457763672,8.859999656677246,8.640000343322754,8.789999961853027,8.789999961853027,16845200,1347.3199462890625
2011-05-05,8.680000305175781,8.989999771118164,8.670000076293945,8.869999885559082,8.869999885559082,14692400,1335.0999755859375
2011-05-06,9.0,9.050000190734863,8.890000343322754,8.920000076293945,8.920000076293945,17439500,1340.199951171875
2011-05-09,8.930000305175781,8.970000267028809,8.829999923706055,8.9399995803833,8.9399995803833,9486900,1346.2900390625
2011-05-10,8.75,8.960000038146973,8.720000267028809,8.9399995803833,8.9399995803833,15046500,1357.1600341796875
2011-05-11,8.890000343322754,9.06999969482422,8.800000190734863,8.880000114440918,8.880000114440918,14888900,1342.0799560546875
2011-05-12,8.779999732971191,8.960000038146973,8.729999542236328,8.930000305175781,8.930000305175781,17255300,1348.6500244140625
2011-05-13,8.920000076293945,9.06999969482422,8.850000381469727,8.899999618530273,8.899999618530273,12875500,1337.77001953125
2011-05-16,8.770000457763672,8.949999809265137,8.649999618530273,8.670000076293945,8.670000076293945,16573500,1329.469970703125
2011-05-17,8.619999885559082,8.619999885559082,8.380000114440918,8.539999961853027,8.539999961853027,20017900,1328.97998046875
2011-05-18,8.529999732971191,8.729999542236328,8.520000457763672,8.670000076293945,8.670000076293945,17954500,1340.6800537109375
2011-05-19,8.619999885559082,8.710000038146973,8.550000190734863,8.640000343322754,8.640000343322754,15699700,1343.5999755859375
2011-05-20,8.579999923706055,8.699999809265137,8.539999961853027,8.619999885559082,8.619999885559082,16694300,1333.27001953125
2011-05-23,8.489999771118164,8.6899995803833,8.449999809265137,8.489999771118164,8.489999771118164,16884200,1317.3699951171875
2011-05-24,8.550000190734863,8.569999694824219,8.369999885559082,8.390000343322754,8.390000343322754,15950500,1316.280029296875
2011-05-25,8.369999885559082,8.470000267028809,8.3100004196167,8.430000305175781,8.430000305175781,12008700,1320.469970703125
2011-05-26,8.449999809265137,8.5,8.359999656677246,8.479999542236328,8.479999542236328,8118900,1325.68994140625
2011-05-27,8.529999732971191,8.600000381469727,8.4399995803833,8.489999771118164,8.489999771118164,9624700,1331.0999755859375
2011-05-31,8.5600004196167,8.710000038146973,8.529999732971191,8.680000305175781,8.680000305175781,11527400,1345.199951171875
2011-06-01,8.649999618530273,8.680000305175781,8.359999656677246,8.369999885559082,8.369999885559082,13363300,1314.550048828125
2011-06-02,8.390000343322754,8.4399995803833,8.210000038146973,8.239999771118164,8.239999771118164,15133300,1312.93994140625
2011-06-03,8.09000015258789,8.170000076293945,7.920000076293945,7.96999979019165,7.96999979019165,21264700,1300.1600341796875
2011-06-06,7.96999979019165,7.989999771118164,7.769999980926514,7.800000190734863,7.800000190734863,12263100,1286.1700439453125
2011-06-07,7.869999885559082,7.949999809265137,7.710000038146973,7.710000038146973,7.710000038146973,17796100,1284.93994140625
2011-06-08,7.71999979019165,7.889999866485596,7.539999961853027,7.619999885559082,7.619999885559082,27123800,1279.56005859375
2011-06-09,7.650000095367432,7.730000019073486,7.590000152587891,7.639999866485596,7.639999866485596,15715800,1289.0
2011-06-10,7.630000114440918,7.670000076293945,7.440000057220459,7.590000152587891,7.590000152587891,14571600,1270.97998046875
2011-06-13,7.599999904632568,7.630000114440918,7.449999809265137,7.539999961853027,7.539999961853027,12446700,1271.8299560546875
2011-06-14,7.670000076293945,7.789999961853027,7.610000133514404,7.670000076293945,7.670000076293945,12738700,1287.8699951171875
2011-06-15,7.579999923706055,7.659999847412109,7.449999809265137,7.5,7.5,14470900,1265.4200439453125
2011-06-16,7.650000095367432,7.730000019073486,7.050000190734863,7.190000057220459,7.190000057220459,48145200,1267.6400146484375
2011-06-17,7.289999961853027,7.289999961853027,6.960000038146973,7.0,7.0,31095600,1271.5
2011-06-20,6.960000038146973,7.0,6.71999979019165,6.889999866485596,6.889999866485596,33807900,1278.3599853515625
2011-06-21,6.980000019073486,7.25,6.949999809265137,7.21999979019165,7.21999979019165,26234300,1295.52001953125
2011-06-22,7.150000095367432,7.190000057220459,7.050000190734863,7.059999942779541,7.059999942779541,17390400,1287.1400146484375
2011-06-23,6.980000019073486,7.079999923706055,6.739999771118164,7.059999942779541,7.059999942779541,33904500,1283.5
2011-06-24,7.019999980926514,7.03000020980835,6.860000133514404,6.900000095367432,6.900000095367432,17827700,1268.449951171875
2011-06-27,6.909999847412109,6.960000038146973,6.829999923706055,6.920000076293945,6.920000076293945,9519100,1280.0999755859375
2011-06-28,6.949999809265137,7.079999923706055,6.900000095367432,6.949999809265137,6.949999809265137,20625100,1296.6700439453125
2011-06-29,7.0,7.050000190734863,6.789999961853027,6.889999866485596,6.889999866485596,27292900,1307.4100341796875
2011-06-30,6.929999828338623,7.119999885559082,6.900000095367432,6.989999771118164,6.989999771118164,25379100,1320.6400146484375
2011-07-01,6.989999771118164,7.130000114440918,6.889999866485596,7.110000133514404,7.110000133514404,27641600,1339.6700439453125
2011-07-05,7.110000133514404,7.159999847412109,7.059999942779541,7.139999866485596,7.139999866485596,16220600,1337.8800048828125
2011-07-06,7.099999904632568,7.110000133514404,7.0,7.0,7.0,13087600,1339.219970703125
2011-07-07,7.079999923706055,7.199999809265137,7.050000190734863,7.150000095367432,7.150000095367432,12530200,1353.219970703125
2011-07-08,7.059999942779541,7.059999942779541,6.920000076293945,6.949999809265137,6.949999809265137,19971300,1343.800048828125
2011-07-11,6.800000190734863,6.900000095367432,6.75,6.760000228881836,6.760000228881836,26012400,1319.489990234375
2011-07-12,6.71999979019165,6.71999979019165,6.309999942779541,6.429999828338623,6.429999828338623,37605500,1313.6400146484375
2011-07-13,6.489999771118164,6.630000114440918,6.400000095367432,6.480000019073486,6.480000019073486,20844400,1317.719970703125
2011-07-14,6.449999809265137,6.590000152587891,6.349999904632568,6.440000057220459,6.440000057220459,19663800,1308.8699951171875
2011-07-15,6.449999809265137,6.53000020980835,6.389999866485596,6.429999828338623,6.429999828338623,12736200,1316.1400146484375
2011-07-18,6.369999885559082,6.429999828338623,6.090000152587891,6.179999828338623,6.179999828338623,31233200,1305.43994140625
2011-07-19,6.289999961853027,6.550000190734863,6.230000019073486,6.480000019073486,6.480000019073486,25765100,1326.72998046875
2011-07-20,6.559999942779541,6.619999885559082,6.400000095367432,6.599999904632568,6.599999904632568,18422800,1325.8399658203125
2011-07-21,6.590000152587891,6.610000133514404,6.440000057220459,6.5,6.5,29318700,1343.800048828125
2011-07-22,7.090000152587891,7.789999961853027,7.070000171661377,7.75,7.75,86038800,1345.02001953125
2011-07-25,7.619999885559082,7.769999980926514,7.429999828338623,7.630000114440918,7.630000114440918,32285600,1337.4300537109375
2011-07-26,7.670000076293945,7.869999885559082,7.630000114440918,7.659999847412109,7.659999847412109,21457900,1331.93994140625
2011-07-27,7.599999904632568,7.710000038146973,7.440000057220459,7.510000228881836,7.510000228881836,23537800,1304.8900146484375
2011-07-28,7.5,7.630000114440918,7.360000133514404,7.420000076293945,7.420000076293945,16730800,1300.6700439453125
2011-07-29,7.320000171661377,7.489999771118164,7.210000038146973,7.340000152587891,7.340000152587891,20881800,1292.280029296875
2011-08-01,7.539999961853027,7.579999923706055,7.099999904632568,7.21999979019165,7.21999979019165,23191400,1286.93994140625
2011-08-02,7.179999828338623,7.239999771118164,6.869999885559082,7.110000133514404,7.110000133514404,33153300,1254.050048828125
2011-08-03,7.059999942779541,7.230000019073486,6.840000152587891,7.159999847412109,7.159999847412109,31581700,1260.3399658203125
2011-08-04,7.050000190734863,7.050000190734863,6.5,6.5,6.5,34761500,1200.0699462890625
2011-08-05,6.590000152587891,6.75,6.159999847412109,6.559999942779541,6.559999942779541,39379400,1199.3800048828125
2011-08-08,6.03000020980835,6.25,5.900000095367432,5.940000057220459,5.940000057220459,41251000,1119.4599609375
2011-08-09,6.079999923706055,6.190000057220459,5.789999961853027,6.179999828338623,6.179999828338623,25314600,1172.530029296875
2011-08-10,5.630000114440918,6.190000057220459,5.599999904632568,5.849999904632568,5.849999904632568,35411100,1120.760009765625
2011-08-11,5.929999828338623,6.260000228881836,5.869999885559082,6.170000076293945,6.170000076293945,25934800,1172.6400146484375
2011-08-12,6.309999942779541,6.420000076293945,6.179999828338623,6.210000038146973,6.210000038146973,15588000,1178.81005859375
2011-08-15,6.28000020980835,6.449999809265137,6.21999979019165,6.429999828338623,6.429999828338623,11476700,1204.489990234375
2011-08-16,6.360000133514404,6.429999828338623,6.179999828338623,6.340000152587891,6.340000152587891,16355700,1192.760009765625
2011-08-17,6.409999847412109,6.46999979019165,6.079999923706055,6.139999866485596,6.139999866485596,15248500,1193.8900146484375
2011-08-18,5.900000095367432,5.960000038146973,5.639999866485596,5.789999961853027,5.789999961853027,27200300,1140.6500244140625
2011-08-19,5.71999979019165,6.090000152587891,5.710000038146973,5.980000019073486,5.980000019073486,37995200,1123.530029296875
2011-08-22,6.130000114440918,6.179999828338623,5.949999809265137,6.050000190734863,6.050000190734863,18433500,1123.8199462890625
2011-08-23,6.079999923706055,6.5,5.889999866485596,6.5,6.5,31113900,1162.3499755859375
2011-08-24,6.5,6.510000228881836,6.159999847412109,6.340000152587891,6.340000152587891,17181400,1177.5999755859375
2011-08-25,6.320000171661377,6.699999809265137,6.289999961853027,6.369999885559082,6.369999885559082,27369300,1159.27001953125
2011-08-26,6.300000190734863,6.599999904632568,6.21999979019165,6.489999771118164,6.489999771118164,17110800,1176.800048828125
2011-08-29,6.579999923706055,6.829999923706055,6.570000171661377,6.829999923706055,6.829999923706055,13491500,1210.0799560546875
2011-08-30,6.760000228881836,6.929999828338623,6.690000057220459,6.840000152587891,6.840000152587891,17400800,1212.9200439453125
2011-08-31,6.840000152587891,6.940000057220459,6.75,6.829999923706055,6.829999923706055,26838200,1218.8900146484375
2011-09-01,6.829999923706055,6.869999885559082,6.670000076293945,6.679999828338623,6.679999828338623,15254200,1204.4200439453125
2011-09-02,6.349999904632568,6.480000019073486,6.28000020980835,6.320000171661377,6.320000171661377,17934000,1173.969970703125
2011-09-06,6.090000152587891,6.320000171661377,6.070000171661377,6.269999980926514,6.269999980926514,16300900,1165.239990234375
2011-09-07,6.5,6.760000228881836,6.440000057220459,6.760000228881836,6.760000228881836,18692700,1198.6199951171875
2011-09-08,6.71999979019165,6.960000038146973,6.630000114440918,6.809999942779541,6.809999942779541,32017100,1185.9000244140625
2011-09-09,6.690000057220459,6.820000171661377,6.480000019073486,6.519999980926514,6.519999980926514,17494200,1154.22998046875
2011-09-12,6.400000095367432,6.75,6.400000095367432,6.710000038146973,6.710000038146973,20412200,1162.27001953125
2011-09-13,6.769999980926514,7.0,6.659999847412109,6.960000038146973,6.960000038146973,19043000,1172.8699951171875
2011-09-14,7.019999980926514,7.260000228881836,6.980000019073486,7.210000038146973,7.210000038146973,23767100,1188.6800537109375
2011-09-15,7.300000190734863,7.440000057220459,7.25,7.340000152587891,7.340000152587891,23786400,1209.1099853515625
2011-09-16,7.380000114440918,7.420000076293945,7.130000114440918,7.199999809265137,7.199999809265137,19877300,1216.010009765625
2011-09-19,6.960000038146973,7.139999866485596,6.849999904632568,6.920000076293945,6.920000076293945,36465500,1204.0899658203125
2011-09-20,6.960000038146973,6.989999771118164,6.730000019073486,6.739999771118164,6.739999771118164,17428300,1202.0899658203125
2011-09-21,6.800000190734863,6.849999904632568,6.480000019073486,6.480000019073486,6.480000019073486,20043200,1166.760009765625
2011-09-22,6.239999771118164,6.300000190734863,5.900000095367432,6.119999885559082,6.119999885559082,44630800,1129.56005859375
2011-09-23,6.010000228881836,6.230000019073486,5.949999809265137,6.170000076293945,6.170000076293945,21921300,1136.4300537109375
2011-09-26,6.369999885559082,6.429999828338623,6.110000133514404,6.400000095367432,6.400000095367432,27779100,1162.949951171875
2011-09-27,6.570000171661377,6.760000228881836,6.440000057220459,6.489999771118164,6.489999771118164,26947400,1175.3800048828125
2011-09-28,6.510000228881836,6.570000171661377,6.150000095367432,6.150000095367432,6.150000095367432,29234600,1151.06005859375
2011-09-29,5.489999771118164,5.650000095367432,5.110000133514404,5.309999942779541,5.309999942779541,67973500,1160.4000244140625
2011-09-30,5.230000019073486,5.300000190734863,5.070000171661377,5.079999923706055,5.079999923706055,29671100,1131.4200439453125
2011-10-03,5.03000020980835,5.03000020980835,4.519999980926514,4.53000020980835,4.53000020980835,39505500,1099.22998046875
2011-10-04,4.420000076293945,4.71999979019165,4.309999942779541,4.71999979019165,4.71999979019165,37500000,1123.949951171875
2011-10-05,4.650000095367432,4.900000095367432,4.519999980926514,4.829999923706055,4.829999923706055,28840200,1144.030029296875
2011-10-06,4.909999847412109,4.909999847412109,4.699999809265137,4.849999904632568,4.849999904632568,19193800,1164.969970703125
2011-10-07,4.940000057220459,4.989999771118164,4.690000057220459,4.730000019073486,4.730000019073486,22123200,1155.4599609375
2011-10-10,4.849999904632568,4.96999979019165,4.75,4.840000152587891,4.840000152587891,14709800,1194.8900146484375
2011-10-11,4.860000133514404,4.929999828338623,4.78000020980835,4.860000133514404,4.860000133514404,15419700,1195.5400390625
2011-10-12,4.940000057220459,5.070000171661377,4.920000076293945,4.929999828338623,4.929999828338623,19261200,1207.25
2011-10-13,4.940000057220459,4.980000019073486,4.849999904632568,4.96999979019165,4.96999979019165,17307600,1203.6600341796875
2011-10-14,5.039999961853027,5.070000171661377,4.849999904632568,4.920000076293945,4.920000076293945,12805400,1224.5799560546875
2011-10-17,4.900000095367432,4.900000095367432,4.650000095367432,4.670000076293945,4.670000076293945,16611900,1200.8599853515625
2011-10-18,4.679999828338623,4.840000152587891,4.570000171661377,4.829999923706055,4.829999923706055,21338700,1225.3800048828125
2011-10-19,4.900000095367432,4.920000076293945,4.690000057220459,4.730000019073486,4.730000019073486,18304000,1209.8800048828125
2011-10-20,4.71999979019165,4.760000228881836,4.449999809265137,4.539999961853027,4.539999961853027,25240900,1215.3900146484375
2011-10-21,4.650000095367432,4.730000019073486,4.610000133514404,4.71999979019165,4.71999979019165,13915400,1238.25
2011-10-24,4.739999771118164,5.059999942779541,4.739999771118164,5.059999942779541,5.059999942779541,24368900,1254.18994140625
2011-10-25,5.0,5.050000190734863,4.860000133514404,4.909999847412109,4.909999847412109,14842800,1229.050048828125
2011-10-26,4.989999771118164,5.130000114440918,4.869999885559082,5.099999904632568,5.099999904632568,19662200,1242.0
2011-10-27,5.269999980926514,5.599999904632568,5.170000076293945,5.539999961853027,5.539999961853027,41294000,1284.5899658203125
2011-10-28,5.829999923706055,6.050000190734863,5.710000038146973,5.940000057220459,5.940000057220459,47582100,1285.0899658203125
2011-10-31,5.840000152587891,5.960000038146973,5.800000190734863,5.829999923706055,5.829999923706055,19381300,1253.300048828125
2011-11-01,5.559999942779541,5.590000152587891,5.289999961853027,5.300000190734863,5.300000190734863,45412600,1218.280029296875
2011-11-02,5.449999809265137,5.489999771118164,5.340000152587891,5.460000038146973,5.460000038146973,21246800,1237.9000244140625
2011-11-03,5.53000020980835,5.769999980926514,5.300000190734863,5.730000019073486,5.730000019073486,26417100,1261.1500244140625
2011-11-04,5.610000133514404,5.769999980926514,5.489999771118164,5.670000076293945,5.670000076293945,17552600,1253.22998046875
2011-11-07,5.670000076293945,5.769999980926514,5.53000020980835,5.679999828338623,5.679999828338623,14564500,1261.1199951171875
2011-11-08,5.71999979019165,5.78000020980835,5.639999866485596,5.75,5.75,14000000,1275.9200439453125
2011-11-09,5.550000190734863,5.639999866485596,5.380000114440918,5.380000114440918,5.380000114440918,18518400,1229.0999755859375
2011-11-10,5.489999771118164,5.71999979019165,5.340000152587891,5.659999847412109,5.659999847412109,23914400,1239.699951171875
2011-11-11,5.690000057220459,6.0,5.670000076293945,5.949999809265137,5.949999809265137,22806700,1263.8499755859375
2011-11-14,5.929999828338623,5.989999771118164,5.760000228881836,5.789999961853027,5.789999961853027,12270200,1251.780029296875
2011-11-15,5.739999771118164,5.849999904632568,5.699999809265137,5.760000228881836,5.760000228881836,13712500,1257.81005859375
2011-11-16,5.710000038146973,5.849999904632568,5.639999866485596,5.679999828338623,5.679999828338623,12713300,1236.9100341796875
2011-11-17,5.710000038146973,5.739999771118164,5.400000095367432,5.440000057220459,5.440000057220459,18207600,1216.1300048828125
2011-11-18,5.480000019073486,5.519999980926514,5.400000095367432,5.46999979019165,5.46999979019165,12677100,1215.6500244140625
2011-11-21,5.340000152587891,5.480000019073486,5.21999979019165,5.420000076293945,5.420000076293945,15305400,1192.97998046875
2011-11-22,5.369999885559082,5.460000038146973,5.289999961853027,5.300000190734863,5.300000190734863,19461400,1188.0400390625
2011-11-23,5.21999979019165,5.21999979019165,5.010000228881836,5.050000190734863,5.050000190734863,18338100,1161.7900390625
2011-11-25,5.03000020980835,5.110000133514404,4.960000038146973,4.989999771118164,4.989999771118164,8669000,1158.6700439453125
2011-11-28,5.239999771118164,5.349999904632568,5.199999809265137,5.300000190734863,5.300000190734863,12143000,1192.550048828125
2011-11-29,5.329999923706055,5.440000057220459,5.300000190734863,5.320000171661377,5.320000171661377,10195400,1195.18994140625
2011-11-30,5.489999771118164,5.690000057220459,5.46999979019165,5.690000057220459,5.690000057220459,16152400,1246.9599609375
2011-12-01,5.610000133514404,5.739999771118164,5.539999961853027,5.699999809265137,5.699999809265137,10881400,1244.5799560546875
2011-12-02,5.769999980926514,5.829999923706055,5.650000095367432,5.650000095367432,5.650000095367432,7733000,1244.280029296875
2011-12-05,5.75,5.840000152587891,5.690000057220459,5.760000228881836,5.760000228881836,11215800,1257.0799560546875
2011-12-06,5.739999771118164,5.78000020980835,5.610000133514404,5.659999847412109,5.659999847412109,11406800,1258.469970703125
2011-12-07,5.599999904632568,5.739999771118164,5.53000020980835,5.71999979019165,5.71999979019165,12659400,1261.010009765625
2011-12-08,5.639999866485596,5.690000057220459,5.449999809265137,5.46999979019165,5.46999979019165,16654200,1234.3499755859375
2011-12-09,5.489999771118164,5.559999942779541,5.389999866485596,5.539999961853027,5.539999961853027,13352500,1255.18994140625
2011-12-12,5.380000114440918,5.389999866485596,5.21999979019165,5.300000190734863,5.300000190734863,14586200,1236.469970703125
2011-12-13,5.329999923706055,5.389999866485596,5.119999885559082,5.179999828338623,5.179999828338623,22707700,1225.72998046875
2011-12-14,5.139999866485596,5.179999828338623,5.010000228881836,5.070000171661377,5.070000171661377,13350800,1211.8199462890625
2011-12-15,5.139999866485596,5.170000076293945,5.010000228881836,5.039999961853027,5.039999961853027,13624900,1215.75
2011-12-16,5.079999923706055,5.139999866485596,5.019999980926514,5.130000114440918,5.130000114440918,11679700,1219.6600341796875
2011-12-19,5.199999809265137,5.199999809265137,4.820000171661377,4.860000133514404,4.860000133514404,14173400,1205.3499755859375
2011-12-20,4.960000038146973,5.199999809265137,4.949999809265137,5.190000057220459,5.190000057220459,13554100,1241.300048828125
2011-12-21,5.119999885559082,5.199999809265137,4.989999771118164,5.079999923706055,5.079999923706055,11852700,1243.719970703125
2011-12-22,5.119999885559082,5.5,5.099999904632568,5.449999809265137,5.449999809265137,16217300,1254.0
2011-12-23,5.489999771118164,5.510000228881836,5.349999904632568,5.409999847412109,5.409999847412109,6666000,1265.3299560546875
2011-12-27,5.400000095367432,5.480000019073486,5.340000152587891,5.380000114440918,5.380000114440918,5648100,1265.4300537109375
2011-12-28,5.389999866485596,5.420000076293945,5.239999771118164,5.28000020980835,5.28000020980835,5277600,1249.6400146484375
2011-12-29,5.309999942779541,5.389999866485596,5.269999980926514,5.340000152587891,5.340000152587891,6145100,1263.02001953125
2011-12-30,5.340000152587891,5.449999809265137,5.28000020980835,5.400000095367432,5.400000095367432,6906000,1257.5999755859375
2012-01-03,5.53000020980835,5.590000152587891,5.440000057220459,5.480000019073486,5.480000019073486,12675100,1277.06005859375
2012-01-04,5.46999979019165,5.489999771118164,5.409999847412109,5.460000038146973,5.460000038146973,8034900,1277.300048828125
2012-01-05,5.449999809265137,5.570000171661377,5.349999904632568,5.460000038146973,5.460000038146973,11476900,1281.06005859375
2012-01-06,5.440000057220459,5.519999980926514,5.389999866485596,5.429999828338623,5.429999828338623,12938600,1277.81005859375
2012-01-09,5.420000076293945,5.599999904632568,5.380000114440918,5.590000152587891,5.590000152587891,12585400,1280.699951171875
2012-01-10,5.659999847412109,5.75,5.639999866485596,5.710000038146973,5.710000038146973,10129600,1292.0799560546875
2012-01-11,5.679999828338623,5.840000152587891,5.679999828338623,5.809999942779541,5.809999942779541,11196300,1292.47998046875
2012-01-12,5.829999923706055,5.849999904632568,5.710000038146973,5.820000171661377,5.820000171661377,11480100,1295.5
2012-01-13,5.760000228881836,5.789999961853027,5.630000114440918,5.659999847412109,5.659999847412109,9670900,1289.0899658203125
2012-01-17,5.769999980926514,5.840000152587891,5.710000038146973,5.730000019073486,5.730000019073486,8259900,1293.6700439453125
2012-01-18,5.730000019073486,6.03000020980835,5.730000019073486,5.96999979019165,5.96999979019165,19955800,1308.0400390625
2012-01-19,6.019999980926514,6.239999771118164,5.980000019073486,6.21999979019165,6.21999979019165,21731300,1314.5
2012-01-20,6.21999979019165,6.489999771118164,6.179999828338623,6.420000076293945,6.420000076293945,28706300,1315.3800048828125
2012-01-23,6.420000076293945,6.599999904632568,6.389999866485596,6.519999980926514,6.519999980926514,21918400,1316.0
2012-01-24,6.46999979019165,6.809999942779541,6.389999866485596,6.53000020980835,6.53000020980835,38790500,1314.6500244140625
2012-01-25,6.28000020980835,6.78000020980835,6.230000019073486,6.730000019073486,6.730000019073486,36785000,1326.06005859375
2012-01-26,6.730000019073486,6.949999809265137,6.679999828338623,6.769999980926514,6.769999980926514,25160600,1318.4300537109375
2012-01-27,6.71999979019165,6.849999904632568,6.650000095367432,6.820000171661377,6.820000171661377,16442700,1316.3299560546875
2012-01-30,6.730000019073486,6.78000020980835,6.610000133514404,6.739999771118164,6.739999771118164,13366600,1313.010009765625
2012-01-31,6.789999961853027,6.840000152587891,6.690000057220459,6.710000038146973,6.710000038146973,17475500,1312.4100341796875
2012-02-01,6.829999923706055,6.920000076293945,6.800000190734863,6.900000095367432,6.900000095367432,14672100,1324.0899658203125
2012-02-02,6.900000095367432,7.0,6.840000152587891,6.929999828338623,6.929999828338623,15775200,1325.5400390625
2012-02-03,7.019999980926514,7.119999885559082,6.980000019073486,7.079999923706055,7.079999923706055,15318100,1344.9000244140625
2012-02-06,7.019999980926514,7.050000190734863,6.900000095367432,6.920000076293945,6.920000076293945,13144800,1344.3299560546875
2012-02-07,6.960000038146973,7.190000057220459,6.949999809265137,7.130000114440918,7.130000114440918,18873500,1347.050048828125
2012-02-08,7.139999866485596,7.389999866485596,7.110000133514404,7.25,7.25,15606000,1349.9599609375
2012-02-09,7.300000190734863,7.329999923706055,7.130000114440918,7.239999771118164,7.239999771118164,13358200,1351.949951171875
2012-02-10,7.079999923706055,7.119999885559082,6.960000038146973,7.050000190734863,7.050000190734863,16473400,1342.6400146484375
2012-02-13,7.239999771118164,7.369999885559082,7.170000076293945,7.289999961853027,7.289999961853027,19481700,1351.77001953125
2012-02-14,7.239999771118164,7.429999828338623,7.239999771118164,7.320000171661377,7.320000171661377,18756000,1350.5
2012-02-15,7.380000114440918,7.5,7.300000190734863,7.300000190734863,7.300000190734863,15269400,1343.22998046875
2012-02-16,7.300000190734863,7.599999904632568,7.269999980926514,7.590000152587891,7.590000152587891,13140100,1358.0400390625
2012-02-17,7.659999847412109,7.679999828338623,7.420000076293945,7.420000076293945,7.420000076293945,13955100,1361.22998046875
2012-02-21,7.440000057220459,7.449999809265137,7.199999809265137,7.28000020980835,7.28000020980835,15663000,1362.2099609375
2012-02-22,7.239999771118164,7.269999980926514,7.0,7.139999866485596,7.139999866485596,20775200,1357.6600341796875
2012-02-23,7.110000133514404,7.300000190734863,7.050000190734863,7.289999961853027,7.289999961853027,16384600,1363.4599609375
2012-02-24,7.420000076293945,7.570000171661377,7.380000114440918,7.460000038146973,7.460000038146973,19280700,1365.739990234375
2012-02-27,7.400000095367432,7.590000152587891,7.269999980926514,7.46999979019165,7.46999979019165,14762600,1367.5899658203125
2012-02-28,7.449999809265137,7.610000133514404,7.429999828338623,7.519999980926514,7.519999980926514,10513600,1372.1800537109375
2012-02-29,7.519999980926514,7.550000190734863,7.340000152587891,7.349999904632568,7.349999904632568,13941400,1365.6800537109375
2012-03-01,7.46999979019165,7.699999809265137,7.420000076293945,7.510000228881836,7.510000228881836,19151900,1374.0899658203125
2012-03-02,7.5,7.630000114440918,7.429999828338623,7.460000038146973,7.460000038146973,11203300,1369.6300048828125
2012-03-05,7.349999904632568,7.440000057220459,7.03000020980835,7.070000171661377,7.070000171661377,25144300,1364.3299560546875
2012-03-06,6.909999847412109,6.949999809265137,6.760000228881836,6.900000095367432,6.900000095367432,15020700,1343.3599853515625
2012-03-07,7.0,7.230000019073486,6.920000076293945,7.170000076293945,7.170000076293945,18978700,1352.6300048828125
2012-03-08,7.239999771118164,7.5,7.21999979019165,7.46999979019165,7.46999979019165,21247000,1365.9100341796875
2012-03-09,7.559999942779541,7.650000095367432,7.53000020980835,7.579999923706055,7.579999923706055,15093300,1370.8699951171875
2012-03-12,7.550000190734863,7.599999904632568,7.429999828338623,7.5,7.5,15385500,1371.0899658203125
2012-03-13,7.559999942779541,7.789999961853027,7.539999961853027,7.760000228881836,7.760000228881836,17889900,1395.949951171875
2012-03-14,7.75,7.989999771118164,7.730000019073486,7.760000228881836,7.760000228881836,22707000,1394.280029296875
2012-03-15,7.960000038146973,8.279999732971191,7.920000076293945,8.25,8.25,27147900,1402.5999755859375
2012-03-16,8.3100004196167,8.329999923706055,8.109999656677246,8.199999809265137,8.199999809265137,14106400,1404.1700439453125
2012-03-19,8.1899995803833,8.229999542236328,8.079999923706055,8.180000305175781,8.180000305175781,12016800,1409.75
2012-03-20,8.050000190734863,8.09000015258789,7.920000076293945,8.0600004196167,8.0600004196167,16426200,1405.52001953125
2012-03-21,8.09000015258789,8.180000305175781,8.010000228881836,8.039999961853027,8.039999961853027,9085100,1402.8900146484375
2012-03-22,7.96999979019165,8.039999961853027,7.900000095367432,8.029999732971191,8.029999732971191,9346900,1392.780029296875
2012-03-23,8.050000190734863,8.119999885559082,7.949999809265137,8.09000015258789,8.09000015258789,8149200,1397.1099853515625
2012-03-26,8.15999984741211,8.25,8.119999885559082,8.239999771118164,8.239999771118164,8692000,1416.510009765625
2012-03-27,8.25,8.350000381469727,8.170000076293945,8.1899995803833,8.1899995803833,9802000,1412.52001953125
2012-03-28,8.170000076293945,8.270000457763672,7.980000019073486,8.079999923706055,8.079999923706055,15385000,1405.5400390625
2012-03-29,7.980000019073486,8.119999885559082,7.929999828338623,8.119999885559082,8.119999885559082,13920300,1403.280029296875
2012-03-30,8.180000305175781,8.199999809265137,7.949999809265137,8.020000457763672,8.020000457763672,14586100,1408.469970703125
2012-04-02,8.029999732971191,8.239999771118164,7.949999809265137,8.199999809265137,8.199999809265137,12477300,1419.0400390625
2012-04-03,8.09000015258789,8.170000076293945,7.909999847412109,7.980000019073486,7.980000019073486,18446600,1413.3800048828125
2012-04-04,7.889999866485596,7.889999866485596,7.599999904632568,7.809999942779541,7.809999942779541,16055700,1398.9599609375
2012-04-05,7.610000133514404,7.889999866485596,7.599999904632568,7.869999885559082,7.869999885559082,14951800,1398.0799560546875
2012-04-09,7.710000038146973,7.849999904632568,7.659999847412109,7.75,7.75,10066600,1382.199951171875
2012-04-10,7.730000019073486,7.889999866485596,7.519999980926514,7.53000020980835,7.53000020980835,16439400,1358.5899658203125
2012-04-11,7.639999866485596,7.800000190734863,7.619999885559082,7.639999866485596,7.639999866485596,9540800,1368.7099609375
2012-04-12,7.840000152587891,7.949999809265137,7.710000038146973,7.920000076293945,7.920000076293945,10959900,1387.5699462890625
2012-04-13,7.849999904632568,7.860000133514404,7.679999828338623,7.730000019073486,7.730000019073486,11975400,1370.260009765625
2012-04-16,7.800000190734863,7.840000152587891,7.550000190734863,7.699999809265137,7.699999809265137,14931000,1369.5699462890625
2012-04-17,7.829999923706055,8.010000228881836,7.800000190734863,7.940000057220459,7.940000057220459,15773800,1390.780029296875
2012-04-18,7.809999942779541,8.0600004196167,7.789999961853027,7.96999979019165,7.96999979019165,13999400,1385.1400146484375
2012-04-19,8.010000228881836,8.0600004196167,7.75,7.96999979019165,7.96999979019165,25074700,1376.9200439453125
2012-04-20,8.15999984741211,8.210000038146973,7.730000019073486,7.760000228881836,7.760000228881836,38757700,1378.530029296875
2012-04-23,7.590000152587891,7.650000095367432,7.389999866485596,7.389999866485596,7.389999866485596,23445100,1366.93994140625
2012-04-24,7.440000057220459,7.480000019073486,7.260000228881836,7.309999942779541,7.309999942779541,20552900,1371.969970703125
2012-04-25,7.420000076293945,7.480000019073486,7.210000038146973,7.389999866485596,7.389999866485596,17392100,1390.68994140625
2012-04-26,7.349999904632568,7.489999771118164,7.309999942779541,7.449999809265137,7.449999809265137,22484700,1399.97998046875
2012-04-27,7.440000057220459,7.489999771118164,7.21999979019165,7.329999923706055,7.329999923706055,19381300,1403.3599853515625
2012-04-30,7.300000190734863,7.460000038146973,7.300000190734863,7.360000133514404,7.360000133514404,13327200,1397.9100341796875
2012-05-01,7.340000152587891,7.639999866485596,7.309999942779541,7.590000152587891,7.590000152587891,18849900,1405.8199462890625
2012-05-02,7.510000228881836,7.650000095367432,7.46999979019165,7.630000114440918,7.630000114440918,14124600,1402.31005859375
2012-05-03,7.570000171661377,7.71999979019165,7.369999885559082,7.409999847412109,7.409999847412109,15768500,1391.5699462890625
2012-05-04,7.349999904632568,7.400000095367432,7.130000114440918,7.179999828338623,7.179999828338623,12320600,1369.0999755859375
2012-05-07,7.130000114440918,7.320000171661377,7.130000114440918,7.179999828338623,7.179999828338623,10558200,1369.5799560546875
2012-05-08,7.099999904632568,7.119999885559082,6.900000095367432,7.03000020980835,7.03000020980835,12568300,1363.719970703125
2012-05-09,6.900000095367432,6.960000038146973,6.71999979019165,6.860000133514404,6.860000133514404,19307400,1354.5799560546875
2012-05-10,6.579999923706055,6.849999904632568,6.480000019073486,6.78000020980835,6.78000020980835,26539700,1357.989990234375
2012-05-11,6.730000019073486,7.03000020980835,6.71999979019165,6.78000020980835,6.78000020980835,17698800,1353.3900146484375
2012-05-14,6.690000057220459,6.889999866485596,6.630000114440918,6.75,6.75,13394600,1338.3499755859375
2012-05-15,6.760000228881836,6.820000171661377,6.53000020980835,6.599999904632568,6.599999904632568,12501500,1330.6600341796875
2012-05-16,6.659999847412109,6.760000228881836,6.389999866485596,6.389999866485596,6.389999866485596,17258100,1324.800048828125
2012-05-17,6.380000114440918,6.420000076293945,6.110000133514404,6.130000114440918,6.130000114440918,27076500,1304.8599853515625
2012-05-18,6.190000057220459,6.289999961853027,6.0,6.010000228881836,6.010000228881836,14979900,1295.219970703125
2012-05-21,6.099999904632568,6.340000152587891,6.059999942779541,6.300000190734863,6.300000190734863,16378200,1315.989990234375
2012-05-22,6.170000076293945,6.269999980926514,6.079999923706055,6.159999847412109,6.159999847412109,12600900,1316.6300048828125
2012-05-23,5.980000019073486,6.079999923706055,5.889999866485596,6.079999923706055,6.079999923706055,19700000,1318.8599853515625
2012-05-24,6.090000152587891,6.099999904632568,5.960000038146973,6.019999980926514,6.019999980926514,9713100,1320.6800537109375
2012-05-25,6.019999980926514,6.21999979019165,5.989999771118164,6.21999979019165,6.21999979019165,10026500,1317.8199462890625
2012-05-29,6.230000019073486,6.460000038146973,6.21999979019165,6.460000038146973,6.460000038146973,16984800,1332.4200439453125
2012-05-30,6.349999904632568,6.389999866485596,6.150000095367432,6.150000095367432,6.150000095367432,18305600,1313.3199462890625
2012-05-31,6.119999885559082,6.139999866485596,5.929999828338623,6.079999923706055,6.079999923706055,19844100,1310.3299560546875
2012-06-01,5.900000095367432,5.900000095367432,5.630000114440918,5.730000019073486,5.730000019073486,25558000,1278.0400390625
2012-06-04,5.760000228881836,5.829999923706055,5.519999980926514,5.630000114440918,5.630000114440918,15576200,1278.1800537109375
2012-06-05,5.659999847412109,5.840000152587891,5.639999866485596,5.829999923706055,5.829999923706055,12256100,1285.5
2012-06-06,5.909999847412109,6.099999904632568,5.909999847412109,6.019999980926514,6.019999980926514,13460500,1315.1300048828125
2012-06-07,6.099999904632568,6.139999866485596,5.71999979019165,5.760000228881836,5.760000228881836,17451300,1314.989990234375
2012-06-08,5.730000019073486,5.920000076293945,5.710000038146973,5.909999847412109,5.909999847412109,7580800,1325.6600341796875
2012-06-11,6.010000228881836,6.019999980926514,5.679999828338623,5.690000057220459,5.690000057220459,11840200,1308.9300537109375
2012-06-12,5.760000228881836,5.920000076293945,5.75,5.909999847412109,5.909999847412109,12517400,1324.1800537109375
2012-06-13,5.889999866485596,5.949999809265137,5.75,5.760000228881836,5.760000228881836,12585700,1314.8800048828125
2012-06-14,5.75,5.809999942779541,5.699999809265137,5.760000228881836,5.760000228881836,8485800,1329.0999755859375
2012-06-15,5.769999980926514,5.880000114440918,5.730000019073486,5.869999885559082,5.869999885559082,9292400,1342.8399658203125
2012-06-18,5.849999904632568,6.0,5.800000190734863,5.929999828338623,5.929999828338623,11950000,1344.780029296875
2012-06-19,5.929999828338623,6.0,5.800000190734863,5.809999942779541,5.809999942779541,21247800,1357.97998046875
2012-06-20,5.869999885559082,6.090000152587891,5.789999961853027,6.059999942779541,6.059999942779541,23323500,1355.68994140625
2012-06-21,6.039999961853027,6.039999961853027,5.710000038146973,5.71999979019165,5.71999979019165,17212000,1325.510009765625
2012-06-22,5.769999980926514,5.820000171661377,5.630000114440918,5.730000019073486,5.730000019073486,15918900,1335.02001953125
2012-06-25,5.639999866485596,5.639999866485596,5.380000114440918,5.409999847412109,5.409999847412109,17470300,1313.719970703125
2012-06-26,5.440000057220459,5.5,5.389999866485596,5.440000057220459,5.440000057220459,10162500,1319.989990234375
2012-06-27,5.46999979019165,5.53000020980835,5.400000095367432,5.5,5.5,8999200,1331.8499755859375
2012-06-28,5.449999809265137,5.46999979019165,5.320000171661377,5.409999847412109,5.409999847412109,11533600,1329.0400390625
2012-06-29,5.590000152587891,5.730000019073486,5.579999923706055,5.730000019073486,5.730000019073486,20948600,1362.1600341796875
2012-07-02,5.75,5.78000020980835,5.659999847412109,5.75,5.75,11159600,1365.510009765625
2012-07-03,5.78000020980835,6.079999923706055,5.769999980926514,6.03000020980835,6.03000020980835,11319400,1374.02001953125
2012-07-05,5.800000190734863,5.980000019073486,5.789999961853027,5.880000114440918,5.880000114440918,13359900,1367.5799560546875
2012-07-06,5.800000190734863,5.829999923706055,5.679999828338623,5.75,5.75,9952400,1354.6800537109375
2012-07-09,5.690000057220459,5.78000020980835,5.610000133514404,5.619999885559082,5.619999885559082,13565900,1352.4599609375
2012-07-10,5.079999923706055,5.400000095367432,4.949999809265137,4.989999771118164,4.989999771118164,75490100,1341.469970703125
2012-07-11,5.019999980926514,5.039999961853027,4.860000133514404,4.889999866485596,4.889999866485596,16155500,1341.449951171875
2012-07-12,4.849999904632568,4.960000038146973,4.809999942779541,4.880000114440918,4.880000114440918,19891400,1334.760009765625
2012-07-13,4.889999866485596,4.949999809265137,4.829999923706055,4.900000095367432,4.900000095367432,15546400,1356.780029296875
2012-07-16,4.849999904632568,4.869999885559082,4.739999771118164,4.829999923706055,4.829999923706055,14791700,1353.6400146484375
2012-07-17,4.849999904632568,4.929999828338623,4.710000038146973,4.869999885559082,4.869999885559082,14273200,1363.6700439453125
2012-07-18,4.829999923706055,5.019999980926514,4.760000228881836,4.889999866485596,4.889999866485596,15849900,1372.780029296875
2012-07-19,4.929999828338623,5.070000171661377,4.820000171661377,4.860000133514404,4.860000133514404,27598400,1376.510009765625
2012-07-20,4.619999885559082,4.619999885559082,4.199999809265137,4.21999979019165,4.21999979019165,52272400,1362.6600341796875
2012-07-23,4.150000095367432,4.159999847412109,4.03000020980835,4.150000095367432,4.150000095367432,22166600,1350.52001953125
2012-07-24,4.179999828338623,4.199999809265137,4.0,4.059999942779541,4.059999942779541,21019600,1338.31005859375
2012-07-25,4.110000133514404,4.150000095367432,3.9800000190734863,4.010000228881836,4.010000228881836,20287800,1337.8900146484375
2012-07-26,4.050000190734863,4.090000152587891,4.0,4.039999961853027,4.039999961853027,11233600,1360.02001953125
2012-07-27,4.090000152587891,4.119999885559082,4.019999980926514,4.090000152587891,4.090000152587891,13882400,1385.969970703125
2012-07-30,4.079999923706055,4.130000114440918,4.059999942779541,4.099999904632568,4.099999904632568,9546600,1385.300048828125
2012-07-31,4.090000152587891,4.150000095367432,4.050000190734863,4.059999942779541,4.059999942779541,13539000,1379.3199462890625
2012-08-01,4.090000152587891,4.150000095367432,3.990000009536743,4.050000190734863,4.050000190734863,16227500,1375.3199462890625
2012-08-02,4.03000020980835,4.119999885559082,3.890000104904175,3.9700000286102295,3.9700000286102295,15798800,1365.0
2012-08-03,4.010000228881836,4.099999904632568,3.9800000190734863,4.090000152587891,4.090000152587891,8352200,1390.989990234375
2012-08-06,4.099999904632568,4.119999885559082,3.950000047683716,4.010000228881836,4.010000228881836,18012600,1394.22998046875
2012-08-07,4.039999961853027,4.119999885559082,4.010000228881836,4.019999980926514,4.019999980926514,17095500,1401.3499755859375
2012-08-08,4.050000190734863,4.46999979019165,4.03000020980835,4.400000095367432,4.400000095367432,52654600,1402.219970703125
2012-08-09,4.409999847412109,4.409999847412109,4.230000019073486,4.369999885559082,4.369999885559082,23069200,1402.800048828125
2012-08-10,4.230000019073486,4.369999885559082,4.21999979019165,4.340000152587891,4.340000152587891,7842500,1405.8699951171875
2012-08-13,4.309999942779541,4.320000171661377,4.210000038146973,4.260000228881836,4.260000228881836,12805200,1404.1099853515625
2012-08-14,4.309999942779541,4.349999904632568,4.110000133514404,4.119999885559082,4.119999885559082,13190100,1403.9300537109375
2012-08-15,4.110000133514404,4.230000019073486,4.099999904632568,4.190000057220459,4.190000057220459,10406600,1405.530029296875
2012-08-16,4.190000057220459,4.239999771118164,4.130000114440918,4.170000076293945,4.170000076293945,12980100,1415.510009765625
2012-08-17,4.170000076293945,4.199999809265137,4.079999923706055,4.099999904632568,4.099999904632568,9228900,1418.1600341796875
2012-08-20,4.099999904632568,4.099999904632568,3.9800000190734863,4.090000152587891,4.090000152587891,17270600,1418.1300048828125
2012-08-21,4.099999904632568,4.179999828338623,4.03000020980835,4.070000171661377,4.070000171661377,15999500,1413.1700439453125
2012-08-22,4.050000190734863,4.050000190734863,3.9600000381469727,4.010000228881836,4.010000228881836,17671700,1413.489990234375
2012-08-23,3.9800000190734863,3.9800000190734863,3.880000114440918,3.900000095367432,3.900000095367432,24424500,1402.0799560546875
2012-08-24,3.880000114440918,3.950000047683716,3.849999904632568,3.940000057220459,3.940000057220459,12557300,1411.1300048828125
2012-08-27,3.950000047683716,3.950000047683716,3.819999933242798,3.849999904632568,3.849999904632568,13057600,1410.43994140625
2012-08-28,3.839999914169312,3.880000114440918,3.75,3.7899999618530273,3.7899999618530273,14500800,1409.300048828125
2012-08-29,3.799999952316284,3.839999914169312,3.759999990463257,3.7699999809265137,3.7699999809265137,10004700,1410.489990234375
2012-08-30,3.75,3.799999952316284,3.700000047683716,3.700000047683716,3.700000047683716,12154100,1399.47998046875
2012-08-31,3.7699999809265137,3.7799999713897705,3.5999999046325684,3.7200000286102295,3.7200000286102295,23593500,1406.5799560546875
2012-09-04,3.690000057220459,3.7100000381469727,3.5999999046325684,3.640000104904175,3.640000104904175,16162600,1404.93994140625
2012-09-05,3.569999933242798,3.630000114440918,3.430000066757202,3.509999990463257,3.509999990463257,34274300,1403.43994140625
2012-09-06,3.549999952316284,3.660000085830689,3.5299999713897705,3.660000085830689,3.660000085830689,19948800,1432.1199951171875
2012-09-07,3.619999885559082,3.619999885559082,3.430000066757202,3.450000047683716,3.450000047683716,31043300,1437.9200439453125
2012-09-10,3.490000009536743,3.5899999141693115,3.4600000381469727,3.470000028610229,3.470000028610229,32422000,1429.0799560546875
2012-09-11,3.5199999809265137,3.7699999809265137,3.4800000190734863,3.75,3.75,33085500,1433.56005859375
2012-09-12,3.829999923706055,3.920000076293945,3.75,3.890000104904175,3.890000104904175,50272400,1436.56005859375
2012-09-13,3.819999933242798,3.940000057220459,3.75,3.920000076293945,3.920000076293945,38356300,1459.989990234375
2012-09-14,3.9600000381469727,3.990000009536743,3.849999904632568,3.900000095367432,3.900000095367432,23583300,1465.77001953125
2012-09-17,3.900000095367432,4.019999980926514,3.819999933242798,4.010000228881836,4.010000228881836,42220500,1461.18994140625
2012-09-18,3.700000047683716,3.900000095367432,3.5999999046325684,3.619999885559082,3.619999885559082,91369500,1459.3199462890625
2012-09-19,3.660000085830689,3.7100000381469727,3.5799999237060547,3.660000085830689,3.660000085830689,31304000,1461.050048828125
2012-09-20,3.640000104904175,3.660000085830689,3.5899999141693115,3.5899999141693115,3.5899999141693115,20836600,1460.260009765625
2012-09-21,3.630000114440918,3.680000066757202,3.5799999237060547,3.5999999046325684,3.5999999046325684,20269300,1460.1500244140625
2012-09-24,3.539999961853028,3.549999952316284,3.450000047683716,3.4600000381469727,3.4600000381469727,23733000,1456.8900146484375
2012-09-25,3.4800000190734863,3.5,3.2799999713897705,3.2799999713897705,3.2799999713897705,29232200,1441.5899658203125
2012-09-26,3.2699999809265137,3.4200000762939453,3.220000028610229,3.319999933242798,3.319999933242798,22959900,1433.3199462890625
2012-09-27,3.359999895095825,3.5,3.3399999141693115,3.430000066757202,3.430000066757202,19551200,1447.1500244140625
2012-09-28,3.430000066757202,3.440000057220459,3.3499999046325684,3.369999885559082,3.369999885559082,15558100,1440.6700439453125
2012-10-01,3.390000104904175,3.4100000858306885,3.259999990463257,3.2799999713897705,3.2799999713897705,25050500,1444.489990234375
2012-10-02,3.299999952316284,3.4100000858306885,3.1700000762939453,3.2699999809265137,3.2699999809265137,27052700,1445.75
2012-10-03,3.2799999713897705,3.289999961853028,3.0999999046325684,3.119999885559082,3.119999885559082,27800700,1450.989990234375
2012-10-04,3.1700000762939453,3.25,3.0899999141693115,3.220000028610229,3.220000028610229,23236300,1461.4000244140625
2012-10-05,3.240000009536743,3.2799999713897705,3.1700000762939453,3.220000028610229,3.220000028610229,11215000,1460.9300537109375
2012-10-08,3.2100000381469727,3.240000009536743,3.150000095367432,3.190000057220459,3.190000057220459,9897400,1455.8800048828125
2012-10-09,3.180000066757202,3.259999990463257,3.150000095367432,3.25,3.25,19696500,1441.47998046875
2012-10-10,3.220000028610229,3.220000028610229,3.130000114440918,3.150000095367432,3.150000095367432,19234500,1432.56005859375
2012-10-11,3.190000057220459,3.240000009536743,3.130000114440918,3.200000047683716,3.200000047683716,18206700,1432.8399658203125
2012-10-12,2.859999895095825,2.990000009536743,2.740000009536743,2.740000009536743,2.740000009536743,83878000,1428.5899658203125
2012-10-15,2.789999961853028,2.8299999237060547,2.7300000190734863,2.75,2.75,26746100,1440.1300048828125
2012-10-16,2.7699999809265137,2.7799999713897705,2.6600000858306885,2.680000066757202,2.680000066757202,38376800,1454.9200439453125
2012-10-17,2.6600000858306885,2.799999952316284,2.640000104904175,2.7699999809265137,2.7699999809265137,32949000,1460.9100341796875
2012-10-18,2.759999990463257,2.7799999713897705,2.5999999046325684,2.619999885559082,2.619999885559082,35679500,1457.3399658203125
2012-10-19,2.539999961853028,2.619999885559082,2.1700000762939453,2.180000066757202,2.180000066757202,110069000,1433.18994140625
2012-10-22,2.2300000190734863,2.2300000190734863,2.0899999141693115,2.0999999046325684,2.0999999046325684,37955900,1433.8199462890625
2012-10-23,2.059999942779541,2.2100000381469727,2.0299999713897705,2.140000104904175,2.140000104904175,33501900,1413.1099853515625
2012-10-24,2.1700000762939453,2.220000028610229,2.059999942779541,2.0799999237060547,2.0799999237060547,37324400,1408.75
2012-10-25,2.0999999046325684,2.150000095367432,2.069999933242798,2.119999885559082,2.119999885559082,21980400,1412.969970703125
2012-10-26,2.130000114440918,2.140000104904175,2.059999942779541,2.069999933242798,2.069999933242798,16693000,1411.93994140625
2012-10-31,2.130000114440918,2.140000104904175,2.049999952316284,2.049999952316284,2.049999952316284,17427600,1412.1600341796875
2012-11-01,2.069999933242798,2.140000104904175,2.049999952316284,2.140000104904175,2.140000104904175,21773300,1427.5899658203125
2012-11-02,2.150000095367432,2.150000095367432,2.069999933242798,2.0999999046325684,2.0999999046325684,20725300,1414.199951171875
2012-11-05,2.0999999046325684,2.119999885559082,2.059999942779541,2.109999895095825,2.109999895095825,21064800,1417.260009765625
2012-11-06,2.119999885559082,2.140000104904175,2.059999942779541,2.069999933242798,2.069999933242798,24027100,1428.3900146484375
2012-11-07,2.069999933242798,2.0999999046325684,2.009999990463257,2.009999990463257,2.009999990463257,30029200,1394.530029296875
2012-11-08,2.0299999713897705,2.059999942779541,1.9600000381469729,1.9800000190734863,1.9800000190734863,35841500,1377.510009765625
2012-11-09,2.0,2.069999933242798,1.9700000286102293,2.0299999713897705,2.0299999713897705,39582000,1379.8499755859375
2012-11-12,2.039999961853028,2.059999942779541,1.9900000095367432,1.9900000095367432,1.9900000095367432,15959100,1380.030029296875
2012-11-13,1.9800000190734863,2.3499999046325684,1.9700000286102293,2.0899999141693115,2.0899999141693115,60092100,1374.530029296875
2012-11-14,2.039999961853028,2.049999952316284,1.919999957084656,1.9299999475479128,1.9299999475479128,40052600,1355.489990234375
2012-11-15,1.9299999475479128,1.9299999475479128,1.8600000143051147,1.870000004768372,1.870000004768372,20270000,1353.3299560546875
2012-11-16,1.870000004768372,1.899999976158142,1.809999942779541,1.8600000143051147,1.8600000143051147,23501300,1359.8800048828125
2012-11-19,1.899999976158142,1.950000047683716,1.8899999856948853,1.919999957084656,1.919999957084656,18774000,1386.8900146484375
2012-11-20,1.919999957084656,1.919999957084656,1.8600000143051147,1.8799999952316284,1.8799999952316284,11637300,1387.81005859375
2012-11-21,1.8899999856948853,1.919999957084656,1.8600000143051147,1.870000004768372,1.870000004768372,7525400,1391.030029296875
2012-11-23,1.919999957084656,1.9700000286102293,1.919999957084656,1.950000047683716,1.950000047683716,8567500,1409.1500244140625
2012-11-26,1.9600000381469729,1.9700000286102293,1.840000033378601,1.870000004768372,1.870000004768372,30192600,1406.2900390625
2012-11-27,1.870000004768372,1.8899999856948853,1.850000023841858,1.8799999952316284,1.8799999952316284,22732800,1398.93994140625
2012-11-28,1.8799999952316284,1.9900000095367432,1.8600000143051147,1.9600000381469729,1.9600000381469729,27471900,1409.9300537109375
2012-11-29,2.009999990463257,2.119999885559082,2.009999990463257,2.039999961853028,2.039999961853028,42800100,1415.949951171875
2012-11-30,2.1600000858306885,2.220000028610229,2.109999895095825,2.200000047683716,2.200000047683716,66853900,1416.1800537109375
2012-12-03,2.2799999713897705,2.4600000381469727,2.259999990463257,2.359999895095825,2.359999895095825,70160800,1409.4599609375
2012-12-04,2.4800000190734863,2.4800000190734863,2.2100000381469727,2.259999990463257,2.259999990463257,52165300,1407.050048828125
2012-12-05,2.299999952316284,2.319999933242798,2.25,2.289999961853028,2.289999961853028,20378800,1409.280029296875
2012-12-06,2.3299999237060547,2.390000104904175,2.2699999809265137,2.3399999141693115,2.3399999141693115,22223500,1413.93994140625
2012-12-07,2.380000114440918,2.390000104904175,2.289999961853028,2.359999895095825,2.359999895095825,34202800,1418.0699462890625
2012-12-10,2.3499999046325684,2.390000104904175,2.309999942779541,2.319999933242798,2.319999933242798,10015500,1418.550048828125
2012-12-11,2.3399999141693115,2.359999895095825,2.299999952316284,2.3299999237060547,2.3299999237060547,14745400,1427.8399658203125
2012-12-12,2.369999885559082,2.440000057220459,2.359999895095825,2.369999885559082,2.369999885559082,24565900,1428.47998046875
2012-12-13,2.400000095367432,2.440000057220459,2.380000114440918,2.4100000858306885,2.4100000858306885,25069800,1419.449951171875
2012-12-14,2.430000066757202,2.440000057220459,2.390000104904175,2.390000104904175,2.390000104904175,16552900,1413.5799560546875
2012-12-17,2.4100000858306885,2.4600000381469727,2.390000104904175,2.4600000381469727,2.4600000381469727,15273300,1430.3599853515625
2012-12-18,2.5,2.5299999713897705,2.470000028610229,2.5199999809265137,2.5199999809265137,26636300,1446.7900390625
2012-12-19,2.549999952316284,2.569999933242798,2.490000009536743,2.5199999809265137,2.5199999809265137,20586800,1435.81005859375
2012-12-20,2.5299999713897705,2.5299999713897705,2.369999885559082,2.400000095367432,2.400000095367432,24819400,1443.68994140625
2012-12-21,2.3299999237060547,2.5899999141693115,2.25,2.5899999141693115,2.5899999141693115,40732900,1430.1500244140625
2012-12-24,2.539999961853028,2.569999933242798,2.470000028610229,2.4800000190734863,2.4800000190734863,9625400,1426.6600341796875
2012-12-26,2.490000009536743,2.5299999713897705,2.4200000762939453,2.430000066757202,2.430000066757202,12798000,1419.8299560546875
2012-12-27,2.4200000762939453,2.430000066757202,2.3399999141693115,2.390000104904175,2.390000104904175,18485500,1418.0999755859375
2012-12-28,2.299999952316284,2.359999895095825,2.25,2.2799999713897705,2.2799999713897705,26210200,1402.4300537109375
2012-12-31,2.289999961853028,2.4200000762939453,2.2799999713897705,2.400000095367432,2.400000095367432,20698200,1426.18994140625
2013-01-02,2.549999952316284,2.569999933242798,2.450000047683716,2.5299999713897705,2.5299999713897705,27214800,1462.4200439453125
2013-01-03,2.5199999809265137,2.5899999141693115,2.4600000381469727,2.490000009536743,2.490000009536743,24966900,1459.3699951171875
2013-01-04,2.509999990463257,2.5899999141693115,2.490000009536743,2.5899999141693115,2.5899999141693115,22054200,1466.469970703125
2013-01-07,2.609999895095825,2.700000047683716,2.5999999046325684,2.6700000762939453,2.6700000762939453,25575200,1461.8900146484375
2013-01-08,2.720000028610229,2.759999990463257,2.640000104904175,2.6700000762939453,2.6700000762939453,29140800,1457.1500244140625
2013-01-09,2.700000047683716,2.720000028610229,2.5999999046325684,2.630000114440918,2.630000114440918,16675100,1461.02001953125
2013-01-10,2.690000057220459,2.700000047683716,2.609999895095825,2.619999885559082,2.619999885559082,19408800,1472.1199951171875
2013-01-11,2.630000114440918,2.680000066757202,2.549999952316284,2.6700000762939453,2.6700000762939453,20032100,1472.050048828125
2013-01-14,2.680000066757202,2.700000047683716,2.619999885559082,2.640000104904175,2.640000104904175,17300300,1470.6800537109375
2013-01-15,2.619999885559082,2.700000047683716,2.5999999046325684,2.680000066757202,2.680000066757202,23696400,1472.3399658203125
2013-01-16,2.6700000762939453,2.759999990463257,2.630000114440918,2.720000028610229,2.720000028610229,31384700,1472.6300048828125
2013-01-17,2.759999990463257,2.7799999713897705,2.7100000381469727,2.740000009536743,2.740000009536743,17872200,1480.93994140625
2013-01-18,2.650000095367432,2.680000066757202,2.430000066757202,2.4600000381469727,2.4600000381469727,41786200,1485.97998046875
2013-01-22,2.5199999809265137,2.539999961853028,2.430000066757202,2.450000047683716,2.450000047683716,35143000,1492.56005859375
2013-01-23,2.619999885559082,2.75,2.5899999141693115,2.7300000190734863,2.7300000190734863,69200500,1494.81005859375
2013-01-24,2.700000047683716,2.8399999141693115,2.6700000762939453,2.789999961853028,2.789999961853028,32497200,1494.8199462890625
2013-01-25,2.8399999141693115,2.930000066757202,2.819999933242798,2.8499999046325684,2.8499999046325684,33639700,1502.9599609375
2013-01-28,2.890000104904175,2.9200000762939453,2.7799999713897705,2.819999933242798,2.819999933242798,23636700,1500.1800537109375
2013-01-29,2.859999895095825,2.859999895095825,2.690000057220459,2.740000009536743,2.740000009536743,20071100,1507.8399658203125
2013-01-30,2.75,2.7799999713897705,2.630000114440918,2.650000095367432,2.650000095367432,19781200,1501.9599609375
2013-01-31,2.700000047683716,2.7100000381469727,2.450000047683716,2.5999999046325684,2.5999999046325684,27846400,1498.1099853515625
2013-02-01,2.630000114440918,2.680000066757202,2.569999933242798,2.5999999046325684,2.5999999046325684,18806200,1513.1700439453125
2013-02-04,2.630000114440918,2.640000104904175,2.5199999809265137,2.5199999809265137,2.5199999809265137,15382300,1495.7099609375
2013-02-05,2.549999952316284,2.5999999046325684,2.490000009536743,2.5999999046325684,2.5999999046325684,12440400,1511.2900390625
2013-02-06,2.5899999141693115,2.640000104904175,2.559999942779541,2.5999999046325684,2.5999999046325684,8831000,1512.1199951171875
2013-02-07,2.609999895095825,2.630000114440918,2.559999942779541,2.569999933242798,2.569999933242798,6780200,1509.3900146484375
2013-02-08,2.5799999237060547,2.5999999046325684,2.5799999237060547,2.5899999141693115,2.5899999141693115,5972800,1517.9300537109375
2013-02-11,2.5899999141693115,2.700000047683716,2.5899999141693115,2.6700000762939453,2.6700000762939453,22415300,1517.010009765625
2013-02-12,2.7100000381469727,2.7799999713897705,2.690000057220459,2.7699999809265137,2.7699999809265137,13675500,1519.4300537109375
2013-02-13,2.809999942779541,2.8299999237060547,2.7300000190734863,2.75,2.75,11495000,1520.3299560546875
2013-02-14,2.740000009536743,2.75,2.690000057220459,2.75,2.75,13289000,1521.3800048828125
2013-02-15,2.7699999809265137,2.789999961853028,2.700000047683716,2.7100000381469727,2.7100000381469727,10718400,1519.7900390625
2013-02-19,2.75,2.819999933242798,2.7300000190734863,2.819999933242798,2.819999933242798,19819200,1530.93994140625
2013-02-20,2.8399999141693115,2.8399999141693115,2.680000066757202,2.700000047683716,2.700000047683716,21361700,1511.949951171875
2013-02-21,2.690000057220459,2.690000057220459,2.5199999809265137,2.5999999046325684,2.5999999046325684,30776300,1502.4200439453125
2013-02-22,2.640000104904175,2.6700000762939453,2.549999952316284,2.609999895095825,2.609999895095825,20254200,1515.5999755859375
2013-02-25,2.640000104904175,2.650000095367432,2.5299999713897705,2.5299999713897705,2.5299999713897705,16946200,1487.8499755859375
2013-02-26,2.539999961853028,2.549999952316284,2.440000057220459,2.4600000381469727,2.4600000381469727,17584400,1496.93994140625
2013-02-27,2.4800000190734863,2.549999952316284,2.450000047683716,2.5299999713897705,2.5299999713897705,10653100,1515.989990234375
2013-02-28,2.559999942779541,2.569999933242798,2.4800000190734863,2.490000009536743,2.490000009536743,11378900,1514.6800537109375
2013-03-01,2.5,2.509999990463257,2.4200000762939453,2.4200000762939453,2.4200000762939453,19689400,1518.199951171875
2013-03-04,2.440000057220459,2.450000047683716,2.359999895095825,2.400000095367432,2.400000095367432,14570000,1525.199951171875
2013-03-05,2.450000047683716,2.470000028610229,2.400000095367432,2.430000066757202,2.430000066757202,13958900,1539.7900390625
2013-03-06,2.450000047683716,2.4600000381469727,2.400000095367432,2.430000066757202,2.430000066757202,10834600,1541.4599609375
2013-03-07,2.440000057220459,2.569999933242798,2.430000066757202,2.549999952316284,2.549999952316284,21089800,1544.260009765625
2013-03-08,2.569999933242798,2.640000104904175,2.5199999809265137,2.559999942779541,2.559999942779541,11330600,1551.1800537109375
2013-03-11,2.569999933242798,2.5999999046325684,2.509999990463257,2.5899999141693115,2.5899999141693115,13393400,1556.219970703125
2013-03-12,2.5899999141693115,2.630000114440918,2.569999933242798,2.609999895095825,2.609999895095825,9510100,1552.47998046875
2013-03-13,2.619999885559082,2.630000114440918,2.569999933242798,2.5999999046325684,2.5999999046325684,7482100,1554.52001953125
2013-03-14,2.619999885559082,2.630000114440918,2.5799999237060547,2.630000114440918,2.630000114440918,9222000,1563.22998046875
2013-03-15,2.5999999046325684,2.619999885559082,2.5799999237060547,2.5999999046325684,2.5999999046325684,15805100,1560.699951171875
2013-03-18,2.5899999141693115,2.680000066757202,2.549999952316284,2.650000095367432,2.650000095367432,12996000,1552.0999755859375
2013-03-19,2.6600000858306885,2.700000047683716,2.619999885559082,2.6700000762939453,2.6700000762939453,19316200,1548.3399658203125
2013-03-20,2.700000047683716,2.75,2.690000057220459,2.75,2.75,13502800,1558.7099609375
2013-03-21,2.7300000190734863,2.75,2.630000114440918,2.640000104904175,2.640000104904175,17021600,1545.800048828125
2013-03-22,2.6600000858306885,2.6700000762939453,2.5299999713897705,2.539999961853028,2.539999961853028,18524100,1556.8900146484375
2013-03-25,2.569999933242798,2.5999999046325684,2.490000009536743,2.509999990463257,2.509999990463257,11266100,1551.68994140625
2013-03-26,2.5199999809265137,2.539999961853028,2.5,2.539999961853028,2.539999961853028,6330300,1563.77001953125
2013-03-27,2.5,2.619999885559082,2.5,2.549999952316284,2.549999952316284,5902600,1562.8499755859375
2013-03-28,2.549999952316284,2.569999933242798,2.5199999809265137,2.549999952316284,2.549999952316284,4866900,1569.18994140625
2013-04-01,2.539999961853028,2.569999933242798,2.4200000762939453,2.440000057220459,2.440000057220459,14464800,1562.1700439453125
2013-04-02,2.450000047683716,2.450000047683716,2.380000114440918,2.390000104904175,2.390000104904175,11427400,1570.25
2013-04-03,2.400000095367432,2.4100000858306885,2.319999933242798,2.319999933242798,2.319999933242798,14485800,1553.68994140625
2013-04-04,2.3399999141693115,2.369999885559082,2.319999933242798,2.3299999237060547,2.3299999237060547,11177500,1559.97998046875
2013-04-05,2.299999952316284,2.309999942779541,2.2799999713897705,2.289999961853028,2.289999961853028,13725000,1553.280029296875
2013-04-08,2.309999942779541,2.609999895095825,2.259999990463257,2.5899999141693115,2.5899999141693115,44767800,1563.0699462890625
2013-04-09,2.5799999237060547,2.630000114440918,2.440000057220459,2.630000114440918,2.630000114440918,33886600,1568.6099853515625
2013-04-10,2.650000095367432,2.6600000858306885,2.569999933242798,2.609999895095825,2.609999895095825,20686300,1587.72998046875
2013-04-11,2.549999952316284,2.569999933242798,2.4600000381469727,2.5199999809265137,2.5199999809265137,12946700,1593.3699951171875
2013-04-12,2.5,2.5,2.430000066757202,2.4800000190734863,2.4800000190734863,10712600,1588.8499755859375
2013-04-15,2.450000047683716,2.470000028610229,2.400000095367432,2.400000095367432,2.400000095367432,11522300,1552.3599853515625
2013-04-16,2.430000066757202,2.440000057220459,2.400000095367432,2.440000057220459,2.440000057220459,10954300,1574.5699462890625
2013-04-17,2.4100000858306885,2.470000028610229,2.400000095367432,2.400000095367432,2.400000095367432,14829200,1552.010009765625
2013-04-18,2.400000095367432,2.559999942779541,2.289999961853028,2.509999990463257,2.509999990463257,27340500,1541.6099853515625
2013-04-19,2.440000057220459,2.5,2.390000104904175,2.470000028610229,2.470000028610229,25040200,1555.25
2013-04-22,2.470000028610229,2.509999990463257,2.430000066757202,2.4600000381469727,2.4600000381469727,14131700,1562.5
2013-04-23,2.5,2.549999952316284,2.470000028610229,2.5299999713897705,2.5299999713897705,14550400,1578.780029296875
2013-04-24,2.539999961853028,2.619999885559082,2.5199999809265137,2.609999895095825,2.609999895095825,16537800,1578.7900390625
2013-04-25,2.630000114440918,2.720000028610229,2.630000114440918,2.680000066757202,2.680000066757202,20971000,1585.1600341796875
2013-04-26,2.6600000858306885,2.680000066757202,2.5999999046325684,2.640000104904175,2.640000104904175,17317200,1582.239990234375
2013-04-29,2.6600000858306885,2.700000047683716,2.650000095367432,2.680000066757202,2.680000066757202,11220000,1593.6099853515625
2013-04-30,2.680000066757202,2.819999933242798,2.6700000762939453,2.819999933242798,2.819999933242798,32647200,1597.5699462890625
2013-05-01,2.809999942779541,3.2799999713897705,2.789999961853028,3.220000028610229,3.220000028610229,88006700,1582.699951171875
2013-05-02,3.1600000858306885,3.4800000190734863,3.140000104904175,3.4100000858306885,3.4100000858306885,74185900,1597.5899658203125
2013-05-03,3.470000028610229,3.799999952316284,3.470000028610229,3.5999999046325684,3.5999999046325684,87328700,1614.4200439453125
2013-05-06,3.7200000286102295,3.75,3.5299999713897705,3.609999895095825,3.609999895095825,51378200,1617.5
2013-05-07,3.650000095367432,3.670000076293945,3.440000057220459,3.539999961853028,3.539999961853028,35339500,1625.9599609375
2013-05-08,3.539999961853028,3.849999904632568,3.470000028610229,3.829999923706055,3.829999923706055,57017200,1632.68994140625
2013-05-09,3.910000085830689,3.990000009536743,3.829999923706055,3.859999895095825,3.859999895095825,47232300,1626.6700439453125
2013-05-10,3.7899999618530273,3.9700000286102295,3.7899999618530273,3.950000047683716,3.950000047683716,30586600,1633.699951171875
2013-05-13,3.950000047683716,4.21999979019165,3.940000057220459,4.170000076293945,4.170000076293945,54889400,1633.77001953125
2013-05-14,4.309999942779541,4.320000171661377,4.179999828338623,4.260000228881836,4.260000228881836,53292800,1650.3399658203125
2013-05-15,4.289999961853027,4.420000076293945,4.260000228881836,4.380000114440918,4.380000114440918,39347300,1658.780029296875
2013-05-16,3.900000095367432,3.940000057220459,3.660000085830689,3.829999923706055,3.829999923706055,80221500,1650.469970703125
2013-05-17,3.930000066757202,4.099999904632568,3.900000095367432,4.070000171661377,4.070000171661377,33952700,1667.469970703125
2013-05-20,4.179999828338623,4.199999809265137,4.070000171661377,4.099999904632568,4.099999904632568,35458600,1666.2900390625
2013-05-21,4.150000095367432,4.199999809265137,3.950000047683716,4.019999980926514,4.019999980926514,36560500,1669.1600341796875
2013-05-22,4.079999923706055,4.099999904632568,3.910000085830689,3.9600000381469727,3.9600000381469727,28771500,1655.3499755859375
2013-05-23,3.809999942779541,4.050000190734863,3.7899999618530273,4.010000228881836,4.010000228881836,33152600,1650.510009765625
2013-05-24,4.03000020980835,4.059999942779541,3.9700000286102295,4.050000190734863,4.050000190734863,20655600,1649.5999755859375
2013-05-28,4.130000114440918,4.150000095367432,4.019999980926514,4.050000190734863,4.050000190734863,19603800,1660.06005859375
2013-05-29,4.010000228881836,4.050000190734863,3.9600000381469727,3.9800000190734863,3.9800000190734863,16279300,1648.3599853515625
2013-05-30,4.0,4.059999942779541,3.990000009536743,4.039999961853027,4.039999961853027,15229500,1654.4100341796875
2013-05-31,4.070000171661377,4.110000133514404,3.990000009536743,4.0,4.0,17715000,1630.739990234375
2013-06-03,4.019999980926514,4.03000020980835,3.809999942779541,3.9600000381469727,3.9600000381469727,23938100,1640.4200439453125
2013-06-04,3.950000047683716,4.039999961853027,3.940000057220459,4.010000228881836,4.010000228881836,19612600,1631.3800048828125
2013-06-05,4.010000228881836,4.03000020980835,3.890000104904175,3.910000085830689,3.910000085830689,15404600,1608.9000244140625
2013-06-06,3.869999885559082,3.940000057220459,3.809999942779541,3.940000057220459,3.940000057220459,20863700,1622.56005859375
2013-06-07,3.9800000190734863,3.990000009536743,3.880000114440918,3.910000085830689,3.910000085830689,12026500,1643.3800048828125
2013-06-10,3.950000047683716,4.079999923706055,3.920000076293945,4.059999942779541,4.059999942779541,32378100,1642.81005859375
2013-06-11,4.0,4.110000133514404,3.9600000381469727,3.9600000381469727,3.9600000381469727,20201200,1626.1300048828125
2013-06-12,4.0,4.03000020980835,3.900000095367432,3.900000095367432,3.900000095367432,14600100,1612.52001953125
2013-06-13,3.900000095367432,3.9600000381469727,3.869999885559082,3.950000047683716,3.950000047683716,14192300,1636.3599853515625
2013-06-14,3.9800000190734863,4.039999961853027,3.910000085830689,3.940000057220459,3.940000057220459,14395600,1626.72998046875
2013-06-17,4.119999885559082,4.139999866485596,4.019999980926514,4.050000190734863,4.050000190734863,31973300,1639.0400390625
2013-06-18,4.099999904632568,4.110000133514404,4.050000190734863,4.090000152587891,4.090000152587891,22841700,1651.81005859375
2013-06-19,4.150000095367432,4.179999828338623,4.039999961853027,4.070000171661377,4.070000171661377,24193500,1628.9300537109375
2013-06-20,4.019999980926514,4.03000020980835,3.859999895095825,3.869999885559082,3.869999885559082,26704000,1588.18994140625
2013-06-21,3.9700000286102295,4.039999961853027,3.900000095367432,4.0,4.0,32752000,1592.4300537109375
2013-06-24,4.070000171661377,4.090000152587891,3.990000009536743,4.050000190734863,4.050000190734863,29135600,1573.0899658203125
2013-06-25,4.110000133514404,4.150000095367432,4.059999942779541,4.150000095367432,4.150000095367432,26642400,1588.030029296875
2013-06-26,4.199999809265137,4.210000038146973,4.119999885559082,4.139999866485596,4.139999866485596,19841200,1603.260009765625
2013-06-27,4.190000057220459,4.190000057220459,4.059999942779541,4.079999923706055,4.079999923706055,17426100,1613.199951171875
2013-06-28,4.079999923706055,4.119999885559082,4.019999980926514,4.079999923706055,4.079999923706055,13329600,1606.280029296875
2013-07-01,4.110000133514404,4.130000114440918,4.070000171661377,4.099999904632568,4.099999904632568,10712200,1614.9599609375
2013-07-02,4.090000152587891,4.119999885559082,3.950000047683716,3.9700000286102295,3.9700000286102295,17766600,1614.0799560546875
2013-07-03,4.0,4.070000171661377,3.9600000381469727,4.059999942779541,4.059999942779541,11315900,1615.4100341796875
2013-07-05,4.079999923706055,4.099999904632568,4.03000020980835,4.070000171661377,4.070000171661377,8965400,1631.8900146484375
2013-07-08,4.079999923706055,4.090000152587891,3.9800000190734863,4.0,4.0,16930900,1640.4599609375
2013-07-09,4.019999980926514,4.079999923706055,4.010000228881836,4.050000190734863,4.050000190734863,9550900,1652.3199462890625
2013-07-10,4.059999942779541,4.059999942779541,3.9600000381469727,3.9800000190734863,3.9800000190734863,19122800,1652.6199951171875
2013-07-11,4.21999979019165,4.449999809265137,4.159999847412109,4.449999809265137,4.449999809265137,106975700,1675.02001953125
2013-07-12,4.480000019073486,4.5,4.260000228881836,4.320000171661377,4.320000171661377,50286600,1680.18994140625
2013-07-15,4.340000152587891,4.400000095367432,4.309999942779541,4.400000095367432,4.400000095367432,21953700,1682.5
2013-07-16,4.409999847412109,4.489999771118164,4.25,4.429999828338623,4.429999828338623,39716700,1676.260009765625
2013-07-17,4.440000057220459,4.449999809265137,4.329999923706055,4.380000114440918,4.380000114440918,17002100,1680.9100341796875
2013-07-18,4.380000114440918,4.650000095367432,4.369999885559082,4.639999866485596,4.639999866485596,70347000,1689.3699951171875
2013-07-19,3.990000009536743,4.079999923706055,3.849999904632568,4.03000020980835,4.03000020980835,151516000,1692.0899658203125
2013-07-22,4.010000228881836,4.010000228881836,3.890000104904175,3.900000095367432,3.900000095367432,50010900,1695.530029296875
2013-07-23,3.880000114440918,3.880000114440918,3.640000104904175,3.660000085830689,3.660000085830689,76847700,1692.3900146484375
2013-07-24,3.690000057220459,3.75,3.5799999237060547,3.630000114440918,3.630000114440918,50913500,1685.93994140625
2013-07-25,3.640000104904175,3.740000009536743,3.5999999046325684,3.700000047683716,3.700000047683716,29243400,1690.25
2013-07-26,3.700000047683716,3.829999923706055,3.660000085830689,3.819999933242798,3.819999933242798,42575800,1691.6500244140625
2013-07-29,3.869999885559082,3.890000104904175,3.75,3.75,3.75,32247500,1685.3299560546875
2013-07-30,3.7899999618530273,3.849999904632568,3.75,3.819999933242798,3.819999933242798,19611600,1685.9599609375
2013-07-31,3.849999904632568,3.900000095367432,3.7699999809265137,3.7699999809265137,3.7699999809265137,34342100,1685.72998046875
2013-08-01,3.809999942779541,3.869999885559082,3.7799999713897705,3.809999942779541,3.809999942779541,22276700,1706.8699951171875
2013-08-02,3.799999952316284,3.839999914169312,3.7699999809265137,3.799999952316284,3.799999952316284,13481100,1709.6700439453125
2013-08-05,3.829999923706055,3.839999914169312,3.799999952316284,3.819999933242798,3.819999933242798,11734100,1707.1400146484375
2013-08-06,3.809999942779541,3.819999933242798,3.7100000381469727,3.7200000286102295,3.7200000286102295,19462800,1697.3699951171875
2013-08-07,3.680000066757202,3.700000047683716,3.569999933242798,3.690000057220459,3.690000057220459,27553200,1690.9100341796875
2013-08-08,3.7100000381469727,3.7300000190734863,3.609999895095825,3.7100000381469727,3.7100000381469727,16994400,1697.47998046875
2013-08-09,3.690000057220459,3.700000047683716,3.630000114440918,3.650000095367432,3.650000095367432,13656300,1691.4200439453125
2013-08-12,3.619999885559082,3.7200000286102295,3.609999895095825,3.650000095367432,3.650000095367432,10665300,1689.469970703125
2013-08-13,3.670000076293945,3.7100000381469727,3.630000114440918,3.690000057220459,3.690000057220459,12387400,1694.1600341796875
2013-08-14,3.680000066757202,3.829999923706055,3.650000095367432,3.819999933242798,3.819999933242798,32081500,1685.3900146484375
2013-08-15,3.759999990463257,3.839999914169312,3.650000095367432,3.690000057220459,3.690000057220459,28245900,1661.3199462890625
2013-08-16,3.690000057220459,3.7100000381469727,3.650000095367432,3.660000085830689,3.660000085830689,11659600,1655.8299560546875
2013-08-19,3.670000076293945,3.680000066757202,3.5899999141693115,3.5999999046325684,3.5999999046325684,14414700,1646.06005859375
2013-08-20,3.619999885559082,3.690000057220459,3.5899999141693115,3.630000114440918,3.630000114440918,16665100,1652.3499755859375
2013-08-21,3.619999885559082,3.680000066757202,3.5999999046325684,3.609999895095825,3.609999895095825,13992800,1642.800048828125
2013-08-22,3.630000114440918,3.650000095367432,3.5999999046325684,3.630000114440918,3.630000114440918,10071400,1656.9599609375
2013-08-23,3.670000076293945,3.740000009536743,3.609999895095825,3.650000095367432,3.650000095367432,22498900,1663.5
2013-08-26,3.650000095367432,3.660000085830689,3.5799999237060547,3.5799999237060547,3.5799999237060547,22464000,1656.780029296875
2013-08-27,3.549999952316284,3.549999952316284,3.3299999237060547,3.390000104904175,3.390000104904175,51647100,1630.47998046875
2013-08-28,3.3499999046325684,3.490000009536743,3.3299999237060547,3.4200000762939453,3.4200000762939453,19453800,1634.9599609375
2013-08-29,3.430000066757202,3.4800000190734863,3.369999885559082,3.380000114440918,3.380000114440918,13448100,1638.1700439453125
2013-08-30,3.380000114440918,3.4100000858306885,3.25,3.2699999809265137,3.2699999809265137,31721500,1632.969970703125
2013-09-03,3.319999933242798,3.3499999046325684,3.25,3.2699999809265137,3.2699999809265137,15543600,1639.77001953125
2013-09-04,3.2799999713897705,3.3399999141693115,3.25,3.309999942779541,3.309999942779541,29576000,1653.0799560546875
2013-09-05,3.319999933242798,3.490000009536743,3.299999952316284,3.4100000858306885,3.4100000858306885,23102100,1655.0799560546875
2013-09-06,3.539999961853028,3.5999999046325684,3.430000066757202,3.569999933242798,3.569999933242798,35974800,1655.1700439453125
2013-09-09,3.630000114440918,3.7200000286102295,3.619999885559082,3.690000057220459,3.690000057220459,23646200,1671.7099609375
2013-09-10,3.7799999713897705,3.869999885559082,3.7699999809265137,3.869999885559082,3.869999885559082,33201100,1683.989990234375
2013-09-11,3.869999885559082,3.890000104904175,3.740000009536743,3.819999933242798,3.819999933242798,24009100,1689.1300048828125
2013-09-12,3.759999990463257,3.799999952316284,3.690000057220459,3.75,3.75,28947700,1683.4200439453125
2013-09-13,3.75,3.869999885559082,3.7200000286102295,3.829999923706055,3.829999923706055,25331400,1687.989990234375
2013-09-16,3.900000095367432,3.900000095367432,3.7899999618530273,3.819999933242798,3.819999933242798,30569700,1697.5999755859375
2013-09-17,3.829999923706055,3.900000095367432,3.7699999809265137,3.849999904632568,3.849999904632568,25590700,1704.760009765625
2013-09-18,3.849999904632568,3.950000047683716,3.829999923706055,3.930000066757202,3.930000066757202,24046300,1725.52001953125
2013-09-19,3.9600000381469727,4.0,3.920000076293945,3.950000047683716,3.950000047683716,24274700,1722.3399658203125
2013-09-20,3.910000085830689,3.9600000381469727,3.7899999618530273,3.829999923706055,3.829999923706055,94572300,1709.9100341796875
2013-09-23,3.809999942779541,3.869999885559082,3.7699999809265137,3.7899999618530273,3.7899999618530273,20920500,1701.8399658203125
2013-09-24,3.7899999618530273,3.890000104904175,3.75,3.799999952316284,3.799999952316284,21462700,1697.4200439453125
2013-09-25,3.819999933242798,3.940000057220459,3.7899999618530273,3.910000085830689,3.910000085830689,23559200,1692.77001953125
2013-09-26,3.940000057220459,3.9800000190734863,3.880000114440918,3.890000104904175,3.890000104904175,17460300,1698.6700439453125
2013-09-27,3.869999885559082,3.910000085830689,3.829999923706055,3.859999895095825,3.859999895095825,11436100,1691.75
2013-09-30,3.7899999618530273,3.859999895095825,3.75,3.809999942779541,3.809999942779541,16556900,1681.550048828125
2013-10-01,3.819999933242798,3.940000057220459,3.809999942779541,3.859999895095825,3.859999895095825,26056400,1695.0
2013-10-02,3.829999923706055,3.940000057220459,3.819999933242798,3.900000095367432,3.900000095367432,18583300,1693.8699951171875
2013-10-03,3.930000066757202,3.940000057220459,3.859999895095825,3.900000095367432,3.900000095367432,25498500,1678.6600341796875
2013-10-04,3.910000085830689,3.950000047683716,3.890000104904175,3.910000085830689,3.910000085830689,17134400,1690.5
2013-10-07,3.869999885559082,3.910000085830689,3.829999923706055,3.859999895095825,3.859999895095825,16734000,1676.1199951171875
2013-10-08,3.869999885559082,3.890000104904175,3.680000066757202,3.7200000286102295,3.7200000286102295,35910400,1655.449951171875
2013-10-09,3.75,3.75,3.549999952316284,3.650000095367432,3.650000095367432,36053700,1656.4000244140625
2013-10-10,3.7200000286102295,3.799999952316284,3.7200000286102295,3.7899999618530273,3.7899999618530273,24019400,1692.56005859375
2013-10-11,3.7799999713897705,3.849999904632568,3.75,3.829999923706055,3.829999923706055,17384600,1703.199951171875
2013-10-14,3.869999885559082,4.050000190734863,3.849999904632568,3.9700000286102295,3.9700000286102295,63648400,1710.1400146484375
2013-10-15,4.03000020980835,4.099999904632568,4.010000228881836,4.019999980926514,4.019999980926514,52027500,1698.06005859375
2013-10-16,4.099999904632568,4.099999904632568,4.03000020980835,4.090000152587891,4.090000152587891,34138300,1721.5400390625
2013-10-17,4.119999885559082,4.130000114440918,4.059999942779541,4.090000152587891,4.090000152587891,45838000,1733.1500244140625
2013-10-18,3.559999942779541,3.660000085830689,3.509999990463257,3.5299999713897705,3.5299999713897705,108913700,1744.5
2013-10-21,3.559999942779541,3.559999942779541,3.299999952316284,3.369999885559082,3.369999885559082,68891000,1744.6600341796875
2013-10-22,3.319999933242798,3.3399999141693115,3.119999885559082,3.180000066757202,3.180000066757202,92506500,1754.6700439453125
2013-10-23,3.200000047683716,3.25,3.039999961853028,3.140000104904175,3.140000104904175,65948000,1746.3800048828125
2013-10-24,3.2100000381469727,3.299999952316284,3.1600000858306885,3.2300000190734863,3.2300000190734863,43033200,1752.0699462890625
2013-10-25,3.289999961853028,3.390000104904175,3.289999961853028,3.3399999141693115,3.3399999141693115,43346300,1759.77001953125
2013-10-28,3.380000114440918,3.390000104904175,3.319999933242798,3.319999933242798,3.319999933242798,23820500,1762.1099853515625
2013-10-29,3.3399999141693115,3.369999885559082,3.319999933242798,3.3299999237060547,3.3299999237060547,15816500,1771.949951171875
2013-10-30,3.3499999046325684,3.359999895095825,3.299999952316284,3.299999952316284,3.299999952316284,16208000,1763.31005859375
2013-10-31,3.309999942779541,3.3499999046325684,3.25,3.3399999141693115,3.3399999141693115,18062700,1756.5400390625
2013-11-01,3.369999885559082,3.369999885559082,3.299999952316284,3.309999942779541,3.309999942779541,14422000,1761.6400146484375
2013-11-04,3.3399999141693115,3.380000114440918,3.289999961853028,3.319999933242798,3.319999933242798,16749400,1767.9300537109375
2013-11-05,3.319999933242798,3.3499999046325684,3.289999961853028,3.3299999237060547,3.3299999237060547,14003100,1762.969970703125
2013-11-06,3.3299999237060547,3.3499999046325684,3.299999952316284,3.319999933242798,3.319999933242798,15065300,1770.489990234375
2013-11-07,3.3299999237060547,3.3299999237060547,3.2300000190734863,3.2799999713897705,3.2799999713897705,18856200,1747.1500244140625
2013-11-08,3.259999990463257,3.289999961853028,3.200000047683716,3.2699999809265137,3.2699999809265137,12072000,1770.6099853515625
2013-11-11,3.289999961853028,3.3399999141693115,3.25,3.3399999141693115,3.3399999141693115,12981500,1771.8900146484375
2013-11-12,3.3399999141693115,3.450000047683716,3.3299999237060547,3.440000057220459,3.440000057220459,20185800,1767.68994140625
2013-11-13,3.5,3.549999952316284,3.4600000381469727,3.539999961853028,3.539999961853028,28914000,1782.0
2013-11-14,3.549999952316284,3.569999933242798,3.470000028610229,3.5199999809265137,3.5199999809265137,15123200,1790.6199951171875
2013-11-15,3.5299999713897705,3.5299999713897705,3.4800000190734863,3.5,3.5,11570800,1798.1800537109375
2013-11-18,3.5299999713897705,3.539999961853028,3.470000028610229,3.470000028610229,3.470000028610229,13170900,1791.530029296875
2013-11-19,3.4600000381469727,3.4800000190734863,3.359999895095825,3.4200000762939453,3.4200000762939453,20169800,1787.8699951171875
2013-11-20,3.440000057220459,3.4600000381469727,3.400000095367432,3.4200000762939453,3.4200000762939453,9937400,1781.3699951171875
2013-11-21,3.430000066757202,3.440000057220459,3.3499999046325684,3.369999885559082,3.369999885559082,13646200,1795.8499755859375
2013-11-22,3.380000114440918,3.390000104904175,3.3299999237060547,3.3399999141693115,3.3399999141693115,11315300,1804.760009765625
2013-11-25,3.359999895095825,3.400000095367432,3.3399999141693115,3.390000104904175,3.390000104904175,11605400,1802.47998046875
2013-11-26,3.4200000762939453,3.4800000190734863,3.400000095367432,3.450000047683716,3.450000047683716,16989300,1802.75
2013-11-27,3.4800000190734863,3.5799999237060547,3.4600000381469727,3.559999942779541,3.559999942779541,19876400,1807.22998046875
2013-11-29,3.5999999046325684,3.680000066757202,3.5799999237060547,3.640000104904175,3.640000104904175,15448400,1805.81005859375
2013-12-02,3.650000095367432,3.700000047683716,3.559999942779541,3.660000085830689,3.660000085830689,24119700,1800.9000244140625
2013-12-03,3.640000104904175,3.7100000381469727,3.5799999237060547,3.619999885559082,3.619999885559082,23323200,1795.1500244140625
2013-12-04,3.569999933242798,3.630000114440918,3.4800000190734863,3.569999933242798,3.569999933242798,21609700,1792.81005859375
2013-12-05,3.559999942779541,3.650000095367432,3.549999952316284,3.640000104904175,3.640000104904175,14465700,1785.030029296875
2013-12-06,3.670000076293945,3.700000047683716,3.630000114440918,3.660000085830689,3.660000085830689,15825300,1805.0899658203125
2013-12-09,3.660000085830689,3.700000047683716,3.630000114440918,3.630000114440918,3.630000114440918,10470700,1808.3699951171875
2013-12-10,3.630000114440918,3.7799999713897705,3.5999999046325684,3.7200000286102295,3.7200000286102295,29571500,1802.6199951171875
2013-12-11,3.740000009536743,3.7699999809265137,3.660000085830689,3.680000066757202,3.680000066757202,13436700,1782.219970703125
2013-12-12,3.680000066757202,3.75,3.650000095367432,3.690000057220459,3.690000057220459,10013900,1775.5
2013-12-13,3.700000047683716,3.7200000286102295,3.650000095367432,3.690000057220459,3.690000057220459,9074200,1775.3199462890625
2013-12-16,3.640000104904175,3.660000085830689,3.509999990463257,3.5899999141693115,3.5899999141693115,22228600,1786.5400390625
2013-12-17,3.5999999046325684,3.670000076293945,3.5799999237060547,3.650000095367432,3.650000095367432,14836400,1781.0
2013-12-18,3.640000104904175,3.670000076293945,3.5999999046325684,3.650000095367432,3.650000095367432,12658100,1810.6500244140625
2013-12-19,3.640000104904175,3.680000066757202,3.5999999046325684,3.650000095367432,3.650000095367432,10419000,1809.5999755859375
2013-12-20,3.640000104904175,3.700000047683716,3.640000104904175,3.690000057220459,3.690000057220459,12762700,1818.3199462890625
2013-12-23,3.740000009536743,3.7799999713897705,3.7200000286102295,3.75,3.75,14531000,1827.989990234375
2013-12-24,3.7699999809265137,3.799999952316284,3.75,3.7699999809265137,3.7699999809265137,5798900,1833.3199462890625
2013-12-26,3.799999952316284,3.849999904632568,3.7899999618530273,3.799999952316284,3.799999952316284,9887600,1842.02001953125
2013-12-27,3.819999933242798,3.829999923706055,3.759999990463257,3.7799999713897705,3.7799999713897705,8248800,1841.4000244140625
2013-12-30,3.7899999618530273,3.880000114440918,3.7799999713897705,3.849999904632568,3.849999904632568,17519300,1841.0699462890625
2013-12-31,3.869999885559082,3.880000114440918,3.829999923706055,3.869999885559082,3.869999885559082,12347800,1848.3599853515625
2014-01-02,3.849999904632568,3.9800000190734863,3.839999914169312,3.950000047683716,3.950000047683716,20548400,1831.97998046875
2014-01-03,3.9800000190734863,4.0,3.880000114440918,4.0,4.0,22887200,1831.3699951171875
2014-01-06,4.010000228881836,4.179999828338623,3.990000009536743,4.130000114440918,4.130000114440918,42398300,1826.77001953125
2014-01-07,4.190000057220459,4.25,4.110000133514404,4.179999828338623,4.179999828338623,42932100,1837.8800048828125
2014-01-08,4.230000019073486,4.260000228881836,4.139999866485596,4.179999828338623,4.179999828338623,30678700,1837.489990234375
2014-01-09,4.199999809265137,4.230000019073486,4.050000190734863,4.090000152587891,4.090000152587891,30667600,1838.1300048828125
2014-01-10,4.090000152587891,4.199999809265137,4.070000171661377,4.170000076293945,4.170000076293945,20840800,1842.3699951171875
2014-01-13,4.190000057220459,4.199999809265137,4.090000152587891,4.130000114440918,4.130000114440918,22856100,1819.199951171875
2014-01-14,4.139999866485596,4.300000190734863,4.130000114440918,4.300000190734863,4.300000190734863,42434800,1838.8800048828125
2014-01-15,4.340000152587891,4.599999904632568,4.320000171661377,4.46999979019165,4.46999979019165,66613100,1848.3800048828125
2014-01-16,4.5,4.510000228881836,4.320000171661377,4.380000114440918,4.380000114440918,46975600,1845.8900146484375
2014-01-17,4.150000095367432,4.349999904632568,4.110000133514404,4.179999828338623,4.179999828338623,45842700,1838.699951171875
2014-01-21,4.309999942779541,4.340000152587891,4.130000114440918,4.170000076293945,4.170000076293945,58702900,1843.800048828125
2014-01-22,3.7899999618530273,3.819999933242798,3.660000085830689,3.670000076293945,3.670000076293945,86329500,1844.8599853515625
2014-01-23,3.670000076293945,3.680000066757202,3.5799999237060547,3.619999885559082,3.619999885559082,29844700,1828.4599609375
2014-01-24,3.5999999046325684,3.609999895095825,3.4100000858306885,3.470000028610229,3.470000028610229,48095800,1790.2900390625
2014-01-27,3.4800000190734863,3.490000009536743,3.3499999046325684,3.4100000858306885,3.4100000858306885,31332300,1781.56005859375
2014-01-28,3.430000066757202,3.569999933242798,3.4100000858306885,3.539999961853028,3.539999961853028,27962600,1792.5
2014-01-29,3.5199999809265137,3.559999942779541,3.450000047683716,3.4800000190734863,3.4800000190734863,21765000,1774.199951171875
2014-01-30,3.509999990463257,3.5199999809265137,3.450000047683716,3.4800000190734863,3.4800000190734863,17111700,1794.18994140625
2014-01-31,3.450000047683716,3.470000028610229,3.430000066757202,3.430000066757202,3.430000066757202,13602100,1782.5899658203125
2014-02-03,3.430000066757202,3.440000057220459,3.3299999237060547,3.3299999237060547,3.3299999237060547,22280200,1741.8900146484375
2014-02-04,3.3499999046325684,3.430000066757202,3.299999952316284,3.369999885559082,3.369999885559082,22681000,1755.199951171875
2014-02-05,3.359999895095825,3.369999885559082,3.289999961853028,3.309999942779541,3.309999942779541,14858900,1751.6400146484375
2014-02-06,3.319999933242798,3.4600000381469727,3.319999933242798,3.4100000858306885,3.4100000858306885,16072900,1773.4300537109375
2014-02-07,3.4600000381469727,3.5,3.4200000762939453,3.470000028610229,3.470000028610229,23119700,1797.02001953125
2014-02-10,3.5,3.640000104904175,3.450000047683716,3.630000114440918,3.630000114440918,21241100,1799.8399658203125
2014-02-11,3.660000085830689,3.75,3.650000095367432,3.700000047683716,3.700000047683716,34198100,1819.75
2014-02-12,3.7100000381469727,3.7300000190734863,3.630000114440918,3.690000057220459,3.690000057220459,18321300,1819.260009765625
2014-02-13,3.640000104904175,3.7100000381469727,3.640000104904175,3.700000047683716,3.700000047683716,13368600,1829.8299560546875
2014-02-14,3.700000047683716,3.7200000286102295,3.640000104904175,3.690000057220459,3.690000057220459,12387900,1838.6300048828125
2014-02-18,3.690000057220459,3.7200000286102295,3.650000095367432,3.700000047683716,3.700000047683716,11956700,1840.760009765625
2014-02-19,3.700000047683716,3.740000009536743,3.680000066757202,3.7200000286102295,3.7200000286102295,14175500,1828.75
2014-02-20,3.7200000286102295,3.75,3.660000085830689,3.690000057220459,3.690000057220459,13276100,1839.780029296875
2014-02-21,3.7100000381469727,3.75,3.660000085830689,3.690000057220459,3.690000057220459,13606800,1836.25
2014-02-24,3.7100000381469727,3.7300000190734863,3.700000047683716,3.7100000381469727,3.7100000381469727,10717900,1847.6099853515625
2014-02-25,3.7300000190734863,3.740000009536743,3.660000085830689,3.690000057220459,3.690000057220459,9173500,1845.1199951171875
2014-02-26,3.700000047683716,3.7200000286102295,3.630000114440918,3.700000047683716,3.700000047683716,13211700,1845.1600341796875
2014-02-27,3.690000057220459,3.7699999809265137,3.680000066757202,3.7100000381469727,3.7100000381469727,18218000,1854.2900390625
2014-02-28,3.7300000190734863,3.7699999809265137,3.700000047683716,3.7100000381469727,3.7100000381469727,14643200,1859.449951171875
2014-03-03,3.660000085830689,3.700000047683716,3.5999999046325684,3.670000076293945,3.670000076293945,19555800,1845.72998046875
2014-03-04,3.700000047683716,3.7300000190734863,3.680000066757202,3.700000047683716,3.700000047683716,10516100,1873.9100341796875
2014-03-05,3.700000047683716,3.7300000190734863,3.690000057220459,3.7100000381469727,3.7100000381469727,10740200,1873.81005859375
2014-03-06,3.7200000286102295,3.75,3.7100000381469727,3.7300000190734863,3.7300000190734863,10713000,1877.030029296875
2014-03-07,3.75,4.019999980926514,3.75,3.950000047683716,3.950000047683716,55435800,1878.0400390625
2014-03-10,4.039999961853027,4.059999942779541,3.799999952316284,3.809999942779541,3.809999942779541,42135800,1877.1700439453125
2014-03-11,3.859999895095825,4.010000228881836,3.829999923706055,3.849999904632568,3.849999904632568,34951400,1867.6300048828125
2014-03-12,3.859999895095825,3.930000066757202,3.849999904632568,3.910000085830689,3.910000085830689,14700500,1868.199951171875
2014-03-13,3.940000057220459,3.990000009536743,3.839999914169312,3.859999895095825,3.859999895095825,19803000,1846.3399658203125
2014-03-14,3.839999914169312,3.900000095367432,3.819999933242798,3.849999904632568,3.849999904632568,18161500,1841.1300048828125
2014-03-17,3.880000114440918,3.910000085830689,3.7799999713897705,3.799999952316284,3.799999952316284,20004100,1858.8299560546875
2014-03-18,3.819999933242798,3.910000085830689,3.809999942779541,3.890000104904175,3.890000104904175,15273700,1872.25
2014-03-19,3.910000085830689,4.0,3.900000095367432,3.9800000190734863,3.9800000190734863,28516900,1860.77001953125
2014-03-20,3.9600000381469727,4.050000190734863,3.900000095367432,4.050000190734863,4.050000190734863,23600600,1872.010009765625
2014-03-21,4.070000171661377,4.139999866485596,4.010000228881836,4.039999961853027,4.039999961853027,23871200,1866.52001953125
2014-03-24,4.050000190734863,4.139999866485596,3.9800000190734863,4.050000190734863,4.050000190734863,20669500,1857.43994140625
2014-03-25,4.090000152587891,4.119999885559082,4.019999980926514,4.050000190734863,4.050000190734863,14517000,1865.6199951171875
2014-03-26,4.079999923706055,4.099999904632568,4.019999980926514,4.050000190734863,4.050000190734863,14799700,1852.56005859375
2014-03-27,3.990000009536743,4.070000171661377,3.869999885559082,3.910000085830689,3.910000085830689,24532000,1849.0400390625
2014-03-28,3.930000066757202,3.9700000286102295,3.869999885559082,3.880000114440918,3.880000114440918,13189200,1857.6199951171875
2014-03-31,3.930000066757202,4.019999980926514,3.900000095367432,4.010000228881836,4.010000228881836,15386000,1872.3399658203125
2014-04-01,4.039999961853027,4.099999904632568,4.019999980926514,4.070000171661377,4.070000171661377,18778800,1885.52001953125
2014-04-02,4.119999885559082,4.119999885559082,4.059999942779541,4.059999942779541,4.059999942779541,14839500,1890.9000244140625
2014-04-03,4.070000171661377,4.099999904632568,3.9700000286102295,4.0,4.0,16802300,1888.77001953125
2014-04-04,4.03000020980835,4.110000133514404,3.920000076293945,4.010000228881836,4.010000228881836,23427000,1865.0899658203125
2014-04-07,3.9800000190734863,3.990000009536743,3.829999923706055,3.880000114440918,3.880000114440918,24874600,1845.0400390625
2014-04-08,3.890000104904175,4.0,3.829999923706055,3.990000009536743,3.990000009536743,17339100,1851.9599609375
2014-04-09,4.010000228881836,4.019999980926514,3.950000047683716,3.9800000190734863,3.9800000190734863,11270300,1872.1800537109375
2014-04-10,3.9700000286102295,4.010000228881836,3.839999914169312,3.849999904632568,3.849999904632568,21364300,1833.0799560546875
2014-04-11,3.819999933242798,3.849999904632568,3.650000095367432,3.650000095367432,3.650000095367432,34428800,1815.68994140625
2014-04-14,3.7200000286102295,3.7799999713897705,3.650000095367432,3.7100000381469727,3.7100000381469727,22735100,1830.6099853515625
2014-04-15,3.740000009536743,3.819999933242798,3.7200000286102295,3.7899999618530273,3.7899999618530273,21754300,1842.97998046875
2014-04-16,3.809999942779541,3.829999923706055,3.7300000190734863,3.759999990463257,3.759999990463257,18173300,1862.31005859375
2014-04-17,3.7799999713897705,3.799999952316284,3.690000057220459,3.690000057220459,3.690000057220459,32048100,1864.8499755859375
2014-04-21,4.010000228881836,4.199999809265137,3.9600000381469727,4.119999885559082,4.119999885559082,102651500,1871.8900146484375
2014-04-22,4.130000114440918,4.309999942779541,4.110000133514404,4.300000190734863,4.300000190734863,52806800,1879.550048828125
2014-04-23,4.28000020980835,4.300000190734863,4.159999847412109,4.25,4.25,29136300,1875.3900146484375
2014-04-24,4.269999980926514,4.349999904632568,4.199999809265137,4.28000020980835,4.28000020980835,27532800,1878.6099853515625
2014-04-25,4.21999979019165,4.260000228881836,4.039999961853027,4.050000190734863,4.050000190734863,37810200,1863.4000244140625
2014-04-28,4.090000152587891,4.119999885559082,3.869999885559082,3.9600000381469727,3.9600000381469727,31737100,1869.4300537109375
2014-04-29,4.019999980926514,4.03000020980835,3.9600000381469727,4.03000020980835,4.03000020980835,14582900,1878.3299560546875
2014-04-30,4.0,4.099999904632568,3.990000009536743,4.090000152587891,4.090000152587891,18419200,1883.949951171875
2014-05-01,4.130000114440918,4.239999771118164,4.099999904632568,4.199999809265137,4.199999809265137,37807300,1883.6800537109375
2014-05-02,4.170000076293945,4.199999809265137,4.099999904632568,4.119999885559082,4.119999885559082,14479700,1881.1400146484375
2014-05-05,4.099999904632568,4.139999866485596,4.059999942779541,4.090000152587891,4.090000152587891,9015400,1884.6600341796875
2014-05-06,4.059999942779541,4.130000114440918,3.9800000190734863,4.010000228881836,4.010000228881836,17929300,1867.719970703125
2014-05-07,4.039999961853027,4.039999961853027,3.890000104904175,3.9700000286102295,3.9700000286102295,22374700,1878.2099609375
2014-05-08,3.950000047683716,4.03000020980835,3.910000085830689,3.930000066757202,3.930000066757202,14550200,1875.6300048828125
2014-05-09,3.910000085830689,3.930000066757202,3.849999904632568,3.869999885559082,3.869999885559082,15982900,1878.47998046875
2014-05-12,3.869999885559082,4.0,3.859999895095825,3.9700000286102295,3.9700000286102295,14785500,1896.6500244140625
2014-05-13,3.990000009536743,4.090000152587891,3.9800000190734863,4.03000020980835,4.03000020980835,11224000,1897.449951171875
2014-05-14,4.03000020980835,4.059999942779541,3.9800000190734863,3.9800000190734863,3.9800000190734863,10349600,1888.530029296875
2014-05-15,3.9600000381469727,3.9800000190734863,3.890000104904175,3.9600000381469727,3.9600000381469727,18000900,1870.8499755859375
2014-05-16,3.950000047683716,4.050000190734863,3.910000085830689,4.019999980926514,4.019999980926514,17166600,1877.8599853515625
2014-05-19,4.0,4.099999904632568,3.9600000381469727,4.090000152587891,4.090000152587891,18171000,1885.0799560546875
2014-05-20,4.090000152587891,4.110000133514404,4.0,4.050000190734863,4.050000190734863,15647500,1872.8299560546875
2014-05-21,4.059999942779541,4.099999904632568,4.050000190734863,4.099999904632568,4.099999904632568,13369500,1888.030029296875
2014-05-22,4.090000152587891,4.090000152587891,4.010000228881836,4.010000228881836,4.010000228881836,11903100,1892.489990234375
2014-05-23,4.03000020980835,4.059999942779541,3.9700000286102295,4.019999980926514,4.019999980926514,9831100,1900.530029296875
2014-05-27,4.050000190734863,4.059999942779541,4.03000020980835,4.039999961853027,4.039999961853027,6922800,1911.9100341796875
2014-05-28,4.039999961853027,4.059999942779541,3.990000009536743,4.0,4.0,12293800,1909.780029296875
2014-05-29,4.019999980926514,4.059999942779541,4.010000228881836,4.03000020980835,4.03000020980835,8876700,1920.030029296875
2014-05-30,4.019999980926514,4.03000020980835,3.9800000190734863,4.0,4.0,10030600,1923.5699462890625
2014-06-02,4.03000020980835,4.03000020980835,3.940000057220459,3.9700000286102295,3.9700000286102295,10859500,1924.969970703125
2014-06-03,3.9600000381469727,3.9800000190734863,3.920000076293945,3.940000057220459,3.940000057220459,10858800,1924.239990234375
2014-06-04,3.930000066757202,4.050000190734863,3.930000066757202,4.039999961853027,4.039999961853027,13286000,1927.8800048828125
2014-06-05,4.039999961853027,4.090000152587891,4.019999980926514,4.079999923706055,4.079999923706055,13723800,1940.4599609375
2014-06-06,4.090000152587891,4.110000133514404,4.059999942779541,4.059999942779541,4.059999942779541,8466000,1949.43994140625
2014-06-09,4.050000190734863,4.099999904632568,4.039999961853027,4.070000171661377,4.070000171661377,7597200,1951.27001953125
2014-06-10,4.099999904632568,4.230000019073486,4.099999904632568,4.199999809265137,4.199999809265137,28322100,1950.7900390625
2014-06-11,4.179999828338623,4.300000190734863,4.170000076293945,4.289999961853027,4.289999961853027,20596200,1943.8900146484375
2014-06-12,4.329999923706055,4.440000057220459,4.28000020980835,4.289999961853027,4.289999961853027,26709500,1930.1099853515625
2014-06-13,4.360000133514404,4.389999866485596,4.239999771118164,4.28000020980835,4.28000020980835,17734600,1936.1600341796875
2014-06-16,4.260000228881836,4.440000057220459,4.260000228881836,4.440000057220459,4.440000057220459,26192800,1937.780029296875
2014-06-17,4.409999847412109,4.5,4.409999847412109,4.46999979019165,4.46999979019165,19445000,1941.989990234375
2014-06-18,4.5,4.5,4.349999904632568,4.400000095367432,4.400000095367432,14702400,1956.97998046875
2014-06-19,4.420000076293945,4.449999809265137,4.329999923706055,4.360000133514404,4.360000133514404,10880500,1959.47998046875
2014-06-20,4.340000152587891,4.369999885559082,4.070000171661377,4.099999904632568,4.099999904632568,54721600,1962.8699951171875
2014-06-23,4.059999942779541,4.079999923706055,3.900000095367432,4.010000228881836,4.010000228881836,49634100,1962.6099853515625
2014-06-24,4.010000228881836,4.070000171661377,3.930000066757202,3.940000057220459,3.940000057220459,20402400,1949.97998046875
2014-06-25,3.950000047683716,4.0,3.940000057220459,3.9600000381469727,3.9600000381469727,13844700,1959.530029296875
2014-06-26,3.950000047683716,4.090000152587891,3.940000057220459,4.03000020980835,4.03000020980835,21640500,1957.219970703125
2014-06-27,4.059999942779541,4.110000133514404,4.039999961853027,4.110000133514404,4.110000133514404,16034600,1960.9599609375
2014-06-30,4.119999885559082,4.25,4.079999923706055,4.190000057220459,4.190000057220459,25850200,1960.22998046875
2014-07-01,4.210000038146973,4.260000228881836,4.170000076293945,4.21999979019165,4.21999979019165,29412600,1973.3199462890625
2014-07-02,4.230000019073486,4.349999904632568,4.21999979019165,4.340000152587891,4.340000152587891,20486500,1974.6199951171875
2014-07-03,4.360000133514404,4.400000095367432,4.139999866485596,4.239999771118164,4.239999771118164,22521700,1985.43994140625
2014-07-07,4.230000019073486,4.309999942779541,4.210000038146973,4.260000228881836,4.260000228881836,21165500,1977.6500244140625
2014-07-08,4.25,4.300000190734863,4.099999904632568,4.21999979019165,4.21999979019165,41685800,1963.7099609375
2014-07-09,4.210000038146973,4.289999961853027,4.199999809265137,4.230000019073486,4.230000019073486,18462200,1972.8299560546875
2014-07-10,4.179999828338623,4.360000133514404,4.139999866485596,4.289999961853027,4.289999961853027,39245000,1964.6800537109375
2014-07-11,4.300000190734863,4.400000095367432,4.289999961853027,4.369999885559082,4.369999885559082,22425600,1967.5699462890625
2014-07-14,4.440000057220459,4.650000095367432,4.389999866485596,4.639999866485596,4.639999866485596,73046000,1977.0999755859375
2014-07-15,4.630000114440918,4.800000190734863,4.409999847412109,4.53000020980835,4.53000020980835,156113700,1973.280029296875
2014-07-16,4.599999904632568,4.769999980926514,4.570000171661377,4.659999847412109,4.659999847412109,61848100,1981.5699462890625
2014-07-17,4.659999847412109,4.679999828338623,4.5,4.570000171661377,4.570000171661377,51309800,1958.1199951171875
2014-07-18,3.7300000190734863,3.839999914169312,3.670000076293945,3.829999923706055,3.829999923706055,137577700,1978.219970703125
2014-07-21,3.859999895095825,3.869999885559082,3.75,3.7799999713897705,3.7799999713897705,34219100,1973.6300048828125
2014-07-22,3.819999933242798,3.859999895095825,3.7799999713897705,3.799999952316284,3.799999952316284,34004800,1983.530029296875
2014-07-23,3.819999933242798,3.829999923706055,3.75,3.759999990463257,3.759999990463257,31748200,1987.010009765625
2014-07-24,3.75,3.799999952316284,3.7100000381469727,3.7300000190734863,3.7300000190734863,27967600,1987.97998046875
2014-07-25,3.7300000190734863,3.7899999618530273,3.690000057220459,3.759999990463257,3.759999990463257,31793700,1978.3399658203125
2014-07-28,3.7699999809265137,3.7799999713897705,3.680000066757202,3.7300000190734863,3.7300000190734863,31443400,1978.9100341796875
2014-07-29,3.740000009536743,3.839999914169312,3.7300000190734863,3.7899999618530273,3.7899999618530273,36157400,1969.949951171875
2014-07-30,3.819999933242798,3.880000114440918,3.7699999809265137,3.819999933242798,3.819999933242798,42981200,1970.0699462890625
2014-07-31,3.799999952316284,3.990000009536743,3.7799999713897705,3.910000085830689,3.910000085830689,112162900,1930.6700439453125
2014-08-01,3.910000085830689,4.010000228881836,3.869999885559082,3.9700000286102295,3.9700000286102295,33710000,1925.1500244140625
2014-08-04,3.9700000286102295,4.019999980926514,3.930000066757202,4.0,4.0,21493200,1938.989990234375
2014-08-05,3.990000009536743,4.110000133514404,3.9700000286102295,4.079999923706055,4.079999923706055,40330600,1920.2099609375
2014-08-06,4.059999942779541,4.139999866485596,4.03000020980835,4.119999885559082,4.119999885559082,16271200,1920.239990234375
2014-08-07,4.139999866485596,4.199999809265137,4.070000171661377,4.099999904632568,4.099999904632568,32712300,1909.5699462890625
2014-08-08,4.099999904632568,4.150000095367432,4.050000190734863,4.119999885559082,4.119999885559082,27166900,1931.5899658203125
2014-08-11,4.03000020980835,4.190000057220459,3.990000009536743,4.139999866485596,4.139999866485596,29560500,1936.9200439453125
2014-08-12,4.119999885559082,4.139999866485596,4.079999923706055,4.079999923706055,4.079999923706055,27369900,1933.75
2014-08-13,4.079999923706055,4.150000095367432,4.03000020980835,4.110000133514404,4.110000133514404,30396800,1946.719970703125
2014-08-14,4.099999904632568,4.170000076293945,4.079999923706055,4.079999923706055,4.079999923706055,26148100,1955.1800537109375
2014-08-15,4.119999885559082,4.139999866485596,4.070000171661377,4.130000114440918,4.130000114440918,33349200,1955.06005859375
2014-08-18,4.139999866485596,4.21999979019165,4.139999866485596,4.210000038146973,4.210000038146973,45381300,1971.739990234375
2014-08-19,4.199999809265137,4.300000190734863,4.199999809265137,4.269999980926514,4.269999980926514,23222100,1981.5999755859375
2014-08-20,4.25,4.320000171661377,4.21999979019165,4.28000020980835,4.28000020980835,11986600,1986.510009765625
2014-08-21,4.289999961853027,4.289999961853027,4.210000038146973,4.239999771118164,4.239999771118164,11939800,1992.3699951171875
2014-08-22,4.21999979019165,4.28000020980835,4.210000038146973,4.25,4.25,8364700,1988.4000244140625
2014-08-25,4.269999980926514,4.269999980926514,4.179999828338623,4.179999828338623,4.179999828338623,8998200,1997.9200439453125
2014-08-26,4.170000076293945,4.21999979019165,4.130000114440918,4.190000057220459,4.190000057220459,9183900,2000.02001953125
2014-08-27,4.199999809265137,4.210000038146973,4.150000095367432,4.159999847412109,4.159999847412109,7304400,2000.1199951171875
2014-08-28,4.139999866485596,4.190000057220459,4.070000171661377,4.139999866485596,4.139999866485596,10331400,1996.739990234375
2014-08-29,4.150000095367432,4.190000057220459,4.139999866485596,4.170000076293945,4.170000076293945,7347200,2003.3699951171875
2014-09-02,4.159999847412109,4.25,4.150000095367432,4.159999847412109,4.159999847412109,12603300,2002.280029296875
2014-09-03,4.170000076293945,4.230000019073486,4.170000076293945,4.190000057220459,4.190000057220459,9600600,2000.719970703125
2014-09-04,4.179999828338623,4.25,4.150000095367432,4.150000095367432,4.150000095367432,12791400,1997.6500244140625
2014-09-05,4.170000076293945,4.190000057220459,4.150000095367432,4.150000095367432,4.150000095367432,6630200,2007.7099609375
2014-09-08,4.130000114440918,4.179999828338623,4.099999904632568,4.130000114440918,4.130000114440918,8396200,2001.5400390625
2014-09-09,4.150000095367432,4.159999847412109,4.079999923706055,4.079999923706055,4.079999923706055,8964800,1988.43994140625
2014-09-10,4.079999923706055,4.110000133514404,4.010000228881836,4.079999923706055,4.079999923706055,13276800,1995.68994140625
2014-09-11,4.03000020980835,4.079999923706055,4.019999980926514,4.079999923706055,4.079999923706055,8086800,1997.449951171875
2014-09-12,4.059999942779541,4.110000133514404,3.9600000381469727,3.9600000381469727,3.9600000381469727,14123900,1985.5400390625
2014-09-15,3.9800000190734863,4.019999980926514,3.900000095367432,3.910000085830689,3.910000085830689,18257000,1984.1300048828125
2014-09-16,3.890000104904175,3.900000095367432,3.799999952316284,3.809999942779541,3.809999942779541,40156400,1998.97998046875
2014-09-17,3.819999933242798,3.880000114440918,3.799999952316284,3.819999933242798,3.819999933242798,24894600,2001.5699462890625
2014-09-18,3.880000114440918,3.940000057220459,3.700000047683716,3.880000114440918,3.880000114440918,16141400,2011.3599853515625
2014-09-19,3.930000066757202,3.940000057220459,3.809999942779541,3.809999942779541,3.809999942779541,23030000,2010.4000244140625
2014-09-22,3.809999942779541,3.829999923706055,3.75,3.759999990463257,3.759999990463257,14201400,1994.2900390625
2014-09-23,3.759999990463257,3.7899999618530273,3.690000057220459,3.690000057220459,3.690000057220459,16282500,1982.77001953125
2014-09-24,3.7100000381469727,3.75,3.690000057220459,3.700000047683716,3.700000047683716,11792600,1998.300048828125
2014-09-25,3.700000047683716,3.7200000286102295,3.5999999046325684,3.630000114440918,3.630000114440918,17556500,1965.989990234375
2014-09-26,3.630000114440918,3.670000076293945,3.5999999046325684,3.5999999046325684,3.5999999046325684,12976300,1982.8499755859375
2014-09-29,3.559999942779541,3.660000085830689,3.539999961853028,3.549999952316284,3.549999952316284,26857600,1977.800048828125
2014-09-30,3.559999942779541,3.5799999237060547,3.400000095367432,3.4100000858306885,3.4100000858306885,55952200,1972.2900390625
2014-10-01,3.390000104904175,3.4200000762939453,3.299999952316284,3.3499999046325684,3.3499999046325684,33645900,1946.1600341796875
2014-10-02,3.369999885559082,3.440000057220459,3.2799999713897705,3.390000104904175,3.390000104904175,27904500,1946.1700439453125
2014-10-03,3.430000066757202,3.4600000381469727,3.369999885559082,3.400000095367432,3.400000095367432,16797000,1967.9000244140625
2014-10-06,3.4200000762939453,3.440000057220459,3.299999952316284,3.359999895095825,3.359999895095825,17864800,1964.8199462890625
2014-10-07,3.3499999046325684,3.380000114440918,3.2799999713897705,3.2799999713897705,3.2799999713897705,17720600,1935.0999755859375
2014-10-08,3.299999952316284,3.309999942779541,3.180000066757202,3.2799999713897705,3.2799999713897705,28000000,1968.8900146484375
2014-10-09,3.0299999713897705,3.200000047683716,2.940000057220459,2.950000047683716,2.950000047683716,69528900,1928.2099609375
2014-10-10,2.950000047683716,2.950000047683716,2.7100000381469727,2.720000028610229,2.720000028610229,41062500,1906.1300048828125
2014-10-13,2.7799999713897705,2.8499999046325684,2.7300000190734863,2.740000009536743,2.740000009536743,38269400,1874.739990234375
2014-10-14,2.609999895095825,2.75,2.5999999046325684,2.619999885559082,2.619999885559082,39964200,1877.699951171875
2014-10-15,2.619999885559082,2.7100000381469727,2.539999961853028,2.609999895095825,2.609999895095825,36924600,1862.489990234375
2014-10-16,2.559999942779541,2.720000028610229,2.539999961853028,2.640000104904175,2.640000104904175,38795400,1862.760009765625
2014-10-17,2.6700000762939453,2.859999895095825,2.6600000858306885,2.720000028610229,2.720000028610229,75956600,1886.760009765625
2014-10-20,2.789999961853028,2.799999952316284,2.5999999046325684,2.6700000762939453,2.6700000762939453,28711000,1904.010009765625
2014-10-21,2.700000047683716,2.7799999713897705,2.680000066757202,2.7699999809265137,2.7699999809265137,24033800,1941.280029296875
2014-10-22,2.789999961853028,2.799999952316284,2.640000104904175,2.640000104904175,2.640000104904175,23034800,1927.1099853515625
2014-10-23,2.680000066757202,2.7100000381469727,2.650000095367432,2.690000057220459,2.690000057220459,23731000,1950.8199462890625
2014-10-24,2.690000057220459,2.7300000190734863,2.6700000762939453,2.680000066757202,2.680000066757202,11945800,1964.5799560546875
2014-10-27,2.680000066757202,2.7100000381469727,2.650000095367432,2.6600000858306885,2.6600000858306885,13307500,1961.6300048828125
2014-10-28,2.690000057220459,2.7699999809265137,2.6700000762939453,2.720000028610229,2.720000028610229,22878300,1985.050048828125
2014-10-29,2.75,2.809999942779541,2.7300000190734863,2.7699999809265137,2.7699999809265137,15600900,1982.300048828125
2014-10-30,2.789999961853028,2.789999961853028,2.700000047683716,2.75,2.75,13026100,1994.6500244140625
2014-10-31,2.789999961853028,2.8299999237060547,2.75,2.799999952316284,2.799999952316284,14704800,2018.050048828125
2014-11-03,2.809999942779541,2.900000095367432,2.809999942779541,2.869999885559082,2.869999885559082,11733600,2017.81005859375
2014-11-04,2.900000095367432,2.9100000858306885,2.75,2.8299999237060547,2.8299999237060547,12524300,2012.0999755859375
2014-11-05,2.8499999046325684,2.869999885559082,2.7699999809265137,2.799999952316284,2.799999952316284,9635100,2023.5699462890625
2014-11-06,2.7799999713897705,2.799999952316284,2.75,2.759999990463257,2.759999990463257,8932900,2031.2099609375
2014-11-07,2.7699999809265137,2.799999952316284,2.759999990463257,2.7799999713897705,2.7799999713897705,7293800,2031.9200439453125
2014-11-10,2.7799999713897705,2.809999942779541,2.75,2.759999990463257,2.759999990463257,12593100,2038.260009765625
2014-11-11,2.7799999713897705,2.789999961853028,2.720000028610229,2.7300000190734863,2.7300000190734863,8113500,2039.6800537109375
2014-11-12,2.7300000190734863,2.75,2.650000095367432,2.7100000381469727,2.7100000381469727,15875400,2038.25
2014-11-13,2.7100000381469727,2.740000009536743,2.650000095367432,2.6600000858306885,2.6600000858306885,10915400,2039.3299560546875
2014-11-14,2.680000066757202,2.700000047683716,2.609999895095825,2.609999895095825,2.609999895095825,12373000,2039.8199462890625
2014-11-17,2.619999885559082,2.690000057220459,2.609999895095825,2.6700000762939453,2.6700000762939453,12593800,2041.3199462890625
2014-11-18,2.690000057220459,2.7300000190734863,2.630000114440918,2.650000095367432,2.650000095367432,14967800,2051.800048828125
2014-11-19,2.680000066757202,2.680000066757202,2.609999895095825,2.630000114440918,2.630000114440918,10323300,2048.719970703125
2014-11-20,2.5999999046325684,2.720000028610229,2.5899999141693115,2.690000057220459,2.690000057220459,15043900,2052.75
2014-11-21,2.720000028610229,2.7699999809265137,2.7100000381469727,2.7699999809265137,2.7699999809265137,11311600,2063.5
2014-11-24,2.799999952316284,2.8499999046325684,2.799999952316284,2.8299999237060547,2.8299999237060547,12293900,2069.409912109375
2014-11-25,2.8399999141693115,2.859999895095825,2.759999990463257,2.8299999237060547,2.8299999237060547,11073600,2067.030029296875
2014-11-26,2.809999942779541,2.8399999141693115,2.799999952316284,2.8399999141693115,2.8399999141693115,10553500,2072.830078125
2014-11-28,2.8499999046325684,2.8499999046325684,2.7699999809265137,2.789999961853028,2.789999961853028,5665000,2067.56005859375
2014-12-01,2.7699999809265137,2.789999961853028,2.640000104904175,2.6700000762939453,2.6700000762939453,16025100,2053.43994140625
2014-12-02,2.690000057220459,2.7100000381469727,2.609999895095825,2.680000066757202,2.680000066757202,12438800,2066.550048828125
2014-12-03,2.7100000381469727,2.819999933242798,2.690000057220459,2.740000009536743,2.740000009536743,18256500,2074.330078125
2014-12-04,2.75,2.75,2.6600000858306885,2.690000057220459,2.690000057220459,14513400,2071.919921875
2014-12-05,2.690000057220459,2.700000047683716,2.6600000858306885,2.6600000858306885,2.6600000858306885,9479300,2075.3701171875
2014-12-08,2.650000095367432,2.680000066757202,2.5199999809265137,2.5799999237060547,2.5799999237060547,25402100,2060.31005859375
2014-12-09,2.549999952316284,2.5899999141693115,2.490000009536743,2.5899999141693115,2.5899999141693115,22914800,2059.820068359375
2014-12-10,2.5799999237060547,2.5799999237060547,2.4600000381469727,2.4800000190734863,2.4800000190734863,17690100,2026.1400146484375
2014-12-11,2.509999990463257,2.539999961853028,2.4600000381469727,2.490000009536743,2.490000009536743,10151600,2035.3299560546875
2014-12-12,2.4600000381469727,2.549999952316284,2.3499999046325684,2.5199999809265137,2.5199999809265137,21211600,2002.3299560546875
2014-12-15,2.5199999809265137,2.5999999046325684,2.4600000381469727,2.470000028610229,2.470000028610229,19636400,1989.6300048828125
2014-12-16,2.440000057220459,2.5299999713897705,2.4200000762939453,2.5,2.5,17051600,1972.739990234375
2014-12-17,2.5,2.569999933242798,2.4600000381469727,2.549999952316284,2.549999952316284,12521300,2012.8900146484375
2014-12-18,2.5799999237060547,2.5899999141693115,2.539999961853028,2.549999952316284,2.549999952316284,12423900,2061.22998046875
2014-12-19,2.5299999713897705,2.569999933242798,2.509999990463257,2.569999933242798,2.569999933242798,14701500,2070.64990234375
2014-12-22,2.549999952316284,2.680000066757202,2.5199999809265137,2.6600000858306885,2.6600000858306885,15044900,2078.5400390625
2014-12-23,2.690000057220459,2.720000028610229,2.6600000858306885,2.6700000762939453,2.6700000762939453,8274400,2082.169921875
2014-12-24,2.630000114440918,2.700000047683716,2.630000114440918,2.650000095367432,2.650000095367432,4624000,2081.8798828125
2014-12-26,2.650000095367432,2.690000057220459,2.650000095367432,2.650000095367432,2.650000095367432,4029600,2088.77001953125
2014-12-29,2.640000104904175,2.6600000858306885,2.630000114440918,2.6600000858306885,2.6600000858306885,8527000,2090.570068359375
2014-12-30,2.640000104904175,2.700000047683716,2.630000114440918,2.630000114440918,2.630000114440918,7783700,2080.35009765625
2014-12-31,2.640000104904175,2.700000047683716,2.640000104904175,2.6700000762939453,2.6700000762939453,11177900,2058.89990234375
2015-01-02,2.6700000762939453,2.6700000762939453,2.6700000762939453,2.6700000762939453,2.6700000762939453,0,2058.199951171875
2015-01-05,2.6700000762939453,2.700000047683716,2.640000104904175,2.6600000858306885,2.6600000858306885,8878200,2020.5799560546875
2015-01-06,2.650000095367432,2.6600000858306885,2.549999952316284,2.630000114440918,2.630000114440918,13912500,2002.6099853515625
2015-01-07,2.630000114440918,2.650000095367432,2.539999961853028,2.5799999237060547,2.5799999237060547,12377600,2025.9000244140625
2015-01-08,2.5899999141693115,2.650000095367432,2.559999942779541,2.609999895095825,2.609999895095825,11136600,2062.139892578125
2015-01-09,2.630000114440918,2.640000104904175,2.5799999237060547,2.630000114440918,2.630000114440918,8907600,2044.81005859375
2015-01-12,2.619999885559082,2.640000104904175,2.549999952316284,2.630000114440918,2.630000114440918,9979600,2028.260009765625
2015-01-13,2.640000104904175,2.680000066757202,2.5999999046325684,2.6600000858306885,2.6600000858306885,17907400,2023.030029296875
2015-01-14,2.5999999046325684,2.6600000858306885,2.5799999237060547,2.630000114440918,2.630000114440918,9989900,2011.27001953125
2015-01-15,2.619999885559082,2.650000095367432,2.490000009536743,2.5199999809265137,2.5199999809265137,17744000,1992.6700439453125
2015-01-16,2.5199999809265137,2.5299999713897705,2.390000104904175,2.390000104904175,2.390000104904175,30192400,2019.4200439453125
2015-01-20,2.390000104904175,2.430000066757202,2.190000057220459,2.240000009536743,2.240000009536743,56713300,2022.550048828125
2015-01-21,2.180000066757202,2.450000047683716,2.140000104904175,2.450000047683716,2.450000047683716,46530800,2032.1199951171875
2015-01-22,2.4200000762939453,2.5,2.369999885559082,2.470000028610229,2.470000028610229,36169600,2063.14990234375
2015-01-23,2.4800000190734863,2.5,2.430000066757202,2.450000047683716,2.450000047683716,11107200,2051.820068359375
2015-01-26,2.440000057220459,2.640000104904175,2.440000057220459,2.609999895095825,2.609999895095825,36571300,2057.090087890625
2015-01-27,2.5799999237060547,2.8399999141693115,2.559999942779541,2.700000047683716,2.700000047683716,51805800,2029.550048828125
2015-01-28,2.7100000381469727,2.75,2.5999999046325684,2.630000114440918,2.630000114440918,24786200,2002.1600341796875
2015-01-29,2.630000114440918,2.690000057220459,2.509999990463257,2.609999895095825,2.609999895095825,17790200,2021.25
2015-01-30,2.559999942779541,2.5999999046325684,2.509999990463257,2.569999933242798,2.569999933242798,12908200,1994.989990234375
2015-02-02,2.690000057220459,2.75,2.650000095367432,2.6700000762939453,2.6700000762939453,25688700,2020.8499755859375
2015-02-03,2.700000047683716,2.799999952316284,2.680000066757202,2.759999990463257,2.759999990463257,22592300,2050.030029296875
2015-02-04,2.7799999713897705,2.9200000762939453,2.759999990463257,2.8499999046325684,2.8499999046325684,34829300,2041.510009765625
2015-02-05,2.880000114440918,3.369999885559082,2.869999885559082,3.309999942779541,3.309999942779541,73355600,2062.52001953125
2015-02-06,3.200000047683716,3.2100000381469727,3.0,3.0299999713897705,3.0299999713897705,38300000,2055.469970703125
2015-02-09,3.0299999713897705,3.069999933242798,2.930000066757202,3.039999961853028,3.039999961853028,24133800,2046.739990234375
2015-02-10,3.069999933242798,3.0999999046325684,3.009999990463257,3.039999961853028,3.039999961853028,13995100,2068.590087890625
2015-02-11,3.0299999713897705,3.0999999046325684,3.0,3.069999933242798,3.069999933242798,11741100,2068.530029296875
2015-02-12,3.0799999237060547,3.150000095367432,3.049999952316284,3.119999885559082,3.119999885559082,12975000,2088.47998046875
2015-02-13,3.130000114440918,3.180000066757202,3.109999895095825,3.150000095367432,3.150000095367432,9627600,2096.989990234375
2015-02-17,3.1600000858306885,3.1700000762939453,3.0799999237060547,3.109999895095825,3.109999895095825,8678100,2100.340087890625
2015-02-18,3.109999895095825,3.140000104904175,3.059999942779541,3.0799999237060547,3.0799999237060547,7286100,2099.679931640625
2015-02-19,3.059999942779541,3.0799999237060547,3.009999990463257,3.059999942779541,3.059999942779541,6573600,2097.449951171875
2015-02-20,3.0299999713897705,3.130000114440918,3.0199999809265137,3.059999942779541,3.059999942779541,10666700,2110.300048828125
2015-02-23,3.049999952316284,3.0999999046325684,3.0299999713897705,3.059999942779541,3.059999942779541,6323500,2109.659912109375
2015-02-24,3.059999942779541,3.119999885559082,3.0199999809265137,3.109999895095825,3.109999895095825,10916300,2115.47998046875
2015-02-25,3.0799999237060547,3.140000104904175,3.059999942779541,3.0999999046325684,3.0999999046325684,6151300,2113.860107421875
2015-02-26,3.0999999046325684,3.130000114440918,3.059999942779541,3.0799999237060547,3.0799999237060547,8680900,2110.739990234375
2015-02-27,3.069999933242798,3.119999885559082,3.069999933242798,3.109999895095825,3.109999895095825,7150200,2104.5
2015-03-02,3.130000114440918,3.2300000190734863,3.109999895095825,3.2100000381469727,3.2100000381469727,15638100,2117.389892578125
2015-03-03,3.200000047683716,3.2300000190734863,3.130000114440918,3.140000104904175,3.140000104904175,8644000,2107.780029296875
2015-03-04,3.140000104904175,3.140000104904175,3.009999990463257,3.049999952316284,3.049999952316284,12122100,2098.530029296875
2015-03-05,3.0999999046325684,3.0999999046325684,2.9800000190734863,2.9800000190734863,2.9800000190734863,11472300,2101.0400390625
2015-03-06,2.9600000381469727,2.990000009536743,2.8299999237060547,2.9200000762939453,2.9200000762939453,16785200,2071.260009765625
2015-03-09,2.9200000762939453,2.9800000190734863,2.900000095367432,2.930000066757202,2.930000066757202,12405900,2079.429931640625
2015-03-10,2.970000028610229,2.9800000190734863,2.9200000762939453,2.9200000762939453,2.9200000762939453,10312400,2044.1600341796875
2015-03-11,2.9200000762939453,2.950000047683716,2.799999952316284,2.8399999141693115,2.8399999141693115,11772800,2040.239990234375
2015-03-12,2.759999990463257,2.789999961853028,2.720000028610229,2.759999990463257,2.759999990463257,13847200,2065.949951171875
2015-03-13,2.740000009536743,2.7799999713897705,2.7100000381469727,2.75,2.75,8098100,2053.39990234375
2015-03-16,2.75,2.809999942779541,2.75,2.759999990463257,2.759999990463257,6132900,2081.18994140625
2015-03-17,2.75,2.799999952316284,2.740000009536743,2.7699999809265137,2.7699999809265137,7742200,2074.280029296875
2015-03-18,2.7699999809265137,2.819999933242798,2.720000028610229,2.75,2.75,11385200,2099.5
2015-03-19,2.759999990463257,2.7799999713897705,2.7300000190734863,2.740000009536743,2.740000009536743,8819400,2089.27001953125
2015-03-20,2.759999990463257,2.799999952316284,2.740000009536743,2.799999952316284,2.799999952316284,10764800,2108.10009765625
2015-03-23,2.809999942779541,2.8499999046325684,2.799999952316284,2.8399999141693115,2.8399999141693115,7450200,2104.419921875
2015-03-24,2.8499999046325684,2.8499999046325684,2.759999990463257,2.789999961853028,2.789999961853028,8724500,2091.5
2015-03-25,2.7799999713897705,2.789999961853028,2.559999942779541,2.630000114440918,2.630000114440918,26985300,2061.050048828125
2015-03-26,2.5899999141693115,2.700000047683716,2.5299999713897705,2.650000095367432,2.650000095367432,28286300,2056.14990234375
2015-03-27,2.700000047683716,2.799999952316284,2.630000114440918,2.720000028610229,2.720000028610229,16844100,2061.02001953125
2015-03-30,2.7300000190734863,2.759999990463257,2.6600000858306885,2.700000047683716,2.700000047683716,8557500,2086.239990234375
2015-03-31,2.6600000858306885,2.700000047683716,2.650000095367432,2.680000066757202,2.680000066757202,7025000,2067.889892578125
2015-04-01,2.6600000858306885,2.75,2.650000095367432,2.690000057220459,2.690000057220459,11240500,2059.68994140625
2015-04-02,2.6600000858306885,2.700000047683716,2.650000095367432,2.690000057220459,2.690000057220459,7047600,2066.9599609375
2015-04-06,2.680000066757202,2.7300000190734863,2.680000066757202,2.700000047683716,2.700000047683716,8178500,2080.6201171875
2015-04-07,2.700000047683716,2.740000009536743,2.690000057220459,2.700000047683716,2.700000047683716,5738100,2076.330078125
2015-04-08,2.680000066757202,2.740000009536743,2.680000066757202,2.7100000381469727,2.7100000381469727,4349000,2081.89990234375
2015-04-09,2.690000057220459,2.75,2.690000057220459,2.720000028610229,2.720000028610229,7127600,2091.179931640625
2015-04-10,2.740000009536743,2.7799999713897705,2.7300000190734863,2.759999990463257,2.759999990463257,6184800,2102.06005859375
2015-04-13,2.759999990463257,2.799999952316284,2.7300000190734863,2.7799999713897705,2.7799999713897705,8391500,2092.429931640625
2015-04-14,2.7699999809265137,2.789999961853028,2.650000095367432,2.6700000762939453,2.6700000762939453,13364100,2095.840087890625
2015-04-15,2.700000047683716,2.740000009536743,2.650000095367432,2.700000047683716,2.700000047683716,15281400,2106.6298828125
2015-04-16,2.720000028610229,2.940000057220459,2.700000047683716,2.869999885559082,2.869999885559082,28617300,2104.989990234375
2015-04-17,2.539999961853028,2.5799999237060547,2.450000047683716,2.5799999237060547,2.5799999237060547,53185300,2081.179931640625
2015-04-20,2.559999942779541,2.569999933242798,2.450000047683716,2.490000009536743,2.490000009536743,29164300,2100.39990234375
2015-04-21,2.5299999713897705,2.5299999713897705,2.3499999046325684,2.3499999046325684,2.3499999046325684,31279400,2097.2900390625
2015-04-22,2.3499999046325684,2.359999895095825,2.25,2.2799999713897705,2.2799999713897705,27634900,2107.9599609375
2015-04-23,2.2799999713897705,2.359999895095825,2.259999990463257,2.3299999237060547,2.3299999237060547,15130400,2112.929931640625
2015-04-24,2.359999895095825,2.380000114440918,2.299999952316284,2.299999952316284,2.299999952316284,15001200,2117.68994140625
2015-04-27,2.299999952316284,2.359999895095825,2.289999961853028,2.3399999141693115,2.3399999141693115,13486900,2108.919921875
2015-04-28,2.359999895095825,2.369999885559082,2.309999942779541,2.309999942779541,2.309999942779541,11448700,2114.760009765625
2015-04-29,2.299999952316284,2.3299999237060547,2.2699999809265137,2.2799999713897705,2.2799999713897705,11870200,2106.85009765625
2015-04-30,2.2799999713897705,2.309999942779541,2.259999990463257,2.259999990463257,2.259999990463257,11465300,2085.510009765625
2015-05-01,2.259999990463257,2.309999942779541,2.25,2.309999942779541,2.309999942779541,11662800,2108.2900390625
2015-05-04,2.309999942779541,2.359999895095825,2.299999952316284,2.309999942779541,2.309999942779541,9670100,2114.489990234375
2015-05-05,2.3399999141693115,2.3399999141693115,2.25,2.2799999713897705,2.2799999713897705,12371600,2089.4599609375
2015-05-06,2.289999961853028,2.309999942779541,2.240000009536743,2.289999961853028,2.289999961853028,18492100,2080.14990234375
2015-05-07,2.319999933242798,2.319999933242798,2.259999990463257,2.319999933242798,2.319999933242798,15015600,2088.0
2015-05-08,2.3299999237060547,2.359999895095825,2.299999952316284,2.309999942779541,2.309999942779541,9758800,2116.10009765625
2015-05-11,2.309999942779541,2.3499999046325684,2.309999942779541,2.319999933242798,2.319999933242798,10046900,2105.330078125
2015-05-12,2.319999933242798,2.3499999046325684,2.299999952316284,2.3499999046325684,2.3499999046325684,10017500,2099.1201171875
2015-05-13,2.359999895095825,2.380000114440918,2.3499999046325684,2.369999885559082,2.369999885559082,7575900,2098.47998046875
2015-05-14,2.380000114440918,2.390000104904175,2.3299999237060547,2.3299999237060547,2.3299999237060547,8865100,2121.10009765625
2015-05-15,2.3299999237060547,2.380000114440918,2.319999933242798,2.319999933242798,2.319999933242798,8054800,2122.72998046875
2015-05-18,2.3499999046325684,2.359999895095825,2.3299999237060547,2.3499999046325684,2.3499999046325684,4732800,2129.199951171875
2015-05-19,2.359999895095825,2.369999885559082,2.2799999713897705,2.2799999713897705,2.2799999713897705,9588400,2127.830078125
2015-05-20,2.299999952316284,2.3299999237060547,2.2799999713897705,2.319999933242798,2.319999933242798,6947700,2125.85009765625
2015-05-21,2.309999942779541,2.3499999046325684,2.2799999713897705,2.2799999713897705,2.2799999713897705,7127700,2130.820068359375
2015-05-22,2.299999952316284,2.309999942779541,2.2699999809265137,2.2799999713897705,2.2799999713897705,12845400,2126.06005859375
2015-05-26,2.2699999809265137,2.2799999713897705,2.220000028610229,2.220000028610229,2.220000028610229,10007800,2104.199951171875
2015-05-27,2.240000009536743,2.2799999713897705,2.200000047683716,2.2799999713897705,2.2799999713897705,17511000,2123.47998046875
2015-05-28,2.2799999713897705,2.3299999237060547,2.2699999809265137,2.2699999809265137,2.2699999809265137,12354600,2120.7900390625
2015-05-29,2.2699999809265137,2.319999933242798,2.25,2.2799999713897705,2.2799999713897705,7750500,2107.389892578125
2015-06-01,2.289999961853028,2.299999952316284,2.25,2.25,2.25,6803700,2111.72998046875
2015-06-02,2.259999990463257,2.299999952316284,2.25,2.299999952316284,2.299999952316284,7106000,2109.60009765625
2015-06-03,2.299999952316284,2.319999933242798,2.2799999713897705,2.2799999713897705,2.2799999713897705,8062300,2114.070068359375
2015-06-04,2.2799999713897705,2.3299999237060547,2.259999990463257,2.3299999237060547,2.3299999237060547,11575800,2095.840087890625
2015-06-05,2.309999942779541,2.3399999141693115,2.289999961853028,2.3299999237060547,2.3299999237060547,7349700,2092.830078125
2015-06-08,2.309999942779541,2.3299999237060547,2.289999961853028,2.309999942779541,2.309999942779541,6212900,2079.280029296875
2015-06-09,2.3499999046325684,2.359999895095825,2.2799999713897705,2.289999961853028,2.289999961853028,12282700,2080.14990234375
2015-06-10,2.309999942779541,2.3499999046325684,2.299999952316284,2.319999933242798,2.319999933242798,8161200,2105.199951171875
2015-06-11,2.3399999141693115,2.3499999046325684,2.309999942779541,2.319999933242798,2.319999933242798,7671000,2108.860107421875
2015-06-12,2.309999942779541,2.3299999237060547,2.299999952316284,2.309999942779541,2.309999942779541,4557600,2094.110107421875
2015-06-15,2.319999933242798,2.3499999046325684,2.289999961853028,2.319999933242798,2.319999933242798,8627800,2084.429931640625
2015-06-16,2.319999933242798,2.369999885559082,2.319999933242798,2.3499999046325684,2.3499999046325684,9795000,2096.2900390625
2015-06-17,2.369999885559082,2.539999961853028,2.3499999046325684,2.470000028610229,2.470000028610229,27497900,2100.43994140625
2015-06-18,2.5,2.5899999141693115,2.4800000190734863,2.5199999809265137,2.5199999809265137,25400200,2121.239990234375
2015-06-19,2.5299999713897705,2.5899999141693115,2.4600000381469727,2.5799999237060547,2.5799999237060547,25551700,2109.989990234375
2015-06-22,2.609999895095825,2.6700000762939453,2.5799999237060547,2.619999885559082,2.619999885559082,19410100,2122.85009765625
2015-06-23,2.619999885559082,2.640000104904175,2.549999952316284,2.609999895095825,2.609999895095825,17919600,2124.199951171875
2015-06-24,2.5999999046325684,2.6600000858306885,2.569999933242798,2.619999885559082,2.619999885559082,17516700,2108.580078125
2015-06-25,2.619999885559082,2.6600000858306885,2.569999933242798,2.5799999237060547,2.5799999237060547,18360200,2102.31005859375
2015-06-26,2.539999961853028,2.549999952316284,2.369999885559082,2.470000028610229,2.470000028610229,97054200,2101.489990234375
2015-06-29,2.4100000858306885,2.4200000762939453,2.309999942779541,2.3399999141693115,2.3399999141693115,22971500,2057.639892578125
2015-06-30,2.430000066757202,2.430000066757202,2.3499999046325684,2.400000095367432,2.400000095367432,19381300,2063.110107421875
2015-07-01,2.470000028610229,2.4800000190734863,2.359999895095825,2.4200000762939453,2.4200000762939453,19375000,2077.419921875
2015-07-02,2.430000066757202,2.630000114440918,2.390000104904175,2.5299999713897705,2.5299999713897705,31185900,2076.780029296875
2015-07-06,2.4600000381469727,2.539999961853028,2.440000057220459,2.470000028610229,2.470000028610229,20349400,2068.760009765625
2015-07-07,2.039999961853028,2.140000104904175,2.0199999809265137,2.0899999141693115,2.0899999141693115,46418700,2081.340087890625
2015-07-08,2.069999933242798,2.069999933242798,2.009999990463257,2.009999990463257,2.009999990463257,15302900,2046.6800537109375
2015-07-09,2.039999961853028,2.059999942779541,1.9299999475479128,1.9800000190734863,1.9800000190734863,23378200,2051.31005859375
2015-07-10,2.0,2.0299999713897705,1.950000047683716,1.9600000381469729,1.9600000381469729,17520800,2076.6201171875
2015-07-13,1.9700000286102293,1.9900000095367432,1.950000047683716,1.9600000381469729,1.9600000381469729,9080900,2099.60009765625
2015-07-14,2.0299999713897705,2.059999942779541,1.9700000286102293,2.049999952316284,2.049999952316284,15812300,2108.949951171875
2015-07-15,2.069999933242798,2.0899999141693115,1.950000047683716,1.9600000381469729,1.9600000381469729,13517800,2107.39990234375
2015-07-16,1.9700000286102293,2.0,1.870000004768372,1.870000004768372,1.870000004768372,20653300,2124.2900390625
2015-07-17,1.870000004768372,1.899999976158142,1.7400000095367432,1.7899999618530271,1.7899999618530271,28127100,2126.639892578125
2015-07-20,1.8200000524520876,1.840000033378601,1.7699999809265137,1.7999999523162842,1.7999999523162842,12142400,2128.280029296875
2015-07-21,1.8200000524520876,1.830000042915344,1.7799999713897705,1.7999999523162842,1.7999999523162842,15034500,2119.2099609375
2015-07-22,1.7999999523162842,1.809999942779541,1.7599999904632568,1.7899999618530271,1.7899999618530271,16043400,2114.14990234375
2015-07-23,1.7999999523162842,1.809999942779541,1.75,1.7599999904632568,1.7599999904632568,10641900,2102.14990234375
2015-07-24,1.7599999904632568,1.7699999809265137,1.649999976158142,1.6699999570846558,1.6699999570846558,16478400,2079.64990234375
2015-07-27,1.6699999570846558,1.7000000476837158,1.6100000143051147,1.6200000047683716,1.6200000047683716,11916500,2067.639892578125
2015-07-28,1.6200000047683716,1.7699999809265137,1.6200000047683716,1.7699999809265137,1.7699999809265137,14614600,2093.25
2015-07-29,1.7699999809265137,1.9900000095367432,1.7599999904632568,1.9600000381469729,1.9600000381469729,25582200,2108.570068359375
2015-07-30,1.940000057220459,1.9900000095367432,1.8799999952316284,1.9299999475479128,1.9299999475479128,15837400,2108.6298828125
2015-07-31,1.940000057220459,1.9900000095367432,1.919999957084656,1.9299999475479128,1.9299999475479128,7733700,2103.840087890625
2015-08-03,1.9299999475479128,2.200000047683716,1.899999976158142,2.200000047683716,2.200000047683716,26218200,2098.0400390625
2015-08-04,2.180000066757202,2.180000066757202,2.049999952316284,2.130000114440918,2.130000114440918,14328400,2093.320068359375
2015-08-05,2.109999895095825,2.2100000381469727,2.0999999046325684,2.1600000858306885,2.1600000858306885,13236000,2099.840087890625
2015-08-06,2.150000095367432,2.1700000762939453,2.0999999046325684,2.109999895095825,2.109999895095825,9475000,2083.56005859375
2015-08-07,2.0999999046325684,2.140000104904175,2.059999942779541,2.0899999141693115,2.0899999141693115,7680800,2077.570068359375
2015-08-10,1.919999957084656,1.9800000190734863,1.8200000524520876,1.9299999475479128,1.9299999475479128,29926200,2104.179931640625
2015-08-11,1.909999966621399,1.9299999475479128,1.8799999952316284,1.899999976158142,1.899999976158142,7479200,2084.070068359375
2015-08-12,1.8799999952316284,1.9299999475479128,1.840000033378601,1.899999976158142,1.899999976158142,8521200,2086.050048828125
2015-08-13,1.899999976158142,1.909999966621399,1.7899999618530271,1.7899999618530271,1.7899999618530271,7839700,2083.389892578125
2015-08-14,1.7999999523162842,1.850000023841858,1.7899999618530271,1.840000033378601,1.840000033378601,6183400,2091.5400390625
2015-08-17,1.8200000524520876,1.8799999952316284,1.7999999523162842,1.7999999523162842,1.7999999523162842,9062400,2102.43994140625
2015-08-18,1.7899999618530271,1.8200000524520876,1.75,1.7999999523162842,1.7999999523162842,9751900,2096.919921875
2015-08-19,1.7999999523162842,1.809999942779541,1.7599999904632568,1.7999999523162842,1.7999999523162842,7441200,2079.610107421875
2015-08-20,1.7899999618530271,1.7999999523162842,1.7000000476837158,1.7000000476837158,1.7000000476837158,13745700,2035.72998046875
2015-08-21,1.6799999475479126,1.7999999523162842,1.6799999475479126,1.7799999713897705,1.7799999713897705,12529500,1970.8900146484375
2015-08-24,1.690000057220459,1.830000042915344,1.649999976158142,1.75,1.75,17217400,1893.2099609375
2015-08-25,1.8200000524520876,1.8200000524520876,1.659999966621399,1.659999966621399,1.659999966621399,12097700,1867.6099853515625
2015-08-26,1.690000057220459,1.7300000190734863,1.659999966621399,1.7200000286102295,1.7200000286102295,10715300,1940.510009765625
2015-08-27,1.7400000095367432,1.840000033378601,1.7400000095367432,1.7799999713897705,1.7799999713897705,11839300,1987.6600341796875
2015-08-28,1.75,1.870000004768372,1.75,1.850000023841858,1.850000023841858,10924600,1988.8699951171875
2015-08-31,1.8200000524520876,1.870000004768372,1.7899999618530271,1.809999942779541,1.809999942779541,6516000,1972.1800537109375
2015-09-01,1.7699999809265137,1.8200000524520876,1.7100000381469729,1.7100000381469729,1.7100000381469729,8470700,1913.8499755859375
2015-09-02,1.75,1.7699999809265137,1.7200000286102295,1.7699999809265137,1.7699999809265137,6306100,1948.8599853515625
2015-09-03,1.7599999904632568,1.850000023841858,1.7599999904632568,1.7899999618530271,1.7899999618530271,7154200,1951.1300048828125
2015-09-04,1.7599999904632568,1.840000033378601,1.7599999904632568,1.8200000524520876,1.8200000524520876,6725300,1921.219970703125
2015-09-08,1.850000023841858,1.8799999952316284,1.830000042915344,1.8799999952316284,1.8799999952316284,6009500,1969.4100341796875
2015-09-09,1.899999976158142,1.9700000286102293,1.830000042915344,1.850000023841858,1.850000023841858,12612300,1942.0400390625
2015-09-10,1.840000033378601,1.8799999952316284,1.830000042915344,1.840000033378601,1.840000033378601,4290400,1952.2900390625
2015-09-11,1.8799999952316284,2.140000104904175,1.809999942779541,2.009999990463257,2.009999990463257,31010300,1961.050048828125
2015-09-14,2.0,2.0,1.809999942779541,1.8200000524520876,1.8200000524520876,16458500,1953.030029296875
2015-09-15,1.840000033378601,1.870000004768372,1.809999942779541,1.8600000143051147,1.8600000143051147,6524400,1978.0899658203125
2015-09-16,1.870000004768372,1.899999976158142,1.850000023841858,1.8899999856948853,1.8899999856948853,4928300,1995.31005859375
2015-09-17,1.899999976158142,1.940000057220459,1.870000004768372,1.8899999856948853,1.8899999856948853,5831600,1990.199951171875
2015-09-18,1.870000004768372,1.919999957084656,1.850000023841858,1.870000004768372,1.870000004768372,11814000,1958.030029296875
2015-09-21,1.870000004768372,1.899999976158142,1.809999942779541,1.809999942779541,1.809999942779541,5377800,1966.969970703125
2015-09-22,1.7999999523162842,1.840000033378601,1.7200000286102295,1.7300000190734863,1.7300000190734863,9975200,1942.739990234375
2015-09-23,1.7599999904632568,1.7799999713897705,1.690000057220459,1.7000000476837158,1.7000000476837158,9649200,1938.760009765625
2015-09-24,1.6799999475479126,1.7300000190734863,1.659999966621399,1.7200000286102295,1.7200000286102295,11247700,1932.239990234375
2015-09-25,1.75,1.75,1.6799999475479126,1.7100000381469729,1.7100000381469729,5644600,1931.3399658203125
2015-09-28,1.690000057220459,1.7000000476837158,1.659999966621399,1.659999966621399,1.659999966621399,5693100,1881.77001953125
2015-09-29,1.6699999570846558,1.690000057220459,1.649999976158142,1.6699999570846558,1.6699999570846558,7005300,1884.0899658203125
2015-09-30,1.7000000476837158,1.7200000286102295,1.6799999475479126,1.7200000286102295,1.7200000286102295,5739500,1920.030029296875
2015-10-01,1.7699999809265137,1.7699999809265137,1.7200000286102295,1.7400000095367432,1.7400000095367432,5531700,1923.8199462890625
2015-10-02,1.7599999904632568,1.830000042915344,1.7200000286102295,1.830000042915344,1.830000042915344,7146100,1951.3599853515625
2015-10-05,1.8200000524520876,1.870000004768372,1.7699999809265137,1.7999999523162842,1.7999999523162842,7595600,1987.050048828125
2015-10-06,1.7999999523162842,1.8600000143051147,1.7999999523162842,1.830000042915344,1.830000042915344,8558400,1979.9200439453125
2015-10-07,1.8200000524520876,1.870000004768372,1.8200000524520876,1.8600000143051147,1.8600000143051147,7859200,1995.8299560546875
2015-10-08,1.870000004768372,1.950000047683716,1.850000023841858,1.9299999475479128,1.9299999475479128,9198700,2013.4300537109375
2015-10-09,1.919999957084656,1.9600000381469729,1.8899999856948853,1.9600000381469729,1.9600000381469729,8629100,2014.8900146484375
2015-10-12,1.9600000381469729,1.9600000381469729,1.850000023841858,1.870000004768372,1.870000004768372,7686600,2017.4599609375
2015-10-13,1.870000004768372,1.940000057220459,1.8600000143051147,1.919999957084656,1.919999957084656,6698400,2003.68994140625
2015-10-14,1.919999957084656,1.9600000381469729,1.919999957084656,1.950000047683716,1.950000047683716,10184300,1994.239990234375
2015-10-15,1.9700000286102293,2.059999942779541,1.950000047683716,1.9700000286102293,1.9700000286102293,27327100,2023.8599853515625
2015-10-16,2.0,2.0,1.8899999856948853,1.940000057220459,1.940000057220459,21544900,2033.1099853515625
2015-10-19,1.909999966621399,2.009999990463257,1.909999966621399,2.009999990463257,2.009999990463257,10670800,2033.6600341796875
2015-10-20,2.0,2.0299999713897705,1.9700000286102293,2.0199999809265137,2.0199999809265137,5584200,2030.77001953125
2015-10-21,2.0199999809265137,2.119999885559082,2.009999990463257,2.0999999046325684,2.0999999046325684,14944100,2018.93994140625
2015-10-22,2.0999999046325684,2.1600000858306885,2.0899999141693115,2.140000104904175,2.140000104904175,8208400,2052.510009765625
2015-10-23,2.0999999046325684,2.2100000381469727,2.0999999046325684,2.2100000381469727,2.2100000381469727,9564200,2075.14990234375
2015-10-26,2.2100000381469727,2.2100000381469727,2.119999885559082,2.150000095367432,2.150000095367432,6313500,2071.179931640625
2015-10-27,2.119999885559082,2.1600000858306885,2.0999999046325684,2.150000095367432,2.150000095367432,5755600,2065.889892578125
2015-10-28,2.140000104904175,2.200000047683716,2.119999885559082,2.180000066757202,2.180000066757202,6950600,2090.35009765625
2015-10-29,2.150000095367432,2.180000066757202,2.109999895095825,2.130000114440918,2.130000114440918,4500400,2089.409912109375
2015-10-30,2.140000104904175,2.150000095367432,2.119999885559082,2.119999885559082,2.119999885559082,4897100,2079.360107421875
2015-11-02,2.130000114440918,2.190000057220459,2.109999895095825,2.190000057220459,2.190000057220459,5858700,2104.050048828125
2015-11-03,2.1600000858306885,2.289999961853028,2.1600000858306885,2.2799999713897705,2.2799999713897705,8705800,2109.7900390625
2015-11-04,2.2699999809265137,2.299999952316284,2.180000066757202,2.200000047683716,2.200000047683716,8205300,2102.31005859375
2015-11-05,2.2100000381469727,2.240000009536743,2.1700000762939453,2.200000047683716,2.200000047683716,4302200,2099.929931640625
2015-11-06,2.190000057220459,2.2100000381469727,2.130000114440918,2.150000095367432,2.150000095367432,8997100,2099.199951171875
2015-11-09,2.150000095367432,2.180000066757202,2.0999999046325684,2.109999895095825,2.109999895095825,6231200,2078.580078125
2015-11-10,2.0899999141693115,2.0999999046325684,2.0199999809265137,2.0199999809265137,2.0199999809265137,6162200,2081.719970703125
2015-11-11,2.0199999809265137,2.0899999141693115,2.0199999809265137,2.069999933242798,2.069999933242798,3532100,2075.0
2015-11-12,2.049999952316284,2.069999933242798,2.0,2.0,2.0,3576800,2045.969970703125
2015-11-13,1.9900000095367432,2.039999961853028,1.940000057220459,1.9900000095367432,1.9900000095367432,5920200,2023.0400390625
2015-11-16,1.9900000095367432,2.0199999809265137,1.950000047683716,1.9900000095367432,1.9900000095367432,4149700,2053.18994140625
2015-11-17,2.009999990463257,2.039999961853028,1.9700000286102293,1.9800000190734863,1.9800000190734863,5825100,2050.43994140625
2015-11-18,1.9900000095367432,2.150000095367432,1.9800000190734863,2.119999885559082,2.119999885559082,9384700,2083.580078125
2015-11-19,2.0999999046325684,2.1600000858306885,2.0899999141693115,2.140000104904175,2.140000104904175,4704300,2081.239990234375
2015-11-20,2.140000104904175,2.25,2.130000114440918,2.220000028610229,2.220000028610229,10727100,2089.169921875
2015-11-23,2.220000028610229,2.240000009536743,2.180000066757202,2.220000028610229,2.220000028610229,4863200,2086.590087890625
2015-11-24,2.200000047683716,2.400000095367432,2.1700000762939453,2.3399999141693115,2.3399999141693115,15859700,2089.139892578125
2015-11-25,2.359999895095825,2.400000095367432,2.309999942779541,2.380000114440918,2.380000114440918,6914800,2088.8701171875
2015-11-27,2.369999885559082,2.380000114440918,2.319999933242798,2.3299999237060547,2.3299999237060547,2606600,2090.110107421875
2015-11-30,2.3399999141693115,2.369999885559082,2.25,2.359999895095825,2.359999895095825,9924400,2080.409912109375
2015-12-01,2.359999895095825,2.369999885559082,2.309999942779541,2.3399999141693115,2.3399999141693115,5646400,2102.6298828125
2015-12-02,2.309999942779541,2.3399999141693115,2.2300000190734863,2.2699999809265137,2.2699999809265137,7501700,2079.510009765625
2015-12-03,2.25,2.309999942779541,2.200000047683716,2.2300000190734863,2.2300000190734863,7059900,2049.6201171875
2015-12-04,2.2300000190734863,2.289999961853028,2.2100000381469727,2.2799999713897705,2.2799999713897705,4572600,2091.68994140625
2015-12-07,2.259999990463257,2.359999895095825,2.2100000381469727,2.359999895095825,2.359999895095825,8479600,2077.070068359375
2015-12-08,2.3399999141693115,2.400000095367432,2.25,2.390000104904175,2.390000104904175,9055500,2063.590087890625
2015-12-09,2.369999885559082,2.400000095367432,2.319999933242798,2.3499999046325684,2.3499999046325684,8710000,2047.6199951171875
2015-12-10,2.359999895095825,2.5,2.3299999237060547,2.450000047683716,2.450000047683716,13069400,2052.22998046875
2015-12-11,2.4100000858306885,2.470000028610229,2.359999895095825,2.359999895095825,2.359999895095825,11890000,2012.3699951171875
2015-12-14,2.359999895095825,2.390000104904175,2.299999952316284,2.3399999141693115,2.3399999141693115,7625700,2021.93994140625
2015-12-15,2.3499999046325684,2.430000066757202,2.319999933242798,2.359999895095825,2.359999895095825,7423900,2043.4100341796875
2015-12-16,2.390000104904175,2.549999952316284,2.369999885559082,2.539999961853028,2.539999961853028,19543600,2073.070068359375
2015-12-17,2.5199999809265137,2.5999999046325684,2.5199999809265137,2.559999942779541,2.559999942779541,11374100,2041.8900146484375
2015-12-18,2.509999990463257,2.549999952316284,2.4200000762939453,2.450000047683716,2.450000047683716,17988100,2005.550048828125
2015-12-21,2.470000028610229,2.5299999713897705,2.430000066757202,2.5299999713897705,2.5299999713897705,6876600,2021.1500244140625
2015-12-22,2.549999952316284,2.7799999713897705,2.539999961853028,2.7699999809265137,2.7699999809265137,24893200,2038.969970703125
2015-12-23,2.759999990463257,2.940000057220459,2.75,2.8299999237060547,2.8299999237060547,30365300,2064.2900390625
2015-12-24,2.880000114440918,3.0,2.859999895095825,2.9200000762939453,2.9200000762939453,11890900,2060.989990234375
2015-12-28,2.9100000858306885,3.0199999809265137,2.859999895095825,3.0,3.0,16050500,2056.5
2015-12-29,3.039999961853028,3.059999942779541,2.970000028610229,3.0,3.0,15300900,2078.360107421875
2015-12-30,2.990000009536743,3.039999961853028,2.930000066757202,2.9800000190734863,2.9800000190734863,10046600,2063.360107421875
2015-12-31,2.970000028610229,3.009999990463257,2.869999885559082,2.869999885559082,2.869999885559082,11086100,2043.93994140625
2016-01-04,2.7699999809265137,2.819999933242798,2.630000114440918,2.7699999809265137,2.7699999809265137,32516800,2012.6600341796875
2016-01-05,2.7699999809265137,2.799999952316284,2.640000104904175,2.75,2.75,12972300,2016.7099609375
2016-01-06,2.6600000858306885,2.7100000381469727,2.470000028610229,2.509999990463257,2.509999990463257,23759400,1990.260009765625
2016-01-07,2.430000066757202,2.4800000190734863,2.259999990463257,2.2799999713897705,2.2799999713897705,22203500,1943.0899658203125
2016-01-08,2.359999895095825,2.4200000762939453,2.0999999046325684,2.140000104904175,2.140000104904175,31822400,1922.030029296875
2016-01-11,2.1600000858306885,2.359999895095825,2.119999885559082,2.3399999141693115,2.3399999141693115,19629300,1923.6700439453125
2016-01-12,2.400000095367432,2.4600000381469727,2.2799999713897705,2.390000104904175,2.390000104904175,17986100,1938.6800537109375
2016-01-13,2.400000095367432,2.450000047683716,2.2100000381469727,2.25,2.25,12749700,1890.280029296875
2016-01-14,2.289999961853028,2.3499999046325684,2.2100000381469727,2.2100000381469727,2.2100000381469727,15666600,1921.8399658203125
2016-01-15,2.0999999046325684,2.130000114440918,1.9900000095367432,2.0299999713897705,2.0299999713897705,21199300,1880.3299560546875
2016-01-19,2.0799999237060547,2.109999895095825,1.899999976158142,1.950000047683716,1.950000047683716,18978900,1881.3299560546875
2016-01-20,1.809999942779541,1.950000047683716,1.75,1.7999999523162842,1.7999999523162842,29243600,1859.3299560546875
2016-01-21,1.8200000524520876,2.180000066757202,1.809999942779541,2.0899999141693115,2.0899999141693115,26387900,1868.989990234375
2016-01-22,2.109999895095825,2.1700000762939453,1.9800000190734863,2.0199999809265137,2.0199999809265137,16245500,1906.9000244140625
2016-01-25,2.009999990463257,2.150000095367432,2.009999990463257,2.119999885559082,2.119999885559082,13080900,1877.0799560546875
2016-01-26,2.140000104904175,2.150000095367432,2.0299999713897705,2.069999933242798,2.069999933242798,11097400,1903.6300048828125
2016-01-27,2.0799999237060547,2.180000066757202,2.069999933242798,2.130000114440918,2.130000114440918,10833200,1882.949951171875
2016-01-28,2.1600000858306885,2.1700000762939453,2.069999933242798,2.0799999237060547,2.0799999237060547,7118400,1893.3599853515625
2016-01-29,2.0899999141693115,2.200000047683716,2.069999933242798,2.200000047683716,2.200000047683716,11998100,1940.239990234375
2016-02-01,2.1700000762939453,2.190000057220459,2.109999895095825,2.140000104904175,2.140000104904175,8816100,1939.3800048828125
2016-02-02,2.109999895095825,2.140000104904175,1.9600000381469729,1.9900000095367432,1.9900000095367432,11224100,1903.030029296875
2016-02-03,2.039999961853028,2.0799999237060547,1.950000047683716,2.069999933242798,2.069999933242798,9978600,1912.530029296875
2016-02-04,2.059999942779541,2.1700000762939453,2.0299999713897705,2.0899999141693115,2.0899999141693115,8284800,1915.449951171875
2016-02-05,2.059999942779541,2.0799999237060547,1.9800000190734863,1.9800000190734863,1.9800000190734863,7914400,1880.050048828125
2016-02-08,1.9700000286102293,1.9800000190734863,1.870000004768372,1.9299999475479128,1.9299999475479128,11589000,1853.43994140625
2016-02-09,1.8899999856948853,2.0,1.850000023841858,1.899999976158142,1.899999976158142,14991500,1852.2099609375
2016-02-10,1.919999957084656,1.9800000190734863,1.830000042915344,1.840000033378601,1.840000033378601,9466100,1851.8599853515625
2016-02-11,1.8200000524520876,1.940000057220459,1.809999942779541,1.8600000143051147,1.8600000143051147,7858300,1829.0799560546875
2016-02-12,1.8899999856948853,1.909999966621399,1.8200000524520876,1.830000042915344,1.830000042915344,9957300,1864.780029296875
2016-02-16,1.8600000143051147,1.899999976158142,1.8200000524520876,1.830000042915344,1.830000042915344,11853400,1895.5799560546875
2016-02-17,1.850000023841858,1.940000057220459,1.850000023841858,1.899999976158142,1.899999976158142,13770200,1926.8199462890625
2016-02-18,1.9299999475479128,1.9800000190734863,1.899999976158142,1.909999966621399,1.909999966621399,10823400,1917.8299560546875
2016-02-19,1.9299999475479128,1.9299999475479128,1.830000042915344,1.909999966621399,1.909999966621399,7784100,1917.780029296875
2016-02-22,1.940000057220459,2.039999961853028,1.9299999475479128,2.009999990463257,2.009999990463257,9895500,1945.5
2016-02-23,2.039999961853028,2.059999942779541,1.9700000286102293,1.9700000286102293,1.9700000286102293,6710600,1921.27001953125
2016-02-24,1.9800000190734863,2.039999961853028,1.9299999475479128,2.0199999809265137,2.0199999809265137,6906200,1929.800048828125
2016-02-25,2.0199999809265137,2.039999961853028,1.9800000190734863,2.0299999713897705,2.0299999713897705,5614400,1951.699951171875
2016-02-26,2.039999961853028,2.0999999046325684,2.0299999713897705,2.069999933242798,2.069999933242798,7911500,1948.050048828125
2016-02-29,2.059999942779541,2.150000095367432,2.049999952316284,2.140000104904175,2.140000104904175,11400300,1932.22998046875
2016-03-01,2.1600000858306885,2.200000047683716,2.119999885559082,2.180000066757202,2.180000066757202,9011200,1978.3499755859375
2016-03-02,2.200000047683716,2.3299999237060547,2.180000066757202,2.319999933242798,2.319999933242798,10845700,1986.449951171875
2016-03-03,2.319999933242798,2.549999952316284,2.299999952316284,2.4600000381469727,2.4600000381469727,22092400,1993.4000244140625
2016-03-04,2.4200000762939453,2.5,2.3399999141693115,2.369999885559082,2.369999885559082,15449000,1999.989990234375
2016-03-07,2.359999895095825,2.470000028610229,2.359999895095825,2.470000028610229,2.470000028610229,8754300,2001.760009765625
2016-03-08,2.440000057220459,2.4600000381469727,2.299999952316284,2.299999952316284,2.299999952316284,10026900,1979.260009765625
2016-03-09,2.319999933242798,2.3499999046325684,2.200000047683716,2.259999990463257,2.259999990463257,13082400,1989.260009765625
2016-03-10,2.289999961853028,2.309999942779541,2.150000095367432,2.259999990463257,2.259999990463257,9603500,1989.5699462890625
2016-03-11,2.289999961853028,2.539999961853028,2.289999961853028,2.5199999809265137,2.5199999809265137,21382400,2022.18994140625
2016-03-14,2.5299999713897705,2.75,2.5,2.720000028610229,2.720000028610229,33848000,2019.6400146484375
2016-03-15,2.6700000762939453,2.690000057220459,2.450000047683716,2.490000009536743,2.490000009536743,21573600,2015.9300537109375
2016-03-16,2.5,2.640000104904175,2.490000009536743,2.630000114440918,2.630000114440918,13015700,2027.219970703125
2016-03-17,2.7699999809265137,2.809999942779541,2.700000047683716,2.799999952316284,2.799999952316284,29000800,2040.5899658203125
2016-03-18,2.799999952316284,2.930000066757202,2.7699999809265137,2.930000066757202,2.930000066757202,26330500,2049.580078125
2016-03-21,2.900000095367432,2.900000095367432,2.75,2.799999952316284,2.799999952316284,13464900,2051.60009765625
2016-03-22,2.7300000190734863,2.8499999046325684,2.7100000381469727,2.789999961853028,2.789999961853028,10315800,2049.800048828125
2016-03-23,2.799999952316284,2.8299999237060547,2.680000066757202,2.680000066757202,2.680000066757202,10167100,2036.7099609375
2016-03-24,2.690000057220459,2.809999942779541,2.619999885559082,2.789999961853028,2.789999961853028,10040200,2035.93994140625
2016-03-28,2.809999942779541,2.8399999141693115,2.7300000190734863,2.7799999713897705,2.7799999713897705,7683700,2037.050048828125
2016-03-29,2.740000009536743,2.880000114440918,2.700000047683716,2.859999895095825,2.859999895095825,13616200,2055.010009765625
2016-03-30,2.880000114440918,2.9800000190734863,2.8499999046325684,2.859999895095825,2.859999895095825,14945900,2063.949951171875
2016-03-31,2.8399999141693115,2.880000114440918,2.799999952316284,2.8499999046325684,2.8499999046325684,9071500,2059.739990234375
2016-04-01,2.789999961853028,2.880000114440918,2.759999990463257,2.8299999237060547,2.8299999237060547,8257700,2072.780029296875
2016-04-04,2.8299999237060547,2.869999885559082,2.799999952316284,2.8299999237060547,2.8299999237060547,5591100,2066.1298828125
2016-04-05,2.759999990463257,2.8399999141693115,2.720000028610229,2.759999990463257,2.759999990463257,9640200,2045.1700439453125
2016-04-06,2.75,2.799999952316284,2.720000028610229,2.799999952316284,2.799999952316284,12534600,2066.659912109375
2016-04-07,2.759999990463257,2.8299999237060547,2.609999895095825,2.640000104904175,2.640000104904175,13479200,2041.9100341796875
2016-04-08,2.700000047683716,2.759999990463257,2.680000066757202,2.740000009536743,2.740000009536743,8489000,2047.5999755859375
2016-04-11,2.759999990463257,2.819999933242798,2.740000009536743,2.759999990463257,2.759999990463257,9045100,2041.989990234375
2016-04-12,2.789999961853028,2.8499999046325684,2.759999990463257,2.809999942779541,2.809999942779541,16131900,2061.719970703125
2016-04-13,2.7799999713897705,2.819999933242798,2.7300000190734863,2.799999952316284,2.799999952316284,8048000,2082.419921875
2016-04-14,2.7699999809265137,2.789999961853028,2.700000047683716,2.720000028610229,2.720000028610229,8985300,2082.780029296875
2016-04-15,2.720000028610229,2.75,2.680000066757202,2.700000047683716,2.700000047683716,7487500,2080.72998046875
2016-04-18,2.6700000762939453,2.799999952316284,2.650000095367432,2.759999990463257,2.759999990463257,8938800,2094.340087890625
2016-04-19,2.7799999713897705,2.7799999713897705,2.609999895095825,2.619999885559082,2.619999885559082,11719900,2100.800048828125
2016-04-20,2.619999885559082,2.720000028610229,2.609999895095825,2.700000047683716,2.700000047683716,7926100,2102.39990234375
2016-04-21,2.650000095367432,2.700000047683716,2.5999999046325684,2.619999885559082,2.619999885559082,13957200,2091.47998046875
2016-04-22,3.190000057220459,3.990000009536743,3.180000066757202,3.990000009536743,3.990000009536743,143265300,2091.580078125
2016-04-25,3.809999942779541,3.819999933242798,3.309999942779541,3.450000047683716,3.450000047683716,80607900,2087.7900390625
2016-04-26,3.450000047683716,3.75,3.440000057220459,3.660000085830689,3.660000085830689,36336900,2091.699951171875
2016-04-27,3.549999952316284,3.75,3.5299999713897705,3.7300000190734863,3.7300000190734863,24186800,2095.14990234375
2016-04-28,3.690000057220459,3.799999952316284,3.5999999046325684,3.609999895095825,3.609999895095825,20230000,2075.81005859375
2016-04-29,3.690000057220459,3.690000057220459,3.450000047683716,3.549999952316284,3.549999952316284,17717800,2065.300048828125
2016-05-02,3.5799999237060547,3.75,3.569999933242798,3.740000009536743,3.740000009536743,16972800,2081.429931640625
2016-05-03,3.700000047683716,3.7100000381469727,3.5799999237060547,3.5999999046325684,3.5999999046325684,13784800,2063.3701171875
2016-05-04,3.539999961853028,3.670000076293945,3.539999961853028,3.5999999046325684,3.5999999046325684,8688500,2051.1201171875
2016-05-05,3.640000104904175,3.799999952316284,3.609999895095825,3.660000085830689,3.660000085830689,21529600,2050.6298828125
2016-05-06,3.650000095367432,3.75,3.640000104904175,3.680000066757202,3.680000066757202,11839300,2057.139892578125
2016-05-09,3.660000085830689,3.680000066757202,3.450000047683716,3.650000095367432,3.650000095367432,16299400,2058.68994140625
2016-05-10,3.660000085830689,3.680000066757202,3.559999942779541,3.640000104904175,3.640000104904175,9415100,2084.389892578125
2016-05-11,3.609999895095825,3.680000066757202,3.5999999046325684,3.650000095367432,3.650000095367432,7540300,2064.4599609375
2016-05-12,3.650000095367432,3.680000066757202,3.549999952316284,3.5899999141693115,3.5899999141693115,9255800,2064.110107421875
2016-05-13,3.559999942779541,3.7300000190734863,3.549999952316284,3.670000076293945,3.670000076293945,16470100,2046.6099853515625
2016-05-16,3.670000076293945,3.849999904632568,3.650000095367432,3.7899999618530273,3.7899999618530273,14703800,2066.659912109375
2016-05-17,3.799999952316284,3.9800000190734863,3.690000057220459,3.7899999618530273,3.7899999618530273,20066100,2047.2099609375
2016-05-18,3.7899999618530273,3.9700000286102295,3.7699999809265137,3.839999914169312,3.839999914169312,19487500,2047.6300048828125
2016-05-19,3.829999923706055,3.849999904632568,3.690000057220459,3.7699999809265137,3.7699999809265137,17696900,2040.0400390625
2016-05-20,3.829999923706055,3.900000095367432,3.809999942779541,3.869999885559082,3.869999885559082,13799600,2052.320068359375
2016-05-23,3.900000095367432,4.199999809265137,3.880000114440918,4.039999961853027,4.039999961853027,35467000,2048.0400390625
2016-05-24,4.090000152587891,4.210000038146973,3.920000076293945,4.199999809265137,4.199999809265137,34283900,2076.06005859375
2016-05-25,4.239999771118164,4.349999904632568,4.150000095367432,4.179999828338623,4.179999828338623,24703600,2090.5400390625
2016-05-26,4.190000057220459,4.380000114440918,4.170000076293945,4.349999904632568,4.349999904632568,22625700,2090.10009765625
2016-05-27,4.389999866485596,4.630000114440918,4.369999885559082,4.599999904632568,4.599999904632568,34429600,2099.06005859375
2016-05-31,4.670000076293945,4.710000038146973,4.5,4.570000171661377,4.570000171661377,25379200,2096.949951171875
2016-06-01,4.599999904632568,4.639999866485596,4.380000114440918,4.429999828338623,4.429999828338623,29696400,2099.330078125
2016-06-02,4.369999885559082,4.400000095367432,4.070000171661377,4.239999771118164,4.239999771118164,35335000,2105.260009765625
2016-06-03,4.159999847412109,4.199999809265137,4.079999923706055,4.159999847412109,4.159999847412109,17561800,2099.1298828125
2016-06-06,4.199999809265137,4.510000228881836,4.170000076293945,4.46999979019165,4.46999979019165,21329600,2109.409912109375
2016-06-07,4.559999942779541,4.670000076293945,4.46999979019165,4.510000228881836,4.510000228881836,20676200,2112.1298828125
2016-06-08,4.539999961853027,4.559999942779541,4.380000114440918,4.460000038146973,4.460000038146973,16074300,2119.1201171875
2016-06-09,4.409999847412109,4.539999961853027,4.320000171661377,4.519999980926514,4.519999980926514,16219100,2115.47998046875
2016-06-10,4.400000095367432,4.46999979019165,4.300000190734863,4.320000171661377,4.320000171661377,15106500,2096.070068359375
2016-06-13,4.320000171661377,4.480000019073486,4.320000171661377,4.400000095367432,4.400000095367432,13500700,2079.06005859375
2016-06-14,4.400000095367432,4.510000228881836,4.329999923706055,4.389999866485596,4.389999866485596,16757400,2075.320068359375
2016-06-15,4.440000057220459,4.480000019073486,4.300000190734863,4.420000076293945,4.420000076293945,11575300,2071.5
2016-06-16,4.5,4.75,4.460000038146973,4.75,4.75,34182700,2077.989990234375
2016-06-17,4.75,5.269999980926514,4.679999828338623,5.260000228881836,5.260000228881836,64894100,2071.219970703125
2016-06-20,5.389999866485596,5.449999809265137,5.090000152587891,5.099999904632568,5.099999904632568,43541300,2083.25
2016-06-21,5.099999904632568,5.5,5.090000152587891,5.449999809265137,5.449999809265137,35864600,2088.89990234375
2016-06-22,5.460000038146973,5.519999980926514,4.960000038146973,5.019999980926514,5.019999980926514,47943300,2085.449951171875
2016-06-23,5.170000076293945,5.260000228881836,5.050000190734863,5.210000038146973,5.210000038146973,29159200,2113.320068359375
2016-06-24,4.820000171661377,5.070000171661377,4.760000228881836,4.880000114440918,4.880000114440918,36735200,2037.4100341796875
2016-06-27,4.880000114440918,5.050000190734863,4.650000095367432,4.71999979019165,4.71999979019165,31025300,2000.5400390625
2016-06-28,4.949999809265137,5.190000057220459,4.909999847412109,5.119999885559082,5.119999885559082,29221400,2036.0899658203125
2016-06-29,5.309999942779541,5.400000095367432,5.099999904632568,5.130000114440918,5.130000114440918,33118300,2070.77001953125
2016-06-30,5.130000114440918,5.190000057220459,4.949999809265137,5.139999866485596,5.139999866485596,26124800,2098.860107421875
2016-07-01,5.090000152587891,5.139999866485596,5.0,5.070000171661377,5.070000171661377,18255900,2102.949951171875
2016-07-05,5.03000020980835,5.050000190734863,4.880000114440918,4.960000038146973,4.960000038146973,16332500,2088.550048828125
2016-07-06,4.909999847412109,5.110000133514404,4.900000095367432,5.039999961853027,5.039999961853027,19392900,2099.72998046875
2016-07-07,5.070000171661377,5.099999904632568,4.940000057220459,5.019999980926514,5.019999980926514,15813800,2097.89990234375
2016-07-08,4.840000152587891,5.150000095367432,4.820000171661377,5.099999904632568,5.099999904632568,28140700,2129.89990234375
2016-07-11,5.130000114440918,5.190000057220459,5.0,5.010000228881836,5.010000228881836,21027900,2137.159912109375
2016-07-12,5.010000228881836,5.170000076293945,5.010000228881836,5.139999866485596,5.139999866485596,20832500,2152.139892578125
2016-07-13,5.139999866485596,5.190000057220459,5.039999961853027,5.090000152587891,5.090000152587891,14032500,2152.429931640625
2016-07-14,5.150000095367432,5.239999771118164,5.059999942779541,5.170000076293945,5.170000076293945,20050100,2163.75
2016-07-15,5.199999809265137,5.199999809265137,5.099999904632568,5.139999866485596,5.139999866485596,14219300,2161.739990234375
2016-07-18,5.190000057220459,5.570000171661377,5.130000114440918,5.510000228881836,5.510000228881836,38619400,2166.889892578125
2016-07-19,5.5,5.550000190734863,5.340000152587891,5.409999847412109,5.409999847412109,23439600,2163.780029296875
2016-07-20,5.480000019073486,5.5,5.400000095367432,5.409999847412109,5.409999847412109,20102400,2173.02001953125
2016-07-21,5.429999828338623,5.449999809265137,5.099999904632568,5.21999979019165,5.21999979019165,40242000,2165.169921875
2016-07-22,5.730000019073486,5.96999979019165,5.449999809265137,5.840000152587891,5.840000152587891,101838300,2175.030029296875
2016-07-25,5.929999828338623,6.949999809265137,5.920000076293945,6.699999809265137,6.699999809265137,118328600,2168.47998046875
2016-07-26,6.760000228881836,7.159999847412109,6.710000038146973,6.980000019073486,6.980000019073486,81230600,2169.179931640625
2016-07-27,6.929999828338623,6.980000019073486,6.679999828338623,6.849999904632568,6.849999904632568,38567300,2166.580078125
2016-07-28,6.789999961853027,6.980000019073486,6.739999771118164,6.820000171661377,6.820000171661377,27515600,2170.06005859375
2016-07-29,6.880000114440918,6.960000038146973,6.75,6.860000133514404,6.860000133514404,22580500,2173.60009765625
2016-08-01,6.889999866485596,6.920000076293945,6.570000171661377,6.639999866485596,6.639999866485596,26729000,2170.840087890625
2016-08-02,6.559999942779541,6.599999904632568,6.150000095367432,6.260000228881836,6.260000228881836,40816400,2157.030029296875
2016-08-03,6.179999828338623,6.449999809265137,6.150000095367432,6.300000190734863,6.300000190734863,23807800,2163.7900390625
2016-08-04,6.389999866485596,6.610000133514404,6.369999885559082,6.46999979019165,6.46999979019165,22411000,2164.25
2016-08-05,6.559999942779541,6.760000228881836,6.46999979019165,6.610000133514404,6.610000133514404,20164000,2182.8701171875
2016-08-08,6.699999809265137,6.849999904632568,6.650000095367432,6.679999828338623,6.679999828338623,21462200,2180.889892578125
2016-08-09,6.75,6.78000020980835,6.539999961853027,6.599999904632568,6.599999904632568,16772400,2181.739990234375
2016-08-10,6.349999904632568,6.579999923706055,6.25,6.489999771118164,6.489999771118164,29070700,2175.489990234375
2016-08-11,6.5,6.590000152587891,6.460000038146973,6.579999923706055,6.579999923706055,13240300,2185.7900390625
2016-08-12,6.599999904632568,6.789999961853027,6.550000190734863,6.730000019073486,6.730000019073486,25466400,2184.050048828125
2016-08-15,6.789999961853027,6.96999979019165,6.78000020980835,6.949999809265137,6.949999809265137,28339400,2190.14990234375
2016-08-16,6.940000057220459,6.940000057220459,6.650000095367432,6.78000020980835,6.78000020980835,26768800,2178.14990234375
2016-08-17,6.699999809265137,6.75,6.610000133514404,6.679999828338623,6.679999828338623,13791300,2182.219970703125
2016-08-18,6.739999771118164,7.070000171661377,6.730000019073486,7.039999961853027,7.039999961853027,30783300,2187.02001953125
2016-08-19,7.239999771118164,8.0,7.21999979019165,7.619999885559082,7.619999885559082,75129300,2183.8701171875
2016-08-22,7.829999923706055,7.949999809265137,7.369999885559082,7.579999923706055,7.579999923706055,41519200,2182.639892578125
2016-08-23,7.659999847412109,7.739999771118164,7.53000020980835,7.670000076293945,7.670000076293945,27531100,2186.89990234375
2016-08-24,7.670000076293945,7.670000076293945,7.369999885559082,7.429999828338623,7.429999828338623,22943900,2175.43994140625
2016-08-25,7.489999771118164,7.489999771118164,7.199999809265137,7.46999979019165,7.46999979019165,16451300,2172.469970703125
2016-08-26,7.489999771118164,7.800000190734863,7.460000038146973,7.670000076293945,7.670000076293945,31387900,2169.0400390625
2016-08-29,7.71999979019165,7.789999961853027,7.570000171661377,7.590000152587891,7.590000152587891,16916300,2180.3798828125
2016-08-30,7.610000133514404,7.639999866485596,7.409999847412109,7.489999771118164,7.489999771118164,16088100,2176.1201171875
2016-08-31,7.519999980926514,7.519999980926514,7.28000020980835,7.400000095367432,7.400000095367432,18808800,2170.949951171875
2016-09-01,7.179999828338623,7.440000057220459,7.090000152587891,7.349999904632568,7.349999904632568,22284600,2170.860107421875
2016-09-02,7.489999771118164,7.639999866485596,7.380000114440918,7.510000228881836,7.510000228881836,18538400,2179.97998046875
2016-09-06,7.559999942779541,7.599999904632568,7.25,7.340000152587891,7.340000152587891,24994600,2186.47998046875
2016-09-07,7.050000190734863,7.070000171661377,6.78000020980835,6.840000152587891,6.840000152587891,57721900,2186.159912109375
2016-09-08,6.639999866485596,6.650000095367432,6.150000095367432,6.230000019073486,6.230000019073486,90814700,2181.300048828125
2016-09-09,6.230000019073486,6.239999771118164,5.849999904632568,5.900000095367432,5.900000095367432,170828000,2127.81005859375
2016-09-12,5.829999923706055,6.070000171661377,5.769999980926514,5.940000057220459,5.940000057220459,78014400,2159.0400390625
2016-09-13,5.920000076293945,5.949999809265137,5.659999847412109,5.739999771118164,5.739999771118164,50819500,2127.02001953125
2016-09-14,5.75,6.079999923706055,5.75,6.039999961853027,6.039999961853027,64251100,2125.77001953125
2016-09-15,6.090000152587891,6.199999809265137,5.949999809265137,6.019999980926514,6.019999980926514,52669500,2147.260009765625
2016-09-16,6.21999979019165,6.21999979019165,5.96999979019165,6.050000190734863,6.050000190734863,47829400,2139.159912109375
2016-09-19,6.119999885559082,6.28000020980835,6.079999923706055,6.159999847412109,6.159999847412109,37837200,2139.1201171875
2016-09-20,6.230000019073486,6.28000020980835,6.119999885559082,6.170000076293945,6.170000076293945,28990900,2139.760009765625
2016-09-21,6.199999809265137,6.320000171661377,6.139999866485596,6.289999961853027,6.289999961853027,33450000,2163.1201171875
2016-09-22,6.349999904632568,6.440000057220459,6.329999923706055,6.369999885559082,6.369999885559082,35848200,2177.179931640625
2016-09-23,6.309999942779541,6.650000095367432,6.309999942779541,6.550000190734863,6.550000190734863,61022400,2164.68994140625
2016-09-26,6.539999961853027,6.539999961853027,6.309999942779541,6.320000171661377,6.320000171661377,29875800,2146.10009765625
2016-09-27,6.449999809265137,6.579999923706055,6.289999961853027,6.539999961853027,6.539999961853027,30035900,2159.929931640625
2016-09-28,6.570000171661377,6.650000095367432,6.480000019073486,6.590000152587891,6.590000152587891,27878300,2171.3701171875
2016-09-29,6.570000171661377,6.730000019073486,6.539999961853027,6.670000076293945,6.670000076293945,30746100,2151.1298828125
2016-09-30,6.699999809265137,7.039999961853027,6.699999809265137,6.909999847412109,6.909999847412109,47453100,2168.27001953125
2016-10-03,6.949999809265137,7.150000095367432,6.869999885559082,6.949999809265137,6.949999809265137,30456700,2161.199951171875
2016-10-04,7.0,7.090000152587891,6.889999866485596,6.96999979019165,6.96999979019165,25770000,2150.489990234375
2016-10-05,6.96999979019165,7.010000228881836,6.699999809265137,6.78000020980835,6.78000020980835,31235600,2159.72998046875
2016-10-06,6.71999979019165,6.980000019073486,6.630000114440918,6.960000038146973,6.960000038146973,27059700,2160.77001953125
2016-10-07,6.920000076293945,6.960000038146973,6.619999885559082,6.75,6.75,33059000,2153.739990234375
2016-10-10,6.820000171661377,6.940000057220459,6.800000190734863,6.840000152587891,6.840000152587891,13800500,2163.659912109375
2016-10-11,6.800000190734863,6.840000152587891,6.380000114440918,6.5,6.5,32510800,2136.72998046875
2016-10-12,6.639999866485596,6.769999980926514,6.420000076293945,6.619999885559082,6.619999885559082,33592700,2139.179931640625
2016-10-13,6.5,6.539999961853027,6.239999771118164,6.489999771118164,6.489999771118164,30401700,2132.550048828125
2016-10-14,6.920000076293945,7.119999885559082,6.739999771118164,6.75,6.75,66934400,2132.97998046875
2016-10-17,6.920000076293945,6.96999979019165,6.639999866485596,6.670000076293945,6.670000076293945,24261500,2126.5
2016-10-18,6.760000228881836,6.889999866485596,6.690000057220459,6.730000019073486,6.730000019073486,25314800,2139.60009765625
2016-10-19,6.699999809265137,6.800000190734863,6.570000171661377,6.769999980926514,6.769999980926514,29420200,2144.2900390625
2016-10-20,6.809999942779541,6.980000019073486,6.769999980926514,6.960000038146973,6.960000038146973,64607500,2141.340087890625
2016-10-21,6.5,6.650000095367432,6.369999885559082,6.519999980926514,6.519999980926514,64243500,2141.159912109375
2016-10-24,6.570000171661377,7.010000228881836,6.539999961853027,7.010000228881836,7.010000228881836,52998400,2151.330078125
2016-10-25,6.900000095367432,7.5,6.869999885559082,7.5,7.5,78862000,2143.159912109375
2016-10-26,7.400000095367432,7.480000019073486,7.260000228881836,7.289999961853027,7.289999961853027,47619300,2139.429931640625
2016-10-27,7.440000057220459,7.460000038146973,7.099999904632568,7.110000133514404,7.110000133514404,37804200,2133.0400390625
2016-10-28,7.099999904632568,7.53000020980835,7.019999980926514,7.199999809265137,7.199999809265137,77261300,2126.409912109375
2016-10-31,7.239999771118164,7.460000038146973,7.199999809265137,7.230000019073486,7.230000019073486,42345900,2126.14990234375
2016-11-01,7.320000171661377,7.429999828338623,6.920000076293945,7.090000152587891,7.090000152587891,39906900,2111.719970703125
2016-11-02,7.03000020980835,7.059999942779541,6.670000076293945,6.760000228881836,6.760000228881836,33852200,2097.93994140625
2016-11-03,6.78000020980835,6.789999961853027,6.559999942779541,6.699999809265137,6.699999809265137,33673600,2088.659912109375
2016-11-04,6.690000057220459,6.71999979019165,6.460000038146973,6.559999942779541,6.559999942779541,32215700,2085.179931640625
2016-11-07,6.789999961853027,6.989999771118164,6.760000228881836,6.960000038146973,6.960000038146973,36999200,2131.52001953125
2016-11-08,6.849999904632568,7.179999828338623,6.75,7.0,7.0,37728500,2139.56005859375
2016-11-09,6.699999809265137,7.050000190734863,6.639999866485596,6.940000057220459,6.940000057220459,38479500,2163.260009765625
2016-11-10,6.820000171661377,6.909999847412109,6.21999979019165,6.300000190734863,6.300000190734863,71749500,2167.47998046875
2016-11-11,6.639999866485596,6.690000057220459,6.46999979019165,6.690000057220459,6.690000057220459,39492200,2164.449951171875
2016-11-14,6.829999923706055,6.840000152587891,6.610000133514404,6.789999961853027,6.789999961853027,29596400,2164.199951171875
2016-11-15,6.820000171661377,7.079999923706055,6.789999961853027,6.96999979019165,6.96999979019165,28909400,2180.389892578125
2016-11-16,7.090000152587891,7.75,7.070000171661377,7.670000076293945,7.670000076293945,78083200,2176.93994140625
2016-11-17,7.789999961853027,8.770000457763672,7.769999980926514,8.460000038146973,8.460000038146973,124235500,2187.1201171875
2016-11-18,8.680000305175781,8.829999923706055,8.399999618530273,8.710000038146973,8.710000038146973,62336200,2181.89990234375
2016-11-21,8.869999885559082,9.220000267028809,8.859999656677246,8.9399995803833,8.9399995803833,65595900,2198.179931640625
2016-11-22,9.050000190734863,9.0600004196167,8.539999961853027,8.6899995803833,8.6899995803833,71312800,2202.93994140625
2016-11-23,8.720000267028809,8.859999656677246,8.5,8.800000190734863,8.800000190734863,34646000,2204.719970703125
2016-11-25,8.800000190734863,8.90999984741211,8.6899995803833,8.770000457763672,8.770000457763672,14214100,2213.35009765625
2016-11-28,8.720000267028809,8.979999542236328,8.720000267028809,8.829999923706055,8.829999923706055,25907800,2201.719970703125
2016-11-29,9.0,9.229999542236328,8.850000381469727,8.930000305175781,8.930000305175781,54831400,2204.659912109375
2016-11-30,9.020000457763672,9.119999885559082,8.899999618530273,8.90999984741211,8.90999984741211,36511900,2198.81005859375
2016-12-01,8.920000076293945,9.029999732971191,8.260000228881836,8.390000343322754,8.390000343322754,56682400,2191.080078125
2016-12-02,8.380000114440918,8.739999771118164,8.380000114440918,8.529999732971191,8.529999732971191,42398900,2191.949951171875
2016-12-05,8.6899995803833,8.710000038146973,8.449999809265137,8.680000305175781,8.680000305175781,31410100,2204.7099609375
2016-12-06,8.949999809265137,9.539999961853027,8.819999694824219,9.449999809265137,9.449999809265137,92242900,2212.22998046875
2016-12-07,9.649999618530272,9.789999961853027,9.239999771118164,9.5600004196167,9.5600004196167,54897300,2241.35009765625
2016-12-08,9.899999618530272,10.65999984741211,9.800000190734863,10.34000015258789,10.34000015258789,104613000,2246.18994140625
2016-12-09,10.380000114440918,10.539999961853027,9.869999885559082,10.34000015258789,10.34000015258789,60600800,2259.530029296875
2016-12-12,10.399999618530272,10.93000030517578,10.380000114440918,10.68000030517578,10.68000030517578,63342900,2256.9599609375
2016-12-13,10.75,10.800000190734863,10.399999618530272,10.539999961853027,10.539999961853027,46967800,2271.719970703125
2016-12-14,10.43000030517578,10.739999771118164,10.270000457763672,10.550000190734863,10.550000190734863,46968600,2253.280029296875
2016-12-15,10.68000030517578,10.93000030517578,10.640000343322754,10.859999656677246,10.859999656677246,48871300,2262.030029296875
2016-12-16,10.9399995803833,11.229999542236328,10.600000381469728,10.65999984741211,10.65999984741211,77777700,2258.070068359375
2016-12-19,10.8100004196167,11.0,10.520000457763672,10.949999809265137,10.949999809265137,46085800,2262.530029296875
2016-12-20,11.1899995803833,11.510000228881836,11.149999618530272,11.510000228881836,11.510000228881836,59314200,2270.760009765625
2016-12-21,11.609999656677246,11.720000267028809,11.3100004196167,11.470000267028809,11.470000267028809,44814100,2265.179931640625
2016-12-22,11.649999618530272,11.75,11.470000267028809,11.600000381469728,11.600000381469728,36450800,2260.9599609375
2016-12-23,11.300000190734863,11.600000381469728,11.260000228881836,11.579999923706056,11.579999923706056,32288200,2263.7900390625
2016-12-27,11.649999618530272,12.079999923706056,11.600000381469728,12.06999969482422,12.06999969482422,44336500,2268.8798828125
2016-12-28,12.279999732971191,12.420000076293944,11.460000038146973,11.550000190734863,11.550000190734863,71254500,2249.919921875
2016-12-29,11.239999771118164,11.619999885559082,11.010000228881836,11.59000015258789,11.59000015258789,50234300,2249.260009765625
2016-12-30,11.699999809265137,11.779999732971191,11.25,11.34000015258789,11.34000015258789,44095400,2238.830078125
2017-01-03,11.420000076293944,11.649999618530272,11.020000457763672,11.43000030517578,11.43000030517578,55182000,2257.830078125
2017-01-04,11.449999809265137,11.520000457763672,11.239999771118164,11.43000030517578,11.43000030517578,40781200,2270.75
2017-01-05,11.43000030517578,11.6899995803833,11.229999542236328,11.239999771118164,11.239999771118164,38855200,2269.0
2017-01-06,11.289999961853027,11.489999771118164,11.109999656677246,11.31999969482422,11.31999969482422,34453500,2276.97998046875
2017-01-09,11.369999885559082,11.640000343322754,11.3100004196167,11.489999771118164,11.489999771118164,37304800,2268.89990234375
2017-01-10,11.550000190734863,11.630000114440918,11.329999923706056,11.4399995803833,11.4399995803833,29201600,2268.89990234375
2017-01-11,11.390000343322754,11.40999984741211,11.149999618530272,11.199999809265137,11.199999809265137,39377000,2275.320068359375
2017-01-12,10.979999542236328,11.039999961853027,10.329999923706056,10.760000228881836,10.760000228881836,75244100,2270.43994140625
2017-01-13,10.789999961853027,10.869999885559082,10.5600004196167,10.579999923706056,10.579999923706056,38377500,2274.639892578125
2017-01-17,10.170000076293944,10.229999542236328,9.779999732971191,9.81999969482422,9.81999969482422,70491800,2267.889892578125
2017-01-18,9.539999961853027,10.100000381469728,9.420000076293944,9.880000114440918,9.880000114440918,51797600,2271.889892578125
2017-01-19,9.920000076293944,10.25,9.75,9.770000457763672,9.770000457763672,46151300,2263.68994140625
2017-01-20,9.880000114440918,9.960000038146973,9.670000076293944,9.75,9.75,27982100,2271.31005859375
2017-01-23,9.68000030517578,10.0600004196167,9.68000030517578,9.90999984741211,9.90999984741211,27905700,2265.199951171875
2017-01-24,9.949999809265137,10.489999771118164,9.949999809265137,10.4399995803833,10.4399995803833,43991200,2280.070068359375
2017-01-25,10.739999771118164,10.979999542236328,10.149999618530272,10.350000381469728,10.350000381469728,61778100,2298.3701171875
2017-01-26,10.350000381469728,10.65999984741211,10.300000190734863,10.520000457763672,10.520000457763672,35866600,2296.679931640625
2017-01-27,10.600000381469728,10.729999542236328,10.520000457763672,10.670000076293944,10.670000076293944,32719200,2294.68994140625
2017-01-30,10.619999885559082,10.68000030517578,10.300000190734863,10.609999656677246,10.609999656677246,37725000,2280.89990234375
2017-01-31,10.600000381469728,10.670000076293944,10.220000267028809,10.369999885559082,10.369999885559082,53704900,2278.8701171875
2017-02-01,10.899999618530272,12.140000343322754,10.8100004196167,12.0600004196167,12.0600004196167,165939300,2279.550048828125
2017-02-02,11.979999542236328,12.65999984741211,11.949999809265137,12.279999732971191,12.279999732971191,116324500,2280.85009765625
2017-02-03,12.369999885559082,12.5,12.039999961853027,12.239999771118164,12.239999771118164,60036700,2297.419921875
2017-02-06,12.460000038146973,13.699999809265137,12.380000114440918,13.630000114440918,13.630000114440918,140474100,2292.56005859375
2017-02-07,14.050000190734863,14.270000457763672,13.0600004196167,13.289999961853027,13.289999961853027,158683800,2293.080078125
2017-02-08,13.210000038146973,13.75,13.079999923706056,13.5600004196167,13.5600004196167,75942900,2294.669921875
2017-02-09,13.779999732971191,13.890000343322754,13.399999618530272,13.420000076293944,13.420000076293944,73339900,2307.8701171875
2017-02-10,13.859999656677246,13.859999656677246,13.25,13.579999923706056,13.579999923706056,54579300,2316.10009765625
2017-02-13,13.699999809265137,13.949999809265137,13.380000114440918,13.489999771118164,13.489999771118164,57413100,2328.25
2017-02-14,13.43000030517578,13.489999771118164,13.1899995803833,13.260000228881836,13.260000228881836,40479100,2337.580078125
2017-02-15,13.199999809265137,13.4399995803833,13.149999618530272,13.300000190734863,13.300000190734863,33722300,2349.25
2017-02-16,13.25,13.350000381469728,12.84000015258789,12.970000267028809,12.970000267028809,52502500,2347.219970703125
2017-02-17,12.789999961853027,13.140000343322754,12.600000381469728,13.130000114440918,13.130000114440918,40888000,2351.159912109375
2017-02-21,13.40999984741211,14.100000381469728,13.399999618530272,14.0,14.0,66357100,2365.3798828125
2017-02-22,14.300000190734863,14.5,14.039999961853027,14.279999732971191,14.279999732971191,71505000,2362.820068359375
2017-02-23,14.199999809265137,14.449999809265137,13.81999969482422,14.31999969482422,14.31999969482422,80317600,2363.81005859375
2017-02-24,14.0,14.31999969482422,13.859999656677246,14.119999885559082,14.119999885559082,46288600,2367.340087890625
2017-02-27,14.270000457763672,15.350000381469728,14.270000457763672,15.199999809265137,15.199999809265137,95422900,2369.75
2017-02-28,15.449999809265137,15.550000190734863,14.350000381469728,14.460000038146973,14.460000038146973,141783000,2363.639892578125
2017-03-01,15.079999923706056,15.09000015258789,14.520000457763672,14.960000038146973,14.960000038146973,73450400,2395.9599609375
2017-03-02,14.59000015258789,14.779999732971191,13.869999885559082,13.899999618530272,13.899999618530272,104330900,2381.919921875
2017-03-03,13.550000190734863,13.579999923706056,12.789999961853027,13.029999732971191,13.029999732971191,163395900,2383.1201171875
2017-03-06,13.0,13.34000015258789,12.380000114440918,13.039999961853027,13.039999961853027,117192600,2375.31005859375
2017-03-07,13.06999969482422,13.369999885559082,12.789999961853027,13.050000190734863,13.050000190734863,76666300,2368.389892578125
2017-03-08,13.25,13.550000190734863,13.100000381469728,13.220000267028809,13.220000267028809,71294700,2362.97998046875
2017-03-09,13.449999809265137,13.449999809265137,13.109999656677246,13.329999923706056,13.329999923706056,45244200,2364.8701171875
2017-03-10,13.5,13.93000030517578,13.449999809265137,13.90999984741211,13.90999984741211,65142200,2372.60009765625
2017-03-13,14.479999542236328,14.68000030517578,14.18000030517578,14.279999732971191,14.279999732971191,73078100,2373.469970703125
2017-03-14,14.0,14.149999618530272,13.640000343322754,14.100000381469728,14.100000381469728,52554500,2365.449951171875
2017-03-15,14.029999732971191,14.0600004196167,13.619999885559082,13.979999542236328,13.979999542236328,55179600,2385.260009765625
2017-03-16,13.789999961853027,13.880000114440918,13.649999618530272,13.649999618530272,13.649999618530272,44494800,2381.3798828125
2017-03-17,13.619999885559082,13.739999771118164,13.359999656677246,13.489999771118164,13.489999771118164,224892300,2378.25
2017-03-20,13.68000030517578,14.5,13.539999961853027,14.399999618530272,14.399999618530272,91565600,2373.469970703125
2017-03-21,14.399999618530272,14.489999771118164,13.779999732971191,13.81999969482422,13.81999969482422,72552700,2344.02001953125
2017-03-22,13.699999809265137,14.149999618530272,13.550000190734863,14.100000381469728,14.100000381469728,61239500,2348.449951171875
2017-03-23,13.960000038146973,14.119999885559082,13.770000457763672,13.789999961853027,13.789999961853027,44549900,2345.9599609375
2017-03-24,14.15999984741211,14.18000030517578,13.539999961853027,13.699999809265137,13.699999809265137,50099500,2343.97998046875
2017-03-27,13.350000381469728,13.779999732971191,13.210000038146973,13.699999809265137,13.699999809265137,42686800,2341.590087890625
2017-03-28,13.75,13.859999656677246,13.550000190734863,13.6899995803833,13.6899995803833,37420200,2358.570068359375
2017-03-29,13.739999771118164,13.869999885559082,13.630000114440918,13.710000038146973,13.710000038146973,37863500,2361.1298828125
2017-03-30,13.729999542236328,14.050000190734863,13.649999618530272,14.050000190734863,14.050000190734863,44132800,2368.06005859375
2017-03-31,14.100000381469728,14.75,14.010000228881836,14.550000190734863,14.550000190734863,84566200,2362.719970703125
2017-04-03,14.600000381469728,14.739999771118164,14.300000190734863,14.640000343322754,14.640000343322754,48423700,2358.840087890625
2017-04-04,14.3100004196167,14.670000076293944,14.029999732971191,14.15999984741211,14.15999984741211,58413000,2360.159912109375
2017-04-05,14.279999732971191,14.640000343322754,14.100000381469728,14.170000076293944,14.170000076293944,58816700,2352.949951171875
2017-04-06,13.420000076293944,13.460000038146973,12.829999923706056,13.270000457763672,13.270000457763672,139500100,2357.489990234375
2017-04-07,13.329999923706056,13.68000030517578,13.220000267028809,13.520000457763672,13.520000457763672,70441000,2355.5400390625
2017-04-10,13.520000457763672,13.59000015258789,13.039999961853027,13.100000381469728,13.100000381469728,47178000,2357.159912109375
2017-04-11,13.020000457763672,13.289999961853027,12.710000038146973,13.100000381469728,13.100000381469728,59916600,2353.780029296875
2017-04-12,12.9399995803833,13.100000381469728,12.739999771118164,12.760000228881836,12.760000228881836,37385400,2344.929931640625
2017-04-13,12.510000228881836,12.720000267028809,12.220000267028809,12.3100004196167,12.3100004196167,53442600,2328.949951171875
2017-04-17,12.529999732971191,12.800000190734863,12.369999885559082,12.789999961853027,12.789999961853027,38188200,2349.010009765625
2017-04-18,12.630000114440918,12.970000267028809,12.579999923706056,12.949999809265137,12.949999809265137,37172000,2342.18994140625
2017-04-19,13.09000015258789,13.210000038146973,12.800000190734863,12.84000015258789,12.84000015258789,36491100,2338.169921875
2017-04-20,12.979999542236328,13.149999618530272,12.880000114440918,13.109999656677246,13.109999656677246,41976100,2355.840087890625
2017-04-21,13.079999923706056,13.119999885559082,12.899999618530272,13.0,13.0,25689600,2348.68994140625
2017-04-24,13.229999542236328,13.229999542236328,13.050000190734863,13.130000114440918,13.130000114440918,36120300,2374.14990234375
2017-04-25,13.239999771118164,13.529999732971191,13.15999984741211,13.489999771118164,13.489999771118164,35881000,2388.610107421875
2017-04-26,13.420000076293944,13.529999732971191,13.220000267028809,13.40999984741211,13.40999984741211,36644500,2387.449951171875
2017-04-27,13.43000030517578,13.699999809265137,13.369999885559082,13.619999885559082,13.619999885559082,31327600,2388.77001953125
2017-04-28,13.729999542236328,13.760000228881836,13.15999984741211,13.300000190734863,13.300000190734863,50376000,2384.199951171875
2017-05-01,13.43000030517578,13.630000114440918,13.25,13.619999885559082,13.619999885559082,68036300,2388.330078125
2017-05-02,11.729999542236328,11.760000228881836,10.300000190734863,10.31999969482422,10.31999969482422,268336500,2391.169921875
2017-05-03,10.289999961853027,10.68000030517578,9.850000381469728,10.390000343322754,10.390000343322754,140899400,2388.1298828125
2017-05-04,10.550000190734863,10.550000190734863,9.9399995803833,10.100000381469728,10.100000381469728,77031400,2389.52001953125
2017-05-05,10.130000114440918,10.260000228881836,9.9399995803833,10.1899995803833,10.1899995803833,51759000,2399.2900390625
2017-05-08,10.220000267028809,10.220000267028809,10.0,10.039999961853027,10.039999961853027,35101100,2399.3798828125
2017-05-09,10.039999961853027,10.399999618530272,10.039999961853027,10.18000030517578,10.18000030517578,51017300,2396.919921875
2017-05-10,10.460000038146973,10.850000381469728,10.449999809265137,10.789999961853027,10.789999961853027,65995900,2399.6298828125
2017-05-11,10.739999771118164,11.260000228881836,10.510000228881836,11.06999969482422,11.06999969482422,72946500,2394.43994140625
2017-05-12,11.199999809265137,11.399999618530272,11.079999923706056,11.260000228881836,11.260000228881836,56072600,2390.89990234375
2017-05-15,11.40999984741211,11.600000381469728,11.300000190734863,11.420000076293944,11.420000076293944,52565000,2402.320068359375
2017-05-16,11.65999984741211,12.770000457763672,11.630000114440918,12.75,12.75,164186900,2400.669921875
2017-05-17,11.8100004196167,12.289999961853027,11.15999984741211,11.199999809265137,11.199999809265137,160109500,2357.030029296875
2017-05-18,10.989999771118164,11.489999771118164,10.8100004196167,11.279999732971191,11.279999732971191,86900100,2365.719970703125
2017-05-19,11.470000267028809,11.619999885559082,11.350000381469728,11.40999984741211,11.40999984741211,50319700,2381.72998046875
2017-05-22,11.489999771118164,11.550000190734863,10.770000457763672,11.039999961853027,11.039999961853027,78696400,2394.02001953125
2017-05-23,10.970000267028809,11.0600004196167,10.619999885559082,10.890000343322754,10.890000343322754,49799600,2398.419921875
2017-05-24,11.050000190734863,11.0600004196167,10.710000038146973,10.890000343322754,10.890000343322754,42903900,2404.389892578125
2017-05-25,11.010000228881836,11.010000228881836,10.800000190734863,10.979999542236328,10.979999542236328,33584300,2415.070068359375
2017-05-26,10.850000381469728,11.020000457763672,10.739999771118164,11.0,11.0,31907600,2415.820068359375
2017-05-30,10.949999809265137,11.270000457763672,10.899999618530272,11.119999885559082,11.119999885559082,35339000,2412.909912109375
2017-05-31,11.289999961853027,11.489999771118164,11.100000381469728,11.1899995803833,11.1899995803833,42929000,2411.800048828125
2017-06-01,11.25,11.289999961853027,10.8100004196167,10.93000030517578,10.93000030517578,48002000,2430.06005859375
2017-06-02,10.93000030517578,10.960000038146973,10.56999969482422,10.899999618530272,10.899999618530272,43056200,2439.070068359375
2017-06-05,10.84000015258789,11.34000015258789,10.800000190734863,11.239999771118164,11.239999771118164,66207300,2436.10009765625
2017-06-06,11.270000457763672,12.239999771118164,11.239999771118164,12.029999732971191,12.029999732971191,114998600,2429.330078125
2017-06-07,12.420000076293944,12.960000038146973,12.229999542236328,12.380000114440918,12.380000114440918,151005900,2433.139892578125
2017-06-08,12.8100004196167,12.90999984741211,12.399999618530272,12.899999618530272,12.899999618530272,89515100,2433.7900390625
2017-06-09,13.100000381469728,13.399999618530272,11.630000114440918,12.279999732971191,12.279999732971191,167454400,2431.77001953125
2017-06-12,11.75,12.350000381469728,11.270000457763672,12.09000015258789,12.09000015258789,125781800,2429.389892578125
2017-06-13,12.329999923706056,12.479999542236328,11.670000076293944,11.960000038146973,11.960000038146973,87302300,2440.35009765625
2017-06-14,11.90999984741211,12.050000190734863,11.649999618530272,11.770000457763672,11.770000457763672,51909400,2437.919921875
2017-06-15,11.34000015258789,11.579999923706056,11.210000038146973,11.5,11.5,61666000,2432.4599609375
2017-06-16,11.65999984741211,11.829999923706056,11.279999732971191,11.4399995803833,11.4399995803833,59779500,2433.14990234375
2017-06-19,11.630000114440918,12.119999885559082,11.619999885559082,11.93000030517578,11.93000030517578,61803600,2453.4599609375
2017-06-20,12.1899995803833,12.93000030517578,12.18000030517578,12.640000343322754,12.640000343322754,118001500,2437.030029296875
2017-06-21,13.359999656677246,14.010000228881836,13.130000114440918,13.979999542236328,13.979999542236328,188796100,2435.610107421875
2017-06-22,14.100000381469728,14.5,13.5600004196167,14.380000114440918,14.380000114440918,149594200,2434.5
2017-06-23,14.149999618530272,14.670000076293944,13.899999618530272,14.170000076293944,14.170000076293944,200777300,2438.300048828125
2017-06-26,14.390000343322754,14.489999771118164,13.84000015258789,14.079999923706056,14.079999923706056,101012500,2439.070068359375
2017-06-27,13.760000228881836,14.039999961853027,13.369999885559082,13.399999618530272,13.399999618530272,89319700,2419.3798828125
2017-06-28,13.649999618530272,13.699999809265137,13.09000015258789,13.229999542236328,13.229999542236328,85266900,2440.68994140625
2017-06-29,13.0600004196167,13.149999618530272,12.449999809265137,12.600000381469728,12.600000381469728,87634400,2419.699951171875
2017-06-30,12.56999969482422,12.829999923706056,12.359999656677246,12.479999542236328,12.479999542236328,59267400,2423.409912109375
2017-07-03,12.56999969482422,12.729999542236328,12.130000114440918,12.149999618530272,12.149999618530272,39929100,2429.010009765625
2017-07-05,12.359999656677246,13.210000038146973,12.31999969482422,13.1899995803833,13.1899995803833,99450200,2432.5400390625
2017-07-06,12.9399995803833,13.31999969482422,12.670000076293944,13.020000457763672,13.020000457763672,88927800,2409.75
2017-07-07,13.270000457763672,13.75,13.18000030517578,13.359999656677246,13.359999656677246,88392100,2425.179931640625
2017-07-10,13.609999656677246,13.880000114440918,13.270000457763672,13.8100004196167,13.8100004196167,78320200,2427.429931640625
2017-07-11,13.770000457763672,14.100000381469728,13.619999885559082,13.890000343322754,13.890000343322754,71102300,2425.530029296875
2017-07-12,14.170000076293944,14.390000343322754,13.960000038146973,14.289999961853027,14.289999961853027,78508400,2443.25
2017-07-13,14.329999923706056,14.489999771118164,13.43000030517578,13.529999732971191,13.529999732971191,111656900,2447.830078125
2017-07-14,13.460000038146973,13.93000030517578,13.31999969482422,13.920000076293944,13.920000076293944,82084600,2459.27001953125
2017-07-17,14.029999732971191,14.119999885559082,13.510000228881836,13.800000190734863,13.800000190734863,71690800,2459.139892578125
2017-07-18,13.289999961853027,13.529999732971191,13.149999618530272,13.479999542236328,13.479999542236328,78366500,2460.610107421875
2017-07-19,13.619999885559082,13.739999771118164,13.40999984741211,13.550000190734863,13.550000190734863,51957800,2473.830078125
2017-07-20,13.609999656677246,13.890000343322754,13.449999809265137,13.800000190734863,13.800000190734863,47707500,2473.449951171875
2017-07-21,13.699999809265137,14.050000190734863,13.619999885559082,13.880000114440918,13.880000114440918,51045700,2472.5400390625
2017-07-24,14.0,14.4399995803833,13.970000267028809,14.15999984741211,14.15999984741211,71014900,2469.909912109375
2017-07-25,14.289999961853027,14.31999969482422,13.869999885559082,14.109999656677246,14.109999656677246,98047400,2477.1298828125
2017-07-26,15.130000114440918,15.649999618530272,14.399999618530272,14.760000228881836,14.760000228881836,236083000,2477.830078125
2017-07-27,14.989999771118164,15.039999961853027,13.699999809265137,14.119999885559082,14.119999885559082,130303700,2475.419921875
2017-07-28,13.850000381469728,14.100000381469728,13.68000030517578,13.949999809265137,13.949999809265137,66763800,2472.10009765625
2017-07-31,14.09000015258789,14.220000267028809,13.470000267028809,13.609999656677246,13.609999656677246,69108700,2470.300048828125
2017-08-01,13.720000267028809,13.859999656677246,13.449999809265137,13.710000038146973,13.710000038146973,49149900,2476.35009765625
2017-08-02,13.8100004196167,13.93000030517578,13.119999885559082,13.369999885559082,13.369999885559082,67502200,2477.570068359375
2017-08-03,13.420000076293944,13.520000457763672,13.079999923706056,13.239999771118164,13.239999771118164,52557400,2472.159912109375
2017-08-04,13.199999809265137,13.359999656677246,13.020000457763672,13.119999885559082,13.119999885559082,64254000,2476.830078125
2017-08-07,13.329999923706056,13.56999969482422,13.270000457763672,13.43000030517578,13.43000030517578,57486800,2480.909912109375
2017-08-08,13.479999542236328,13.550000190734863,13.079999923706056,13.109999656677246,13.109999656677246,47338000,2474.919921875
2017-08-09,12.760000228881836,12.890000343322754,12.539999961853027,12.829999923706056,12.829999923706056,58861500,2474.02001953125
2017-08-10,12.699999809265137,12.920000076293944,12.109999656677246,12.119999885559082,12.119999885559082,83113400,2438.2099609375
2017-08-11,12.039999961853027,12.390000343322754,11.880000114440918,12.229999542236328,12.229999542236328,63558800,2441.320068359375
2017-08-14,12.579999923706056,12.850000381469728,12.579999923706056,12.760000228881836,12.760000228881836,64426100,2465.840087890625
2017-08-15,13.010000228881836,13.140000343322754,12.75,13.020000457763672,13.020000457763672,57990300,2464.610107421875
2017-08-16,13.170000076293944,13.1899995803833,12.520000457763672,12.630000114440918,12.630000114440918,64639400,2468.110107421875
2017-08-17,12.460000038146973,12.649999618530272,12.31999969482422,12.34000015258789,12.34000015258789,47371000,2430.010009765625
2017-08-18,12.43000030517578,12.5600004196167,12.25,12.369999885559082,12.369999885559082,37521700,2425.550048828125
2017-08-21,12.420000076293944,12.420000076293944,11.859999656677246,12.050000190734863,12.050000190734863,58888500,2428.3701171875
2017-08-22,12.199999809265137,12.329999923706056,12.100000381469728,12.170000076293944,12.170000076293944,39033200,2452.510009765625
2017-08-23,12.0,12.539999961853027,11.949999809265137,12.479999542236328,12.479999542236328,44345400,2444.0400390625
2017-08-24,12.6899995803833,12.710000038146973,12.390000343322754,12.5,12.5,37269700,2438.969970703125
2017-08-25,12.510000228881836,12.56999969482422,12.25,12.43000030517578,12.43000030517578,29732000,2443.050048828125
2017-08-28,12.529999732971191,12.550000190734863,12.15999984741211,12.229999542236328,12.229999542236328,35969600,2444.239990234375
2017-08-29,12.0,12.18000030517578,11.93000030517578,12.149999618530272,12.149999618530272,33618100,2446.300048828125
2017-08-30,12.1899995803833,12.68000030517578,12.15999984741211,12.670000076293944,12.670000076293944,43933000,2457.590087890625
2017-08-31,12.81999969482422,13.15999984741211,12.789999961853027,13.0,13.0,51822100,2471.64990234375
2017-09-01,13.119999885559082,13.489999771118164,13.039999961853027,13.1899995803833,13.1899995803833,53158600,2476.550048828125
2017-09-05,12.880000114440918,13.18000030517578,12.649999618530272,12.920000076293944,12.920000076293944,51445500,2457.85009765625
2017-09-06,13.020000457763672,13.079999923706056,12.75,12.859999656677246,12.859999656677246,34182400,2465.5400390625
2017-09-07,12.84000015258789,12.9399995803833,12.600000381469728,12.630000114440918,12.630000114440918,35816900,2465.10009765625
2017-09-08,12.56999969482422,12.609999656677246,12.039999961853027,12.25,12.25,60886200,2461.429931640625
2017-09-11,12.460000038146973,12.739999771118164,12.399999618530272,12.550000190734863,12.550000190734863,43346100,2488.110107421875
2017-09-12,12.65999984741211,12.68000030517578,12.210000038146973,12.300000190734863,12.300000190734863,54413100,2496.47998046875
2017-09-13,12.220000267028809,12.359999656677246,12.119999885559082,12.220000267028809,12.220000267028809,37210700,2498.3701171875
2017-09-14,12.149999618530272,12.460000038146973,12.109999656677246,12.260000228881836,12.260000228881836,37220200,2495.6201171875
2017-09-15,12.329999923706056,12.65999984741211,12.3100004196167,12.520000457763672,12.520000457763672,50337400,2500.22998046875
2017-09-18,12.770000457763672,13.300000190734863,12.739999771118164,13.079999923706056,13.079999923706056,83517400,2503.8701171875
2017-09-19,13.25,13.289999961853027,12.880000114440918,13.119999885559082,13.119999885559082,65455200,2506.64990234375
2017-09-20,13.06999969482422,13.800000190734863,12.800000190734863,13.739999771118164,13.739999771118164,102682400,2508.239990234375
2017-09-21,14.0,14.239999771118164,13.31999969482422,13.40999984741211,13.40999984741211,166821900,2500.60009765625
2017-09-22,13.199999809265137,13.399999618530272,13.119999885559082,13.300000190734863,13.300000190734863,50547000,2502.219970703125
2017-09-25,13.25,13.279999732971191,12.489999771118164,12.609999656677246,12.609999656677246,84172200,2496.659912109375
2017-09-26,12.850000381469728,12.93000030517578,12.43000030517578,12.449999809265137,12.449999809265137,68302000,2496.840087890625
2017-09-27,12.649999618530272,12.869999885559082,12.5,12.739999771118164,12.739999771118164,59947200,2507.0400390625
2017-09-28,12.760000228881836,12.84000015258789,12.550000190734863,12.739999771118164,12.739999771118164,35812300,2510.06005859375
2017-09-29,12.770000457763672,12.81999969482422,12.600000381469728,12.75,12.75,33926900,2519.360107421875
2017-10-02,12.800000190734863,12.850000381469728,12.619999885559082,12.710000038146973,12.710000038146973,34461100,2529.1201171875
2017-10-03,12.729999542236328,13.479999542236328,12.699999809265137,13.420000076293944,13.420000076293944,85174000,2534.580078125
2017-10-04,13.3100004196167,13.5,13.149999618530272,13.3100004196167,13.3100004196167,42303200,2537.739990234375
2017-10-05,13.380000114440918,13.460000038146973,13.210000038146973,13.34000015258789,13.34000015258789,34758600,2552.070068359375
2017-10-06,13.220000267028809,13.390000343322754,13.18000030517578,13.229999542236328,13.229999542236328,28258700,2549.330078125
2017-10-09,13.260000228881836,13.829999923706056,13.260000228881836,13.470000267028809,13.470000267028809,54032500,2544.72998046875
2017-10-10,13.720000267028809,13.789999961853027,13.4399995803833,13.699999809265137,13.699999809265137,43304000,2550.639892578125
2017-10-11,13.619999885559082,13.960000038146973,13.609999656677246,13.880000114440918,13.880000114440918,38746600,2555.239990234375
2017-10-12,13.850000381469728,14.369999885559082,13.8100004196167,14.199999809265137,14.199999809265137,69874100,2550.929931640625
2017-10-13,14.31999969482422,14.40999984741211,14.119999885559082,14.220000267028809,14.220000267028809,37515800,2553.169921875
2017-10-16,14.25,14.350000381469728,14.119999885559082,14.260000228881836,14.260000228881836,34136800,2557.639892578125
2017-10-17,14.239999771118164,14.350000381469728,14.140000343322754,14.15999984741211,14.15999984741211,28995600,2559.360107421875
2017-10-18,14.199999809265137,14.279999732971191,13.760000228881836,14.06999969482422,14.06999969482422,39020300,2561.260009765625
2017-10-19,13.850000381469728,14.039999961853027,13.6899995803833,13.949999809265137,13.949999809265137,33795700,2562.10009765625
2017-10-20,14.029999732971191,14.09000015258789,13.800000190734863,13.8100004196167,13.8100004196167,32538900,2575.2099609375
2017-10-23,13.9399995803833,14.1899995803833,13.899999618530272,14.100000381469728,14.100000381469728,49838000,2564.97998046875
2017-10-24,14.199999809265137,14.359999656677246,14.149999618530272,14.25,14.25,84891600,2569.1298828125
2017-10-25,12.949999809265137,13.130000114440918,12.289999961853027,12.329999923706056,12.329999923706056,166762100,2557.14990234375
2017-10-26,12.449999809265137,12.460000038146973,12.0,12.010000228881836,12.010000228881836,87625400,2560.39990234375
2017-10-27,12.170000076293944,12.1899995803833,11.350000381469728,11.84000015258789,11.84000015258789,115650400,2581.070068359375
2017-10-30,11.260000228881836,11.420000076293944,10.649999618530272,10.890000343322754,10.890000343322754,137785100,2572.830078125
2017-10-31,10.760000228881836,11.3100004196167,10.6899995803833,10.989999771118164,10.989999771118164,78600000,2575.260009765625
2017-11-01,11.25,11.289999961853027,10.720000267028809,10.800000190734863,10.800000190734863,66875500,2579.360107421875
2017-11-02,10.869999885559082,10.989999771118164,10.65999984741211,10.850000381469728,10.850000381469728,47942500,2579.85009765625
2017-11-03,10.949999809265137,11.130000114440918,10.81999969482422,11.119999885559082,11.119999885559082,44264300,2587.840087890625
2017-11-06,12.039999961853027,12.09000015258789,11.640000343322754,11.93000030517578,11.93000030517578,96349800,2591.1298828125
2017-11-07,11.9399995803833,12.270000457763672,11.920000076293944,12.050000190734863,12.050000190734863,67900200,2590.639892578125
2017-11-08,11.9399995803833,11.949999809265137,11.510000228881836,11.710000038146973,11.710000038146973,59065000,2594.3798828125
2017-11-09,11.25,11.350000381469728,11.029999732971191,11.119999885559082,11.119999885559082,76821200,2584.6201171875
2017-11-10,11.220000267028809,11.43000030517578,11.119999885559082,11.260000228881836,11.260000228881836,50209900,2582.300048828125
2017-11-13,11.18000030517578,11.199999809265137,10.920000076293944,11.09000015258789,11.09000015258789,54068300,2584.840087890625
2017-11-14,11.029999732971191,11.260000228881836,11.0,11.119999885559082,11.119999885559082,37245000,2578.8701171875
2017-11-15,11.010000228881836,11.130000114440918,10.770000457763672,11.06999969482422,11.06999969482422,33524700,2564.6201171875
2017-11-16,11.130000114440918,11.31999969482422,11.130000114440918,11.25,11.25,31800400,2585.639892578125
2017-11-17,11.300000190734863,11.75,11.279999732971191,11.380000114440918,11.380000114440918,56775600,2578.85009765625
2017-11-20,11.470000267028809,11.510000228881836,11.1899995803833,11.34000015258789,11.34000015258789,35960200,2582.139892578125
2017-11-21,11.420000076293944,11.489999771118164,11.239999771118164,11.399999618530272,11.399999618530272,31881700,2599.030029296875
2017-11-22,11.40999984741211,11.489999771118164,11.300000190734863,11.369999885559082,11.369999885559082,23816500,2597.080078125
2017-11-24,11.380000114440918,11.420000076293944,11.300000190734863,11.380000114440918,11.380000114440918,11035800,2602.419921875
2017-11-27,11.34000015258789,11.739999771118164,11.34000015258789,11.550000190734863,11.550000190734863,41798300,2601.419921875
2017-11-28,11.449999809265137,11.539999961853027,11.0,11.170000076293944,11.170000076293944,65325700,2627.0400390625
2017-11-29,11.079999923706056,11.170000076293944,10.729999542236328,10.829999923706056,10.829999923706056,63333800,2626.070068359375
2017-11-30,10.869999885559082,11.029999732971191,10.760000228881836,10.890000343322754,10.890000343322754,43205000,2647.580078125
2017-12-01,10.8100004196167,10.970000267028809,10.529999732971191,10.729999542236328,10.729999542236328,42128800,2642.219970703125
2017-12-04,10.850000381469728,10.859999656677246,9.81999969482422,10.029999732971191,10.029999732971191,97328300,2639.43994140625
2017-12-05,9.890000343322754,10.34000015258789,9.699999809265137,9.90999984741211,9.90999984741211,67304100,2629.570068359375
2017-12-06,9.899999618530272,10.050000190734863,9.710000038146973,10.0,10.0,38952200,2629.27001953125
2017-12-07,10.06999969482422,10.1899995803833,9.949999809265137,10.039999961853027,10.039999961853027,32665600,2636.97998046875
2017-12-08,10.149999618530272,10.199999809265137,9.920000076293944,9.9399995803833,9.9399995803833,34897000,2651.5
2017-12-11,9.970000267028809,10.15999984741211,9.960000038146973,10.15999984741211,10.15999984741211,29956400,2659.989990234375
2017-12-12,10.130000114440918,10.140000343322754,9.880000114440918,9.899999618530272,9.899999618530272,36211000,2664.110107421875
2017-12-13,9.970000267028809,10.210000038146973,9.949999809265137,10.109999656677246,10.109999656677246,41494800,2662.85009765625
2017-12-14,10.100000381469728,10.170000076293944,9.960000038146973,10.130000114440918,10.130000114440918,29006800,2652.010009765625
2017-12-15,10.130000114440918,10.31999969482422,10.020000457763672,10.289999961853027,10.289999961853027,45462300,2675.81005859375
2017-12-18,10.600000381469728,11.0,10.510000228881836,10.979999542236328,10.979999542236328,63797700,2690.159912109375
2017-12-19,11.0,11.1899995803833,10.869999885559082,10.949999809265137,10.949999809265137,43852900,2681.469970703125
2017-12-20,11.100000381469728,11.18000030517578,10.800000190734863,10.979999542236328,10.979999542236328,31420300,2679.25
2017-12-21,10.979999542236328,11.079999923706056,10.869999885559082,10.890000343322754,10.890000343322754,21884300,2684.570068359375
2017-12-22,10.75,10.770000457763672,10.199999809265137,10.539999961853027,10.539999961853027,50744500,2683.340087890625
2017-12-26,10.380000114440918,10.579999923706056,10.34000015258789,10.460000038146973,10.460000038146973,20437900,2680.5
2017-12-27,10.449999809265137,10.739999771118164,10.399999618530272,10.529999732971191,10.529999732971191,22921800,2682.6201171875
2017-12-28,10.56999969482422,10.640000343322754,10.43000030517578,10.550000190734863,10.550000190734863,18609400,2687.5400390625
2017-12-29,10.56999969482422,10.579999923706056,10.270000457763672,10.279999732971191,10.279999732971191,26678900,2673.610107421875
2018-01-02,10.420000076293944,11.020000457763672,10.34000015258789,10.979999542236328,10.979999542236328,44146300,2695.81005859375
2018-01-03,11.609999656677246,12.140000343322754,11.359999656677246,11.550000190734863,11.550000190734863,154066700,2713.06005859375
2018-01-04,12.100000381469728,12.43000030517578,11.970000267028809,12.119999885559082,12.119999885559082,109503000,2723.989990234375
2018-01-05,12.1899995803833,12.220000267028809,11.65999984741211,11.880000114440918,11.880000114440918,63808900,2743.14990234375
2018-01-08,12.010000228881836,12.300000190734863,11.850000381469728,12.279999732971191,12.279999732971191,63346000,2747.7099609375
2018-01-09,12.0,12.020000457763672,11.710000038146973,11.81999969482422,11.81999969482422,62560900,2751.2900390625
2018-01-10,11.630000114440918,12.149999618530272,11.5600004196167,11.960000038146973,11.960000038146973,52561200,2748.22998046875
2018-01-11,12.06999969482422,12.1899995803833,11.899999618530272,12.140000343322754,12.140000343322754,38354900,2767.56005859375
2018-01-12,11.81999969482422,12.06999969482422,11.800000190734863,12.020000457763672,12.020000457763672,47149300,2786.239990234375
2018-01-16,12.050000190734863,12.199999809265137,11.800000190734863,11.90999984741211,11.90999984741211,42686600,2776.419921875
2018-01-17,11.899999618530272,12.1899995803833,11.81999969482422,12.18000030517578,12.18000030517578,39020800,2802.56005859375
2018-01-18,12.18000030517578,12.68000030517578,12.149999618530272,12.470000267028809,12.470000267028809,62086200,2798.030029296875
2018-01-19,12.5600004196167,12.880000114440918,12.539999961853027,12.59000015258789,12.59000015258789,46800700,2810.300048828125
2018-01-22,12.609999656677246,12.739999771118164,12.369999885559082,12.649999618530272,12.649999618530272,34758600,2832.969970703125
2018-01-23,12.81999969482422,13.0,12.760000228881836,12.9399995803833,12.9399995803833,46417200,2839.1298828125
2018-01-24,13.020000457763672,13.050000190734863,12.600000381469728,12.710000038146973,12.710000038146973,41956400,2837.5400390625
2018-01-25,12.779999732971191,12.9399995803833,12.31999969482422,12.40999984741211,12.40999984741211,42966600,2839.25
2018-01-26,12.699999809265137,12.949999809265137,12.619999885559082,12.949999809265137,12.949999809265137,44239000,2872.8701171875
2018-01-29,13.130000114440918,13.470000267028809,13.050000190734863,13.31999969482422,13.31999969482422,66645400,2853.530029296875
2018-01-30,13.119999885559082,13.270000457763672,12.6899995803833,12.869999885559082,12.869999885559082,91236400,2822.429931640625
2018-01-31,13.239999771118164,13.850000381469728,13.149999618530272,13.739999771118164,13.739999771118164,140977800,2823.81005859375
2018-02-01,13.619999885559082,13.84000015258789,13.210000038146973,13.25,13.25,67543300,2821.97998046875
2018-02-02,13.050000190734863,13.0600004196167,12.43000030517578,12.449999809265137,12.449999809265137,79432600,2762.1298828125
2018-02-05,12.050000190734863,12.18000030517578,10.93000030517578,11.56999969482422,11.56999969482422,116568900,2648.93994140625
2018-02-06,11.039999961853027,11.739999771118164,11.0,11.649999618530272,11.649999618530272,87123200,2695.139892578125
2018-02-07,11.699999809265137,11.899999618530272,11.529999732971191,11.600000381469728,11.600000381469728,55758400,2681.659912109375
2018-02-08,11.720000267028809,11.850000381469728,11.210000038146973,11.220000267028809,11.220000267028809,56471800,2581.0
2018-02-09,11.539999961853027,11.56999969482422,10.630000114440918,11.3100004196167,11.3100004196167,85458200,2619.550048828125
2018-02-12,11.470000267028809,11.800000190734863,11.43000030517578,11.68000030517578,11.68000030517578,63160900,2656.0
2018-02-13,11.600000381469728,11.81999969482422,11.529999732971191,11.779999732971191,11.779999732971191,33661400,2662.93994140625
2018-02-14,11.720000267028809,12.3100004196167,11.630000114440918,12.199999809265137,12.199999809265137,51756800,2698.6298828125
2018-02-15,12.399999618530272,12.630000114440918,12.06999969482422,12.1899995803833,12.1899995803833,59593800,2731.199951171875
2018-02-16,12.109999656677246,12.229999542236328,11.81999969482422,11.81999969482422,11.81999969482422,47332300,2732.219970703125
2018-02-20,11.720000267028809,12.1899995803833,11.710000038146973,12.020000457763672,12.020000457763672,47096500,2716.260009765625
2018-02-21,12.119999885559082,12.119999885559082,11.720000267028809,11.720000267028809,11.720000267028809,40195800,2701.330078125
2018-02-22,11.81999969482422,12.0,11.630000114440918,11.84000015258789,11.84000015258789,37886300,2703.9599609375
2018-02-23,11.949999809265137,12.15999984741211,11.9399995803833,12.06999969482422,12.06999969482422,33317600,2747.300048828125
2018-02-26,12.140000343322754,12.43000030517578,12.050000190734863,12.420000076293944,12.420000076293944,42265200,2779.60009765625
2018-02-27,12.43000030517578,12.880000114440918,12.390000343322754,12.529999732971191,12.529999732971191,55975300,2744.280029296875
2018-02-28,12.65999984741211,12.729999542236328,12.100000381469728,12.109999656677246,12.109999656677246,43387500,2713.830078125
2018-03-01,12.260000228881836,12.270000457763672,11.65999984741211,11.899999618530272,11.899999618530272,63207400,2677.669921875
2018-03-02,11.670000076293944,11.93000030517578,11.43000030517578,11.8100004196167,11.8100004196167,58123500,2691.25
2018-03-05,11.6899995803833,12.0600004196167,11.609999656677246,11.90999984741211,11.90999984741211,43734800,2720.93994140625
2018-03-06,12.010000228881836,12.050000190734863,11.710000038146973,11.760000228881836,11.760000228881836,46751200,2728.1201171875
2018-03-07,11.579999923706056,12.81999969482422,11.550000190734863,12.239999771118164,12.239999771118164,127603200,2726.800048828125
2018-03-08,12.399999618530272,12.59000015258789,11.739999771118164,11.970000267028809,11.970000267028809,76011200,2738.969970703125
2018-03-09,12.029999732971191,12.039999961853027,11.579999923706056,11.699999809265137,11.699999809265137,89674400,2786.570068359375
2018-03-12,11.760000228881836,11.81999969482422,11.479999542236328,11.520000457763672,11.520000457763672,83748700,2783.02001953125
2018-03-13,11.5,12.039999961853027,11.100000381469728,11.640000343322754,11.640000343322754,174302600,2765.31005859375
2018-03-14,11.699999809265137,11.720000267028809,11.260000228881836,11.359999656677246,11.359999656677246,80540800,2749.47998046875
2018-03-15,11.43000030517578,11.550000190734863,11.1899995803833,11.460000038146973,11.460000038146973,66373900,2747.330078125
2018-03-16,11.489999771118164,11.550000190734863,11.31999969482422,11.470000267028809,11.470000267028809,37591000,2752.010009765625
2018-03-19,11.40999984741211,11.739999771118164,11.350000381469728,11.43000030517578,11.43000030517578,53308600,2712.919921875
2018-03-20,11.40999984741211,11.520000457763672,11.0,11.109999656677246,11.109999656677246,65116900,2716.93994140625
2018-03-21,11.15999984741211,11.34000015258789,11.109999656677246,11.260000228881836,11.260000228881836,44691700,2711.929931640625
2018-03-22,11.100000381469728,11.260000228881836,10.850000381469728,10.90999984741211,10.90999984741211,59944200,2643.68994140625
2018-03-23,10.90999984741211,10.970000267028809,10.56999969482422,10.630000114440918,10.630000114440918,54844500,2588.260009765625
2018-03-26,10.710000038146973,10.800000190734863,10.18000030517578,10.4399995803833,10.4399995803833,75878500,2658.550048828125
2018-03-27,10.510000228881836,10.59000015258789,9.899999618530272,10.0,10.0,68551300,2612.6201171875
2018-03-28,9.989999771118164,10.170000076293944,9.789999961853027,9.8100004196167,9.8100004196167,64832100,2605.0
2018-03-29,9.9399995803833,10.079999923706056,9.8100004196167,10.050000190734863,10.050000190734863,48681400,2640.8701171875
2018-04-02,9.989999771118164,10.140000343322754,9.510000228881836,9.529999732971191,9.529999732971191,64824600,2581.8798828125
2018-04-03,9.630000114440918,9.770000457763672,9.300000190734863,9.550000190734863,9.550000190734863,54891600,2614.449951171875
2018-04-04,9.079999923706056,9.8100004196167,9.039999961853027,9.770000457763672,9.770000457763672,67356900,2644.68994140625
2018-04-05,10.050000190734863,10.199999809265137,9.90999984741211,10.020000457763672,10.020000457763672,65758800,2662.840087890625
2018-04-06,9.829999923706056,10.100000381469728,9.5,9.609999656677246,9.609999656677246,51087100,2604.469970703125
2018-04-09,9.75,9.84000015258789,9.520000457763672,9.529999732971191,9.529999732971191,38382600,2613.159912109375
2018-04-10,9.75,10.039999961853027,9.710000038146973,9.979999542236328,9.979999542236328,42849200,2656.8701171875
2018-04-11,9.869999885559082,10.029999732971191,9.789999961853027,9.81999969482422,9.81999969482422,29169300,2642.18994140625
2018-04-12,9.979999542236328,10.100000381469728,9.81999969482422,10.079999923706056,10.079999923706056,47784400,2663.989990234375
2018-04-13,10.199999809265137,10.220000267028809,9.880000114440918,9.93000030517578,9.93000030517578,38935700,2656.300048828125
2018-04-16,10.0,10.170000076293944,9.899999618530272,10.09000015258789,10.09000015258789,28875100,2677.840087890625
2018-04-17,10.279999732971191,10.529999732971191,10.199999809265137,10.520000457763672,10.520000457763672,45360300,2706.389892578125
2018-04-18,10.510000228881836,10.649999618530272,10.329999923706056,10.359999656677246,10.359999656677246,42449600,2708.639892578125
2018-04-19,10.18000030517578,10.329999923706056,9.989999771118164,10.109999656677246,10.109999656677246,57841600,2693.1298828125
2018-04-20,10.050000190734863,10.140000343322754,9.949999809265137,9.989999771118164,9.989999771118164,39011900,2670.139892578125
2018-04-23,10.09000015258789,10.1899995803833,9.970000267028809,10.039999961853027,10.039999961853027,42971300,2670.2900390625
2018-04-24,10.1899995803833,10.350000381469728,9.949999809265137,10.09000015258789,10.09000015258789,44992200,2634.56005859375
2018-04-25,10.0600004196167,10.09000015258789,9.5600004196167,9.710000038146973,9.710000038146973,90578000,2639.39990234375
2018-04-26,10.869999885559082,11.1899995803833,10.609999656677246,11.039999961853027,11.039999961853027,145284100,2666.93994140625
2018-04-27,11.199999809265137,11.359999656677246,11.020000457763672,11.109999656677246,11.109999656677246,74347800,2669.909912109375
2018-04-30,11.0600004196167,11.140000343322754,10.869999885559082,10.880000114440918,10.880000114440918,50608800,2648.050048828125
2018-05-01,10.829999923706056,11.149999618530272,10.770000457763672,11.130000114440918,11.130000114440918,43441600,2654.800048828125
2018-05-02,11.100000381469728,11.15999984741211,10.970000267028809,10.970000267028809,10.970000267028809,29267300,2635.669921875
2018-05-03,10.899999618530272,11.0600004196167,10.829999923706056,10.93000030517578,10.93000030517578,33310600,2629.72998046875
2018-05-04,10.880000114440918,11.289999961853027,10.869999885559082,11.279999732971191,11.279999732971191,47884900,2663.419921875
2018-05-07,11.31999969482422,11.68000030517578,11.300000190734863,11.59000015258789,11.59000015258789,54001700,2672.6298828125
2018-05-08,11.489999771118164,11.65999984741211,11.399999618530272,11.609999656677246,11.609999656677246,35218400,2671.919921875
2018-05-09,11.649999618530272,11.979999542236328,11.56999969482422,11.949999809265137,11.949999809265137,49605700,2697.7900390625
2018-05-10,11.979999542236328,12.18000030517578,11.949999809265137,12.130000114440918,12.130000114440918,49744500,2723.070068359375
2018-05-11,11.890000343322754,12.029999732971191,11.6899995803833,11.949999809265137,11.949999809265137,43863700,2727.719970703125
2018-05-14,12.140000343322754,12.359999656677246,12.109999656677246,12.229999542236328,12.229999542236328,50263800,2730.1298828125
2018-05-15,12.18000030517578,12.460000038146973,12.15999984741211,12.449999809265137,12.449999809265137,44183200,2711.449951171875
2018-05-16,12.640000343322754,12.979999542236328,12.619999885559082,12.81999969482422,12.81999969482422,73364000,2722.4599609375
2018-05-17,12.789999961853027,12.899999618530272,12.65999984741211,12.81999969482422,12.81999969482422,38692500,2720.1298828125
2018-05-18,13.0600004196167,13.260000228881836,12.90999984741211,13.0,13.0,54063400,2712.969970703125
2018-05-21,13.25,13.3100004196167,12.880000114440918,12.989999771118164,12.989999771118164,49714200,2733.010009765625
2018-05-22,13.0,13.140000343322754,12.710000038146973,12.979999542236328,12.979999542236328,43267000,2724.43994140625
2018-05-23,12.93000030517578,13.18000030517578,12.899999618530272,13.100000381469728,13.100000381469728,44517800,2733.2900390625
2018-05-24,13.0600004196167,13.43000030517578,13.029999732971191,13.40999984741211,13.40999984741211,47785700,2727.760009765625
2018-05-25,13.399999618530272,13.720000267028809,13.359999656677246,13.539999961853027,13.539999961853027,43850100,2721.330078125
2018-05-29,13.449999809265137,13.630000114440918,13.260000228881836,13.359999656677246,13.359999656677246,39578500,2689.860107421875
2018-05-30,13.479999542236328,13.949999809265137,13.479999542236328,13.81999969482422,13.81999969482422,58186400,2724.010009765625
2018-05-31,13.739999771118164,13.93000030517578,13.6899995803833,13.729999542236328,13.729999542236328,46797700,2705.27001953125
2018-06-01,13.979999542236328,14.399999618530272,13.920000076293944,14.399999618530272,14.399999618530272,71677900,2734.6201171875
2018-06-04,14.760000228881836,14.979999542236328,14.520000457763672,14.850000381469728,14.850000381469728,74546000,2746.8701171875
2018-06-05,14.850000381469728,14.920000076293944,14.630000114440918,14.850000381469728,14.850000381469728,56122700,2748.800048828125
2018-06-06,15.06999969482422,15.739999771118164,15.039999961853027,15.670000076293944,15.670000076293944,97089000,2772.35009765625
2018-06-07,15.829999923706056,15.970000267028809,14.850000381469728,14.890000343322754,14.890000343322754,99860300,2770.3701171875
2018-06-08,14.520000457763672,15.329999923706056,14.3100004196167,15.25,15.25,81930500,2779.030029296875
2018-06-11,15.210000038146973,15.890000343322754,15.010000228881836,15.729999542236328,15.729999542236328,80737600,2782.0
2018-06-12,15.84000015258789,15.949999809265137,15.43000030517578,15.850000381469728,15.850000381469728,67002600,2786.85009765625
2018-06-13,15.8100004196167,16.520000457763672,15.779999732971191,16.31999969482422,16.31999969482422,90227300,2775.6298828125
2018-06-14,16.6200008392334,16.790000915527344,15.579999923706056,16.25,16.25,113048600,2782.489990234375
2018-06-15,16.059999465942383,16.520000457763672,15.81999969482422,16.34000015258789,16.34000015258789,77612200,2779.659912109375
2018-06-18,16.18000030517578,17.34000015258789,16.1299991607666,17.110000610351562,17.110000610351562,104317400,2773.75
2018-06-19,16.850000381469727,17.290000915527344,16.309999465942383,16.690000534057617,16.690000534057617,92542900,2762.590087890625
2018-06-20,16.829999923706055,17.1299991607666,16.3700008392334,16.520000457763672,16.520000457763672,76280600,2767.320068359375
2018-06-21,16.649999618530273,16.8700008392334,15.460000038146973,15.649999618530272,15.649999618530272,95638400,2749.760009765625
2018-06-22,15.779999732971191,15.90999984741211,15.5600004196167,15.800000190734863,15.800000190734863,59257100,2754.8798828125
2018-06-25,15.640000343322754,15.739999771118164,14.539999961853027,15.109999656677246,15.109999656677246,94418400,2717.070068359375
2018-06-26,15.31999969482422,15.600000381469728,15.100000381469728,15.5,15.5,54213500,2723.06005859375
2018-06-27,15.649999618530272,15.760000228881836,14.960000038146973,14.970000267028809,14.970000267028809,56014300,2699.6298828125
2018-06-28,14.850000381469728,15.359999656677246,14.75,15.3100004196167,15.3100004196167,48716800,2716.31005859375
2018-06-29,15.40999984741211,15.489999771118164,14.979999542236328,14.989999771118164,14.989999771118164,41527800,2718.3701171875
2018-07-02,14.800000190734863,15.18000030517578,14.739999771118164,15.15999984741211,15.15999984741211,43398800,2726.7099609375
2018-07-03,15.210000038146973,15.34000015258789,14.960000038146973,15.0,15.0,32094000,2713.219970703125
2018-07-05,15.130000114440918,15.5,15.020000457763672,15.5,15.5,40703300,2736.610107421875
2018-07-06,15.520000457763672,16.389999389648438,15.479999542236328,16.360000610351562,16.360000610351562,65101700,2759.820068359375
2018-07-09,16.729999542236328,16.84000015258789,16.170000076293945,16.610000610351562,16.610000610351562,58525500,2784.169921875
2018-07-10,16.59000015258789,16.649999618530273,16.309999465942383,16.549999237060547,16.549999237060547,37093000,2793.840087890625
2018-07-11,16.149999618530273,16.530000686645508,16.020000457763672,16.270000457763672,16.270000457763672,42544100,2774.02001953125
2018-07-12,16.40999984741211,16.790000915527344,16.3799991607666,16.559999465942383,16.559999465942383,44188100,2798.2900390625
2018-07-13,16.68000030517578,16.690000534057617,16.219999313354492,16.270000457763672,16.270000457763672,40614100,2801.31005859375
2018-07-16,16.420000076293945,17.0,16.40999984741211,16.579999923706055,16.579999923706055,65275300,2798.429931640625
2018-07-17,16.5,16.8799991607666,16.479999542236328,16.8700008392334,16.8700008392334,42313500,2809.550048828125
2018-07-18,16.940000534057617,16.989999771118164,16.549999237060547,16.850000381469727,16.850000381469727,40881500,2815.6201171875
2018-07-19,16.709999084472656,16.8799991607666,16.549999237060547,16.709999084472656,16.709999084472656,41267800,2804.489990234375
2018-07-20,16.65999984741211,16.8799991607666,16.440000534057617,16.5,16.5,42879800,2801.830078125
2018-07-23,16.469999313354492,16.68000030517578,15.899999618530272,16.65999984741211,16.65999984741211,44940800,2806.97998046875
2018-07-24,16.75,16.860000610351562,16.110000610351562,16.190000534057617,16.190000534057617,58201500,2820.39990234375
2018-07-25,16.299999237060547,16.389999389648438,15.720000267028809,16.049999237060547,16.049999237060547,82604900,2846.070068359375
2018-07-26,17.15999984741211,18.450000762939453,16.829999923706055,18.350000381469727,18.350000381469727,192661100,2837.43994140625
2018-07-27,19.06999969482422,19.8799991607666,18.309999465942383,18.940000534057617,18.940000534057617,161903800,2818.820068359375
2018-07-30,19.399999618530277,20.18000030517578,19.309999465942383,19.420000076293945,19.420000076293945,160823400,2802.60009765625
2018-07-31,19.350000381469727,19.5,18.270000457763672,18.32999992370605,18.32999992370605,118403400,2816.2900390625
2018-08-01,18.34000015258789,18.950000762939453,18.31999969482422,18.479999542236328,18.479999542236328,75495200,2813.360107421875
2018-08-02,18.170000076293945,18.82999992370605,18.0,18.790000915527344,18.790000915527344,52867100,2827.219970703125
2018-08-03,18.940000534057617,19.059999465942383,18.3700008392334,18.489999771118164,18.489999771118164,53232100,2840.35009765625
2018-08-06,18.88999938964844,19.440000534057617,18.459999084472656,19.43000030517578,19.43000030517578,83579700,2850.39990234375
2018-08-07,19.530000686645508,19.709999084472656,19.07999992370605,19.559999465942383,19.559999465942383,72822600,2858.449951171875
2018-08-08,19.459999084472656,19.770000457763672,19.26000022888184,19.57999992370605,19.57999992370605,52081400,2857.699951171875
2018-08-09,19.57999992370605,19.709999084472656,19.07999992370605,19.100000381469727,19.100000381469727,46653400,2853.580078125
2018-08-10,19.09000015258789,19.479999542236328,18.850000381469727,19.059999465942383,19.059999465942383,65821100,2833.280029296875
2018-08-13,19.15999984741211,19.93000030517578,19.1200008392334,19.729999542236328,19.729999542236328,81411300,2821.929931640625
2018-08-14,19.96999931335449,20.280000686645508,19.6299991607666,20.020000457763672,20.020000457763672,89195500,2839.9599609375
2018-08-15,19.86000061035156,20.100000381469727,19.200000762939453,19.700000762939453,19.700000762939453,86355700,2818.3701171875
2018-08-16,19.86000061035156,20.06999969482422,19.25,19.32999992370605,19.32999992370605,69733700,2840.68994140625
2018-08-17,19.1200008392334,19.81999969482422,18.729999542236328,19.770000457763672,19.770000457763672,60616600,2850.1298828125
2018-08-20,19.790000915527344,20.07999992370605,19.350000381469727,19.979999542236328,19.979999542236328,62983200,2857.050048828125
2018-08-21,19.979999542236328,20.420000076293945,19.86000061035156,20.399999618530277,20.399999618530277,55629000,2862.9599609375
2018-08-22,20.280000686645508,20.920000076293945,20.209999084472656,20.899999618530277,20.899999618530277,62002700,2861.820068359375
2018-08-23,21.190000534057617,22.31999969482422,21.13999938964844,22.290000915527344,22.290000915527344,113444100,2856.97998046875
2018-08-24,22.90999984741211,24.0,22.670000076293945,23.979999542236328,23.979999542236328,164328200,2874.68994140625
2018-08-27,24.940000534057617,27.299999237060547,24.6299991607666,25.26000022888184,25.26000022888184,325058400,2896.739990234375
2018-08-28,25.51000022888184,26.18000030517578,24.040000915527344,25.049999237060547,25.049999237060547,215771200,2897.52001953125
2018-08-29,24.36000061035156,25.40999984741211,24.01000022888184,25.200000762939453,25.200000762939453,143223200,2914.0400390625
2018-08-30,25.290000915527344,25.670000076293945,24.76000022888184,24.88999938964844,24.88999938964844,103607300,2901.1298828125
2018-08-31,24.88999938964844,25.239999771118164,24.71999931335449,25.170000076293945,25.170000076293945,65206400,2901.52001953125
2018-09-04,25.6200008392334,28.11000061035156,25.56999969482422,28.059999465942383,28.059999465942383,192541300,2896.719970703125
2018-09-05,29.40999984741211,29.940000534057617,26.84000015258789,28.51000022888184,28.51000022888184,257349000,2888.60009765625
2018-09-06,28.1200008392334,28.57999992370605,27.190000534057617,27.84000015258789,27.84000015258789,143942900,2878.050048828125
2018-09-07,26.959999084472656,28.270000457763672,26.799999237060547,27.3799991607666,27.3799991607666,123348700,2871.679931640625
2018-09-10,28.149999618530277,29.93000030517578,27.84000015258789,29.88999938964844,29.88999938964844,162253800,2877.1298828125
2018-09-11,30.020000457763672,30.59000015258789,29.3700008392334,30.100000381469727,30.100000381469727,159902500,2887.889892578125
2018-09-12,29.90999984741211,32.290000915527344,29.450000762939453,32.209999084472656,32.209999084472656,197889600,2888.919921875
2018-09-13,33.15999984741211,34.13999938964844,29.8700008392334,30.479999542236328,30.479999542236328,304147100,2904.179931640625
2018-09-14,31.43000030517578,33.09000015258789,30.540000915527344,32.720001220703125,32.720001220703125,217762800,2904.97998046875
2018-09-17,31.75,33.22999954223633,31.600000381469727,32.43000030517578,32.43000030517578,180410600,2888.800048828125
2018-09-18,32.9900016784668,33.369998931884766,31.200000762939453,31.93000030517578,31.93000030517578,176673200,2904.31005859375
2018-09-19,31.520000457763672,31.82999992370605,30.51000022888184,31.209999084472656,31.209999084472656,124287000,2907.949951171875
2018-09-20,32.099998474121094,32.20000076293945,30.63999938964844,31.18000030517578,31.18000030517578,123116500,2930.75
2018-09-21,31.190000534057617,32.41999816894531,30.90999984741211,31.020000457763672,31.020000457763672,129792900,2929.669921875
2018-09-24,31.1299991607666,32.650001525878906,30.90999984741211,32.61000061035156,32.61000061035156,118332600,2919.3701171875
2018-09-25,33.18000030517578,33.599998474121094,32.189998626708984,32.56999969482422,32.56999969482422,118570200,2915.56005859375
2018-09-26,32.400001525878906,32.599998474121094,31.71999931335449,32.189998626708984,32.189998626708984,79347300,2905.969970703125
2018-09-27,31.86000061035156,32.630001068115234,31.38999938964844,32.59000015258789,32.59000015258789,87934400,2914.0
2018-09-28,32.2400016784668,32.779998779296875,29.979999542236328,30.88999938964844,30.88999938964844,165453500,2913.97998046875
2018-10-01,30.690000534057617,31.90999984741211,30.25,31.420000076293945,31.420000076293945,94742900,2924.590087890625
2018-10-02,30.729999542236328,30.81999969482422,28.649999618530277,29.020000457763672,29.020000457763672,145276500,2923.429931640625
2018-10-03,29.040000915527344,29.21999931335449,26.540000915527344,28.43000030517578,28.43000030517578,190137200,2925.510009765625
2018-10-04,27.989999771118164,28.82999992370605,27.3700008392334,27.780000686645508,27.780000686645508,95831200,2901.610107421875
2018-10-05,28.06999969482422,28.46999931335449,26.93000030517578,27.350000381469727,27.350000381469727,88008500,2885.570068359375
2018-10-08,26.729999542236328,27.540000915527344,25.959999084472656,26.459999084472656,26.459999084472656,103789500,2884.429931640625
2018-10-09,26.149999618530277,27.709999084472656,26.0,27.239999771118164,27.239999771118164,105461800,2880.340087890625
2018-10-10,27.3799991607666,27.399999618530277,24.90999984741211,25.0,25.0,147682900,2785.679931640625
2018-10-11,24.739999771118164,26.200000762939453,24.549999237060547,25.299999237060547,25.299999237060547,147013800,2728.3701171875
2018-10-12,26.770000457763672,26.96999931335449,25.670000076293945,26.34000015258789,26.34000015258789,111059400,2767.1298828125
2018-10-15,26.3799991607666,26.770000457763672,25.75,26.26000022888184,26.26000022888184,70523500,2750.7900390625
2018-10-16,26.6299991607666,28.229999542236328,26.170000076293945,28.18000030517578,28.18000030517578,92529000,2809.919921875
2018-10-17,28.40999984741211,28.530000686645508,26.920000076293945,27.299999237060547,27.299999237060547,89466900,2809.2099609375
2018-10-18,27.07999992370605,27.75,26.399999618530277,26.6200008392334,26.6200008392334,79623700,2768.780029296875
2018-10-19,27.030000686645508,27.100000381469727,23.600000381469727,23.65999984741211,23.65999984741211,130799900,2767.780029296875
2018-10-22,24.459999084472656,25.63999938964844,24.09000015258789,25.030000686645508,25.030000686645508,114158900,2755.8798828125
2018-10-23,24.18000030517578,25.26000022888184,23.850000381469727,25.09000015258789,25.09000015258789,101763000,2740.68994140625
2018-10-24,25.040000915527344,25.100000381469727,22.75,22.790000915527344,22.790000915527344,134489100,2656.10009765625
2018-10-25,17.920000076293945,20.149999618530277,17.719999313354492,19.270000457763672,19.270000457763672,189173700,2705.570068359375
2018-10-26,18.489999771118164,18.780000686645508,17.049999237060547,17.6299991607666,17.6299991607666,119689000,2658.68994140625
2018-10-29,18.209999084472656,18.229999542236328,16.270000457763672,16.850000381469727,16.850000381469727,94479600,2641.25
2018-10-30,16.3799991607666,17.239999771118164,16.170000076293945,17.200000762939453,17.200000762939453,99049400,2682.6298828125
2018-10-31,17.8700008392334,18.34000015258789,17.1200008392334,18.209999084472656,18.209999084472656,110463700,2711.739990234375
2018-11-01,18.40999984741211,20.32999992370605,18.07999992370605,20.21999931335449,20.21999931335449,136896500,2740.3701171875
2018-11-02,20.59000015258789,21.059999465942383,19.46999931335449,20.229999542236328,20.229999542236328,123788000,2723.06005859375
2018-11-05,20.1200008392334,20.18000030517578,18.8799991607666,19.899999618530277,19.899999618530277,108016700,2738.31005859375
2018-11-06,19.5,21.649999618530277,19.479999542236328,20.68000030517578,20.68000030517578,144995700,2755.449951171875
2018-11-07,21.420000076293945,22.21999931335449,21.06999969482422,21.84000015258789,21.84000015258789,121115800,2813.889892578125
2018-11-08,21.770000457763672,22.07999992370605,20.96999931335449,21.200000762939453,21.200000762939453,92387600,2806.830078125
2018-11-09,20.770000457763672,21.190000534057617,20.11000061035156,21.030000686645508,21.030000686645508,85900700,2781.010009765625
2018-11-12,20.68000030517578,20.850000381469727,18.799999237060547,19.030000686645508,19.030000686645508,95948200,2726.219970703125
2018-11-13,19.280000686645508,20.020000457763672,18.96999931335449,19.61000061035156,19.61000061035156,76126000,2722.179931640625
2018-11-14,20.18000030517578,21.11000061035156,19.76000022888184,20.809999465942383,20.809999465942383,106344300,2701.580078125
2018-11-15,20.71999931335449,21.770000457763672,20.420000076293945,21.489999771118164,21.489999771118164,97715500,2730.199951171875
2018-11-16,19.8700008392334,20.96999931335449,19.71999931335449,20.65999984741211,20.65999984741211,112376600,2736.27001953125
2018-11-19,20.399999618530277,20.59000015258789,19.09000015258789,19.11000061035156,19.11000061035156,93578200,2690.72998046875
2018-11-20,17.399999618530273,19.57999992370605,17.18000030517578,19.209999084472656,19.209999084472656,109869400,2641.889892578125
2018-11-21,20.049999237060547,20.309999465942383,18.5,18.729999542236328,18.729999542236328,81585600,2649.929931640625
2018-11-23,18.61000061035156,19.82999992370605,18.559999465942383,19.3799991607666,19.3799991607666,54611300,2632.56005859375
2018-11-26,19.959999084472656,20.190000534057617,19.11000061035156,20.07999992370605,20.07999992370605,83211000,2673.449951171875
2018-11-27,19.770000457763672,21.450000762939453,19.729999542236328,21.049999237060547,21.049999237060547,119230100,2682.169921875
2018-11-28,21.81999969482422,21.8799991607666,20.18000030517578,21.34000015258789,21.34000015258789,134425300,2743.7900390625
2018-11-29,21.190000534057617,21.61000061035156,20.729999542236328,21.43000030517578,21.43000030517578,79853700,2737.800048828125
2018-11-30,21.299999237060547,21.36000061035156,20.520000457763672,21.299999237060547,21.299999237060547,82370700,2760.169921875
2018-12-03,22.479999542236328,23.75,22.3700008392334,23.709999084472656,23.709999084472656,139607400,2790.3701171875
2018-12-04,23.350000381469727,23.420000076293945,21.06999969482422,21.1200008392334,21.1200008392334,127392900,2700.06005859375
2018-12-06,20.21999931335449,21.40999984741211,20.059999465942383,21.299999237060547,21.299999237060547,103434700,2695.949951171875
2018-12-07,21.299999237060547,21.3799991607666,19.170000076293945,19.459999084472656,19.459999084472656,105764500,2633.080078125
2018-12-10,19.350000381469727,20.1299991607666,19.270000457763672,19.989999771118164,19.989999771118164,77984500,2637.719970703125
2018-12-11,20.709999084472656,21.13999938964844,19.690000534057617,19.979999542236328,19.979999542236328,88027400,2636.780029296875
2018-12-12,20.31999969482422,21.020000457763672,19.709999084472656,20.479999542236328,20.479999542236328,100340700,2651.070068359375
2018-12-13,20.6299991607666,20.8700008392334,19.76000022888184,19.86000061035156,19.86000061035156,88108300,2650.5400390625
2018-12-14,19.57999992370605,20.700000762939453,19.520000457763672,19.899999618530277,19.899999618530277,84713600,2599.949951171875
2018-12-17,20.01000022888184,20.020000457763672,18.63999938964844,18.82999992370605,18.82999992370605,115437900,2545.93994140625
2018-12-18,19.149999618530277,19.84000015258789,18.8799991607666,19.5,19.5,101512900,2546.159912109375
2018-12-19,19.440000534057617,19.71999931335449,18.0,18.15999984741211,18.15999984741211,120644500,2506.9599609375
2018-12-20,18.11000061035156,18.86000061035156,17.34000015258789,17.940000534057617,17.940000534057617,119394500,2467.419921875
2018-12-21,18.1200008392334,18.34000015258789,16.760000228881836,16.93000030517578,16.93000030517578,132246000,2416.6201171875
2018-12-24,16.520000457763672,17.219999313354492,16.3700008392334,16.649999618530273,16.649999618530273,62933100,2351.10009765625
2018-12-26,16.8799991607666,17.90999984741211,16.030000686645508,17.899999618530273,17.899999618530273,108811800,2467.699951171875
2018-12-27,17.43000030517578,17.739999771118164,16.440000534057617,17.489999771118164,17.489999771118164,111373000,2488.830078125
2018-12-28,17.530000686645508,18.309999465942383,17.139999389648438,17.81999969482422,17.81999969482422,109214400,2485.739990234375
2018-12-31,18.149999618530277,18.51000022888184,17.850000381469727,18.459999084472656,18.459999084472656,84732200,2506.85009765625
2019-01-02,18.010000228881836,19.0,17.979999542236328,18.82999992370605,18.82999992370605,87148700,2510.030029296875
2019-01-03,18.420000076293945,18.68000030517578,16.940000534057617,17.049999237060547,17.049999237060547,117277600,2447.889892578125
2019-01-04,17.549999237060547,19.06999969482422,17.43000030517578,19.0,19.0,111878600,2531.93994140625
2019-01-07,19.440000534057617,20.68000030517578,19.0,20.56999969482422,20.56999969482422,107157000,2549.68994140625
2019-01-08,21.190000534057617,21.200000762939453,19.68000030517578,20.75,20.75,121271000,2574.409912109375
2019-01-09,20.88999938964844,21.440000534057617,20.06999969482422,20.190000534057617,20.190000534057617,163944100,2584.9599609375
2019-01-10,19.76000022888184,19.82999992370605,18.899999618530277,19.739999771118164,19.739999771118164,115629400,2596.639892578125
2019-01-11,19.46999931335449,20.350000381469727,19.190000534057617,20.270000457763672,20.270000457763672,85110800,2596.260009765625
2019-01-14,19.959999084472656,20.6200008392334,19.75,20.229999542236328,20.229999542236328,71350200,2582.610107421875
2019-01-15,20.440000534057617,20.68000030517578,20.26000022888184,20.3799991607666,20.3799991607666,62785800,2610.300048828125
2019-01-16,20.399999618530277,20.540000915527344,19.709999084472656,19.729999542236328,19.729999542236328,70849300,2616.10009765625
2019-01-17,19.489999771118164,20.51000022888184,19.020000457763672,20.25,20.25,85018400,2635.9599609375
2019-01-18,20.3700008392334,21.049999237060547,20.020000457763672,20.770000457763672,20.770000457763672,88131000,2670.7099609375
2019-01-22,20.479999542236328,20.920000076293945,19.700000762939453,19.76000022888184,19.76000022888184,78513700,2632.89990234375
2019-01-23,20.030000686645508,20.479999542236328,19.549999237060547,19.799999237060547,19.799999237060547,77811300,2638.699951171875
2019-01-24,20.059999465942383,21.01000022888184,20.040000915527344,20.850000381469727,20.850000381469727,97433400,2642.330078125
2019-01-25,20.989999771118164,22.030000686645508,20.790000915527344,21.93000030517578,21.93000030517578,110239500,2664.760009765625
2019-01-28,20.31999969482422,21.01000022888184,20.020000457763672,20.18000030517578,20.18000030517578,135164100,2643.85009765625
2019-01-29,20.26000022888184,20.38999938964844,19.049999237060547,19.25,19.25,131202500,2640.0
2019-01-30,21.489999771118164,23.1299991607666,21.3700008392334,23.09000015258789,23.09000015258789,211421200,2681.050048828125
2019-01-31,23.020000457763672,25.13999938964844,22.82999992370605,24.40999984741211,24.40999984741211,182575600,2704.10009765625
2019-02-01,24.61000061035156,24.84000015258789,24.06999969482422,24.51000022888184,24.51000022888184,105356200,2706.530029296875
2019-02-04,24.43000030517578,24.65999984741211,24.06999969482422,24.1299991607666,24.1299991607666,70843800,2724.8701171875
2019-02-05,23.420000076293945,23.86000061035156,22.979999542236328,23.309999465942383,23.309999465942383,122226000,2737.699951171875
2019-02-06,23.6299991607666,24.13999938964844,23.21999931335449,23.26000022888184,23.26000022888184,78684300,2731.610107421875
2019-02-07,22.989999771118164,23.21999931335449,22.31999969482422,22.670000076293945,22.670000076293945,86723900,2706.050048828125
2019-02-08,22.32999992370605,23.280000686645508,22.270000457763672,23.049999237060547,23.049999237060547,78129300,2707.8798828125
2019-02-11,23.049999237060547,23.280000686645508,22.65999984741211,22.959999084472656,22.959999084472656,60578700,2709.800048828125
2019-02-12,23.43000030517578,23.559999465942383,22.75,22.81999969482422,22.81999969482422,67595400,2744.72998046875
2019-02-13,22.979999542236328,23.239999771118164,22.709999084472656,22.850000381469727,22.850000381469727,57544200,2753.030029296875
2019-02-14,22.739999771118164,23.3700008392334,22.59000015258789,23.1299991607666,23.1299991607666,64441200,2745.72998046875
2019-02-15,23.57999992370605,24.049999237060547,23.200000762939453,23.68000030517578,23.68000030517578,78644100,2775.60009765625
2019-02-19,23.6299991607666,24.40999984741211,23.61000061035156,23.950000762939453,23.950000762939453,57517900,2779.760009765625
2019-02-20,24.13999938964844,24.3700008392334,23.899999618530277,23.950000762939453,23.950000762939453,57091600,2784.699951171875
2019-02-21,24.040000915527344,24.32999992370605,23.850000381469727,23.920000076293945,23.920000076293945,49608200,2774.8798828125
2019-02-22,24.049999237060547,24.36000061035156,23.8799991607666,24.36000061035156,24.36000061035156,52650700,2792.669921875
2019-02-25,25.01000022888184,25.520000457763672,24.68000030517578,24.709999084472656,24.709999084472656,63221000,2796.110107421875
2019-02-26,24.649999618530277,24.71999931335449,24.149999618530277,24.209999084472656,24.209999084472656,48470100,2793.89990234375
2019-02-27,24.11000061035156,24.229999542236328,23.209999084472656,23.479999542236328,23.479999542236328,62649300,2792.3798828125
2019-02-28,23.209999084472656,23.670000076293945,23.11000061035156,23.530000686645508,23.530000686645508,39384900,2784.489990234375
2019-03-01,23.96999931335449,24.190000534057617,23.450000762939453,23.68000030517578,23.68000030517578,48084000,2803.68994140625
2019-03-04,23.88999938964844,24.1299991607666,23.01000022888184,23.3700008392334,23.3700008392334,48147700,2792.81005859375
2019-03-05,23.34000015258789,23.68000030517578,23.01000022888184,23.5,23.5,35462600,2789.64990234375
2019-03-06,23.46999931335449,23.530000686645508,22.399999618530277,22.40999984741211,22.40999984741211,60479400,2771.449951171875
2019-03-07,22.32999992370605,22.40999984741211,21.729999542236328,22.07999992370605,22.07999992370605,52186300,2748.929931640625
2019-03-08,21.350000381469727,22.09000015258789,21.040000915527344,22.01000022888184,22.01000022888184,49967700,2743.070068359375
2019-03-11,22.149999618530277,23.07999992370605,21.979999542236328,22.959999084472656,22.959999084472656,54420200,2783.300048828125
2019-03-12,23.100000381469727,23.799999237060547,22.780000686645508,23.489999771118164,23.489999771118164,56410600,2791.52001953125
2019-03-13,23.65999984741211,24.149999618530277,23.350000381469727,23.3799991607666,23.3799991607666,56705800,2810.919921875
2019-03-14,23.3700008392334,23.489999771118164,22.799999237060547,22.81999969482422,22.81999969482422,42818600,2808.47998046875
2019-03-15,23.100000381469727,23.649999618530277,23.01000022888184,23.290000915527344,23.290000915527344,46519900,2822.47998046875
2019-03-18,23.299999237060547,23.6200008392334,23.040000915527344,23.25,23.25,34731800,2832.93994140625
2019-03-19,23.600000381469727,26.07999992370605,23.59000015258789,26.0,26.0,156052200,2832.570068359375
2019-03-20,26.489999771118164,26.8799991607666,25.309999465942383,25.700000762939453,25.700000762939453,151292100,2824.22998046875
2019-03-21,25.780000686645508,28.11000061035156,25.709999084472656,27.88999938964844,27.88999938964844,129610300,2854.8798828125
2019-03-22,27.540000915527344,27.75,26.32999992370605,26.3700008392334,26.3700008392334,115323300,2800.7099609375
2019-03-25,26.290000915527344,26.989999771118164,25.540000915527344,25.96999931335449,25.96999931335449,78438200,2798.360107421875
2019-03-26,26.690000534057617,26.979999542236328,25.459999084472656,25.690000534057617,25.690000534057617,75754100,2818.4599609375
2019-03-27,25.700000762939453,25.8799991607666,24.549999237060547,24.88999938964844,24.88999938964844,88585300,2805.3701171875
2019-03-28,25.100000381469727,25.559999465942383,24.649999618530277,25.059999465942383,25.059999465942383,64667500,2815.43994140625
2019-03-29,25.57999992370605,25.729999542236328,25.25,25.520000457763672,25.520000457763672,53502800,2834.39990234375
2019-04-01,26.420000076293945,26.559999465942383,25.82999992370605,26.36000061035156,26.36000061035156,63000300,2867.18994140625
2019-04-02,26.51000022888184,26.799999237060547,26.09000015258789,26.75,26.75,53358800,2867.239990234375
2019-04-03,28.020000457763672,29.950000762939453,27.8799991607666,29.020000457763672,29.020000457763672,197650500,2873.39990234375
2019-04-04,28.8799991607666,29.38999938964844,28.61000061035156,29.09000015258789,29.09000015258789,82191100,2879.389892578125
2019-04-05,29.63999938964844,29.690000534057617,28.799999237060547,28.979999542236328,28.979999542236328,65662700,2892.739990234375
2019-04-08,28.690000534057617,28.950000762939453,28.18000030517578,28.530000686645508,28.530000686645508,58002500,2895.77001953125
2019-04-09,28.239999771118164,28.3799991607666,27.190000534057617,27.239999771118164,27.239999771118164,75539800,2878.199951171875
2019-04-10,27.459999084472656,28.1200008392334,27.31999969482422,27.82999992370605,27.82999992370605,64368100,2888.2099609375
2019-04-11,27.809999465942383,28.049999237060547,27.459999084472656,27.790000915527344,27.790000915527344,44801200,2888.320068359375
2019-04-12,28.209999084472656,28.3799991607666,27.65999984741211,27.850000381469727,27.850000381469727,41048800,2907.409912109375
2019-04-15,27.799999237060547,27.84000015258789,26.959999084472656,27.32999992370605,27.32999992370605,40812500,2905.580078125
2019-04-16,27.71999931335449,28.18000030517578,27.489999771118164,27.93000030517578,27.93000030517578,47340100,2907.06005859375
2019-04-17,28.209999084472656,28.270000457763672,27.21999931335449,27.489999771118164,27.489999771118164,48240800,2900.449951171875
2019-04-18,27.600000381469727,27.8799991607666,27.34000015258789,27.68000030517578,27.68000030517578,39880900,2905.030029296875
2019-04-22,27.6200008392334,28.229999542236328,27.38999938964844,28.18000030517578,28.18000030517578,36477300,2907.969970703125
2019-04-23,28.18000030517578,28.489999771118164,27.790000915527344,27.96999931335449,27.96999931335449,41777500,2933.679931640625
2019-04-24,28.100000381469727,28.850000381469727,27.93000030517578,28.459999084472656,28.459999084472656,51784700,2927.25
2019-04-25,28.670000076293945,28.86000061035156,27.36000061035156,27.65999984741211,27.65999984741211,57329700,2926.169921875
2019-04-26,27.65999984741211,27.899999618530277,27.049999237060547,27.8799991607666,27.8799991607666,48827900,2939.8798828125
2019-04-29,27.899999618530277,28.13999938964844,27.5,27.690000534057617,27.690000534057617,44532700,2943.030029296875
2019-04-30,27.59000015258789,27.799999237060547,26.940000534057617,27.6299991607666,27.6299991607666,73165900,2945.830078125
2019-05-01,28.950000762939453,29.149999618530277,26.780000686645508,26.809999465942383,26.809999465942383,136066900,2923.72998046875
2019-05-02,26.940000534057617,28.63999938964844,26.61000061035156,28.290000915527344,28.290000915527344,100514800,2917.52001953125
2019-05-03,28.299999237060547,28.420000076293945,27.65999984741211,28.21999931335449,28.21999931335449,55503100,2945.639892578125
2019-05-06,26.71999931335449,27.5,26.450000762939453,27.420000076293945,27.420000076293945,70344100,2932.469970703125
2019-05-07,27.200000762939453,27.350000381469727,26.209999084472656,26.65999984741211,26.65999984741211,75868800,2884.050048828125
2019-05-08,26.40999984741211,27.709999084472656,26.270000457763672,27.09000015258789,27.09000015258789,65967500,2879.419921875
2019-05-09,26.700000762939453,27.3799991607666,26.030000686645508,27.209999084472656,27.209999084472656,73150900,2870.719970703125
2019-05-10,27.030000686645508,28.100000381469727,26.93000030517578,27.959999084472656,27.959999084472656,82930100,2881.39990234375
2019-05-13,26.979999542236328,27.229999542236328,26.100000381469727,26.239999771118164,26.239999771118164,99017900,2811.8701171875
2019-05-14,26.530000686645508,27.479999542236328,26.149999618530277,27.31999969482422,27.31999969482422,82980400,2834.409912109375
2019-05-15,26.8700008392334,27.790000915527344,26.729999542236328,27.57999992370605,27.57999992370605,55689900,2850.9599609375
2019-05-16,27.3700008392334,28.3700008392334,27.270000457763672,28.01000022888184,28.01000022888184,67330100,2876.320068359375
2019-05-17,27.690000534057617,28.459999084472656,27.399999618530277,27.5,27.5,65385400,2859.530029296875
2019-05-20,26.979999542236328,27.239999771118164,26.489999771118164,26.68000030517578,26.68000030517578,69757400,2840.22998046875
2019-05-21,27.18000030517578,27.3700008392334,26.93000030517578,27.350000381469727,27.350000381469727,46079200,2864.360107421875
2019-05-22,27.1200008392334,27.59000015258789,27.06999969482422,27.40999984741211,27.40999984741211,40035300,2856.27001953125
2019-05-23,26.989999771118164,27.100000381469727,26.030000686645508,26.36000061035156,26.36000061035156,67809200,2822.239990234375
2019-05-24,26.61000061035156,26.93000030517578,26.399999618530277,26.440000534057617,26.440000534057617,39835800,2826.06005859375
2019-05-28,27.270000457763672,29.670000076293945,27.059999465942383,29.049999237060547,29.049999237060547,146949600,2802.389892578125
2019-05-29,29.0,29.31999969482422,27.729999542236328,28.09000015258789,28.09000015258789,99969600,2783.02001953125
2019-05-30,28.399999618530277,28.559999465942383,27.600000381469727,28.030000686645508,28.030000686645508,65289100,2788.860107421875
2019-05-31,27.56999969482422,28.36000061035156,27.399999618530277,27.40999984741211,27.40999984741211,68667800,2752.06005859375
2019-06-03,28.75,29.6200008392334,27.290000915527344,27.57999992370605,27.57999992370605,147532200,2744.449951171875
2019-06-04,28.38999938964844,29.59000015258789,27.90999984741211,29.56999969482422,29.56999969482422,107549500,2803.27001953125
2019-06-05,29.93000030517578,29.989999771118164,29.030000686645508,29.5,29.5,79481500,2826.14990234375
2019-06-06,29.8700008392334,31.979999542236328,29.84000015258789,31.81999969482422,31.81999969482422,131267800,2843.489990234375
2019-06-07,31.940000534057617,32.599998474121094,31.56999969482422,32.40999984741211,32.40999984741211,86841100,2873.340087890625
2019-06-10,33.529998779296875,34.29999923706055,33.08000183105469,33.22999954223633,33.22999954223633,97668800,2886.72998046875
2019-06-11,33.43000030517578,33.4900016784668,31.81999969482422,32.40999984741211,32.40999984741211,82834900,2885.719970703125
2019-06-12,32.0,32.56999969482422,31.920000076293945,32.18000030517578,32.18000030517578,56298700,2879.840087890625
2019-06-13,32.38999938964844,32.5,31.059999465942383,31.38999938964844,31.38999938964844,63556000,2891.639892578125
2019-06-14,30.700000762939453,30.959999084472656,30.020000457763672,30.36000061035156,30.36000061035156,70373000,2886.97998046875
2019-06-17,30.25,30.450000762939453,29.18000030517578,29.200000762939453,29.200000762939453,70865700,2889.669921875
2019-06-18,29.76000022888184,30.96999931335449,29.57999992370605,30.450000762939453,30.450000762939453,86444500,2917.75
2019-06-19,30.670000076293945,30.790000915527344,30.059999465942383,30.5,30.5,63233900,2926.4599609375
2019-06-20,31.239999771118164,31.36000061035156,29.84000015258789,30.01000022888184,30.01000022888184,72418200,2954.179931640625
2019-06-21,29.649999618530277,30.350000381469727,28.96999931335449,29.100000381469727,29.100000381469727,81861300,2950.4599609375
2019-06-24,29.31999969482422,29.399999618530277,28.670000076293945,29.26000022888184,29.26000022888184,55724800,2945.35009765625
2019-06-25,29.26000022888184,29.71999931335449,28.799999237060547,28.86000061035156,28.86000061035156,53680900,2917.3798828125
2019-06-26,29.979999542236328,30.479999542236328,29.780000686645508,29.920000076293945,29.920000076293945,65064200,2913.780029296875
2019-06-27,30.40999984741211,30.959999084472656,30.209999084472656,30.739999771118164,30.739999771118164,55623300,2924.919921875
2019-06-28,31.07999992370605,31.11000061035156,30.32999992370605,30.3700008392334,30.3700008392334,50090900,2941.760009765625
2019-07-01,31.790000915527344,32.040000915527344,30.8700008392334,31.200000762939453,31.200000762939453,60275900,2964.330078125
2019-07-02,30.959999084472656,31.26000022888184,30.729999542236328,31.239999771118164,31.239999771118164,37721700,2973.010009765625
2019-07-03,31.1299991607666,31.32999992370605,30.739999771118164,31.190000534057617,31.190000534057617,23462000,2995.820068359375
2019-07-05,30.8799991607666,31.559999465942383,30.75,31.5,31.5,34011900,2990.409912109375
2019-07-08,31.799999237060547,32.150001525878906,31.26000022888184,32.040000915527344,32.040000915527344,49689400,2975.949951171875
2019-07-09,31.76000022888184,33.18000030517578,30.100000381469727,33.150001525878906,33.150001525878906,61419800,2979.6298828125
2019-07-10,33.560001373291016,34.029998779296875,33.36000061035156,33.790000915527344,33.790000915527344,60388400,2993.070068359375
2019-07-11,33.90999984741211,34.0,32.7599983215332,33.060001373291016,33.060001373291016,63081800,2999.909912109375
2019-07-12,32.7599983215332,33.38999938964844,32.59000015258789,33.209999084472656,33.209999084472656,51509700,3013.77001953125
2019-07-15,33.34000015258789,34.54999923706055,33.27000045776367,34.38999938964844,34.38999938964844,65565200,3014.300048828125
2019-07-16,34.29999923706055,34.86000061035156,33.79999923706055,33.849998474121094,33.849998474121094,66912700,3004.0400390625
2019-07-17,34.0099983215332,34.29999923706055,33.4900016784668,33.599998474121094,33.599998474121094,42557900,2984.419921875
2019-07-18,33.029998779296875,33.459999084472656,32.41999816894531,33.0,33.0,58473900,2995.110107421875
2019-07-19,33.08000183105469,33.349998474121094,32.45000076293945,32.5099983215332,32.5099983215332,44617700,2976.610107421875
2019-07-22,32.79999923706055,33.310001373291016,32.7400016784668,32.849998474121094,32.849998474121094,37777300,2985.030029296875
2019-07-23,33.16999816894531,33.5,32.93000030517578,33.4900016784668,33.4900016784668,38532500,3005.469970703125
2019-07-24,33.63999938964844,34.36000061035156,33.45000076293945,34.11000061035156,34.11000061035156,41952300,3019.56005859375
2019-07-25,34.04999923706055,34.25,33.619998931884766,33.66999816894531,33.66999816894531,36705600,3003.669921875
2019-07-26,34.22999954223633,34.77000045776367,33.869998931884766,34.02000045776367,34.02000045776367,43502800,3025.860107421875
2019-07-29,34.13999938964844,34.18000030517578,32.97999954223633,33.47999954223633,33.47999954223633,45922000,3020.969970703125
2019-07-30,33.209999084472656,33.939998626708984,32.939998626708984,33.869998931884766,33.869998931884766,72198900,3013.179931640625
2019-07-31,32.08000183105469,32.29999923706055,30.299999237060547,30.450000762939453,30.450000762939453,119190000,2980.3798828125
2019-08-01,30.5,31.479999542236328,29.100000381469727,29.86000061035156,29.86000061035156,80878900,2953.56005859375
2019-08-02,29.479999542236328,29.729999542236328,28.940000534057617,29.440000534057617,29.440000534057617,60410900,2932.050048828125
2019-08-05,28.26000022888184,28.489999771118164,27.649999618530277,27.989999771118164,27.989999771118164,74333200,2844.739990234375
2019-08-06,28.86000061035156,29.049999237060547,28.200000762939453,28.86000061035156,28.86000061035156,60578400,2881.77001953125
2019-08-07,28.46999931335449,29.280000686645508,28.3700008392334,29.190000534057617,29.190000534057617,58577500,2883.97998046875
2019-08-08,31.530000686645508,34.27000045776367,31.479999542236328,33.91999816894531,33.91999816894531,167278800,2938.090087890625
2019-08-09,33.45000076293945,35.54999923706055,33.08000183105469,34.189998626708984,34.189998626708984,132483900,2918.64990234375
2019-08-12,34.15999984741211,34.650001525878906,32.08000183105469,32.43000030517578,32.43000030517578,106936000,2882.699951171875
2019-08-13,32.36000061035156,33.13999938964844,31.71999931335449,32.11000061035156,32.11000061035156,102009700,2926.320068359375
2019-08-14,31.0,31.049999237060547,29.51000022888184,30.239999771118164,30.239999771118164,127521500,2840.60009765625
2019-08-15,30.6299991607666,30.729999542236328,29.209999084472656,29.670000076293945,29.670000076293945,71674400,2847.60009765625
2019-08-16,30.309999465942383,31.479999542236328,30.209999084472656,31.18000030517578,31.18000030517578,70469800,2888.679931640625
2019-08-19,32.0,32.189998626708984,31.420000076293945,31.479999542236328,31.479999542236328,67596900,2923.64990234375
2019-08-20,30.940000534057617,31.309999465942383,30.450000762939453,30.71999931335449,30.71999931335449,47924000,2900.510009765625
2019-08-21,31.049999237060547,31.739999771118164,30.84000015258789,31.700000762939453,31.700000762939453,41441500,2924.429931640625
2019-08-22,31.76000022888184,31.920000076293945,30.979999542236328,31.899999618530277,31.899999618530277,47667900,2922.949951171875
2019-08-23,31.299999237060547,31.82999992370605,29.399999618530277,29.540000915527344,29.540000915527344,83681100,2847.110107421875
2019-08-26,30.34000015258789,30.71999931335449,29.940000534057617,30.280000686645508,30.280000686645508,50612500,2878.3798828125
2019-08-27,30.600000381469727,30.88999938964844,29.600000381469727,30.200000762939453,30.200000762939453,53229200,2869.159912109375
2019-08-28,29.920000076293945,31.18000030517578,29.700000762939453,30.780000686645508,30.780000686645508,55835900,2887.93994140625
2019-08-29,31.46999931335449,31.82999992370605,31.32999992370605,31.450000762939453,31.450000762939453,44422800,2924.580078125
2019-08-30,31.600000381469727,31.8700008392334,31.1299991607666,31.450000762939453,31.450000762939453,40307000,2926.4599609375
2019-09-03,30.82999992370605,31.13999938964844,30.68000030517578,30.899999618530277,30.899999618530277,38029300,2906.27001953125
2019-09-04,31.31999969482422,31.82999992370605,30.850000381469727,30.950000762939453,30.950000762939453,46614600,2937.780029296875
2019-09-05,31.790000915527344,32.04999923706055,31.1200008392334,31.5,31.5,57861200,2976.0
2019-09-06,31.5,31.51000022888184,30.479999542236328,30.559999465942383,30.559999465942383,51673000,2978.7099609375
2019-09-09,30.93000030517578,31.18000030517578,30.239999771118164,30.5,30.5,54413200,2978.429931640625
2019-09-10,30.21999931335449,30.3799991607666,29.770000457763672,30.229999542236328,30.229999542236328,48604800,2979.389892578125
2019-09-11,30.3799991607666,30.43000030517578,29.51000022888184,29.76000022888184,29.76000022888184,50631700,3000.929931640625
2019-09-12,30.07999992370605,30.84000015258789,29.950000762939453,30.209999084472656,30.209999084472656,53618300,3009.570068359375
2019-09-13,30.270000457763672,30.850000381469727,29.950000762939453,30.690000534057617,30.690000534057617,47758800,3007.389892578125
2019-09-16,30.3700008392334,31.149999618530277,30.26000022888184,30.82999992370605,30.82999992370605,52248500,2997.9599609375
2019-09-17,31.06999969482422,31.31999969482422,30.739999771118164,30.989999771118164,30.989999771118164,35011700,3005.699951171875
2019-09-18,30.75,30.88999938964844,29.8799991607666,30.420000076293945,30.420000076293945,47027500,3006.72998046875
2019-09-19,30.56999969482422,30.959999084472656,30.13999938964844,30.290000915527344,30.290000915527344,41603000,3006.7900390625
2019-09-20,30.36000061035156,30.46999931335449,29.649999618530277,30.049999237060547,30.049999237060547,79957400,2992.070068359375
2019-09-23,30.1200008392334,30.799999237060547,30.06999969482422,30.63999938964844,30.63999938964844,44366800,2991.780029296875
2019-09-24,30.540000915527344,30.75,29.290000915527344,29.520000457763672,29.520000457763672,72963000,2966.60009765625
2019-09-25,29.479999542236328,29.649999618530277,28.549999237060547,29.540000915527344,29.540000915527344,58234800,2984.8701171875
2019-09-26,29.670000076293945,29.770000457763672,29.0,29.46999931335449,29.46999931335449,40745400,2977.6201171875
2019-09-27,29.170000076293945,29.770000457763672,28.350000381469727,28.71999931335449,28.71999931335449,54091100,2961.7900390625
2019-09-30,28.88999938964844,29.049999237060547,28.36000061035156,28.989999771118164,28.989999771118164,37295600,2976.739990234375
2019-10-01,29.049999237060547,29.540000915527344,28.63999938964844,28.76000022888184,28.76000022888184,37081800,2940.25
2019-10-02,28.5,28.850000381469727,28.030000686645508,28.309999465942383,28.309999465942383,43640700,2887.610107421875
2019-10-03,28.280000686645508,28.780000686645508,27.43000030517578,28.68000030517578,28.68000030517578,56325200,2910.6298828125
2019-10-04,28.82999992370605,29.059999465942383,28.280000686645508,29.01000022888184,29.01000022888184,34446700,2952.010009765625
2019-10-07,28.899999618530277,29.6299991607666,28.84000015258789,28.93000030517578,28.93000030517578,39337200,2938.7900390625
2019-10-08,28.549999237060547,28.63999938964844,27.920000076293945,28.229999542236328,28.229999542236328,44265700,2893.06005859375
2019-10-09,28.799999237060547,28.950000762939453,28.350000381469727,28.459999084472656,28.459999084472656,35661500,2919.39990234375
2019-10-10,28.520000457763672,28.88999938964844,28.0,28.3799991607666,28.3799991607666,40660100,2938.1298828125
2019-10-11,28.82999992370605,30.200000762939453,28.809999465942383,29.75,29.75,66256900,2970.27001953125
2019-10-14,29.709999084472656,30.61000061035156,29.3799991607666,30.530000686645508,30.530000686645508,44473700,2966.14990234375
2019-10-15,30.700000762939453,30.920000076293945,30.170000076293945,30.71999931335449,30.71999931335449,41600700,2995.679931640625
2019-10-16,30.600000381469727,31.40999984741211,30.530000686645508,30.809999465942383,30.809999465942383,42804400,2989.68994140625
2019-10-17,31.299999237060547,31.399999618530277,30.86000061035156,31.13999938964844,31.13999938964844,36884400,2997.949951171875
2019-10-18,31.059999465942383,31.32999992370605,30.290000915527344,30.96999931335449,30.96999931335449,39681700,2986.199951171875
2019-10-21,31.5,32.2599983215332,31.40999984741211,32.029998779296875,32.029998779296875,52182800,3006.719970703125
2019-10-22,32.060001373291016,32.150001525878906,31.5,31.51000022888184,31.51000022888184,36185200,2995.989990234375
2019-10-23,31.09000015258789,31.649999618530277,30.82999992370605,31.36000061035156,31.36000061035156,26582200,3004.52001953125
2019-10-24,31.57999992370605,31.86000061035156,31.34000015258789,31.71999931335449,31.71999931335449,27808000,3010.2900390625
2019-10-25,31.899999618530277,32.86000061035156,31.82999992370605,32.709999084472656,32.709999084472656,45368800,3022.550048828125
2019-10-28,33.15999984741211,33.90999984741211,33.150001525878906,33.689998626708984,33.689998626708984,51223600,3039.419921875
2019-10-29,33.72999954223633,33.900001525878906,32.70000076293945,33.029998779296875,33.029998779296875,78700100,3036.889892578125
2019-10-30,32.93000030517578,33.34000015258789,32.029998779296875,33.130001068115234,33.130001068115234,78228800,3046.77001953125
2019-10-31,32.97999954223633,34.34000015258789,32.81999969482422,33.93000030517578,33.93000030517578,67881600,3037.56005859375
2019-11-01,34.369998931884766,35.0,34.099998474121094,34.88999938964844,34.88999938964844,64238600,3066.909912109375
2019-11-04,35.189998626708984,36.45000076293945,34.7599983215332,36.290000915527344,36.290000915527344,83343800,3078.27001953125
2019-11-05,36.560001373291016,37.18000030517578,35.97999954223633,36.150001525878906,36.150001525878906,84848600,3074.6201171875
2019-11-06,36.060001373291016,36.47999954223633,35.52000045776367,35.93000030517578,35.93000030517578,51675100,3076.780029296875
2019-11-07,36.52000045776367,36.9900016784668,36.02999877929688,36.27999877929688,36.27999877929688,54350200,3085.179931640625
2019-11-08,36.060001373291016,36.58000183105469,36.0,36.290000915527344,36.290000915527344,39353900,3093.080078125
2019-11-11,35.959999084472656,36.65999984741211,35.58000183105469,36.310001373291016,36.310001373291016,43511100,3087.010009765625
2019-11-12,36.43000030517578,37.130001068115234,36.400001525878906,36.709999084472656,36.709999084472656,58664500,3091.840087890625
2019-11-13,36.650001525878906,37.959999084472656,36.58000183105469,37.52000045776367,37.52000045776367,67648300,3094.0400390625
2019-11-14,37.5099983215332,38.5,37.36000061035156,38.34999847412109,38.34999847412109,65829500,3096.6298828125
2019-11-15,38.93999862670898,39.369998931884766,38.34000015258789,38.560001373291016,38.560001373291016,62958500,3120.4599609375
2019-11-18,38.650001525878906,39.9900016784668,38.59999847412109,39.880001068115234,39.880001068115234,66102800,3122.030029296875
2019-11-19,40.13999938964844,41.790000915527344,39.68999862670898,41.290000915527344,41.290000915527344,94373000,3120.179931640625
2019-11-20,40.959999084472656,41.75,40.06999969482422,40.97999954223633,40.97999954223633,79767900,3108.4599609375
2019-11-21,40.41999816894531,40.709999084472656,38.63999938964844,39.52000045776367,39.52000045776367,88069400,3103.5400390625
2019-11-22,39.36000061035156,39.88999938964844,38.18999862670898,39.150001525878906,39.150001525878906,56931900,3110.2900390625
2019-11-25,39.5,40.16999816894531,39.4900016784668,39.790000915527344,39.790000915527344,45769500,3133.639892578125
2019-11-26,39.29999923706055,39.47999954223633,38.810001373291016,38.9900016784668,38.9900016784668,43603300,3140.52001953125
2019-11-27,39.459999084472656,39.7599983215332,39.06999969482422,39.40999984741211,39.40999984741211,33630100,3153.6298828125
2019-11-29,39.09999847412109,39.52000045776367,39.02000045776367,39.150001525878906,39.150001525878906,17609900,3140.97998046875
2019-12-02,39.31999969482422,39.40999984741211,38.43999862670898,38.72999954223633,38.72999954223633,35710200,3113.8701171875
2019-12-03,37.34000015258789,38.93000030517578,37.150001525878906,38.900001525878906,38.900001525878906,51556400,3093.199951171875
2019-12-04,39.380001068115234,39.81999969482422,39.130001068115234,39.68999862670898,39.68999862670898,44299400,3112.760009765625
2019-12-05,39.95000076293945,40.220001220703125,39.54999923706055,39.619998931884766,39.619998931884766,35574000,3117.429931640625
2019-12-06,40.09999847412109,40.18999862670898,39.560001373291016,39.630001068115234,39.630001068115234,31101400,3145.909912109375
2019-12-09,39.459999084472656,39.84000015258789,38.90999984741211,38.93000030517578,38.93000030517578,27928100,3135.9599609375
2019-12-10,39.20000076293945,39.72999954223633,38.81999969482422,39.43999862670898,39.43999862670898,33733600,3132.52001953125
2019-12-11,39.43999862670898,39.61000061035156,39.040000915527344,39.470001220703125,39.470001220703125,31698300,3141.6298828125
2019-12-12,39.400001525878906,42.619998931884766,39.25,42.59000015258789,42.59000015258789,86878000,3168.570068359375
2019-12-13,42.34999847412109,42.95000076293945,41.060001373291016,41.150001525878906,41.150001525878906,79927800,3168.800048828125
2019-12-16,41.72999954223633,42.97999954223633,41.72999954223633,42.34999847412109,42.34999847412109,58824900,3191.449951171875
2019-12-17,42.5099983215332,43.11000061035156,42.150001525878906,42.77000045776367,42.77000045776367,44852000,3192.52001953125
2019-12-18,42.790000915527344,43.060001373291016,42.2400016784668,42.29999923706055,42.29999923706055,39083300,3191.139892578125
2019-12-19,42.630001068115234,43.34000015258789,42.59999847412109,42.83000183105469,42.83000183105469,45883000,3205.3701171875
2019-12-20,43.43999862670898,44.2599983215332,43.2599983215332,44.150001525878906,44.150001525878906,68104700,3221.219970703125
2019-12-23,44.58000183105469,45.630001068115234,44.38999938964844,45.459999084472656,45.459999084472656,55886500,3224.010009765625
2019-12-24,46.09999847412109,46.61000061035156,45.77000045776367,46.540000915527344,46.540000915527344,44432200,3223.3798828125
2019-12-26,46.9900016784668,47.310001373291016,45.65999984741211,46.630001068115234,46.630001068115234,57562800,3239.909912109375
2019-12-27,46.84999847412109,46.880001068115234,45.97999954223633,46.18000030517578,46.18000030517578,36581300,3240.02001953125
2019-12-30,46.13999938964844,46.16999816894531,44.65999984741211,45.52000045776367,45.52000045776367,41149700,3221.2900390625
2019-12-31,45.06999969482422,46.09000015258789,44.91999816894531,45.86000061035156,45.86000061035156,31673200,3230.780029296875
2020-01-02,46.86000061035156,49.25,46.630001068115234,49.09999847412109,49.09999847412109,80331100,3257.85009765625
2020-01-03,48.02999877929688,49.38999938964844,47.540000915527344,48.59999847412109,48.59999847412109,73127400,3234.85009765625
2020-01-06,48.02000045776367,48.86000061035156,47.86000061035156,48.38999938964844,48.38999938964844,47934900,3246.280029296875
2020-01-07,49.34999847412109,49.38999938964844,48.040000915527344,48.25,48.25,58061400,3237.179931640625
2020-01-08,47.84999847412109,48.29999923706055,47.13999938964844,47.83000183105469,47.83000183105469,53767000,3253.050048828125
2020-01-09,48.93999862670898,49.959999084472656,48.38999938964844,48.970001220703125,48.970001220703125,76512800,3274.699951171875
2020-01-10,49.2599983215332,49.290000915527344,48.0,48.16999816894531,48.16999816894531,44133700,3265.35009765625
2020-01-13,48.65999984741211,48.86000061035156,48.2400016784668,48.75,48.75,34266800,3288.1298828125
2020-01-14,48.63999938964844,49.040000915527344,47.90999984741211,48.209999084472656,48.209999084472656,38563200,3283.14990234375
2020-01-15,48.22999954223633,49.08000183105469,48.119998931884766,48.54999923706055,48.54999923706055,40199900,3289.2900390625
2020-01-16,49.16999816894531,50.310001373291016,48.9900016784668,49.77000045776367,49.77000045776367,58898900,3316.81005859375
2020-01-17,50.20000076293945,51.04999923706055,49.900001525878906,50.93000030517578,50.93000030517578,57722500,3329.6201171875
2020-01-21,50.959999084472656,51.810001373291016,50.70000076293945,51.04999923706055,51.04999923706055,49095000,3320.7900390625
2020-01-22,51.630001068115234,51.880001068115234,51.20000076293945,51.43000030517578,51.43000030517578,40772200,3321.75
2020-01-23,51.34000015258789,51.75,50.7400016784668,51.709999084472656,51.709999084472656,40135400,3325.5400390625
2020-01-24,52.27999877929688,52.810001373291016,49.470001220703125,50.34999847412109,50.34999847412109,80004900,3295.469970703125
2020-01-27,48.45000076293945,49.790000915527344,47.900001525878906,49.2599983215332,49.2599983215332,48878600,3243.6298828125
2020-01-28,50.02999877929688,50.84999847412109,49.47999954223633,50.52999877929688,50.52999877929688,62343800,3276.239990234375
2020-01-29,47.84000015258789,48.06999969482422,46.09999847412109,47.5099983215332,47.5099983215332,112349900,3273.39990234375
2020-01-30,46.4900016784668,48.810001373291016,46.130001068115234,48.77999877929688,48.77999877929688,70460200,3283.659912109375
2020-01-31,48.400001525878906,48.58000183105469,46.790000915527344,47.0,47.0,60322400,3225.52001953125
2020-02-03,46.400001525878906,48.09999847412109,46.22999954223633,48.02000045776367,48.02000045776367,46983500,3248.919921875
2020-02-04,49.209999084472656,49.75,48.61000061035156,49.45000076293945,49.45000076293945,46302100,3297.590087890625
2020-02-05,50.290000915527344,50.41999816894531,49.310001373291016,49.84000015258789,49.84000015258789,42737100,3334.68994140625
2020-02-06,48.79999923706055,49.38999938964844,47.630001068115234,49.31999969482422,49.31999969482422,48670600,3345.780029296875
2020-02-07,48.90999984741211,50.66999816894531,48.63999938964844,49.72999954223633,49.72999954223633,53107600,3327.7099609375
2020-02-10,49.470001220703125,52.29999923706055,49.34999847412109,52.2599983215332,52.2599983215332,60971700,3352.090087890625
2020-02-11,53.220001220703125,54.47999954223633,52.90999984741211,53.79999923706055,53.79999923706055,74719100,3357.75
2020-02-12,54.52999877929688,54.84999847412109,53.52999877929688,53.88999938964844,53.88999938964844,45994900,3379.449951171875
2020-02-13,53.43000030517578,55.02999877929688,53.34000015258789,54.52999877929688,54.52999877929688,51640000,3373.93994140625
2020-02-14,55.18999862670898,55.400001525878906,54.560001373291016,55.310001373291016,55.310001373291016,52365400,3380.159912109375
2020-02-18,54.93999862670898,58.130001068115234,54.84000015258789,56.88999938964844,56.88999938964844,70133200,3370.2900390625
2020-02-19,57.9900016784668,59.27000045776367,57.5099983215332,58.900001525878906,58.900001525878906,58597300,3386.14990234375
2020-02-20,58.43999862670898,59.02000045776367,56.150001525878906,57.27000045776367,57.27000045776367,74203400,3373.22998046875
2020-02-21,56.709999084472656,56.79999923706055,52.88999938964844,53.27999877929688,53.27999877929688,88271100,3337.75
2020-02-24,48.18000030517578,50.27999877929688,47.4900016784668,49.119998931884766,49.119998931884766,86624100,3225.889892578125
2020-02-25,51.13999938964844,51.2400016784668,47.119998931884766,47.56999969482422,47.56999969482422,88699400,3128.2099609375
2020-02-26,47.70000076293945,49.290000915527344,47.06999969482422,47.4900016784668,47.4900016784668,86378400,3116.389892578125
2020-02-27,45.380001068115234,46.2400016784668,42.209999084472656,44.0099983215332,44.0099983215332,106416200,2978.760009765625
2020-02-28,41.36000061035156,46.150001525878906,41.040000915527344,45.47999954223633,45.47999954223633,100331800,2954.219970703125
2020-03-02,47.41999816894531,47.68000030517578,44.65999984741211,47.459999084472656,47.459999084472656,102324700,3090.22998046875
2020-03-03,49.02999877929688,50.20000076293945,45.66999816894531,46.75,46.75,141972300,3003.3701171875
2020-03-04,48.25,50.13999938964844,47.209999084472656,50.11000061035156,50.11000061035156,93311800,3130.1201171875
2020-03-05,48.68000030517578,49.720001220703125,47.5099983215332,48.11000061035156,48.11000061035156,98302700,3023.93994140625
2020-03-06,49.43999862670898,49.540000915527344,46.7400016784668,48.59000015258789,48.59000015258789,124590900,2972.3701171875
2020-03-09,43.02999877929688,46.34000015258789,42.5099983215332,43.27000045776367,43.27000045776367,80859800,2746.56005859375
2020-03-10,45.40999984741211,45.43999862670898,43.09999847412109,45.380001068115234,45.380001068115234,76228200,2882.22998046875
2020-03-11,44.18999862670898,45.970001220703125,43.79999923706055,45.70000076293945,45.70000076293945,101601100,2741.3798828125
2020-03-12,42.0,42.5,39.0,39.0099983215332,39.0099983215332,107461500,2480.639892578125
2020-03-13,42.20000076293945,43.90999984741211,39.59999847412109,43.900001525878906,43.900001525878906,86689700,2711.02001953125
2020-03-16,39.08000183105469,43.369998931884766,38.5099983215332,38.709999084472656,38.709999084472656,84545900,2386.1298828125
2020-03-17,40.18999862670898,42.880001068115234,38.29999923706055,41.880001068115234,41.880001068115234,92741900,2529.18994140625
2020-03-18,39.540000915527344,41.95000076293945,36.75,39.119998931884766,39.119998931884766,106949300,2398.10009765625
2020-03-19,39.560001373291016,41.70000076293945,37.68999862670898,39.81999969482422,39.81999969482422,88939000,2409.389892578125
2020-03-20,41.5099983215332,42.47999954223633,39.58000183105469,39.61000061035156,39.61000061035156,106859500,2304.919921875
2020-03-23,40.619998931884766,42.31999969482422,38.95000076293945,41.63999938964844,41.63999938964844,101704700,2237.39990234375
2020-03-24,44.040000915527344,46.810001373291016,43.9900016784668,46.220001220703125,46.220001220703125,106794200,2447.330078125
2020-03-25,46.790000915527344,47.880001068115234,44.43000030517578,44.630001068115234,44.630001068115234,93760400,2475.56005859375
2020-03-26,45.77999877929688,47.5,45.400001525878906,47.5,47.5,73680200,2630.070068359375
2020-03-27,46.31999969482422,47.97999954223633,45.900001525878906,46.58000183105469,46.58000183105469,74599200,2541.469970703125
2020-03-30,47.2400016784668,48.459999084472656,46.65999984741211,47.86000061035156,47.86000061035156,68486600,2626.64990234375
2020-03-31,47.93000030517578,48.52999877929688,45.15999984741211,45.47999954223633,45.47999954223633,83483700,2584.590087890625
2020-04-01,44.18000030517578,46.84999847412109,43.15999984741211,43.65999984741211,43.65999984741211,92083100,2470.5
2020-04-02,43.400001525878906,45.27999877929688,43.09999847412109,44.4900016784668,44.4900016784668,79024100,2526.89990234375
2020-04-03,44.29999923706055,44.84000015258789,41.70000076293945,42.59000015258789,42.59000015258789,79335000,2488.64990234375
2020-04-06,44.29999923706055,47.58000183105469,44.060001373291016,47.52000045776367,47.52000045776367,82294000,2663.679931640625
2020-04-07,48.959999084472656,49.650001525878906,46.68000030517578,47.560001373291016,47.560001373291016,102098700,2659.409912109375
2020-04-08,48.06999969482422,49.0,47.61000061035156,48.790000915527344,48.790000915527344,64930800,2749.97998046875
2020-04-09,49.650001525878906,50.25,47.720001220703125,48.380001068115234,48.380001068115234,80270100,2789.820068359375
2020-04-13,48.470001220703125,51.06999969482422,48.22999954223633,50.93999862670898,50.93999862670898,64290100,2761.6298828125
2020-04-14,52.2400016784668,55.13999938964844,52.11000061035156,54.93000030517578,54.93000030517578,85306800,2846.06005859375
2020-04-15,53.72999954223633,55.56999969482422,53.40999984741211,54.9900016784668,54.9900016784668,83814000,2783.360107421875
2020-04-16,55.959999084472656,58.08000183105469,55.630001068115234,56.95000076293945,56.95000076293945,103106500,2799.550048828125
2020-04-17,57.34999847412109,57.7599983215332,55.54999923706055,56.59999847412109,56.59999847412109,76908800,2874.56005859375
2020-04-20,55.97999954223633,58.630001068115234,55.84999847412109,56.970001220703125,56.970001220703125,72367300,2823.159912109375
2020-04-21,56.900001525878906,57.72999954223633,51.40999984741211,52.91999816894531,52.91999816894531,123906400,2736.56005859375
2020-04-22,54.90999984741211,56.150001525878906,54.34000015258789,55.91999816894531,55.91999816894531,63041600,2799.31005859375
2020-04-23,56.650001525878906,57.290000915527344,55.63999938964844,55.900001525878906,55.900001525878906,69662700,2797.800048828125
2020-04-24,55.09999847412109,56.77999877929688,54.41999816894531,56.18000030517578,56.18000030517578,72761000,2836.739990234375
2020-04-27,57.43999862670898,58.0,56.25,56.4900016784668,56.4900016784668,62568100,2878.47998046875
2020-04-28,57.15999984741211,57.34999847412109,55.29999923706055,55.5099983215332,55.5099983215332,80501800,2863.389892578125
2020-04-29,54.52999877929688,54.86000061035156,52.7400016784668,53.65999984741211,53.65999984741211,110800900,2939.510009765625
2020-04-30,53.43000030517578,54.290000915527344,52.02999877929688,52.38999938964844,52.38999938964844,65543900,2912.429931640625
2020-05-01,51.06999969482422,51.95000076293945,49.09000015258789,49.880001068115234,49.880001068115234,69562700,2830.7099609375
2020-05-04,49.81999969482422,52.61000061035156,49.72999954223633,52.560001373291016,52.560001373291016,62590600,2842.739990234375
2020-05-05,53.43000030517578,53.5099983215332,51.290000915527344,52.18999862670898,52.18999862670898,56560500,2868.43994140625
2020-05-06,52.41999816894531,53.310001373291016,51.880001068115234,52.15999984741211,52.15999984741211,48138100,2848.419921875
2020-05-07,52.93000030517578,52.970001220703125,51.619998931884766,51.95000076293945,51.95000076293945,48956600,2881.18994140625
2020-05-08,52.150001525878906,53.27000045776367,51.810001373291016,53.18999862670898,53.18999862670898,40686100,2929.800048828125
2020-05-11,52.900001525878906,55.88999938964844,52.75,55.7400016784668,55.7400016784668,68746400,2930.18994140625
2020-05-12,56.209999084472656,56.58000183105469,53.75,53.7599983215332,53.7599983215332,55631100,2870.1201171875
2020-05-13,54.040000915527344,55.220001220703125,51.29999923706055,52.18000030517578,52.18000030517578,76824700,2820.0
2020-05-14,52.09999847412109,54.540000915527344,51.61000061035156,54.5099983215332,54.5099983215332,73814000,2852.5
2020-05-15,53.31999969482422,54.43999862670898,52.86000061035156,54.20000076293945,54.20000076293945,66950900,2863.699951171875
2020-05-18,54.97999954223633,55.25,54.2400016784668,54.59000015258789,54.59000015258789,48569200,2953.909912109375
2020-05-19,54.38999938964844,56.72999954223633,54.36000061035156,55.470001220703125,55.470001220703125,60388500,2922.93994140625
2020-05-20,56.54999923706055,56.97999954223633,55.630001068115234,56.38999938964844,56.38999938964844,50888200,2971.610107421875
2020-05-21,56.68000030517578,56.720001220703125,54.61000061035156,54.650001525878906,54.650001525878906,48496100,2948.510009765625
2020-05-22,54.77000045776367,55.369998931884766,53.77999877929688,55.16999816894531,55.16999816894531,43524100,2955.449951171875
2020-05-26,56.0099983215332,56.08000183105469,53.02000045776367,53.18999862670898,53.18999862670898,51618900,2991.77001953125
2020-05-27,53.27000045776367,53.27999877929688,49.09000015258789,52.7400016784668,52.7400016784668,102414500,3036.1298828125
2020-05-28,52.25,53.540000915527344,51.25,51.7400016784668,51.7400016784668,53670200,3029.72998046875
2020-05-29,52.06999969482422,53.79999923706055,51.84999847412109,53.79999923706055,53.79999923706055,64666700,3044.31005859375
2020-06-01,53.310001373291016,54.11000061035156,52.88999938964844,53.630001068115234,53.630001068115234,36864400,3055.72998046875
2020-06-02,53.45000076293945,53.56999969482422,52.0099983215332,53.540000915527344,53.540000915527344,42855200,3080.820068359375
2020-06-03,53.59999847412109,53.650001525878906,52.33000183105469,52.72999954223633,52.72999954223633,46765300,3122.8701171875
2020-06-04,52.59000015258789,53.7400016784668,52.20000076293945,52.630001068115234,52.630001068115234,44869100,3112.35009765625
2020-06-05,52.9900016784668,53.56999969482422,52.08000183105469,53.09999847412109,53.09999847412109,53908300,3193.929931640625
2020-06-08,53.29999923706055,53.34999847412109,52.2599983215332,52.970001220703125,52.970001220703125,39681700,3232.389892578125
2020-06-09,52.95000076293945,56.459999084472656,52.720001220703125,56.38999938964844,56.38999938964844,79919100,3207.179931640625
2020-06-10,57.20000076293945,59.0,57.02999877929688,57.43999862670898,57.43999862670898,78719400,3190.139892578125
2020-06-11,55.93999862670898,56.68000030517578,52.79999923706055,52.83000183105469,52.83000183105469,78715400,3002.10009765625
2020-06-12,55.0099983215332,55.59999847412109,52.11000061035156,53.5,53.5,71189100,3041.31005859375
2020-06-15,52.58000183105469,54.72999954223633,52.40999984741211,54.68000030517578,54.68000030517578,56740700,3066.590087890625
2020-06-16,55.720001220703125,56.06999969482422,53.59000015258789,54.459999084472656,54.459999084472656,50949700,3124.739990234375
2020-06-17,54.790000915527344,55.81999969482422,54.29999923706055,54.54999923706055,54.54999923706055,45146500,3113.489990234375
2020-06-18,54.619998931884766,55.119998931884766,53.650001525878906,54.040000915527344,54.040000915527344,40354700,3115.340087890625
2020-06-19,54.40999984741211,55.459999084472656,53.81999969482422,54.22999954223633,54.22999954223633,52801500,3097.739990234375
2020-06-22,54.66999816894531,55.16999816894531,53.7400016784668,54.7599983215332,54.7599983215332,44704800,3117.860107421875
2020-06-23,55.04999923706055,55.369998931884766,53.869998931884766,53.9900016784668,53.9900016784668,48089000,3131.2900390625
2020-06-24,53.93999862670898,54.7400016784668,51.91999816894531,52.38999938964844,52.38999938964844,53535500,3050.330078125
2020-06-25,52.560001373291016,52.70000076293945,50.540000915527344,51.93000030517578,51.93000030517578,51129600,3083.760009765625
2020-06-26,51.84999847412109,51.95000076293945,49.45000076293945,50.09999847412109,50.09999847412109,65485700,3009.050048828125
2020-06-29,50.150001525878906,50.27999877929688,48.41999816894531,50.27999877929688,50.27999877929688,49905800,3053.239990234375
2020-06-30,51.15999984741211,52.77000045776367,50.81999969482422,52.61000061035156,52.61000061035156,42275700,3100.2900390625
2020-07-01,52.630001068115234,52.869998931884766,51.59999847412109,52.58000183105469,52.58000183105469,32370900,3115.860107421875
2020-07-02,53.02999877929688,53.18999862670898,52.04999923706055,52.34000015258789,52.34000015258789,29081400,3130.010009765625
2020-07-06,52.900001525878906,53.52000045776367,52.33000183105469,53.400001525878906,53.400001525878906,36769400,3179.719970703125
2020-07-07,53.27999877929688,54.16999816894531,52.86000061035156,52.93000030517578,52.93000030517578,32153100,3145.320068359375
2020-07-08,53.0099983215332,53.470001220703125,52.06999969482422,53.43000030517578,53.43000030517578,35608300,3169.93994140625
2020-07-09,53.52000045776367,57.58000183105469,53.310001373291016,57.2599983215332,57.2599983215332,87216300,3152.050048828125
2020-07-10,57.540000915527344,58.150001525878906,55.5099983215332,55.880001068115234,55.880001068115234,59839700,3185.0400390625
2020-07-13,56.68000030517578,58.34999847412109,53.380001068115234,53.59000015258789,53.59000015258789,57741800,3155.219970703125
2020-07-14,53.29999923706055,54.86000061035156,52.2599983215332,54.720001220703125,54.720001220703125,54890100,3197.52001953125
2020-07-15,54.959999084472656,55.369998931884766,53.59000015258789,55.34000015258789,55.34000015258789,42360300,3226.56005859375
2020-07-16,54.68000030517578,55.150001525878906,53.7400016784668,54.91999816894531,54.91999816894531,36887100,3215.570068359375
2020-07-17,55.310001373291016,55.810001373291016,54.68000030517578,55.040000915527344,55.040000915527344,34710400,3224.72998046875
2020-07-20,55.22999954223633,57.52999877929688,54.83000183105469,57.459999084472656,57.459999084472656,45034300,3251.840087890625
2020-07-21,57.810001373291016,58.5,56.31999969482422,57.0,57.0,44741000,3257.300048828125
2020-07-22,57.06999969482422,62.0,56.970001220703125,61.790000915527344,61.790000915527344,135159400,3276.02001953125
2020-07-23,61.630001068115234,62.33000183105469,58.630001068115234,59.56999969482422,59.56999969482422,106829100,3235.659912109375
2020-07-24,64.18000030517578,69.94000244140625,64.05000305175781,69.4000015258789,69.4000015258789,205314500,3215.6298828125
2020-07-27,69.27999877929688,71.62999725341797,67.79000091552734,68.97000122070312,68.97000122070312,107918100,3239.409912109375
2020-07-28,68.0999984741211,69.80000305175781,67.0199966430664,67.61000061035156,67.61000061035156,94181400,3218.43994140625
2020-07-29,75.5,77.19000244140625,73.9000015258789,76.08999633789062,76.08999633789062,132969700,3258.43994140625
2020-07-30,75.37000274658203,78.95999908447266,75.06999969482422,78.19999694824219,78.19999694824219,80286900,3246.219970703125
2020-07-31,78.66999816894531,78.95999908447266,75.36000061035156,77.43000030517578,77.43000030517578,71621600,3271.1201171875
2020-08-03,78.19000244140625,78.5,77.05999755859375,77.66999816894531,77.66999816894531,42628800,3294.610107421875
2020-08-04,78.02999877929688,85.80999755859375,77.98999786376953,85.04000091552734,85.04000091552734,155676100,3306.510009765625
2020-08-05,84.95999908447266,86.31999969482422,83.31999969482422,85.30999755859375,85.30999755859375,65642600,3327.77001953125
2020-08-06,85.48999786376953,86.9800033569336,84.77999877929688,86.70999908447266,86.70999908447266,53961700,3349.159912109375
2020-08-07,86.66999816894531,87.29000091552734,82.66999816894531,84.8499984741211,84.8499984741211,66543200,3351.280029296875
2020-08-10,85.05000305175781,85.16000366210938,79.31999969482422,82.23999786376953,82.23999786376953,70536100,3360.469970703125
2020-08-11,80.70999908447266,80.70999908447266,76.0999984741211,76.87999725341797,76.87999725341797,77877700,3333.68994140625
2020-08-12,78.43000030517578,82.87999725341797,77.55000305175781,82.61000061035156,82.61000061035156,88513700,3380.35009765625
2020-08-13,82.87999725341797,84.0199966430664,81.54000091552734,81.83999633789062,81.83999633789062,57407400,3373.429931640625
2020-08-14,81.80999755859375,83.23999786376953,80.87999725341797,81.30000305175781,81.30000305175781,42389500,3372.85009765625
2020-08-17,82.08999633789062,83.05999755859375,81.55000305175781,82.41999816894531,82.41999816894531,31450200,3381.989990234375
2020-08-18,82.80000305175781,82.87999725341797,81.02999877929688,81.66000366210938,81.66000366210938,30970500,3389.780029296875
2020-08-19,81.77999877929688,81.8499984741211,80.44999694824219,81.08999633789062,81.08999633789062,37507400,3374.85009765625
2020-08-20,79.73999786376953,82.83999633789062,79.12000274658203,82.7699966430664,82.7699966430664,42948900,3385.510009765625
2020-08-21,83.29000091552734,84.41000366210938,82.2300033569336,83.80999755859375,83.80999755859375,48280300,3397.159912109375
2020-08-24,84.55000305175781,85.33000183105469,82.55000305175781,83.08000183105469,83.08000183105469,38036100,3431.280029296875
2020-08-25,83.36000061035156,86.62000274658203,82.3499984741211,86.3499984741211,86.3499984741211,49234400,3443.6201171875
2020-08-26,86.97000122070312,87.72000122070312,85.19999694824219,86.0199966430664,86.0199966430664,47157300,3478.72998046875
2020-08-27,86.3499984741211,86.58000183105469,82.94000244140625,83.80000305175781,83.80000305175781,42194200,3484.550048828125
2020-08-28,84.30000305175781,86.04000091552734,84.19000244140625,85.55000305175781,85.55000305175781,40723300,3508.010009765625
2020-08-31,85.05000305175781,92.63999938964844,85.05000305175781,90.81999969482422,90.81999969482422,90655900,3500.31005859375
2020-09-01,91.91999816894533,92.51000213623048,90.19000244140624,92.18000030517578,92.18000030517578,55825600,3526.64990234375
2020-09-02,94.01000213623048,94.27999877929688,88.73999786376953,90.22000122070312,90.22000122070312,50366900,3580.840087890625
2020-09-03,87.83999633789062,88.47000122070312,81.58999633789062,82.54000091552734,82.54000091552734,87462700,3455.06005859375
2020-09-04,81.44999694824219,84.38999938964844,76.33000183105469,82.01000213623047,82.01000213623047,82267800,3426.9599609375
2020-09-08,78.05000305175781,81.87999725341797,78.0,78.69000244140625,78.69000244140625,54955700,3331.840087890625
2020-09-09,81.4000015258789,82.44000244140625,79.27999877929688,81.91000366210938,81.91000366210938,54163900,3398.9599609375
2020-09-10,83.06999969482422,83.30999755859375,78.37999725341797,78.9800033569336,78.9800033569336,51499400,3339.18994140625
2020-09-11,79.81999969482422,79.98999786376953,75.04000091552734,76.33999633789062,76.33999633789062,54763000,3340.969970703125
2020-09-14,76.80000305175781,78.81999969482422,76.26000213623047,77.9000015258789,77.9000015258789,47448700,3383.5400390625
2020-09-15,77.66000366210938,80.33000183105469,75.97000122070312,78.93000030517578,78.93000030517578,57874400,3401.199951171875
2020-09-16,79.3499984741211,79.72000122070312,76.54000091552734,76.66000366210938,76.66000366210938,38393500,3385.489990234375
2020-09-17,74.87999725341797,76.62999725341797,74.19999694824219,76.55000305175781,76.55000305175781,55619100,3357.010009765625
2020-09-18,77.0,77.4000015258789,73.8499984741211,74.93000030517578,74.93000030517578,51082900,3319.469970703125
2020-09-21,74.2300033569336,77.9800033569336,73.87999725341797,77.94000244140625,77.94000244140625,61312000,3281.06005859375
2020-09-22,78.36000061035156,78.79000091552734,75.2699966430664,77.69999694824219,77.69999694824219,56044700,3315.570068359375
2020-09-23,77.38999938964844,77.91000366210938,74.33999633789062,74.7300033569336,74.7300033569336,42327500,3236.919921875
2020-09-24,74.54000091552734,77.25,73.9000015258789,75.81999969482422,75.81999969482422,57540900,3246.590087890625
2020-09-25,76.3499984741211,78.19999694824219,74.66999816894531,78.05999755859375,78.05999755859375,48206200,3298.4599609375
2020-09-28,79.12000274658203,79.56999969482422,77.5199966430664,79.4800033569336,79.4800033569336,48005500,3351.60009765625
2020-09-29,79.30000305175781,82.55000305175781,79.30000305175781,81.7699966430664,81.7699966430664,61568900,3335.469970703125
2020-09-30,81.75,82.94000244140625,80.66000366210938,81.98999786376953,81.98999786376953,51533700,3363.0
2020-10-01,83.05999755859375,85.25,82.86000061035156,84.86000061035156,84.86000061035156,52177100,3380.800048828125
2020-10-02,82.58000183105469,84.6500015258789,81.66000366210938,81.80000305175781,81.80000305175781,52855100,3348.419921875
2020-10-05,82.55000305175781,86.27999877929688,82.55000305175781,86.1500015258789,86.1500015258789,47056500,3408.60009765625
2020-10-06,86.20999908447266,87.25,83.54000091552734,84.4800033569336,84.4800033569336,52725400,3360.969970703125
2020-10-07,86.0999984741211,87.79000091552734,85.6500015258789,86.69000244140625,86.69000244140625,43045700,3419.43994140625
2020-10-08,88.11000061035156,88.72000122070312,85.94999694824219,86.51000213623047,86.51000213623047,54240700,3446.830078125
2020-10-09,84.73999786376953,85.75,82.3499984741211,83.0999984741211,83.0999984741211,80354400,3477.139892578125
2020-10-12,83.6500015258789,85.12999725341797,83.12000274658203,84.29000091552734,84.29000091552734,47669700,3534.219970703125
2020-10-13,84.86000061035156,86.08999633789062,83.97000122070312,85.27999877929688,85.27999877929688,42764100,3511.929931640625
2020-10-14,85.86000061035156,85.95999908447266,83.45999908447266,84.20999908447266,84.20999908447266,40403000,3488.669921875
2020-10-15,83.4000015258789,84.72000122070312,82.41999816894531,83.12999725341797,83.12999725341797,33696400,3483.340087890625
2020-10-16,83.54000091552734,83.98999786376953,82.41000366210938,83.16999816894531,83.16999816894531,31474300,3483.81005859375
2020-10-19,83.62000274658203,84.6500015258789,81.52999877929688,82.0,82.0,36689100,3426.919921875
2020-10-20,82.16000366210938,82.69000244140625,80.58000183105469,81.55999755859375,81.55999755859375,38219400,3443.1201171875
2020-10-21,81.72000122070312,81.93000030517578,79.19000244140625,79.19999694824219,79.19999694824219,36426400,3435.56005859375
2020-10-22,79.6500015258789,80.81999969482422,78.41999816894531,79.41999816894531,79.41999816894531,38006800,3453.489990234375
2020-10-23,80.93000030517578,81.98999786376953,79.33000183105469,81.95999908447266,81.95999908447266,46557700,3465.389892578125
2020-10-26,82.55000305175781,84.97000122070312,80.86000061035156,82.2300033569336,82.2300033569336,69423700,3400.969970703125
2020-10-27,82.0,82.37000274658203,77.56999969482422,78.87999725341797,78.87999725341797,156669500,3390.679931640625
2020-10-28,78.7300033569336,78.95999908447266,75.76000213623047,76.4000015258789,76.4000015258789,76529900,3271.030029296875
2020-10-29,76.75,79.18000030517578,76.29000091552734,78.0199966430664,78.0199966430664,52784100,3310.110107421875
2020-10-30,77.08999633789062,77.69999694824219,74.2300033569336,75.29000091552734,75.29000091552734,51349000,3269.9599609375
2020-11-02,75.8499984741211,76.33999633789062,73.76000213623047,74.69999694824219,74.69999694824219,45760700,3310.239990234375
2020-11-03,74.93000030517578,77.08000183105469,74.5999984741211,76.58000183105469,76.58000183105469,41231800,3369.159912109375
2020-11-04,80.25,81.8499984741211,78.97000122070312,81.3499984741211,81.3499984741211,66579700,3443.43994140625
2020-11-05,83.2699966430664,83.5,81.8499984741211,83.0,83.0,46542300,3510.449951171875
2020-11-06,83.5199966430664,86.08999633789062,82.66999816894531,85.87999725341797,85.87999725341797,53829900,3509.43994140625
2020-11-09,84.23999786376953,87.05000305175781,82.7699966430664,83.12000274658203,83.12000274658203,58580700,3550.5
2020-11-10,81.93000030517578,82.12999725341797,77.62999725341797,77.98999786376953,77.98999786376953,67137200,3545.530029296875
2020-11-11,79.38999938964844,81.47000122070312,78.97000122070312,81.27999877929688,81.27999877929688,44611300,3572.659912109375
2020-11-12,81.31999969482422,83.0,80.30000305175781,81.83999633789062,81.83999633789062,37242600,3537.010009765625
2020-11-13,82.7300033569336,83.11000061035156,80.69999694824219,81.43000030517578,81.43000030517578,30423200,3585.14990234375
2020-11-16,81.20999908447266,83.77999877929688,80.4800033569336,83.7300033569336,83.7300033569336,38640800,3626.909912109375
2020-11-17,83.93000030517578,84.80999755859375,82.91000366210938,83.36000061035156,83.36000061035156,29473500,3609.530029296875
2020-11-18,83.01000213623047,83.95999908447266,82.22000122070312,82.54000091552734,82.54000091552734,29968000,3567.7900390625
2020-11-19,82.38999938964844,85.63999938964844,81.72000122070312,85.54000091552734,85.54000091552734,50116800,3581.8701171875
2020-11-20,85.27999877929688,86.0999984741211,84.47000122070312,84.63999938964844,84.63999938964844,35008400,3557.5400390625
2020-11-23,85.5199966430664,87.54000091552734,84.62000274658203,85.30999755859375,85.30999755859375,46505000,3577.590087890625
2020-11-24,85.72000122070312,86.11000061035156,83.31999969482422,85.06999969482422,85.06999969482422,36839200,3635.409912109375
2020-11-25,85.76000213623047,87.83999633789062,85.5199966430664,86.70999908447266,86.70999908447266,41349700,3629.64990234375
2020-11-27,87.98999786376953,88.0,86.36000061035156,87.19000244140625,87.19000244140625,22717600,3638.35009765625
2020-11-30,87.33000183105469,92.73999786376952,86.52999877929688,92.66000366210938,92.66000366210938,84483000,3621.6298828125
2020-12-01,92.25,93.9000015258789,90.77999877929688,92.62999725341795,92.62999725341795,58583600,3662.449951171875
2020-12-02,92.88999938964844,96.37000274658205,92.52999877929688,93.73999786376952,93.73999786376952,57988800,3669.010009765625
2020-12-03,94.05999755859376,94.6999969482422,92.01000213623048,92.30999755859376,92.30999755859376,35859700,3666.719970703125
2020-12-04,92.58000183105467,94.58000183105467,90.62999725341795,94.04000091552734,94.04000091552734,45570300,3699.1201171875
2020-12-07,94.9499969482422,95.0,92.97000122070312,94.06999969482422,94.06999969482422,39815700,3691.9599609375
2020-12-08,94.0500030517578,94.73999786376952,91.9000015258789,92.91999816894533,92.91999816894533,33907500,3702.25
2020-12-09,92.76000213623048,94.6999969482422,89.16000366210938,89.83000183105469,89.83000183105469,52170400,3672.820068359375
2020-12-10,89.55000305175781,92.08999633789062,89.02999877929688,91.66000366210938,91.66000366210938,33804400,3668.10009765625
2020-12-11,91.54000091552734,92.33000183105467,90.16000366210938,91.6500015258789,91.6500015258789,28368100,3663.4599609375
2020-12-14,92.20999908447266,95.41000366210938,91.8499984741211,94.77999877929688,94.77999877929688,48026400,3647.489990234375
2020-12-15,95.93000030517578,97.9800033569336,95.4499969482422,97.12000274658205,97.12000274658205,57232700,3694.6201171875
2020-12-16,97.04000091552734,97.2699966430664,95.45999908447266,96.8499984741211,96.8499984741211,34909000,3701.169921875
2020-12-17,97.5500030517578,97.91999816894533,96.25,96.83999633789062,96.83999633789062,32023700,3722.47998046875
2020-12-18,97.2699966430664,97.68000030517578,93.55999755859376,95.91999816894533,95.91999816894533,51823100,3709.409912109375
2020-12-21,94.25,95.27999877929688,91.08000183105467,93.2300033569336,93.2300033569336,47093900,3694.919921875
2020-12-22,93.36000061035156,93.5500030517578,90.52999877929688,93.16000366210938,93.16000366210938,35673700,3687.260009765625
2020-12-23,93.08000183105467,93.12999725341795,91.45999908447266,91.5500030517578,91.5500030517578,25993300,3690.010009765625
2020-12-24,91.8000030517578,92.51000213623048,91.30999755859376,91.80999755859376,91.80999755859376,16705900,3703.06005859375
2020-12-28,92.93000030517578,93.13999938964844,90.81999969482422,91.5999984741211,91.5999984741211,30627300,3735.360107421875
2020-12-29,91.66000366210938,92.45999908447266,89.43000030517578,90.62000274658205,90.62000274658205,31748200,3727.0400390625
2020-12-30,90.77999877929688,92.8499984741211,90.19000244140624,92.29000091552734,92.29000091552734,25845000,3732.0400390625
2020-12-31,92.0999984741211,92.3000030517578,90.87000274658205,91.70999908447266,91.70999908447266,24930700,3756.070068359375
2021-01-04,92.11000061035156,96.05999755859376,90.91999816894533,92.3000030517578,92.3000030517578,51802600,3700.64990234375
2021-01-05,92.0999984741211,93.20999908447266,91.41000366210938,92.7699966430664,92.7699966430664,34208000,3726.860107421875
2021-01-06,91.62000274658205,92.27999877929688,89.45999908447266,90.33000183105467,90.33000183105467,51911700,3748.139892578125
2021-01-07,91.33000183105467,95.51000213623048,91.1999969482422,95.16000366210938,95.16000366210938,42897200,3803.7900390625
2021-01-08,95.9800033569336,96.4000015258789,93.2699966430664,94.58000183105467,94.58000183105467,39816400,3824.679931640625
2021-01-11,94.02999877929688,99.2300033569336,93.76000213623048,97.25,97.25,48600200,3799.610107421875
2021-01-12,97.86000061035156,98.97000122070312,94.06999969482422,95.36000061035156,95.36000061035156,67672300,3801.18994140625
2021-01-13,93.01000213623048,93.88999938964844,90.83999633789062,91.77999877929688,91.77999877929688,60712900,3809.840087890625
2021-01-14,91.7699966430664,92.36000061035156,90.4499969482422,90.79000091552734,90.79000091552734,53408200,3795.5400390625
2021-01-15,90.75,91.58999633789062,87.86000061035156,88.20999908447266,88.20999908447266,49340300,3768.25
2021-01-19,89.55999755859375,89.58000183105469,87.23999786376953,89.44999694824219,89.44999694824219,45115100,3798.909912109375
2021-01-20,90.5500030517578,90.77999877929688,88.5999984741211,88.75,88.75,35185800,3851.85009765625
2021-01-21,89.33999633789062,92.06999969482422,88.43000030517578,91.52999877929688,91.52999877929688,54221900,3853.070068359375
2021-01-22,94.41999816894533,95.9499969482422,91.87999725341795,92.79000091552734,92.79000091552734,71294700,3841.469970703125
2021-01-25,94.13999938964844,95.73999786376952,91.4000015258789,94.12999725341795,94.12999725341795,55086900,3855.360107421875
2021-01-26,94.91000366210938,95.72000122070312,93.62999725341795,94.70999908447266,94.70999908447266,59449100,3849.6201171875
2021-01-27,91.0999984741211,91.87999725341795,86.22000122070312,88.83999633789062,88.83999633789062,73341200,3750.77001953125
2021-01-28,89.83000183105469,89.87999725341797,87.30000305175781,87.5199966430664,87.5199966430664,47048400,3787.3798828125
2021-01-29,87.55999755859375,88.33000183105469,85.0199966430664,85.63999938964844,85.63999938964844,56735800,3714.239990234375
2021-02-01,86.83000183105469,87.94999694824219,84.66000366210938,87.66000366210938,87.66000366210938,42359300,3773.860107421875
2021-02-02,88.48999786376953,89.27999877929688,86.94999694824219,88.86000061035156,88.86000061035156,33850000,3826.31005859375
2021-02-03,88.5999984741211,89.4800033569336,87.33999633789062,87.88999938964844,87.88999938964844,32312900,3830.169921875
2021-02-04,88.22000122070312,88.5999984741211,87.05999755859375,87.83999633789062,87.83999633789062,30791600,3871.739990234375
2021-02-05,88.1500015258789,88.36000061035156,86.87999725341797,87.9000015258789,87.9000015258789,30268700,3886.830078125
2021-02-08,88.30999755859375,91.98999786376952,87.9800033569336,91.47000122070312,91.47000122070312,47639900,3915.590087890625
2021-02-09,91.38999938964844,93.3000030517578,90.5500030517578,90.91000366210938,90.91000366210938,37596400,3911.22998046875
2021-02-10,91.5,93.2699966430664,90.45999908447266,92.3499984741211,92.3499984741211,42441300,3909.8798828125
2021-02-11,92.9000015258789,93.6500015258789,91.33000183105467,92.66000366210938,92.66000366210938,35571000,3916.3798828125
2021-02-12,92.75,94.22000122070312,91.9000015258789,93.7699966430664,93.7699966430664,38538400,3934.830078125
2021-02-16,93.9000015258789,94.0,90.75,91.45999908447266,91.45999908447266,35105900,3932.590087890625
2021-02-17,90.55999755859376,90.95999908447266,88.56999969482422,89.94000244140625,89.94000244140625,32245500,3931.330078125
2021-02-18,89.08999633789062,89.5999984741211,87.30999755859375,88.63999938964844,88.63999938964844,35624900,3913.969970703125
2021-02-19,89.75,90.41999816894533,88.69000244140625,89.58000183105469,89.58000183105469,29548300,3906.7099609375
2021-02-22,88.1500015258789,88.30000305175781,85.20999908447266,85.37000274658203,85.37000274658203,36930200,3876.5
2021-02-23,83.4000015258789,85.11000061035156,79.36000061035156,84.73999786376953,84.73999786376953,49720900,3881.3701171875
2021-02-24,84.33000183105469,87.08999633789062,82.80999755859375,86.94000244140625,86.94000244140625,40821200,3925.429931640625
2021-02-25,86.16999816894531,87.08999633789062,81.91999816894531,82.41999816894531,82.41999816894531,54625100,3829.340087890625
2021-02-26,83.56999969482422,85.58999633789062,82.91000366210938,84.51000213623047,84.51000213623047,48962900,3811.14990234375
2021-03-01,85.37000274658203,86.5,83.97000122070312,86.38999938964844,86.38999938964844,32746200,3901.820068359375
2021-03-02,86.91999816894531,86.94999694824219,84.04000091552734,84.12999725341797,84.12999725341797,34828200,3870.2900390625
2021-03-03,84.27999877929688,84.37999725341797,80.8499984741211,80.86000061035156,80.86000061035156,43541000,3819.719970703125
2021-03-04,80.2300033569336,81.80999755859375,76.77999877929688,77.75,77.75,60549400,3768.469970703125
2021-03-05,79.0,79.4800033569336,74.19999694824219,78.5199966430664,78.5199966430664,58548900,3841.93994140625
2021-03-08,78.02999877929688,79.0,73.86000061035156,73.95999908447266,73.95999908447266,54563900,3821.35009765625
2021-03-09,76.7300033569336,79.22000122070312,75.7699966430664,78.52999877929688,78.52999877929688,45088300,3875.43994140625
2021-03-10,79.75,80.04000091552734,77.41000366210938,77.5199966430664,77.5199966430664,45416600,3898.81005859375
2021-03-11,79.4000015258789,81.88999938964844,79.37000274658203,81.2300033569336,81.2300033569336,43583700,3939.340087890625
2021-03-12,79.7300033569336,81.19000244140625,79.2300033569336,81.05000305175781,81.05000305175781,32938000,3943.340087890625
2021-03-15,81.91000366210938,83.38999938964844,81.19999694824219,82.5,82.5,39086800,3968.93994140625
2021-03-16,83.66000366210938,84.75,82.26000213623047,82.75,82.75,42971600,3962.7099609375
2021-03-17,81.75,83.25,80.41000366210938,82.62999725341797,82.62999725341797,43320600,3974.1201171875
2021-03-18,81.05999755859375,81.62000274658203,78.01000213623047,78.12000274658203,78.12000274658203,51036500,3915.4599609375
2021-03-19,78.48999786376953,79.33999633789062,77.58999633789062,79.05999755859375,79.05999755859375,42283400,3913.10009765625
2021-03-22,79.98999786376953,81.2699966430664,79.22000122070312,80.30000305175781,80.30000305175781,39648600,3940.590087890625
2021-03-23,80.12999725341797,80.33999633789062,77.94999694824219,78.37999725341797,78.37999725341797,40466600,3910.52001953125
2021-03-24,77.55000305175781,78.80000305175781,76.4000015258789,76.4800033569336,76.4800033569336,43753600,3889.139892578125
2021-03-25,75.8499984741211,76.94999694824219,74.95999908447266,76.22000122070312,76.22000122070312,44735100,3909.52001953125
2021-03-26,76.62000274658203,77.5,75.02999877929688,77.41000366210938,77.41000366210938,49148700,3974.5400390625
2021-03-29,77.02999877929688,78.0199966430664,76.26000213623047,77.13999938964844,77.13999938964844,37144300,3971.090087890625
2021-03-30,76.47000122070312,76.55999755859375,74.8499984741211,76.0,76.0,39169300,3958.550048828125
2021-03-31,76.56999969482422,79.12999725341797,76.5199966430664,78.5,78.5,43659500,3972.889892578125
2021-04-01,80.16000366210938,81.30999755859375,79.4800033569336,81.08999633789062,81.08999633789062,40182400,4019.8701171875
2021-04-05,81.73999786376953,81.9000015258789,80.38999938964844,81.43000030517578,81.43000030517578,32610600,4077.909912109375
2021-04-06,81.20999908447266,82.45999908447266,80.87999725341797,81.44000244140625,81.44000244140625,29327900,4073.93994140625
2021-04-07,81.31999969482422,83.0999984741211,80.3499984741211,82.19999694824219,82.19999694824219,35590900,4079.949951171875
2021-04-08,83.31999969482422,83.79000091552734,82.44000244140625,83.3499984741211,83.3499984741211,41925300,4097.169921875
2021-04-09,82.80000305175781,83.58999633789062,82.16000366210938,82.76000213623047,82.76000213623047,32759900,4128.7998046875
2021-04-12,82.05999755859375,82.18000030517578,78.02999877929688,78.58000183105469,78.58000183105469,62098800,4127.990234375
2021-04-13,79.66999816894531,80.72000122070312,78.9800033569336,80.19000244140625,80.19000244140625,37767300,4141.58984375
2021-04-14,79.87999725341797,80.12999725341797,77.94000244140625,78.55000305175781,78.55000305175781,34263800,4124.66015625
2021-04-15,80.31999969482422,83.94999694824219,79.97000122070312,83.01000213623047,83.01000213623047,68942800,4170.419921875
2021-04-16,83.30000305175781,83.58999633789062,81.52999877929688,82.1500015258789,82.1500015258789,47280600,4185.47021484375
2021-04-19,82.12999725341797,83.18000030517578,80.38999938964844,81.11000061035156,81.11000061035156,39115500,4163.259765625
2021-04-20,80.81999969482422,81.11000061035156,78.51000213623047,79.2699966430664,79.2699966430664,34977800,4134.93994140625
2021-04-21,78.98999786376953,81.66000366210938,78.86000061035156,81.61000061035156,81.61000061035156,35069000,4173.419921875
2021-04-22,81.61000061035156,81.79000091552734,78.58999633789062,79.05999755859375,79.05999755859375,38846100,4134.97998046875
2021-04-23,80.20999908447266,83.30000305175781,79.95999908447266,82.76000213623047,82.76000213623047,49194000,4180.169921875
2021-04-26,83.3499984741211,85.9000015258789,82.69999694824219,85.41000366210938,85.41000366210938,57594500,4187.6201171875
2021-04-27,85.66999816894531,87.1500015258789,85.12999725341797,85.20999908447266,85.20999908447266,61909900,4186.72021484375
2021-04-28,88.8499984741211,89.19999694824219,83.91999816894531,84.0199966430664,84.0199966430664,108920300,4183.18017578125
2021-04-29,84.69999694824219,85.2699966430664,82.62999725341797,83.91000366210938,83.91000366210938,51294500,4211.47021484375
2021-04-30,82.97000122070312,84.0999984741211,81.41999816894531,81.62000274658203,81.62000274658203,46601900,4181.169921875
2021-05-03,81.97000122070312,82.0,78.45999908447266,78.55000305175781,78.55000305175781,66323300,4192.66015625
2021-05-04,77.94999694824219,78.66999816894531,77.04000091552734,78.61000061035156,78.61000061035156,59194300,4164.66015625
2021-05-05,79.05000305175781,79.30000305175781,77.36000061035156,77.83000183105469,77.83000183105469,42310200,4167.58984375
2021-05-06,77.62999725341797,78.05999755859375,76.47000122070312,77.88999938964844,77.88999938964844,38661300,4201.6201171875
2021-05-07,78.75,79.56999969482422,78.22000122070312,78.80999755859375,78.80999755859375,36954200,4232.60009765625
2021-05-10,78.19999694824219,78.30000305175781,75.91999816894531,75.98999786376953,75.98999786376953,45134500,4188.43017578125
2021-05-11,73.56999969482422,76.93000030517578,72.75,76.83000183105469,76.83000183105469,51008200,4152.10009765625
2021-05-12,75.08999633789062,76.12999725341797,74.16000366210938,74.63999938964844,74.63999938964844,42531400,4063.0400390625
2021-05-13,75.20999908447266,75.69999694824219,72.5,73.08999633789062,73.08999633789062,48646800,4112.5
2021-05-14,74.0199966430664,75.02999877929688,72.72000122070312,74.58999633789062,74.58999633789062,38355800,4173.85009765625
2021-05-17,74.22000122070312,75.5199966430664,73.41000366210938,74.6500015258789,74.6500015258789,40779200,4163.2900390625
2021-05-18,74.73999786376953,75.7699966430664,74.23999786376953,74.44000244140625,74.44000244140625,31982500,4127.830078125
2021-05-19,73.16000366210938,76.97000122070312,72.76000213623047,76.2300033569336,76.2300033569336,73966200,4115.68017578125
2021-05-20,76.80999755859375,78.2699966430664,76.25,78.05999755859375,78.05999755859375,49135000,4159.1201171875
2021-05-21,78.55000305175781,78.80999755859375,77.04000091552734,77.16999816894531,77.16999816894531,40201100,4155.85986328125
2021-05-24,77.26000213623047,78.01000213623047,76.80000305175781,77.44000244140625,77.44000244140625,33194300,4197.0498046875
2021-05-25,77.33000183105469,78.7699966430664,76.83999633789062,77.86000061035156,77.86000061035156,47353100,4188.1298828125
2021-05-26,77.83000183105469,78.58999633789062,77.58999633789062,78.33999633789062,78.33999633789062,30354000,4195.990234375
2021-05-27,78.11000061035156,78.43000030517578,77.47000122070312,78.41999816894531,78.41999816894531,35883200,4200.8798828125
2021-05-28,78.66000366210938,81.08999633789062,78.66000366210938,80.08000183105469,80.08000183105469,40952700,4204.10986328125
2021-06-01,81.01000213623047,82.91000366210938,80.66000366210938,80.80999755859375,80.80999755859375,43433000,4202.0400390625
2021-06-02,81.0,82.5999984741211,80.66000366210938,81.97000122070312,81.97000122070312,35203200,4208.1201171875
2021-06-03,81.12999725341797,81.88999938964844,80.26000213623047,80.27999877929688,80.27999877929688,29812000,4192.85009765625
2021-06-04,80.91999816894531,82.19000244140625,80.80999755859375,81.58000183105469,81.58000183105469,26387800,4229.89013671875
2021-06-07,81.4000015258789,81.68000030517578,80.37999725341797,81.3499984741211,81.3499984741211,29006800,4226.52001953125
2021-06-08,81.87000274658203,82.6500015258789,80.44999694824219,80.88999938964844,80.88999938964844,26956600,4227.259765625
2021-06-09,81.08999633789062,81.68000030517578,79.80000305175781,79.95999908447266,79.95999908447266,28454600,4219.5498046875
2021-06-10,80.0199966430664,81.70999908447266,79.69999694824219,81.55999755859375,81.55999755859375,28606400,4239.18017578125
2021-06-11,81.61000061035156,82.33000183105469,80.69999694824219,81.30999755859375,81.30999755859375,24310900,4247.43994140625
2021-06-14,81.51000213623047,81.55000305175781,80.19999694824219,81.55000305175781,81.55000305175781,27830200,4255.14990234375
2021-06-15,81.58999633789062,81.68000030517578,80.22000122070312,80.47000122070312,80.47000122070312,26194300,4246.58984375
2021-06-16,80.75,81.44999694824219,78.95999908447266,80.11000061035156,80.11000061035156,29598300,4223.7001953125
2021-06-17,80.7699966430664,85.37000274658203,80.56999969482422,84.55999755859375,84.55999755859375,77822800,4221.85986328125
2021-06-18,84.27999877929688,85.7699966430664,83.4800033569336,84.6500015258789,84.6500015258789,58736800,4166.4501953125
2021-06-21,83.48999786376953,84.19000244140625,82.20999908447266,82.58999633789062,82.58999633789062,44417100,4224.7900390625
2021-06-22,82.9000015258789,84.04000091552734,82.4800033569336,83.58000183105469,83.58000183105469,32107700,4246.43994140625
2021-06-23,83.83000183105469,84.48999786376953,83.16000366210938,83.81999969482422,83.81999969482422,25992400,4241.83984375
2021-06-24,84.38999938964844,87.13999938964844,84.37000274658203,86.0999984741211,86.0999984741211,42217700,4266.490234375
2021-06-25,86.33999633789062,86.36000061035156,85.0999984741211,85.62000274658203,85.62000274658203,27804500,4280.7001953125
2021-06-28,86.37999725341797,88.0,86.1500015258789,87.08000183105469,87.08000183105469,30262000,4290.60986328125
2021-06-29,87.41000366210938,90.3000030517578,86.66000366210938,89.5199966430664,89.5199966430664,46181000,4291.7998046875
2021-06-30,90.81999969482422,94.33999633789062,90.5999984741211,93.93000030517578,93.93000030517578,70721500,4297.5
2021-07-01,94.04000091552734,94.18000030517578,91.6999969482422,93.30999755859376,93.30999755859376,58059000,4319.93994140625
2021-07-02,93.27999877929688,95.2699966430664,92.20999908447266,94.6999969482422,94.6999969482422,51316700,4352.33984375
2021-07-06,94.87999725341795,95.41000366210938,93.31999969482422,94.47000122070312,94.47000122070312,44930100,4343.5400390625
2021-07-07,95.0199966430664,95.44000244140624,90.30999755859376,90.54000091552734,90.54000091552734,51498500,4358.1298828125
2021-07-08,87.86000061035156,90.33999633789062,87.44999694824219,89.73999786376953,89.73999786376953,45673500,4320.81982421875
2021-07-09,90.04000091552734,91.26000213623048,88.52999877929688,90.9000015258789,90.9000015258789,35278400,4369.5498046875
2021-07-12,91.22000122070312,91.9000015258789,89.6500015258789,90.80999755859376,90.80999755859376,28526600,4384.6298828125
2021-07-13,90.4800033569336,91.41000366210938,89.83000183105469,90.26000213623048,90.26000213623048,30367600,4369.2099609375
2021-07-14,90.76000213623048,91.4000015258789,88.94000244140625,89.05000305175781,89.05000305175781,28108500,4374.2998046875
2021-07-15,89.77999877929688,89.77999877929688,86.18000030517578,86.93000030517578,86.93000030517578,38944700,4360.02978515625
2021-07-16,87.31999969482422,88.02999877929688,85.68000030517578,85.88999938964844,85.88999938964844,35860700,4327.16015625
2021-07-19,84.98999786376953,87.2300033569336,84.23999786376953,86.58000183105469,86.58000183105469,39244800,4258.490234375
2021-07-20,87.08999633789062,87.7699966430664,85.16999816894531,87.11000061035156,87.11000061035156,28089000,4323.06005859375
2021-07-21,87.25,89.48999786376953,86.9000015258789,89.41000366210938,89.41000366210938,29469900,4358.68994140625
2021-07-22,89.4000015258789,91.36000061035156,89.08000183105469,91.20999908447266,91.20999908447266,33730100,4367.47998046875
2021-07-23,91.3499984741211,92.37000274658205,90.19000244140624,92.1500015258789,92.1500015258789,31708900,4411.7900390625
2021-07-26,92.01000213623048,92.75,91.12000274658205,91.81999969482422,91.81999969482422,27668500,4422.2998046875
2021-07-27,92.94000244140624,94.0999984741211,89.0999984741211,91.02999877929688,91.02999877929688,69427000,4401.4599609375
2021-07-28,93.44000244140624,98.70999908447266,89.6500015258789,97.93000030517578,97.93000030517578,140561000,4400.64013671875
2021-07-29,96.58000183105467,105.73999786376952,96.58000183105467,102.9499969482422,102.9499969482422,164091800,4419.14990234375
2021-07-30,101.5999984741211,106.97000122070312,101.37999725341795,106.19000244140624,106.19000244140624,125632000,4395.259765625
2021-08-02,105.93000030517578,110.33000183105467,103.83000183105467,108.62999725341795,108.62999725341795,115581900,4387.16015625
2021-08-03,108.1500015258789,114.8499984741211,107.66000366210938,112.55999755859376,112.55999755859376,157723100,4423.14990234375
2021-08-04,114.36000061035156,122.48999786376952,114.16000366210938,118.7699966430664,118.7699966430664,225368700,4402.66015625
2021-08-05,116.62999725341795,117.68000030517578,111.58999633789062,112.3499984741211,112.3499984741211,137860900,4429.10009765625
2021-08-06,110.5500030517578,116.26000213623048,109.6999969482422,110.11000061035156,110.11000061035156,143899000,4436.52001953125
2021-08-09,111.30999755859376,112.33000183105467,107.05999755859376,107.58000183105467,107.58000183105467,115749900,4432.35009765625
2021-08-10,107.9000015258789,109.16999816894533,104.36000061035156,106.4800033569336,106.4800033569336,113012300,4436.75
2021-08-11,107.5999984741211,109.79000091552734,105.62000274658205,107.68000030517578,107.68000030517578,91788300,4442.41015625
2021-08-12,107.38999938964844,108.44000244140624,105.86000061035156,106.5,106.5,60578700,4460.830078125
2021-08-13,107.16999816894533,111.70999908447266,106.56999969482422,110.5500030517578,110.5500030517578,100135700,4468.0
2021-08-16,110.1999969482422,111.58000183105467,105.87000274658205,107.4800033569336,107.4800033569336,73325400,4479.7099609375
2021-08-17,106.63999938964844,108.6999969482422,105.3499984741211,107.55999755859376,107.55999755859376,74053900,4448.080078125
2021-08-18,107.3499984741211,108.06999969482422,103.2699966430664,103.44000244140624,103.44000244140624,79387900,4400.27001953125
2021-08-19,103.31999969482422,106.18000030517578,101.9800033569336,103.6999969482422,103.6999969482422,71117500,4405.7998046875
2021-08-20,104.31999969482422,105.9800033569336,103.98999786376952,104.6500015258789,104.6500015258789,55227600,4441.669921875
2021-08-23,105.3000030517578,109.0199966430664,104.86000061035156,108.7699966430664,108.7699966430664,68835300,4479.52978515625
2021-08-24,109.4499969482422,109.61000061035156,107.27999877929688,107.6500015258789,107.6500015258789,51239300,4486.22998046875
2021-08-25,108.12999725341795,109.91000366210938,107.4499969482422,108.3000030517578,108.3000030517578,45485500,4496.18994140625
2021-08-26,108.56999969482422,109.2300033569336,106.83999633789062,107.2699966430664,107.2699966430664,51442500,4470.0
2021-08-27,108.01000213623048,111.77999877929688,107.8000030517578,111.4000015258789,111.4000015258789,61030000,4509.3701171875
2021-08-30,112.61000061035156,114.48999786376952,111.26000213623048,111.31999969482422,111.31999969482422,56130500,4528.7900390625
2021-08-31,111.26000213623048,111.26000213623048,109.02999877929688,110.72000122070312,110.72000122070312,49339000,4522.68017578125
2021-09-01,111.3000030517578,111.8499984741211,109.8499984741211,109.98999786376952,109.98999786376952,38579600,4524.08984375
2021-09-02,110.31999969482422,110.87999725341795,108.7699966430664,109.1999969482422,109.1999969482422,40090500,4536.9501953125
2021-09-03,108.8499984741211,111.16999816894533,108.5,109.91999816894533,109.91999816894533,42605800,4535.43017578125
2021-09-07,109.95999908447266,110.58000183105467,108.66000366210938,109.1500015258789,109.1500015258789,28815200,4520.02978515625
2021-09-08,108.87999725341795,109.3000030517578,105.5199966430664,106.16999816894533,106.16999816894533,43067900,4514.06982421875
2021-09-09,106.55999755859376,107.3000030517578,105.83999633789062,106.1500015258789,106.1500015258789,31857900,4493.27978515625
2021-09-10,106.98999786376952,106.98999786376952,104.9800033569336,105.1999969482422,105.1999969482422,32602300,4458.580078125
2021-09-13,105.26000213623048,105.27999877929688,102.62999725341795,104.8000030517578,104.8000030517578,37767800,4468.72998046875
2021-09-14,105.5199966430664,106.81999969482422,104.41999816894533,105.7300033569336,105.7300033569336,40629500,4443.0498046875
2021-09-15,106.0,106.31999969482422,104.02999877929688,105.5999984741211,105.5999984741211,37998900,4480.7001953125
2021-09-16,104.91999816894533,106.75,103.76000213623048,106.22000122070312,106.22000122070312,38150300,4473.75
2021-09-17,105.55999755859376,105.9800033569336,103.70999908447266,103.87999725341795,103.87999725341795,44528300,4432.990234375
2021-09-20,101.58000183105467,102.51000213623048,99.51000213623048,101.5500030517578,101.5500030517578,45228400,4357.72998046875
2021-09-21,102.1500015258789,103.43000030517578,101.18000030517578,102.81999969482422,102.81999969482422,35481500,4354.18994140625
2021-09-22,102.81999969482422,104.55999755859376,102.20999908447266,104.37999725341795,104.37999725341795,34126300,4395.64013671875
2021-09-23,104.88999938964844,106.86000061035156,103.88999938964844,106.1500015258789,106.1500015258789,32816700,4448.97998046875
2021-09-24,105.19000244140624,106.0500030517578,104.68000030517578,105.8000030517578,105.8000030517578,26482600,4455.47998046875
2021-09-27,105.06999969482422,108.44000244140624,103.44000244140624,108.16000366210938,108.16000366210938,51944300,4443.10986328125
2021-09-28,106.83999633789062,107.6500015258789,101.41999816894533,101.5199966430664,101.5199966430664,74469000,4352.6298828125
2021-09-29,102.3000030517578,102.66000366210938,99.80999755859376,100.3499984741211,100.3499984741211,52224700,4359.4599609375
2021-09-30,102.08000183105467,104.44000244140624,101.98999786376952,102.9000015258789,102.9000015258789,57636700,4307.5400390625
2021-10-01,102.5999984741211,103.0,100.63999938964844,102.4499969482422,102.4499969482422,41491600,4357.0400390625
2021-10-04,101.73999786376952,101.8499984741211,99.81999969482422,100.33999633789062,100.33999633789062,41967100,4300.4599609375
2021-10-05,100.91999816894533,102.87000274658205,100.61000061035156,101.80999755859376,101.80999755859376,31455200,4345.72021484375
2021-10-06,100.4499969482422,103.72000122070312,100.3499984741211,103.63999938964844,103.63999938964844,39071700,4363.5498046875
2021-10-07,104.5999984741211,107.9499969482422,104.45999908447266,106.4499969482422,106.4499969482422,41543100,4399.759765625
2021-10-08,106.5500030517578,107.27999877929688,104.88999938964844,105.05999755859376,105.05999755859376,30623000,4391.33984375
2021-10-11,104.62000274658205,107.1999969482422,104.0199966430664,104.68000030517578,104.68000030517578,31284400,4361.18994140625
2021-10-12,105.16999816894533,106.04000091552734,104.33999633789062,105.04000091552734,105.04000091552734,34039900,4350.64990234375
2021-10-13,106.27999877929688,109.87999725341795,106.25,109.16000366210938,109.16000366210938,55631900,4363.7998046875
2021-10-14,110.5,112.22000122070312,109.62999725341795,111.98999786376952,111.98999786376952,46900200,4438.259765625
2021-10-15,112.51000213623048,112.83999633789062,111.11000061035156,112.12000274658205,112.12000274658205,34203000,4471.3701171875
2021-10-18,111.9000015258789,116.87999725341795,111.37000274658205,116.43000030517578,116.43000030517578,47537800,4486.4599609375
2021-10-19,116.16000366210938,117.16999816894533,114.47000122070312,116.33000183105467,116.33000183105467,39593900,4519.6298828125
2021-10-20,116.29000091552734,118.3000030517578,115.41999816894533,116.38999938964844,116.38999938964844,34244800,4536.18994140625
2021-10-21,116.5,119.68000030517578,116.26000213623048,119.33000183105467,119.33000183105467,34794900,4549.77978515625
2021-10-22,120.83000183105467,121.55999755859376,118.37000274658205,119.81999969482422,119.81999969482422,38992700,4544.89990234375
2021-10-25,120.5199966430664,123.45999908447266,118.5999984741211,122.36000061035156,122.36000061035156,47834100,4566.47998046875
2021-10-26,122.98999786376952,127.1999969482422,122.58000183105467,122.93000030517578,122.93000030517578,59458900,4574.7900390625
2021-10-27,121.62999725341795,128.0800018310547,121.0500030517578,122.27999877929688,122.27999877929688,98245300,4551.68017578125
2021-10-28,122.86000061035156,123.5,120.26000213623048,121.16000366210938,121.16000366210938,58002500,4596.419921875
2021-10-29,120.9499969482422,122.56999969482422,119.87999725341795,120.2300033569336,120.2300033569336,43320100,4605.3798828125
2021-11-01,119.4499969482422,125.66999816894533,118.12999725341795,125.2300033569336,125.2300033569336,54559800,4613.669921875
2021-11-02,124.9800033569336,128.4600067138672,124.1999969482422,127.62999725341795,127.62999725341795,53491900,4630.64990234375
2021-11-03,127.75,130.60000610351562,126.79000091552734,130.52999877929688,130.52999877929688,59537800,4660.56982421875
2021-11-04,132.00999450683594,139.0,130.77000427246094,137.5,137.5,84825200,4680.06005859375
2021-11-05,139.19000244140625,141.22000122070312,134.4199981689453,136.33999633789062,136.33999633789062,64920600,4697.52978515625
2021-11-08,137.6999969482422,153.60000610351562,137.6999969482422,150.16000366210938,150.16000366210938,141493800,4701.7001953125
2021-11-09,154.00999450683594,155.64999389648438,143.88999938964844,148.9199981689453,148.9199981689453,98442600,4685.25
2021-11-10,143.92999267578125,146.3000030517578,138.52000427246094,139.8699951171875,139.8699951171875,82989200,4646.7099609375
2021-11-11,142.9600067138672,146.47000122070312,140.83999633789062,146.00999450683594,146.00999450683594,67934800,4649.27001953125
2021-11-12,146.02999877929688,148.58999633789062,144.25,147.88999938964844,147.88999938964844,52162100,4682.85009765625
2021-11-15,148.0,148.97999572753906,142.86000061035156,146.49000549316406,146.49000549316406,52271300,4682.7998046875
2021-11-16,145.92999267578125,153.0800018310547,145.33999633789062,152.4499969482422,152.4499969482422,53100800,4700.89990234375
2021-11-17,151.97999572753906,154.66000366210938,149.69000244140625,151.33999633789062,151.33999633789062,54527500,4688.669921875
2021-11-18,157.07000732421875,158.88999938964844,152.55999755859375,155.02000427246094,155.02000427246094,60612700,4704.5400390625
2021-11-19,155.75999450683594,156.9199981689453,153.4499969482422,155.41000366210938,155.41000366210938,41668900,4697.9599609375
2021-11-22,157.13999938964844,161.8800048828125,152.38999938964844,152.52000427246094,152.52000427246094,58674100,4682.93994140625
2021-11-23,150.41000366210938,152.66000366210938,145.3000030517578,149.9199981689453,149.9199981689453,62852700,4690.7001953125
2021-11-24,149.4600067138672,157.92999267578125,147.19000244140625,157.8000030517578,157.8000030517578,60677100,4701.4599609375
2021-11-26,155.8000030517578,158.10000610351562,152.80999755859375,154.80999755859375,154.80999755859375,36245100,4594.6201171875
2021-11-29,157.5,162.50999450683594,156.10000610351562,161.91000366210938,161.91000366210938,57438900,4655.27001953125
2021-11-30,163.27999877929688,164.4600067138672,155.67999267578125,158.3699951171875,158.3699951171875,75182500,4567.0
2021-12-01,160.3699951171875,160.8800048828125,148.9199981689453,149.11000061035156,149.11000061035156,64039100,4513.0400390625
2021-12-02,147.67999267578125,152.52999877929688,146.47000122070312,150.67999267578125,150.67999267578125,56161200,4577.10009765625
2021-12-03,151.64999389648438,152.3800048828125,140.72000122070312,144.00999450683594,144.00999450683594,65910000,4538.43017578125
2021-12-06,141.13999938964844,141.30999755859375,134.1999969482422,139.05999755859375,139.05999755859375,66776500,4591.669921875
2021-12-07,143.89999389648438,145.75999450683594,141.0,144.85000610351562,144.85000610351562,53359400,4686.75
2021-12-08,144.9600067138672,147.0399932861328,142.6999969482422,145.24000549316406,145.24000549316406,40977500,4701.2099609375
2021-12-09,145.16000366210938,146.69000244140625,137.8000030517578,138.10000610351562,138.10000610351562,53019900,4667.4501953125
2021-12-10,141.2899932861328,141.3699951171875,135.82000732421875,138.5500030517578,138.5500030517578,42224300,4712.02001953125
2021-12-13,138.25,139.39999389648438,133.4199981689453,133.8000030517578,133.8000030517578,42174000,4668.97021484375
2021-12-14,131.6699981689453,137.24000549316406,130.60000610351562,135.60000610351562,135.60000610351562,50754600,4634.08984375
2021-12-15,135.11000061035156,146.69000244140625,133.80999755859375,146.5,146.5,72425800,4709.85009765625
2021-12-16,147.0,147.92999267578125,137.02000427246094,138.63999938964844,138.63999938964844,63369600,4668.669921875
2021-12-17,136.3000030517578,142.0399932861328,136.11000061035156,137.75,137.75,55642100,4620.64013671875
2021-12-20,135.97000122070312,138.25999450683594,133.52000427246094,135.8000030517578,135.8000030517578,38195400,4568.02001953125
2021-12-21,138.19000244140625,144.5,135.14999389648438,144.25,144.25,57785200,4649.22998046875
2021-12-22,142.64999389648438,144.5,140.27000427246094,143.8800048828125,143.8800048828125,46923700,4696.56005859375
2021-12-23,143.88999938964844,149.02000427246094,143.85000610351562,146.13999938964844,146.13999938964844,48653800,4725.7900390625
2021-12-27,147.50999450683594,154.88999938964844,147.25,154.36000061035156,154.36000061035156,53296400,4791.18994140625
2021-12-28,155.8800048828125,156.72999572753906,151.3800048828125,153.14999389648438,153.14999389648438,58699100,4786.35009765625
2021-12-29,152.82000732421875,154.33999633789062,147.2899932861328,148.25999450683594,148.25999450683594,51300200,4793.06005859375
2021-12-30,147.44000244140625,148.85000610351562,144.85000610351562,145.14999389648438,145.14999389648438,44358000,4778.72998046875
2021-12-31,146.16000366210938,148.61000061035156,143.5500030517578,143.89999389648438,143.89999389648438,49448100,4766.18017578125
2022-01-03,145.13999938964844,151.64999389648438,145.02000427246094,150.24000549316406,150.24000549316406,59396600,4796.56005859375
2022-01-04,151.00999450683594,152.4199981689453,140.6999969482422,144.4199981689453,144.4199981689453,80200500,4793.5400390625
2022-01-05,142.82000732421875,143.75999450683594,135.2899932861328,136.14999389648438,136.14999389648438,65403200,4700.580078125
2022-01-06,136.19000244140625,138.0,131.77000427246094,136.22999572753906,136.22999572753906,64802900,4696.0498046875
2022-01-07,136.27999877929688,137.44000244140625,131.1300048828125,132.0,132.0,58441100,4677.02978515625
2022-01-10,129.0800018310547,132.4199981689453,125.02999877929688,132.0,132.0,84671300,4670.2900390625
2022-01-11,133.4499969482422,138.99000549316406,131.58999633789062,137.30999755859375,137.30999755859375,77153900,4713.06982421875
2022-01-12,138.58999633789062,140.57000732421875,135.77000427246094,137.47000122070312,137.47000122070312,69669600,4726.35009765625
2022-01-13,139.44000244140625,141.25,131.80999755859375,132.74000549316406,132.74000549316406,76618100,4659.02978515625
2022-01-14,131.67999267578125,137.0,131.42999267578125,136.8800048828125,136.8800048828125,71078400,4662.85009765625
2022-01-18,134.5,136.38999938964844,131.58999633789062,131.92999267578125,131.92999267578125,56527400,4577.10986328125
2022-01-19,133.5500030517578,134.57000732421875,128.02000427246094,128.27000427246094,128.27000427246094,69831800,4532.759765625
2022-01-20,126.04000091552734,128.50999450683594,121.41000366210938,121.88999938964844,121.88999938964844,91157300,4482.72998046875
2022-01-21,120.13999938964844,125.0199966430664,118.38999938964844,118.80999755859376,118.80999755859376,95685300,4397.93994140625
2022-01-24,115.4000015258789,116.7699966430664,107.5,116.52999877929688,116.52999877929688,116210100,4410.1298828125
2022-01-25,114.0999984741211,114.81999969482422,109.86000061035156,111.12999725341795,111.12999725341795,85102900,4356.4501953125
2022-01-26,114.5500030517578,117.16000366210938,108.62999725341795,110.70999908447266,110.70999908447266,94752600,4349.93017578125
2022-01-27,111.95999908447266,112.75,101.94000244140624,102.5999984741211,102.5999984741211,125954100,4326.509765625
2022-01-28,101.5500030517578,105.4000015258789,99.3499984741211,105.23999786376952,105.23999786376952,98749500,4431.85009765625
2022-01-31,107.93000030517578,114.30999755859376,106.9000015258789,114.25,114.25,97206000,4515.5498046875
2022-02-01,116.75,117.26000213623048,112.7300033569336,116.77999877929688,116.77999877929688,122467900,4546.5400390625
2022-02-02,129.88999938964844,130.05999755859375,120.63999938964844,122.76000213623048,122.76000213623048,180065000,4589.3798828125
2022-02-03,120.31999969482422,125.37000274658205,118.81999969482422,120.08000183105467,120.08000183105467,103599500,4477.43994140625
2022-02-04,120.33999633789062,124.95999908447266,118.58000183105467,123.5999984741211,123.5999984741211,86212000,4500.52978515625
2022-02-07,123.55999755859376,127.62999725341795,122.79000091552734,123.66999816894533,123.66999816894533,81672500,4483.8701171875
2022-02-08,122.37999725341795,128.7100067138672,122.0500030517578,128.22999572753906,128.22999572753906,84902800,4521.5400390625
2022-02-09,129.60000610351562,132.9600067138672,127.6500015258789,132.85000610351562,132.85000610351562,92948900,4587.18017578125
2022-02-10,128.83999633789062,131.75999450683594,124.61000061035156,125.7699966430664,125.7699966430664,108939900,4504.080078125
2022-02-11,126.13999938964844,127.16999816894533,111.80999755859376,113.18000030517578,113.18000030517578,164723200,4418.64013671875
2022-02-14,115.51000213623048,118.37000274658205,113.45999908447266,114.2699966430664,114.2699966430664,135146400,4401.669921875
2022-02-15,117.19000244140624,121.87999725341795,114.36000061035156,121.47000122070312,121.47000122070312,143975900,4471.06982421875
2022-02-16,119.0500030517578,119.54000091552734,114.22000122070312,117.69000244140624,117.69000244140624,119109600,4475.009765625
2022-02-17,116.26000213623048,116.9800033569336,112.26000213623048,112.37000274658205,112.37000274658205,98179600,4380.259765625
2022-02-18,113.9000015258789,115.63999938964844,109.88999938964844,113.83000183105467,113.83000183105467,114321200,4348.8701171875
2022-02-22,115.2699966430664,119.1999969482422,113.61000061035156,115.6500015258789,115.6500015258789,141648500,4304.759765625
2022-02-23,117.4000015258789,118.6500015258789,109.04000091552734,109.76000213623048,109.76000213623048,120299400,4225.5
2022-02-24,104.55999755859376,116.95999908447266,104.26000213623048,116.61000061035156,116.61000061035156,142956600,4288.7001953125
2022-02-25,117.16000366210938,121.2300033569336,116.04000091552734,121.05999755859376,121.05999755859376,127821000,4384.64990234375
2022-02-28,120.30999755859376,124.61000061035156,119.1999969482422,123.33999633789062,123.33999633789062,124666100,4373.93994140625
2022-03-01,122.33000183105467,122.43000030517578,112.8000030517578,113.83000183105467,113.83000183105467,126552200,4306.259765625
2022-03-02,115.47000122070312,119.4800033569336,113.30999755859376,118.27999877929688,118.27999877929688,118354500,4386.5400390625
2022-03-03,118.12999725341795,118.26000213623048,111.0500030517578,111.9800033569336,111.9800033569336,123916700,4363.490234375
2022-03-04,112.0,113.0,106.80999755859376,108.41000366210938,108.41000366210938,100609400,4328.8701171875
2022-03-07,108.52999877929688,109.52999877929688,102.81999969482422,102.9499969482422,102.9499969482422,92600000,4201.08984375
2022-03-08,102.80999755859376,109.9000015258789,100.08000183105467,105.52999877929688,105.52999877929688,135348300,4170.7001953125
2022-03-09,108.41000366210938,111.70999908447266,106.8499984741211,111.0500030517578,111.0500030517578,102310300,4277.8798828125
2022-03-10,108.88999938964844,109.06999969482422,103.06999969482422,106.45999908447266,106.45999908447266,102557400,4259.52001953125
2022-03-11,108.12999725341795,108.19000244140624,104.08000183105467,104.29000091552734,104.29000091552734,87584400,4204.31005859375
2022-03-14,102.98999786376952,105.23999786376952,101.04000091552734,102.25,102.25,89731700,4173.10986328125
2022-03-15,102.66000366210938,109.69000244140624,101.79000091552734,109.33000183105467,109.33000183105467,112425500,4262.4501953125
2022-03-16,111.5999984741211,115.41999816894533,109.88999938964844,115.37000274658205,115.37000274658205,113689800,4357.85986328125
2022-03-17,112.13999938964844,114.2699966430664,109.70999908447266,111.69000244140624,111.69000244140624,103201700,4411.669921875
2022-03-18,111.27999877929688,114.93000030517578,110.5500030517578,113.45999908447266,113.45999908447266,105834800,4463.1201171875
2022-03-21,113.7300033569336,117.56999969482422,112.54000091552734,115.91999816894533,115.91999816894533,101905900,4461.18017578125
2022-03-22,115.43000030517578,117.9499969482422,113.80999755859376,114.77999877929688,114.77999877929688,101672600,4511.60986328125
2022-03-23,114.29000091552734,117.5500030517578,112.20999908447266,113.91999816894533,113.91999816894533,90579200,4456.240234375
2022-03-24,114.95999908447266,120.5500030517578,113.70999908447266,120.52999877929688,120.52999877929688,121961300,4520.16015625
2022-03-25,119.91999816894533,121.4000015258789,117.25,119.66999816894533,119.66999816894533,95852400,4543.06005859375
2022-03-28,117.6999969482422,120.41000366210938,116.70999908447266,120.23999786376952,120.23999786376952,92966100,4575.52001953125
2022-03-29,122.27999877929688,123.70999908447266,119.58999633789062,123.2300033569336,123.2300033569336,94143000,4631.60009765625
2022-03-30,123.04000091552734,125.66999816894533,118.58999633789062,119.22000122070312,119.22000122070312,99476900,4602.4501953125
2022-03-31,116.30999755859376,116.37999725341795,109.0199966430664,109.33999633789062,109.33999633789062,147004800,4530.41015625
2022-04-01,110.4800033569336,111.41999816894533,106.0999984741211,108.19000244140624,108.19000244140624,111867100,4545.85986328125
2022-04-04,109.97000122070312,110.94000244140624,107.02999877929688,110.52999877929688,110.52999877929688,90123900,4582.64013671875
2022-04-05,109.69000244140624,110.4800033569336,106.0500030517578,106.81999969482422,106.81999969482422,79532000,4525.1201171875
2022-04-06,104.4499969482422,105.73999786376952,101.70999908447266,103.66999816894533,103.66999816894533,105256600,4481.14990234375
2022-04-07,103.91999816894533,105.23999786376952,100.91000366210938,103.72000122070312,103.72000122070312,91895500,4500.2099609375
2022-04-08,102.51000213623048,102.98999786376952,100.41999816894533,101.0,101.0,92746700,4488.27978515625
2022-04-11,98.5999984741211,98.66999816894533,95.94000244140624,97.37000274658205,97.37000274658205,95527700,4412.52978515625
2022-04-12,98.77999877929688,99.58999633789062,94.5999984741211,95.0999984741211,95.0999984741211,89246400,4397.4501953125
2022-04-13,95.3000030517578,98.33000183105467,94.70999908447266,97.73999786376952,97.73999786376952,77728400,4446.58984375
2022-04-14,98.37000274658205,98.38999938964844,92.91999816894533,93.05999755859376,93.05999755859376,73354400,4392.58984375
2022-04-18,92.02999877929688,95.16000366210938,91.63999938964844,93.88999938964844,93.88999938964844,80605800,4391.68994140625
2022-04-19,93.38999938964844,97.06999969482422,92.83999633789062,96.93000030517578,96.93000030517578,77069500,4462.2099609375
2022-04-20,97.83999633789062,97.91000366210938,93.1999969482422,94.0199966430664,94.0199966430664,62489000,4459.4501953125
2022-04-21,95.16000366210938,96.2300033569336,89.23999786376953,89.8499984741211,89.8499984741211,76680600,4393.66015625
2022-04-22,90.02999877929688,91.45999908447266,87.94000244140625,88.13999938964844,88.13999938964844,75017700,4271.77978515625
2022-04-25,89.86000061035156,91.37000274658205,88.61000061035156,90.69000244140624,90.69000244140624,93481000,4296.1201171875
2022-04-26,89.73999786376953,90.12000274658205,85.08000183105469,85.16000366210938,85.16000366210938,89127400,4175.2001953125
2022-04-27,84.25,87.9000015258789,84.0199966430664,84.91000366210938,84.91000366210938,83125100,4183.9599609375
2022-04-28,86.66999816894531,90.58000183105467,84.77999877929688,89.63999938964844,89.63999938964844,91495400,4287.5
2022-04-29,88.05000305175781,91.79000091552734,85.37999725341797,85.5199966430664,85.5199966430664,82647700,4131.93017578125
2022-05-02,85.66000366210938,90.37000274658205,85.31999969482422,89.83999633789062,89.83999633789062,98304100,4155.3798828125
2022-05-03,89.8499984741211,92.20999908447266,89.01000213623047,91.12999725341795,91.12999725341795,126381800,4175.47998046875
2022-05-04,98.18000030517578,99.69000244140624,91.6999969482422,99.41999816894533,99.41999816894533,225394100,4300.169921875
2022-05-05,97.6500015258789,97.83999633789062,92.16999816894533,93.87000274658205,93.87000274658205,153129800,4146.8701171875
2022-05-06,94.33999633789062,98.18000030517578,92.6500015258789,95.33999633789062,95.33999633789062,144286600,4123.33984375
2022-05-09,92.87000274658205,93.73999786376952,85.37999725341797,86.36000061035156,86.36000061035156,144523700,3991.239990234375
2022-05-10,89.18000030517578,90.7699966430664,85.41000366210938,88.7300033569336,88.7300033569336,137235500,4001.050048828125
2022-05-11,87.83999633789062,93.45999908447266,86.52999877929688,87.91999816894531,87.91999816894531,136137900,3935.179931640625
2022-05-12,86.5999984741211,88.55000305175781,83.2699966430664,87.05999755859375,87.05999755859375,129214200,3930.080078125
2022-05-13,88.30000305175781,96.56999969482422,88.22000122070312,95.12000274658205,95.12000274658205,138068100,4023.889892578125
2022-05-16,93.86000061035156,98.16999816894533,93.08000183105467,94.23999786376952,94.23999786376952,131065700,4008.010009765625
2022-05-17,97.87999725341795,103.1999969482422,97.54000091552734,102.47000122070312,102.47000122070312,164227200,4088.85009765625
2022-05-18,100.0,104.22000122070312,95.70999908447266,96.27999877929688,96.27999877929688,142603200,3923.679931640625
2022-05-19,96.69000244140624,100.69000244140624,95.08999633789062,96.66999816894533,96.66999816894533,141506200,3900.7900390625
2022-05-20,98.38999938964844,98.63999938964844,88.26000213623047,93.5,93.5,164126800,3901.360107421875
2022-05-23,91.66000366210938,95.19000244140624,90.91999816894533,95.06999969482422,95.06999969482422,128773000,3973.75
2022-05-24,92.54000091552734,93.41999816894533,89.62000274658203,91.16000366210938,91.16000366210938,123341400,3941.47998046875
2022-05-25,90.43000030517578,93.88999938964844,89.5199966430664,92.6500015258789,92.6500015258789,111771100,3978.72998046875
2022-05-26,91.33999633789062,100.33000183105467,90.73999786376952,98.75,98.75,128792700,4057.840087890625
2022-05-27,100.13999938964844,102.4000015258789,99.37999725341795,102.26000213623048,102.26000213623048,104348400,4158.240234375
2022-05-31,102.43000030517578,104.5500030517578,100.04000091552734,101.86000061035156,101.86000061035156,125102900,4132.14990234375
2022-06-01,102.12999725341795,103.56999969482422,99.5500030517578,101.22000122070312,101.22000122070312,99351400,4101.22998046875
2022-06-02,100.77999877929688,109.5,100.77999877929688,108.58999633789062,108.58999633789062,120953800,4176.81982421875
2022-06-03,105.8000030517578,109.38999938964844,104.6500015258789,106.3000030517578,106.3000030517578,110844700,4108.5400390625
2022-06-06,108.2699966430664,109.56999969482422,104.2300033569336,105.6500015258789,105.6500015258789,96726900,4121.43017578125
2022-06-07,104.23999786376952,106.23999786376952,102.61000061035156,105.27999877929688,105.27999877929688,79022900,4160.68017578125
2022-06-08,104.56999969482422,105.8499984741211,100.41000366210938,101.9000015258789,101.9000015258789,97641900,4115.77001953125
2022-06-09,101.56999969482422,103.94000244140624,98.73999786376952,98.8000030517578,98.8000030517578,95299000,4017.820068359375
2022-06-10,98.81999969482422,99.93000030517578,94.25,94.81999969482422,94.81999969482422,102135400,3900.860107421875
2022-06-13,91.26000213623048,92.02999877929688,86.63999938964844,86.98999786376953,86.98999786376953,98148800,3749.6298828125
2022-06-14,87.41000366210938,88.30000305175781,85.81999969482422,86.98999786376953,86.98999786376953,84066600,3735.47998046875
2022-06-15,87.9000015258789,90.86000061035156,86.19000244140625,89.30000305175781,89.30000305175781,95774800,3789.989990234375
2022-06-16,86.62999725341797,86.7300033569336,80.63999938964844,82.05000305175781,82.05000305175781,102433300,3666.77001953125
2022-06-17,82.19000244140625,82.94000244140625,79.43000030517578,81.56999969482422,81.56999969482422,105212300,3674.840087890625
2022-06-21,84.16999816894531,85.80999755859375,82.5999984741211,83.79000091552734,83.79000091552734,87780600,3764.7900390625
2022-06-22,84.4000015258789,86.37999725341797,83.30000305175781,83.75,83.75,86634700,3759.889892578125
2022-06-23,84.31999969482422,84.41000366210938,80.2300033569336,82.43000030517578,82.43000030517578,100614600,3795.72998046875
2022-06-24,83.55999755859375,87.52999877929688,83.08000183105469,87.08000183105469,87.08000183105469,88553900,3911.739990234375
2022-06-27,87.36000061035156,88.22000122070312,85.25,86.16000366210938,86.16000366210938,74663500,3900.110107421875
2022-06-28,85.70999908447266,86.7300033569336,80.43000030517578,80.77999877929688,80.77999877929688,95618600,3821.550048828125
2022-06-29,79.55000305175781,79.75,76.51000213623047,77.98999786376953,77.98999786376953,104140900,3818.830078125
2022-06-30,77.7300033569336,78.91000366210938,75.4800033569336,76.47000122070312,76.47000122070312,105368600,3785.3798828125
2022-07-01,75.19000244140625,75.44999694824219,72.69000244140625,73.66999816894531,73.66999816894531,87734200,3825.330078125
2022-07-05,71.9800033569336,75.20999908447266,71.5999984741211,75.19999694824219,75.19999694824219,95589000,3831.389892578125
2022-07-06,75.16999816894531,76.27999877929688,73.55000305175781,75.3499984741211,75.3499984741211,85458900,3845.080078125
2022-07-07,77.19000244140625,79.98999786376953,76.9000015258789,79.30000305175781,79.30000305175781,83640900,3902.6201171875
2022-07-08,78.30999755859375,80.47000122070312,77.4000015258789,79.3499984741211,79.3499984741211,83405900,3899.3798828125
2022-07-11,77.8499984741211,78.29000091552734,75.83999633789062,76.94999694824219,76.94999694824219,76150300,3854.429931640625
2022-07-12,76.9800033569336,77.44000244140625,74.43000030517578,76.36000061035156,76.36000061035156,77873200,3818.800048828125
2022-07-13,74.94000244140625,79.11000061035156,74.4800033569336,77.5199966430664,77.5199966430664,79355000,3801.780029296875
2022-07-14,78.2300033569336,79.25,76.0,78.5999984741211,78.5999984741211,83493600,3790.3798828125
2022-07-15,79.36000061035156,81.19999694824219,77.9000015258789,81.11000061035156,81.11000061035156,76050600,3863.159912109375
2022-07-18,82.20999908447266,84.47000122070312,80.94000244140625,81.43000030517578,81.43000030517578,90464300,3830.85009765625
2022-07-19,82.76000213623047,86.41000366210938,82.19000244140625,85.87999725341797,85.87999725341797,85047500,3936.68994140625
2022-07-20,85.38999938964844,89.91999816894531,85.08000183105469,89.43000030517578,89.43000030517578,88348600,3959.89990234375
2022-07-21,89.5999984741211,91.58000183105467,88.22000122070312,91.08999633789062,91.08999633789062,90449300,3998.949951171875
2022-07-22,90.1999969482422,90.69000244140624,87.04000091552734,88.0999984741211,88.0999984741211,76989700,3961.6298828125
2022-07-25,86.56999969482422,87.5999984741211,85.12000274658203,87.54000091552734,87.54000091552734,70083000,3966.840087890625
2022-07-26,87.0,87.75,84.70999908447266,85.25,85.25,69180400,3921.050048828125
2022-07-27,86.94000244140625,90.62000274658205,86.29000091552734,89.81999969482422,89.81999969482422,78301600,4023.610107421875
2022-07-28,90.41999816894533,92.22000122070312,88.58999633789062,91.66999816894533,91.66999816894533,79009200,4072.429931640625
2022-07-29,90.6999969482422,94.80999755859376,90.55999755859376,94.47000122070312,94.47000122070312,76630700,4130.2900390625
2022-08-01,95.58999633789062,98.38999938964844,93.95999908447266,96.77999877929688,96.77999877929688,96477500,4118.6298828125
2022-08-02,95.70999908447266,100.91999816894533,95.36000061035156,99.29000091552734,99.29000091552734,116734100,4091.18994140625
2022-08-03,94.83000183105467,98.7699966430664,93.62000274658205,98.08999633789062,98.08999633789062,131142000,4155.169921875
2022-08-04,97.5,104.58999633789062,97.26000213623048,103.91000366210938,103.91000366210938,125855800,4151.93994140625
2022-08-05,101.0500030517578,103.86000061035156,100.9800033569336,102.30999755859376,102.30999755859376,93859900,4145.18994140625
2022-08-08,100.05999755859376,101.8000030517578,97.98999786376952,100.06999969482422,100.06999969482422,92606800,4140.06005859375
2022-08-09,97.9499969482422,98.0500030517578,93.66999816894533,95.54000091552734,95.54000091552734,89473700,4122.47021484375
2022-08-10,98.4499969482422,99.3499984741211,95.61000061035156,99.0500030517578,99.0500030517578,83416100,4210.240234375
2022-08-11,99.93000030517578,102.37000274658205,98.0,98.12000274658205,98.12000274658205,77516900,4207.27001953125
2022-08-12,99.1999969482422,101.4000015258789,98.4800033569336,100.83000183105467,100.83000183105467,72316300,4280.14990234375
2022-08-15,100.51000213623048,101.8499984741211,99.8000030517578,101.01000213623048,101.01000213623048,61327100,4297.14013671875
2022-08-16,100.83999633789062,101.4499969482422,98.31999969482422,100.1999969482422,100.1999969482422,60220700,4305.2001953125
2022-08-17,99.26000213623048,99.63999938964844,96.7300033569336,98.2699966430664,98.2699966430664,63735600,4274.0400390625
2022-08-18,97.73999786376952,101.06999969482422,96.7300033569336,100.44000244140624,100.44000244140624,76059500,4283.740234375
2022-08-19,98.66999816894533,99.25,94.58999633789062,95.9499969482422,95.9499969482422,67221700,4228.47998046875
2022-08-22,94.4000015258789,95.0199966430664,92.36000061035156,92.83999633789062,92.83999633789062,61837300,4137.990234375
2022-08-23,92.38999938964844,94.44000244140624,92.11000061035156,92.48999786376952,92.48999786376952,52927000,4128.72998046875
2022-08-24,92.20999908447266,93.37999725341795,90.9000015258789,92.7300033569336,92.7300033569336,56520400,4140.77001953125
2022-08-25,93.13999938964844,97.56999969482422,93.13999938964844,97.18000030517578,97.18000030517578,61016200,4199.1201171875
2022-08-26,96.29000091552734,97.5999984741211,91.12000274658205,91.18000030517578,91.18000030517578,65552500,4057.659912109375
2022-08-29,90.05000305175781,91.19000244140624,88.26000213623047,88.48999786376953,88.48999786376953,61142500,4030.610107421875
2022-08-30,90.05999755859375,90.1500015258789,85.33999633789062,86.94000244140625,86.94000244140625,69087100,3986.159912109375
2022-08-31,86.27999877929688,86.72000122070312,83.72000122070312,84.87000274658203,84.87000274658203,64991700,3955.0
2022-09-01,82.3499984741211,82.76000213623047,78.5199966430664,82.33000183105469,82.33000183105469,94854700,3966.85009765625
2022-09-02,83.31999969482422,83.6500015258789,79.80999755859375,80.23999786376953,80.23999786376953,84924400,3924.260009765625
2022-09-06,80.41000366210938,80.88999938964844,78.37000274658203,78.72000122070312,78.72000122070312,68727300,3908.18994140625
2022-09-07,79.23999786376953,80.25,77.73999786376953,79.61000061035156,79.61000061035156,67891200,3979.8701171875
2022-09-08,80.02999877929688,83.44999694824219,79.23999786376953,82.77999877929688,82.77999877929688,89089300,4006.179931640625
2022-09-09,84.02999877929688,85.68000030517578,83.83999633789062,85.44999694824219,85.44999694824219,68907700,4067.360107421875
2022-09-12,84.88999938964844,85.3499984741211,83.45999908447266,84.63999938964844,84.63999938964844,71922500,4110.41015625
2022-09-13,80.95999908447266,81.47000122070312,76.80000305175781,77.02999877929688,77.02999877929688,80921200,3932.68994140625
2022-09-14,77.0999984741211,78.08000183105469,75.87000274658203,77.44999694824219,77.44999694824219,71483000,3946.010009765625
2022-09-15,76.63999938964844,77.97000122070312,74.91000366210938,76.66000366210938,76.66000366210938,81818000,3901.35009765625
2022-09-16,75.62000274658203,76.81999969482422,74.68000030517578,76.51000213623047,76.51000213623047,75300200,3873.330078125
2022-09-19,75.38999938964844,77.33999633789062,75.3499984741211,76.7699966430664,76.7699966430664,64966900,3899.889892578125
2022-09-20,76.08000183105469,76.58000183105469,74.7300033569336,75.25,75.25,51129100,3855.929931640625
2022-09-21,75.44000244140625,78.41000366210938,74.44999694824219,74.4800033569336,74.4800033569336,82069700,3789.929931640625
2022-09-22,73.88999938964844,74.29000091552734,69.16999816894531,69.5,69.5,101436900,3757.989990234375
2022-09-23,68.0,69.08000183105469,66.81999969482422,67.95999908447266,67.95999908447266,87690000,3693.22998046875
2022-09-26,67.87000274658203,68.73999786376953,66.25,66.30000305175781,66.30000305175781,82898700,3655.0400390625
2022-09-27,67.9000015258789,68.77999877929688,66.0,67.16999816894531,67.16999816894531,94871800,3647.2900390625
2022-09-28,67.11000061035156,68.80000305175781,66.55999755859375,68.36000061035156,68.36000061035156,72389500,3719.0400390625
2022-09-29,67.1500015258789,67.19999694824219,62.83000183105469,64.13999938964844,64.13999938964844,102552400,3640.469970703125
2022-09-30,63.619998931884766,65.91000366210938,63.34000015258789,63.36000061035156,63.36000061035156,81664100,3585.6201171875
2022-10-03,64.45999908447266,66.91000366210938,63.38999938964844,66.11000061035156,66.11000061035156,83841600,3678.429931640625
2022-10-04,68.2699966430664,69.18000030517578,67.33000183105469,67.9000015258789,67.9000015258789,77160500,3790.929931640625
2022-10-05,66.58999633789062,68.69000244140625,64.5199966430664,67.94000244140625,67.94000244140625,87127400,3783.280029296875
2022-10-06,67.81999969482422,70.29000091552734,67.66000366210938,67.8499984741211,67.8499984741211,98325900,3744.52001953125
2022-10-07,64.01000213623047,64.02999877929688,58.220001220703125,58.43999862670898,58.43999862670898,163786300,3639.659912109375
2022-10-10,57.310001373291016,58.790000915527344,56.29999923706055,57.810001373291016,57.810001373291016,112241800,3612.389892578125
2022-10-11,57.209999084472656,58.91999816894531,56.04999923706055,57.630001068115234,57.630001068115234,114054800,3588.840087890625
2022-10-12,57.45000076293945,58.31999969482422,56.31999969482422,57.84999847412109,57.84999847412109,89264200,3577.030029296875
2022-10-13,55.52000045776367,60.13999938964844,54.56999969482422,58.93999862670898,58.93999862670898,131159800,3669.909912109375
2022-10-14,59.59999847412109,59.93999862670898,55.84000015258789,55.93999862670898,55.93999862670898,96959300,3583.070068359375
2022-10-17,57.34999847412109,58.5099983215332,57.09999847412109,57.959999084472656,57.959999084472656,76977600,3677.949951171875
2022-10-18,59.90999984741211,60.4900016784668,56.400001525878906,57.91999816894531,57.91999816894531,103064500,3719.97998046875
2022-10-19,57.33000183105469,59.040000915527344,56.56999969482422,57.22999954223633,57.22999954223633,75704800,3695.159912109375
2022-10-20,57.470001220703125,60.20000076293945,57.400001525878906,57.77000045776367,57.77000045776367,79552600,3665.780029296875
2022-10-21,57.220001220703125,58.90999984741211,55.709999084472656,58.81999969482422,58.81999969482422,95366400,3752.75
2022-10-24,58.56999969482422,59.0,56.65999984741211,58.70000076293945,58.70000076293945,76305400,3797.340087890625
2022-10-25,58.77000045776367,61.97999954223633,58.68999862670898,61.470001220703125,61.470001220703125,85501900,3859.110107421875
2022-10-26,59.68999862670898,61.77000045776367,59.150001525878906,59.72999954223633,59.72999954223633,79761600,3830.60009765625
2022-10-27,61.59999847412109,62.720001220703125,58.5099983215332,58.59999847412109,58.59999847412109,83871400,3807.300048828125
2022-10-28,59.09999847412109,62.34999847412109,58.91999816894531,62.0099983215332,62.0099983215332,78198600,3901.06005859375
2022-10-31,60.75,61.86000061035156,59.52999877929688,60.060001373291016,60.060001373291016,73274100,3871.97998046875
2022-11-01,61.4900016784668,61.9900016784668,59.43000030517578,59.65999984741211,59.65999984741211,83806700,3856.10009765625
2022-11-02,63.0,63.93000030517578,58.56999969482422,58.630001068115234,58.630001068115234,142669400,3759.68994140625
2022-11-03,58.11000061035156,62.27999877929688,58.02999877929688,60.11000061035156,60.11000061035156,95279900,3719.889892578125
2022-11-04,62.5,63.0,60.52999877929688,62.18999862670898,62.18999862670898,84791300,3770.550048828125
2022-11-07,62.93000030517578,63.52999877929688,61.400001525878906,63.08000183105469,63.08000183105469,62722500,3806.800048828125
2022-11-08,64.08999633789062,64.95999908447266,62.369998931884766,63.84999847412109,63.84999847412109,75938000,3828.110107421875
2022-11-09,62.27999877929688,63.04999923706055,59.79999923706055,59.91999816894531,59.91999816894531,62940300,3748.570068359375
2022-11-10,64.30000305175781,68.80000305175781,63.619998931884766,68.47000122070312,68.47000122070312,107996300,3956.3701171875
2022-11-11,69.58000183105469,73.31999969482422,68.29000091552734,72.37000274658203,72.37000274658203,111709500,3992.929931640625
2022-11-14,75.22000122070312,75.25,72.66999816894531,73.52999877929688,73.52999877929688,108892800,3957.25
2022-11-15,77.26000213623047,79.16000366210938,75.38999938964844,76.37000274658203,76.37000274658203,108946300,3991.72998046875
2022-11-16,73.66000366210938,74.83000183105469,71.93000030517578,72.69999694824219,72.69999694824219,79968000,3958.7900390625
2022-11-17,70.55999755859375,74.37999725341797,70.16000366210938,73.9000015258789,73.9000015258789,82320800,3946.56005859375
2022-11-18,75.06999969482422,75.3499984741211,72.18000030517578,73.56999969482422,73.56999969482422,73223200,3965.340087890625
2022-11-21,72.20999908447266,72.9800033569336,71.56999969482422,72.45999908447266,72.45999908447266,51536300,3949.93994140625
2022-11-22,72.72000122070312,75.33000183105469,72.11000061035156,75.25,75.25,55450200,4003.580078125
2022-11-23,75.48999786376953,78.22000122070312,75.30000305175781,76.4000015258789,76.4000015258789,81623600,4027.260009765625
2022-11-25,75.66999816894531,76.04000091552734,74.75,75.13999938964844,75.13999938964844,26018900,4026.1201171875
2022-11-28,73.80999755859375,75.47000122070312,72.56999969482422,73.19000244140625,73.19000244140625,45383800,3963.93994140625
2022-11-29,73.62000274658203,74.48999786376953,72.77999877929688,73.38999938964844,73.38999938964844,51846400,3957.6298828125
2022-11-30,73.37999725341797,77.69999694824219,72.80999755859375,77.62999725341797,77.62999725341797,88468400,4080.110107421875
2022-12-01,78.30999755859375,79.2300033569336,76.44000244140625,77.4800033569336,77.4800033569336,59833400,4076.570068359375
2022-12-02,75.05000305175781,76.27999877929688,73.6500015258789,74.9800033569336,74.9800033569336,64377200,4071.699951171875
2022-12-05,74.54000091552734,75.16999816894531,72.81999969482422,73.62000274658203,73.62000274658203,47022200,3998.840087890625
2022-12-06,73.08000183105469,73.38999938964844,69.4000015258789,70.2699966430664,70.2699966430664,64965200,3941.260009765625
2022-12-07,69.52999877929688,71.37000274658203,69.27999877929688,70.13999938964844,70.13999938964844,59180100,3933.919921875
2022-12-08,70.13999938964844,71.22000122070312,69.0,70.47000122070312,70.47000122070312,56734100,3963.510009765625
2022-12-09,69.48999786376953,70.66999816894531,68.5199966430664,68.58999633789062,68.58999633789062,59058300,3934.3798828125
2022-12-12,68.54000091552734,70.66999816894531,67.52999877929688,70.66999816894531,70.66999816894531,60968300,3990.56005859375
2022-12-13,74.87000274658203,75.20999908447266,70.66000366210938,71.6500015258789,71.6500015258789,72458000,4019.64990234375
2022-12-14,70.93000030517578,72.0,68.31999969482422,68.93000030517578,68.93000030517578,67278000,3995.320068359375
2022-12-15,67.5999984741211,68.20999908447266,66.12000274658203,66.52999877929688,66.52999877929688,58557000,3895.75
2022-12-16,66.25,67.19000244140625,64.80000305175781,65.41000366210938,65.41000366210938,62438600,3852.360107421875
2022-12-19,65.12000274658203,65.58999633789062,63.709999084472656,64.58999633789062,64.58999633789062,46246900,3817.659912109375
2022-12-20,63.7599983215332,66.05999755859375,63.52000045776367,65.05000305175781,65.05000305175781,52431300,3821.6201171875
2022-12-21,65.43000030517578,67.8499984741211,65.20999908447266,67.68000030517578,67.68000030517578,44167600,3878.43994140625
2022-12-22,66.08000183105469,66.30999755859375,62.2599983215332,63.86000061035156,63.86000061035156,73917700,3822.389892578125
2022-12-23,63.11000061035156,64.66000366210938,62.720001220703125,64.5199966430664,64.5199966430664,45923000,3844.820068359375
2022-12-27,63.869998931884766,64.27999877929688,62.970001220703125,63.27000045776367,63.27000045776367,36086000,3829.25
2022-12-28,62.540000915527344,63.540000915527344,61.959999084472656,62.56999969482422,62.56999969482422,39526500,3783.219970703125
2022-12-29,63.63999938964844,65.18000030517578,63.060001373291016,64.81999969482422,64.81999969482422,41428500,3849.280029296875
2022-12-30,63.77000045776367,64.81999969482422,63.13999938964844,64.7699966430664,64.7699966430664,37127000,3839.5
2023-01-03,66.0,66.87999725341797,63.59000015258789,64.0199966430664,64.0199966430664,46851800,3824.139892578125
2023-01-04,65.0,65.79000091552734,63.310001373291016,64.66000366210938,64.66000366210938,47477100,3852.969970703125
2023-01-05,64.1500015258789,64.3499984741211,62.29999923706055,62.33000183105469,62.33000183105469,46159500,3808.10009765625
2023-01-06,63.150001525878906,64.30000305175781,60.04999923706055,63.959999084472656,63.959999084472656,70161300,3895.080078125
2023-01-09,66.22000122070312,69.31999969482422,65.66999816894531,67.23999786376953,67.23999786376953,69741300,3892.090087890625
2023-01-10,66.66999816894531,68.1500015258789,66.55999755859375,68.05000305175781,68.05000305175781,41149600,3919.25
2023-01-11,68.38999938964844,69.12999725341797,67.22000122070312,69.05999755859375,69.05999755859375,44470100,3969.610107421875
2023-01-12,70.06999969482422,71.6500015258789,67.18000030517578,70.80000305175781,70.80000305175781,70066200,3983.169921875
2023-01-13,69.83999633789062,71.0999984741211,69.2300033569336,71.0,71.0,45757400,3999.090087890625
2023-01-17,70.87000274658203,72.66000366210938,70.6500015258789,71.58999633789062,71.58999633789062,42621300,3990.969970703125
2023-01-18,71.87000274658203,72.77999877929688,70.5,70.52999877929688,70.52999877929688,39538700,3928.860107421875
2023-01-19,68.97000122070312,69.25,67.2699966430664,67.70999908447266,67.70999908447266,47189900,3898.85009765625
2023-01-20,68.01000213623047,70.12999725341797,67.44999694824219,70.06999969482422,70.06999969482422,47757600,3972.610107421875
2023-01-23,72.22000122070312,76.58999633789062,71.54000091552734,76.52999877929688,76.52999877929688,84293200,4019.81005859375
2023-01-24,73.75,75.63999938964844,73.41999816894531,74.69999694824219,74.69999694824219,60822600,4016.949951171875
2023-01-25,72.9000015258789,75.12000274658203,72.08999633789062,74.91000366210938,74.91000366210938,49932600,4016.219970703125
2023-01-26,76.5,77.08000183105469,74.27999877929688,75.16000366210938,75.16000366210938,49583900,4060.429931640625
2023-01-27,73.69999694824219,76.73999786376953,73.48999786376953,75.4000015258789,75.4000015258789,58118600,4070.56005859375
2023-01-30,74.2300033569336,74.63999938964844,72.4000015258789,72.44999694824219,72.44999694824219,48105200,4017.77001953125
2023-01-31,72.26000213623047,75.19999694824219,72.02999877929688,75.1500015258789,75.1500015258789,71669100,4076.60009765625
2023-02-01,78.47000122070312,85.4800033569336,77.87999725341797,84.63999938964844,84.63999938964844,152548200,4119.2099609375
2023-02-02,84.29000091552734,88.94000244140625,83.19999694824219,88.30999755859375,88.30999755859375,97762100,4179.759765625
2023-02-03,86.66000366210938,88.80000305175781,85.83000183105469,86.08999633789062,86.08999633789062,66557800,4136.47998046875
2023-02-06,84.62999725341797,86.27999877929688,83.22000122070312,83.68000030517578,83.68000030517578,53008900,4111.080078125
2023-02-07,84.31999969482422,86.25,82.5199966430664,85.91000366210938,85.91000366210938,65291900,4164.0
2023-02-08,85.87999725341797,88.0,84.54000091552734,84.69000244140625,84.69000244140625,54140400,4117.85986328125
2023-02-09,85.87999725341797,86.66999816894531,82.76000213623047,83.20999908447266,83.20999908447266,46525400,4081.5
2023-02-10,82.29000091552734,82.70999908447266,80.47000122070312,81.4800033569336,81.4800033569336,49332600,4090.4599609375
2023-02-13,81.56999969482422,84.1500015258789,80.9000015258789,83.12999725341797,83.12999725341797,45400000,4137.2900390625
2023-02-14,82.69999694824219,86.19000244140625,81.7699966430664,85.94999694824219,85.94999694824219,55979700,4136.1298828125
2023-02-15,85.0999984741211,85.88999938964844,83.31999969482422,85.18000030517578,85.18000030517578,46430200,4147.60009765625
2023-02-16,82.9800033569336,83.3499984741211,80.05000305175781,80.08000183105469,80.08000183105469,57755200,4090.409912109375
2023-02-17,79.5999984741211,79.6500015258789,77.37000274658203,78.5,78.5,47826600,4079.090087890625
2023-02-21,77.1500015258789,78.45999908447266,76.44999694824219,76.7699966430664,76.7699966430664,44045600,3997.340087890625
2023-02-22,76.93000030517578,78.12999725341797,75.91999816894531,76.61000061035156,76.61000061035156,50286800,3991.050048828125
2023-02-23,80.62999725341797,81.79000091552734,77.97000122070312,79.75,79.75,76391300,4012.320068359375
2023-02-24,77.75,78.80999755859375,76.94000244140625,78.08999633789062,78.08999633789062,46700000,3970.0400390625
2023-02-27,79.63999938964844,80.12000274658203,78.52999877929688,78.7699966430664,78.7699966430664,45617300,3982.239990234375
2023-02-28,77.87000274658203,80.13999938964844,77.41999816894531,78.58000183105469,78.58000183105469,44220100,3970.14990234375
2023-03-01,78.55000305175781,80.29000091552734,77.87999725341797,78.29000091552734,78.29000091552734,44266000,3951.389892578125
2023-03-02,77.56999969482422,80.91999816894531,76.6500015258789,80.44000244140625,80.44000244140625,60108600,3981.35009765625
2023-03-03,80.4000015258789,81.62999725341797,79.33999633789062,81.5199966430664,81.5199966430664,54536200,4045.639892578125
2023-03-06,82.02999877929688,83.30000305175781,81.04000091552734,81.16000366210938,81.16000366210938,54541300,4048.419921875
2023-03-07,81.06999969482422,84.8499984741211,80.66999816894531,82.11000061035156,82.11000061035156,70959000,3986.3701171875
2023-03-08,82.79000091552734,85.7699966430664,82.27999877929688,85.37000274658203,85.37000274658203,69529800,3992.010009765625
2023-03-09,85.29000091552734,87.80999755859375,83.58999633789062,84.02999877929688,84.02999877929688,79496700,3918.320068359375
2023-03-10,84.47000122070312,85.44999694824219,81.62999725341797,82.66999816894531,82.66999816894531,70273600,3861.590087890625
2023-03-13,81.38999938964844,83.83000183105469,78.5199966430664,82.01000213623047,82.01000213623047,65269100,3855.760009765625
2023-03-14,83.66999816894531,88.30000305175781,83.58999633789062,87.44999694824219,87.44999694824219,66616300,3919.2900390625
2023-03-15,86.7699966430664,90.41999816894533,86.22000122070312,89.68000030517578,89.68000030517578,86177400,3891.929931640625
2023-03-16,89.72000122070312,96.69000244140624,89.0199966430664,96.5999984741211,96.5999984741211,115839200,3960.280029296875
2023-03-17,96.66000366210938,98.75,95.94000244140624,97.83999633789062,97.83999633789062,94080800,3916.639892578125
2023-03-20,96.3000030517578,96.94000244140624,92.9000015258789,96.80999755859376,96.80999755859376,92008900,3951.570068359375
2023-03-21,97.0,99.45999908447266,93.63999938964844,95.93000030517578,95.93000030517578,85285300,4002.8701171875
2023-03-22,95.6500015258789,101.6999969482422,95.63999938964844,97.58000183105467,97.58000183105467,110816300,3936.969970703125
2023-03-23,100.0500030517578,102.43000030517578,98.66999816894533,100.27999877929688,100.27999877929688,84088900,3948.719970703125
2023-03-24,99.18000030517578,99.5199966430664,96.73999786376952,97.9499969482422,97.9499969482422,64712400,3970.989990234375
2023-03-27,98.0199966430664,98.93000030517578,95.43000030517578,96.61000061035156,96.61000061035156,57461400,3977.530029296875
2023-03-28,96.7699966430664,96.94000244140624,92.87000274658205,94.55999755859376,94.55999755859376,59150100,3971.27001953125
2023-03-29,96.06999969482422,96.91000366210938,94.87000274658205,96.08999633789062,96.08999633789062,55326000,4027.81005859375
2023-03-30,98.0,99.52999877929688,97.25,97.87999725341795,97.87999725341795,59678500,4050.830078125
2023-03-31,96.33999633789062,98.36000061035156,95.2699966430664,98.01000213623048,98.01000213623048,55861100,4109.31005859375
2023-04-03,96.6999969482422,96.79000091552734,94.80999755859376,96.55999755859376,96.55999755859376,50655300,4124.509765625
2023-04-04,97.04000091552734,97.2699966430664,95.20999908447266,95.87000274658205,95.87000274658205,43195900,4100.60009765625
2023-04-05,94.3499984741211,94.5,91.36000061035156,92.55999755859376,92.55999755859376,52979300,4090.3798828125
2023-04-06,91.47000122070312,92.91000366210938,90.62000274658205,92.47000122070312,92.47000122070312,47778400,4105.02001953125
2023-04-10,91.31999969482422,95.8000030517578,91.0199966430664,95.4800033569336,95.4800033569336,52536300,4109.10986328125
2023-04-11,96.05999755859376,96.06999969482422,92.69000244140624,94.02999877929688,94.02999877929688,51935800,4108.93994140625
2023-04-12,94.97000122070312,95.0,91.73999786376952,92.33000183105467,92.33000183105467,53383100,4091.949951171875
2023-04-13,92.79000091552734,93.16000366210938,91.83000183105467,92.08999633789062,92.08999633789062,40572500,4146.22021484375
2023-04-14,91.81999969482422,92.97000122070312,90.5,91.75,91.75,38734800,4137.64013671875
2023-04-17,90.2300033569336,90.69000244140624,88.30000305175781,89.87000274658203,89.87000274658203,47250800,4151.31982421875
2023-04-18,91.61000061035156,92.16000366210938,89.33000183105469,89.77999877929688,89.77999877929688,46246300,4154.8701171875
2023-04-19,88.51000213623047,90.54000091552734,88.22000122070312,89.94000244140625,89.94000244140625,37344500,4154.52001953125
2023-04-20,88.83000183105469,91.58000183105467,88.7300033569336,90.11000061035156,90.11000061035156,47082700,4129.7900390625
2023-04-21,89.80000305175781,89.80000305175781,88.05999755859375,88.43000030517578,88.43000030517578,41118300,4133.52001953125
2023-04-24,88.11000061035156,88.63999938964844,86.33999633789062,87.56999969482422,87.56999969482422,40423800,4137.0400390625
2023-04-25,86.9000015258789,87.05999755859375,83.76000213623047,83.80000305175781,83.80000305175781,52771500,4071.6298828125
2023-04-26,86.51000213623047,87.3499984741211,85.31999969482422,85.94000244140625,85.94000244140625,47786600,4055.989990234375
2023-04-27,86.41000366210938,87.56999969482422,84.08999633789062,87.44000244140625,87.44000244140625,53087200,4135.35009765625
2023-04-28,87.0199966430664,89.75,86.44000244140625,89.37000274658203,89.37000274658203,50652100,4169.47998046875
2023-05-01,91.02999877929688,91.04000091552734,88.61000061035156,89.69000244140625,89.69000244140625,59358700,4167.8701171875
2023-05-02,89.31999969482422,90.45999908447266,88.12000274658203,89.91000366210938,89.91000366210938,70483500,4119.580078125
2023-05-03,83.54000091552734,85.4800033569336,81.0199966430664,81.62000274658203,81.62000274658203,109482200,4090.75
2023-05-04,81.56999969482422,91.63999938964844,81.11000061035156,86.61000061035156,86.61000061035156,122840500,4061.219970703125
2023-05-05,84.98999786376953,90.43000030517578,84.72000122070312,89.83999633789062,89.83999633789062,78407400,4136.25
2023-05-08,89.98999786376953,95.66000366210938,89.16999816894531,95.04000091552734,95.04000091552734,95503200,4138.1201171875
2023-05-09,94.88999938964844,96.16000366210938,93.43000030517578,95.05999755859376,95.05999755859376,68674800,4119.169921875
2023-05-10,96.41999816894533,99.94000244140624,96.12000274658205,97.0199966430664,97.0199966430664,95619500,4137.64013671875
2023-05-11,98.16000366210938,99.19000244140624,96.13999938964844,97.0999984741211,97.0999984741211,57061000,4130.6201171875
2023-05-12,96.83000183105467,97.4499969482422,93.68000030517578,95.26000213623048,95.26000213623048,53790400,4124.080078125
2023-05-15,95.1999969482422,97.43000030517578,93.4499969482422,97.4000015258789,97.4000015258789,51749200,4136.27978515625
2023-05-16,97.38999938964844,103.27999877929688,97.30999755859376,101.4800033569336,101.4800033569336,90622900,4109.89990234375
2023-05-17,101.79000091552734,104.13999938964844,100.0500030517578,103.75,103.75,75240900,4158.77001953125
2023-05-18,103.9800033569336,108.0999984741211,103.93000030517578,107.93000030517578,107.93000030517578,74338700,4198.0498046875
2023-05-19,106.36000061035156,107.29000091552734,104.62000274658205,105.81999969482422,105.81999969482422,67830600,4191.97998046875
2023-05-22,104.68000030517578,108.79000091552734,103.48999786376952,108.0,108.0,65424200,4192.6298828125
2023-05-23,107.25,110.98999786376952,107.19000244140624,108.12000274658205,108.12000274658205,73099100,4145.580078125
2023-05-24,105.9800033569336,108.91000366210938,105.63999938964844,108.2699966430664,108.2699966430664,65910500,4115.240234375
2023-05-25,117.30999755859376,120.69000244140624,115.8000030517578,120.3499984741211,120.3499984741211,108514700,4151.27978515625
2023-05-26,122.45999908447266,127.43000030517578,120.88999938964844,127.02999877929688,127.02999877929688,92922800,4205.4501953125
2023-05-30,130.4199981689453,130.7899932861328,123.51000213623048,125.2699966430664,125.2699966430664,98902300,4205.52001953125
2023-05-31,122.41999816894533,123.95999908447266,117.86000061035156,118.20999908447266,118.20999908447266,87552200,4179.830078125
2023-06-01,117.29000091552734,121.27999877929688,116.5999984741211,119.47000122070312,119.47000122070312,66032900,4221.02001953125
2023-06-02,120.75,121.66000366210938,117.68000030517578,117.86000061035156,117.86000061035156,52331100,4282.3701171875
2023-06-05,116.58999633789062,119.31999969482422,116.41999816894533,117.93000030517578,117.93000030517578,52602900,4273.7900390625
2023-06-06,117.91000366210938,124.41999816894533,117.73999786376952,124.2300033569336,124.2300033569336,75257500,4283.85009765625
2023-06-07,124.02999877929688,125.33999633789062,117.06999969482422,117.83000183105467,117.83000183105467,81755200,4267.52001953125
2023-06-08,118.3000030517578,122.20999908447266,117.0500030517578,121.0500030517578,121.0500030517578,65246900,4293.93017578125
2023-06-09,123.56999969482422,127.25,123.5500030517578,124.91999816894533,124.91999816894533,75051600,4298.85986328125
2023-06-12,128.52000427246094,130.47999572753906,126.4000015258789,129.19000244140625,129.19000244140625,85394700,4338.93017578125
2023-06-13,132.32000732421875,132.8300018310547,122.4499969482422,124.52999877929688,124.52999877929688,132461900,4369.009765625
2023-06-14,126.52999877929688,127.7300033569336,123.80999755859376,127.33000183105467,127.33000183105467,95888100,4372.58984375
2023-06-15,125.38999938964844,125.6999969482422,122.26000213623048,124.23999786376952,124.23999786376952,85587100,4425.83984375
2023-06-16,125.81999969482422,125.8499984741211,119.9000015258789,120.08000183105467,120.08000183105467,81846900,4409.58984375
2023-06-20,119.08999633789062,121.75,117.6999969482422,118.93000030517578,118.93000030517578,58851800,4388.7099609375
2023-06-21,118.48999786376952,119.19000244140624,111.66999816894533,112.11000061035156,112.11000061035156,82835600,4365.68994140625
2023-06-22,112.23999786376952,114.0,109.8499984741211,110.6999969482422,110.6999969482422,70754800,4381.89013671875
2023-06-23,109.30999755859376,111.0999984741211,107.45999908447266,110.01000213623048,110.01000213623048,73545600,4348.330078125
2023-06-26,110.9499969482422,112.5500030517578,107.1999969482422,107.51000213623048,107.51000213623048,68557000,4328.81982421875
2023-06-27,108.56999969482422,110.97000122070312,107.08000183105467,110.38999938964844,110.38999938964844,59381600,4378.41015625
2023-06-28,108.20999908447266,111.77999877929688,107.62999725341795,110.16999816894533,110.16999816894533,67534100,4376.85986328125
2023-06-29,112.06999969482422,112.76000213623048,109.83999633789062,111.23999786376952,111.23999786376952,58347200,4396.43994140625
2023-06-30,113.02999877929688,114.69000244140624,112.41000366210938,113.91000366210938,113.91000366210938,53331900,4450.3798828125
2023-07-03,115.16000366210938,116.7300033569336,114.51000213623048,115.81999969482422,115.81999969482422,31860000,4455.58984375
2023-07-05,116.0999984741211,117.66000366210938,113.86000061035156,113.9499969482422,113.9499969482422,49501600,4446.81982421875
2023-07-06,112.06999969482422,113.79000091552734,110.30999755859376,113.4800033569336,113.4800033569336,42342000,4411.58984375
2023-07-07,114.16000366210938,115.33000183105467,113.04000091552734,113.16999816894533,113.16999816894533,37135100,4398.9501953125
2023-07-10,113.0,113.61000061035156,109.87999725341795,113.58000183105467,113.58000183105467,49330200,4409.52978515625
2023-07-11,111.66000366210938,113.2699966430664,109.5,111.31999969482422,111.31999969482422,59899500,4439.259765625
2023-07-12,112.88999938964844,115.4000015258789,112.30999755859376,114.58000183105467,114.58000183105467,57993100,4472.16015625
2023-07-13,115.76000213623048,116.16000366210938,113.58000183105467,115.91999816894533,115.91999816894533,49206700,4510.0400390625
2023-07-14,116.16999816894533,122.12000274658205,115.25,115.94000244140624,115.94000244140624,91847300,4505.419921875
2023-07-17,115.9499969482422,118.83999633789062,112.7300033569336,118.31999969482422,118.31999969482422,68593300,4522.7900390625
2023-07-18,117.5500030517578,118.43000030517578,115.19000244140624,117.93000030517578,117.93000030517578,57980100,4554.97998046875
2023-07-19,121.3000030517578,121.66999816894533,115.5500030517578,116.43000030517578,116.43000030517578,70363100,4565.72021484375
2023-07-20,114.95999908447266,115.0500030517578,109.23999786376952,110.25,110.25,76340400,4534.8701171875
2023-07-21,110.97000122070312,112.3000030517578,109.54000091552734,110.9499969482422,110.9499969482422,76778100,4536.33984375
2023-07-24,110.62000274658205,111.30999755859376,108.5500030517578,110.61000061035156,110.61000061035156,45583600,4554.64013671875
2023-07-25,111.13999938964844,114.0500030517578,111.0,113.0,113.0,44916300,4567.4599609375
2023-07-26,111.91000366210938,112.36000061035156,109.3000030517578,110.08999633789062,110.08999633789062,51721700,4566.75
2023-07-27,111.79000091552734,115.08000183105467,110.51000213623048,111.0999984741211,111.0999984741211,70678000,4537.41015625
2023-07-28,113.37999725341795,114.86000061035156,112.44000244140624,112.95999908447266,112.95999908447266,55526000,4582.22998046875
2023-07-31,114.16000366210938,114.68000030517578,112.3499984741211,114.4000015258789,114.4000015258789,54187300,4588.9599609375
2023-08-01,114.26000213623048,118.19000244140624,113.16000366210938,117.5999984741211,117.5999984741211,95279300,4576.72998046875
2023-08-02,119.48999786376952,119.5,107.37999725341795,109.3499984741211,109.3499984741211,173372000,4513.39013671875
2023-08-03,108.9499969482422,114.95999908447266,108.9499969482422,113.1500015258789,113.1500015258789,90605400,4501.89013671875
2023-08-04,114.4800033569336,118.8499984741211,113.95999908447266,115.81999969482422,115.81999969482422,83083100,4478.02978515625
2023-08-07,116.36000061035156,119.08000183105467,115.48999786376952,116.80999755859376,116.80999755859376,65854800,4518.43994140625
2023-08-08,114.94000244140624,115.45999908447266,111.41000366210938,113.2300033569336,113.2300033569336,54141800,4499.3798828125
2023-08-09,112.88999938964844,113.1500015258789,108.77999877929688,110.47000122070312,110.47000122070312,56257100,4467.7099609375
2023-08-10,111.3000030517578,113.88999938964844,109.47000122070312,110.2300033569336,110.2300033569336,57297800,4468.830078125
2023-08-11,108.8499984741211,109.06999969482422,106.4800033569336,107.56999969482422,107.56999969482422,55618700,4464.0498046875
2023-08-14,106.75,111.98999786376952,105.41999816894533,111.9800033569336,111.9800033569336,57421800,4489.72021484375
2023-08-15,111.98999786376952,113.18000030517578,110.16999816894533,111.3499984741211,111.3499984741211,53816600,4437.85986328125
2023-08-16,110.08999633789062,110.44000244140624,106.9800033569336,107.19000244140624,107.19000244140624,54327300,4404.330078125
2023-08-17,107.62000274658205,107.8499984741211,104.0999984741211,104.44000244140624,104.44000244140624,59064300,4370.35986328125
2023-08-18,102.4000015258789,106.06999969482422,101.68000030517578,105.4499969482422,105.4499969482422,59884300,4369.7099609375
2023-08-21,106.1999969482422,108.54000091552734,105.66999816894533,108.22000122070312,108.22000122070312,49319200,4399.77001953125
2023-08-22,109.4000015258789,109.72000122070312,104.8499984741211,105.66000366210938,105.66000366210938,47335100,4387.5498046875
2023-08-23,105.6500015258789,110.08000183105467,105.0,109.43000030517578,109.43000030517578,54656300,4436.009765625
2023-08-24,111.05999755859376,111.63999938964844,100.87000274658205,101.8000030517578,101.8000030517578,109179100,4376.31005859375
2023-08-25,101.16999816894533,104.12000274658205,99.58000183105467,102.25,102.25,74793100,4405.7099609375
2023-08-28,103.47000122070312,104.06999969482422,100.88999938964844,102.61000061035156,102.61000061035156,55386800,4433.31005859375
2023-08-29,102.11000061035156,106.56999969482422,101.79000091552734,105.91999816894533,105.91999816894533,50850300,4497.6298828125
2023-08-30,105.4000015258789,107.66999816894533,104.5,106.58999633789062,106.58999633789062,54847300,4514.8701171875
2023-08-31,106.19000244140624,108.05999755859376,104.86000061035156,105.72000122070312,105.72000122070312,58919000,4507.66015625
2023-09-01,107.0,110.05999755859376,106.61000061035156,109.4499969482422,109.4499969482422,54808900,4515.77001953125
2023-09-05,109.0,111.81999969482422,106.3000030517578,110.77999877929688,110.77999877929688,66042200,4496.830078125
2023-09-06,110.55999755859376,111.33000183105467,108.22000122070312,109.27999877929688,109.27999877929688,47736700,4465.47998046875
2023-09-07,106.13999938964844,107.69000244140624,105.08999633789062,106.58999633789062,106.58999633789062,49080100,4451.14013671875
2023-09-08,107.0199966430664,109.73999786376952,105.75,106.08999633789062,106.08999633789062,46232000,4457.490234375
2023-09-11,107.31999969482422,107.51000213623048,103.0,105.31999969482422,105.31999969482422,50611300,4487.4599609375
2023-09-12,104.1999969482422,106.73999786376952,103.18000030517578,105.30999755859376,105.30999755859376,44413600,4461.89990234375
2023-09-13,105.0999984741211,108.73999786376952,104.83000183105467,107.70999908447266,107.70999908447266,44702300,4467.43994140625
2023-09-14,108.43000030517578,109.1500015258789,106.22000122070312,106.62999725341795,106.62999725341795,45920600,4505.10009765625
2023-09-15,106.06999969482422,106.76000213623048,101.27999877929688,101.48999786376952,101.48999786376952,71017600,4450.31982421875
2023-09-18,100.81999969482422,102.98999786376952,99.4499969482422,102.37000274658205,102.37000274658205,49061300,4453.52978515625
2023-09-19,101.75,102.86000061035156,100.6999969482422,101.61000061035156,101.61000061035156,41704100,4443.9501953125
2023-09-20,102.36000061035156,103.94000244140624,100.27999877929688,100.33999633789062,100.33999633789062,55180600,4402.2001953125
2023-09-21,98.5999984741211,98.87000274658205,95.83999633789062,96.11000061035156,96.11000061035156,59628600,4330.0
2023-09-22,96.91999816894533,98.41999816894533,95.61000061035156,96.1999969482422,96.1999969482422,52169400,4320.06005859375
2023-09-25,95.9499969482422,97.4499969482422,94.45999908447266,97.37999725341795,97.37999725341795,43223700,4337.43994140625
2023-09-26,96.5,97.83000183105467,95.2699966430664,95.95999908447266,95.95999908447266,42866500,4273.52978515625
2023-09-27,96.81999969482422,99.2300033569336,96.3499984741211,98.06999969482422,98.06999969482422,51261500,4274.509765625
2023-09-28,97.94000244140624,104.1999969482422,97.76000213623048,102.76000213623048,102.76000213623048,72542100,4299.7001953125
2023-09-29,104.69000244140624,104.94000244140624,102.55999755859376,102.81999969482422,102.81999969482422,56027300,4288.0498046875
2023-10-02,102.20999908447266,103.70999908447266,101.6999969482422,103.2699966430664,103.2699966430664,45118600,4288.39013671875
2023-10-03,101.8000030517578,103.29000091552734,99.16999816894533,100.08000183105467,100.08000183105467,48117000,4229.4501953125
2023-10-04,100.6500015258789,104.4000015258789,100.33999633789062,104.06999969482422,104.06999969482422,51023200,4263.75
2023-10-05,103.41000366210938,103.73999786376952,100.2699966430664,102.91000366210938,102.91000366210938,51789700,4258.18994140625
2023-10-06,102.16000366210938,107.87000274658205,102.02999877929688,107.23999786376952,107.23999786376952,64807500,4308.5
2023-10-09,106.01000213623048,107.30999755859376,104.79000091552734,106.97000122070312,106.97000122070312,39593200,4335.66015625
2023-10-10,107.48999786376952,110.12000274658205,106.4000015258789,109.01000213623048,109.01000213623048,57105500,4358.240234375
2023-10-11,109.13999938964844,110.0999984741211,106.93000030517578,108.30999755859376,108.30999755859376,51085600,4376.9501953125
2023-10-12,108.4000015258789,111.30999755859376,107.51000213623048,108.79000091552734,108.79000091552734,60959400,4349.60986328125
2023-10-13,108.6500015258789,108.97000122070312,104.75,105.08999633789062,105.08999633789062,52881500,4327.77978515625
2023-10-16,105.41999816894533,107.4800033569336,105.02999877929688,106.45999908447266,106.45999908447266,42464500,4373.6298828125
2023-10-17,103.54000091552734,106.29000091552734,101.66000366210938,105.13999938964844,105.13999938964844,49642100,4373.2001953125
2023-10-18,103.37999725341795,104.77999877929688,101.73999786376952,102.16999816894533,102.16999816894533,50450000,4314.60009765625
2023-10-19,103.80999755859376,105.5999984741211,101.83999633789062,102.4000015258789,102.4000015258789,52734200,4278.0
2023-10-20,102.27999877929688,104.33999633789062,101.44000244140624,101.80999755859376,101.80999755859376,61285600,4224.16015625
2023-10-23,100.80999755859376,102.41999816894533,99.31999969482422,100.01000213623048,100.01000213623048,50817400,4217.0400390625
2023-10-24,100.97000122070312,101.79000091552734,99.37999725341795,101.66999816894533,101.66999816894533,51982900,4247.68017578125
2023-10-25,100.41999816894533,101.02999877929688,95.2300033569336,96.05999755859376,96.05999755859376,53424500,4186.77001953125
2023-10-26,95.98999786376952,97.5199966430664,93.12000274658205,93.66999816894533,93.66999816894533,49896400,4137.22998046875
2023-10-27,95.8000030517578,97.3499984741211,94.58999633789062,96.43000030517578,96.43000030517578,52458700,4117.3701171875
2023-10-30,96.13999938964844,97.04000091552734,94.6999969482422,96.18000030517578,96.18000030517578,43716600,4166.81982421875
2023-10-31,96.23999786376952,98.81999969482422,94.06999969482422,98.5,98.5,79547100,4193.7998046875
2023-11-01,98.58000183105467,108.1500015258789,98.5,108.04000091552734,108.04000091552734,138641500,4237.85986328125
2023-11-02,107.95999908447266,109.41000366210938,105.91000366210938,107.83000183105467,107.83000183105467,71377000,4317.77978515625
2023-11-03,109.0500030517578,113.38999938964844,107.86000061035156,112.25,112.25,65576600,4358.33984375
2023-11-06,112.5999984741211,113.08000183105467,110.22000122070312,111.75,111.75,49270400,4365.97998046875
2023-11-07,111.86000061035156,114.6500015258789,111.22000122070312,113.4499969482422,113.4499969482422,50550200,4378.3798828125
2023-11-08,113.5500030517578,115.31999969482422,112.87999725341795,113.58999633789062,113.58999633789062,41880600,4382.77978515625
2023-11-09,114.0999984741211,115.80999755859376,113.05999755859376,113.48999786376952,113.48999786376952,61146900,4347.35009765625
2023-11-10,114.3499984741211,119.6999969482422,114.02999877929688,118.58999633789062,118.58999633789062,75135900,4415.240234375
2023-11-13,118.33999633789062,118.68000030517578,116.0,116.79000091552734,116.79000091552734,46741900,4411.5498046875
2023-11-14,119.6999969482422,122.11000061035156,119.22000122070312,119.87999725341795,119.87999725341795,61017400,4495.7001953125
2023-11-15,120.54000091552734,120.58999633789062,116.87000274658205,118.0,118.0,59555600,4502.8798828125
2023-11-16,117.1999969482422,120.7300033569336,116.41000366210938,119.83000183105467,119.83000183105467,49661900,4508.240234375
2023-11-17,119.63999938964844,121.48999786376952,118.81999969482422,120.62000274658205,120.62000274658205,38508900,4514.02001953125
2023-11-20,120.6999969482422,121.93000030517578,120.06999969482422,121.52999877929688,121.52999877929688,43138700,4547.3798828125
2023-11-21,120.54000091552734,120.6500015258789,117.94000244140624,119.16000366210938,119.16000366210938,41064800,4538.18994140625
2023-11-22,120.0,124.76000213623048,119.9499969482422,122.51000213623048,122.51000213623048,56862200,4556.6201171875
2023-11-24,122.02999877929688,123.25,121.54000091552734,122.30999755859376,122.30999755859376,19001000,4559.33984375
2023-11-27,122.06999969482422,123.88999938964844,121.7699966430664,122.6500015258789,122.6500015258789,32743000,4550.43017578125
2023-11-28,121.9800033569336,122.54000091552734,120.79000091552734,122.01000213623048,122.01000213623048,32047100,4554.89013671875
2023-11-29,123.9800033569336,125.7300033569336,123.4800033569336,123.8499984741211,123.8499984741211,37876300,4550.580078125
2023-11-30,123.61000061035156,124.0500030517578,119.6500015258789,121.16000366210938,121.16000366210938,44494200,4567.7998046875
2023-12-01,119.87999725341795,121.4000015258789,118.6500015258789,121.38999938964844,121.38999938964844,37017600,4594.6298828125
2023-12-04,119.75,119.9000015258789,116.37000274658205,118.56999969482422,118.56999969482422,39854400,4569.77978515625
2023-12-05,117.43000030517578,118.48999786376952,116.4499969482422,118.37999725341795,118.37999725341795,39191600,4567.18017578125
2023-12-06,120.69000244140624,122.83000183105467,116.37999725341795,116.81999969482422,116.81999969482422,60599000,4549.33984375
2023-12-07,120.79000091552734,128.67999267578125,119.55999755859376,128.3699951171875,128.3699951171875,118579100,4585.58984375
2023-12-08,129.5399932861328,131.0,126.88999938964844,128.9199981689453,128.9199981689453,89273900,4604.3701171875
2023-12-11,130.55999755859375,135.0399932861328,128.25,134.41000366210938,134.41000366210938,98668300,4622.43994140625
2023-12-12,132.25,139.88999938964844,131.89999389648438,137.61000061035156,137.61000061035156,111677800,4643.7001953125
2023-12-13,137.97000122070312,139.24000549316406,136.02999877929688,138.19000244140625,138.19000244140625,70651600,4707.08984375
2023-12-14,138.88999938964844,141.82000732421875,135.72999572753906,138.0,138.0,76115200,4719.5498046875
2023-12-15,139.52000427246094,140.88999938964844,137.25,139.14999389648438,139.14999389648438,70178600,4719.18994140625
2023-12-18,139.14999389648438,139.7899932861328,137.64999389648438,138.89999389648438,138.89999389648438,45199500,4740.56005859375
2023-12-19,138.57000732421875,143.47000122070312,138.55999755859375,140.14999389648438,140.14999389648438,63739800,4768.3701171875
2023-12-20,139.0,139.5800018310547,135.3699951171875,135.47000122070312,135.47000122070312,54671700,4698.35009765625
2023-12-21,138.13999938964844,139.97999572753906,137.3800048828125,139.91000366210938,139.91000366210938,47179400,4746.75
2023-12-22,140.47999572753906,140.6999969482422,138.30999755859375,139.60000610351562,139.60000610351562,35370400,4754.6298828125
2023-12-26,140.07000732421875,143.85000610351562,139.9199981689453,143.41000366210938,143.41000366210938,47157400,4774.75
2023-12-27,144.72000122070312,146.25,143.17999267578125,146.07000732421875,146.07000732421875,49033400,4781.580078125
2023-12-28,146.8000030517578,150.41000366210938,145.9499969482422,148.75999450683594,148.75999450683594,63800700,4783.35009765625
2023-12-29,149.5,151.0500030517578,147.1999969482422,147.41000366210938,147.41000366210938,62028200,4769.830078125
2024-01-02,144.27999877929688,144.39999389648438,137.42999267578125,138.5800018310547,138.5800018310547,64902000,4742.830078125
2024-01-03,135.7100067138672,137.42999267578125,133.74000549316406,135.32000732421875,135.32000732421875,61988600,4704.81005859375
2024-01-04,134.3000030517578,137.6999969482422,134.0,136.00999450683594,136.00999450683594,58610300,4688.68017578125
2024-01-05,136.77999877929688,141.00999450683594,136.44000244140625,138.5800018310547,138.5800018310547,69595000,4697.240234375
2024-01-08,140.36000061035156,147.14999389648438,140.14999389648438,146.17999267578125,146.17999267578125,71756900,4763.5400390625
2024-01-09,145.9499969482422,149.86000061035156,145.0800018310547,149.25999450683594,149.25999450683594,67875700,4756.5
2024-01-10,150.07000732421875,150.8800048828125,146.64999389648438,148.5399932861328,148.5399932861328,56951200,4783.4501953125
2024-01-11,148.52000427246094,150.3800048828125,143.69000244140625,148.02000427246094,148.02000427246094,62764600,4780.240234375
2024-01-12,148.0399932861328,148.75,145.0,146.55999755859375,146.55999755859375,48250800,4783.830078125
2024-01-16,150.36000061035156,159.72000122070312,149.97999572753906,158.74000549316406,158.74000549316406,112711400,4765.97998046875
2024-01-17,158.4499969482422,160.63999938964844,154.39999389648438,160.1699981689453,160.1699981689453,104085000,4739.2099609375
2024-01-18,166.1999969482422,168.60000610351562,158.22000122070312,162.6699981689453,162.6699981689453,131864900,4780.93994140625
2024-01-19,165.8000030517578,174.25,162.1999969482422,174.22999572753906,174.22999572753906,139825500,4839.81005859375
2024-01-22,174.38999938964844,174.72000122070312,164.14999389648438,168.17999267578125,168.17999267578125,122973800,4850.43017578125
2024-01-23,166.5,169.6300048828125,164.27000427246094,168.4199981689453,168.4199981689453,76830500,4864.60009765625
2024-01-24,172.5500030517578,180.5800018310547,170.55999755859375,178.2899932861328,178.2899932861328,125516400,4868.5498046875
2024-01-25,183.41000366210935,184.9199981689453,177.6300048828125,180.3300018310547,180.3300018310547,127171400,4894.16015625
2024-01-26,175.2899932861328,181.22999572753903,174.14999389648438,177.25,177.25,107381200,4890.97021484375
2024-01-29,178.77000427246094,178.88999938964844,174.39999389648438,177.8300018310547,177.8300018310547,89384500,4927.93017578125
2024-01-30,176.1300048828125,178.47999572753906,169.52000427246094,172.05999755859375,172.05999755859375,122265700,4924.97021484375
2024-01-31,165.74000549316406,171.3000030517578,162.55999755859375,167.69000244140625,167.69000244140625,133157300,4845.64990234375
2024-02-01,169.27000427246094,171.13999938964844,165.86000061035156,170.47999572753906,170.47999572753906,91576700,4906.18994140625
2024-02-02,173.7899932861328,179.0,173.0500030517578,177.66000366210938,177.66000366210938,82078100,4958.60986328125
2024-02-05,179.08999633789062,180.00999450683594,171.11000061035156,174.22999572753906,174.22999572753906,76349200,4942.81005859375
2024-02-06,173.14999389648438,173.8800048828125,165.5,167.8800048828125,167.8800048828125,68854100,4954.22998046875
2024-02-07,169.47000122070312,172.97000122070312,168.1999969482422,170.94000244140625,170.94000244140625,53665400,4995.06005859375
2024-02-08,170.3300018310547,172.1699981689453,168.60000610351562,169.35000610351562,169.35000610351562,43385300,4997.91015625
2024-02-09,171.0,175.10000610351562,168.66000366210938,172.47999572753906,172.47999572753906,56375700,5026.60986328125
2024-02-12,172.67999267578125,177.41000366210938,170.6699981689453,171.91000366210938,171.91000366210938,58177100,5021.83984375
2024-02-13,167.94000244140625,173.1699981689453,164.3000030517578,171.5399932861328,171.5399932861328,63071300,4953.169921875
2024-02-14,173.47000122070312,178.74000549316406,172.8800048828125,178.6999969482422,178.6999969482422,57402500,5000.6201171875
2024-02-15,179.13999938964844,180.5,175.25999450683594,176.75999450683594,176.75999450683594,51126400,5029.72998046875
2024-02-16,177.4499969482422,180.3300018310547,173.25,173.8699951171875,173.8699951171875,53896000,5005.56982421875
2024-02-20,171.13999938964844,171.80999755859375,162.0,165.69000244140625,165.69000244140625,66550000,4975.509765625
2024-02-21,162.74000549316406,164.89999389648438,161.80999755859375,164.2899932861328,164.2899932861328,48774600,4981.7998046875
2024-02-22,173.1999969482422,183.8300018310547,172.0,181.8600006103516,181.8600006103516,100684700,5087.02978515625
2024-02-23,181.8600006103516,183.8000030517578,174.5500030517578,176.52000427246094,176.52000427246094,69207400,5088.7998046875
2024-02-26,178.77999877929688,179.83999633789062,174.80999755859375,176.00999450683594,176.00999450683594,45435100,5069.52978515625
2024-02-27,175.9199981689453,178.4600067138672,172.49000549316406,178.0,178.0,43665200,5078.18017578125
2024-02-28,176.25,176.83999633789062,173.58999633789062,176.5399932861328,176.5399932861328,35914400,5069.759765625
2024-02-29,179.82000732421875,193.0,179.82000732421875,192.52999877929688,192.52999877929688,105538500,5096.27001953125
2024-03-01,197.91000366210935,202.72000122070312,195.4199981689453,202.63999938964844,202.63999938964844,103583000,5137.080078125
2024-03-04,205.16000366210935,211.00999450683597,203.5,205.3600006103516,205.3600006103516,86835300,5130.9501953125
2024-03-05,200.5,205.3300018310547,199.1499938964844,205.1300048828125,205.1300048828125,65407100,5078.64990234375
2024-03-06,210.42999267578125,214.80999755859372,207.32000732421875,210.6300048828125,210.6300048828125,86687000,5104.759765625
2024-03-07,212.5200042724609,213.8300018310547,208.22000122070312,211.3800048828125,211.3800048828125,63869000,5157.35986328125
2024-03-08,213.41000366210935,227.3000030517578,205.6000061035156,207.38999938964844,207.38999938964844,120592600,5123.68994140625
2024-03-11,203.00999450683597,203.5500030517578,196.6999969482422,198.38999938964844,198.38999938964844,73098600,5117.93994140625
2024-03-12,200.5200042724609,202.8500061035156,194.2700042724609,202.75999450683597,202.75999450683597,68951700,5175.27001953125
2024-03-13,198.72999572753903,198.8300018310547,192.6999969482422,194.7899932861328,194.7899932861328,70526900,5165.31005859375
2024-03-14,192.9199981689453,196.92999267578125,184.02999877929688,187.05999755859372,187.05999755859372,84490500,5150.47998046875
2024-03-15,184.8300018310547,193.8000030517578,184.47999572753903,191.05999755859372,191.05999755859372,95225700,5117.08984375
2024-03-18,193.2899932861328,193.5,188.0500030517578,190.6499938964844,190.6499938964844,59306900,5149.419921875
2024-03-19,183.16000366210935,185.6100006103516,177.36000061035156,181.4199981689453,181.4199981689453,83509500,5178.509765625
2024-03-20,182.02999877929688,182.67999267578125,174.0,179.72999572753906,179.72999572753906,81773100,5224.6201171875
2024-03-21,185.97000122070312,187.69000244140625,177.66000366210938,178.67999267578125,178.67999267578125,75265600,5241.52978515625
2024-03-22,177.2100067138672,180.75999450683597,175.0500030517578,179.64999389648438,179.64999389648438,57832100,5234.18017578125
2024-03-25,172.89999389648438,182.8000030517578,172.0,178.6300048828125,178.6300048828125,71935300,5218.18994140625
2024-03-26,179.5399932861328,182.6000061035156,176.3300018310547,177.8699951171875,177.8699951171875,65322400,5203.580078125
2024-03-27,179.9600067138672,181.22999572753903,175.39999389648438,179.58999633789062,179.58999633789062,55685600,5248.490234375
2024-03-28,179.47000122070312,183.3999938964844,178.3000030517578,180.4900054931641,180.4900054931641,57628600,5254.35009765625
2024-04-01,180.10000610351562,187.2400054931641,179.89999389648438,183.33999633789065,183.33999633789065,74299900,5243.77001953125
2024-04-02,179.47000122070312,180.10000610351562,174.8300018310547,178.6999969482422,178.6999969482422,61598800,5205.81005859375
2024-04-03,177.5399932861328,182.0500030517578,176.6999969482422,180.7700042724609,180.7700042724609,49835100,5211.490234375
2024-04-04,182.9199981689453,183.0200042724609,165.64999389648438,165.8300018310547,165.8300018310547,88280000,5147.2099609375
2024-04-05,168.10000610351562,172.69000244140625,165.5800018310547,170.4199981689453,170.4199981689453,66025200,5204.33984375
2024-04-08,168.1999969482422,171.66000366210938,166.82000732421875,169.89999389648438,169.89999389648438,43997500,5202.39013671875
2024-04-09,170.2100067138672,171.60000610351562,167.2899932861328,170.77999877929688,170.77999877929688,42928000,5209.91015625
2024-04-10,166.7100067138672,169.77999877929688,164.0,167.13999938964844,167.13999938964844,59600000,5160.64013671875
2024-04-11,167.5500030517578,170.9499969482422,166.5500030517578,170.5,170.5,48994500,5199.06005859375
2024-04-12,164.52999877929688,165.6999969482422,161.82000732421875,163.27999877929688,163.27999877929688,63334200,5123.41015625
2024-04-15,164.42999267578125,164.44000244140625,158.75999450683594,160.32000732421875,160.32000732421875,61461200,5061.81982421875
2024-04-16,162.27999877929688,164.8800048828125,161.6699981689453,163.4600067138672,163.4600067138672,55302100,5051.41015625
2024-04-17,163.97000122070312,164.4499969482422,153.8800048828125,154.02000427246094,154.02000427246094,75909000,5022.2099609375
2024-04-18,155.50999450683594,156.9600067138672,152.32000732421875,155.0800018310547,155.0800018310547,52669800,5011.1201171875
2024-04-19,151.58999633789062,154.25,145.2899932861328,146.63999938964844,146.63999938964844,71232500,4967.22998046875
2024-04-22,148.14999389648438,149.88999938964844,145.6300048828125,148.63999938964844,148.63999938964844,49397000,5010.60009765625
2024-04-23,151.64999389648438,153.5,150.35000610351562,152.27000427246094,152.27000427246094,46051900,5070.5498046875
2024-04-24,156.55999755859375,157.66000366210938,150.6300048828125,151.74000549316406,151.74000549316406,43412600,5071.6298828125
2024-04-25,149.14999389648438,155.13999938964844,146.75,153.75999450683594,153.75999450683594,41471400,5048.419921875
2024-04-26,154.24000549316406,158.6300048828125,153.42999267578125,157.39999389648438,157.39999389648438,42510700,5099.9599609375
2024-04-29,159.0800018310547,160.77000427246094,156.25999450683594,160.1999969482422,160.1999969482422,43478200,5116.169921875
2024-04-30,160.6300048828125,162.2899932861328,158.35000610351562,158.3800048828125,158.3800048828125,60742800,5035.68994140625
2024-05-01,148.11000061035156,151.3699951171875,142.13999938964844,144.27000427246094,144.27000427246094,89413200,5018.39013671875
2024-05-02,145.50999450683594,147.6199951171875,141.16000366210938,146.16000366210938,146.16000366210938,50034700,5064.2001953125
2024-05-03,148.75,150.7899932861328,147.24000549316406,150.60000610351562,150.60000610351562,49361100,5127.7900390625
2024-05-06,153.10000610351562,156.64999389648438,151.25999450683594,155.77999877929688,155.77999877929688,44624500,5180.740234375
2024-05-07,156.32000732421875,157.6999969482422,153.66000366210938,154.42999267578125,154.42999267578125,37374900,5187.7001953125
2024-05-08,153.39999389648438,155.3300018310547,152.52000427246094,153.6199951171875,153.6199951171875,28728000,5187.669921875
2024-05-09,153.1300048828125,154.08999633789062,150.61000061035156,152.38999938964844,152.38999938964844,33018000,5214.080078125
2024-05-10,154.2899932861328,156.3699951171875,151.30999755859375,151.9199981689453,151.9199981689453,37652800,5222.68017578125
2024-05-13,151.27999877929688,153.3300018310547,150.39999389648438,150.55999755859375,150.55999755859375,27859200,5221.419921875
2024-05-14,150.42999267578125,153.49000549316406,148.77999877929688,153.16000366210938,153.16000366210938,31938300,5246.68017578125
2024-05-15,155.58999633789062,159.69000244140625,154.6999969482422,159.6699981689453,159.6699981689453,43195900,5308.14990234375
2024-05-16,160.9199981689453,168.05999755859375,159.89999389648438,162.6199951171875,162.6199951171875,76726700,5297.10009765625
2024-05-17,168.42999267578125,169.72000122070312,162.32000732421875,164.47000122070312,164.47000122070312,65944400,5303.27001953125
2024-05-20,165.5500030517578,168.49000549316406,164.47000122070312,166.3300018310547,166.3300018310547,45618000,5308.1298828125
2024-05-21,164.0,165.8300018310547,163.10000610351562,164.66000366210938,164.66000366210938,30005500,5321.41015625
2024-05-22,167.41000366210938,169.80999755859375,163.86000061035156,165.52000427246094,165.52000427246094,47426700,5307.009765625
2024-05-23,170.17999267578125,173.13999938964844,158.27000427246094,160.42999267578125,160.42999267578125,91888800,5267.83984375
2024-05-24,161.41000366210938,167.66000366210938,160.25,166.36000061035156,166.36000061035156,54795400,5304.72021484375
2024-05-28,169.4199981689453,174.5500030517578,164.9600067138672,171.61000061035156,171.61000061035156,66495400,5306.0400390625
2024-05-29,167.4600067138672,168.47999572753906,162.91000366210938,165.13999938964844,165.13999938964844,56537500,5266.9501953125
2024-05-30,167.89999389648438,168.75,163.8000030517578,166.75,166.75,46479900,5235.47998046875
2024-05-31,166.64999389648438,169.5,160.07000732421875,166.89999389648438,166.89999389648438,64331900,5277.509765625
2024-06-03,170.82000732421875,171.0800018310547,160.91000366210938,163.5500030517578,163.5500030517578,59157600,5283.39990234375
2024-06-04,162.83999633789062,164.8300018310547,158.8699951171875,159.99000549316406,159.99000549316406,48157200,5291.33984375
2024-06-05,162.07000732421875,167.1199951171875,161.3800048828125,166.1699981689453,166.1699981689453,60507500,5354.02978515625
2024-06-06,165.4600067138672,169.50999450683594,163.86000061035156,166.77999877929688,166.77999877929688,47153700,5352.9599609375
2024-06-07,166.58999633789062,169.4499969482422,165.86000061035156,167.8699951171875,167.8699951171875,44796000,5346.990234375
2024-06-10,162.47999572753906,165.5500030517578,159.61000061035156,160.33999633789062,160.33999633789062,67575600,5360.7900390625
2024-06-11,160.5,161.5399932861328,156.9199981689453,158.9600067138672,158.9600067138672,40497100,5375.31982421875
2024-06-12,160.32000732421875,162.24000549316406,158.6199951171875,160.24000549316406,160.24000549316406,48325800,5421.02978515625
2024-06-13,160.39999389648438,162.66000366210938,157.30999755859375,159.89999389648438,159.89999389648438,44442500,5433.740234375
2024-06-14,158.5,161.33999633789062,157.61000061035156,159.6300048828125,159.6300048828125,34054000,5431.60009765625
2024-06-17,158.0,159.22999572753906,154.13999938964844,158.39999389648438,158.39999389648438,44507700,5473.22998046875
2024-06-18,156.99000549316406,157.24000549316406,153.33999633789062,154.6300048828125,154.6300048828125,51852000,5487.02978515625
2024-06-20,155.82000732421875,166.82000732421875,155.5,161.77999877929688,161.77999877929688,93245700,5473.169921875
2024-06-21,161.75,163.1999969482422,157.88999938964844,161.22999572753906,161.22999572753906,61334700,5464.6201171875
2024-06-24,159.75,163.39999389648438,158.19000244140625,160.25,160.25,45954100,5447.8701171875
2024-06-25,160.72999572753906,161.0,156.4499969482422,160.25,160.25,40975300,5469.2998046875
2024-06-26,160.60000610351562,160.74000549316406,156.0,157.5399932861328,157.5399932861328,36973400,5477.89990234375
2024-06-27,157.17999267578125,160.61000061035156,156.80999755859375,159.47000122070312,159.47000122070312,34018200,5482.8701171875
2024-06-28,160.22999572753906,166.4499969482422,159.41000366210938,162.2100067138672,162.2100067138672,56204600,5460.47998046875
2024-07-01,161.25,161.50999450683594,153.63999938964844,157.69000244140625,157.69000244140625,50436700,5475.08984375
2024-07-02,157.0399932861328,164.5800018310547,156.6999969482422,164.30999755859375,164.30999755859375,57838600,5509.009765625
2024-07-03,164.1999969482422,165.25999450683594,162.50999450683594,163.89999389648438,163.89999389648438,26980900,5537.02001953125
2024-07-05,165.97000122070312,174.0399932861328,165.67999267578125,171.89999389648438,171.89999389648438,61857100,5567.18994140625
2024-07-08,174.89999389648438,178.9499969482422,173.22000122070312,178.69000244140625,178.69000244140625,60223400,5572.85009765625
2024-07-09,177.97000122070312,180.41000366210935,174.6999969482422,177.10000610351562,177.10000610351562,43395600,5576.97998046875
2024-07-10,179.99000549316406,187.27999877929688,177.8000030517578,183.9600067138672,183.9600067138672,90247000,5633.91015625
2024-07-11,184.07000732421875,187.1100006103516,177.25,181.94000244140625,181.94000244140625,59231400,5584.5400390625
2024-07-12,182.0200042724609,186.9900054931641,179.69000244140625,181.6100006103516,181.6100006103516,50827400,5615.35009765625
2024-07-15,184.4499969482422,185.5,178.5399932861328,179.8300018310547,179.8300018310547,42202700,5631.22021484375
2024-07-16,179.69000244140625,179.75,174.52999877929688,177.5500030517578,177.5500030517578,40633100,5667.2001953125
2024-07-17,169.8000030517578,169.8000030517578,159.3699951171875,159.42999267578125,159.42999267578125,76954200,5588.27001953125
2024-07-18,163.41000366210938,163.41000366210938,153.1999969482422,155.77000427246094,155.77000427246094,69420300,5544.58984375
2024-07-19,154.86000061035156,155.80999755859375,150.6199951171875,151.5800018310547,151.5800018310547,47513100,5505.0
2024-07-22,154.22999572753906,156.6999969482422,152.5399932861328,155.8699951171875,155.8699951171875,43912500,5564.41015625
2024-07-23,154.9499969482422,157.0500030517578,153.8000030517578,154.0,154.0,31950600,5555.740234375
2024-07-24,152.72000122070312,153.67999267578125,144.52999877929688,144.6300048828125,144.6300048828125,49203100,5427.1298828125
2024-07-25,144.07000732421875,144.75,136.80999755859375,138.32000732421875,138.32000732421875,60578500,5399.22021484375
2024-07-26,140.32000732421875,141.2899932861328,138.27000427246094,139.99000549316406,139.99000549316406,49435800,5459.10009765625
2024-07-29,141.19000244140625,144.58999633789062,138.75,139.75,139.75,47447200,5463.5400390625
2024-07-30,139.8800048828125,141.6999969482422,134.0500030517578,138.44000244140625,138.44000244140625,68801700,5436.43994140625
2024-07-31,150.72999572753906,153.60000610351562,140.02999877929688,144.47999572753906,144.47999572753906,114306800,5522.2998046875
2024-08-01,145.0,147.2899932861328,130.24000549316406,132.5399932861328,132.5399932861328,94731900,5446.68017578125
2024-08-02,133.5,137.10000610351562,131.3300018310547,132.5,132.5,78562000,5346.56005859375
2024-08-05,122.16000366210938,139.13999938964844,121.83000183105467,134.82000732421875,134.82000732421875,76089400,5186.330078125
2024-08-06,135.14999389648438,136.44000244140625,129.10000610351562,130.17999267578125,130.17999267578125,64455600,5240.02978515625
2024-08-07,133.75,136.24000549316406,128.3699951171875,128.6699981689453,128.6699981689453,54676500,5199.5
2024-08-08,131.97000122070312,136.47999572753906,128.94000244140625,136.32000732421875,136.32000732421875,49037500,5319.31005859375
2024-08-09,134.69000244140625,135.5,132.44000244140625,134.27000427246094,134.27000427246094,40583000,5344.16015625
2024-08-12,134.44000244140625,137.99000549316406,133.22999572753906,136.77000427246094,136.77000427246094,39724300,5344.39013671875
2024-08-13,138.1199951171875,141.19000244140625,137.52000427246094,141.1300048828125,141.1300048828125,42218000,5434.43017578125
2024-08-14,143.0,143.25,137.63999938964844,140.75,140.75,35506400,5455.2099609375
2024-08-15,143.0,147.9600067138672,141.80999755859375,147.36000061035156,147.36000061035156,43582400,5543.22021484375
2024-08-16,145.6999969482422,149.3699951171875,145.1999969482422,148.55999755859375,148.55999755859375,31123900,5554.25
2024-08-19,148.42999267578125,155.3699951171875,147.72000122070312,155.27999877929688,155.27999877929688,60766900,5608.25
2024-08-20,156.49000549316406,162.0399932861328,154.50999450683594,156.39999389648438,156.39999389648438,76851200,5597.1201171875
2024-08-21,156.1199951171875,158.64999389648438,155.07000732421875,157.80999755859375,157.80999755859375,42791200,5620.85009765625
2024-08-22,158.8699951171875,159.83999633789062,151.00999450683594,151.6999969482422,151.6999969482422,45737300,5570.64013671875
2024-08-23,153.60000610351562,156.39999389648438,151.8300018310547,154.97999572753906,154.97999572753906,43694600,5634.60986328125
2024-08-26,154.6999969482422,158.27999877929688,148.91000366210938,149.99000549316406,149.99000549316406,49893300,5616.83984375
2024-08-27,150.1300048828125,151.6999969482422,148.44000244140625,150.5,150.5,35102700,5625.7998046875
2024-08-28,149.39999389648438,150.42999267578125,144.72000122070312,146.36000061035156,146.36000061035156,34075800,5592.18017578125
2024-08-29,146.58999633789062,149.49000549316406,144.47000122070312,145.49000549316406,145.49000549316406,31602100,5591.9599609375
2024-08-30,147.52000427246094,148.99000549316406,145.25,148.55999755859375,148.55999755859375,31169100,5648.39990234375
2024-09-03,146.41000366210938,146.49000549316406,136.10000610351562,136.94000244140625,136.94000244140625,42172700,5528.93017578125
2024-09-04,140.50999450683594,143.3699951171875,138.50999450683594,140.8699951171875,140.8699951171875,42130600,5520.06982421875
2024-09-05,138.1999969482422,141.7100067138672,137.8300018310547,139.44000244140625,139.44000244140625,25023000,5503.41015625
2024-09-06,138.6999969482422,139.1300048828125,132.11000061035156,134.35000610351562,134.35000610351562,39993500,5408.419921875
2024-09-09,136.10000610351562,138.4499969482422,134.86000061035156,138.14999389648438,138.14999389648438,27194500,5471.0498046875
2024-09-10,139.05999755859375,143.0800018310547,137.25,142.83999633789062,142.83999633789062,37217500,5495.52001953125
2024-09-11,145.32000732421875,150.16000366210938,140.7100067138672,149.86000061035156,149.86000061035156,50935400,5554.1298828125
2024-09-12,148.42999267578125,151.5399932861328,147.64999389648438,150.77000427246094,150.77000427246094,29286200,5595.759765625
2024-09-13,152.32000732421875,153.02999877929688,150.6999969482422,152.30999755859375,152.30999755859375,25117200,5626.02001953125
2024-09-16,151.6999969482422,154.44000244140625,150.91000366210938,152.0800018310547,152.0800018310547,27677800,5633.08984375
2024-09-17,153.5500030517578,154.0399932861328,149.22999572753906,150.82000732421875,150.82000732421875,29889000,5634.580078125
2024-09-18,150.89999389648438,152.82000732421875,148.00999450683594,148.2899932861328,148.2899932861328,26320100,5618.259765625
2024-09-19,153.80999755859375,159.25,152.77000427246094,156.74000549316406,156.74000549316406,44500000,5713.64013671875
2024-09-20,156.0,157.4499969482422,152.47000122070312,155.9499969482422,155.9499969482422,40248200,5702.5498046875
2024-09-23,156.4499969482422,157.19000244140625,154.97000122070312,156.75,156.75,21728500,5718.56982421875
2024-09-24,157.4600067138672,159.63999938964844,154.5800018310547,158.32000732421875,158.32000732421875,27531200,5732.93017578125
2024-09-25,158.5,162.9499969482422,158.17999267578125,162.02000427246094,162.02000427246094,35233300,5722.259765625
2024-09-26,167.05999755859375,168.67999267578125,164.0500030517578,167.49000549316406,167.49000549316406,38044900,5745.3701171875
2024-09-27,167.47999572753906,168.72999572753906,163.74000549316406,164.35000610351562,164.35000610351562,27876000,5738.169921875
2024-09-30,163.10000610351562,165.0800018310547,162.17999267578125,164.0800018310547,164.0800018310547,21881600,5762.47998046875
2024-10-01,164.47999572753906,165.39999389648438,158.0800018310547,159.75,159.75,31831900,5708.75
2024-10-02,159.30999755859375,163.10000610351562,158.6699981689453,159.77999877929688,159.77999877929688,24630400,5709.5400390625
2024-10-03,159.7100067138672,166.7899932861328,159.39999389648438,162.85000610351562,162.85000610351562,29598800,5699.93994140625
2024-10-04,166.52999877929688,171.2100067138672,164.4199981689453,170.89999389648438,170.89999389648438,44556500,5751.06982421875
